Date,Open,High,Low,Close,Adj Close,Volume,Dividends,Stock Splits,Capital Gains
2009-01-02,1587.5,1612.25,1587.5,1613.5,1609.510009765625,31458,0.0,0.0,0.0
2009-01-05,1653.0,1653.0,1638.0,1656.75,1652.65283203125,23923,0.0,0.0,0.0
2009-01-06,1670.0,1692.75,1670.0,1657.5,1653.4012451171875,124365,0.0,0.0,0.0
2009-01-07,1630.0,1630.0,1560.0,1560.0,1556.1424560546875,110884,0.0,0.0,0.0
2009-01-08,1533.0,1542.25,1501.25,1518.5,1514.7449951171875,24233,0.0,0.0,0.0
2009-01-09,1504.25,1507.25,1500.0,1490.75,1487.063232421875,61584,0.0,0.0,0.0
2009-01-12,1497.5,1505.25,1480.0,1467.75,1464.120361328125,23729,0.0,0.0,0.0
2009-01-13,1476.75,1506.0,1465.25,1504.0,1500.2803955078125,79758,0.0,0.0,0.0
2009-01-14,1504.0,1504.0,1425.0,1439.75,1436.1890869140625,41459,0.0,0.0,0.0
2009-01-15,1418.25,1429.75,1399.0,1399.0,1395.540771484375,25589,0.0,0.0,0.0
2009-01-16,1444.0,1445.0,1425.0,1422.0,1418.4837646484375,15707,0.0,0.0,0.0
2009-01-19,1472.5,1472.5,1441.25,1441.5,1437.935302734375,67322,0.0,0.0,0.0
2009-01-20,1493.75,1493.75,1456.5,1461.5,1457.885986328125,47047,0.0,0.0,0.0
2009-01-21,1474.75,1480.5,1451.5,1461.25,1457.63623046875,26575,0.0,0.0,0.0
2009-01-22,1461.25,1462.5,1455.0,1444.0,1440.4293212890625,9960,0.0,0.0,0.0
2009-01-23,1432.75,1472.25,1432.75,1462.5,1458.883544921875,14392,0.0,0.0,0.0
2009-01-26,1478.25,1501.0,1468.0,1496.5,1492.7991943359375,57468,0.0,0.0,0.0
2009-01-27,1485.0,1485.0,1470.0,1476.0,1472.3499755859375,68643,0.0,0.0,0.0
2009-01-28,1509.75,1510.25,1498.0,1509.75,1506.0166015625,120446,0.0,0.0,0.0
2009-01-29,1496.75,1497.75,1470.0,1477.75,1474.0955810546875,67147,0.0,0.0,0.0
2009-01-30,1462.25,1462.25,1430.75,1432.0,1428.458984375,24955,0.0,0.0,0.0
2009-02-02,1443.75,1444.75,1425.5,1441.75,1438.184814453125,72621,0.0,0.0,0.0
2009-02-03,1450.0,1450.5,1434.0,1438.5,1434.9429931640625,122475,0.0,0.0,0.0
2009-02-04,1460.0,1482.75,1458.0,1477.5,1473.84619140625,167498,0.0,0.0,0.0
2009-02-05,1467.75,1467.75,1426.0,1462.0,1458.384521484375,104006,0.0,0.0,0.0
2009-02-06,1486.0,1520.0,1486.0,1516.75,1512.9989013671875,140924,0.0,0.0,0.0
2009-02-09,1498.75,1526.75,1498.75,1520.5,1516.7396240234375,50842,0.0,0.0,0.0
2009-02-10,1350.0,1525.5,1350.0,1495.0,1491.3028564453125,275403,0.0,0.0,0.0
2009-02-11,1512.25,1537.0,1508.25,1531.25,1527.4632568359375,80805,0.0,0.0,0.0
2009-02-12,1504.25,1510.0,1487.25,1496.25,1492.5499267578125,18607,0.0,0.0,0.0
2009-02-13,1505.25,1522.5,1503.5,1518.0,1514.24609375,185721,0.0,0.0,0.0
2009-02-16,1515.75,1515.75,1502.0,1502.25,1498.5347900390625,3455,0.0,0.0,0.0
2009-02-17,1472.25,1472.25,1424.0,1427.5,1423.9697265625,89336,0.0,0.0,0.0
2009-02-18,1424.5,1439.25,1409.25,1426.75,1423.2220458984375,137799,0.0,0.0,0.0
2009-02-19,1435.0,1442.0,1430.75,1429.0,1425.466064453125,82553,0.0,0.0,0.0
2009-02-20,1392.0,1392.0,1369.0,1366.75,1363.3699951171875,85409,0.0,0.0,0.0
2009-02-23,1407.25,1407.25,1347.0,1347.25,1343.918701171875,53115,0.0,0.0,0.0
2009-02-24,1347.0,1355.75,1343.0,1355.0,1351.6490478515625,85632,0.0,0.0,0.0
2009-02-25,1365.5,1392.75,1359.5,1384.25,1380.826416015625,115956,0.0,0.0,0.0
2009-02-26,1400.0,1404.0,1390.75,1395.75,1392.298583984375,36166,0.0,0.0,0.0
2009-02-27,1391.0,1394.0,1350.0,1362.5,1359.130615234375,37043,0.0,0.0,0.0
2009-03-02,1325.0,1331.25,1318.5,1316.0,1312.74560546875,65333,0.0,0.0,0.0
2009-03-03,1326.5,1326.5,1304.0,1298.75,1295.5384521484375,69316,0.0,0.0,0.0
2009-03-04,1354.75,1376.5,1354.75,1375.75,1372.34765625,6786,0.0,0.0,0.0
2009-03-05,1356.75,1356.75,1340.25,1336.25,1332.9461669921875,95584,0.0,0.0,0.0
2009-03-06,1354.25,1357.0,1335.25,1344.0,1340.6759033203125,98637,0.0,0.0,0.0
2009-03-09,1341.75,1379.0,1341.25,1376.0,1372.59716796875,27271,0.0,0.0,0.0
2009-03-10,1392.0,1455.75,1392.0,1455.75,1452.150146484375,229740,0.0,0.0,0.0
2009-03-11,1447.75,1475.75,1447.75,1462.0,1458.384521484375,126445,0.0,0.0,0.0
2009-03-12,1442.5,1485.75,1429.0,1482.75,1479.0831298828125,76078,0.0,0.0,0.0
2009-03-13,1490.0,1506.0,1473.75,1473.75,1470.1051025390625,163680,0.0,0.0,0.0
2009-03-16,1504.25,1521.5,1502.75,1513.0,1509.2589111328125,127982,0.0,0.0,0.0
2009-03-17,1495.0,1519.75,1489.25,1514.5,1510.754638671875,227997,0.0,0.0,0.0
2009-03-18,1525.5,1535.0,1510.0,1518.0,1514.24609375,33209,0.0,0.0,0.0
2009-03-19,1524.0,1532.0,1507.0,1509.75,1506.0166015625,79669,0.0,0.0,0.0
2009-03-20,1488.0,1520.0,1488.0,1517.0,1513.2486572265625,931254,0.0,0.0,0.0
2009-03-23,1550.0,1600.25,1525.0,1596.5,1592.5517578125,176632,0.0,0.0,0.0
2009-03-24,1596.0,1596.0,1555.0,1566.0,1562.127197265625,124546,0.0,0.0,0.0
2009-03-25,1595.0,1605.75,1577.25,1603.5,1599.53466796875,46755,0.0,0.0,0.0
2009-03-26,1612.5,1632.5,1612.5,1632.25,1628.2137451171875,72653,0.0,0.0,0.0
2009-03-27,1635.0,1644.75,1613.0,1619.25,1615.2462158203125,906168,0.0,0.0,0.0
2009-03-30,1584.0,1584.0,1539.0,1539.0,1535.1939697265625,802685,0.0,0.0,0.0
2009-03-31,1561.0,1579.5,1559.75,1568.0,1564.122314453125,63447,0.0,0.0,0.0
2009-04-01,1564.25,1594.25,1560.5,1587.0,1583.07568359375,517450,0.0,0.0,0.0
2009-04-02,1618.0,1683.25,1618.0,1680.25,1676.0946044921875,181049,0.0,0.0,0.0
2009-04-03,1660.0,1666.0,1647.0,1649.0,1644.922119140625,342285,0.0,0.0,0.0
2009-04-06,1664.25,1677.5,1638.75,1654.5,1650.4085693359375,129087,0.0,0.0,0.0
2009-04-07,1666.0,1666.25,1629.0,1645.25,1641.1817626953125,123952,0.0,0.0,0.0
2009-04-08,1609.0,1655.0,1605.75,1653.75,1649.6605224609375,133274,0.0,0.0,0.0
2009-04-09,1676.0,1730.0,1676.0,1726.5,1722.2305908203125,75367,0.0,0.0,0.0
2009-04-14,1724.75,1740.0,1712.0,1725.5,1721.23291015625,567374,0.0,0.0,0.0
2009-04-15,1712.0,1712.0,1694.25,1701.75,1697.54150390625,12780,0.0,0.0,0.0
2009-04-16,1720.0,1746.0,1720.0,1725.0,1720.7340087890625,88961,0.0,0.0,0.0
2009-04-17,1728.0,1747.0,1728.0,1736.25,1731.956298828125,49989,0.0,0.0,0.0
2009-04-20,1742.5,1742.5,1689.5,1702.25,1698.0400390625,120305,0.0,0.0,0.0
2009-04-21,1717.0,1719.0,1674.25,1702.5,1698.289794921875,65580,0.0,0.0,0.0
2009-04-22,1702.0,1743.0,1702.0,1743.0,1738.6893310546875,60359,0.0,0.0,0.0
2009-04-23,1740.0,1740.0,1712.5,1712.0,1707.7662353515625,115478,0.0,0.0,0.0
2009-04-24,1747.0,1757.0,1736.75,1759.0,1754.650390625,45394,0.0,0.0,0.0
2009-04-27,1714.75,1730.5,1712.25,1720.75,1716.4947509765625,89211,0.0,0.0,0.0
2009-04-28,1679.0,1700.0,1660.5,1693.5,1689.31201171875,132122,0.0,0.0,0.0
2009-04-29,1710.5,1770.0,1710.5,1764.75,1760.3857421875,152388,0.0,0.0,0.0
2009-04-30,1788.5,1815.0,1788.5,1807.25,1802.780517578125,233825,0.0,0.0,0.0
2009-05-01,1786.25,1798.5,1778.5,1792.25,1787.817626953125,45696,0.0,0.0,0.0
2009-05-05,1858.25,1879.0,1850.75,1860.0,1855.40087890625,437487,0.0,0.0,0.0
2009-05-06,1852.5,1908.0,1852.5,1893.5,1888.8173828125,332762,0.0,0.0,0.0
2009-05-07,1889.0,1938.75,1884.5,1884.5,1879.839599609375,493360,0.0,0.0,0.0
2009-05-08,1903.5,1922.0,1890.75,1906.0,1901.28662109375,172334,0.0,0.0,0.0
2009-05-11,1898.25,1898.25,1874.0,1885.0,1880.3388671875,104891,0.0,0.0,0.0
2009-05-12,1880.0,1894.5,1873.75,1881.0,1876.3482666015625,165092,0.0,0.0,0.0
2009-05-13,1877.0,1878.5,1831.5,1835.25,1830.7115478515625,87422,0.0,0.0,0.0
2009-05-14,1825.75,1839.0,1812.75,1837.25,1832.7066650390625,38495,0.0,0.0,0.0
2009-05-15,1844.0,1849.5,1833.0,1843.75,1839.1903076171875,76764,0.0,0.0,0.0
2009-05-18,1855.0,1902.75,1855.0,1900.0,1895.3013916015625,205311,0.0,0.0,0.0
2009-05-19,1908.5,1927.5,1906.0,1921.75,1916.9976806640625,207379,0.0,0.0,0.0
2009-05-20,1927.0,1945.75,1914.75,1930.75,1925.974853515625,145905,0.0,0.0,0.0
2009-05-21,1891.0,1898.0,1852.25,1849.75,1845.1756591796875,296710,0.0,0.0,0.0
2009-05-22,1862.0,1877.25,1852.0,1876.5,1871.8594970703125,140684,0.0,0.0,0.0
2009-05-26,1847.0,1866.0,1831.25,1866.5,1861.884033203125,216874,0.0,0.0,0.0
2009-05-27,1873.0,1882.0,1870.0,1879.25,1874.6026611328125,116713,0.0,0.0,0.0
2009-05-28,1880.0,1893.0,1870.0,1887.5,1882.832275390625,245486,0.0,0.0,0.0
2009-05-29,1904.25,1915.0,1898.0,1900.75,1896.0498046875,191202,0.0,0.0,0.0
2009-06-01,1934.25,1955.5,1919.75,1951.25,1946.4246826171875,404509,0.0,0.0,0.0
2009-06-02,1919.0,1930.5,1910.0,1918.25,1913.506103515625,190699,0.0,0.0,0.0
2009-06-03,1916.0,1916.0,1865.0,1870.0,1865.3753662109375,48591,0.0,0.0,0.0
2009-06-04,1877.75,1912.0,1874.75,1904.0,1899.2911376953125,110153,0.0,0.0,0.0
2009-06-05,1944.25,1969.75,1928.0,1950.0,1945.1778564453125,42562,0.0,0.0,0.0
2009-06-08,1949.5,1949.5,1899.75,1895.5,1890.81298828125,274832,0.0,0.0,0.0
2009-06-09,1883.0,1896.0,1878.0,1877.75,1873.106689453125,71937,0.0,0.0,0.0
2009-06-10,1913.5,1919.25,1886.0,1891.5,1886.8221435546875,456427,0.0,0.0,0.0
2009-06-11,1896.25,1907.0,1896.0,1900.25,1895.550537109375,43021,0.0,0.0,0.0
2009-06-12,1885.0,1906.75,1885.0,1888.0,1883.3310546875,160013,0.0,0.0,0.0
2009-06-15,1875.75,1875.75,1839.25,1839.25,1834.7017822265625,144785,0.0,0.0,0.0
2009-06-16,1847.0,1847.0,1823.75,1833.0,1828.4664306640625,594500,0.0,0.0,0.0
2009-06-17,1822.5,1822.5,1782.0,1787.25,1782.8304443359375,102063,0.0,0.0,0.0
2009-06-18,1791.5,1795.0,1770.0,1785.0,1780.5858154296875,92953,0.0,0.0,0.0
2009-06-19,1777.0,1777.0,1777.0,1791.5,1787.06982421875,95672,0.0,0.0,0.0
2009-06-22,1794.0,1794.0,1794.0,1736.5,1732.20556640625,33585,0.0,0.0,0.0
2009-06-23,1732.0,1732.0,1732.0,1716.5,1712.2545166015625,34048,0.0,0.0,0.0
2009-06-24,1735.0,1784.25,1735.0,1782.0,1777.593017578125,169250,0.0,0.0,0.0
2009-06-25,1793.0,1800.0,1776.0,1797.75,1793.3040771484375,306767,0.0,0.0,0.0
2009-06-26,1811.75,1822.0,1805.0,1805.0,1800.536376953125,123726,0.0,0.0,0.0
2009-06-29,1810.75,1826.75,1810.75,1822.0,1817.4942626953125,28398,0.0,0.0,0.0
2009-06-30,1809.0,1825.5,1797.5,1800.25,1795.7982177734375,135175,0.0,0.0,0.0
2009-07-01,1842.0,1865.0,1841.75,1857.25,1852.6573486328125,195423,0.0,0.0,0.0
2009-07-02,1849.0,1849.0,1809.25,1809.25,1804.775634765625,106730,0.0,0.0,0.0
2009-07-03,1836.75,1837.5,1828.25,1839.5,1834.9515380859375,11323,0.0,0.0,0.0
2009-07-06,1840.5,1840.5,1803.25,1806.5,1802.0328369140625,591996,0.0,0.0,0.0
2009-07-07,1828.0,1837.5,1810.0,1813.25,1808.7657470703125,245892,0.0,0.0,0.0
2009-07-08,1798.5,1809.0,1785.5,1777.0,1772.6058349609375,35835,0.0,0.0,0.0
2009-07-09,1797.0,1807.0,1779.25,1784.75,1780.3363037109375,114269,0.0,0.0,0.0
2009-07-10,1790.75,1790.75,1770.0,1761.0,1756.6451416015625,64290,0.0,0.0,0.0
2009-07-13,1747.0,1770.0,1747.0,1768.5,1764.1263427734375,98119,0.0,0.0,0.0
2009-07-14,1781.25,1789.5,1777.5,1781.75,1777.34375,138972,0.0,0.0,0.0
2009-07-15,1819.0,1849.5,1815.0,1851.0,1846.4227294921875,81171,0.0,0.0,0.0
2009-07-16,1852.75,1866.5,1846.0,1852.25,1847.6693115234375,289120,0.0,0.0,0.0
2009-07-17,1887.5,1892.0,1884.0,1891.75,1887.0716552734375,149322,0.0,0.0,0.0
2009-07-20,1907.25,1933.25,1907.25,1930.5,1925.725830078125,64336,0.0,0.0,0.0
2009-07-21,1934.0,1959.0,1933.5,1941.5,1936.69873046875,203377,0.0,0.0,0.0
2009-07-22,1943.0,1945.5,1928.0,1943.0,1938.1949462890625,290395,0.0,0.0,0.0
2009-07-23,1945.0,1990.0,1936.5,1984.25,1979.3428955078125,224851,0.0,0.0,0.0
2009-07-24,1964.0,1988.0,1964.0,1977.0,1972.1109619140625,188421,0.0,0.0,0.0
2009-07-27,1991.0,2000.75,1974.0,1992.0,1987.0738525390625,18373,0.0,0.0,0.0
2009-07-28,2000.75,2015.0,1979.0,1979.0,1974.1060791015625,223102,0.0,0.0,0.0
2009-07-29,1990.0,1994.0,1957.25,1962.5,1957.6468505859375,42589,0.0,0.0,0.0
2009-07-30,1976.0,2009.0,1960.0,2007.25,2002.2861328125,53099,0.0,0.0,0.0
2009-07-31,2005.25,2010.75,1997.5,1995.25,1990.3157958984375,334344,0.0,0.0,0.0
2009-08-03,2005.0,2030.0,2005.0,2019.0,2014.00732421875,208408,0.0,0.0,0.0
2009-08-04,1994.0,2022.25,1994.0,2022.25,2017.249267578125,118007,0.0,0.0,0.0
2009-08-05,1992.0,2001.0,1983.75,1980.0,1975.103759765625,136944,0.0,0.0,0.0
2009-08-06,1999.0,2017.0,1988.0,2003.0,1998.047119140625,116823,0.0,0.0,0.0
2009-08-07,2001.0,2036.5,1987.75,2032.5,2027.473876953125,260321,0.0,0.0,0.0
2009-08-10,2032.0,2047.75,2021.0,2044.0,2038.9454345703125,298594,0.0,0.0,0.0
2009-08-11,2049.0,2057.25,1996.0,1999.25,1994.305908203125,79552,0.0,0.0,0.0
2009-08-12,1991.25,2008.75,1978.0,2012.75,2007.772705078125,21702,0.0,0.0,0.0
2009-08-13,2027.75,2041.0,2025.5,2029.75,2024.7303466796875,213482,0.0,0.0,0.0
2009-08-14,2043.0,2053.5,2008.0,2004.5,1999.542724609375,40608,0.0,0.0,0.0
2009-08-17,1990.0,1990.0,1955.75,1962.25,1957.3978271484375,63542,0.0,0.0,0.0
2009-08-18,1977.0,1977.0,1958.0,1963.75,1958.8934326171875,162751,0.0,0.0,0.0
2009-08-19,1957.0,1961.75,1952.25,1959.5,1954.6541748046875,154765,0.0,0.0,0.0
2009-08-20,1990.0,2007.25,1990.0,2002.25,1997.2984619140625,64400,0.0,0.0,0.0
2009-08-21,2004.0,2032.75,2002.75,2031.5,2026.4757080078125,154134,0.0,0.0,0.0
2009-08-24,2060.0,2086.25,2050.0,2077.75,2072.612060546875,36847,0.0,0.0,0.0
2009-08-25,2053.0,2089.5,2053.0,2085.0,2079.84375,143701,0.0,0.0,0.0
2009-08-26,2056.0,2066.0,2049.25,2051.25,2046.1766357421875,28991,0.0,0.0,0.0
2009-08-27,2055.0,2066.5,2032.25,2034.0,2028.9703369140625,389037,0.0,0.0,0.0
2009-08-28,2040.25,2058.0,2040.25,2045.5,2040.4415283203125,64365,0.0,0.0,0.0
2009-09-01,2030.25,2046.25,2015.5,2015.5,2010.515625,43549,0.0,0.0,0.0
2009-09-02,2016.25,2016.25,1994.5,1998.25,1993.308837890625,67332,0.0,0.0,0.0
2009-09-03,2009.0,2014.0,2001.25,2010.0,2005.029296875,290167,0.0,0.0,0.0
2009-09-04,2044.0,2044.5,2030.0,2044.5,2039.4439697265625,39781,0.0,0.0,0.0
2009-09-07,2063.25,2082.0,2059.5,2077.0,2071.864013671875,50429,0.0,0.0,0.0
2009-09-08,2088.5,2089.75,2074.0,2088.0,2082.8369140625,1859761,0.0,0.0,0.0
2009-09-09,2074.75,2109.0,2074.75,2097.75,2092.561279296875,415632,0.0,0.0,0.0
2009-09-10,2109.0,2110.0,2084.75,2090.25,2085.080810546875,277512,0.0,0.0,0.0
2009-09-11,2097.0,2115.75,2095.5,2105.25,2100.0439453125,167795,0.0,0.0,0.0
2009-09-14,2086.5,2100.25,2071.0,2093.5,2088.322021484375,132042,0.0,0.0,0.0
2009-09-15,2103.75,2137.75,2089.75,2135.0,2129.7197265625,83979,0.0,0.0,0.0
2009-09-16,2159.5,2174.75,2157.0,2170.25,2164.884033203125,475315,0.0,0.0,0.0
2009-09-17,2196.5,2196.5,2183.0,2192.0,2186.580322265625,258707,0.0,0.0,0.0
2009-09-18,2195.25,2222.25,2192.25,2215.0,2209.522705078125,517895,0.0,0.0,0.0
2009-09-21,2220.0,2220.0,2190.25,2202.5,2197.052978515625,294736,0.0,0.0,0.0
2009-09-22,2202.75,2216.75,2202.75,2212.25,2206.77880859375,73003,0.0,0.0,0.0
2009-09-23,2218.75,2225.0,2197.75,2197.75,2192.315673828125,55140,0.0,0.0,0.0
2009-09-24,2187.5,2228.0,2187.5,2202.5,2197.052978515625,174156,0.0,0.0,0.0
2009-09-25,2221.25,2225.75,2213.0,2216.0,2210.520263671875,45501,0.0,0.0,0.0
2009-09-28,2210.0,2250.0,2203.75,2247.25,2241.69287109375,319822,0.0,0.0,0.0
2009-09-29,2236.0,2254.25,2228.5,2239.75,2234.21142578125,171463,0.0,0.0,0.0
2009-09-30,2228.0,2251.0,2220.75,2237.0,2231.467529296875,90507,0.0,0.0,0.0
2009-10-01,2241.25,2253.25,2206.25,2203.75,2198.2998046875,266067,0.0,0.0,0.0
2009-10-02,2215.5,2215.5,2177.0,2195.0,2189.57177734375,93374,0.0,0.0,0.0
2009-10-05,2206.5,2232.5,2206.5,2231.75,2226.230712890625,441439,0.0,0.0,0.0
2009-10-06,2252.5,2305.75,2246.75,2304.0,2298.30224609375,401437,0.0,0.0,0.0
2009-10-07,2300.0,2300.25,2273.0,2284.5,2278.8505859375,174566,0.0,0.0,0.0
2009-10-08,2290.0,2299.0,2283.75,2295.0,2289.324951171875,489518,0.0,0.0,0.0
2009-10-09,2298.5,2327.0,2298.5,2326.0,2320.24853515625,170766,0.0,0.0,0.0
2009-10-12,2333.0,2368.0,2328.0,2360.75,2354.912353515625,78046,0.0,0.0,0.0
2009-10-13,2364.0,2364.75,2332.5,2336.0,2330.22265625,211882,0.0,0.0,0.0
2009-10-14,2357.25,2388.5,2357.25,2390.0,2384.08984375,115852,0.0,0.0,0.0
2009-10-15,2371.25,2371.25,2331.0,2345.0,2339.2001953125,226399,0.0,0.0,0.0
2009-10-16,2333.0,2333.0,2296.0,2298.0,2292.31787109375,129744,0.0,0.0,0.0
2009-10-19,2323.0,2344.0,2323.0,2336.25,2330.472412109375,275442,0.0,0.0,0.0
2009-10-20,2353.0,2353.0,2303.0,2306.0,2300.29736328125,860717,0.0,0.0,0.0
2009-10-21,2305.75,2305.75,2264.25,2301.75,2296.057373046875,892047,0.0,0.0,0.0
2009-10-22,2249.25,2274.0,2249.25,2267.75,2262.14208984375,564116,0.0,0.0,0.0
2009-10-23,2295.0,2349.0,2285.0,2314.5,2308.776611328125,214320,0.0,0.0,0.0
2009-10-26,2340.0,2340.0,2301.75,2297.0,2291.320068359375,92338,0.0,0.0,0.0
2009-10-27,2289.0,2296.0,2273.0,2265.5,2259.896484375,423989,0.0,0.0,0.0
2009-10-28,2231.0,2231.0,2169.75,2162.75,2157.40087890625,686400,0.0,0.0,0.0
2009-10-29,2143.0,2198.75,2143.0,2201.25,2195.806396484375,169431,0.0,0.0,0.0
2009-10-30,2209.0,2209.0,2131.25,2136.25,2130.96630859375,200261,0.0,0.0,0.0
2009-11-02,2168.0,2194.0,2161.5,2192.25,2186.82958984375,81670,0.0,0.0,0.0
2009-11-03,2165.0,2165.0,2135.0,2140.25,2134.957763671875,84987,0.0,0.0,0.0
2009-11-04,2188.5,2210.75,2184.25,2201.0,2195.557373046875,307591,0.0,0.0,0.0
2009-11-05,2180.75,2222.0,2171.5,2219.5,2214.01123046875,221665,0.0,0.0,0.0
2009-11-06,2228.5,2236.0,2206.0,2215.75,2210.2705078125,105121,0.0,0.0,0.0
2009-11-09,2228.0,2270.5,2228.0,2271.5,2265.88330078125,244185,0.0,0.0,0.0
2009-11-10,2270.5,2283.25,2260.0,2272.5,2266.88037109375,218501,0.0,0.0,0.0
2009-11-11,2287.25,2319.25,2287.25,2314.25,2308.52685546875,128716,0.0,0.0,0.0
2009-11-12,2295.0,2312.75,2291.0,2290.75,2285.085205078125,744676,0.0,0.0,0.0
2009-11-13,2272.0,2276.25,2265.0,2278.5,2272.865478515625,231497,0.0,0.0,0.0
2009-11-16,2306.5,2337.0,2300.0,2332.0,2326.233154296875,25149,0.0,0.0,0.0
2009-11-17,2295.0,2304.25,2290.5,2292.0,2286.332275390625,39454,0.0,0.0,0.0
2009-11-18,2306.75,2318.75,2305.0,2311.5,2305.783447265625,85703,0.0,0.0,0.0
2009-11-19,2301.75,2302.25,2263.5,2266.0,2260.395751953125,45928,0.0,0.0,0.0
2009-11-20,2292.5,2299.75,2281.0,2286.75,2281.09423828125,259836,0.0,0.0,0.0
2009-11-23,2325.5,2338.25,2320.5,2334.0,2328.2275390625,98819,0.0,0.0,0.0
2009-11-24,2299.5,2323.5,2298.0,2297.25,2291.569580078125,91051,0.0,0.0,0.0
2009-11-25,2306.75,2315.75,2301.0,2308.75,2303.04052734375,418019,0.0,0.0,0.0
2009-11-26,2305.0,2305.0,2265.5,2261.5,2255.907470703125,21206,0.0,0.0,0.0
2009-11-27,2223.5,2272.5,2210.25,2261.25,2255.658447265625,598909,0.0,0.0,0.0
2009-11-30,2281.75,2281.75,2252.25,2266.5,2260.89501953125,225491,0.0,0.0,0.0
2009-12-01,2293.0,2323.0,2293.0,2323.0,2317.25439453125,859333,0.0,0.0,0.0
2009-12-02,2323.75,2334.5,2311.25,2329.75,2323.98779296875,82613,0.0,0.0,0.0
2009-12-03,2338.5,2353.25,2337.5,2343.75,2337.953857421875,136849,0.0,0.0,0.0
2009-12-04,2333.75,2368.5,2320.0,2345.5,2339.69921875,104136,0.0,0.0,0.0
2009-12-07,2343.5,2360.0,2342.75,2352.75,2346.931396484375,120623,0.0,0.0,0.0
2009-12-08,2350.25,2364.75,2326.5,2333.75,2327.978271484375,468964,0.0,0.0,0.0
2009-12-09,2339.0,2344.25,2324.0,2339.5,2333.715087890625,67741,0.0,0.0,0.0
2009-12-10,2335.0,2352.0,2332.0,2347.75,2341.944580078125,355040,0.0,0.0,0.0
2009-12-11,2357.5,2365.0,2344.75,2348.25,2342.4423828125,132711,0.0,0.0,0.0
2009-12-14,2377.0,2377.0,2358.5,2360.25,2354.4130859375,263024,0.0,0.0,0.0
2009-12-15,2366.5,2366.5,2350.0,2364.75,2358.901123046875,50677,0.0,0.0,0.0
2009-12-16,2349.25,2356.75,2345.25,2352.75,2346.931396484375,129526,0.0,0.0,0.0
2009-12-17,2337.75,2347.0,2322.0,2319.75,2314.013671875,213374,0.0,0.0,0.0
2009-12-18,2321.0,2321.0,2306.25,2311.0,2305.284912109375,122488,0.0,0.0,0.0
2009-12-21,2321.0,2334.25,2315.0,2332.25,2326.482666015625,108079,0.0,0.0,0.0
2009-12-22,2338.5,2354.25,2336.75,2344.0,2338.20361328125,371315,0.0,0.0,0.0
2009-12-23,2373.0,2387.75,2367.75,2376.5,2370.622802734375,399447,0.0,0.0,0.0
2009-12-24,2399.0,2400.0,2399.0,2396.0,2390.074951171875,2872,0.0,0.0,0.0
2009-12-29,2397.75,2417.0,2395.0,2420.75,2414.763427734375,221800,0.0,0.0,0.0
2009-12-30,2426.0,2428.0,2408.0,2396.0,2390.074951171875,99603,0.0,0.0,0.0
2009-12-31,2408.5,2424.0,2408.5,2404.75,2398.80322265625,36515,0.0,0.0,0.0
2010-01-04,2421.25,2473.5,2414.25,2470.0,2463.8916015625,89672,0.0,0.0,0.0
2010-01-05,2485.0,2507.25,2485.0,2504.25,2498.057373046875,240174,0.0,0.0,0.0
2010-01-06,2513.5,2526.25,2505.5,2523.0,2516.7607421875,235373,0.0,0.0,0.0
2010-01-07,2513.5,2518.5,2501.0,2512.0,2505.788330078125,136824,0.0,0.0,0.0
2010-01-08,2510.0,2511.5,2487.25,2509.5,2503.29443359375,191748,0.0,0.0,0.0
2010-01-11,2514.75,2518.0,2483.5,2486.0,2479.85205078125,352384,0.0,0.0,0.0
2010-01-12,2498.0,2498.0,2457.5,2459.75,2453.667724609375,31438,0.0,0.0,0.0
2010-01-13,2439.0,2450.0,2430.0,2436.5,2430.4755859375,146560,0.0,0.0,0.0
2010-01-14,2445.5,2455.25,2433.75,2434.75,2428.7294921875,95333,0.0,0.0,0.0
2010-01-15,2444.75,2444.75,2421.0,2423.25,2417.25732421875,34334,0.0,0.0,0.0
2010-01-18,2425.75,2436.75,2419.5,2435.0,2428.978759765625,22254,0.0,0.0,0.0
2010-01-19,2410.25,2441.0,2404.0,2437.75,2431.72021484375,92889,0.0,0.0,0.0
2010-01-20,2422.75,2428.0,2378.5,2381.25,2375.361083984375,408745,0.0,0.0,0.0
2010-01-21,2397.25,2404.0,2360.75,2356.5,2350.671630859375,98010,0.0,0.0,0.0
2010-01-22,2341.75,2343.75,2315.0,2330.75,2324.98583984375,552215,0.0,0.0,0.0
2010-01-25,2328.5,2345.0,2294.5,2293.75,2288.077880859375,198403,0.0,0.0,0.0
2010-01-26,2263.75,2274.0,2256.75,2271.0,2265.384765625,560552,0.0,0.0,0.0
2010-01-27,2252.0,2255.0,2224.0,2230.75,2225.233642578125,119713,0.0,0.0,0.0
2010-01-28,2274.0,2274.0,2229.0,2229.0,2223.48779296875,127186,0.0,0.0,0.0
2010-01-29,2250.0,2293.5,2250.0,2272.75,2267.12939453125,193860,0.0,0.0,0.0
2010-02-01,2276.75,2304.0,2272.75,2304.0,2298.30224609375,51660,0.0,0.0,0.0
2010-02-02,2304.25,2316.25,2300.0,2315.5,2309.7744140625,195827,0.0,0.0,0.0
2010-02-03,2326.25,2345.75,2325.25,2328.75,2322.9921875,126699,0.0,0.0,0.0
2010-02-04,2325.0,2325.0,2267.75,2271.75,2266.1328125,96716,0.0,0.0,0.0
2010-02-05,2253.5,2253.5,2201.75,2210.0,2204.533935546875,331837,0.0,0.0,0.0
2010-02-08,2234.5,2253.0,2224.75,2241.0,2235.4580078125,270454,0.0,0.0,0.0
2010-02-09,2260.75,2274.75,2256.0,2272.0,2266.381591796875,225550,0.0,0.0,0.0
2010-02-10,2277.25,2297.25,2265.25,2279.5,2273.86279296875,131852,0.0,0.0,0.0
2010-02-11,2312.75,2312.75,2288.0,2300.0,2294.3115234375,121551,0.0,0.0,0.0
2010-02-12,2265.75,2300.0,2265.75,2281.25,2275.608642578125,77490,0.0,0.0,0.0
2010-02-15,2309.25,2311.0,2303.5,2303.5,2297.803466796875,45241,0.0,0.0,0.0
2010-02-16,2320.25,2340.5,2318.5,2341.5,2335.70947265625,63552,0.0,0.0,0.0
2010-02-17,2349.75,2359.5,2349.75,2348.25,2342.4423828125,36118,0.0,0.0,0.0
2010-02-18,2355.0,2377.0,2352.25,2372.5,2366.632568359375,140105,0.0,0.0,0.0
2010-02-19,2361.5,2397.5,2361.5,2402.75,2396.80810546875,170665,0.0,0.0,0.0
2010-02-22,2406.5,2406.5,2385.0,2387.25,2381.34619140625,110483,0.0,0.0,0.0
2010-02-23,2398.0,2404.25,2358.5,2362.25,2356.4091796875,93049,0.0,0.0,0.0
2010-02-24,2366.5,2373.0,2352.0,2368.25,2362.3935546875,107398,0.0,0.0,0.0
2010-02-25,2352.25,2367.5,2329.25,2344.5,2338.7021484375,354269,0.0,0.0,0.0
2010-02-26,2380.0,2401.0,2380.0,2399.0,2393.067626953125,47321,0.0,0.0,0.0
2010-03-01,2464.0,2496.0,2446.0,2490.25,2484.091552734375,375269,0.0,0.0,0.0
2010-03-02,2514.25,2534.75,2502.0,2532.25,2525.988037109375,82173,0.0,0.0,0.0
2010-03-03,2516.25,2536.75,2499.25,2529.25,2522.996337890625,107904,0.0,0.0,0.0
2010-03-04,2499.0,2504.5,2491.75,2499.5,2493.3193359375,94090,0.0,0.0,0.0
2010-03-05,2528.75,2552.25,2526.0,2539.25,2532.9697265625,274499,0.0,0.0,0.0
2010-03-08,2556.75,2576.5,2550.0,2565.75,2559.404296875,171843,0.0,0.0,0.0
2010-03-09,2585.0,2595.25,2561.5,2589.5,2583.0966796875,278382,0.0,0.0,0.0
2010-03-10,2602.75,2620.0,2601.0,2620.0,2613.5205078125,70171,0.0,0.0,0.0
2010-03-11,2597.75,2598.0,2580.0,2580.0,2573.62060546875,259019,0.0,0.0,0.0
2010-03-12,2579.25,2586.0,2564.0,2564.0,2557.66015625,350871,0.0,0.0,0.0
2010-03-15,2561.0,2572.0,2554.25,2555.0,2548.680908203125,191814,0.0,0.0,0.0
2010-03-16,2575.0,2575.0,2559.0,2561.0,2554.666748046875,159811,0.0,0.0,0.0
2010-03-17,2581.0,2590.25,2573.75,2579.5,2573.120849609375,106093,0.0,0.0,0.0
2010-03-18,2575.25,2581.25,2561.0,2565.0,2558.65673828125,140637,0.0,0.0,0.0
2010-03-19,2592.5,2593.0,2575.0,2582.25,2575.864501953125,181124,0.0,0.0,0.0
2010-03-22,2580.0,2580.0,2552.5,2571.25,2564.892333984375,149402,0.0,0.0,0.0
2010-03-23,2586.0,2592.0,2573.5,2577.25,2570.875244140625,76189,0.0,0.0,0.0
2010-03-24,2591.0,2603.0,2584.0,2601.0,2594.56787109375,99540,0.0,0.0,0.0
2010-03-25,2585.75,2611.25,2583.5,2609.0,2602.548095703125,73891,0.0,0.0,0.0
2010-03-26,2617.5,2617.5,2585.75,2583.0,2576.611572265625,28624,0.0,0.0,0.0
2010-03-29,2610.0,2623.25,2598.0,2619.0,2612.52294921875,597823,0.0,0.0,0.0
2010-03-30,2621.25,2628.25,2598.0,2598.75,2592.3232421875,307276,0.0,0.0,0.0
2010-03-31,2613.5,2614.75,2588.0,2599.0,2592.57275390625,328025,0.0,0.0,0.0
2010-04-01,2621.5,2648.0,2621.5,2641.0,2634.468505859375,131488,0.0,0.0,0.0
2010-04-06,2680.0,2702.0,2678.0,2699.0,2692.324951171875,186542,0.0,0.0,0.0
2010-04-07,2700.0,2700.5,2680.0,2688.5,2681.85107421875,650186,0.0,0.0,0.0
2010-04-08,2678.25,2681.5,2655.75,2658.75,2652.175537109375,363710,0.0,0.0,0.0
2010-04-09,2674.25,2674.25,2664.0,2670.25,2663.645751953125,231626,0.0,0.0,0.0
2010-04-12,2661.75,2661.75,2647.75,2659.0,2652.425048828125,181404,0.0,0.0,0.0
2010-04-13,2639.0,2639.0,2629.75,2633.5,2626.9873046875,75257,0.0,0.0,0.0
2010-04-14,2660.0,2662.5,2649.25,2659.75,2653.172607421875,300726,0.0,0.0,0.0
2010-04-15,2647.25,2661.0,2647.25,2654.75,2648.185546875,119268,0.0,0.0,0.0
2010-04-16,2640.75,2640.75,2591.5,2591.5,2585.091064453125,141457,0.0,0.0,0.0
2010-04-19,2593.0,2601.25,2583.0,2583.0,2576.611572265625,315316,0.0,0.0,0.0
2010-04-20,2604.5,2617.0,2597.0,2615.5,2609.031982421875,389529,0.0,0.0,0.0
2010-04-21,2632.0,2634.0,2592.0,2591.0,2584.592529296875,89259,0.0,0.0,0.0
2010-04-22,2590.0,2609.25,2570.25,2570.25,2563.89453125,457128,0.0,0.0,0.0
2010-04-23,2597.5,2632.25,2596.5,2614.0,2607.5361328125,693143,0.0,0.0,0.0
2010-04-26,2625.0,2637.0,2624.5,2630.75,2624.24462890625,894049,0.0,0.0,0.0
2010-04-27,2629.0,2632.75,2581.0,2581.0,2574.6181640625,179972,0.0,0.0,0.0
2010-04-28,2589.75,2599.0,2573.0,2578.75,2572.373291015625,285205,0.0,0.0,0.0
2010-04-29,2592.25,2616.25,2590.5,2616.25,2609.77978515625,256635,0.0,0.0,0.0
2010-04-30,2618.75,2630.5,2604.0,2611.5,2605.042724609375,783866,0.0,0.0,0.0
2010-05-04,2589.0,2611.0,2521.0,2524.75,2518.506591796875,82297,0.0,0.0,0.0
2010-05-05,2560.0,2560.0,2459.75,2490.0,2483.842041015625,188724,0.0,0.0,0.0
2010-05-06,2477.25,2500.25,2458.25,2460.5,2454.415283203125,158518,0.0,0.0,0.0
2010-05-07,2460.75,2493.0,2399.0,2435.0,2428.978759765625,459040,0.0,0.0,0.0
2010-05-10,2530.0,2556.75,2512.75,2536.0,2529.728515625,363634,0.0,0.0,0.0
2010-05-11,2538.0,2563.25,2514.75,2532.0,2525.738525390625,192296,0.0,0.0,0.0
2010-05-12,2514.0,2564.75,2507.0,2557.75,2551.42431640625,89768,0.0,0.0,0.0
2010-05-13,2578.75,2600.0,2577.75,2600.0,2593.56982421875,122751,0.0,0.0,0.0
2010-05-14,2597.5,2598.5,2534.5,2538.0,2531.723388671875,169498,0.0,0.0,0.0
2010-05-17,2535.0,2573.5,2534.5,2538.5,2532.22216796875,326074,0.0,0.0,0.0
2010-05-18,2568.25,2580.0,2556.5,2569.5,2563.1455078125,249267,0.0,0.0,0.0
2010-05-19,2534.75,2538.5,2461.0,2469.0,2462.89453125,96068,0.0,0.0,0.0
2010-05-20,2466.75,2469.0,2384.5,2396.25,2390.324951171875,385542,0.0,0.0,0.0
2010-05-21,2382.0,2416.75,2350.0,2412.0,2406.03515625,167740,0.0,0.0,0.0
2010-05-24,2427.0,2456.75,2414.5,2434.25,2428.23046875,88874,0.0,0.0,0.0
2010-05-25,2359.5,2359.5,2326.0,2331.75,2325.984130859375,623044,0.0,0.0,0.0
2010-05-26,2364.5,2418.0,2360.75,2405.25,2399.30126953125,183292,0.0,0.0,0.0
2010-05-27,2412.25,2467.0,2412.25,2454.0,2447.93115234375,774745,0.0,0.0,0.0
2010-05-28,2475.0,2484.5,2459.0,2464.25,2458.15576171875,85326,0.0,0.0,0.0
2010-06-01,2465.25,2465.25,2408.0,2432.25,2426.235107421875,35091,0.0,0.0,0.0
2010-06-02,2401.0,2444.5,2389.5,2440.75,2434.714111328125,145693,0.0,0.0,0.0
2010-06-03,2467.25,2489.25,2467.0,2465.0,2458.903564453125,33340,0.0,0.0,0.0
2010-06-04,2467.75,2482.75,2423.0,2436.25,2430.225830078125,66319,0.0,0.0,0.0
2010-06-07,2413.5,2426.75,2394.25,2404.5,2398.5537109375,16478,0.0,0.0,0.0
2010-06-08,2423.0,2425.0,2397.0,2413.5,2407.5302734375,255182,0.0,0.0,0.0
2010-06-09,2428.75,2439.25,2408.25,2442.0,2435.9609375,170893,0.0,0.0,0.0
2010-06-10,2409.5,2452.0,2408.25,2445.75,2439.7021484375,121136,0.0,0.0,0.0
2010-06-11,2450.0,2480.5,2444.5,2480.0,2473.8681640625,177852,0.0,0.0,0.0
2010-06-14,2485.5,2497.25,2484.0,2494.0,2487.833251953125,29755,0.0,0.0,0.0
2010-06-15,2477.0,2499.75,2471.25,2488.75,2482.59521484375,77777,0.0,0.0,0.0
2010-06-16,2537.0,2537.0,2495.5,2516.0,2509.778564453125,369759,0.0,0.0,0.0
2010-06-17,2527.0,2532.0,2505.0,2510.75,2504.541748046875,111983,0.0,0.0,0.0
2010-06-18,2508.75,2533.0,2508.75,2533.0,2526.735595703125,182071,0.0,0.0,0.0
2010-06-21,2575.25,2597.5,2575.25,2597.25,2590.827880859375,156987,0.0,0.0,0.0
2010-06-22,2584.5,2587.5,2558.75,2562.25,2555.914306640625,122593,0.0,0.0,0.0
2010-06-23,2533.25,2547.25,2500.25,2506.75,2500.55078125,126973,0.0,0.0,0.0
2010-06-24,2510.25,2520.25,2464.0,2466.25,2460.150390625,279662,0.0,0.0,0.0
2010-06-25,2465.5,2491.0,2465.5,2466.75,2460.6494140625,132866,0.0,0.0,0.0
2010-06-28,2478.5,2495.0,2471.75,2471.5,2465.38818359375,57670,0.0,0.0,0.0
2010-06-29,2430.5,2430.5,2384.0,2386.25,2380.348876953125,154979,0.0,0.0,0.0
2010-06-30,2399.75,2414.75,2397.25,2407.0,2401.047607421875,225288,0.0,0.0,0.0
2010-07-01,2410.0,2410.0,2309.0,2315.75,2310.023193359375,453232,0.0,0.0,0.0
2010-07-02,2350.0,2365.5,2336.75,2348.25,2342.4423828125,382814,0.0,0.0,0.0
2010-07-05,2370.0,2370.0,2355.0,2361.25,2355.412109375,451283,0.0,0.0,0.0
2010-07-06,2371.75,2417.0,2371.5,2416.5,2410.52392578125,117132,0.0,0.0,0.0
2010-07-07,2355.0,2418.25,2355.0,2414.75,2408.777587890625,299735,0.0,0.0,0.0
2010-07-08,2431.25,2457.0,2428.5,2440.5,2434.46435546875,124518,0.0,0.0,0.0
2010-07-09,2463.75,2484.0,2457.75,2482.0,2475.86181640625,125968,0.0,0.0,0.0
2010-07-12,2497.25,2500.5,2476.25,2487.0,2480.85009765625,535287,0.0,0.0,0.0
2010-07-13,2488.25,2498.5,2483.0,2493.0,2486.835205078125,213869,0.0,0.0,0.0
2010-07-14,2492.0,2492.0,2461.5,2481.0,2474.8642578125,275552,0.0,0.0,0.0
2010-07-15,2463.0,2465.0,2421.25,2432.5,2426.484619140625,235305,0.0,0.0,0.0
2010-07-16,2429.0,2449.75,2406.0,2413.0,2407.032470703125,306351,0.0,0.0,0.0
2010-07-19,2416.5,2431.5,2412.75,2431.0,2424.98828125,768010,0.0,0.0,0.0
2010-07-20,2439.0,2448.0,2432.0,2451.5,2445.438232421875,32157,0.0,0.0,0.0
2010-07-21,2471.5,2506.0,2365.0,2497.0,2490.82470703125,186471,0.0,0.0,0.0
2010-07-22,2481.75,2530.0,2481.75,2530.0,2523.743896484375,167539,0.0,0.0,0.0
2010-07-23,2523.0,2527.25,2494.75,2506.5,2500.3017578125,568299,0.0,0.0,0.0
2010-07-26,2505.5,2519.25,2495.25,2515.75,2509.52880859375,148658,0.0,0.0,0.0
2010-07-27,2520.0,2528.25,2502.25,2509.5,2503.29443359375,177870,0.0,0.0,0.0
2010-07-28,2506.0,2506.0,2484.0,2491.5,2485.339111328125,134497,0.0,0.0,0.0
2010-07-29,2487.5,2511.0,2487.5,2494.0,2487.833251953125,437205,0.0,0.0,0.0
2010-07-30,2496.5,2499.0,2477.5,2486.25,2480.100830078125,558051,0.0,0.0,0.0
2010-08-02,2522.75,2526.25,2516.0,2524.0,2517.758056640625,61208,0.0,0.0,0.0
2010-08-03,2503.25,2508.0,2496.25,2508.25,2502.047119140625,121829,0.0,0.0,0.0
2010-08-04,2495.25,2513.5,2487.75,2514.25,2508.031982421875,87453,0.0,0.0,0.0
2010-08-05,2518.5,2518.5,2502.0,2511.25,2505.039794921875,163422,0.0,0.0,0.0
2010-08-06,2517.0,2519.75,2469.0,2478.0,2471.87255859375,288857,0.0,0.0,0.0
2010-08-09,2508.0,2519.5,2503.0,2514.75,2508.53076171875,148855,0.0,0.0,0.0
2010-08-10,2498.5,2507.25,2494.25,2497.0,2490.82470703125,56433,0.0,0.0,0.0
2010-08-11,2467.5,2472.75,2449.25,2452.0,2445.9365234375,354494,0.0,0.0,0.0
2010-08-12,2438.0,2461.0,2438.0,2466.0,2459.901611328125,77880,0.0,0.0,0.0
2010-08-13,2478.0,2482.5,2469.0,2471.0,2464.889892578125,125210,0.0,0.0,0.0
2010-08-16,2474.0,2482.5,2468.0,2471.75,2465.637451171875,288728,0.0,0.0,0.0
2010-08-17,2485.25,2529.75,2485.25,2529.75,2523.494873046875,151324,0.0,0.0,0.0
2010-08-18,2510.25,2511.75,2498.25,2511.75,2505.53857421875,1054439,0.0,0.0,0.0
2010-08-19,2531.5,2531.5,2513.0,2490.0,2483.842041015625,479131,0.0,0.0,0.0
2010-08-20,2499.25,2510.0,2494.0,2496.5,2490.326416015625,430895,0.0,0.0,0.0
2010-08-23,2507.5,2514.75,2496.75,2494.25,2488.0830078125,116107,0.0,0.0,0.0
2010-08-24,2497.0,2497.0,2464.0,2476.25,2470.126220703125,83553,0.0,0.0,0.0
2010-08-25,2457.5,2459.0,2407.25,2419.5,2413.51708984375,96434,0.0,0.0,0.0
2010-08-26,2419.5,2439.75,2419.5,2428.25,2422.244873046875,502825,0.0,0.0,0.0
2010-08-27,2427.0,2447.0,2420.0,2448.25,2442.196044921875,40794,0.0,0.0,0.0
2010-08-31,2420.0,2469.25,2420.0,2469.25,2463.1435546875,64971,0.0,0.0,0.0
2010-09-01,2481.75,2524.0,2469.5,2520.5,2514.266845703125,150158,0.0,0.0,0.0
2010-09-02,2513.0,2537.5,2511.75,2526.25,2520.001708984375,124230,0.0,0.0,0.0
2010-09-03,2537.0,2568.25,2529.25,2549.75,2543.44482421875,124291,0.0,0.0,0.0
2010-09-06,2554.0,2576.0,2554.0,2562.5,2556.163818359375,160668,0.0,0.0,0.0
2010-09-07,2553.75,2560.0,2550.0,2553.5,2547.185302734375,144391,0.0,0.0,0.0
2010-09-08,2547.0,2550.0,2528.0,2539.75,2533.468994140625,46639,0.0,0.0,0.0
2010-09-09,2543.25,2576.0,2543.25,2566.0,2559.65380859375,90814,0.0,0.0,0.0
2010-09-10,2563.0,2584.0,2563.0,2578.75,2572.373291015625,183955,0.0,0.0,0.0
2010-09-13,2602.5,2633.0,2602.5,2627.0,2620.50390625,139340,0.0,0.0,0.0
2010-09-14,2639.75,2641.75,2621.5,2630.5,2623.996337890625,367450,0.0,0.0,0.0
2010-09-15,2615.25,2617.25,2595.0,2598.0,2591.575927734375,171922,0.0,0.0,0.0
2010-09-16,2582.75,2598.75,2582.0,2587.75,2581.349853515625,320362,0.0,0.0,0.0
2010-09-17,2606.25,2610.0,2583.75,2590.25,2583.844970703125,272078,0.0,0.0,0.0
2010-09-20,2600.0,2635.25,2599.5,2635.25,2628.732666015625,164992,0.0,0.0,0.0
2010-09-21,2632.0,2644.75,2632.0,2627.5,2621.001953125,144608,0.0,0.0,0.0
2010-09-22,2631.0,2631.25,2613.0,2624.75,2618.2587890625,231236,0.0,0.0,0.0
2010-09-23,2635.25,2639.75,2600.0,2623.0,2616.5146484375,428973,0.0,0.0,0.0
2010-09-24,2620.0,2631.75,2616.0,2622.5,2616.015625,100225,0.0,0.0,0.0
2010-09-27,2623.75,2650.0,2617.5,2622.0,2615.516357421875,586215,0.0,0.0,0.0
2010-09-28,2614.0,2639.25,2604.5,2639.5,2632.972900390625,286808,0.0,0.0,0.0
2010-09-29,2650.75,2669.75,2645.0,2655.75,2649.18212890625,245643,0.0,0.0,0.0
2010-09-30,2647.75,2686.75,2639.75,2670.25,2663.645751953125,1117686,0.0,0.0,0.0
2010-10-01,2687.5,2695.0,2681.0,2688.0,2681.351806640625,329270,0.0,0.0,0.0
2010-10-04,2703.5,2704.0,2682.75,2682.75,2676.115234375,800675,0.0,0.0,0.0
2010-10-05,2687.5,2712.5,2687.5,2711.5,2704.794677734375,124771,0.0,0.0,0.0
2010-10-06,2723.5,2742.5,2723.5,2739.0,2732.2265625,573188,0.0,0.0,0.0
2010-10-07,2728.5,2734.75,2703.25,2708.75,2702.052001953125,287325,0.0,0.0,0.0
2010-10-08,2711.5,2714.5,2689.5,2714.5,2707.787353515625,142751,0.0,0.0,0.0
2010-10-11,2734.75,2734.75,2723.5,2734.5,2727.738037109375,76821,0.0,0.0,0.0
2010-10-12,2695.75,2735.5,2695.75,2731.75,2724.994384765625,145715,0.0,0.0,0.0
2010-10-13,2744.25,2786.0,2744.25,2786.0,2779.10986328125,266073,0.0,0.0,0.0
2010-10-14,2777.5,2777.5,2757.75,2760.75,2753.92333984375,252185,0.0,0.0,0.0
2010-10-15,2762.25,2762.5,2732.25,2743.75,2736.96533203125,177830,0.0,0.0,0.0
2010-10-18,2735.75,2759.25,2733.25,2754.5,2747.687744140625,96098,0.0,0.0,0.0
2010-10-19,2808.25,2808.25,2734.75,2738.0,2731.228759765625,223616,0.0,0.0,0.0
2010-10-20,2737.75,2748.75,2730.0,2743.75,2736.96533203125,188529,0.0,0.0,0.0
2010-10-21,2768.25,2779.25,2759.5,2767.25,2760.405517578125,175803,0.0,0.0,0.0
2010-10-22,2756.0,2776.75,2756.0,2767.0,2760.15673828125,61763,0.0,0.0,0.0
2010-10-25,2791.5,2810.25,2791.0,2791.25,2784.347900390625,96046,0.0,0.0,0.0
2010-10-26,2776.0,2784.0,2750.0,2753.75,2746.9404296875,216892,0.0,0.0,0.0
2010-10-27,2742.25,2742.25,2714.5,2714.75,2708.036376953125,758709,0.0,0.0,0.0
2010-10-28,2737.5,2745.5,2715.0,2716.75,2710.031982421875,140640,0.0,0.0,0.0
2010-10-29,2711.5,2722.0,2701.5,2709.0,2702.3017578125,87801,0.0,0.0,0.0
2010-11-01,2741.25,2753.5,2732.0,2740.5,2733.722412109375,191586,0.0,0.0,0.0
2010-11-02,2740.5,2775.0,2740.5,2770.75,2763.898681640625,285845,0.0,0.0,0.0
2010-11-03,2779.75,2780.0,2759.25,2762.0,2755.16943359375,231948,0.0,0.0,0.0
2010-11-04,2788.25,2814.0,2788.25,2806.25,2799.309814453125,1573603,0.0,0.0,0.0
2010-11-05,2818.0,2821.0,2797.0,2812.25,2805.295166015625,514613,0.0,0.0,0.0
2010-11-08,2815.0,2823.0,2810.0,2813.5,2806.542236328125,76693,0.0,0.0,0.0
2010-11-09,2820.25,2841.25,2815.0,2845.5,2838.462646484375,1049618,0.0,0.0,0.0
2010-11-10,2842.0,2842.0,2798.75,2800.25,2793.325439453125,554008,0.0,0.0,0.0
2010-11-11,2802.0,2808.0,2776.75,2780.0,2773.125,191081,0.0,0.0,0.0
2010-11-12,2742.5,2763.5,2731.25,2735.75,2728.98486328125,241323,0.0,0.0,0.0
2010-11-15,2730.0,2747.5,2719.0,2747.5,2740.705322265625,190920,0.0,0.0,0.0
2010-11-16,2719.5,2727.75,2703.75,2704.25,2697.562255859375,714931,0.0,0.0,0.0
2010-11-17,2700.5,2714.25,2694.0,2705.0,2698.310302734375,787213,0.0,0.0,0.0
2010-11-18,2741.5,2757.0,2737.0,2755.75,2748.934326171875,730402,0.0,0.0,0.0
2010-11-19,2719.25,2750.0,2719.25,2750.0,2743.19921875,808995,0.0,0.0,0.0
2010-11-22,2779.25,2779.25,2732.75,2740.0,2733.22412109375,87749,0.0,0.0,0.0
2010-11-23,2720.0,2720.0,2678.75,2679.75,2673.123291015625,1189541,0.0,0.0,0.0
2010-11-24,2683.5,2734.25,2683.5,2731.0,2724.246337890625,1311203,0.0,0.0,0.0
2010-11-25,2742.25,2752.0,2732.5,2748.0,2741.204345703125,210322,0.0,0.0,0.0
2010-11-26,2718.25,2726.75,2695.0,2718.0,2711.2783203125,143645,0.0,0.0,0.0
2010-11-29,2739.75,2753.0,2707.0,2712.75,2706.041259765625,159523,0.0,0.0,0.0
2010-11-30,2744.25,2744.25,2712.75,2712.0,2705.292724609375,105486,0.0,0.0,0.0
2010-12-01,2747.25,2793.25,2747.25,2781.0,2774.1220703125,548094,0.0,0.0,0.0
2010-12-02,2801.0,2847.75,2799.25,2841.0,2833.97509765625,175291,0.0,0.0,0.0
2010-12-03,2822.25,2834.0,2802.5,2823.25,2816.268310546875,284013,0.0,0.0,0.0
2010-12-06,2818.25,2849.0,2814.0,2825.75,2818.76171875,264045,0.0,0.0,0.0
2010-12-07,2834.75,2848.5,2820.25,2823.25,2816.268310546875,278502,0.0,0.0,0.0
2010-12-08,2809.0,2810.0,2783.0,2779.5,2772.6259765625,44582,0.0,0.0,0.0
2010-12-09,2805.5,2808.0,2787.5,2789.0,2782.10205078125,134620,0.0,0.0,0.0
2010-12-10,2787.5,2787.5,2773.0,2775.0,2768.137939453125,168644,0.0,0.0,0.0
2010-12-13,2791.5,2810.0,2791.5,2795.0,2788.08837890625,245636,0.0,0.0,0.0
2010-12-14,2800.0,2824.5,2793.25,2823.0,2816.018798828125,464330,0.0,0.0,0.0
2010-12-15,2798.75,2831.0,2798.75,2824.25,2817.265625,165003,0.0,0.0,0.0
2010-12-16,2806.0,2806.0,2806.0,2806.0,2799.060302734375,101084,0.0,0.0,0.0
2010-12-17,2808.75,2831.75,2808.75,2826.75,2819.760009765625,338469,0.0,0.0,0.0
2010-12-20,2820.75,2830.25,2810.25,2826.0,2819.01123046875,229930,0.0,0.0,0.0
2010-12-21,2860.0,2871.75,2827.5,2870.25,2863.15185546875,706387,0.0,0.0,0.0
2010-12-22,2853.0,2891.0,2852.5,2888.25,2881.107666015625,220631,0.0,0.0,0.0
2010-12-23,2889.0,2893.25,2883.25,2888.25,2881.107666015625,100895,0.0,0.0,0.0
2010-12-24,2888.5,2901.5,2855.0,2873.75,2866.64306640625,166340,0.0,0.0,0.0
2010-12-29,2910.0,2921.25,2909.5,2921.25,2914.026611328125,205745,0.0,0.0,0.0
2010-12-30,2913.75,2950.0,2913.75,2948.25,2940.95849609375,243026,0.0,0.0,0.0
2010-12-31,2991.5,2991.5,2920.5,2930.25,2923.00341796875,53899,0.0,0.0,0.0
2011-01-04,2977.5,2977.5,2943.0,2948.75,2941.457763671875,569222,0.0,0.0,0.0
2011-01-05,2947.75,2982.0,2930.0,2982.0,2974.62548828125,1618601,0.0,0.0,0.0
2011-01-06,2961.5,2977.0,2943.25,2943.25,2935.970947265625,228460,0.0,0.0,0.0
2011-01-07,2936.0,2947.5,2906.5,2906.5,2899.3115234375,342312,0.0,0.0,0.0
2011-01-10,2900.0,2900.0,2861.5,2861.5,2854.423095703125,380132,0.0,0.0,0.0
2011-01-11,2906.75,2907.75,2893.25,2893.25,2886.095947265625,754208,0.0,0.0,0.0
2011-01-12,2926.5,2941.25,2926.5,2938.0,2930.73388671875,116560,0.0,0.0,0.0
2011-01-13,2925.0,2926.5,2896.25,2900.0,2892.828125,58125,0.0,0.0,0.0
2011-01-14,2911.75,2913.0,2875.25,2891.5,2884.349365234375,384271,0.0,0.0,0.0
2011-01-17,2880.25,2880.25,2866.0,2871.5,2864.399169921875,60170,0.0,0.0,0.0
2011-01-18,2880.0,2880.0,2864.0,2869.25,2862.153564453125,156316,0.0,0.0,0.0
2011-01-19,2883.0,2887.0,2859.0,2864.75,2857.66650390625,168873,0.0,0.0,0.0
2011-01-20,2852.25,2852.25,2801.5,2801.5,2794.57177734375,265243,0.0,0.0,0.0
2011-01-21,2803.5,2803.5,2803.5,2803.5,2796.567626953125,290778,0.0,0.0,0.0
2011-01-24,2810.25,2810.25,2793.0,2808.5,2801.55517578125,175628,0.0,0.0,0.0
2011-01-25,2817.25,2837.75,2817.25,2815.25,2808.2890625,325448,0.0,0.0,0.0
2011-01-26,2851.0,2851.5,2830.0,2827.0,2820.009521484375,194641,0.0,0.0,0.0
2011-01-27,2835.5,2835.5,2821.25,2824.5,2817.515380859375,274909,0.0,0.0,0.0
2011-01-28,2806.5,2821.0,2783.0,2779.25,2772.376708984375,217553,0.0,0.0,0.0
2011-01-31,2755.0,2799.75,2739.5,2739.5,2732.724853515625,483652,0.0,0.0,0.0
2011-02-01,2764.75,2770.5,2743.25,2764.75,2757.91357421875,344221,0.0,0.0,0.0
2011-02-02,2778.0,2782.0,2766.25,2780.25,2773.37451171875,736804,0.0,0.0,0.0
2011-02-03,2795.0,2795.0,2753.5,2757.0,2750.182373046875,147936,0.0,0.0,0.0
2011-02-04,2770.0,2789.0,2762.75,2768.0,2761.154296875,192266,0.0,0.0,0.0
2011-02-07,2754.0,2770.0,2752.5,2766.0,2759.159912109375,97625,0.0,0.0,0.0
2011-02-08,2747.0,2767.5,2746.75,2754.0,2747.189453125,537740,0.0,0.0,0.0
2011-02-09,2730.5,2730.5,2708.75,2704.25,2697.562255859375,168798,0.0,0.0,0.0
2011-02-10,2666.25,2671.75,2649.5,2666.75,2660.155029296875,631024,0.0,0.0,0.0
2011-02-11,2641.75,2696.0,2636.25,2691.5,2684.84423828125,569785,0.0,0.0,0.0
2011-02-14,2705.7080078125,2717.762939453125,2659.5,2707.0,2700.3056640625,445914,0.0,0.0,0.0
2011-02-15,2707.75,2711.75,2677.320068359375,2678.5,2671.876220703125,405025,0.0,0.0,0.0
2011-02-16,2686.0,2724.75,2681.875,2712.625,2705.91650390625,149679,0.0,0.0,0.0
2011-02-17,2717.5,2719.5,2693.0,2703.0,2696.31640625,337869,0.0,0.0,0.0
2011-02-18,2722.25,2724.0,2703.5,2718.125,2711.40283203125,226506,0.0,0.0,0.0
2011-02-21,2719.75,2726.10009765625,2693.5,2693.5,2686.838623046875,397883,0.0,0.0,0.0
2011-02-22,2676.25,2687.5,2656.0,2674.0,2667.3876953125,449073,0.0,0.0,0.0
2011-02-23,2661.75,2662.25,2622.75,2639.5,2632.972900390625,471690,0.0,0.0,0.0
2011-02-24,2615.5,2652.5,2611.75,2646.5,2639.955322265625,351342,0.0,0.0,0.0
2011-02-25,2667.5,2696.5,2667.5,2680.0,2673.37255859375,315610,0.0,0.0,0.0
2011-02-28,2647.25,2687.363037109375,2644.25,2667.25,2660.6533203125,491061,0.0,0.0,0.0
2011-03-01,2693.294921875,2696.75,2661.0,2661.0,2654.419921875,454028,0.0,0.0,0.0
2011-03-02,2657.75,2678.5,2646.25,2675.0,2668.3837890625,373839,0.0,0.0,0.0
2011-03-03,2692.0,2727.0,2685.25,2727.0,2720.25634765625,218795,0.0,0.0,0.0
2011-03-04,2743.75,2751.179931640625,2724.5,2745.0,2738.21142578125,133349,0.0,0.0,0.0
2011-03-07,2738.75,2745.0,2719.75,2723.0,2716.2666015625,153514,0.0,0.0,0.0
2011-03-08,2748.0,2765.25,2743.75,2765.25,2758.411865234375,135234,0.0,0.0,0.0
2011-03-09,2753.0,2759.75,2742.75,2750.375,2743.57275390625,66246,0.0,0.0,0.0
2011-03-10,2721.0,2730.030029296875,2703.25,2713.75,2707.03955078125,123603,0.0,0.0,0.0
2011-03-11,2689.5,2713.25,2679.25,2706.0,2699.3076171875,109244,0.0,0.0,0.0
2011-03-14,2709.5,2725.320068359375,2693.0,2696.625,2689.95654296875,106652,0.0,0.0,0.0
2011-03-15,2668.0,2672.25,2606.0,2658.0,2651.42626953125,1208149,0.0,0.0,0.0
2011-03-16,2670.0,2685.2099609375,2649.75,2654.125,2647.5615234375,225916,0.0,0.0,0.0
2011-03-17,2643.5,2659.5,2631.5,2643.875,2637.3369140625,262937,0.0,0.0,0.0
2011-03-18,2654.0,2669.800048828125,2647.5,2655.75,2649.18212890625,349673,0.0,0.0,0.0
2011-03-21,2680.0,2695.0,2674.5,2689.25,2682.599365234375,182514,0.0,0.0,0.0
2011-03-22,2683.25,2686.25,2667.64990234375,2672.5,2665.892333984375,207660,0.0,0.0,0.0
2011-03-23,2693.0,2724.5,2685.827880859375,2724.5,2717.762451171875,828544,0.0,0.0,0.0
2011-03-24,2750.5,2786.75,2736.712890625,2786.75,2779.858642578125,141285,0.0,0.0,0.0
2011-03-25,2795.0,2818.5,2787.222900390625,2817.25,2810.282958984375,150747,0.0,0.0,0.0
2011-03-28,2793.5,2816.199951171875,2793.5,2803.0,2796.068359375,308630,0.0,0.0,0.0
2011-03-29,2800.0,2848.635009765625,2800.0,2824.0,2817.015869140625,100577,0.0,0.0,0.0
2011-03-30,2842.5,2873.925048828125,2827.39990234375,2856.75,2849.685302734375,139553,0.0,0.0,0.0
2011-03-31,2844.0,2883.25,2844.0,2868.0,2860.906982421875,93340,0.0,0.0,0.0
2011-04-01,2885.75,2928.0,2884.75,2924.0,2916.76904296875,549499,0.0,0.0,0.0
2011-04-04,2915.5,2927.0,2909.5,2926.625,2919.388427734375,144623,0.0,0.0,0.0
2011-04-05,2918.0,2918.0,2894.25,2900.0,2892.828125,231537,0.0,0.0,0.0
2011-04-06,2904.0,2934.75,2903.5,2920.5,2913.2783203125,471312,0.0,0.0,0.0
2011-04-07,2902.25,2920.110107421875,2890.0,2896.0,2888.83935546875,321310,0.0,0.0,0.0
2011-04-08,2919.25,2927.5,2896.5,2903.125,2895.945068359375,1224597,0.0,0.0,0.0
2011-04-11,2917.0,2918.0,2881.75,2887.625,2880.484130859375,149087,0.0,0.0,0.0
2011-04-12,2860.5,2872.25,2836.5,2838.0,2830.981201171875,298422,0.0,0.0,0.0
2011-04-13,2877.89990234375,2892.429931640625,2867.89990234375,2866.75,2859.660400390625,158450,0.0,0.0,0.0
2011-04-14,2857.0,2860.8798828125,2834.25,2848.5,2841.455078125,123756,0.0,0.0,0.0
2011-04-15,2850.0,2858.93994140625,2840.0,2856.0,2848.938232421875,86711,0.0,0.0,0.0
2011-04-18,2846.5,2854.52001953125,2797.699951171875,2806.875,2799.934326171875,107064,0.0,0.0,0.0
2011-04-19,2818.5,2834.114990234375,2812.2451171875,2831.75,2824.74755859375,162335,0.0,0.0,0.0
2011-04-20,2869.0,2897.030029296875,2862.010009765625,2891.0,2883.85009765625,152686,0.0,0.0,0.0
2011-04-21,2890.0,2903.219970703125,2872.75,2878.125,2871.007568359375,66159,0.0,0.0,0.0
2011-04-26,2878.25,2900.5,2867.77392578125,2899.875,2892.70361328125,329499,0.0,0.0,0.0
2011-04-27,2909.25,2909.25,2853.0,2860.0,2852.926513671875,252829,0.0,0.0,0.0
2011-04-28,2862.0,2865.949951171875,2839.0,2846.0,2838.9619140625,88342,0.0,0.0,0.0
2011-04-29,2846.0,2846.0,2846.0,2846.0,2838.9619140625,0,0.0,0.0,0.0
2011-05-03,2856.0,2864.97998046875,2829.5,2843.75,2836.717529296875,218763,0.0,0.0,0.0
2011-05-04,2824.75,2834.0,2783.0,2784.0,2777.115966796875,105906,0.0,0.0,0.0
2011-05-05,2793.5,2798.0,2763.0,2776.625,2769.757568359375,831215,0.0,0.0,0.0
2011-05-06,2785.5,2828.75,2778.803955078125,2824.25,2817.265625,485092,0.0,0.0,0.0
2011-05-09,2812.0,2819.81005859375,2798.5,2798.5,2791.579345703125,182899,0.0,0.0,0.0
2011-05-10,2810.75,2835.5,2810.75,2830.375,2823.375732421875,173167,0.0,0.0,0.0
2011-05-11,2826.0,2841.300048828125,2785.25,2791.625,2784.72216796875,112555,0.0,0.0,0.0
2011-05-12,2788.25,2790.25,2767.5,2786.875,2779.983642578125,240564,0.0,0.0,0.0
2011-05-13,2801.0,2808.75,2780.0,2786.0,2779.10986328125,473282,0.0,0.0,0.0
2011-05-16,2759.75,2783.75,2750.75,2776.5,2769.63330078125,300600,0.0,0.0,0.0
2011-05-17,2755.0,2768.0,2740.5,2740.5,2733.722412109375,202920,0.0,0.0,0.0
2011-05-18,2785.5,2815.0,2785.5,2809.5,2802.552001953125,378442,0.0,0.0,0.0
2011-05-19,2792.0,2815.5,2791.75,2799.375,2792.45166015625,157953,0.0,0.0,0.0
2011-05-20,2793.5,2797.199951171875,2774.820068359375,2779.375,2772.501220703125,55371,0.0,0.0,0.0
2011-05-23,2729.5,2737.625,2720.25,2731.0,2724.246337890625,214390,0.0,0.0,0.0
2011-05-24,2748.5,2759.0,2747.27001953125,2751.875,2745.069580078125,142199,0.0,0.0,0.0
2011-05-25,2724.0,2749.955078125,2709.010009765625,2722.625,2715.891845703125,224046,0.0,0.0,0.0
2011-05-26,2745.75,2749.75,2716.75,2726.0,2719.2587890625,218988,0.0,0.0,0.0
2011-05-27,2750.0,2761.25,2742.0,2752.375,2745.568359375,70275,0.0,0.0,0.0
2011-05-31,2788.25,2804.25,2780.0,2799.5,2792.57666015625,169086,0.0,0.0,0.0
2011-06-01,2801.5,2816.5,2793.5,2801.0,2794.0732421875,315515,0.0,0.0,0.0
2011-06-02,2785.0,2801.25,2780.0,2785.0,2778.114013671875,90862,0.0,0.0,0.0
2011-06-03,2794.0,2806.5,2771.5,2789.25,2782.351806640625,228013,0.0,0.0,0.0
2011-06-06,2775.0,2777.75,2763.25,2774.75,2767.888916015625,180668,0.0,0.0,0.0
2011-06-07,2764.5,2773.5400390625,2762.5,2772.0,2765.146240234375,327576,0.0,0.0,0.0
2011-06-08,2752.5,2764.75,2748.0,2757.5,2750.680908203125,173922,0.0,0.0,0.0
2011-06-09,2743.25,2762.75,2731.75,2762.0,2755.16943359375,477698,0.0,0.0,0.0
2011-06-10,2753.75,2754.97998046875,2725.0,2730.625,2723.872802734375,95742,0.0,0.0,0.0
2011-06-13,2735.0,2740.969970703125,2724.989013671875,2725.375,2718.6357421875,183119,0.0,0.0,0.0
2011-06-14,2732.0,2744.5,2727.659912109375,2741.5,2734.7216796875,293951,0.0,0.0,0.0
2011-06-15,2731.5,2740.0,2723.929931640625,2727.75,2721.004150390625,72151,0.0,0.0,0.0
2011-06-16,2715.25,2725.0,2695.25,2720.25,2713.522705078125,576302,0.0,0.0,0.0
2011-06-17,2688.0,2716.35791015625,2686.85009765625,2715.0,2708.28564453125,581810,0.0,0.0,0.0
2011-06-20,2670.5,2691.0,2670.0,2686.5,2679.856201171875,587701,0.0,0.0,0.0
2011-06-21,2706.0,2728.5,2702.5,2728.0,2721.253662109375,256803,0.0,0.0,0.0
2011-06-22,2725.75,2747.75,2715.0,2742.0,2735.2197265625,179672,0.0,0.0,0.0
2011-06-23,2731.25,2731.330078125,2700.0,2707.0,2700.3056640625,445276,0.0,0.0,0.0
2011-06-24,2753.25,2765.0,2736.5,2743.125,2736.34130859375,125640,0.0,0.0,0.0
2011-06-27,2740.25,2758.25,2737.639892578125,2752.125,2745.31884765625,118013,0.0,0.0,0.0
2011-06-28,2757.0,2778.25,2749.0,2775.375,2768.511962890625,314800,0.0,0.0,0.0
2011-06-29,2790.0,2810.625,2790.0,2806.0,2799.060302734375,352249,0.0,0.0,0.0
2011-06-30,2813.25,2845.5,2811.429931640625,2835.0,2827.9892578125,401454,0.0,0.0,0.0
2011-07-01,2829.0,2869.5,2829.0,2869.5,2862.403564453125,493462,0.0,0.0,0.0
2011-07-04,2867.5,2887.0,2858.625,2883.0,2875.87060546875,508028,0.0,0.0,0.0
2011-07-05,2880.0,2889.947021484375,2860.0,2864.0,2856.91796875,554324,0.0,0.0,0.0
2011-07-06,2869.5,2876.5,2860.25,2867.75,2860.657958984375,84562,0.0,0.0,0.0
2011-07-07,2880.0,2909.0,2877.530029296875,2905.0,2897.81591796875,224035,0.0,0.0,0.0
2011-07-08,2910.0,2915.75,2847.25,2850.0,2842.9521484375,1237961,0.0,0.0,0.0
2011-07-11,2848.0,2857.14990234375,2820.590087890625,2822.0,2815.0224609375,200877,0.0,0.0,0.0
2011-07-12,2797.0,2809.25,2769.5,2798.25,2791.32958984375,282984,0.0,0.0,0.0
2011-07-13,2811.25,2821.39990234375,2791.0,2803.5,2796.567626953125,215653,0.0,0.0,0.0
2011-07-14,2801.25,2804.25,2778.75,2778.75,2771.8779296875,147687,0.0,0.0,0.0
2011-07-15,2772.5,2792.5,2769.320068359375,2772.0,2765.146240234375,2045929,0.0,0.0,0.0
2011-07-18,2764.199951171875,2765.25,2745.0,2745.0,2738.21142578125,111888,0.0,0.0,0.0
2011-07-19,2762.75,2776.0,2757.5,2757.5,2750.680908203125,170695,0.0,0.0,0.0
2011-07-20,2794.0,2801.10009765625,2780.5,2793.0,2786.09326171875,77430,0.0,0.0,0.0
2011-07-21,2785.0,2793.5,2760.610107421875,2782.5,2775.619140625,142444,0.0,0.0,0.0
2011-07-22,2800.0,2809.25,2791.5,2791.625,2784.72216796875,98126,0.0,0.0,0.0
2011-07-25,2773.25,2796.5,2762.679931640625,2789.0,2782.10205078125,400469,0.0,0.0,0.0
2011-07-26,2802.0,2808.830078125,2771.75,2777.0,2770.132080078125,129092,0.0,0.0,0.0
2011-07-27,2784.5,2789.75,2746.75,2762.0,2755.16943359375,210143,0.0,0.0,0.0
2011-07-28,2765.0,2771.0,2753.25,2768.25,2761.404052734375,282818,0.0,0.0,0.0
2011-07-29,2746.25,2753.5,2714.31005859375,2733.0,2726.241943359375,300413,0.0,0.0,0.0
2011-08-01,2768.0,2789.75,2758.0,2758.0,2751.179443359375,323135,0.0,0.0,0.0
2011-08-02,2750.5,2752.0,2713.93994140625,2722.0,2715.267578125,200551,0.0,0.0,0.0
2011-08-03,2685.0,2690.25,2613.25,2637.0,2630.47900390625,1313398,0.0,0.0,0.0
2011-08-04,2550.0,2637.75,2547.75,2552.0,2545.688720703125,1000856,0.0,0.0,0.0
2011-08-05,2450.5,2578.87890625,2427.81494140625,2430.0,2423.991455078125,1936465,0.0,0.0,0.0
2011-08-08,2416.75,2498.679931640625,2342.0,2366.0,2360.148681640625,2392379,0.0,0.0,0.0
2011-08-09,2319.25,2379.509033203125,2188.75,2356.75,2350.921142578125,1249373,0.0,0.0,0.0
2011-08-10,2395.5,2409.25,2315.0,2317.25,2311.52001953125,690492,0.0,0.0,0.0
2011-08-11,2392.75,2398.5,2311.25,2396.75,2390.823486328125,360119,0.0,0.0,0.0
2011-08-12,2370.0,2423.155029296875,2368.14990234375,2408.5,2402.544921875,802909,0.0,0.0,0.0
2011-08-15,2433.75,2456.0,2431.89990234375,2441.0,2434.963623046875,425521,0.0,0.0,0.0
2011-08-16,2490.0,2490.0,2421.64990234375,2440.0,2433.96630859375,418749,0.0,0.0,0.0
2011-08-17,2431.0,2443.0,2421.47509765625,2426.25,2420.24951171875,191231,0.0,0.0,0.0
2011-08-18,2400.25,2411.85009765625,2305.0,2316.75,2311.020263671875,192729,0.0,0.0,0.0
2011-08-19,2324.0,2331.25,2278.0,2310.0,2304.287109375,570621,0.0,0.0,0.0
2011-08-22,2284.5,2336.0,2274.5,2306.375,2300.671630859375,219734,0.0,0.0,0.0
2011-08-23,2355.75,2355.800048828125,2296.75,2322.5,2316.756103515625,118366,0.0,0.0,0.0
2011-08-24,2307.320068359375,2336.8701171875,2298.10009765625,2328.375,2322.61767578125,121554,0.0,0.0,0.0
2011-08-25,2335.0,2352.0,2304.35009765625,2323.75,2318.003173828125,223529,0.0,0.0,0.0
2011-08-26,2317.75,2341.5,2296.85009765625,2329.5,2323.73876953125,72119,0.0,0.0,0.0
2011-08-30,2355.0,2434.75,2355.0,2431.5,2425.487060546875,548246,0.0,0.0,0.0
2011-08-31,2467.25,2479.35009765625,2443.60009765625,2471.0,2464.889892578125,455654,0.0,0.0,0.0
2011-09-01,2470.75,2515.5,2465.0,2512.0,2505.788330078125,318339,0.0,0.0,0.0
2011-09-02,2468.25,2492.590087890625,2435.0,2450.0,2443.94140625,149933,0.0,0.0,0.0
2011-09-05,2398.5,2407.0,2369.81005859375,2371.0,2365.13671875,592603,0.0,0.0,0.0
2011-09-06,2371.75,2402.25,2367.5,2398.25,2392.3193359375,285278,0.0,0.0,0.0
2011-09-07,2463.5,2487.25,2450.0,2479.0,2472.869873046875,260424,0.0,0.0,0.0
2011-09-08,2474.0,2491.60009765625,2443.5,2462.25,2456.161865234375,82693,0.0,0.0,0.0
2011-09-09,2447.75,2469.35009765625,2393.75,2398.5,2392.569091796875,424726,0.0,0.0,0.0
2011-09-12,2356.75,2370.669921875,2320.800048828125,2365.0,2359.15087890625,203508,0.0,0.0,0.0
2011-09-13,2380.0,2380.0,2330.5,2367.75,2361.89501953125,161216,0.0,0.0,0.0
2011-09-14,2332.25,2375.25,2331.034912109375,2351.0,2345.18603515625,216347,0.0,0.0,0.0
2011-09-15,2355.0,2405.5,2355.0,2387.0,2381.09765625,286044,0.0,0.0,0.0
2011-09-16,2397.0,2424.25,2382.949951171875,2409.0,2403.042724609375,562596,0.0,0.0,0.0
2011-09-19,2360.75,2376.75,2343.5,2348.0,2342.19287109375,1822893,0.0,0.0,0.0
2011-09-20,2349.0,2381.5,2344.35009765625,2378.25,2372.369384765625,297422,0.0,0.0,0.0
2011-09-21,2361.25,2362.75,2321.0,2332.875,2327.1064453125,1233807,0.0,0.0,0.0
2011-09-22,2249.25,2259.300048828125,2181.75,2196.0,2190.568115234375,897494,0.0,0.0,0.0
2011-09-23,2202.25,2207.6630859375,2120.25,2181.75,2176.35498046875,3114657,0.0,0.0,0.0
2011-09-26,2141.25,2187.199951171875,2112.699951171875,2161.625,2156.279541015625,354771,0.0,0.0,0.0
2011-09-27,2228.0,2285.25,2152.9951171875,2285.25,2279.59912109375,316727,0.0,0.0,0.0
2011-09-28,2235.5,2261.47509765625,2235.5,2244.5,2238.94921875,140611,0.0,0.0,0.0
2011-09-29,2248.0,2255.0,2225.0,2237.75,2232.21630859375,99868,0.0,0.0,0.0
2011-09-30,2210.0,2223.300048828125,2183.25,2190.875,2185.45703125,292596,0.0,0.0,0.0
2011-10-03,2140.0,2162.218017578125,2134.050048828125,2155.5,2150.16943359375,283657,0.0,0.0,0.0
2011-10-04,2144.5,2144.5,2065.75,2080.25,2075.105712890625,349854,0.0,0.0,0.0
2011-10-05,2121.75,2149.5,2103.0,2149.5,2144.185302734375,866736,0.0,0.0,0.0
2011-10-06,2175.0,2221.5,2175.0,2218.75,2213.263427734375,197443,0.0,0.0,0.0
2011-10-07,2228.0,2251.550048828125,2211.75,2223.0,2217.502197265625,365133,0.0,0.0,0.0
2011-10-10,2228.0,2270.39990234375,2228.0,2272.0,2266.381591796875,62026,0.0,0.0,0.0
2011-10-11,2273.25,2298.75,2254.75,2298.75,2293.0654296875,225060,0.0,0.0,0.0
2011-10-12,2294.0,2341.5,2286.5,2333.0,2327.231201171875,118852,0.0,0.0,0.0
2011-10-13,2324.75,2339.0,2288.0,2295.875,2290.197998046875,88949,0.0,0.0,0.0
2011-10-14,2304.75,2344.5,2302.93505859375,2340.75,2334.962158203125,216127,0.0,0.0,0.0
2011-10-17,2377.5,2377.5,2306.0,2313.0,2307.280517578125,319169,0.0,0.0,0.0
2011-10-18,2272.0,2306.0,2272.0,2296.0,2290.32275390625,205481,0.0,0.0,0.0
2011-10-19,2333.25,2342.0,2316.25,2333.75,2327.978271484375,158834,0.0,0.0,0.0
2011-10-20,2280.75,2296.25,2246.5,2246.5,2240.9453125,165479,0.0,0.0,0.0
2011-10-21,2266.25,2296.25,2260.0,2296.25,2290.5712890625,54556,0.0,0.0,0.0
2011-10-24,2335.5,2370.75,2317.9599609375,2365.0,2359.15087890625,136056,0.0,0.0,0.0
2011-10-25,2342.0,2372.64990234375,2327.550048828125,2337.75,2331.96875,575882,0.0,0.0,0.0
2011-10-26,2357.5,2376.25,2343.14306640625,2354.75,2348.927734375,185571,0.0,0.0,0.0
2011-10-27,2414.25,2473.97998046875,2414.25,2471.75,2465.637451171875,445359,0.0,0.0,0.0
2011-10-28,2464.75,2500.0,2452.0,2491.25,2485.089599609375,545846,0.0,0.0,0.0
2011-10-31,2508.75,2508.75,2403.0,2403.0,2397.056884765625,332445,0.0,0.0,0.0
2011-11-01,2382.5,2392.5,2295.7919921875,2347.0,2341.196533203125,805079,0.0,0.0,0.0
2011-11-02,2399.25,2421.25,2382.25,2408.875,2402.91796875,82479,0.0,0.0,0.0
2011-11-03,2363.0,2426.5,2363.0,2423.0,2417.008544921875,1283012,0.0,0.0,0.0
2011-11-04,2449.0,2449.0,2397.679931640625,2402.0,2396.06005859375,226272,0.0,0.0,0.0
2011-11-07,2395.0,2432.0,2387.5,2416.375,2410.3994140625,428603,0.0,0.0,0.0
2011-11-08,2399.0,2443.201904296875,2399.0,2415.75,2409.776123046875,1353471,0.0,0.0,0.0
2011-11-09,2439.0,2439.0,2373.5,2386.625,2380.72314453125,169147,0.0,0.0,0.0
2011-11-10,2330.5,2380.5,2324.93994140625,2358.25,2352.41748046875,79669,0.0,0.0,0.0
2011-11-11,2367.5,2394.75,2365.5,2388.0,2382.094482421875,73640,0.0,0.0,0.0
2011-11-14,2401.5,2415.800048828125,2387.780029296875,2398.5,2392.569091796875,874308,0.0,0.0,0.0
2011-11-15,2403.75,2403.75,2364.199951171875,2388.875,2382.96728515625,158349,0.0,0.0,0.0
2011-11-16,2390.0,2403.6298828125,2370.669921875,2396.25,2390.324951171875,51495,0.0,0.0,0.0
2011-11-17,2386.75,2388.8798828125,2355.0,2372.0,2366.134521484375,579678,0.0,0.0,0.0
2011-11-18,2321.0,2333.0,2306.0,2324.25,2318.502197265625,400863,0.0,0.0,0.0
2011-11-21,2285.0,2294.8701171875,2244.0,2244.0,2238.451171875,157843,0.0,0.0,0.0
2011-11-22,2297.75,2304.5,2251.75,2254.0,2248.425537109375,171479,0.0,0.0,0.0
2011-11-23,2226.25,2252.5,2210.0,2210.0,2204.533935546875,412432,0.0,0.0,0.0
2011-11-24,2230.25,2251.699951171875,2221.02001953125,2224.0,2218.49951171875,458091,0.0,0.0,0.0
2011-11-25,2205.75,2227.050048828125,2186.25,2225.25,2219.748046875,169728,0.0,0.0,0.0
2011-11-28,2276.5,2303.06005859375,2260.14990234375,2301.0,2295.309814453125,204248,0.0,0.0,0.0
2011-11-29,2301.75,2309.929931640625,2279.550048828125,2292.625,2286.955322265625,76835,0.0,0.0,0.0
2011-11-30,2276.25,2383.75,2269.0,2373.25,2367.380126953125,191478,0.0,0.0,0.0
2011-12-01,2394.5,2405.5,2372.449951171875,2388.5,2382.59326171875,207655,0.0,0.0,0.0
2011-12-02,2409.25,2423.0,2394.10009765625,2423.0,2417.008544921875,205765,0.0,0.0,0.0
2011-12-05,2408.25,2430.0,2407.1201171875,2422.25,2416.25927734375,34690,0.0,0.0,0.0
2011-12-06,2395.0,2408.97998046875,2386.300048828125,2393.25,2387.332275390625,121720,0.0,0.0,0.0
2011-12-07,2420.0,2421.0,2370.0,2388.875,2382.96728515625,373670,0.0,0.0,0.0
2011-12-08,2385.0,2392.248046875,2338.0,2338.0,2332.218505859375,341968,0.0,0.0,0.0
2011-12-09,2317.5,2357.0,2312.75,2360.875,2355.037353515625,288399,0.0,0.0,0.0
2011-12-12,2359.0,2359.0,2283.75,2286.0,2280.346435546875,183575,0.0,0.0,0.0
2011-12-13,2294.25,2317.800048828125,2292.0,2303.5,2297.803466796875,246405,0.0,0.0,0.0
2011-12-14,2300.0,2304.75,2258.5,2262.875,2257.2802734375,1558303,0.0,0.0,0.0
2011-12-15,2259.0,2283.429931640625,2251.3798828125,2272.875,2267.254150390625,213845,0.0,0.0,0.0
2011-12-16,2299.0,2303.550048828125,2272.25,2284.0,2278.351806640625,816861,0.0,0.0,0.0
2011-12-19,2243.0,2259.25,2223.14306640625,2229.875,2224.360107421875,138037,0.0,0.0,0.0
2011-12-20,2230.0,2267.0,2224.64990234375,2264.75,2259.14794921875,1011914,0.0,0.0,0.0
2011-12-21,2290.25,2292.179931640625,2251.5,2255.5,2249.922119140625,350074,0.0,0.0,0.0
2011-12-22,2273.0,2305.0,2273.0,2299.5,2293.813720703125,174888,0.0,0.0,0.0
2011-12-23,2317.0,2317.5,2305.5,2315.5,2309.7744140625,32080,0.0,0.0,0.0
2011-12-28,2286.0,2318.450927734375,2286.0,2292.0,2286.332275390625,446010,0.0,0.0,0.0
2011-12-29,2306.5,2331.75,2301.75,2331.75,2325.984130859375,359387,0.0,0.0,0.0
2011-12-30,2321.75,2329.75,2318.498046875,2328.75,2322.9921875,147901,0.0,0.0,0.0
2012-01-03,2373.0,2386.424072265625,2343.669921875,2380.75,2374.8623046875,237360,0.0,0.0,0.0
2012-01-04,2359.0,2368.780029296875,2353.0,2359.5,2353.6650390625,270128,0.0,0.0,0.0
2012-01-05,2357.0,2374.0,2347.820068359375,2366.25,2360.3984375,298882,0.0,0.0,0.0
2012-01-06,2358.0,2383.0,2349.449951171875,2358.75,2352.916015625,196227,0.0,0.0,0.0
2012-01-09,2373.0,2379.256103515625,2365.75,2373.0,2367.131591796875,1490499,0.0,0.0,0.0
2012-01-10,2408.0,2436.243896484375,2390.304931640625,2434.5,2428.47998046875,347520,0.0,0.0,0.0
2012-01-11,2415.0,2434.75,2413.5830078125,2436.25,2430.225830078125,116771,0.0,0.0,0.0
2012-01-12,2450.0,2470.25,2440.75,2451.0,2444.939208984375,303239,0.0,0.0,0.0
2012-01-13,2460.0,2467.0,2427.0,2442.75,2436.710205078125,304826,0.0,0.0,0.0
2012-01-16,2431.75,2468.0,2422.0,2468.0,2461.89697265625,433309,0.0,0.0,0.0
2012-01-17,2480.0,2498.75,2475.75,2486.75,2480.60009765625,349255,0.0,0.0,0.0
2012-01-18,2488.0,2504.75,2477.25,2494.75,2488.5810546875,399733,0.0,0.0,0.0
2012-01-19,2520.5,2545.0,2515.0,2542.0,2535.7138671875,358889,0.0,0.0,0.0
2012-01-20,2530.25,2541.75,2520.25,2528.625,2522.372314453125,194226,0.0,0.0,0.0
2012-01-23,2523.25,2560.0,2523.25,2552.5,2546.187744140625,187974,0.0,0.0,0.0
2012-01-24,2535.0,2547.0,2522.169921875,2540.875,2534.591552734375,262547,0.0,0.0,0.0
2012-01-25,2545.0,2555.0,2527.0,2542.5,2536.212890625,517924,0.0,0.0,0.0
2012-01-26,2556.25,2592.0,2546.427001953125,2575.5,2569.130859375,286425,0.0,0.0,0.0
2012-01-27,2550.75,2579.25,2550.75,2568.875,2562.522705078125,335512,0.0,0.0,0.0
2012-01-30,2531.75,2534.25,2509.5,2517.25,2511.025390625,683071,0.0,0.0,0.0
2012-01-31,2543.25,2557.0,2522.0,2533.5,2527.234375,519617,0.0,0.0,0.0
2012-02-01,2555.0,2583.5,2547.14990234375,2583.5,2577.1103515625,265802,0.0,0.0,0.0
2012-02-02,2587.0,2617.0,2577.25,2608.0,2601.551025390625,143076,0.0,0.0,0.0
2012-02-03,2593.75,2636.75,2583.0,2635.625,2629.107177734375,283028,0.0,0.0,0.0
2012-02-06,2614.5,2614.5,2596.860107421875,2604.5,2598.0595703125,195441,0.0,0.0,0.0
2012-02-07,2605.5,2615.830078125,2594.0,2609.5,2603.04638671875,587843,0.0,0.0,0.0
2012-02-08,2630.75,2643.294921875,2618.25,2637.5,2630.977783203125,327773,0.0,0.0,0.0
2012-02-09,2635.0,2636.5,2606.0,2623.5,2617.012939453125,237550,0.0,0.0,0.0
2012-02-10,2592.5,2600.76904296875,2576.550048828125,2581.75,2575.36572265625,800112,0.0,0.0,0.0
2012-02-13,2618.5,2623.698974609375,2606.5,2618.0,2611.52587890625,525966,0.0,0.0,0.0
2012-02-14,2625.0,2631.5,2611.75,2617.75,2611.276611328125,370051,0.0,0.0,0.0
2012-02-15,2650.0,2664.75,2639.25,2640.5,2633.97021484375,561116,0.0,0.0,0.0
2012-02-16,2619.25,2619.25,2601.0,2606.0,2599.55517578125,376678,0.0,0.0,0.0
2012-02-17,2636.25,2643.5,2624.0,2634.0,2627.485595703125,477548,0.0,0.0,0.0
2012-02-20,2641.0,2651.0,2628.25,2641.75,2635.216552734375,186512,0.0,0.0,0.0
2012-02-21,2639.0,2645.0,2635.0,2645.0,2638.459228515625,214480,0.0,0.0,0.0
2012-02-22,2645.0,2656.75,2638.7900390625,2648.875,2642.324462890625,50145,0.0,0.0,0.0
2012-02-23,2640.25,2655.5,2631.0,2649.75,2643.197265625,414663,0.0,0.0,0.0
2012-02-24,2636.0,2650.0,2634.5,2646.5,2639.955322265625,353812,0.0,0.0,0.0
2012-02-27,2609.5,2620.75,2596.0,2611.5,2605.042724609375,560118,0.0,0.0,0.0
2012-02-28,2627.75,2645.25,2622.625,2642.75,2636.214111328125,626331,0.0,0.0,0.0
2012-02-29,2667.25,2668.75,2643.0,2646.0,2639.456298828125,484153,0.0,0.0,0.0
2012-03-01,2642.0,2655.75,2632.41796875,2654.0,2647.436767578125,586370,0.0,0.0,0.0
2012-03-02,2647.75,2671.3798828125,2647.75,2669.125,2662.5234375,239065,0.0,0.0,0.0
2012-03-05,2670.0,2670.0,2617.0,2619.0,2612.52294921875,359463,0.0,0.0,0.0
2012-03-06,2595.0,2606.75,2550.952880859375,2553.25,2546.936279296875,1983758,0.0,0.0,0.0
2012-03-07,2570.0,2585.0,2568.75,2581.0,2574.6181640625,634157,0.0,0.0,0.0
2012-03-08,2601.5,2628.25,2598.75,2614.0,2607.5361328125,431436,0.0,0.0,0.0
2012-03-09,2616.0,2659.0,2616.0,2658.75,2652.175537109375,683642,0.0,0.0,0.0
2012-03-12,2629.0,2650.25,2625.0,2626.5,2620.005126953125,321345,0.0,0.0,0.0
2012-03-13,2653.0,2664.75,2644.0,2663.0,2656.413818359375,496705,0.0,0.0,0.0
2012-03-14,2668.0,2683.25,2659.514892578125,2667.0,2660.40380859375,402108,0.0,0.0,0.0
2012-03-15,2678.25,2678.985107421875,2661.0,2669.875,2663.272216796875,481790,0.0,0.0,0.0
2012-03-16,2655.0,2659.16796875,2633.0,2649.125,2642.573974609375,261365,0.0,0.0,0.0
2012-03-19,2625.0,2632.25,2606.0,2624.0,2617.510986328125,307244,0.0,0.0,0.0
2012-03-20,2605.25,2606.5,2572.1201171875,2574.0,2567.635009765625,342508,0.0,0.0,0.0
2012-03-21,2598.75,2603.75,2580.0,2592.0,2585.589599609375,238660,0.0,0.0,0.0
2012-03-22,2589.0,2589.0,2553.0,2556.5,2550.177978515625,833392,0.0,0.0,0.0
2012-03-23,2572.0,2574.050048828125,2554.43994140625,2568.25,2561.89892578125,250212,0.0,0.0,0.0
2012-03-26,2565.75,2584.0,2565.0,2581.0,2574.6181640625,95893,0.0,0.0,0.0
2012-03-27,2588.5,2603.0,2586.4580078125,2590.125,2583.719970703125,207940,0.0,0.0,0.0
2012-03-28,2590.0,2598.5,2571.5,2572.125,2565.7646484375,151900,0.0,0.0,0.0
2012-03-29,2557.25,2559.75,2518.25,2518.25,2512.0224609375,259662,0.0,0.0,0.0
2012-03-30,2551.0,2561.75,2545.5,2555.375,2549.055419921875,265327,0.0,0.0,0.0
2012-04-02,2560.0,2572.0,2548.25,2576.5,2570.127685546875,60637,0.0,0.0,0.0
2012-04-03,2590.25,2604.5,2584.0,2594.25,2587.8349609375,106995,0.0,0.0,0.0
2012-04-04,2578.0,2581.25,2537.0,2540.0,2533.718505859375,89510,0.0,0.0,0.0
2012-04-05,2568.0,2577.0,2545.5,2574.125,2567.759765625,150821,0.0,0.0,0.0
2012-04-10,2544.5,2545.0,2500.0,2500.0,2493.81787109375,256102,0.0,0.0,0.0
2012-04-11,2497.75,2513.0,2496.75,2506.875,2500.67529296875,149481,0.0,0.0,0.0
2012-04-12,2517.0,2538.14794921875,2500.5,2536.5,2530.22802734375,165058,0.0,0.0,0.0
2012-04-13,2540.75,2548.965087890625,2521.25,2536.0,2529.728515625,211536,0.0,0.0,0.0
2012-04-16,2531.0,2550.25,2515.0,2515.0,2508.780029296875,168130,0.0,0.0,0.0
2012-04-17,2511.5,2537.27001953125,2508.510009765625,2534.0,2527.733154296875,130603,0.0,0.0,0.0
2012-04-18,2529.25,2536.49609375,2502.25,2504.125,2497.932373046875,176595,0.0,0.0,0.0
2012-04-19,2510.0,2522.010009765625,2499.008056640625,2502.0,2495.812255859375,314620,0.0,0.0,0.0
2012-04-20,2502.0,2507.75,2488.0,2499.75,2493.568603515625,153260,0.0,0.0,0.0
2012-04-23,2483.0,2483.0,2432.25,2438.0,2431.96923828125,286096,0.0,0.0,0.0
2012-04-24,2462.75,2468.0,2452.008056640625,2461.625,2455.5380859375,125981,0.0,0.0,0.0
2012-04-25,2470.0,2485.25,2466.0,2467.625,2461.5224609375,379314,0.0,0.0,0.0
2012-04-26,2467.0,2473.75,2455.735107421875,2466.25,2460.150390625,277498,0.0,0.0,0.0
2012-04-27,2443.0,2478.0,2398.0,2473.375,2467.258056640625,104067,0.0,0.0,0.0
2012-04-30,2480.0,2484.7529296875,2469.6298828125,2477.0,2470.874755859375,376911,0.0,0.0,0.0
2012-05-01,2482.0,2510.0,2477.0,2507.75,2501.5478515625,534043,0.0,0.0,0.0
2012-05-02,2513.0,2513.0,2486.8798828125,2492.0,2485.837646484375,257640,0.0,0.0,0.0
2012-05-03,2497.5,2503.25,2478.0,2484.0,2477.8564453125,157915,0.0,0.0,0.0
2012-05-04,2477.0,2478.77001953125,2444.0,2446.0,2439.950927734375,195493,0.0,0.0,0.0
2012-05-08,2430.0,2431.080078125,2383.0,2390.0,2384.08984375,197961,0.0,0.0,0.0
2012-05-09,2388.5,2393.64990234375,2357.0,2378.0,2372.119384765625,779057,0.0,0.0,0.0
2012-05-10,2379.25,2390.197998046875,2368.0,2384.25,2378.353759765625,830521,0.0,0.0,0.0
2012-05-11,2356.75,2388.0,2356.75,2388.875,2382.96728515625,122345,0.0,0.0,0.0
2012-05-14,2357.75,2358.25,2310.77490234375,2316.75,2311.020263671875,591444,0.0,0.0,0.0
2012-05-15,2328.0,2335.0,2315.25,2315.25,2309.525146484375,671969,0.0,0.0,0.0
2012-05-16,2262.75,2309.0,2256.929931640625,2289.5,2283.838134765625,694361,0.0,0.0,0.0
2012-05-17,2306.75,2306.75,2276.0,2285.0,2279.349609375,574562,0.0,0.0,0.0
2012-05-18,2240.25,2273.0,2240.25,2258.0,2252.416015625,492939,0.0,0.0,0.0
2012-05-21,2260.0,2280.5,2257.5,2271.25,2265.634033203125,452469,0.0,0.0,0.0
2012-05-22,2299.25,2306.25,2287.25,2301.5,2295.80810546875,654325,0.0,0.0,0.0
2012-05-23,2253.75,2255.4599609375,2218.5,2225.875,2220.37158203125,408075,0.0,0.0,0.0
2012-05-24,2247.5,2272.10009765625,2244.699951171875,2251.0,2245.433837890625,299222,0.0,0.0,0.0
2012-05-25,2259.0,2264.25,2240.841064453125,2256.25,2250.670654296875,146173,0.0,0.0,0.0
2012-05-29,2308.0,2312.75,2294.5,2309.0,2303.28955078125,227418,0.0,0.0,0.0
2012-05-30,2290.5,2299.81689453125,2276.10009765625,2280.875,2275.23486328125,321742,0.0,0.0,0.0
2012-05-31,2292.0,2300.5,2281.25,2290.25,2284.586669921875,407691,0.0,0.0,0.0
2012-06-01,2306.75,2307.25,2257.75,2269.875,2264.26171875,495958,0.0,0.0,0.0
2012-06-06,2275.75,2312.25,2273.25,2312.25,2306.531494140625,165546,0.0,0.0,0.0
2012-06-07,2315.0,2355.25,2307.0,2336.5,2330.721435546875,389567,0.0,0.0,0.0
2012-06-08,2306.75,2315.0,2294.5,2309.25,2303.539306640625,311739,0.0,0.0,0.0
2012-06-11,2346.5,2347.75,2300.0,2306.25,2300.54736328125,134693,0.0,0.0,0.0
2012-06-12,2311.5,2315.0,2297.5,2313.875,2308.153076171875,106534,0.0,0.0,0.0
2012-06-13,2318.0,2325.534912109375,2310.5,2324.0,2318.252685546875,131373,0.0,0.0,0.0
2012-06-14,2325.0,2328.968017578125,2299.739990234375,2319.125,2313.390380859375,99200,0.0,0.0,0.0
2012-06-15,2330.0,2347.0,2322.25,2327.0,2321.245849609375,259793,0.0,0.0,0.0
2012-06-18,2349.5,2356.89990234375,2331.27490234375,2341.125,2335.33544921875,101362,0.0,0.0,0.0
2012-06-19,2345.25,2386.5,2345.25,2384.5,2378.60302734375,292895,0.0,0.0,0.0
2012-06-20,2373.25,2382.3798828125,2368.52001953125,2376.0,2370.12451171875,841335,0.0,0.0,0.0
2012-06-21,2365.25,2369.044921875,2342.75,2348.0,2342.19287109375,446969,0.0,0.0,0.0
2012-06-22,2315.0,2328.656982421875,2311.0,2312.875,2307.155517578125,643903,0.0,0.0,0.0
2012-06-25,2310.75,2310.75,2269.0,2269.0,2263.39013671875,607860,0.0,0.0,0.0
2012-06-26,2292.0,2292.0,2271.43408203125,2273.25,2267.627685546875,1567479,0.0,0.0,0.0
2012-06-27,2301.5,2315.758056640625,2295.5,2313.875,2308.153076171875,463969,0.0,0.0,0.0
2012-06-28,2294.0,2310.883056640625,2285.5,2292.0,2286.332275390625,1062546,0.0,0.0,0.0
2012-06-29,2337.75,2361.14990234375,2332.77001953125,2356.0,2350.17333984375,475157,0.0,0.0,0.0
2012-07-02,2365.0,2382.25,2344.60009765625,2371.25,2365.3857421875,607549,0.0,0.0,0.0
2012-07-03,2375.75,2426.93310546875,2375.75,2424.75,2418.75341796875,325458,0.0,0.0,0.0
2012-07-04,2408.0,2423.5,2408.0,2422.25,2416.25927734375,246380,0.0,0.0,0.0
2012-07-05,2411.0,2448.0,2411.0,2436.125,2430.10107421875,286183,0.0,0.0,0.0
2012-07-06,2418.75,2419.0,2387.0,2391.0,2385.0869140625,194263,0.0,0.0,0.0
2012-07-09,2382.0,2386.760986328125,2368.5,2371.0,2365.13671875,219943,0.0,0.0,0.0
2012-07-10,2382.5,2397.929931640625,2372.75,2378.25,2372.369384765625,261437,0.0,0.0,0.0
2012-07-11,2366.0,2372.2958984375,2355.5,2359.875,2354.0390625,320537,0.0,0.0,0.0
2012-07-12,2333.25,2342.1650390625,2324.25,2330.5,2324.736083984375,1341540,0.0,0.0,0.0
2012-07-13,2358.5,2362.5,2347.5,2354.25,2348.42919921875,210083,0.0,0.0,0.0
2012-07-16,2354.5,2363.364990234375,2336.0,2343.0,2337.205322265625,192758,0.0,0.0,0.0
2012-07-17,2355.0,2367.0,2351.0,2354.75,2348.927734375,197213,0.0,0.0,0.0
2012-07-18,2346.75,2368.0,2344.0,2365.0,2359.15087890625,57356,0.0,0.0,0.0
2012-07-19,2372.75,2380.0,2363.75,2373.0,2367.131591796875,1581369,0.0,0.0,0.0
2012-07-20,2369.75,2372.2900390625,2357.0,2360.5,2354.66259765625,148275,0.0,0.0,0.0
2012-07-23,2323.0,2329.1201171875,2296.75,2309.0,2303.28955078125,556539,0.0,0.0,0.0
2012-07-24,2325.0,2325.0,2301.77490234375,2307.0,2301.295654296875,130656,0.0,0.0,0.0
2012-07-25,2290.0,2330.330078125,2290.0,2317.0,2311.270263671875,274410,0.0,0.0,0.0
2012-07-26,2318.0,2327.820068359375,2304.508056640625,2317.75,2312.01904296875,140755,0.0,0.0,0.0
2012-07-27,2348.75,2372.39599609375,2337.0,2370.5,2364.637939453125,1365886,0.0,0.0,0.0
2012-07-30,2379.0,2400.320068359375,2379.0,2389.625,2383.715087890625,336432,0.0,0.0,0.0
2012-07-31,2408.0,2420.75,2403.0,2409.5,2403.54150390625,988001,0.0,0.0,0.0
2012-08-01,2403.0,2421.75,2400.699951171875,2418.75,2412.76904296875,499000,0.0,0.0,0.0
2012-08-02,2398.5,2420.25,2382.5,2390.5,2384.588623046875,65207,0.0,0.0,0.0
2012-08-03,2399.75,2447.0,2392.989990234375,2440.625,2434.589111328125,194490,0.0,0.0,0.0
2012-08-06,2445.0,2475.0,2440.070068359375,2462.375,2456.286865234375,119624,0.0,0.0,0.0
2012-08-07,2456.5,2473.0,2450.9130859375,2468.75,2462.645263671875,840334,0.0,0.0,0.0
2012-08-08,2462.0,2477.0,2449.0,2474.75,2468.6298828125,1560444,0.0,0.0,0.0
2012-08-09,2485.0,2497.25,2480.0,2490.0,2483.842041015625,1006375,0.0,0.0,0.0
2012-08-10,2478.0,2490.0,2473.5,2477.25,2471.12353515625,2362605,0.0,0.0,0.0
2012-08-13,2473.5,2477.699951171875,2450.0,2455.875,2449.801513671875,68583,0.0,0.0,0.0
2012-08-14,2477.0,2481.75,2473.969970703125,2476.625,2470.500732421875,140326,0.0,0.0,0.0
2012-08-15,2463.0,2467.0,2454.0,2463.75,2457.65673828125,654173,0.0,0.0,0.0
2012-08-16,2457.25,2464.278076171875,2453.4130859375,2463.5,2457.407470703125,133443,0.0,0.0,0.0
2012-08-17,2468.75,2468.75,2457.0,2461.25,2455.16357421875,30819,0.0,0.0,0.0
2012-08-20,2459.25,2461.5,2444.5,2455.25,2449.178466796875,1203809,0.0,0.0,0.0
2012-08-21,2463.0,2473.75,2453.2451171875,2460.0,2453.91650390625,292768,0.0,0.0,0.0
2012-08-22,2405.0,2413.75,2398.080078125,2400.0,2394.064697265625,1343336,0.0,0.0,0.0
2012-08-23,2416.25,2419.25,2389.0,2398.75,2392.818115234375,2291121,0.0,0.0,0.0
2012-08-24,2392.25,2403.9208984375,2377.75,2402.0,2396.06005859375,1143843,0.0,0.0,0.0
2012-08-28,2375.75,2390.75,2363.0,2363.0,2357.156494140625,459109,0.0,0.0,0.0
2012-08-29,2373.25,2375.0,2350.75,2352.0,2346.18408203125,131019,0.0,0.0,0.0
2012-08-30,2342.75,2344.5,2329.4130859375,2332.0,2326.233154296875,138148,0.0,0.0,0.0
2012-08-31,2337.5,2354.886962890625,2333.0,2353.0,2347.181396484375,607423,0.0,0.0,0.0
2012-09-03,2349.75,2352.0,2343.5,2352.0,2346.18408203125,141835,0.0,0.0,0.0
2012-09-04,2345.75,2347.43310546875,2324.25,2324.25,2318.502197265625,184396,0.0,0.0,0.0
2012-09-05,2317.0,2320.39990234375,2307.0,2313.0,2307.280517578125,464672,0.0,0.0,0.0
2012-09-06,2325.5,2360.5,2321.75,2357.0,2351.170654296875,112654,0.0,0.0,0.0
2012-09-07,2374.25,2397.0,2373.10009765625,2396.0,2390.074951171875,372699,0.0,0.0,0.0
2012-09-10,2390.5,2396.0,2383.5,2389.25,2383.341064453125,153790,0.0,0.0,0.0
2012-09-11,2378.75,2395.030029296875,2375.363037109375,2394.5,2388.578857421875,342476,0.0,0.0,0.0
2012-09-12,2402.0,2404.0,2388.02001953125,2392.375,2386.45849609375,131456,0.0,0.0,0.0
2012-09-13,2381.0,2393.0,2377.222900390625,2389.25,2383.341064453125,301691,0.0,0.0,0.0
2012-09-14,2453.5,2494.405029296875,2449.0,2470.0,2463.8916015625,1782379,0.0,0.0,0.0
2012-09-17,2459.0,2464.844970703125,2450.0,2453.375,2447.30810546875,741118,0.0,0.0,0.0
2012-09-18,2444.25,2449.0,2434.0,2442.25,2436.210693359375,907679,0.0,0.0,0.0
2012-09-19,2448.25,2453.25,2440.5,2453.25,2447.183349609375,319712,0.0,0.0,0.0
2012-09-20,2424.75,2427.75,2413.75,2424.0,2418.005615234375,235334,0.0,0.0,0.0
2012-09-21,2437.75,2442.5,2430.715087890625,2442.5,2436.46044921875,200574,0.0,0.0,0.0
2012-09-24,2426.0,2436.25,2421.447998046875,2434.0,2427.980712890625,154832,0.0,0.0,0.0
2012-09-25,2427.0,2435.25,2425.75,2433.0,2426.983154296875,516178,0.0,0.0,0.0
2012-09-26,2410.0,2413.840087890625,2380.52001953125,2388.25,2382.343994140625,379660,0.0,0.0,0.0
2012-09-27,2424.75,2424.75,2403.25,2410.0,2404.040283203125,274796,0.0,0.0,0.0
2012-09-28,2426.0,2430.75,2414.75,2417.5,2411.52197265625,273282,0.0,0.0,0.0
2012-10-01,2432.0,2462.0,2425.0029296875,2462.0,2455.912109375,206016,0.0,0.0,0.0
2012-10-02,2450.75,2459.320068359375,2445.0,2444.875,2438.8291015625,193954,0.0,0.0,0.0
2012-10-03,2443.0,2454.0,2438.1201171875,2451.75,2445.686767578125,465440,0.0,0.0,0.0
2012-10-04,2454.0,2454.0,2437.25,2439.0,2432.967529296875,173597,0.0,0.0,0.0
2012-10-05,2448.0,2464.75,2439.550048828125,2463.5,2457.407470703125,191104,0.0,0.0,0.0
2012-10-08,2449.25,2449.25,2429.25,2441.25,2435.21337890625,91188,0.0,0.0,0.0
2012-10-09,2454.75,2456.25,2427.64990234375,2431.625,2425.61181640625,213474,0.0,0.0,0.0
2012-10-10,2438.25,2440.02197265625,2427.72998046875,2427.5,2421.496826171875,94071,0.0,0.0,0.0
2012-10-11,2427.0,2448.0,2416.491943359375,2446.5,2440.449462890625,215422,0.0,0.0,0.0
2012-10-12,2438.0,2441.049072265625,2420.3701171875,2421.0,2415.01318359375,945314,0.0,0.0,0.0
2012-10-15,2429.0,2433.25,2421.25,2428.25,2422.244873046875,581859,0.0,0.0,0.0
2012-10-16,2437.0,2459.0,2434.0,2460.75,2454.6650390625,93664,0.0,0.0,0.0
2012-10-17,2450.5,2463.3798828125,2446.25,2459.5,2453.41796875,342776,0.0,0.0,0.0
2012-10-18,2468.0,2470.25,2456.25,2461.75,2455.66259765625,86769,0.0,0.0,0.0
2012-10-19,2464.75,2467.280029296875,2449.320068359375,2453.625,2447.5576171875,474763,0.0,0.0,0.0
2012-10-22,2459.25,2470.75,2455.5,2462.875,2456.785888671875,451360,0.0,0.0,0.0
2012-10-23,2449.75,2458.39990234375,2418.93994140625,2422.5,2416.50927734375,1142223,0.0,0.0,0.0
2012-10-24,2443.0,2443.0,2425.0,2433.5,2427.48193359375,499934,0.0,0.0,0.0
2012-10-25,2432.75,2442.27001953125,2427.783935546875,2428.25,2422.244873046875,594417,0.0,0.0,0.0
2012-10-26,2410.5,2421.75,2393.860107421875,2414.5,2408.528564453125,219960,0.0,0.0,0.0
2012-10-29,2411.25,2425.0,2404.705078125,2424.375,2418.379150390625,693284,0.0,0.0,0.0
2012-10-30,2426.0,2435.75,2424.5,2429.875,2423.867431640625,142146,0.0,0.0,0.0
2012-10-31,2436.0,2440.25,2408.5,2411.0,2405.037841796875,521469,0.0,0.0,0.0
2012-11-01,2418.5,2589.927978515625,2416.25,2444.75,2438.704345703125,496008,0.0,0.0,0.0
2012-11-02,2451.25,2474.0,2446.5,2460.75,2454.6650390625,188349,0.0,0.0,0.0
2012-11-05,2447.5,2467.25,2447.0,2456.25,2450.175537109375,313252,0.0,0.0,0.0
2012-11-06,2468.25,2482.243896484375,2463.39990234375,2481.5,2475.36279296875,500916,0.0,0.0,0.0
2012-11-07,2487.75,2493.75,2433.052978515625,2435.0,2428.978759765625,756205,0.0,0.0,0.0
2012-11-08,2455.5,2455.5,2437.75,2437.75,2431.72021484375,993187,0.0,0.0,0.0
2012-11-09,2437.25,2447.25,2421.75,2445.25,2439.202880859375,262548,0.0,0.0,0.0
2012-11-12,2436.75,2453.449951171875,2436.75,2448.5,2442.445068359375,133085,0.0,0.0,0.0
2012-11-13,2426.5,2432.0,2412.5,2432.0,2425.9853515625,958711,0.0,0.0,0.0
2012-11-14,2435.0,2440.02294921875,2409.0,2416.0,2410.025390625,213949,0.0,0.0,0.0
2012-11-15,2402.5,2408.25,2391.5,2393.0,2387.0830078125,349547,0.0,0.0,0.0
2012-11-16,2397.0,2402.949951171875,2385.0,2382.375,2376.484375,153379,0.0,0.0,0.0
2012-11-19,2408.25,2433.5,2400.5,2431.875,2425.861083984375,542897,0.0,0.0,0.0
2012-11-20,2416.0,2425.800048828125,2413.0,2425.0,2419.00244140625,825291,0.0,0.0,0.0
2012-11-21,2417.25,2425.0,2406.75,2412.25,2406.28466796875,2226699,0.0,0.0,0.0
2012-11-22,2414.5,2432.75,2413.0,2432.75,2426.734130859375,542611,0.0,0.0,0.0
2012-11-23,2432.5,2450.0,2430.0,2442.25,2436.210693359375,573000,0.0,0.0,0.0
2012-11-26,2430.25,2443.570068359375,2430.25,2439.75,2433.716552734375,143058,0.0,0.0,0.0
2012-11-27,2449.0,2449.0,2433.5,2442.25,2436.210693359375,120740,0.0,0.0,0.0
2012-11-28,2429.0,2433.5,2414.75,2429.0,2422.993408203125,493835,0.0,0.0,0.0
2012-11-29,2450.25,2461.0,2449.25,2459.0,2452.91943359375,854868,0.0,0.0,0.0
2012-11-30,2461.25,2471.75,2448.0,2448.0,2441.9462890625,133687,0.0,0.0,0.0
2012-12-03,2448.0,2462.25,2446.75,2446.75,2440.69873046875,715226,0.0,0.0,0.0
2012-12-04,2446.25,2461.0,2442.5,2454.875,2448.804443359375,452352,0.0,0.0,0.0
2012-12-05,2475.75,2481.743896484375,2471.0,2481.0,2474.8642578125,1275370,0.0,0.0,0.0
2012-12-06,2480.75,2493.5,2474.25,2493.5,2487.334228515625,203151,0.0,0.0,0.0
2012-12-07,2494.0,2514.0,2493.75,2507.25,2501.049072265625,276501,0.0,0.0,0.0
2012-12-10,2497.5,2522.0,2497.5,2522.0,2515.76416015625,318744,0.0,0.0,0.0
2012-12-11,2512.5,2528.0,2511.239990234375,2528.625,2522.372314453125,307746,0.0,0.0,0.0
2012-12-12,2530.0,2530.0,2522.570068359375,2529.75,2523.494873046875,1004796,0.0,0.0,0.0
2012-12-13,2526.5,2532.5,2521.5,2525.0,2518.755615234375,496794,0.0,0.0,0.0
2012-12-14,2528.0,2532.0,2520.5,2525.25,2519.004638671875,189031,0.0,0.0,0.0
2012-12-17,2509.75,2521.0,2504.75,2521.0,2514.76611328125,336450,0.0,0.0,0.0
2012-12-18,2518.0,2523.64990234375,2507.25,2518.0,2511.773193359375,425238,0.0,0.0,0.0
2012-12-19,2523.25,2536.0,2519.8701171875,2536.0,2529.728515625,293065,0.0,0.0,0.0
2012-12-20,2523.25,2537.25,2521.43994140625,2532.125,2525.863525390625,966537,0.0,0.0,0.0
2012-12-21,2508.0,2526.75,2500.5,2514.75,2508.53076171875,1049492,0.0,0.0,0.0
2012-12-24,2520.0,2529.010986328125,2518.449951171875,2530.375,2524.1181640625,53451,0.0,0.0,0.0
2012-12-27,2550.0,2556.75,2540.0,2553.5,2547.185302734375,794346,0.0,0.0,0.0
2012-12-28,2566.75,2574.570068359375,2548.75,2557.75,2551.42431640625,541438,0.0,0.0,0.0
2012-12-31,2559.0,2559.4599609375,2546.409912109375,2550.0,2543.693359375,550851,0.0,0.0,0.0
2013-01-02,2532.75,2620.0,2532.75,2620.0,2613.5205078125,5870194,0.0,0.0,0.0
2013-01-03,2610.75,2639.25,2608.5,2640.375,2633.845703125,655277,0.0,0.0,0.0
2013-01-04,2627.25,2643.5,2627.25,2638.375,2631.850341796875,388320,0.0,0.0,0.0
2013-01-07,2635.0,2641.72998046875,2621.5,2627.0,2620.50390625,474405,0.0,0.0,0.0
2013-01-08,2610.5,2619.0,2603.679931640625,2607.75,2601.301513671875,678583,0.0,0.0,0.0
2013-01-09,2614.75,2634.0,2608.75,2633.25,2626.7392578125,185573,0.0,0.0,0.0
2013-01-10,2640.5,2640.5,2618.0,2622.75,2616.2646484375,516303,0.0,0.0,0.0
2013-01-11,2611.25,2618.5,2603.530029296875,2613.75,2607.286865234375,6564835,0.0,0.0,0.0
2013-01-14,2620.75,2640.0,2620.75,2631.5,2624.99169921875,284454,0.0,0.0,0.0
2013-01-15,2620.5,2627.25,2606.080078125,2610.5,2604.044677734375,872120,0.0,0.0,0.0
2013-01-16,2609.0,2623.25,2601.75,2622.125,2615.641357421875,1033385,0.0,0.0,0.0
2013-01-17,2620.0,2651.5,2620.0,2651.5,2644.943359375,1636289,0.0,0.0,0.0
2013-01-18,2648.25,2662.0,2637.493896484375,2662.0,2655.41748046875,278743,0.0,0.0,0.0
2013-01-21,2655.5,2668.0,2654.25,2667.25,2660.6533203125,317418,0.0,0.0,0.0
2013-01-22,2668.0,2673.27392578125,2652.5,2661.25,2654.669677734375,121821,0.0,0.0,0.0
2013-01-23,2658.75,2665.23291015625,2649.0,2651.25,2644.6943359375,170390,0.0,0.0,0.0
2013-01-24,2644.25,2672.0,2639.25,2672.0,2665.392578125,279000,0.0,0.0,0.0
2013-01-25,2642.75,2656.75,2631.5,2639.0,2632.4736328125,428616,0.0,0.0,0.0
2013-01-28,2639.0,2648.580078125,2631.5,2640.375,2633.845703125,736379,0.0,0.0,0.0
2013-01-29,2654.75,2661.0,2641.5,2661.0,2654.419921875,443180,0.0,0.0,0.0
2013-01-30,2661.25,2668.75,2640.0,2644.125,2637.5869140625,1642883,0.0,0.0,0.0
2013-01-31,2634.5,2642.5,2626.262939453125,2627.75,2621.25146484375,517268,0.0,0.0,0.0
2013-02-01,2630.0,2670.75,2629.5,2670.75,2664.1455078125,209768,0.0,0.0,0.0
2013-02-04,2679.75,2679.75,2640.0,2640.25,2633.721435546875,303616,0.0,0.0,0.0
2013-02-05,2639.0,2661.0,2635.0,2659.875,2653.297607421875,2228143,0.0,0.0,0.0
2013-02-06,2651.25,2663.0,2635.9599609375,2641.0,2634.468505859375,276970,0.0,0.0,0.0
2013-02-07,2633.0,2643.1201171875,2609.25,2614.0,2607.5361328125,792076,0.0,0.0,0.0
2013-02-08,2619.25,2627.75,2591.0,2611.0,2604.5439453125,990151,0.0,0.0,0.0
2013-02-11,2624.75,2637.625,2617.9541015625,2636.0,2629.481201171875,77187,0.0,0.0,0.0
2013-02-12,2636.0,2650.0,2628.97509765625,2645.75,2639.206298828125,182094,0.0,0.0,0.0
2013-02-13,2657.5,2679.75,2653.5,2674.0,2667.3876953125,414699,0.0,0.0,0.0
2013-02-14,2673.25,2680.25,2661.0,2672.875,2666.26611328125,917483,0.0,0.0,0.0
2013-02-15,2668.5,2684.31005859375,2667.75,2675.5,2668.88330078125,253874,0.0,0.0,0.0
2013-02-18,2670.75,2680.0,2667.25,2670.0,2663.39697265625,116591,0.0,0.0,0.0
2013-02-19,2667.5,2701.0,2662.3779296875,2701.0,2694.32080078125,84990,0.0,0.0,0.0
2013-02-20,2701.25,2723.5,2698.75,2707.0,2700.3056640625,387804,0.0,0.0,0.0
2013-02-21,2695.75,2700.25,2654.5,2655.0,2648.434814453125,663923,0.0,0.0,0.0
2013-02-22,2666.25,2678.75,2660.0,2671.5,2664.8935546875,1109541,0.0,0.0,0.0
2013-02-25,2700.5,2724.5,2696.090087890625,2711.25,2704.545166015625,890839,0.0,0.0,0.0
2013-02-26,2647.75,2674.5,2647.75,2665.25,2658.659423828125,1085234,0.0,0.0,0.0
2013-02-27,2676.0,2691.5,2670.6640625,2688.25,2681.6015625,2116849,0.0,0.0,0.0
2013-02-28,2698.75,2704.47998046875,2686.0,2691.75,2685.093994140625,1263397,0.0,0.0,0.0
2013-03-01,2691.25,2723.0,2686.25,2713.25,2706.5400390625,300858,0.0,0.0,0.0
2013-03-04,2691.0,2693.837890625,2677.0,2680.0,2673.37255859375,894414,0.0,0.0,0.0
2013-03-05,2689.0,2711.25,2678.5,2709.25,2702.55078125,1251970,0.0,0.0,0.0
2013-03-06,2715.25,2727.75,2707.25,2727.75,2721.004150390625,679484,0.0,0.0,0.0
2013-03-07,2739.0,2739.5,2725.5,2734.25,2727.48828125,418621,0.0,0.0,0.0
2013-03-08,2756.0,2786.0,2750.780029296875,2776.0,2769.13525390625,719157,0.0,0.0,0.0
2013-03-11,2772.25,2775.25,2761.0,2769.625,2762.775146484375,217783,0.0,0.0,0.0
2013-03-12,2758.25,2770.5,2740.0,2745.5,2738.710693359375,240322,0.0,0.0,0.0
2013-03-13,2731.0,2735.75,2712.593017578125,2723.25,2716.515869140625,265066,0.0,0.0,0.0
2013-03-14,2721.0,2723.72802734375,2698.75,2703.25,2696.565673828125,461821,0.0,0.0,0.0
2013-03-15,2673.75,2676.98193359375,2657.0,2670.0,2663.39697265625,567667,0.0,0.0,0.0
2013-03-18,2636.75,2645.5,2628.050048828125,2645.25,2638.708740234375,473129,0.0,0.0,0.0
2013-03-19,2648.75,2648.75,2606.75,2615.75,2609.28173828125,2166937,0.0,0.0,0.0
2013-03-20,2635.5,2653.0,2625.25,2638.5,2631.97509765625,380997,0.0,0.0,0.0
2013-03-21,2620.5,2629.5,2609.75,2613.5,2607.037109375,1147250,0.0,0.0,0.0
2013-03-22,2593.0,2603.5,2585.5,2585.5,2579.1064453125,549542,0.0,0.0,0.0
2013-03-25,2616.5,2624.215087890625,2597.75,2599.5,2593.071044921875,475994,0.0,0.0,0.0
2013-03-26,2621.25,2640.0,2612.75,2635.5,2628.982177734375,667944,0.0,0.0,0.0
2013-03-27,2652.75,2652.75,2627.0,2637.5,2630.977783203125,834684,0.0,0.0,0.0
2013-03-28,2633.25,2647.75,2631.512939453125,2640.75,2634.218994140625,298616,0.0,0.0,0.0
2013-04-02,2630.75,2654.485107421875,2606.010986328125,2651.5,2644.943359375,963947,0.0,0.0,0.0
2013-04-03,2643.0,2646.735107421875,2614.25,2616.75,2610.278564453125,251070,0.0,0.0,0.0
2013-04-04,2620.5,2623.5,2585.0,2586.0,2579.60546875,690328,0.0,0.0,0.0
2013-04-05,2590.0,2590.0,2514.75,2528.625,2522.372314453125,985827,0.0,0.0,0.0
2013-04-08,2536.0,2555.0,2536.0,2552.125,2545.8134765625,239357,0.0,0.0,0.0
2013-04-09,2572.25,2572.5,2553.56005859375,2567.0,2560.650634765625,427554,0.0,0.0,0.0
2013-04-10,2579.75,2615.5,2575.23193359375,2612.625,2606.1640625,809289,0.0,0.0,0.0
2013-04-11,2614.75,2614.75,2587.0,2597.25,2590.827880859375,1134400,0.0,0.0,0.0
2013-04-12,2580.25,2580.25,2545.25,2547.75,2541.449951171875,479676,0.0,0.0,0.0
2013-04-15,2548.75,2563.5,2535.0009765625,2539.5,2533.219482421875,709945,0.0,0.0,0.0
2013-04-16,2546.75,2560.0,2537.132080078125,2551.75,2545.439697265625,156211,0.0,0.0,0.0
2013-04-17,2556.5,2556.75,2519.800048828125,2526.5,2520.2509765625,420063,0.0,0.0,0.0
2013-04-18,2535.5,2549.3798828125,2515.43994140625,2523.25,2517.01025390625,187118,0.0,0.0,0.0
2013-04-19,2534.5,2569.75,2534.5,2566.75,2560.40087890625,758667,0.0,0.0,0.0
2013-04-22,2582.5,2586.135009765625,2557.25,2560.75,2554.41748046875,912731,0.0,0.0,0.0
2013-04-23,2557.0,2589.389892578125,2551.449951171875,2585.875,2579.48046875,298469,0.0,0.0,0.0
2013-04-24,2590.5,2599.93994140625,2584.75,2598.5,2592.07373046875,365147,0.0,0.0,0.0
2013-04-25,2600.25,2623.14892578125,2576.5,2600.0,2593.56982421875,466204,0.0,0.0,0.0
2013-04-26,2578.75,2587.0,2558.0,2560.125,2553.793701171875,170300,0.0,0.0,0.0
2013-04-29,2564.75,2582.85009765625,2558.072021484375,2580.5,2574.119384765625,164637,0.0,0.0,0.0
2013-04-30,2577.0,2593.5,2577.0,2591.25,2584.841796875,237124,0.0,0.0,0.0
2013-05-01,2610.0,2614.72509765625,2574.75,2591.0,2584.592529296875,141490,0.0,0.0,0.0
2013-05-02,2590.5,2606.0,2578.580078125,2605.625,2599.18115234375,452677,0.0,0.0,0.0
2013-05-03,2597.0,2628.56396484375,2592.75,2626.5,2620.005126953125,1244970,0.0,0.0,0.0
2013-05-07,2618.75,2659.330078125,2618.75,2658.0,2651.42626953125,444553,0.0,0.0,0.0
2013-05-08,2661.75,2666.25,2658.0,2659.875,2653.297607421875,350398,0.0,0.0,0.0
2013-05-09,2655.75,2670.64990234375,2653.0,2668.75,2662.150146484375,2324683,0.0,0.0,0.0
2013-05-10,2655.75,2669.0009765625,2651.25,2667.0,2660.40380859375,897381,0.0,0.0,0.0
2013-05-13,2649.75,2659.993896484375,2639.3701171875,2658.0,2651.42626953125,2302574,0.0,0.0,0.0
2013-05-14,2666.75,2681.659912109375,2658.25,2681.0,2674.369873046875,748471,0.0,0.0,0.0
2013-05-15,2681.75,2683.25,2662.25,2676.625,2670.006103515625,268304,0.0,0.0,0.0
2013-05-16,2677.75,2682.280029296875,2661.5,2664.75,2658.16064453125,154619,0.0,0.0,0.0
2013-05-17,2663.75,2686.75,2660.0,2677.25,2670.628662109375,508601,0.0,0.0,0.0
2013-05-20,2688.5,2694.48095703125,2673.199951171875,2679.25,2672.625244140625,4675451,0.0,0.0,0.0
2013-05-21,2678.5,2697.25,2670.174072265625,2694.25,2687.587646484375,243111,0.0,0.0,0.0
2013-05-22,2690.5,2730.5,2688.862060546875,2722.0,2715.267578125,370154,0.0,0.0,0.0
2013-05-23,2648.0,2650.75,2624.75,2634.0,2627.485595703125,2009039,0.0,0.0,0.0
2013-05-24,2654.75,2654.75,2612.75,2612.75,2606.288818359375,290229,0.0,0.0,0.0
2013-05-28,2651.5,2675.0,2650.780029296875,2662.0,2655.41748046875,1061088,0.0,0.0,0.0
2013-05-29,2641.75,2642.0,2593.75,2596.0,2589.580322265625,4698043,0.0,0.0,0.0
2013-05-30,2597.0,2605.35009765625,2580.080078125,2595.75,2589.330322265625,1482462,0.0,0.0,0.0
2013-05-31,2580.0,2580.0,2554.5,2569.25,2562.896728515625,449478,0.0,0.0,0.0
2013-06-03,2543.25,2546.77099609375,2514.75,2519.75,2513.5185546875,325388,0.0,0.0,0.0
2013-06-04,2533.75,2556.75,2533.75,2535.75,2529.4794921875,816600,0.0,0.0,0.0
2013-06-05,2523.0,2531.75,2477.0,2481.625,2475.48779296875,374166,0.0,0.0,0.0
2013-06-06,2475.25,2475.830078125,2432.782958984375,2434.0,2427.980712890625,1827812,0.0,0.0,0.0
2013-06-07,2440.0,2465.75,2427.75,2465.75,2459.652587890625,716804,0.0,0.0,0.0
2013-06-10,2458.5,2458.5,2411.0,2415.875,2409.90087890625,448248,0.0,0.0,0.0
2013-06-11,2393.0,2395.719970703125,2355.449951171875,2379.875,2373.990234375,742227,0.0,0.0,0.0
2013-06-12,2345.0,2373.5,2345.0,2349.75,2343.940185546875,380112,0.0,0.0,0.0
2013-06-13,2313.0,2351.0,2306.320068359375,2344.0,2338.20361328125,540847,0.0,0.0,0.0
2013-06-14,2361.0,2377.0,2348.75,2352.0,2346.18408203125,402845,0.0,0.0,0.0
2013-06-17,2365.25,2374.5,2356.419921875,2374.0,2368.12890625,295325,0.0,0.0,0.0
2013-06-18,2361.75,2375.0,2361.469970703125,2373.375,2367.504638671875,4200611,0.0,0.0,0.0
2013-06-19,2363.75,2373.25,2352.10009765625,2364.75,2358.901123046875,284868,0.0,0.0,0.0
2013-06-20,2307.0,2313.39990234375,2244.625,2260.0,2254.41162109375,1472793,0.0,0.0,0.0
2013-06-21,2265.25,2274.800048828125,2244.570068359375,2244.0,2238.451171875,782491,0.0,0.0,0.0
2013-06-24,2242.25,2244.780029296875,2191.0,2191.5,2186.080810546875,405301,0.0,0.0,0.0
2013-06-25,2227.0,2255.052978515625,2227.0,2244.75,2239.198486328125,533051,0.0,0.0,0.0
2013-06-26,2258.25,2297.0,2248.25,2291.25,2285.583740234375,222827,0.0,0.0,0.0
2013-06-27,2321.75,2365.280029296875,2310.75,2357.125,2351.29541015625,345525,0.0,0.0,0.0
2013-06-28,2382.0,2390.75,2357.0,2388.0,2382.094482421875,740508,0.0,0.0,0.0
2013-07-01,2402.75,2412.0,2391.25,2400.375,2394.439208984375,458123,0.0,0.0,0.0
2013-07-02,2397.0,2410.25,2387.0,2387.0,2381.09765625,486061,0.0,0.0,0.0
2013-07-03,2350.75,2355.0,2309.5,2335.0,2329.224853515625,723651,0.0,0.0,0.0
2013-07-04,2340.5,2391.75,2335.159912109375,2383.0,2377.10693359375,465868,0.0,0.0,0.0
2013-07-05,2397.75,2421.5,2362.75,2361.875,2356.03515625,339248,0.0,0.0,0.0
2013-07-08,2376.25,2385.25,2360.469970703125,2377.5,2371.62109375,164725,0.0,0.0,0.0
2013-07-09,2377.75,2406.625,2377.10009765625,2404.625,2398.6787109375,94416,0.0,0.0,0.0
2013-07-10,2407.75,2407.75,2386.5,2386.5,2380.5986328125,166494,0.0,0.0,0.0
2013-07-11,2431.5,2436.47998046875,2423.030029296875,2431.75,2425.736572265625,173641,0.0,0.0,0.0
2013-07-12,2426.5,2439.25,2421.25,2425.125,2419.12744140625,223552,0.0,0.0,0.0
2013-07-15,2452.0,2463.0,2438.14990234375,2458.0,2451.92138671875,215246,0.0,0.0,0.0
2013-07-16,2457.75,2471.75,2448.25,2451.0,2444.939208984375,127801,0.0,0.0,0.0
2013-07-17,2456.5,2482.903076171875,2427.0,2463.375,2457.282958984375,569459,0.0,0.0,0.0
2013-07-18,2448.0,2459.0,2426.0,2456.25,2450.175537109375,1096362,0.0,0.0,0.0
2013-07-19,2435.75,2439.31298828125,2420.5,2428.0,2421.9951171875,147118,0.0,0.0,0.0
2013-07-22,2431.0,2431.8798828125,2381.909912109375,2426.0,2420.0009765625,529170,0.0,0.0,0.0
2013-07-23,2454.0,2462.5,2445.8701171875,2456.875,2450.798828125,132251,0.0,0.0,0.0
2013-07-24,2466.0,2472.97998046875,2440.0,2447.25,2441.197509765625,129470,0.0,0.0,0.0
2013-07-25,2441.25,2452.81298828125,2430.25,2437.5,2431.471923828125,964644,0.0,0.0,0.0
2013-07-26,2444.0,2444.0,2417.070068359375,2422.5,2416.50927734375,61421,0.0,0.0,0.0
2013-07-29,2418.0,2429.5,2413.75,2420.0,2414.015380859375,455271,0.0,0.0,0.0
2013-07-30,2428.0,2434.699951171875,2425.5,2425.5,2419.50244140625,117114,0.0,0.0,0.0
2013-07-31,2433.0,2433.0,2383.14990234375,2419.0,2413.018310546875,622663,0.0,0.0,0.0
2013-08-01,2438.0,2454.25,2415.5,2447.125,2441.07275390625,501671,0.0,0.0,0.0
2013-08-02,2449.75,2457.529052734375,2431.75,2444.5,2438.45556640625,492640,0.0,0.0,0.0
2013-08-05,2446.5,2446.5,2421.280029296875,2425.125,2419.12744140625,122849,0.0,0.0,0.0
2013-08-06,2411.25,2417.43994140625,2384.4599609375,2386.25,2380.348876953125,876073,0.0,0.0,0.0
2013-08-07,2378.25,2387.5,2344.239990234375,2346.0,2340.1982421875,1544966,0.0,0.0,0.0
2013-08-08,2355.0,2369.75,2349.31298828125,2365.75,2359.899658203125,1238195,0.0,0.0,0.0
2013-08-09,2373.25,2397.050048828125,2368.610107421875,2390.625,2384.71337890625,192209,0.0,0.0,0.0
2013-08-12,2390.0,2425.75,2390.0,2417.25,2411.2724609375,732113,0.0,0.0,0.0
2013-08-13,2424.0,2437.75,2419.25,2424.75,2418.75341796875,221727,0.0,0.0,0.0
2013-08-14,2433.5,2433.989990234375,2423.39990234375,2429.25,2423.2431640625,225475,0.0,0.0,0.0
2013-08-15,2419.0,2422.75,2375.5,2385.75,2379.85009765625,1120258,0.0,0.0,0.0
2013-08-16,2397.5,2397.5,2379.0,2388.75,2382.842529296875,194372,0.0,0.0,0.0
2013-08-19,2365.25,2373.47998046875,2341.56005859375,2342.0,2336.209228515625,622781,0.0,0.0,0.0
2013-08-20,2308.0,2319.25,2300.0,2316.0,2310.27197265625,882550,0.0,0.0,0.0
2013-08-21,2299.5,2309.139892578125,2274.0,2276.125,2270.496826171875,387208,0.0,0.0,0.0
2013-08-22,2267.25,2308.77001953125,2267.25,2298.25,2292.567138671875,791636,0.0,0.0,0.0
2013-08-23,2308.25,2333.0,2306.419921875,2326.625,2320.871826171875,137679,0.0,0.0,0.0
2013-08-27,2310.75,2314.0,2274.2919921875,2276.0,2270.371826171875,647701,0.0,0.0,0.0
2013-08-28,2262.0,2272.25,2251.75,2266.0,2260.395751953125,101870,0.0,0.0,0.0
2013-08-29,2294.25,2314.469970703125,2280.81005859375,2307.25,2301.5439453125,55355,0.0,0.0,0.0
2013-08-30,2304.0,2311.909912109375,2293.0,2299.0,2293.31494140625,549090,0.0,0.0,0.0
2013-09-02,2321.5,2336.25,2318.14990234375,2332.75,2326.98193359375,551398,0.0,0.0,0.0
2013-09-03,2337.25,2337.25,2312.469970703125,2310.75,2305.03564453125,221009,0.0,0.0,0.0
2013-09-04,2325.5,2329.31005859375,2310.25,2319.75,2314.013671875,40505,0.0,0.0,0.0
2013-09-05,2338.75,2351.25,2326.25,2352.25,2346.433837890625,127082,0.0,0.0,0.0
2013-09-06,2358.0,2390.0,2358.0,2389.125,2383.21630859375,160461,0.0,0.0,0.0
2013-09-09,2392.5,2415.5,2389.5,2414.875,2408.902099609375,557236,0.0,0.0,0.0
2013-09-10,2438.5,2463.6298828125,2435.360107421875,2456.125,2450.05078125,244965,0.0,0.0,0.0
2013-09-11,2441.5,2449.39990234375,2431.5,2439.5,2433.467041015625,235645,0.0,0.0,0.0
2013-09-12,2439.0,2444.64990234375,2426.449951171875,2429.5,2423.492919921875,887222,0.0,0.0,0.0
2013-09-13,2418.0,2422.75,2409.77001953125,2419.375,2413.392333984375,720053,0.0,0.0,0.0
2013-09-16,2440.0,2453.02001953125,2439.22998046875,2448.25,2442.196044921875,200443,0.0,0.0,0.0
2013-09-17,2428.0,2449.18994140625,2428.0,2444.0,2437.95654296875,137355,0.0,0.0,0.0
2013-09-18,2435.75,2438.75,2419.75,2424.0,2418.005615234375,194766,0.0,0.0,0.0
2013-09-19,2493.75,2514.25,2489.919921875,2496.125,2489.951904296875,643444,0.0,0.0,0.0
2013-09-20,2496.75,2502.0,2473.25,2473.25,2467.13330078125,157104,0.0,0.0,0.0
2013-09-23,2454.75,2465.429931640625,2446.75,2457.0,2450.923095703125,374177,0.0,0.0,0.0
2013-09-24,2456.0,2465.93994140625,2450.0,2460.0,2453.91650390625,223315,0.0,0.0,0.0
2013-09-25,2442.5,2452.25,2422.06005859375,2437.75,2431.72021484375,976623,0.0,0.0,0.0
2013-09-26,2430.0,2448.489990234375,2429.969970703125,2437.5,2431.471923828125,245918,0.0,0.0,0.0
2013-09-27,2429.75,2429.75,2394.89990234375,2400.125,2394.189453125,190372,0.0,0.0,0.0
2013-09-30,2379.5,2379.5,2362.25,2364.0,2358.154052734375,424380,0.0,0.0,0.0
2013-10-01,2372.5,2394.52001953125,2369.840087890625,2390.75,2384.837890625,159169,0.0,0.0,0.0
2013-10-02,2383.0,2399.5,2378.7099609375,2397.375,2391.4462890625,60214,0.0,0.0,0.0
2013-10-03,2419.75,2428.0,2414.0,2414.375,2408.404052734375,46582,0.0,0.0,0.0
2013-10-04,2423.25,2447.409912109375,2423.25,2443.0,2436.959716796875,113756,0.0,0.0,0.0
2013-10-07,2436.0,2437.080078125,2385.77001953125,2433.625,2427.60693359375,49098,0.0,0.0,0.0
2013-10-08,2439.5,2448.64990234375,2428.429931640625,2431.0,2424.98828125,938478,0.0,0.0,0.0
2013-10-09,2436.0,2451.330078125,2427.25,2430.625,2424.614990234375,90573,0.0,0.0,0.0
2013-10-10,2463.25,2930.93994140625,2452.2900390625,2481.875,2475.737060546875,204590,0.0,0.0,0.0
2013-10-11,2481.75,2505.10009765625,2481.75,2501.0,2494.815673828125,122040,0.0,0.0,0.0
2013-10-14,2480.0,2495.72998046875,2479.679931640625,2494.875,2488.705810546875,62957,0.0,0.0,0.0
2013-10-15,2510.5,2526.25,2510.5,2523.0,2516.7607421875,524105,0.0,0.0,0.0
2013-10-16,2500.25,2530.25,2491.0,2520.75,2514.516357421875,364342,0.0,0.0,0.0
2013-10-17,2515.25,2515.25,2481.89990234375,2496.75,2490.575927734375,787003,0.0,0.0,0.0
2013-10-18,2503.75,2515.25,2494.7900390625,2510.75,2504.541748046875,441845,0.0,0.0,0.0
2013-10-21,2511.75,2515.0,2497.989990234375,2507.0,2500.799560546875,143195,0.0,0.0,0.0
2013-10-22,2511.5,2534.0,2501.550048828125,2519.0,2512.770263671875,440506,0.0,0.0,0.0
2013-10-23,2495.0,2499.1298828125,2467.679931640625,2481.125,2474.9892578125,152266,0.0,0.0,0.0
2013-10-24,2482.5,2487.25,2468.8798828125,2469.5,2463.393310546875,296066,0.0,0.0,0.0
2013-10-25,2458.0,2470.75,2452.68994140625,2470.0,2463.8916015625,136452,0.0,0.0,0.0
2013-10-28,2486.0,2497.3720703125,2473.64990234375,2495.5,2489.328369140625,1134822,0.0,0.0,0.0
2013-10-29,2505.25,2518.5,2502.43994140625,2520.75,2514.516357421875,77204,0.0,0.0,0.0
2013-10-30,2533.75,2533.75,2516.75,2518.625,2512.396240234375,784149,0.0,0.0,0.0
2013-10-31,2513.0,2518.0,2489.381103515625,2491.25,2485.089599609375,282232,0.0,0.0,0.0
2013-11-01,2502.75,2511.10009765625,2496.25,2497.0,2490.82470703125,218553,0.0,0.0,0.0
2013-11-04,2525.0,2525.0,2490.989990234375,2507.5,2501.298583984375,86442,0.0,0.0,0.0
2013-11-05,2491.25,2497.25,2457.169921875,2460.0,2453.91650390625,656677,0.0,0.0,0.0
2013-11-06,2463.5,2463.5,2451.18994140625,2460.0,2453.91650390625,54138,0.0,0.0,0.0
2013-11-07,2449.75,2464.830078125,2422.5,2426.875,2420.87353515625,340206,0.0,0.0,0.0
2013-11-08,2422.75,2424.0,2395.169921875,2408.875,2402.91796875,186307,0.0,0.0,0.0
2013-11-11,2415.5,2424.25,2403.679931640625,2414.0,2408.02978515625,156113,0.0,0.0,0.0
2013-11-12,2416.75,2426.75,2412.5,2413.875,2407.905029296875,101801,0.0,0.0,0.0
2013-11-13,2398.0,2399.0,2367.0,2371.5,2365.635498046875,541541,0.0,0.0,0.0
2013-11-14,2401.75,2406.0,2382.35009765625,2401.375,2395.4365234375,81796,0.0,0.0,0.0
2013-11-15,2423.25,2465.31005859375,2421.830078125,2456.5,2450.425048828125,657989,0.0,0.0,0.0
2013-11-18,2460.75,2490.5,2460.5,2485.75,2479.602783203125,245151,0.0,0.0,0.0
2013-11-19,2480.25,2490.25,2466.5,2466.5,2460.39990234375,115930,0.0,0.0,0.0
2013-11-20,2431.75,2460.0,2431.75,2453.625,2447.5576171875,535934,0.0,0.0,0.0
2013-11-21,2423.5,2432.75,2414.75,2418.5,2412.519775390625,307278,0.0,0.0,0.0
2013-11-22,2418.25,2423.780029296875,2404.7099609375,2420.5,2414.513671875,208045,0.0,0.0,0.0
2013-11-25,2436.0,2441.85009765625,2427.0,2430.5,2424.489990234375,168021,0.0,0.0,0.0
2013-11-26,2425.75,2429.9599609375,2401.25,2403.0,2397.056884765625,128626,0.0,0.0,0.0
2013-11-27,2404.5,2407.419921875,2389.0,2405.0,2399.052490234375,97544,0.0,0.0,0.0
2013-11-28,2392.5,2405.239990234375,2392.5,2401.75,2395.810546875,66910,0.0,0.0,0.0
2013-11-29,2410.75,2420.5,2403.695068359375,2413.0,2407.032470703125,171298,0.0,0.0,0.0
2013-12-02,2407.0,2428.0,2389.5,2389.125,2383.21630859375,131335,0.0,0.0,0.0
2013-12-03,2377.0,2380.554931640625,2342.25,2342.25,2336.45849609375,358527,0.0,0.0,0.0
2013-12-04,2357.0,2362.800048828125,2339.25,2349.25,2343.440185546875,415505,0.0,0.0,0.0
2013-12-05,2347.0,2368.949951171875,2345.784912109375,2361.25,2355.412109375,150994,0.0,0.0,0.0
2013-12-06,2360.5,2394.25,2358.0,2392.375,2386.45849609375,136491,0.0,0.0,0.0
2013-12-09,2386.0,2407.0,2384.449951171875,2399.5,2393.56640625,373475,0.0,0.0,0.0
2013-12-10,2380.75,2388.0,2375.405029296875,2382.0,2376.1103515625,115629,0.0,0.0,0.0
2013-12-11,2369.0,2380.75,2356.449951171875,2359.25,2353.41552734375,186031,0.0,0.0,0.0
2013-12-12,2347.25,2349.18505859375,2326.5,2329.5,2323.73876953125,392352,0.0,0.0,0.0
2013-12-13,2344.75,2352.756103515625,2338.35498046875,2339.875,2334.089111328125,201885,0.0,0.0,0.0
2013-12-16,2341.0,2373.5,2334.050048828125,2370.25,2364.388671875,349704,0.0,0.0,0.0
2013-12-17,2356.5,2363.639892578125,2346.31005859375,2351.5,2345.68505859375,573077,0.0,0.0,0.0
2013-12-18,2352.75,2357.75,2334.25,2334.25,2328.4765625,365473,0.0,0.0,0.0
2013-12-19,2340.25,2347.8798828125,2320.0,2328.0,2322.242919921875,239307,0.0,0.0,0.0
2013-12-20,2336.5,2347.212890625,2329.155029296875,2341.5,2335.70947265625,186281,0.0,0.0,0.0
2013-12-23,2342.0,2356.5,2339.530029296875,2353.75,2347.929931640625,96976,0.0,0.0,0.0
2013-12-24,2344.0,2361.633056640625,2344.0,2354.25,2348.42919921875,34818,0.0,0.0,0.0
2013-12-27,2345.0,2352.4599609375,2333.989990234375,2347.0,2341.196533203125,134824,0.0,0.0,0.0
2013-12-30,2362.5,2381.77490234375,2348.014892578125,2369.0,2363.142333984375,315420,0.0,0.0,0.0
2013-12-31,2356.25,2376.9951171875,2356.25,2363.5,2357.655029296875,39976,0.0,0.0,0.0
2014-01-02,2339.75,2357.75,2320.4150390625,2329.0,2323.24072265625,286315,0.0,0.0,0.0
2014-01-03,2313.75,2326.60498046875,2308.25,2308.75,2303.04052734375,182381,0.0,0.0,0.0
2014-01-06,2306.0,2309.510009765625,2293.0,2294.875,2289.200927734375,184172,0.0,0.0,0.0
2014-01-07,2296.25,2310.5,2291.4150390625,2298.125,2292.442626953125,78930,0.0,0.0,0.0
2014-01-08,2300.75,2303.550048828125,2282.5,2282.25,2276.606689453125,172937,0.0,0.0,0.0
2014-01-09,2278.5,2281.97998046875,2252.0,2255.0,2249.423095703125,123829,0.0,0.0,0.0
2014-01-10,2272.0,2294.419921875,2269.875,2293.5,2287.828125,414565,0.0,0.0,0.0
2014-01-13,2310.25,2327.449951171875,2300.25,2312.75,2307.030517578125,303649,0.0,0.0,0.0
2014-01-14,2302.25,2302.949951171875,2274.919921875,2295.0,2289.324951171875,351037,0.0,0.0,0.0
2014-01-15,2315.0,2322.824951171875,2305.550048828125,2316.625,2310.8955078125,339482,0.0,0.0,0.0
2014-01-16,2316.0,2318.77490234375,2299.199951171875,2302.75,2297.0546875,212638,0.0,0.0,0.0
2014-01-17,2314.5,2314.5,2282.25,2284.0,2278.351806640625,174461,0.0,0.0,0.0
2014-01-20,2283.0,2294.0,2282.175048828125,2291.125,2285.458984375,282954,0.0,0.0,0.0
2014-01-21,2290.0,2296.5,2266.25,2269.0,2263.39013671875,426653,0.0,0.0,0.0
2014-01-22,2293.5,2293.5,2268.75,2272.0,2266.381591796875,635289,0.0,0.0,0.0
2014-01-23,2264.25,2268.800048828125,2226.0,2232.0,2226.480224609375,1411683,0.0,0.0,0.0
2014-01-24,2224.25,2225.0,2184.0,2186.5,2181.092529296875,909707,0.0,0.0,0.0
2014-01-27,2190.75,2192.02490234375,2164.125,2164.125,2158.77294921875,1515774,0.0,0.0,0.0
2014-01-28,2181.25,2197.0,2173.2060546875,2178.625,2173.2373046875,1597171,0.0,0.0,0.0
2014-01-29,2216.5,2219.550048828125,2145.75,2174.625,2169.246826171875,640373,0.0,0.0,0.0
2014-01-30,2161.5,2192.5,2161.324951171875,2184.375,2178.972900390625,333333,0.0,0.0,0.0
2014-01-31,2175.0,2182.5,2151.5,2181.875,2176.47998046875,338410,0.0,0.0,0.0
2014-02-03,2187.25,2197.0390625,2160.5,2167.875,2162.51416015625,618545,0.0,0.0,0.0
2014-02-04,2167.0,2190.77490234375,2154.0,2187.625,2182.21484375,128398,0.0,0.0,0.0
2014-02-05,2182.25,2194.824951171875,2164.0,2176.0,2170.619384765625,796319,0.0,0.0,0.0
2014-02-06,2190.0,2218.64990234375,2181.625,2214.0,2208.526123046875,196060,0.0,0.0,0.0
2014-02-07,2215.25,2231.5,2201.0,2220.5,2215.00927734375,233503,0.0,0.0,0.0
2014-02-10,2194.75,2218.25,2193.824951171875,2202.5,2197.052978515625,385440,0.0,0.0,0.0
2014-02-11,2219.5,2224.375,2206.75,2228.75,2223.238037109375,210570,0.0,0.0,0.0
2014-02-12,2246.0,2255.25,2229.0,2232.25,2226.72998046875,848039,0.0,0.0,0.0
2014-02-13,2206.0,2212.14990234375,2183.800048828125,2205.0,2199.54736328125,734641,0.0,0.0,0.0
2014-02-14,2215.5,2235.175048828125,2211.679931640625,2233.0,2227.479248046875,140408,0.0,0.0,0.0
2014-02-17,2241.5,2245.278076171875,2230.22509765625,2241.375,2235.83203125,72799,0.0,0.0,0.0
2014-02-18,2232.5,2240.300048828125,2220.785888671875,2235.875,2230.34521484375,108247,0.0,0.0,0.0
2014-02-19,2215.75,2227.85009765625,2213.10009765625,2216.5,2211.019287109375,199916,0.0,0.0,0.0
2014-02-20,2203.0,2218.050048828125,2193.39990234375,2211.0,2205.532470703125,113405,0.0,0.0,0.0
2014-02-21,2226.5,2238.75,2181.85009765625,2238.75,2233.214111328125,613193,0.0,0.0,0.0
2014-02-24,2225.0,2247.778076171875,2208.970947265625,2245.75,2240.1962890625,145416,0.0,0.0,0.0
2014-02-25,2223.25,2230.5009765625,2216.965087890625,2227.75,2222.2412109375,3055845,0.0,0.0,0.0
2014-02-26,2231.5,2234.5,2215.25,2228.5,2223.021240234375,295323,3.2756999,0.0,0.0
2014-02-27,2225.75,2245.699951171875,2206.25,2243.75,2238.234375,161398,0.0,0.0,0.0
2014-02-28,2228.25,2246.5,2226.5,2226.75,2221.276123046875,1147382,0.0,0.0,0.0
2014-03-03,2195.25,2201.323974609375,2176.865966796875,2178.5,2173.14501953125,986163,0.0,0.0,0.0
2014-03-04,2204.25,2233.0,2204.0,2229.875,2224.392578125,941381,0.0,0.0,0.0
2014-03-05,2220.5,2228.803955078125,2213.675048828125,2216.0,2210.552734375,178499,0.0,0.0,0.0
2014-03-06,2241.0,2267.75,2237.25,2267.75,2262.175537109375,213738,0.0,0.0,0.0
2014-03-07,2250.25,2255.0,2225.0,2226.25,2220.778564453125,556274,0.0,0.0,0.0
2014-03-10,2219.5,2229.25,2210.25,2214.75,2209.305908203125,439205,0.0,0.0,0.0
2014-03-11,2227.5,2236.64990234375,2209.75,2213.125,2207.6845703125,117326,0.0,0.0,0.0
2014-03-12,2200.5,2201.7880859375,2186.77490234375,2192.75,2187.3603515625,158851,0.0,0.0,0.0
2014-03-13,2200.0,2202.75,2172.5,2170.0,2164.666259765625,64155,0.0,0.0,0.0
2014-03-14,2172.5,2188.5400390625,2171.175048828125,2183.625,2178.257080078125,291554,0.0,0.0,0.0
2014-03-17,2187.0,2207.5,2183.85009765625,2198.0,2192.59765625,128097,0.0,0.0,0.0
2014-03-18,2205.0,2237.0,2199.175048828125,2234.25,2228.758056640625,198129,0.0,0.0,0.0
2014-03-19,2220.0,2225.0,2209.25,2211.125,2205.689453125,1509258,0.0,0.0,0.0
2014-03-20,2192.0,2210.0,2182.72509765625,2210.0,2204.566162109375,550404,0.0,0.0,0.0
2014-03-21,2214.75,2295.922119140625,2214.425048828125,2247.0,2241.476318359375,815345,0.0,0.0,0.0
2014-03-24,2246.0,2251.02490234375,2231.0,2232.625,2227.13720703125,133540,0.0,0.0,0.0
2014-03-25,2232.25,2271.5,2223.10009765625,2265.0,2259.4306640625,259459,0.0,0.0,0.0
2014-03-26,2266.0,2284.77197265625,2263.75,2273.5,2267.91064453125,1173216,0.0,0.0,0.0
2014-03-27,2268.0,2283.050048828125,2238.0,2281.0,2275.39306640625,358582,0.0,0.0,0.0
2014-03-28,2289.75,2319.0,2289.5,2319.0,2313.299560546875,2200766,0.0,0.0,0.0
2014-03-31,2335.0,2335.0,2309.0,2324.5,2318.78564453125,1150439,0.0,0.0,0.0
2014-04-01,2331.75,2346.925048828125,2324.550048828125,2337.75,2332.0029296875,2639287,0.0,0.0,0.0
2014-04-02,2341.5,2349.75,2336.800048828125,2349.0,2343.225830078125,372016,0.0,0.0,0.0
2014-04-03,2343.0,2353.449951171875,2331.0,2337.75,2332.0029296875,217763,0.0,0.0,0.0
2014-04-04,2339.0,2388.39990234375,2339.0,2373.5,2367.66455078125,338658,0.0,0.0,0.0
2014-04-07,2349.5,2364.199951171875,2342.18994140625,2352.0,2346.21875,432103,0.0,0.0,0.0
2014-04-08,2365.0,2375.2099609375,2356.5048828125,2370.5,2364.6728515625,361427,0.0,0.0,0.0
2014-04-09,2367.75,2371.75,2346.0,2357.625,2351.828857421875,746546,0.0,0.0,0.0
2014-04-10,2369.0,2379.675048828125,2362.02001953125,2366.0,2360.183349609375,299030,0.0,0.0,0.0
2014-04-11,2348.25,2353.175048828125,2339.830078125,2349.125,2343.349853515625,219823,0.0,0.0,0.0
2014-04-14,2347.0,2366.0,2344.491943359375,2355.75,2349.95849609375,309033,0.0,0.0,0.0
2014-04-15,2349.25,2350.590087890625,2296.25,2301.25,2295.5927734375,584644,0.0,0.0,0.0
2014-04-16,2315.25,2330.0,2307.60009765625,2330.0,2324.271484375,568213,0.0,0.0,0.0
2014-04-17,2318.75,2340.419921875,2318.75,2341.75,2335.99365234375,849252,0.0,0.0,0.0
2014-04-22,2340.0,2344.137939453125,2333.030029296875,2337.875,2332.1279296875,212250,0.0,0.0,0.0
2014-04-23,2325.25,2340.1298828125,2310.75,2318.375,2312.67529296875,177786,0.0,0.0,0.0
2014-04-24,2322.5,2334.5,2304.7900390625,2321.0,2315.294189453125,69163,0.0,0.0,0.0
2014-04-25,2303.0,2303.76611328125,2278.25,2283.25,2277.637451171875,734021,0.0,0.0,0.0
2014-04-28,2294.5,2297.139892578125,2282.75,2290.125,2284.495361328125,98019,0.0,0.0,0.0
2014-04-29,2301.5,2325.5,2295.1201171875,2322.0,2316.291748046875,513584,0.0,0.0,0.0
2014-04-30,2302.25,2303.929931640625,2282.285888671875,2284.0,2278.385498046875,504291,0.0,0.0,0.0
2014-05-01,2296.0,2313.469970703125,2296.0,2303.25,2297.587890625,215873,0.0,0.0,0.0
2014-05-02,2295.25,2327.5,2295.25,2317.75,2312.05322265625,282677,0.0,0.0,0.0
2014-05-06,2314.0,2314.0,2291.10009765625,2304.375,2298.710205078125,95375,0.0,0.0,0.0
2014-05-07,2288.0,2305.0,2284.320068359375,2304.125,2298.4609375,136799,0.0,0.0,0.0
2014-05-08,2320.0,2328.0,2312.5,2325.75,2320.03369140625,180760,0.0,0.0,0.0
2014-05-09,2320.25,2331.0,2315.56005859375,2331.0,2325.26953125,101086,0.0,0.0,0.0
2014-05-12,2338.75,2353.0,2331.60009765625,2351.125,2345.345458984375,763870,0.0,0.0,0.0
2014-05-13,2361.25,2384.52001953125,2359.219970703125,2376.75,2370.906982421875,517501,0.0,0.0,0.0
2014-05-14,2386.0,2400.840087890625,2376.199951171875,2401.75,2395.845703125,203666,0.0,0.0,0.0
2014-05-15,2409.0,2409.0,2370.64990234375,2369.375,2363.55078125,38958,0.0,0.0,0.0
2014-05-16,2384.0,2397.0,2372.8798828125,2397.0,2391.107177734375,138474,0.0,0.0,0.0
2014-05-19,2394.0,2402.75,2388.764892578125,2402.0,2396.09521484375,420988,0.0,0.0,0.0
2014-05-20,2391.75,2393.159912109375,2381.919921875,2391.125,2385.24658203125,490953,0.0,0.0,0.0
2014-05-21,2369.0,2376.639892578125,2355.699951171875,2371.75,2366.044189453125,829027,12.5193,0.0,0.0
2014-05-22,2386.75,2392.8701171875,2379.159912109375,2390.25,2384.4990234375,304151,0.0,0.0,0.0
2014-05-23,2395.75,2404.97998046875,2391.510009765625,2404.5,2398.71484375,383924,0.0,0.0,0.0
2014-05-27,2381.0,2391.25,2377.75,2376.25,2370.531982421875,658182,0.0,0.0,0.0
2014-05-28,2398.75,2408.25,2396.10009765625,2405.5,2399.7119140625,1764422,0.0,0.0,0.0
2014-05-29,2404.75,2416.47998046875,2404.75,2414.125,2408.315673828125,39907,0.0,0.0,0.0
2014-05-30,2398.75,2404.39990234375,2378.0,2378.0,2372.278564453125,107170,0.0,0.0,0.0
2014-06-02,2385.75,2394.5,2381.669921875,2391.5,2385.745361328125,394079,0.0,0.0,0.0
2014-06-03,2393.25,2402.0,2368.8701171875,2402.0,2396.220458984375,173094,0.0,0.0,0.0
2014-06-04,2396.0,2402.419921875,2381.0,2388.75,2383.002197265625,832878,0.0,0.0,0.0
2014-06-05,2385.75,2407.449951171875,2385.75,2399.125,2393.352783203125,266857,0.0,0.0,0.0
2014-06-06,2391.5,2435.25,2391.5,2433.0,2427.14599609375,1486280,0.0,0.0,0.0
2014-06-09,2422.25,2436.31494140625,2418.300048828125,2433.25,2427.39501953125,328893,0.0,0.0,0.0
2014-06-10,2433.75,2448.27001953125,2431.302978515625,2450.25,2444.3544921875,119065,0.0,0.0,0.0
2014-06-11,2447.0,2449.8798828125,2436.75,2446.5,2440.61279296875,61066,0.0,0.0,0.0
2014-06-12,2433.5,2440.75,2430.25,2432.75,2426.896728515625,179342,0.0,0.0,0.0
2014-06-13,2408.25,2409.0,2391.43994140625,2407.5,2401.707763671875,984703,0.0,0.0,0.0
2014-06-16,2394.25,2401.0,2390.0,2389.125,2383.376220703125,170859,0.0,0.0,0.0
2014-06-17,2399.5,2404.14990234375,2387.25,2390.625,2384.87353515625,61489,0.0,0.0,0.0
2014-06-18,2382.25,2405.75,2382.25,2388.75,2383.002197265625,95706,0.0,0.0,0.0
2014-06-19,2405.0,2405.0,2395.35009765625,2397.0,2391.232421875,125276,0.0,0.0,0.0
2014-06-20,2385.75,2391.0,2383.219970703125,2388.625,2382.877685546875,110823,0.0,0.0,0.0
2014-06-23,2383.0,2392.7470703125,2380.0,2388.25,2382.503662109375,47845,0.0,0.0,0.0
2014-06-24,2397.25,2419.22998046875,2394.75,2417.0,2411.184326171875,87770,0.0,0.0,0.0
2014-06-25,2399.75,2399.75,2383.75,2392.875,2387.1181640625,213033,0.0,0.0,0.0
2014-06-26,2391.25,2405.449951171875,2389.5400390625,2393.5,2387.741943359375,99724,0.0,0.0,0.0
2014-06-27,2395.75,2398.5,2388.080078125,2398.5,2392.729248046875,232299,0.0,0.0,0.0
2014-06-30,2398.5,2404.75,2386.25,2389.0,2383.251220703125,108666,0.0,0.0,0.0
2014-07-01,2389.0,2400.22998046875,2384.5,2398.875,2393.103271484375,67252,0.0,0.0,0.0
2014-07-02,2406.0,2414.0,2403.75,2403.75,2397.966796875,174335,0.0,0.0,0.0
2014-07-03,2410.5,2422.47998046875,2408.5,2422.0,2416.172119140625,149759,0.0,0.0,0.0
2014-07-04,2416.75,2425.613037109375,2416.75,2421.0,2415.17529296875,61154,0.0,0.0,0.0
2014-07-07,2422.5,2427.030029296875,2417.3798828125,2422.875,2417.0458984375,166328,0.0,0.0,0.0
2014-07-08,2426.0,2435.25,2419.139892578125,2419.0,2413.18017578125,37514,0.0,0.0,0.0
2014-07-09,2418.0,2431.699951171875,2412.75,2421.0,2415.17529296875,159874,0.0,0.0,0.0
2014-07-10,2428.75,2428.75,2394.25,2407.25,2401.458251953125,163137,0.0,0.0,0.0
2014-07-11,2410.0,2426.580078125,2405.840087890625,2417.0,2411.184326171875,41910,0.0,0.0,0.0
2014-07-14,2421.5,2439.0,2421.260009765625,2438.0,2432.132568359375,61628,0.0,0.0,0.0
2014-07-15,2437.75,2443.5,2421.0,2423.5,2417.669189453125,151771,0.0,0.0,0.0
2014-07-16,2431.25,2445.10009765625,2431.25,2440.0,2434.12939453125,269170,0.0,0.0,0.0
2014-07-17,2429.5,2433.89990234375,2422.75,2419.625,2413.803466796875,15936,0.0,0.0,0.0
2014-07-18,2423.75,2442.5,2418.25,2440.625,2434.75244140625,414322,0.0,0.0,0.0
2014-07-21,2455.75,2455.75,2429.0,2436.625,2430.76318359375,62321,0.0,0.0,0.0
2014-07-22,2455.0,2478.25,2452.77001953125,2478.25,2472.287841796875,1611725,0.0,0.0,0.0
2014-07-23,2474.75,2485.64501953125,2471.85009765625,2478.375,2472.412353515625,174135,0.0,0.0,0.0
2014-07-24,2476.0,2496.5,2472.949951171875,2495.625,2489.619384765625,67031,0.0,0.0,0.0
2014-07-25,2488.5,2490.199951171875,2482.5,2484.0,2478.022705078125,222983,0.0,0.0,0.0
2014-07-28,2493.0,2494.25,2485.02197265625,2495.0,2488.9970703125,250850,0.0,0.0,0.0
2014-07-29,2502.5,2511.25,2489.5,2504.75,2498.72412109375,414679,0.0,0.0,0.0
2014-07-30,2505.25,2512.0,2492.25,2494.5,2488.4990234375,135228,0.0,0.0,0.0
2014-07-31,2488.25,2488.25,2440.1689453125,2442.0,2436.12451171875,1132060,0.0,0.0,0.0
2014-08-01,2451.0,2474.25,2440.5,2461.5,2455.57763671875,1005157,0.0,0.0,0.0
2014-08-04,2481.25,2484.25,2471.5,2474.5,2468.545654296875,87689,0.0,0.0,0.0
2014-08-05,2475.25,2480.449951171875,2459.25,2462.5,2456.576171875,583453,0.0,0.0,0.0
2014-08-06,2455.0,2461.0,2440.5,2446.75,2440.862548828125,190587,0.0,0.0,0.0
2014-08-07,2438.0,2450.25,2433.25,2439.25,2433.380615234375,218106,0.0,0.0,0.0
2014-08-08,2426.0,2450.0,2423.25,2443.75,2437.870849609375,246593,0.0,0.0,0.0
2014-08-11,2462.75,2487.75,2462.75,2488.0,2482.013916015625,209143,0.0,0.0,0.0
2014-08-12,2482.75,2488.5,2477.888916015625,2481.5,2475.52880859375,172450,0.0,0.0,0.0
2014-08-13,2491.5,2526.010009765625,2490.699951171875,2525.5,2519.423095703125,351728,0.0,0.0,0.0
2014-08-14,2512.25,2528.75,2508.60009765625,2522.875,2516.80517578125,185336,0.0,0.0,0.0
2014-08-15,2527.5,2533.75,2508.5,2510.25,2504.2109375,378993,0.0,0.0,0.0
2014-08-18,2518.75,2531.510009765625,2512.75,2531.0,2524.91064453125,144620,0.0,0.0,0.0
2014-08-19,2544.0,2561.1279296875,2539.0,2555.5,2549.351318359375,666601,0.0,0.0,0.0
2014-08-20,2534.5,2536.0,2521.75,2536.0,2530.126220703125,683643,22.9483,0.0,0.0
2014-08-21,2521.25,2538.0,2519.35009765625,2528.0,2522.144287109375,210185,0.0,0.0,0.0
2014-08-22,2544.5,2545.0,2520.5,2529.75,2523.889892578125,124254,0.0,0.0,0.0
2014-08-26,2541.0,2558.260009765625,2541.0,2557.75,2551.82470703125,1225396,0.0,0.0,0.0
2014-08-27,2557.0,2564.25,2556.9599609375,2563.5,2557.562255859375,1473428,0.0,0.0,0.0
2014-08-28,2551.75,2555.39599609375,2537.85009765625,2539.5,2533.6171875,422148,0.0,0.0,0.0
2014-08-29,2551.25,2551.25,2538.25,2547.0,2541.1005859375,776062,0.0,0.0,0.0
2014-09-01,2548.75,2558.139892578125,2548.52587890625,2554.0,2548.083984375,383241,0.0,0.0,0.0
2014-09-02,2544.25,2557.0,2543.14208984375,2553.0,2547.08642578125,565874,0.0,0.0,0.0
2014-09-03,2581.25,2608.5,2580.75,2599.75,2593.727294921875,1267301,0.0,0.0,0.0
2014-09-04,2596.75,2617.5,2593.22607421875,2615.5,2609.44189453125,307171,0.0,0.0,0.0
2014-09-05,2607.25,2618.39990234375,2601.25,2615.5,2609.44189453125,83478,0.0,0.0,0.0
2014-09-08,2642.5,2657.75,2636.803955078125,2648.5,2642.364990234375,356096,0.0,0.0,0.0
2014-09-09,2634.5,2635.446044921875,2607.75,2618.0,2611.935302734375,148997,0.0,0.0,0.0
2014-09-10,2579.0,2593.75,2570.0,2572.0,2566.042724609375,1007364,0.0,0.0,0.0
2014-09-11,2565.5,2565.5,2549.25,2561.0,2555.06787109375,149497,0.0,0.0,0.0
2014-09-12,2553.25,2557.0,2528.75,2533.75,2527.880126953125,629831,0.0,0.0,0.0
2014-09-15,2518.25,2523.0,2512.0,2517.125,2511.294921875,228479,0.0,0.0,0.0
2014-09-16,2521.75,2532.0,2515.89990234375,2535.0,2529.128173828125,313970,0.0,0.0,0.0
2014-09-17,2533.5,2536.5,2525.25,2531.375,2525.51123046875,562015,0.0,0.0,0.0
2014-09-18,2523.25,2525.75,2497.5,2509.75,2503.936767578125,34251,0.0,0.0,0.0
2014-09-19,2498.5,2516.0,2497.050048828125,2501.5,2495.705810546875,180718,0.0,0.0,0.0
2014-09-22,2478.0,2485.863037109375,2450.160888671875,2452.0,2446.320556640625,806363,0.0,0.0,0.0
2014-09-23,2462.0,2463.784912109375,2434.5,2441.375,2435.719482421875,154436,0.0,0.0,0.0
2014-09-24,2451.0,2463.75,2447.25,2462.5,2456.79736328125,140548,0.0,0.0,0.0
2014-09-25,2458.25,2462.0,2421.4970703125,2425.5,2419.881591796875,336860,0.0,0.0,0.0
2014-09-26,2429.75,2441.0,2425.75,2439.0,2433.349609375,449406,0.0,0.0,0.0
2014-09-29,2427.25,2427.25,2387.0,2393.25,2387.70703125,689005,0.0,0.0,0.0
2014-09-30,2400.75,2406.75,2387.75,2398.0,2392.445068359375,322717,0.0,0.0,0.0
2014-10-01,2391.75,2395.0,2374.75,2375.25,2369.748291015625,599747,0.0,0.0,0.0
2014-10-02,2365.75,2370.5,2355.25,2355.625,2350.16748046875,444713,0.0,0.0,0.0
2014-10-03,2396.0,2407.75,2393.9951171875,2403.75,2398.182373046875,703515,0.0,0.0,0.0
2014-10-06,2436.5,2468.5,2435.89990234375,2450.5,2444.82373046875,304917,0.0,0.0,0.0
2014-10-07,2434.75,2443.23291015625,2417.89111328125,2424.4990234375,2418.88232421875,122352,0.0,0.0,0.0
2014-10-08,2417.75,2421.969970703125,2390.75,2397.875,2392.320068359375,146619,0.0,0.0,0.0
2014-10-09,2428.75,2434.0,2400.50390625,2411.125,2405.54052734375,437948,0.0,0.0,0.0
2014-10-10,2398.75,2402.0,2356.97998046875,2358.75,2353.285400390625,371234,0.0,0.0,0.0
2014-10-13,2366.25,2403.0,2362.5,2396.25,2390.69921875,388843,0.0,0.0,0.0
2014-10-14,2389.5,2418.0,2383.7490234375,2415.375,2409.780029296875,181299,0.0,0.0,0.0
2014-10-15,2414.25,2415.5,2351.5,2356.5,2351.04052734375,467753,0.0,0.0,0.0
2014-10-16,2371.5,2373.02001953125,2307.35009765625,2350.75,2345.3046875,412122,0.0,0.0,0.0
2014-10-17,2345.75,2374.25,2330.929931640625,2373.125,2367.626953125,241140,0.0,0.0,0.0
2014-10-20,2377.25,2380.034912109375,2351.0,2364.75,2359.271484375,226257,0.0,0.0,0.0
2014-10-21,2344.0,2392.8310546875,2336.800048828125,2382.0,2376.482666015625,358405,0.0,0.0,0.0
2014-10-22,2379.25,2391.5,2375.544921875,2381.125,2375.609375,276468,0.0,0.0,0.0
2014-10-23,2370.0,2388.25,2370.0,2384.5,2378.975341796875,62130,0.0,0.0,0.0
2014-10-24,2365.25,2383.0,2363.361083984375,2385.125,2379.599853515625,128348,0.0,0.0,0.0
2014-10-27,2353.25,2354.5,2316.989990234375,2346.75,2341.31396484375,173638,0.0,0.0,0.0
2014-10-28,2371.5,2395.5,2368.9970703125,2393.75,2388.20556640625,140271,0.0,0.0,0.0
2014-10-29,2412.0,2429.0,2408.998046875,2429.0,2423.373779296875,2795268,0.0,0.0,0.0
2014-10-30,2435.0,2443.25,2419.75,2443.25,2437.591064453125,239439,0.0,0.0,0.0
2014-10-31,2459.5,2473.5,2456.5,2459.0,2453.30419921875,351022,0.0,0.0,0.0
2014-11-03,2460.0,2478.299072265625,2440.0,2441.5,2435.844482421875,1126491,0.0,0.0,0.0
2014-11-04,2442.75,2449.75,2426.75,2427.75,2422.1259765625,277209,0.0,0.0,0.0
2014-11-05,2435.25,2439.75,2416.97509765625,2425.0,2419.382568359375,339768,0.0,0.0,0.0
2014-11-06,2420.25,2432.0,2419.25,2426.125,2420.50439453125,181132,0.0,0.0,0.0
2014-11-07,2415.75,2433.5,2412.5,2432.5,2426.86572265625,293997,0.0,0.0,0.0
2014-11-10,2442.0,2451.93798828125,2429.741943359375,2447.5,2441.830322265625,537878,0.0,0.0,0.0
2014-11-11,2440.75,2440.75,2426.25,2429.25,2423.62353515625,157815,0.0,0.0,0.0
2014-11-12,2429.25,2452.5,2419.75,2452.0,2446.320556640625,395969,0.0,0.0,0.0
2014-11-13,2451.75,2461.0,2435.988037109375,2450.875,2445.1982421875,487336,0.0,0.0,0.0
2014-11-14,2450.0,2464.25,2448.75,2460.0,2454.3017578125,584198,0.0,0.0,0.0
2014-11-17,2448.25,2456.5029296875,2447.25,2448.25,2442.57861328125,469783,0.0,0.0,0.0
2014-11-18,2444.5,2458.5,2442.25,2455.625,2449.936279296875,462072,0.0,0.0,0.0
2014-11-19,2451.75,2459.0,2441.75,2446.125,2440.4580078125,56523,0.0,0.0,0.0
2014-11-20,2451.75,2457.25,2442.25,2455.5,2449.81201171875,338855,0.0,0.0,0.0
2014-11-21,2460.75,2520.75,2458.81494140625,2511.25,2505.432861328125,459518,0.0,0.0,0.0
2014-11-24,2525.0,2525.0,2499.5,2504.0,2498.199951171875,259746,0.0,0.0,0.0
2014-11-25,2499.25,2513.06298828125,2489.0,2493.0,2487.225341796875,297939,0.0,0.0,0.0
2014-11-26,2504.75,2509.669921875,2493.875,2505.5,2499.69580078125,386344,0.0,0.0,0.0
2014-11-27,2496.5,2504.75,2486.43798828125,2499.25,2493.551513671875,418261,9.074699,0.0,0.0
2014-11-28,2483.75,2503.875,2473.25,2476.0,2470.353759765625,545944,0.0,0.0,0.0
2014-12-01,2451.5,2451.5,2413.35009765625,2416.0,2410.49072265625,1068207,0.0,0.0,0.0
2014-12-02,2430.75,2436.283935546875,2425.25,2429.25,2423.71142578125,578026,0.0,0.0,0.0
2014-12-03,2420.25,2431.5,2403.9599609375,2425.5,2419.96923828125,148001,0.0,0.0,0.0
2014-12-04,2442.0,2464.0,2420.06494140625,2422.0,2416.47705078125,109109,0.0,0.0,0.0
2014-12-05,2438.5,2438.5,2425.125,2434.375,2428.82421875,90507,0.0,0.0,0.0
2014-12-08,2434.5,2437.4951171875,2408.0,2409.125,2403.631591796875,210553,0.0,0.0,0.0
2014-12-09,2376.0,2380.875,2354.75,2360.0,2354.618408203125,1111380,0.0,0.0,0.0
2014-12-10,2364.25,2378.68994140625,2327.85693359375,2344.0,2338.6552734375,305122,0.0,0.0,0.0
2014-12-11,2336.5,2345.0,2316.25,2323.0,2317.70263671875,176892,0.0,0.0,0.0
2014-12-12,2305.75,2312.844970703125,2276.25,2279.75,2274.551513671875,326505,0.0,0.0,0.0
2014-12-15,2292.0,2306.1201171875,2245.31298828125,2247.0,2241.876220703125,1058062,0.0,0.0,0.0
2014-12-16,2261.25,2266.25,2204.25,2257.75,2252.600830078125,306419,0.0,0.0,0.0
2014-12-17,2232.25,2284.51904296875,2225.25,2276.75,2271.55810546875,252400,0.0,0.0,0.0
2014-12-18,2303.25,2339.93798828125,2303.0,2317.75,2312.46484375,85161,0.0,0.0,0.0
2014-12-19,2333.0,2346.5,2325.25,2345.5,2340.15087890625,286653,0.0,0.0,0.0
2014-12-22,2357.75,2379.0,2357.75,2378.25,2372.8271484375,165609,0.0,0.0,0.0
2014-12-23,2366.5,2383.25,2366.5,2374.5,2369.0849609375,42422,0.0,0.0,0.0
2014-12-24,2372.0,2372.0,2366.3310546875,2369.125,2363.722900390625,13740,0.0,0.0,0.0
2014-12-29,2387.75,2402.64306640625,2384.25,2401.75,2396.27294921875,192977,0.0,0.0,0.0
2014-12-30,2374.0,2381.5,2372.81298828125,2375.0,2369.584716796875,186181,0.0,0.0,0.0
2014-12-31,2387.75,2388.75,2381.25,2384.75,2379.311767578125,121649,0.0,0.0,0.0
2015-01-02,2394.0,2401.6650390625,2381.0,2383.625,2378.189208984375,704216,0.0,0.0,0.0
2015-01-05,2394.0,2401.06298828125,2368.802001953125,2368.875,2363.4736328125,1001690,0.0,0.0,0.0
2015-01-06,2364.0,2383.06298828125,2353.5,2367.625,2362.2265625,216107,0.0,0.0,0.0
2015-01-07,2389.0,2424.5,2388.43798828125,2415.75,2410.241455078125,131404,0.0,0.0,0.0
2015-01-08,2451.0,2474.5,2451.0,2472.25,2466.61279296875,303729,0.0,0.0,0.0
2015-01-09,2463.5,2470.5,2445.0,2445.25,2439.67431640625,162256,0.0,0.0,0.0
2015-01-12,2449.0,2465.06298828125,2426.0,2437.25,2431.692138671875,63904,0.0,0.0,0.0
2015-01-13,2463.0,2467.5,2447.385009765625,2465.75,2460.126953125,184112,0.0,0.0,0.0
2015-01-14,2423.75,2440.75,2409.5,2421.0,2415.4794921875,337950,0.0,0.0,0.0
2015-01-15,2461.0,2463.5,2431.75,2454.75,2449.15234375,365651,0.0,0.0,0.0
2015-01-16,2429.75,2463.125,2415.9990234375,2457.25,2451.646240234375,351698,0.0,0.0,0.0
2015-01-19,2447.0,2448.75,2435.0,2439.875,2434.31103515625,99806,0.0,0.0,0.0
2015-01-20,2447.5,2457.5,2440.159912109375,2444.75,2439.175048828125,69143,0.0,0.0,0.0
2015-01-21,2470.0,2513.0,2470.0,2510.75,2505.02490234375,221723,0.0,0.0,0.0
2015-01-22,2504.75,2555.75,2501.0,2551.75,2545.930908203125,368739,0.0,0.0,0.0
2015-01-23,2572.25,2628.530029296875,2563.25,2570.75,2564.888671875,1744961,0.0,0.0,0.0
2015-01-26,2549.25,2559.698974609375,2543.31298828125,2556.625,2550.795166015625,461881,0.0,0.0,0.0
2015-01-27,2538.0,2543.25,2505.580078125,2511.0,2505.274658203125,285178,0.0,0.0,0.0
2015-01-28,2526.25,2532.669921875,2502.947998046875,2514.5,2508.765380859375,155985,0.0,0.0,0.0
2015-01-29,2496.5,2505.5,2489.280029296875,2496.125,2490.43310546875,193982,0.0,0.0,0.0
2015-01-30,2496.75,2496.75,2443.77197265625,2464.0,2458.381103515625,382463,0.0,0.0,0.0
2015-02-02,2476.75,2496.125,2472.43798828125,2495.75,2490.058349609375,229327,0.0,0.0,0.0
2015-02-03,2505.0,2524.5,2501.574951171875,2515.5,2509.76416015625,302701,0.0,0.0,0.0
2015-02-04,2515.0,2530.5,2500.75,2523.0,2517.24658203125,183859,0.0,0.0,0.0
2015-02-05,2488.0,2501.5,2484.0,2501.5,2495.7958984375,229192,0.0,0.0,0.0
2015-02-06,2485.25,2487.5,2475.5,2481.25,2475.591552734375,315336,0.0,0.0,0.0
2015-02-09,2475.5,2480.5,2469.362060546875,2479.25,2473.597412109375,187805,0.0,0.0,0.0
2015-02-10,2472.0,2477.81298828125,2454.0,2457.625,2452.02099609375,37901,0.0,0.0,0.0
2015-02-11,2454.0,2455.75,2429.0,2435.5,2429.947021484375,395053,0.0,0.0,0.0
2015-02-12,2441.5,2467.5,2441.5,2456.75,2451.14697265625,188378,0.0,0.0,0.0
2015-02-13,2468.5,2497.75,2468.5,2497.125,2491.429931640625,119820,0.0,0.0,0.0
2015-02-16,2488.75,2494.25,2484.52294921875,2493.5,2487.81494140625,355595,0.0,0.0,0.0
2015-02-17,2485.0,2500.75,2331.68798828125,2489.625,2483.94775390625,134946,0.0,0.0,0.0
2015-02-18,2493.5,2493.5,2473.0,2478.0,2472.349853515625,444676,0.0,0.0,0.0
2015-02-19,2475.25,2483.25,2466.0,2483.25,2477.5869140625,160769,0.0,0.0,0.0
2015-02-20,2475.0,2492.0,2473.18798828125,2484.0,2478.33544921875,572707,0.0,0.0,0.0
2015-02-23,2491.25,2491.25,2468.75,2470.5,2464.867431640625,155404,0.0,0.0,0.0
2015-02-24,2475.5,2503.75,2472.18798828125,2500.5,2494.798828125,319831,0.0,0.0,0.0
2015-02-25,2502.5,2502.5,2481.0,2488.0,2482.32666015625,220239,0.0,0.0,0.0
2015-02-26,2478.75,2516.06591796875,2478.75,2495.875,2490.23681640625,203666,5.3417997,0.0,0.0
2015-02-27,2493.75,2500.5,2484.56298828125,2496.5,2490.8603515625,304120,0.0,0.0,0.0
2015-03-02,2490.75,2500.0,2488.02197265625,2493.875,2488.2421875,82610,0.0,0.0,0.0
2015-03-03,2485.5,2486.25,2476.0,2476.0,2470.40673828125,117439,0.0,0.0,0.0
2015-03-04,2476.0,2476.5,2455.5,2467.25,2461.676513671875,368421,0.0,0.0,0.0
2015-03-05,2473.5,2482.962890625,2473.5,2480.5,2474.89697265625,269393,0.0,0.0,0.0
2015-03-06,2488.25,2497.25,2466.625,2466.125,2460.5537109375,413354,0.0,0.0,0.0
2015-03-09,2471.5,2471.5,2447.75,2446.875,2441.347412109375,197040,0.0,0.0,0.0
2015-03-10,2429.5,2440.27001953125,2396.760009765625,2397.0,2391.58544921875,845615,0.0,0.0,0.0
2015-03-11,2416.25,2431.39990234375,2410.550048828125,2430.375,2424.885009765625,228014,0.0,0.0,0.0
2015-03-12,2446.0,2469.5,2444.75,2466.75,2461.177978515625,289625,0.0,0.0,0.0
2015-03-13,2468.0,2468.0,2446.25,2450.5,2444.96484375,61591,0.0,0.0,0.0
2015-03-16,2460.75,2470.75,2459.75,2466.625,2461.05322265625,162080,0.0,0.0,0.0
2015-03-17,2476.5,2495.75,2475.943115234375,2493.5,2487.868408203125,569162,0.0,0.0,0.0
2015-03-18,2506.0,2521.5,2502.162109375,2518.25,2512.5615234375,209905,0.0,0.0,0.0
2015-03-19,2536.0,2537.5,2511.25,2522.0,2516.30419921875,1044506,0.0,0.0,0.0
2015-03-20,2530.5,2534.125,2520.875,2523.0,2517.300537109375,151374,0.0,0.0,0.0
2015-03-23,2525.0,2537.0,2515.7880859375,2529.125,2523.412841796875,148255,0.0,0.0,0.0
2015-03-24,2524.5,2550.762939453125,2524.5,2546.25,2540.49853515625,1179515,0.0,0.0,0.0
2015-03-25,2546.25,2550.113037109375,2521.5,2523.75,2518.048583984375,279911,0.0,0.0,0.0
2015-03-26,2508.0,2641.52490234375,2494.0,2500.25,2494.602783203125,287845,0.0,0.0,0.0
2015-03-27,2504.75,2508.576904296875,2486.89990234375,2494.5,2488.866455078125,280179,0.0,0.0,0.0
2015-03-30,2499.0,2550.0,2499.0,2547.75,2541.9951171875,428355,0.0,0.0,0.0
2015-03-31,2545.75,2552.0,2535.25,2539.125,2533.38916015625,385138,0.0,0.0,0.0
2015-04-01,2542.0,2578.446044921875,2539.824951171875,2574.5,2568.68408203125,481583,0.0,0.0,0.0
2015-04-02,2583.75,2610.0,2577.06298828125,2600.75,2594.875244140625,36215,0.0,0.0,0.0
2015-04-07,2621.5,2639.0,2620.212890625,2639.0,2633.039306640625,421109,0.0,0.0,0.0
2015-04-08,2650.0,2703.162109375,2647.300048828125,2673.25,2667.212158203125,1249270,0.0,0.0,0.0
2015-04-09,2692.75,2718.25,2682.175048828125,2718.0,2711.8603515625,519132,0.0,0.0,0.0
2015-04-10,2723.75,2752.5,2723.488037109375,2747.25,2741.044189453125,384195,0.0,0.0,0.0
2015-04-13,2759.75,2767.050048828125,2751.25,2751.25,2745.03515625,138491,0.0,0.0,0.0
2015-04-14,2734.5,2736.384033203125,2708.675048828125,2718.5,2712.358642578125,499995,0.0,0.0,0.0
2015-04-15,2716.0,2729.199951171875,2715.625,2720.25,2714.105712890625,39063,0.0,0.0,0.0
2015-04-16,2734.5,2741.0,2717.25,2726.375,2720.21630859375,451846,0.0,0.0,0.0
2015-04-17,2729.0,2729.087890625,2665.5,2672.5,2666.4638671875,2065155,0.0,0.0,0.0
2015-04-20,2690.75,2697.5,2684.56298828125,2691.0,2684.921630859375,883683,0.0,0.0,0.0
2015-04-21,2711.0,2724.679931640625,2703.0,2708.75,2702.6318359375,410468,0.0,0.0,0.0
2015-04-22,2716.5,2720.625,2690.5,2702.25,2696.146728515625,184655,0.0,0.0,0.0
2015-04-23,2718.25,2740.841064453125,2703.449951171875,2713.75,2707.620361328125,237133,0.0,0.0,0.0
2015-04-24,2718.25,2723.35009765625,2713.25,2713.75,2707.620361328125,114727,0.0,0.0,0.0
2015-04-27,2726.25,2737.412109375,2720.27490234375,2721.5,2715.35205078125,1378118,0.0,0.0,0.0
2015-04-28,2700.0,2711.637939453125,2696.125,2702.5,2696.396240234375,291604,0.0,0.0,0.0
2015-04-29,2673.5,2678.449951171875,2655.25,2660.25,2654.241455078125,289024,0.0,0.0,0.0
2015-04-30,2638.75,2651.0,2599.791015625,2642.75,2636.780029296875,2494953,0.0,0.0,0.0
2015-05-01,2628.5,2683.0,2628.5,2683.0,2676.93994140625,267184,0.0,0.0,0.0
2015-05-05,2673.0,2687.800048828125,2673.0,2677.25,2671.2021484375,151014,0.0,0.0,0.0
2015-05-06,2656.25,2670.1630859375,2630.52490234375,2642.0,2636.0322265625,228491,0.0,0.0,0.0
2015-05-07,2621.0,2624.25,2594.25,2619.0,2613.084228515625,225388,0.0,0.0,0.0
2015-05-08,2592.0,2689.955078125,2588.962890625,2628.25,2622.3125,690040,0.0,0.0,0.0
2015-05-11,2623.0,2625.18798828125,2580.25,2580.25,2574.422119140625,135680,0.0,0.0,0.0
2015-05-12,2568.5,2569.113037109375,2535.5,2547.75,2541.9951171875,220513,0.0,0.0,0.0
2015-05-13,2559.25,2571.5,2550.7880859375,2552.0,2546.235107421875,2409439,0.0,0.0,0.0
2015-05-14,2547.75,2563.301025390625,2541.25,2561.5,2555.71435546875,90887,0.0,0.0,0.0
2015-05-15,2558.75,2575.25,2558.0,2569.5,2563.695556640625,278381,0.0,0.0,0.0
2015-05-18,2568.0,2583.52490234375,2566.0,2576.25,2570.429443359375,178772,0.0,0.0,0.0
2015-05-19,2603.5,2642.10595703125,2599.7880859375,2604.5,2598.61669921875,694885,0.0,0.0,0.0
2015-05-20,2599.0,2627.55810546875,2587.0,2595.0,2589.138427734375,373875,0.0,0.0,0.0
2015-05-21,2568.5,2572.5380859375,2496.27490234375,2564.75,2558.95654296875,157846,0.0,0.0,0.0
2015-05-22,2584.5,2613.657958984375,2584.0,2602.875,2596.995361328125,308329,0.0,0.0,0.0
2015-05-26,2604.25,2611.5,2583.25,2585.5,2579.659912109375,432652,0.0,0.0,0.0
2015-05-27,2570.5,2580.0,2561.5,2580.0,2574.172607421875,370955,0.0,0.0,0.0
2015-05-28,2545.0,2561.0,2523.389892578125,2547.0,2541.314453125,223123,6.8668,0.0,0.0
2015-05-29,2555.75,2561.5,2512.180908203125,2541.75,2536.076171875,357203,0.0,0.0,0.0
2015-06-01,2545.75,2545.75,2528.007080078125,2538.5,2532.83349609375,140162,0.0,0.0,0.0
2015-06-02,2530.25,2531.89306640625,2511.0,2520.25,2514.6240234375,296580,0.0,0.0,0.0
2015-06-03,2510.25,2524.5,2508.0,2515.125,2509.51025390625,182537,0.0,0.0,0.0
2015-06-04,2497.75,2498.5,2472.962890625,2476.25,2470.722412109375,268380,0.0,0.0,0.0
2015-06-05,2478.5,2487.0,2475.94091796875,2480.125,2474.58935546875,34006,0.0,0.0,0.0
2015-06-08,2478.5,2483.0,2472.25,2473.0,2467.47900390625,56509,0.0,0.0,0.0
2015-06-09,2449.25,2463.5,2447.550048828125,2451.0,2445.529296875,79496,0.0,0.0,0.0
2015-06-10,2452.5,2452.5,2434.5,2448.875,2443.40771484375,183129,0.0,0.0,0.0
2015-06-11,2446.0,2463.159912109375,2440.75,2444.25,2438.7939453125,255588,0.0,0.0,0.0
2015-06-12,2450.0,2452.56298828125,2427.25,2430.0,2424.57568359375,532369,0.0,0.0,0.0
2015-06-15,2420.75,2423.137939453125,2405.25,2405.25,2399.880615234375,507580,0.0,0.0,0.0
2015-06-16,2382.25,2397.0,2381.0,2397.0,2391.649169921875,223803,0.0,0.0,0.0
2015-06-17,2406.5,2407.0,2379.0380859375,2379.75,2374.437255859375,79450,0.0,0.0,0.0
2015-06-18,2383.5,2398.75,2372.75,2395.25,2389.90234375,392627,0.0,0.0,0.0
2015-06-19,2390.5,2395.5,2380.512939453125,2386.25,2380.923828125,102723,0.0,0.0,0.0
2015-06-22,2393.75,2426.25,2393.75,2425.75,2420.334228515625,288796,0.0,0.0,0.0
2015-06-23,2434.75,2467.528076171875,2434.75,2450.0,2444.53125,599183,0.0,0.0,0.0
2015-06-24,2444.0,2469.888916015625,2436.25,2453.0,2447.524658203125,264289,0.0,0.0,0.0
2015-06-25,2465.75,2465.75,2433.75,2434.5,2429.06591796875,146486,0.0,0.0,0.0
2015-06-26,2415.25,2428.636962890625,2410.0,2414.5,2409.109130859375,431803,0.0,0.0,0.0
2015-06-29,2366.0,2381.625,2358.25,2358.25,2352.985107421875,641612,0.0,0.0,0.0
2015-06-30,2393.0,2397.887939453125,2383.712890625,2384.75,2379.426025390625,288071,0.0,0.0,0.0
2015-07-01,2410.5,2433.386962890625,2399.25,2408.5,2403.1240234375,1051623,0.0,0.0,0.0
2015-07-02,2414.75,2432.5,2408.699951171875,2422.25,2416.842529296875,1066250,0.0,0.0,0.0
2015-07-03,2411.75,2427.613037109375,2400.5,2408.375,2402.99951171875,219083,0.0,0.0,0.0
2015-07-06,2357.0,2370.77294921875,2355.25,2360.0,2354.731689453125,236137,0.0,0.0,0.0
2015-07-07,2345.5,2350.25,2301.25,2302.75,2297.60986328125,613872,0.0,0.0,0.0
2015-07-08,2300.0,2300.0,2263.625,2295.5,2290.3759765625,347317,0.0,0.0,0.0
2015-07-09,2324.75,2333.550048828125,2302.194091796875,2330.0,2324.798095703125,204959,0.0,0.0,0.0
2015-07-10,2346.25,2352.5380859375,2335.137939453125,2348.0,2342.758544921875,108451,0.0,0.0,0.0
2015-07-13,2359.5,2364.0,2353.5,2362.625,2357.350830078125,178131,0.0,0.0,0.0
2015-07-14,2360.25,2360.637939453125,2338.363037109375,2353.75,2348.496826171875,114729,0.0,0.0,0.0
2015-07-15,2337.0,2359.178955078125,2334.125,2336.625,2331.409423828125,182208,0.0,0.0,0.0
2015-07-16,2346.0,2368.322021484375,2343.25,2358.0,2352.736083984375,199970,0.0,0.0,0.0
2015-07-17,2354.25,2371.31494140625,2342.5,2344.375,2339.141357421875,2268265,0.0,0.0,0.0
2015-07-20,2339.25,2346.0,2328.0,2338.625,2333.405029296875,109445,0.0,0.0,0.0
2015-07-21,2352.75,2357.75,2348.31298828125,2348.75,2343.507080078125,715015,0.0,0.0,0.0
2015-07-22,2326.5,2327.5,2309.0,2310.75,2305.591796875,634330,0.0,0.0,0.0
2015-07-23,2312.75,2313.85107421875,2304.462890625,2310.375,2305.2177734375,522273,0.0,0.0,0.0
2015-07-24,2296.0,2300.5,2245.452880859375,2269.0,2263.936279296875,241692,0.0,0.0,0.0
2015-07-27,2269.0,2269.0,2213.5,2219.0,2214.04638671875,3787759,0.0,0.0,0.0
2015-07-28,2235.0,2237.5,2213.25,2227.0,2222.029052734375,396509,0.0,0.0,0.0
2015-07-29,2234.75,2267.007080078125,2223.125,2247.25,2242.233642578125,279979,0.0,0.0,0.0
2015-07-30,2238.0,2238.93798828125,2219.47412109375,2225.0,2220.033447265625,241737,0.0,0.0,0.0
2015-07-31,2232.75,2254.5,2232.2880859375,2253.0,2247.97021484375,171935,0.0,0.0,0.0
2015-08-03,2230.5,2230.5,2212.212890625,2221.25,2216.29052734375,103494,0.0,0.0,0.0
2015-08-04,2225.25,2238.712890625,2223.25,2227.75,2222.7763671875,228911,0.0,0.0,0.0
2015-08-05,2238.0,2238.0,2227.0,2232.875,2227.89111328125,103097,0.0,0.0,0.0
2015-08-06,2208.5,2227.5830078125,2207.77001953125,2215.5,2210.5546875,62745,0.0,0.0,0.0
2015-08-07,2227.5,2235.5,2195.60595703125,2223.5,2218.53564453125,165148,0.0,0.0,0.0
2015-08-10,2227.25,2236.8330078125,2224.0,2236.625,2231.631591796875,173276,0.0,0.0,0.0
2015-08-11,2209.0,2210.613037109375,2182.0,2180.0,2175.133544921875,484985,0.0,0.0,0.0
2015-08-12,2155.75,2162.419921875,2137.5,2139.75,2134.97412109375,411738,0.0,0.0,0.0
2015-08-13,2170.0,2170.0,2153.75,2163.5,2158.669677734375,136197,0.0,0.0,0.0
2015-08-14,2153.0,2166.76806640625,2149.25,2159.25,2154.4296875,156666,0.0,0.0,0.0
2015-08-17,2125.25,2138.25,2120.212890625,2137.5,2132.728271484375,140914,0.0,0.0,0.0
2015-08-18,2124.75,2124.75,2095.89794921875,2105.75,2101.050048828125,484255,0.0,0.0,0.0
2015-08-19,2099.5,2101.5380859375,2069.75,2069.75,2065.130126953125,154219,0.0,0.0,0.0
2015-08-20,2061.25,2064.5,2016.8070068359375,2047.5,2042.9293212890625,232756,0.0,0.0,0.0
2015-08-21,2026.0,2033.887939453125,2003.75,2005.75,2001.2728271484375,283356,0.0,0.0,0.0
2015-08-24,1938.75,1938.75,1817.75,1878.0,1873.807861328125,824425,0.0,0.0,0.0
2015-08-25,1916.25,2001.5,1916.25,1997.0,1992.542236328125,543048,0.0,0.0,0.0
2015-08-26,1952.0,1983.0,1948.5,1976.0,1971.58935546875,891475,0.0,0.0,0.0
2015-08-27,2003.25,2065.75,1999.3699951171875,2064.25,2059.90185546875,2628534,24.9107,0.0,0.0
2015-08-28,2063.5,2070.0,2046.5,2068.25,2063.893798828125,470164,0.0,0.0,0.0
2015-09-01,2036.0,2039.3599853515625,1982.0679931640625,2003.25,1999.0302734375,1011448,0.0,0.0,0.0
2015-09-02,2014.0,2017.25,1996.2679443359375,2004.0,1999.7786865234375,116625,0.0,0.0,0.0
2015-09-03,2022.75,2053.0,2020.0179443359375,2048.875,2044.558349609375,22495,0.0,0.0,0.0
2015-09-04,2014.75,2019.0760498046875,1989.25,1989.25,1985.0595703125,480760,0.0,0.0,0.0
2015-09-07,2001.0,2008.782958984375,1968.5,1970.0,1965.8504638671875,177100,0.0,0.0,0.0
2015-09-08,1984.0,2009.5,1980.2769775390625,2006.0,2001.7740478515625,302886,0.0,0.0,0.0
2015-09-09,2047.5,2051.75,2030.3050537109375,2033.75,2029.4659423828125,1516524,0.0,0.0,0.0
2015-09-10,2002.5,2019.449951171875,1996.550048828125,2006.25,2002.023681640625,202598,0.0,0.0,0.0
2015-09-11,2018.0,2018.0,2006.8499755859375,2013.0,2008.7596435546875,88186,0.0,0.0,0.0
2015-09-14,2009.75,2024.6500244140625,2009.5,2019.0,2014.7467041015625,52491,0.0,0.0,0.0
2015-09-15,2021.0,2047.0,2021.0,2042.0,2037.6983642578125,177982,0.0,0.0,0.0
2015-09-16,2073.75,2078.25,2063.5,2077.25,2072.87451171875,371284,0.0,0.0,0.0
2015-09-17,2076.0,2076.699951171875,2060.25,2071.0,2066.637939453125,216439,0.0,0.0,0.0
2015-09-18,2071.25,2074.75,2038.75,2056.5,2052.16845703125,1931795,0.0,0.0,0.0
2015-09-21,2036.0,2048.0,2031.5,2037.5,2033.2078857421875,203093,0.0,0.0,0.0
2015-09-22,2036.0,2044.5999755859375,1998.75,2005.5,2001.275634765625,1034988,0.0,0.0,0.0
2015-09-23,2005.0,2025.0,1988.52197265625,2011.5,2007.2633056640625,206607,0.0,0.0,0.0
2015-09-24,1992.75,2000.0,1960.75,1967.0,1962.8564453125,711644,0.0,0.0,0.0
2015-09-25,2008.5,2036.3499755859375,2001.1600341796875,2018.0,2013.7489013671875,673230,0.0,0.0,0.0
2015-09-28,2001.25,2011.25,1962.0,1962.375,1958.2413330078125,114655,0.0,0.0,0.0
2015-09-29,1958.5,1976.75,1950.800048828125,1974.0,1969.841552734375,90052,0.0,0.0,0.0
2015-09-30,2012.0,2031.0,2010.0,2031.0,2026.721435546875,207719,0.0,0.0,0.0
2015-10-01,2057.0,2072.823974609375,2034.0,2036.25,2031.960693359375,146931,0.0,0.0,0.0
2015-10-02,2045.25,2050.550048828125,2013.5,2049.5,2045.18212890625,682686,0.0,0.0,0.0
2015-10-05,2076.25,2125.75,2076.0,2125.75,2121.271240234375,1431408,0.0,0.0,0.0
2015-10-06,2113.0,2131.25,2106.64990234375,2126.25,2121.770263671875,570059,0.0,0.0,0.0
2015-10-07,2154.0,2181.5,2097.508056640625,2157.0,2152.456787109375,384707,0.0,0.0,0.0
2015-10-08,2136.25,2166.75,2136.25,2166.75,2162.18603515625,110360,0.0,0.0,0.0
2015-10-09,2177.0,2212.85009765625,2176.0,2206.75,2202.101318359375,96010,0.0,0.0,0.0
2015-10-12,2190.5,2198.25,2173.9130859375,2182.25,2177.6533203125,164485,0.0,0.0,0.0
2015-10-13,2161.5,2181.0,2154.0,2172.5,2167.9228515625,485190,0.0,0.0,0.0
2015-10-14,2155.0,2156.0,2137.7900390625,2138.625,2134.120361328125,133321,0.0,0.0,0.0
2015-10-15,2172.0,2185.0,2168.25,2171.125,2166.55126953125,517718,0.0,0.0,0.0
2015-10-16,2171.5,2197.06298828125,2171.5,2185.0,2180.39697265625,514734,0.0,0.0,0.0
2015-10-19,2178.5,2189.85009765625,2161.89990234375,2168.5,2163.93212890625,742793,0.0,0.0,0.0
2015-10-20,2172.5,2180.294921875,2163.0,2169.0,2164.431396484375,516649,0.0,0.0,0.0
2015-10-21,2153.75,2164.449951171875,2147.5,2153.0,2148.464599609375,106304,0.0,0.0,0.0
2015-10-22,2155.75,2191.388916015625,2148.0,2183.25,2178.651123046875,540687,0.0,0.0,0.0
2015-10-23,2194.0,2269.637939453125,2191.4580078125,2215.0,2210.334228515625,2112159,0.0,0.0,0.0
2015-10-26,2203.75,2203.75,2188.25,2196.0,2191.373779296875,1553647,0.0,0.0,0.0
2015-10-27,2187.25,2187.25,2172.5,2172.875,2168.296875,137521,0.0,0.0,0.0
2015-10-28,2173.0,2186.5,2170.5,2183.125,2178.5263671875,221923,0.0,0.0,0.0
2015-10-29,2145.5,2146.25,2133.0,2140.5,2135.990478515625,187970,0.0,0.0,0.0
2015-10-30,2143.75,2144.0,2122.610107421875,2117.125,2112.665283203125,26090,0.0,0.0,0.0
2015-11-02,2122.75,2145.5,2120.955078125,2145.5,2140.981201171875,1058776,0.0,0.0,0.0
2015-11-03,2152.5,2175.0,2151.449951171875,2174.375,2169.794189453125,96642,0.0,0.0,0.0
2015-11-04,2194.25,2205.0,2179.25,2179.25,2174.659423828125,437414,0.0,0.0,0.0
2015-11-05,2173.5,2200.0,2172.75,2195.375,2190.7490234375,684420,0.0,0.0,0.0
2015-11-06,2190.25,2196.25,2166.75,2175.125,2170.54345703125,111644,0.0,0.0,0.0
2015-11-09,2170.0,2176.343994140625,2138.0,2139.0,2134.49462890625,261480,0.0,0.0,0.0
2015-11-10,2138.5,2139.5,2118.0,2117.125,2112.665283203125,160710,0.0,0.0,0.0
2015-11-11,2124.0,2131.60009765625,2113.5,2115.0,2110.544189453125,281393,0.0,0.0,0.0
2015-11-12,2133.0,2138.25,2103.5,2112.25,2107.800537109375,27354,0.0,0.0,0.0
2015-11-13,2094.0,2094.85009765625,2064.550048828125,2068.5,2064.143310546875,140701,0.0,0.0,0.0
2015-11-16,2077.5,2093.93310546875,2072.300048828125,2076.0,2071.62744140625,173263,0.0,0.0,0.0
2015-11-17,2093.5,2108.75,2093.5,2108.75,2104.307373046875,352209,0.0,0.0,0.0
2015-11-18,2085.5,2117.01806640625,2083.25,2106.0,2101.564697265625,70542,0.0,0.0,0.0
2015-11-19,2119.0,2129.25,2117.9599609375,2124.0,2119.526123046875,1630615,0.0,0.0,0.0
2015-11-20,2141.5,2169.0,2133.75,2167.625,2163.059326171875,1254247,0.0,0.0,0.0
2015-11-23,2150.25,2165.75,2150.25,2163.0,2158.443115234375,142495,0.0,0.0,0.0
2015-11-24,2152.25,2159.25,2139.25,2159.25,2154.701171875,1618651,0.0,0.0,0.0
2015-11-25,2159.75,2164.75,2145.363037109375,2150.0,2145.470947265625,104882,0.0,0.0,0.0
2015-11-26,2153.5,2163.0,2153.4599609375,2153.625,2149.088134765625,59380,0.0,0.0,0.0
2015-11-27,2126.75,2132.887939453125,2121.0,2124.375,2119.900634765625,109284,0.0,0.0,0.0
2015-11-30,2106.0,3173.0,2102.75,2109.5,2105.055419921875,759667,0.0,0.0,0.0
2015-12-01,2118.5,2126.75,2116.0,2123.25,2118.77734375,315693,0.0,0.0,0.0
2015-12-02,2119.5,2129.39599609375,2117.5,2128.25,2123.766357421875,248669,0.0,0.0,0.0
2015-12-03,2131.25,2135.75,2044.864013671875,2094.5,2090.08837890625,208733,0.0,0.0,0.0
2015-12-04,2088.75,2093.25,2069.25,2093.25,2088.840576171875,82137,0.0,0.0,0.0
2015-12-07,2087.5,2094.35400390625,2071.25,2067.125,2062.76953125,129168,0.0,0.0,0.0
2015-12-08,2056.25,2059.550048828125,2039.137939453125,2050.125,2045.8052978515625,416139,0.0,0.0,0.0
2015-12-09,2043.5,2047.75,2028.875,2031.5,2027.2208251953125,64602,0.0,0.0,0.0
2015-12-10,2010.75,2017.0,1998.75,2001.75,1997.615234375,264448,8.342401,0.0,0.0
2015-12-11,1988.25,1988.25,1942.5,1945.75,1941.73095703125,127161,0.0,0.0,0.0
2015-12-14,1971.75,1975.2249755859375,1948.0999755859375,1951.25,1947.2197265625,357397,0.0,0.0,0.0
2015-12-15,1966.75,2019.0,1966.75,2017.75,2013.582275390625,908656,0.0,0.0,0.0
2015-12-16,2029.25,2038.5,2024.3499755859375,2027.5,2023.3125,285002,0.0,0.0,0.0
2015-12-17,2067.0,2077.5,2058.0,2058.125,2053.873046875,1828320,0.0,0.0,0.0
2015-12-18,2045.5,2053.5,2041.0360107421875,2048.125,2043.8944091796875,221628,0.0,0.0,0.0
2015-12-21,2050.0,2062.375,2048.5,2049.5,2045.26611328125,28706,0.0,0.0,0.0
2015-12-22,2059.0,2070.875,2049.25,2069.25,2064.976318359375,135514,0.0,0.0,0.0
2015-12-23,2080.0,2095.595947265625,2080.0,2092.0,2087.678955078125,88938,0.0,0.0,0.0
2015-12-24,2093.25,2093.5,2084.25,2085.25,2080.9423828125,329847,0.0,0.0,0.0
2015-12-29,2073.5,2101.0,2073.5,2094.25,2089.9248046875,66936,0.0,0.0,0.0
2015-12-30,2075.25,2077.25,2062.0,2062.0,2057.740966796875,232120,0.0,0.0,0.0
2015-12-31,2069.25,2069.25,2062.264892578125,2062.625,2058.365478515625,34880,0.0,0.0,0.0
2016-01-04,2013.25,2013.25,1999.2130126953125,2006.25,2002.1058349609375,471205,0.0,0.0,0.0
2016-01-05,2020.5,2030.300048828125,2004.5,2024.375,2020.1937255859375,126927,0.0,0.0,0.0
2016-01-06,2002.5,2005.25,1988.25,2003.75,1999.611083984375,1534519,0.0,0.0,0.0
2016-01-07,1957.0,1977.5,1910.4620361328125,1973.125,1969.04931640625,2654328,0.0,0.0,0.0
2016-01-08,1962.0,1966.75,1896.35498046875,1933.5,1929.506103515625,985482,0.0,0.0,0.0
2016-01-11,1926.5,1935.5,1917.0,1917.0,1913.040771484375,488893,0.0,0.0,0.0
2016-01-12,1909.5,1961.93798828125,1906.75,1945.75,1941.73095703125,713606,0.0,0.0,0.0
2016-01-13,1955.25,1967.25,1949.2750244140625,1951.25,1947.2197265625,393440,0.0,0.0,0.0
2016-01-14,1934.5,1943.2750244140625,1911.5,1931.25,1927.260986328125,553025,0.0,0.0,0.0
2016-01-15,1920.75,1921.75,1881.0,1890.0,1886.0965576171875,673776,0.0,0.0,0.0
2016-01-18,1915.5,1915.5,1897.0,1901.5,1897.5726318359375,530023,0.0,0.0,0.0
2016-01-19,1943.75,1953.75,1932.2010498046875,1943.75,1939.7352294921875,932209,0.0,0.0,0.0
2016-01-20,1890.0,1891.0,1858.738037109375,1865.75,1861.89599609375,691955,0.0,0.0,0.0
2016-01-21,1877.0,1911.25,1868.5,1903.5,1899.56787109375,1127864,0.0,0.0,0.0
2016-01-22,1922.0,1956.6929931640625,1921.4749755859375,1929.25,1925.26513671875,1587698,0.0,0.0,0.0
2016-01-25,1946.0,1946.0,1930.5,1936.25,1932.2508544921875,125098,0.0,0.0,0.0
2016-01-26,1905.5,1932.25,1905.5,1926.75,1922.770263671875,271572,0.0,0.0,0.0
2016-01-27,1924.5,1948.75,1923.81298828125,1949.5,1945.4727783203125,83770,0.0,0.0,0.0
2016-01-28,1953.0,1968.5,1935.0,1943.25,1939.23583984375,655651,0.0,0.0,0.0
2016-01-29,1982.5,2020.0250244140625,1982.5,2013.875,2009.7149658203125,492555,0.0,0.0,0.0
2016-02-01,2007.75,2010.06298828125,1977.75,1990.0,1985.8896484375,1092329,0.0,0.0,0.0
2016-02-02,1979.5,1981.0400390625,1941.5,1948.5,1944.4754638671875,1898412,0.0,0.0,0.0
2016-02-03,1932.0,1940.75,1898.375,1912.0,1908.050537109375,189540,0.0,0.0,0.0
2016-02-04,1957.75,1987.0,1948.25,1967.0,1962.9371337890625,799677,0.0,0.0,0.0
2016-02-05,1980.25,1989.449951171875,1963.125,1969.25,1965.182373046875,1242931,0.0,0.0,0.0
2016-02-08,1962.75,1970.25,1924.031982421875,1938.75,1934.745361328125,582729,0.0,0.0,0.0
2016-02-09,1932.0,1940.718994140625,1895.3389892578125,1902.75,1898.8199462890625,1795898,0.0,0.0,0.0
2016-02-10,1916.0,1948.5,1911.9630126953125,1930.25,1926.262939453125,204050,0.0,0.0,0.0
2016-02-11,1901.0,1903.300048828125,1865.85205078125,1881.125,1877.2396240234375,518328,0.0,0.0,0.0
2016-02-12,1883.75,1927.406982421875,1883.75,1914.5,1910.5455322265625,502893,0.0,0.0,0.0
2016-02-15,1936.0,1955.073974609375,1933.0,1948.375,1944.3507080078125,1339070,0.0,0.0,0.0
2016-02-16,1965.0,1979.25,1953.0,1979.25,1975.1617431640625,363925,0.0,0.0,0.0
2016-02-17,1972.0,2021.75,1971.800048828125,2021.75,2017.574462890625,1516619,0.0,0.0,0.0
2016-02-18,2020.5,2036.030029296875,2004.3270263671875,2006.0,2001.8564453125,893057,0.0,0.0,0.0
2016-02-19,2007.5,2010.25,1996.5250244140625,2001.625,1997.490478515625,271324,0.0,0.0,0.0
2016-02-22,2038.25,2068.637939453125,2033.2249755859375,2068.75,2064.47705078125,502213,0.0,0.0,0.0
2016-02-23,2049.75,2060.2880859375,2041.5,2045.75,2041.525146484375,582736,0.0,0.0,0.0
2016-02-24,2048.5,2051.0,2010.39501953125,2022.125,2017.9482421875,393589,0.0,0.0,0.0
2016-02-25,2040.25,2052.425048828125,2033.25,2045.75,2041.525146484375,110896,0.0,0.0,0.0
2016-02-26,2062.75,2089.748046875,2062.75,2065.75,2061.484130859375,1240315,0.0,0.0,0.0
2016-02-29,2045.25,2078.0,2042.5379638671875,2073.75,2069.46630859375,1285911,0.0,0.0,0.0
2016-03-01,2078.25,2125.0,2078.25,2125.0,2120.611083984375,1912508,0.0,0.0,0.0
2016-03-02,2131.75,2137.25,2115.5,2131.125,2126.723388671875,696066,0.0,0.0,0.0
2016-03-03,2135.0,2147.5,2129.25,2135.25,2130.839111328125,1411371,0.0,0.0,0.0
2016-03-04,2153.75,2184.125,2148.827880859375,2183.375,2178.864990234375,1094459,0.0,0.0,0.0
2016-03-07,2177.0,2184.7900390625,2162.35791015625,2182.75,2178.2412109375,1628202,0.0,0.0,0.0
2016-03-08,2142.0,2159.25,2135.10693359375,2143.375,2138.947265625,480410,0.0,0.0,0.0
2016-03-09,2150.75,2169.5,2141.625,2163.0,2158.531494140625,966473,0.0,0.0,0.0
2016-03-10,2159.75,2206.157958984375,2131.75,2123.5,2119.16552734375,1630257,5.2496,0.0,0.0
2016-03-11,2179.5,2181.375,2165.949951171875,2175.5,2171.0595703125,377448,0.0,0.0,0.0
2016-03-14,2181.0,2181.0,2168.050048828125,2180.5,2176.049072265625,222736,0.0,0.0,0.0
2016-03-15,2162.25,2174.613037109375,2153.5,2158.0,2153.594970703125,785232,0.0,0.0,0.0
2016-03-16,2169.5,2172.5,2158.25,2172.5,2168.064453125,129972,0.0,0.0,0.0
2016-03-17,2202.25,2209.712890625,2180.0,2207.875,2203.368408203125,1245338,0.0,0.0,0.0
2016-03-18,2261.5,2261.5,2204.125,2223.75,2219.210693359375,944547,0.0,0.0,0.0
2016-03-21,2218.0,2238.25,2213.51708984375,2234.75,2230.188232421875,1199747,0.0,0.0,0.0
2016-03-22,2236.5,2263.5,2227.25390625,2264.375,2259.75146484375,628333,0.0,0.0,0.0
2016-03-23,2255.25,2260.5,2236.75,2243.0,2238.421630859375,271313,0.0,0.0,0.0
2016-03-24,2235.25,2237.22509765625,2024.43798828125,2210.5,2205.98779296875,317159,0.0,0.0,0.0
2016-03-29,2229.25,2242.625,2195.0,2206.0,2201.497314453125,179571,0.0,0.0,0.0
2016-03-30,2232.25,2261.75,2229.5,2257.75,2253.140869140625,540062,0.0,0.0,0.0
2016-03-31,2256.0,2268.5380859375,2242.330078125,2257.0,2252.3935546875,658075,0.0,0.0,0.0
2016-04-01,2251.5,2263.5,2199.8369140625,2263.5,2258.878662109375,1377678,0.0,0.0,0.0
2016-04-04,2261.5,2272.23095703125,2243.25,2245.375,2240.792236328125,267610,0.0,0.0,0.0
2016-04-05,2217.0,2223.25,2200.530029296875,2221.25,2216.71533203125,677609,0.0,0.0,0.0
2016-04-06,2222.0,2231.25,2209.638916015625,2224.875,2220.333984375,265385,0.0,0.0,0.0
2016-04-07,2234.5,2235.0,2206.75,2211.75,2207.234619140625,105122,0.0,0.0,0.0
2016-04-08,2232.0,2249.0,2229.0,2238.75,2234.18017578125,167205,0.0,0.0,0.0
2016-04-11,2240.75,2264.669921875,2239.56298828125,2247.875,2243.28662109375,531051,0.0,0.0,0.0
2016-04-12,2250.75,2264.75,2245.75,2264.5,2259.8759765625,213819,0.0,0.0,0.0
2016-04-13,2303.25,2323.22802734375,2292.47509765625,2319.5,2314.76513671875,802303,0.0,0.0,0.0
2016-04-14,2316.25,2335.0,2309.287109375,2328.625,2323.87109375,315608,0.0,0.0,0.0
2016-04-15,2322.5,2326.25,2308.89599609375,2313.125,2308.403564453125,474008,0.0,0.0,0.0
2016-04-18,2308.0,2313.75,2295.0,2303.0,2298.29833984375,151794,0.0,0.0,0.0
2016-04-19,2305.0,2318.0,2300.300048828125,2318.0,2313.268310546875,779286,0.0,0.0,0.0
2016-04-20,2288.0,2304.375,2282.368896484375,2304.375,2299.67138671875,836095,0.0,0.0,0.0
2016-04-21,2311.25,2321.5,2290.0,2307.0,2302.290283203125,558728,0.0,0.0,0.0
2016-04-22,2286.5,2290.75,2269.5,2274.0,2269.358154296875,189754,0.0,0.0,0.0
2016-04-25,2270.5,2270.5,2238.050048828125,2241.5,2236.924560546875,271930,0.0,0.0,0.0
2016-04-26,2241.5,2241.5,2229.5380859375,2239.75,2235.177734375,61158,0.0,0.0,0.0
2016-04-27,2241.0,2246.125,2232.75,2246.875,2242.288818359375,49284,0.0,0.0,0.0
2016-04-28,2234.75,2254.0,2228.113037109375,2251.25,2246.65478515625,224752,0.0,0.0,0.0
2016-04-29,2221.0,2233.75,2208.25,2208.25,2203.742431640625,812107,0.0,0.0,0.0
2016-05-03,2193.0,2196.0,2163.75,2173.0,2168.563232421875,352518,0.0,0.0,0.0
2016-05-04,2167.0,2176.0,2150.0,2152.25,2147.8564453125,685678,0.0,0.0,0.0
2016-05-05,2157.25,2170.60400390625,2146.375,2145.625,2141.245849609375,614143,0.0,0.0,0.0
2016-05-06,2138.75,2155.25,2127.5,2144.5,2140.12255859375,1060680,0.0,0.0,0.0
2016-05-09,2168.0,2168.0,2123.712890625,2128.75,2124.404296875,169674,0.0,0.0,0.0
2016-05-10,2149.75,2154.5,2142.25,2148.875,2144.489013671875,78206,0.0,0.0,0.0
2016-05-11,2162.0,2165.5,2153.0,2165.5,2161.079345703125,162230,0.0,0.0,0.0
2016-05-12,2165.25,2170.0,2140.0,2141.75,2137.3779296875,164772,0.0,0.0,0.0
2016-05-13,2141.75,2145.7880859375,2135.0,2145.75,2141.370849609375,258771,0.0,0.0,0.0
2016-05-16,2144.25,2152.25,2143.125,2146.75,2142.36767578125,1513192,0.0,0.0,0.0
2016-05-17,2140.0,2144.25,2128.375,2133.75,2129.394775390625,137184,0.0,0.0,0.0
2016-05-18,2129.5,2129.5,2091.375,2104.25,2099.954833984375,580686,0.0,0.0,0.0
2016-05-19,2079.25,2082.675048828125,2057.5,2059.875,2055.66943359375,123891,0.0,0.0,0.0
2016-05-20,2089.25,2106.75,2081.550048828125,2106.5,2102.20068359375,70035,0.0,0.0,0.0
2016-05-23,2107.5,2111.5,2100.89990234375,2107.75,2103.447509765625,92777,0.0,0.0,0.0
2016-05-24,2092.0,2104.5,2083.5,2101.125,2096.835205078125,618097,0.0,0.0,0.0
2016-05-25,2119.0,2123.800048828125,2108.83203125,2110.25,2105.94189453125,211717,0.0,0.0,0.0
2016-05-26,2108.75,2133.0,2104.449951171875,2123.0,2118.666748046875,339952,0.0,0.0,0.0
2016-05-27,2133.25,2146.85009765625,2133.25,2143.125,2138.750244140625,290458,0.0,0.0,0.0
2016-05-31,2149.0,2154.25,2135.634033203125,2147.0,2142.61669921875,840950,0.0,0.0,0.0
2016-06-01,2158.0,2169.50390625,2147.199951171875,2167.5,2163.07568359375,1511293,0.0,0.0,0.0
2016-06-02,2169.5,2174.39990234375,2161.25,2174.0,2169.56201171875,174651,0.0,0.0,0.0
2016-06-03,2184.0,2190.0,2179.27001953125,2185.5,2181.038330078125,223535,0.0,0.0,0.0
2016-06-06,2218.25,2232.25,2214.68798828125,2229.0,2224.448974609375,107903,0.0,0.0,0.0
2016-06-07,2232.75,2240.5,2225.75,2236.375,2231.809814453125,1856005,0.0,0.0,0.0
2016-06-08,2238.75,2256.0,2235.0,2253.25,2248.650390625,286100,0.0,0.0,0.0
2016-06-09,2255.0,2255.0,2136.199951171875,2237.0,2232.43359375,197192,0.0,0.0,0.0
2016-06-10,2233.0,2233.25,2209.923095703125,2215.25,2210.728515625,87290,0.0,0.0,0.0
2016-06-13,2206.25,2212.85009765625,2194.199951171875,2199.0,2194.51123046875,789884,0.0,0.0,0.0
2016-06-14,2204.5,2206.25,2186.699951171875,2192.0,2187.52587890625,140092,0.0,0.0,0.0
2016-06-15,2232.25,2232.25,2202.5,2208.0,2203.49267578125,147221,0.0,0.0,0.0
2016-06-16,2183.75,2192.6259765625,2174.778076171875,2191.75,2187.350830078125,1495700,7.5143003,0.0,0.0
2016-06-17,2206.25,2206.25,2176.760009765625,2177.625,2173.253662109375,1462158,0.0,0.0,0.0
2016-06-20,2174.0,2183.550048828125,2166.75,2181.0,2176.62255859375,105719,0.0,0.0,0.0
2016-06-21,2166.25,2181.875,2163.75,2181.875,2177.495849609375,172483,0.0,0.0,0.0
2016-06-22,2192.0,2198.55908203125,2189.699951171875,2199.75,2195.334228515625,82810,0.0,0.0,0.0
2016-06-23,2192.0,2206.0,2188.39990234375,2209.375,2204.93994140625,143737,0.0,0.0,0.0
2016-06-24,2237.5,2302.25,2226.25,2291.0,2286.4013671875,211395,0.0,0.0,0.0
2016-06-27,2313.0,2338.47509765625,2302.0,2302.5,2297.878173828125,307713,0.0,0.0,0.0
2016-06-28,2335.75,2351.556884765625,2332.425048828125,2346.5,2341.790283203125,1040402,0.0,0.0,0.0
2016-06-29,2373.25,2384.0,2364.75,2384.0,2379.2138671875,681948,0.0,0.0,0.0
2016-06-30,2390.5,2444.0,2390.25,2444.0,2439.09423828125,559911,0.0,0.0,0.0
2016-07-01,2452.5,2480.0,2445.050048828125,2471.0,2466.0400390625,723979,0.0,0.0,0.0
2016-07-04,2479.0,2482.5,2467.75,2469.75,2464.793212890625,376882,0.0,0.0,0.0
2016-07-05,2471.0,2481.5,2456.25,2473.5,2468.534912109375,200789,0.0,0.0,0.0
2016-07-06,2460.0,2469.5,2440.75,2461.25,2456.309814453125,344813,0.0,0.0,0.0
2016-07-07,2491.0,2499.47705078125,2477.0,2487.0,2482.008544921875,1293887,0.0,0.0,0.0
2016-07-08,2485.0,2516.0,2477.964111328125,2515.5,2510.450927734375,999836,0.0,0.0,0.0
2016-07-11,2550.0,2557.5,2535.736083984375,2548.75,2543.6337890625,996469,0.0,0.0,0.0
2016-07-12,2532.5,2555.001953125,2530.449951171875,2538.0,2532.90576171875,214862,0.0,0.0,0.0
2016-07-13,2511.0,2534.27490234375,2511.0,2524.25,2519.182373046875,423840,0.0,0.0,0.0
2016-07-14,2544.25,2565.0,2502.52490234375,2548.625,2543.509521484375,1521559,0.0,0.0,0.0
2016-07-15,2536.0,2561.5,2520.25,2561.5,2556.3583984375,180486,0.0,0.0,0.0
2016-07-18,2564.5,2567.02490234375,2547.75,2563.25,2558.10498046875,241812,0.0,0.0,0.0
2016-07-19,2568.5,2581.0,2552.634033203125,2577.25,2572.076416015625,652961,0.0,0.0,0.0
2016-07-20,2592.5,2597.25,2568.97509765625,2585.0,2579.811767578125,878116,0.0,0.0,0.0
2016-07-21,2568.5,2584.25,2566.85009765625,2577.5,2572.325927734375,1530637,0.0,0.0,0.0
2016-07-22,2564.0,2599.5,2552.5,2595.5,2590.289794921875,671184,0.0,0.0,0.0
2016-07-25,2580.0,2600.75,2575.72705078125,2576.5,2571.327392578125,236519,0.0,0.0,0.0
2016-07-26,2609.25,2609.25,2585.5,2592.0,2586.797119140625,340436,0.0,0.0,0.0
2016-07-27,2603.0,2607.75,2596.05908203125,2599.0,2593.7822265625,256921,0.0,0.0,0.0
2016-07-28,2590.0,2598.0,2588.160888671875,2591.25,2586.0478515625,132004,0.0,0.0,0.0
2016-07-29,2576.75,2589.0,2574.75,2578.875,2573.69873046875,380459,0.0,0.0,0.0
2016-08-01,2616.5,2623.97509765625,2604.25,2612.375,2607.131103515625,229225,0.0,0.0,0.0
2016-08-02,2595.75,2597.949951171875,2554.625,2558.875,2553.73828125,134553,0.0,0.0,0.0
2016-08-03,2549.0,2552.75,2529.25,2551.5,2546.3779296875,148188,0.0,0.0,0.0
2016-08-04,2564.75,2618.0,2560.5,2618.0,2612.744873046875,482533,0.0,0.0,0.0
2016-08-05,2640.0,2657.800048828125,2628.75,2651.5,2646.177734375,289658,0.0,0.0,0.0
2016-08-08,2671.5,2685.5,2671.5,2682.0,2676.616455078125,280586,0.0,0.0,0.0
2016-08-09,2700.25,2719.0,2695.10009765625,2719.0,2713.541748046875,206879,0.0,0.0,0.0
2016-08-10,2703.0,2716.0,2695.5,2703.0,2697.574462890625,530799,0.0,0.0,0.0
2016-08-11,2715.25,2740.25,2710.452880859375,2741.375,2735.872314453125,311881,0.0,0.0,0.0
2016-08-12,2745.75,2755.360107421875,2727.75,2749.75,2744.229736328125,671493,0.0,0.0,0.0
2016-08-15,2757.25,2799.0,2756.75,2797.75,2792.134033203125,1731521,0.0,0.0,0.0
2016-08-16,2771.5,2774.907958984375,2750.75,2751.0,2745.47705078125,217184,0.0,0.0,0.0
2016-08-17,2736.0,2736.0,2709.125,2709.125,2703.68701171875,375555,0.0,0.0,0.0
2016-08-18,2743.25,2743.260986328125,2716.25,2725.75,2720.278564453125,223381,0.0,0.0,0.0
2016-08-19,2712.25,2726.0,2698.675048828125,2725.25,2719.779052734375,849452,0.0,0.0,0.0
2016-08-22,2703.75,2706.0,2678.700927734375,2678.875,2673.49755859375,710273,0.0,0.0,0.0
2016-08-23,2686.0,2698.0,2684.93310546875,2690.5,2685.099609375,418802,0.0,0.0,0.0
2016-08-24,2655.0,2672.06494140625,2641.75,2650.75,2645.429443359375,116223,0.0,0.0,0.0
2016-08-25,2654.75,2667.0,2654.5,2666.375,2661.0224609375,61393,0.0,0.0,0.0
2016-08-26,2667.75,2698.5,2472.175048828125,2694.25,2688.841796875,264981,0.0,0.0,0.0
2016-08-30,2689.5,2698.25,2677.0,2682.25,2676.865966796875,23432,0.0,0.0,0.0
2016-08-31,2673.75,2680.593017578125,2650.75,2649.25,2643.931396484375,281466,0.0,0.0,0.0
2016-09-01,2650.0,2651.75,2605.5,2614.75,2609.501708984375,431756,0.0,0.0,0.0
2016-09-02,2628.5,2663.25,2627.787109375,2662.0,2656.65625,262647,0.0,0.0,0.0
2016-09-05,2684.25,2688.717041015625,2673.47509765625,2679.5,2674.120849609375,292746,0.0,0.0,0.0
2016-09-06,2687.75,2696.548095703125,2679.5,2684.375,2678.986328125,408569,0.0,0.0,0.0
2016-09-07,2701.5,2711.297119140625,2695.197998046875,2705.375,2699.9443359375,114460,0.0,0.0,0.0
2016-09-08,2709.0,2720.0,2524.0,2716.75,2711.296875,478443,0.0,0.0,0.0
2016-09-09,2692.25,2693.5,2653.75,2654.75,2649.421142578125,239713,0.0,0.0,0.0
2016-09-12,2605.25,2609.5,2582.25,2606.75,2601.517333984375,800213,0.0,0.0,0.0
2016-09-13,2605.25,2625.385009765625,2602.25,2603.125,2597.89990234375,450279,0.0,0.0,0.0
2016-09-14,2609.5,2626.75,2606.300048828125,2615.0,2609.751220703125,90793,0.0,0.0,0.0
2016-09-15,2577.0,2612.25,2571.48095703125,2612.25,2607.25390625,342283,24.8238,0.0,0.0
2016-09-16,2611.5,2622.280029296875,2600.0,2617.125,2612.11962890625,153546,0.0,0.0,0.0
2016-09-19,2663.75,2666.7880859375,2652.75,2664.25,2659.154541015625,316841,0.0,0.0,0.0
2016-09-20,2661.25,2688.0,2657.135009765625,2675.5,2670.38330078125,75595,0.0,0.0,0.0
2016-09-21,2694.0,2704.0,2687.02001953125,2695.875,2690.71923828125,252103,0.0,0.0,0.0
2016-09-22,2713.0,2742.0,2713.0,2732.5,2727.274658203125,725554,0.0,0.0,0.0
2016-09-23,2731.5,2751.675048828125,2728.68310546875,2744.25,2739.001220703125,159052,0.0,0.0,0.0
2016-09-26,2710.0,2711.06201171875,2695.75,2696.125,2690.968505859375,212201,0.0,0.0,0.0
2016-09-27,2725.0,2727.0,2694.75,2701.5,2696.33349609375,548105,0.0,0.0,0.0
2016-09-28,2711.0,2724.5,2703.75,2705.0,2699.826416015625,1145783,0.0,0.0,0.0
2016-09-29,2728.5,2733.9130859375,2718.93798828125,2723.0,2717.7919921875,174315,0.0,0.0,0.0
2016-09-30,2691.25,2709.25,2687.0,2706.75,2701.573974609375,94524,0.0,0.0,0.0
2016-10-03,2720.0,2752.34912109375,2720.0,2749.5,2744.240966796875,936988,0.0,0.0,0.0
2016-10-04,2770.0,2784.25,2763.0869140625,2784.25,2778.92529296875,80571,0.0,0.0,0.0
2016-10-05,2779.0,2781.425048828125,2770.72509765625,2778.5,2773.185546875,114685,0.0,0.0,0.0
2016-10-06,2797.0,2801.75,2656.593017578125,2800.0,2794.645263671875,139862,0.0,0.0,0.0
2016-10-07,2837.5,2879.498046875,2835.205078125,2852.0,2846.54541015625,472709,0.0,0.0,0.0
2016-10-10,2856.75,2899.341064453125,2852.568115234375,2896.0,2890.461181640625,350547,0.0,0.0,0.0
2016-10-11,2865.5,2870.72900390625,2851.427978515625,2863.75,2858.2734375,655928,0.0,0.0,0.0
2016-10-12,2856.0,2891.781005859375,2841.0,2859.0,2853.531494140625,222833,0.0,0.0,0.0
2016-10-13,2830.75,2832.443115234375,2801.73193359375,2823.0,2817.60107421875,3464496,0.0,0.0,0.0
2016-10-14,2846.25,2864.1650390625,2821.2919921875,2856.0,2850.537841796875,163998,0.0,0.0,0.0
2016-10-17,2837.25,2855.302978515625,2833.0,2845.75,2840.307373046875,53508,0.0,0.0,0.0
2016-10-18,2866.25,2874.1298828125,2860.9150390625,2862.25,2856.775390625,88073,0.0,0.0,0.0
2016-10-19,2871.5,2886.5,2862.87890625,2883.875,2878.359619140625,103762,0.0,0.0,0.0
2016-10-20,2884.0,2900.0,2882.22509765625,2890.5,2884.9716796875,77968,0.0,0.0,0.0
2016-10-21,2878.75,2894.25,2877.0,2890.0,2884.47265625,467464,0.0,0.0,0.0
2016-10-24,2905.75,2915.0,2905.75,2910.5,2904.93310546875,277699,0.0,0.0,0.0
2016-10-25,2909.0,2938.5,2905.0,2922.5,2916.91064453125,140255,0.0,0.0,0.0
2016-10-26,2908.0,2908.5,2872.25,2880.0,2874.491455078125,322215,0.0,0.0,0.0
2016-10-27,2872.25,2878.5,2854.5,2876.0,2870.5,120462,0.0,0.0,0.0
2016-10-28,2878.5,2883.074951171875,2855.239990234375,2883.0,2877.487060546875,501346,0.0,0.0,0.0
2016-10-31,2866.75,2879.424072265625,2863.5,2867.75,2862.264892578125,124387,0.0,0.0,0.0
2016-11-01,2867.0,2872.512939453125,2831.0,2827.75,2822.342041015625,452224,0.0,0.0,0.0
2016-11-02,2813.0,2814.75,2780.0,2780.0,2774.6826171875,1005865,0.0,0.0,0.0
2016-11-03,2773.25,2795.47998046875,2745.75,2750.5,2745.23974609375,297915,0.0,0.0,0.0
2016-11-04,2737.5,2737.5,2703.5,2716.0,2710.805908203125,238249,0.0,0.0,0.0
2016-11-07,2784.5,2812.0,2777.0,2812.0,2806.621337890625,1379187,0.0,0.0,0.0
2016-11-08,2804.5,2830.0,2804.5,2831.875,2826.45849609375,289483,0.0,0.0,0.0
2016-11-09,2739.75,2771.75,2719.25,2755.5,2750.229736328125,321745,0.0,0.0,0.0
2016-11-10,2776.25,2788.31103515625,2641.75,2653.5,2648.42529296875,1137086,0.0,0.0,0.0
2016-11-11,2631.75,2632.10009765625,2553.72607421875,2561.0,2556.102294921875,1704039,0.0,0.0,0.0
2016-11-14,2595.75,2602.75,2566.219970703125,2579.5,2574.56640625,412699,0.0,0.0,0.0
2016-11-15,2610.5,2650.0,2594.802001953125,2639.75,2634.701416015625,357438,0.0,0.0,0.0
2016-11-16,2626.5,2629.594970703125,2600.75,2615.0,2609.998779296875,65958,0.0,0.0,0.0
2016-11-17,2624.25,2643.0,2620.25,2639.0,2633.953125,108610,0.0,0.0,0.0
2016-11-18,2622.5,2656.0,2613.89501953125,2643.125,2638.070068359375,50663,0.0,0.0,0.0
2016-11-21,2646.25,2651.448974609375,2625.5,2632.5,2627.465576171875,206220,0.0,0.0,0.0
2016-11-22,2660.75,2680.947998046875,2660.012939453125,2666.25,2661.150390625,109683,0.0,0.0,0.0
2016-11-23,2686.5,2686.75,2641.013916015625,2642.5,2637.445556640625,351013,0.0,0.0,0.0
2016-11-24,2651.25,2658.051025390625,2643.430908203125,2647.5,2642.43701171875,10098,0.0,0.0,0.0
2016-11-25,2658.5,2667.360107421875,2654.39990234375,2656.125,2651.04443359375,122895,0.0,0.0,0.0
2016-11-28,2665.75,2688.75,2655.25,2682.5,2677.3701171875,118837,0.0,0.0,0.0
2016-11-29,2686.0,2687.617919921875,2649.837890625,2668.5,2663.3955078125,161284,0.0,0.0,0.0
2016-11-30,2669.25,2692.56005859375,2665.98291015625,2671.0,2665.89208984375,439056,0.0,0.0,0.0
2016-12-01,2664.5,2666.98291015625,2619.5,2635.5,2630.45947265625,41995,0.0,0.0,0.0
2016-12-02,2603.0,2615.25,2592.5,2609.125,2604.134765625,737517,0.0,0.0,0.0
2016-12-05,2587.5,2614.701904296875,2587.5,2614.625,2609.624755859375,265711,0.0,0.0,0.0
2016-12-06,2607.0,2621.0,2603.199951171875,2619.5,2614.489990234375,63451,0.0,0.0,0.0
2016-12-07,2643.5,2674.407958984375,2643.5,2671.0,2665.89208984375,237426,0.0,0.0,0.0
2016-12-08,2689.0,2706.25,2671.906005859375,2702.5,2697.331787109375,235970,0.0,0.0,0.0
2016-12-09,2695.75,2715.18896484375,2689.5859375,2705.75,2700.57470703125,354245,0.0,0.0,0.0
2016-12-12,2675.75,2682.47998046875,2662.25,2663.25,2658.156005859375,229426,0.0,0.0,0.0
2016-12-13,2642.25,2683.5,2642.25,2683.5,2678.3681640625,135789,0.0,0.0,0.0
2016-12-14,2673.5,2676.75,2658.77001953125,2663.0,2657.906494140625,94543,0.0,0.0,0.0
2016-12-15,2639.25,2663.5,2637.5,2657.75,2652.714599609375,634073,4.7882004,0.0,0.0
2016-12-16,2652.75,2661.5,2644.0,2647.75,2642.733642578125,146930,0.0,0.0,0.0
2016-12-19,2637.75,2663.5,2636.320068359375,2650.0,2644.979248046875,92310,0.0,0.0,0.0
2016-12-20,2648.25,2663.25,2641.889892578125,2660.5,2655.460205078125,184509,0.0,0.0,0.0
2016-12-21,2663.5,2663.75,2637.409912109375,2654.0,2648.972412109375,1191418,0.0,0.0,0.0
2016-12-22,2632.75,2638.5,2615.5,2622.25,2617.282470703125,338012,0.0,0.0,0.0
2016-12-23,2637.75,2644.05810546875,2634.60302734375,2638.5,2633.50146484375,140244,0.0,0.0,0.0
2016-12-28,2687.75,2695.169921875,2669.75,2693.25,2688.1474609375,68599,0.0,0.0,0.0
2016-12-29,2698.0,2726.75,2697.60693359375,2725.75,2720.585693359375,568682,0.0,0.0,0.0
2016-12-30,2716.0,2720.22802734375,2697.618896484375,2712.0,2706.861572265625,157574,0.0,0.0,0.0
2017-01-03,2721.25,2760.25,2721.25,2736.75,2731.564208984375,81816,0.0,0.0,0.0
2017-01-04,2744.75,2756.75,2741.949951171875,2751.875,2746.66162109375,103115,0.0,0.0,0.0
2017-01-05,2764.5,2773.27294921875,2743.25,2750.75,2745.5380859375,176587,0.0,0.0,0.0
2017-01-06,2758.0,2770.972900390625,2754.761962890625,2767.75,2762.50537109375,376560,0.0,0.0,0.0
2017-01-09,2791.25,2805.75,2785.75,2804.75,2799.435791015625,169109,0.0,0.0,0.0
2017-01-10,2814.0,2828.5,2811.031005859375,2829.0,2823.640869140625,145369,0.0,0.0,0.0
2017-01-11,2832.75,2841.0,2820.681884765625,2828.5,2823.1416015625,2467400,0.0,0.0,0.0
2017-01-12,2823.75,2840.0,2822.5,2840.0,2834.619873046875,65757,0.0,0.0,0.0
2017-01-13,2854.75,2860.0,2839.125,2852.25,2846.846435546875,409131,0.0,0.0,0.0
2017-01-16,2861.25,2866.287109375,2855.0,2865.25,2859.821044921875,100522,0.0,0.0,0.0
2017-01-17,2861.5,2867.488037109375,2809.25,2810.5,2805.174072265625,846042,0.0,0.0,0.0
2017-01-18,2831.75,2835.75,2821.0,2821.0,2815.65625,349921,0.0,0.0,0.0
2017-01-19,2820.75,2820.75,2801.636962890625,2803.25,2797.93896484375,205306,0.0,0.0,0.0
2017-01-20,2804.75,2814.9609375,2799.97509765625,2798.625,2793.322509765625,106979,0.0,0.0,0.0
2017-01-23,2788.5,2800.25,2788.27587890625,2797.75,2792.448974609375,133007,0.0,0.0,0.0
2017-01-24,2809.0,2833.5,2800.0,2822.75,2817.40234375,218204,0.0,0.0,0.0
2017-01-25,2826.5,2839.05810546875,2812.75,2823.0,2817.65185546875,667477,0.0,0.0,0.0
2017-01-26,2832.25,2845.287109375,2825.9970703125,2831.25,2825.885986328125,1136522,0.0,0.0,0.0
2017-01-27,2829.75,2838.5,2825.5,2833.25,2827.882568359375,99671,0.0,0.0,0.0
2017-01-30,2821.75,2828.347900390625,2814.75,2817.0,2811.6630859375,206646,0.0,0.0,0.0
2017-01-31,2824.5,2837.0,2811.0,2811.0,2805.67333984375,147915,0.0,0.0,0.0
2017-02-01,2817.75,2821.863037109375,2806.25,2806.75,2801.43359375,415752,0.0,0.0,0.0
2017-02-02,2795.0,2844.25,2794.25,2839.0,2833.621826171875,122499,0.0,0.0,0.0
2017-02-03,2833.5,2872.25,2833.179931640625,2870.0,2864.5625,279358,0.0,0.0,0.0
2017-02-06,2878.0,2883.75,2877.216064453125,2880.25,2874.79296875,38247,0.0,0.0,0.0
2017-02-07,2880.25,2888.0,2855.0,2855.5,2850.090087890625,82908,0.0,0.0,0.0
2017-02-08,2849.75,2861.572021484375,2843.39990234375,2855.0,2849.591552734375,78609,0.0,0.0,0.0
2017-02-09,2857.75,2874.75,2854.75,2874.75,2869.303466796875,169087,0.0,0.0,0.0
2017-02-10,2882.0,2902.287109375,2875.5,2895.875,2890.38818359375,151778,0.0,0.0,0.0
2017-02-13,2893.0,2909.0048828125,2893.0,2909.0,2903.489990234375,288612,0.0,0.0,0.0
2017-02-14,2899.75,2919.488037109375,2898.25,2905.5,2899.99462890625,117022,0.0,0.0,0.0
2017-02-15,2927.75,2944.02490234375,2927.75,2938.5,2932.93212890625,265020,0.0,0.0,0.0
2017-02-16,2933.0,2942.27490234375,2923.5,2929.5,2923.94921875,91965,0.0,0.0,0.0
2017-02-17,2918.5,2929.5,2915.529052734375,2924.0,2918.46044921875,34363,0.0,0.0,0.0
2017-02-20,2937.5,2939.220947265625,2929.0,2938.125,2932.557861328125,50025,0.0,0.0,0.0
2017-02-21,2940.5,2954.0,2940.5,2942.0,2936.4267578125,68048,0.0,0.0,0.0
2017-02-22,2950.0,2958.0,2947.0,2954.0,2948.40380859375,544550,0.0,0.0,0.0
2017-02-23,2960.0,2968.75,2944.64990234375,2947.0,2941.416748046875,150556,0.0,0.0,0.0
2017-02-24,2929.5,2931.75,2909.593994140625,2922.25,2916.713134765625,180160,0.0,0.0,0.0
2017-02-27,2938.0,2939.85302734375,2923.75,2921.125,2915.590087890625,62182,0.0,0.0,0.0
2017-02-28,2920.5,2926.070068359375,2906.5,2909.5,2903.988525390625,137905,0.0,0.0,0.0
2017-03-01,2921.75,2963.25,2915.875,2961.5,2955.88916015625,1918834,0.0,0.0,0.0
2017-03-02,2961.5,2964.030029296875,2938.279052734375,2943.25,2937.673583984375,74195,0.0,0.0,0.0
2017-03-03,2922.5,2955.0,2922.5,2945.75,2940.16796875,149362,0.0,0.0,0.0
2017-03-06,2944.0,2960.5,2942.1201171875,2952.75,2947.15478515625,255791,0.0,0.0,0.0
2017-03-07,2973.0,2982.280029296875,2970.844970703125,2975.5,2969.863037109375,642427,0.0,0.0,0.0
2017-03-08,2980.0,2982.10107421875,2967.326904296875,2968.0,2962.377197265625,492188,0.0,0.0,0.0
2017-03-09,2945.0,2947.05810546875,2926.175048828125,2929.75,2924.198974609375,112380,0.0,0.0,0.0
2017-03-10,2940.25,2961.5,2927.681884765625,2953.5,2947.904052734375,506853,0.0,0.0,0.0
2017-03-13,2979.75,2995.175048828125,2974.530029296875,2984.375,2978.720703125,94830,0.0,0.0,0.0
2017-03-14,3005.75,3012.284912109375,2985.968994140625,2995.25,2989.575439453125,217206,0.0,0.0,0.0
2017-03-15,2984.5,3000.384033203125,2984.5,2996.125,2990.447998046875,200049,0.0,0.0,0.0
2017-03-16,3047.75,3060.0,3027.0,3032.25,3026.56201171875,2052152,5.6348,0.0,0.0
2017-03-17,3026.0,3035.0,3015.237060546875,3023.25,3017.579345703125,300433,0.0,0.0,0.0
2017-03-20,3029.5,3068.1201171875,3025.139892578125,3064.0,3058.252685546875,147286,0.0,0.0,0.0
2017-03-21,3062.75,3064.051025390625,3006.0,3008.0,3002.357666015625,956208,0.0,0.0,0.0
2017-03-22,2990.25,3016.25,2986.0,3009.75,3004.10400390625,124733,0.0,0.0,0.0
2017-03-23,2999.5,3007.0,2990.25,3007.0,3001.359375,35939,0.0,0.0,0.0
2017-03-24,2999.75,3022.0,2993.639892578125,3019.5,3013.8359375,666302,0.0,0.0,0.0
2017-03-27,2978.25,2988.97607421875,2964.0,2983.0,2977.404541015625,498302,0.0,0.0,0.0
2017-03-28,2975.0,3014.75,2975.0,3014.75,3009.094970703125,109982,0.0,0.0,0.0
2017-03-29,3022.0,3041.25,3009.3798828125,3036.0,3030.3056640625,449174,0.0,0.0,0.0
2017-03-30,3027.0,3027.594970703125,3005.75,3017.0,3011.3408203125,105599,0.0,0.0,0.0
2017-03-31,2992.75,3000.5791015625,2976.25,2976.25,2970.667236328125,661284,0.0,0.0,0.0
2017-04-03,2979.5,2999.679931640625,2979.25,2991.75,2986.137939453125,184043,0.0,0.0,0.0
2017-04-04,2998.0,3018.0,2995.1298828125,3018.0,3012.33935546875,86445,0.0,0.0,0.0
2017-04-05,3022.0,3026.610107421875,3011.75,3016.0,3010.343017578125,294225,0.0,0.0,0.0
2017-04-06,2981.5,3001.0,2981.5,2994.5,2988.8837890625,59696,0.0,0.0,0.0
2017-04-07,2987.25,3014.0,2984.85888671875,3012.25,3006.599609375,98067,0.0,0.0,0.0
2017-04-10,2996.75,3004.592041015625,2985.5,2985.5,2979.89990234375,246012,0.0,0.0,0.0
2017-04-11,2978.25,2990.25,2952.0,2954.125,2948.584228515625,163914,0.0,0.0,0.0
2017-04-12,2981.5,2983.14990234375,2960.43994140625,2962.75,2957.192626953125,144097,0.0,0.0,0.0
2017-04-13,2978.25,2995.64794921875,2971.215087890625,2984.5,2978.901611328125,379105,0.0,0.0,0.0
2017-04-18,2959.5,2959.5,2901.75,2902.75,2897.3046875,118097,0.0,0.0,0.0
2017-04-19,2879.5,2891.0,2877.5,2885.375,2879.962890625,85838,0.0,0.0,0.0
2017-04-20,2880.75,2902.75,2880.5,2896.0,2890.567626953125,78350,0.0,0.0,0.0
2017-04-21,2911.75,3043.25,2903.033935546875,2910.75,2905.289306640625,155800,0.0,0.0,0.0
2017-04-24,2947.0,2961.0,2910.0869140625,2953.25,2947.7099609375,598975,0.0,0.0,0.0
2017-04-25,2972.25,2977.3798828125,2965.75,2967.75,2962.183349609375,144150,0.0,0.0,0.0
2017-04-26,2977.0,2978.75,2961.6298828125,2966.5,2960.935791015625,121962,0.0,0.0,0.0
2017-04-27,2950.75,2950.75,2930.5,2934.75,2929.245361328125,487031,0.0,0.0,0.0
2017-04-28,2940.75,2941.93798828125,2927.5,2927.5,2922.0078125,176422,0.0,0.0,0.0
2017-05-02,2972.5,2977.5,2964.75,2971.25,2965.676025390625,211415,0.0,0.0,0.0
2017-05-03,2970.0,2972.570068359375,2959.75,2960.75,2955.197021484375,57079,0.0,0.0,0.0
2017-05-04,2960.0,2964.157958984375,2933.5,2936.75,2931.24072265625,90464,0.0,0.0,0.0
2017-05-05,2912.0,2930.330078125,2909.029052734375,2927.875,2922.3818359375,118076,0.0,0.0,0.0
2017-05-08,2947.5,2961.0791015625,2938.25,2949.5,2943.967529296875,278192,0.0,0.0,0.0
2017-05-09,2963.0,2987.0,2955.972900390625,2985.5,2979.89990234375,111140,0.0,0.0,0.0
2017-05-10,2963.25,2996.5,2963.25,2995.5,2989.88134765625,168629,0.0,0.0,0.0
2017-05-11,3008.75,3024.0,3003.610107421875,3008.25,3002.607421875,99503,0.0,0.0,0.0
2017-05-12,3017.0,3033.0,3014.159912109375,3033.0,3027.310791015625,34325,0.0,0.0,0.0
2017-05-15,3032.0,3046.75,3027.5,3045.25,3039.5380859375,398551,0.0,0.0,0.0
2017-05-16,3040.25,3058.0,3028.25,3050.5,3044.77783203125,175478,0.0,0.0,0.0
2017-05-17,3038.0,3044.114013671875,3009.25,3014.25,3008.59619140625,305367,0.0,0.0,0.0
2017-05-18,2979.0,3063.830078125,2896.5,2939.25,2933.736083984375,506827,0.0,0.0,0.0
2017-05-19,2958.25,2989.5,2958.0,2986.75,2981.1474609375,65562,0.0,0.0,0.0
2017-05-22,3005.5,3006.75,2983.655029296875,2998.375,2992.750244140625,162736,0.0,0.0,0.0
2017-05-23,2991.5,3010.5,2990.14501953125,3003.5,2997.86572265625,491934,0.0,0.0,0.0
2017-05-24,3004.5,3022.0,3001.590087890625,3020.875,3015.208740234375,341586,0.0,0.0,0.0
2017-05-25,3041.5,3049.093017578125,3031.5,3041.875,3036.1689453125,47758,0.0,0.0,0.0
2017-05-26,3057.0,3088.25,3054.25,3088.375,3082.581787109375,865974,0.0,0.0,0.0
2017-05-30,3063.5,3063.5,3047.0,3052.375,3046.64892578125,365491,0.0,0.0,0.0
2017-05-31,3068.0,3068.0,3017.75,3019.75,3014.0849609375,240396,0.0,0.0,0.0
2017-06-01,3040.0,3046.613037109375,3033.0,3037.5,3031.80322265625,132767,0.0,0.0,0.0
2017-06-02,3058.25,3066.5,3053.574951171875,3062.5,3056.755615234375,285398,0.0,0.0,0.0
2017-06-05,3068.75,3074.264892578125,3054.0,3054.0,3048.271728515625,197741,0.0,0.0,0.0
2017-06-06,3054.25,3064.5,3046.652099609375,3059.5,3053.76171875,211635,0.0,0.0,0.0
2017-06-07,3055.75,3057.5,3035.25,3035.125,3029.431884765625,154997,0.0,0.0,0.0
2017-06-08,3046.5,3076.27294921875,3046.5,3060.0,3054.26025390625,237812,0.0,0.0,0.0
2017-06-09,3127.0,3128.75,3072.827880859375,3117.0,3111.1533203125,505110,0.0,0.0,0.0
2017-06-12,3073.25,3093.25,3072.514892578125,3092.5,3086.69921875,426571,0.0,0.0,0.0
2017-06-13,3100.0,3105.952880859375,3085.75,3086.625,3080.835693359375,78907,0.0,0.0,0.0
2017-06-14,3078.25,3101.06201171875,3076.5,3093.0,3087.1982421875,618677,0.0,0.0,0.0
2017-06-15,3072.75,3073.25,3025.0,3039.25,3033.637939453125,332347,9.1291,0.0,0.0
2017-06-16,3044.75,3051.75,3027.75,3030.5,3024.90478515625,466909,0.0,0.0,0.0
2017-06-19,3063.0,3087.75,3057.514892578125,3084.25,3078.55517578125,172467,0.0,0.0,0.0
2017-06-20,3083.75,3098.048095703125,3081.610107421875,3090.5,3084.79296875,41354,0.0,0.0,0.0
2017-06-21,3084.25,3087.75,3066.0,3079.5,3073.814697265625,163865,0.0,0.0,0.0
2017-06-22,3082.25,3095.22998046875,3081.0,3096.5,3090.783203125,164984,0.0,0.0,0.0
2017-06-23,3080.5,3088.6220703125,3074.429931640625,3088.25,3082.5478515625,124501,0.0,0.0,0.0
2017-06-26,3104.0,3122.0,3104.0,3108.5,3102.7607421875,58472,0.0,0.0,0.0
2017-06-27,3113.0,3111.498046875,3085.25,3092.0,3086.291259765625,49498,0.0,0.0,0.0
2017-06-28,3059.25,3124.919921875,3030.364990234375,3045.5,3039.87744140625,89142,0.0,0.0,0.0
2017-06-29,3053.75,3053.75,3009.0,3009.0,3003.444580078125,65555,0.0,0.0,0.0
2017-06-30,3010.25,3032.75,3004.5,3024.0,3018.4169921875,33261,0.0,0.0,0.0
2017-07-03,3026.25,3055.0,3025.75,3048.0,3042.37255859375,902817,0.0,0.0,0.0
2017-07-04,3019.25,3040.75,3019.25,3041.375,3035.75927734375,64209,0.0,0.0,0.0
2017-07-05,3042.5,3045.75,3024.449951171875,3038.625,3033.01416015625,454578,0.0,0.0,0.0
2017-07-06,3033.25,3038.0,3008.5,3008.125,3002.571044921875,28144,0.0,0.0,0.0
2017-07-07,3007.5,3033.5,3005.0,3020.625,3015.0478515625,49501,0.0,0.0,0.0
2017-07-10,3039.25,3063.25,3033.51611328125,3057.25,3051.605224609375,165108,0.0,0.0,0.0
2017-07-11,3074.75,3085.5,3063.5,3074.5,3068.82373046875,85285,0.0,0.0,0.0
2017-07-12,3107.0,3156.44189453125,3100.75,3130.5,3124.7197265625,697806,0.0,0.0,0.0
2017-07-13,3127.25,3143.5,3127.25,3136.375,3130.5849609375,145867,0.0,0.0,0.0
2017-07-14,3137.5,3148.75,3133.25,3135.75,3129.960693359375,182263,0.0,0.0,0.0
2017-07-17,3133.25,3144.25,3131.159912109375,3136.75,3130.958740234375,464871,0.0,0.0,0.0
2017-07-18,3134.75,3160.0,3107.419921875,3151.5,3145.68115234375,364891,0.0,0.0,0.0
2017-07-19,3167.25,3184.0,3164.8701171875,3176.75,3170.884765625,350524,0.0,0.0,0.0
2017-07-20,3177.25,3197.0,3176.25,3185.0,3179.1201171875,143490,0.0,0.0,0.0
2017-07-21,3182.25,3192.0,3176.677978515625,3185.125,3179.244873046875,134055,0.0,0.0,0.0
2017-07-24,3192.75,3192.75,3176.5,3178.0,3172.13232421875,111463,0.0,0.0,0.0
2017-07-25,3178.25,3185.0,3173.75,3178.25,3172.3818359375,121739,0.0,0.0,0.0
2017-07-26,3184.0,3185.0,3174.75,3175.25,3169.387939453125,60885,0.0,0.0,0.0
2017-07-27,3186.25,3198.0,3107.419921875,3198.0,3192.095947265625,181141,0.0,0.0,0.0
2017-07-28,3160.5,3164.0,3153.748046875,3156.125,3150.297607421875,62239,0.0,0.0,0.0
2017-07-31,3174.5,3174.5,3143.75,3145.5,3139.692626953125,191883,0.0,0.0,0.0
2017-08-01,3160.25,3171.7470703125,3150.75,3155.75,3149.92333984375,83912,0.0,0.0,0.0
2017-08-02,3160.0,3161.5,3141.75,3148.0,3142.18798828125,152818,0.0,0.0,0.0
2017-08-03,3134.5,3165.75,3130.429931640625,3156.0,3150.1728515625,496509,0.0,0.0,0.0
2017-08-04,3167.0,3194.10302734375,3167.0,3193.75,3187.852783203125,127435,0.0,0.0,0.0
2017-08-07,3205.5,3222.25,3197.75,3220.75,3214.8037109375,489742,0.0,0.0,0.0
2017-08-08,3232.5,3257.25,3225.179931640625,3257.25,3251.23583984375,73638,0.0,0.0,0.0
2017-08-09,3209.75,3214.25,3192.179931640625,3198.0,3192.095947265625,264769,0.0,0.0,0.0
2017-08-10,3190.25,3196.2529296875,3157.0,3157.5,3151.670166015625,130013,0.0,0.0,0.0
2017-08-11,3127.5,3140.75,3109.75,3138.25,3132.4560546875,150466,0.0,0.0,0.0
2017-08-14,3160.0,3184.010009765625,3154.199951171875,3181.5,3175.625244140625,150976,0.0,0.0,0.0
2017-08-15,3187.25,3204.125,3159.919921875,3201.0,3195.089111328125,386507,0.0,0.0,0.0
2017-08-16,3208.75,3234.75,3208.294921875,3230.25,3224.285400390625,66296,0.0,0.0,0.0
2017-08-17,3225.75,3232.110107421875,3213.5,3218.125,3212.18359375,38445,0.0,0.0,0.0
2017-08-18,3198.5,3232.0,3189.0,3232.0,3226.03271484375,73314,0.0,0.0,0.0
2017-08-21,3227.0,3227.300048828125,3217.429931640625,3224.375,3218.42138671875,52358,0.0,0.0,0.0
2017-08-22,3251.25,3274.5859375,3250.31298828125,3274.25,3268.20458984375,141201,0.0,0.0,0.0
2017-08-23,3270.5,3294.5,3270.5,3294.25,3288.166748046875,136382,0.0,0.0,0.0
2017-08-24,3301.0,3308.75,3296.0,3296.0,3289.9150390625,158670,0.0,0.0,0.0
2017-08-25,3310.25,3322.360107421875,3302.0,3302.0,3295.903564453125,89468,0.0,0.0,0.0
2017-08-29,3250.0,3266.5,3233.0,3264.0,3257.974609375,756861,0.0,0.0,0.0
2017-08-30,3288.75,3292.264892578125,3271.929931640625,3276.25,3270.20068359375,169889,0.0,0.0,0.0
2017-08-31,3274.5,3302.4541015625,3274.5,3293.5,3287.4189453125,85398,0.0,0.0,0.0
2017-09-01,3294.75,3298.5,3285.75,3292.25,3286.170654296875,221488,0.0,0.0,0.0
2017-09-04,3261.0,3279.8798828125,3260.25,3274.5,3268.45361328125,60674,0.0,0.0,0.0
2017-09-05,3273.25,3280.25,3250.5,3251.875,3245.8701171875,194194,0.0,0.0,0.0
2017-09-06,3238.75,3250.0,3238.679931640625,3240.25,3234.26708984375,128711,0.0,0.0,0.0
2017-09-07,3258.25,3266.25,3252.75,3265.5,3259.470458984375,1220882,0.0,0.0,0.0
2017-09-08,3253.75,3256.030029296875,3223.5,3223.5,3217.54736328125,225135,0.0,0.0,0.0
2017-09-11,3258.0,3265.25,3246.0,3265.875,3259.844970703125,304902,0.0,0.0,0.0
2017-09-12,3265.5,3265.5,3243.0,3248.125,3242.1279296875,192800,0.0,0.0,0.0
2017-09-13,3229.25,3242.9599609375,3226.0,3242.875,3236.887939453125,142998,0.0,0.0,0.0
2017-09-14,3220.75,3230.0,3169.659912109375,3177.0,3171.4228515625,477066,29.468,0.0,0.0
2017-09-15,3174.5,3174.5,3131.840087890625,3140.0,3134.4873046875,199068,0.0,0.0,0.0
2017-09-18,3181.75,3187.0,3174.0,3182.25,3176.66357421875,48389,0.0,0.0,0.0
2017-09-19,3173.25,3186.25,3171.5,3173.25,3167.67919921875,101012,0.0,0.0,0.0
2017-09-20,3178.25,3183.0,3165.0,3170.75,3165.1826171875,114803,0.0,0.0,0.0
2017-09-21,3181.25,3191.0,3161.6201171875,3165.625,3160.066650390625,69783,0.0,0.0,0.0
2017-09-22,3145.0,3161.75,3133.779052734375,3152.0,3146.46630859375,152862,0.0,0.0,0.0
2017-09-25,3120.0,3139.0,3109.969970703125,3116.0,3110.529296875,52246,0.0,0.0,0.0
2017-09-26,3110.75,3129.30908203125,3099.429931640625,3116.125,3110.654296875,47612,0.0,0.0,0.0
2017-09-27,3115.0,3166.75,3098.0,3098.25,3092.810546875,917905,0.0,0.0,0.0
2017-09-28,3098.5,3100.2529296875,3082.452880859375,3087.0,3081.581298828125,190877,0.0,0.0,0.0
2017-09-29,3108.5,3140.5,3108.5,3137.5,3131.991943359375,299224,0.0,0.0,0.0
2017-10-02,3151.0,3183.548095703125,3151.0,3175.0,3169.426513671875,182626,0.0,0.0,0.0
2017-10-03,3194.0,3221.75,3193.820068359375,3221.125,3215.47021484375,241920,0.0,0.0,0.0
2017-10-04,3226.25,3232.610107421875,3220.0,3224.5,3218.83935546875,103291,0.0,0.0,0.0
2017-10-05,3235.25,3281.5,3235.25,3283.0,3277.235595703125,48343,0.0,0.0,0.0
2017-10-06,3288.75,3296.25,3268.0,3279.5,3273.7421875,285998,0.0,0.0,0.0
2017-10-09,3264.0,3265.800048828125,3245.0,3255.0,3249.2861328125,1066972,0.0,0.0,0.0
2017-10-10,3264.75,3281.0,3260.76806640625,3269.25,3263.51025390625,73082,0.0,0.0,0.0
2017-10-11,3284.25,3288.27490234375,3273.69091796875,3280.0,3274.2412109375,879654,0.0,0.0,0.0
2017-10-12,3287.75,3314.0,3284.27490234375,3308.0,3302.193359375,425400,0.0,0.0,0.0
2017-10-13,3272.25,3298.0,3272.0,3298.0,3292.210205078125,42877,0.0,0.0,0.0
2017-10-16,3301.0,3313.5,3293.25,3305.875,3300.071533203125,454492,0.0,0.0,0.0
2017-10-17,3299.5,3315.5,3296.5,3306.75,3300.944580078125,91603,0.0,0.0,0.0
2017-10-18,3310.0,3319.261962890625,3306.5,3308.625,3302.81591796875,261649,0.0,0.0,0.0
2017-10-19,3276.0,3294.824951171875,3267.179931640625,3273.125,3267.37939453125,133794,0.0,0.0,0.0
2017-10-20,3304.0,3313.550048828125,3287.510986328125,3292.375,3286.59423828125,115733,0.0,0.0,0.0
2017-10-23,3287.75,3296.610107421875,3269.25,3271.375,3265.63232421875,312575,0.0,0.0,0.0
2017-10-24,3270.75,3292.27392578125,3267.72998046875,3292.125,3286.344970703125,96152,0.0,0.0,0.0
2017-10-25,3293.0,3295.693115234375,3225.5,3230.625,3224.953369140625,700772,0.0,0.0,0.0
2017-10-26,3238.0,3268.25,3237.114013671875,3260.75,3255.025146484375,93905,0.0,0.0,0.0
2017-10-27,3279.0,3285.0,3267.25,3285.75,3279.981689453125,229338,0.0,0.0,0.0
2017-10-30,3285.5,3285.5,3257.0,3257.0,3251.28173828125,148159,0.0,0.0,0.0
2017-10-31,3276.75,3280.0,3262.389892578125,3266.5,3260.765869140625,144586,0.0,0.0,0.0
2017-11-01,3288.25,3308.590087890625,3288.0,3299.875,3294.08203125,279111,0.0,0.0,0.0
2017-11-02,3293.75,3339.8798828125,3292.3701171875,3341.625,3335.758056640625,107551,0.0,0.0,0.0
2017-11-03,3341.75,3348.320068359375,3313.489990234375,3327.875,3322.033447265625,15753,0.0,0.0,0.0
2017-11-06,3329.5,3343.14990234375,3324.2548828125,3336.25,3330.39306640625,74275,0.0,0.0,0.0
2017-11-07,3350.75,3350.75,3326.657958984375,3329.25,3323.40478515625,39694,0.0,0.0,0.0
2017-11-08,3334.5,3347.0,3333.159912109375,3347.125,3341.249267578125,474250,0.0,0.0,0.0
2017-11-09,3342.25,3357.25,3322.25,3322.25,3316.41796875,103138,0.0,0.0,0.0
2017-11-10,3331.0,3331.7080078125,3284.5,3290.25,3284.4736328125,122853,0.0,0.0,0.0
2017-11-13,3320.5,3326.75,3303.639892578125,3314.0,3308.181396484375,240540,0.0,0.0,0.0
2017-11-14,3310.0,3318.070068359375,3286.554931640625,3287.5,3281.729248046875,86913,0.0,0.0,0.0
2017-11-15,3259.75,3520.340087890625,3246.0,3263.25,3257.521240234375,339606,0.0,0.0,0.0
2017-11-16,3297.0,3314.0,3290.8701171875,3311.125,3305.311767578125,43904,0.0,0.0,0.0
2017-11-17,3313.0,3332.0,3299.25,3325.75,3319.91064453125,52066,0.0,0.0,0.0
2017-11-20,3320.0,3328.25,3319.25,3327.5,3321.658935546875,35529,0.0,0.0,0.0
2017-11-21,3353.75,3387.0,3353.0,3386.25,3380.3056640625,79565,0.0,0.0,0.0
2017-11-22,3375.25,3389.0,3366.5,3366.5,3360.589111328125,27572,0.0,0.0,0.0
2017-11-23,3341.75,3360.75,3341.75,3357.625,3351.73046875,145400,0.0,0.0,0.0
2017-11-24,3357.25,3361.5,3348.0,3355.375,3349.484375,1480062,0.0,0.0,0.0
2017-11-27,3321.25,3327.5,3314.25,3314.25,3308.430908203125,249379,0.0,0.0,0.0
2017-11-28,3326.0,3356.5,3326.0,3358.125,3352.2294921875,40335,0.0,0.0,0.0
2017-11-29,3311.75,3314.0,3261.0,3263.25,3257.521240234375,85833,0.0,0.0,0.0
2017-11-30,3238.75,3252.0,3214.5,3226.0,3220.336669921875,343666,0.0,0.0,0.0
2017-12-01,3199.5,3212.0,3183.5,3185.25,3179.6591796875,317652,0.0,0.0,0.0
2017-12-04,3227.75,3237.25,3203.75,3215.0,3209.35546875,328556,0.0,0.0,0.0
2017-12-05,3225.25,3231.5,3213.25,3224.0,3218.33935546875,1088564,0.0,0.0,0.0
2017-12-06,3167.5,3183.25,3165.0,3166.75,3161.18994140625,201176,0.0,0.0,0.0
2017-12-07,3186.0,3186.0,3171.75,3183.25,3177.660888671875,303005,0.0,0.0,0.0
2017-12-08,3183.75,3219.0,3182.5,3217.75,3212.10107421875,130002,0.0,0.0,0.0
2017-12-11,3239.75,3249.0,3237.5,3244.5,3238.804443359375,54594,0.0,0.0,0.0
2017-12-12,3224.75,3227.75,3216.0,3223.625,3217.96484375,91708,0.0,0.0,0.0
2017-12-13,3245.75,3256.324951171875,3235.5,3255.25,3249.535400390625,99570,0.0,0.0,0.0
2017-12-14,3229.25,3244.0,3226.0,3232.5,3226.853515625,181735,2.8604999,0.0,0.0
2017-12-15,3203.5,3251.5,3202.0,3251.5,3245.819580078125,69685,0.0,0.0,0.0
2017-12-18,3256.75,3277.0,3256.75,3277.0,3271.275390625,126200,0.0,0.0,0.0
2017-12-19,3279.25,3281.5,3264.25,3270.75,3265.036865234375,70788,0.0,0.0,0.0
2017-12-20,3266.75,3266.75,3260.75,3262.125,3256.427001953125,39564,0.0,0.0,0.0
2017-12-21,3271.25,3291.5,3271.25,3288.75,3283.00537109375,61445,0.0,0.0,0.0
2017-12-22,3291.75,3296.25,3289.5,3291.5,3285.74951171875,235104,0.0,0.0,0.0
2017-12-27,3342.75,3342.75,3291.25,3309.0,3303.218994140625,153103,0.0,0.0,0.0
2017-12-28,3309.0,3324.25,3309.0,3320.875,3315.074462890625,126006,0.0,0.0,0.0
2017-12-29,3318.0,3327.25,3318.0,3325.5,3319.690185546875,171266,0.0,0.0,0.0
2018-01-02,3344.0,3358.0,3344.0,3347.5,3341.653076171875,67110,0.0,0.0,0.0
2018-01-03,3370.0,3410.25,3367.0,3400.0,3394.06103515625,234443,0.0,0.0,0.0
2018-01-04,3404.0,3423.5,3404.0,3405.75,3399.80078125,195576,0.0,0.0,0.0
2018-01-05,3422.0,3443.0,3419.25,3438.25,3432.243896484375,1271162,0.0,0.0,0.0
2018-01-08,3448.0,3455.5,3442.5,3444.625,3438.60693359375,194737,0.0,0.0,0.0
2018-01-09,3453.0,3455.5,3448.0,3453.5,3447.466796875,130737,0.0,0.0,0.0
2018-01-10,3445.25,3446.75,3416.5,3430.0,3424.00830078125,22620,0.0,0.0,0.0
2018-01-11,3428.0,3442.0,3427.75,3428.125,3422.1357421875,34018,0.0,0.0,0.0
2018-01-12,3449.75,3449.75,3421.25,3435.0,3428.99951171875,119503,0.0,0.0,0.0
2018-01-15,3414.0,3414.0,3398.0,3403.0,3397.054931640625,92797,0.0,0.0,0.0
2018-01-16,3439.75,3451.0,3431.0,3437.0,3430.995849609375,112083,0.0,0.0,0.0
2018-01-17,3433.5,3437.5,3428.0,3432.25,3426.25439453125,385638,0.0,0.0,0.0
2018-01-18,3443.0,3443.0,3422.5,3422.875,3416.896240234375,147644,0.0,0.0,0.0
2018-01-19,3437.0,3459.5,3437.0,3458.75,3452.70849609375,41144,0.0,0.0,0.0
2018-01-22,3454.5,3458.5,3447.75,3448.5,3442.476318359375,46336,0.0,0.0,0.0
2018-01-23,3475.25,3480.0,3452.75,3471.0,3464.9365234375,132876,0.0,0.0,0.0
2018-01-24,3460.5,3461.5,3435.5,3434.0,3428.002197265625,141890,0.0,0.0,0.0
2018-01-25,3425.0,3447.0,3419.5,3447.125,3441.103271484375,82182,0.0,0.0,0.0
2018-01-26,3456.5,3491.0,3454.75,3492.125,3486.02490234375,276841,0.0,0.0,0.0
2018-01-29,3492.0,3493.25,3477.0,3490.625,3484.527099609375,59180,0.0,0.0,0.0
2018-01-30,3455.75,3455.75,3402.5,3411.5,3405.540283203125,81749,0.0,0.0,0.0
2018-01-31,3427.5,3454.25,3420.0,3421.0,3415.023681640625,143701,0.0,0.0,0.0
2018-02-01,3416.25,3416.25,3381.0,3385.0,3379.0869140625,96685,0.0,0.0,0.0
2018-02-02,3370.75,3370.75,3326.0,3341.375,3335.537841796875,212659,0.0,0.0,0.0
2018-02-05,3311.75,3350.0,3311.75,3339.125,3333.292724609375,293600,0.0,0.0,0.0
2018-02-06,3225.5,3313.75,3218.25,3279.25,3273.521728515625,326949,0.0,0.0,0.0
2018-02-07,3259.25,3321.0,3254.25,3316.0,3310.207275390625,182502,0.0,0.0,0.0
2018-02-08,3263.5,3269.25,3188.25,3192.0,3186.424072265625,205834,0.0,0.0,0.0
2018-02-09,3165.0,3217.0,3162.0,3170.25,3164.7119140625,271739,0.0,0.0,0.0
2018-02-12,3227.5,3262.25,3227.5,3240.25,3234.589111328125,217970,0.0,0.0,0.0
2018-02-13,3245.0,3265.5,3236.75,3255.0,3249.314697265625,279307,0.0,0.0,0.0
2018-02-14,3294.5,3306.75,3251.75,3283.0,3277.264404296875,193540,0.0,0.0,0.0
2018-02-15,3335.25,3365.25,3333.5,3349.0,3343.150146484375,81968,0.0,0.0,0.0
2018-02-16,3369.5,3383.25,3362.0,3380.25,3374.34521484375,57744,0.0,0.0,0.0
2018-02-19,3344.75,3372.0,3344.75,3346.5,3340.654052734375,33820,0.0,0.0,0.0
2018-02-20,3329.5,3329.5,3300.0,3328.5,3322.685791015625,30064,0.0,0.0,0.0
2018-02-21,3362.0,3377.25,3352.0,3381.25,3375.34326171875,284405,0.0,0.0,0.0
2018-02-22,3340.5,3368.0,3337.75,3369.5,3363.6142578125,149509,0.0,0.0,0.0
2018-02-23,3370.0,3375.0,3357.25,3371.0,3365.111572265625,31857,0.0,0.0,0.0
2018-02-26,3379.25,3407.25,3379.25,3406.75,3400.799072265625,77600,0.0,0.0,0.0
2018-02-27,3381.75,3396.25,3368.5,3365.75,3359.871337890625,77672,0.0,0.0,0.0
2018-02-28,3338.5,3371.5,3335.75,3346.25,3340.40478515625,122788,0.0,0.0,0.0
2018-03-01,3374.0,3374.0,3347.5,3366.75,3360.867919921875,42771,0.0,0.0,0.0
2018-03-02,3328.25,3337.5,3271.0,3293.75,3287.995849609375,291881,0.0,0.0,0.0
2018-03-05,3288.75,3309.0,3287.5,3311.75,3305.96435546875,35916,0.0,0.0,0.0
2018-03-06,3355.0,3361.25,3339.5,3339.5,3333.666748046875,88965,0.0,0.0,0.0
2018-03-07,3317.25,3329.0,3306.75,3326.75,3320.938232421875,256661,0.0,0.0,0.0
2018-03-08,3341.0,3359.0,3339.0,3357.25,3351.38525390625,69971,0.0,0.0,0.0
2018-03-09,3371.5,3402.0,3364.0,3402.0,3396.05712890625,46783,0.0,0.0,0.0
2018-03-12,3424.75,3429.0,3404.0,3415.75,3409.783447265625,54854,0.0,0.0,0.0
2018-03-13,3420.25,3425.5,3389.5,3381.25,3375.34326171875,131179,0.0,0.0,0.0
2018-03-14,3399.25,3405.5,3373.5,3374.25,3368.354736328125,61606,0.0,0.0,0.0
2018-03-15,3389.75,3391.25,3369.0,3379.125,3373.29443359375,87411,7.2058997,0.0,0.0
2018-03-16,3367.5,3376.0,3358.75,3369.5,3363.68603515625,44599,0.0,0.0,0.0
2018-03-19,3338.25,3338.25,3297.0,3297.0,3291.31103515625,203798,0.0,0.0,0.0
2018-03-20,3325.75,3350.75,3321.75,3351.125,3345.342041015625,150816,0.0,0.0,0.0
2018-03-21,3336.75,3338.25,3315.5,3333.875,3328.121826171875,204601,0.0,0.0,0.0
2018-03-22,3291.75,3296.75,3237.75,3258.625,3253.002197265625,133057,0.0,0.0,0.0
2018-03-23,3221.5,3229.5,3192.5,3197.75,3192.232177734375,31542,0.0,0.0,0.0
2018-03-26,3225.5,3233.0,3186.25,3190.75,3185.243896484375,201309,0.0,0.0,0.0
2018-03-27,3254.5,3275.0,3248.75,3251.5,3245.888671875,90291,0.0,0.0,0.0
2018-03-28,3177.25,3205.5,3171.0,3184.375,3178.880615234375,127206,0.0,0.0,0.0
2018-03-29,3216.5,3260.25,3213.25,3248.5,3242.894287109375,204451,0.0,0.0,0.0
2018-04-03,3228.75,3247.25,3224.0,3231.375,3225.799560546875,572113,0.0,0.0,0.0
2018-04-04,3196.5,3199.0,3141.75,3199.0,3193.480224609375,91499,0.0,0.0,0.0
2018-04-05,3245.75,3283.25,3243.75,3283.25,3277.583740234375,198653,0.0,0.0,0.0
2018-04-06,3224.75,3224.75,3197.0,3198.25,3192.731689453125,63969,0.0,0.0,0.0
2018-04-09,3217.0,3217.0,3175.0,3200.125,3194.603271484375,101381,0.0,0.0,0.0
2018-04-10,3220.75,3220.75,3206.75,3216.5,3210.949951171875,87548,0.0,0.0,0.0
2018-04-11,3204.0,3214.75,3200.75,3214.75,3209.20263671875,62029,0.0,0.0,0.0
2018-04-12,3205.0,3222.0,3204.5,3216.0,3210.45068359375,94937,0.0,0.0,0.0
2018-04-13,3200.0,3205.0,3175.0,3181.125,3175.63525390625,66136,0.0,0.0,0.0
2018-04-16,3163.0,3163.0,3150.0,3153.375,3147.9345703125,51732,0.0,0.0,0.0
2018-04-17,3130.5,3174.25,3130.5,3180.375,3174.886962890625,101644,0.0,0.0,0.0
2018-04-18,3182.0,3208.75,3182.0,3219.375,3213.8193359375,41775,0.0,0.0,0.0
2018-04-19,3239.75,3252.0,3210.0,3217.0,3211.44921875,132072,0.0,0.0,0.0
2018-04-20,3236.75,3236.75,3205.0,3215.25,3209.70166015625,182199,0.0,0.0,0.0
2018-04-23,3222.0,3229.0,3204.25,3228.625,3223.05322265625,27476,0.0,0.0,0.0
2018-04-24,3220.75,3232.0,3207.5,3216.5,3210.949951171875,17048,0.0,0.0,0.0
2018-04-25,3182.0,3182.0,3147.0,3162.5,3157.0439453125,121787,0.0,0.0,0.0
2018-04-26,3163.0,3201.0,3163.0,3200.0,3194.478515625,70952,0.0,0.0,0.0
2018-04-27,3235.25,3263.5,3235.25,3260.125,3254.4990234375,41355,0.0,0.0,0.0
2018-04-30,3283.25,3297.25,3274.0,3276.375,3270.720947265625,58920,0.0,0.0,0.0
2018-05-01,3256.0,3261.0,3233.0,3245.875,3240.2744140625,156444,0.0,0.0,0.0
2018-05-02,3282.75,3282.75,3264.25,3271.375,3265.730224609375,158921,0.0,0.0,0.0
2018-05-03,3255.5,3263.25,3213.5,3217.25,3211.69921875,130413,0.0,0.0,0.0
2018-05-04,3241.75,3261.25,3230.0,3259.875,3254.24951171875,723978,0.0,0.0,0.0
2018-05-08,3270.0,3270.0,3244.75,3252.0,3246.387939453125,115203,0.0,0.0,0.0
2018-05-09,3266.75,3278.0,3244.5,3248.75,3243.144287109375,62634,0.0,0.0,0.0
2018-05-10,3280.75,3347.75,3280.75,3347.75,3341.973388671875,610096,0.0,0.0,0.0
2018-05-11,3333.25,3340.0,3328.0,3328.5,3322.7568359375,46454,0.0,0.0,0.0
2018-05-14,3338.25,3344.0,3328.0,3333.5,3327.74755859375,103022,0.0,0.0,0.0
2018-05-15,3304.5,3304.5,3268.0,3277.25,3271.59521484375,93226,0.0,0.0,0.0
2018-05-16,3287.75,3319.5,3287.25,3314.25,3308.53076171875,45336,0.0,0.0,0.0
2018-05-17,3291.25,3297.0,3280.25,3284.5,3278.832763671875,55226,0.0,0.0,0.0
2018-05-18,3281.0,3284.0,3243.75,3250.25,3244.641357421875,258120,0.0,0.0,0.0
2018-05-21,3292.0,3292.0,3276.0,3276.0,3270.346923828125,68367,0.0,0.0,0.0
2018-05-22,3283.25,3299.75,3283.25,3299.0,3293.307861328125,42042,0.0,0.0,0.0
2018-05-23,3269.0,3287.25,3266.5,3286.0,3280.330322265625,196565,0.0,0.0,0.0
2018-05-24,3287.5,3290.75,3250.5,3265.0,3259.36572265625,248422,0.0,0.0,0.0
2018-05-25,3292.75,3310.75,3292.0,3310.75,3305.037109375,112879,0.0,0.0,0.0
2018-05-29,3280.25,3283.5,3264.25,3272.0,3266.353759765625,162094,0.0,0.0,0.0
2018-05-30,3236.5,3252.0,3234.25,3252.0,3246.387939453125,449195,0.0,0.0,0.0
2018-05-31,3267.75,3267.75,3245.5,3255.5,3249.8828125,349824,0.0,0.0,0.0
2018-06-01,3288.75,3299.5,3279.0,3280.25,3274.58935546875,173248,0.0,0.0,0.0
2018-06-04,3312.0,3336.0,3312.0,3337.625,3331.86572265625,75923,0.0,0.0,0.0
2018-06-05,3329.0,3332.0,3308.5,3308.625,3302.91552734375,24904,0.0,0.0,0.0
2018-06-06,3311.25,3323.0,3303.25,3319.25,3313.521728515625,84590,0.0,0.0,0.0
2018-06-07,3327.0,3335.5,3298.25,3298.25,3292.55908203125,91427,0.0,0.0,0.0
2018-06-08,3267.0,3277.25,3244.5,3275.0,3269.34912109375,137662,0.0,0.0,0.0
2018-06-11,3293.75,3300.25,3288.0,3292.5,3286.818115234375,130320,0.0,0.0,0.0
2018-06-12,3298.5,3301.0,3288.25,3286.25,3280.579833984375,46551,0.0,0.0,0.0
2018-06-13,3287.5,3298.75,3277.5,3286.625,3280.9541015625,60726,0.0,0.0,0.0
2018-06-14,3228.5,3270.75,3218.0,3258.625,3253.115966796875,45839,11.4983,0.0,0.0
2018-06-15,3253.0,3253.0,3203.5,3202.125,3196.71142578125,178004,0.0,0.0,0.0
2018-06-18,3213.0,3213.0,3177.0,3183.75,3178.367431640625,187822,0.0,0.0,0.0
2018-06-19,3137.25,3169.75,3136.75,3166.5,3161.146240234375,545192,0.0,0.0,0.0
2018-06-20,3202.75,3208.0,3189.25,3189.5,3184.107666015625,335502,0.0,0.0,0.0
2018-06-21,3178.25,3179.25,3129.25,3135.75,3130.448974609375,85301,0.0,0.0,0.0
2018-06-22,3155.25,3164.5,3151.75,3155.375,3150.04052734375,14107,0.0,0.0,0.0
2018-06-25,3139.0,3139.0,3090.75,3090.75,3085.52392578125,83115,0.0,0.0,0.0
2018-06-26,3122.5,3122.5,3105.5,3107.0,3101.7470703125,86603,0.0,0.0,0.0
2018-06-27,3098.0,3119.0,3076.5,3095.625,3090.392333984375,136831,0.0,0.0,0.0
2018-06-28,3077.75,3087.75,3068.5,3087.125,3081.906494140625,31498,0.0,0.0,0.0
2018-06-29,3147.5,3147.5,3129.5,3137.25,3131.9462890625,78185,0.0,0.0,0.0
2018-07-02,3088.25,3105.25,3080.5,3094.25,3089.01904296875,68475,0.0,0.0,0.0
2018-07-03,3113.75,3119.75,3104.25,3114.25,3108.984375,39901,0.0,0.0,0.0
2018-07-04,3088.0,3096.5,3084.5,3088.0,3082.77978515625,35777,0.0,0.0,0.0
2018-07-05,3084.0,3101.75,3074.0,3083.25,3078.03662109375,58535,0.0,0.0,0.0
2018-07-06,3093.75,3113.75,3080.0,3112.625,3107.362548828125,100513,0.0,0.0,0.0
2018-07-09,3138.0,3166.25,3134.5,3164.875,3159.523681640625,111478,0.0,0.0,0.0
2018-07-10,3155.25,3161.0,3143.75,3148.5,3143.177001953125,53702,0.0,0.0,0.0
2018-07-11,3105.75,3128.25,3105.5,3116.375,3111.106689453125,174709,0.0,0.0,0.0
2018-07-12,3142.0,3151.0,3138.5,3151.125,3145.797607421875,120230,0.0,0.0,0.0
2018-07-13,3168.0,3168.0,3153.0,3158.75,3153.408935546875,128597,0.0,0.0,0.0
2018-07-16,3142.0,3146.673095703125,3125.75,3129.7451171875,3124.453857421875,7468,0.0,0.0,0.0
2018-07-17,3123.5,3167.5,3116.52490234375,3167.5,3162.145263671875,142546,0.0,0.0,0.0
2018-07-18,3178.25,3185.5,3174.0,3183.625,3178.242431640625,92201,0.0,0.0,0.0
2018-07-19,3167.25,3171.75,3155.25,3168.25,3162.8935546875,74284,0.0,0.0,0.0
2018-07-20,3189.25,3196.0,3179.0,3191.75,3186.354248046875,34837,0.0,0.0,0.0
2018-07-23,3172.0,3172.0,3163.25,3167.375,3162.020263671875,227641,0.0,0.0,0.0
2018-07-24,3193.75,3219.5,3193.75,3212.75,3207.318359375,155115,0.0,0.0,0.0
2018-07-25,3205.0,3224.25,3205.0,3224.125,3218.67431640625,36828,0.0,0.0,0.0
2018-07-26,3207.25,3234.75,3207.25,3232.5,3227.034912109375,50212,0.0,0.0,0.0
2018-07-27,3244.5,3254.25,3244.25,3247.0,3241.510498046875,69223,0.0,0.0,0.0
2018-07-30,3232.25,3243.5,3225.5,3226.875,3221.420166015625,109845,0.0,0.0,0.0
2018-07-31,3212.0,3239.25,3212.0,3236.375,3230.9033203125,106329,0.0,0.0,0.0
2018-08-01,3220.75,3233.0,3215.0,3227.5,3222.043212890625,94468,0.0,0.0,0.0
2018-08-02,3177.0,3185.5,3144.25,3184.25,3178.866943359375,81757,0.0,0.0,0.0
2018-08-03,3197.0,3227.0,3196.5,3227.625,3222.167724609375,237791,0.0,0.0,0.0
2018-08-06,3212.75,3231.5,3212.75,3222.25,3216.802490234375,20176,0.0,0.0,0.0
2018-08-07,3243.5,3266.75,3243.5,3262.125,3256.610107421875,93751,0.0,0.0,0.0
2018-08-08,3257.75,3275.0,3257.0,3264.75,3259.23046875,33011,0.0,0.0,0.0
2018-08-09,3270.0,3274.25,3263.0,3271.875,3266.34326171875,44551,0.0,0.0,0.0
2018-08-10,3244.0,3246.25,3211.75,3216.0,3210.56298828125,86859,0.0,0.0,0.0
2018-08-13,3175.0,3186.0,3162.0,3171.75,3166.38818359375,200574,0.0,0.0,0.0
2018-08-14,3175.0,3181.0,3172.0,3181.0,3175.62158203125,29451,0.0,0.0,0.0
2018-08-15,3150.5,3150.5,3088.25,3094.125,3088.894287109375,200678,0.0,0.0,0.0
2018-08-16,3128.0,3143.5,3116.0,3144.25,3138.9345703125,112763,0.0,0.0,0.0
2018-08-17,3130.75,3134.5,3104.5,3116.5,3111.2314453125,64414,0.0,0.0,0.0
2018-08-20,3152.0,3163.0,3143.0,3151.5,3146.172119140625,72443,0.0,0.0,0.0
2018-08-21,3162.5,3174.25,3162.5,3168.875,3163.517333984375,101215,0.0,0.0,0.0
2018-08-22,3165.75,3176.75,3158.0,3178.75,3173.3759765625,35427,0.0,0.0,0.0
2018-08-23,3173.0,3196.0,3169.0,3171.875,3166.51318359375,87097,0.0,0.0,0.0
2018-08-24,3169.75,3202.5,3169.75,3199.0,3193.592041015625,93999,0.0,0.0,0.0
2018-08-28,3240.75,3248.0,3239.0,3243.125,3237.642333984375,166501,0.0,0.0,0.0
2018-08-29,3236.75,3237.0,3210.5,3214.75,3209.31494140625,74009,0.0,0.0,0.0
2018-08-30,3197.5,3197.5,3147.0,3146.875,3141.554443359375,121001,0.0,0.0,0.0
2018-08-31,3138.5,3172.25,3133.0,3142.25,3136.93798828125,48231,0.0,0.0,0.0
2018-09-03,3163.25,3178.75,3163.25,3170.375,3165.0146484375,77676,0.0,0.0,0.0
2018-09-04,3181.75,3181.75,3135.75,3139.125,3133.817626953125,84399,0.0,0.0,0.0
2018-09-05,3094.75,3099.0,3057.0,3070.75,3065.558837890625,290073,0.0,0.0,0.0
2018-09-06,3060.0,3081.0,3054.75,3060.5,3055.326171875,182465,0.0,0.0,0.0
2018-09-07,3075.0,3078.0,3054.75,3068.625,3063.437255859375,104845,0.0,0.0,0.0
2018-09-10,3045.5,3057.0,3012.0,3014.0,3008.904052734375,171865,0.0,0.0,0.0
2018-09-11,3004.5,3004.5,2974.0,2999.875,2994.803955078125,193929,0.0,0.0,0.0
2018-09-12,2996.75,3033.0,2990.5,3030.0,3024.87744140625,239370,0.0,0.0,0.0
2018-09-13,3014.75,3027.75,3004.0,3008.375,3003.597900390625,105281,31.149302,0.0,0.0
2018-09-14,3028.75,3037.0,3021.5,3036.25,3031.42919921875,146318,0.0,0.0,0.0
2018-09-17,2994.0,2994.0,2978.25,2988.75,2984.00390625,186592,0.0,0.0,0.0
2018-09-18,2989.0,3007.25,2988.25,3004.25,2999.479248046875,184813,0.0,0.0,0.0
2018-09-19,3017.0,3041.0,3007.0,3040.375,3035.54638671875,250625,0.0,0.0,0.0
2018-09-20,3034.25,3039.75,3027.25,3039.75,3034.92236328125,158572,0.0,0.0,0.0
2018-09-21,3068.5,3109.25,3066.0,3109.25,3104.31201171875,349530,0.0,0.0,0.0
2018-09-24,3057.75,3059.75,3045.25,3058.375,3053.51806640625,93720,0.0,0.0,0.0
2018-09-25,3052.5,3063.75,3044.0,3062.25,3057.387939453125,49214,0.0,0.0,0.0
2018-09-26,3069.0,3082.75,3062.0,3080.75,3075.857666015625,179823,0.0,0.0,0.0
2018-09-27,3074.25,3103.5,3074.25,3103.25,3098.322265625,186140,0.0,0.0,0.0
2018-09-28,3091.0,3111.0,3079.75,3106.375,3101.442138671875,50148,0.0,0.0,0.0
2018-10-01,3108.0,3111.75,3094.0,3105.375,3100.444091796875,87958,0.0,0.0,0.0
2018-10-02,3056.25,3081.0,3043.75,3082.375,3077.47998046875,79272,0.0,0.0,0.0
2018-10-03,3078.75,3090.0,3072.75,3072.75,3067.8701171875,25803,0.0,0.0,0.0
2018-10-04,3004.5,3013.25,2973.0,2972.5,2967.77978515625,154751,0.0,0.0,0.0
2018-10-05,2969.25,2969.25,2925.25,2925.25,2920.60498046875,242987,0.0,0.0,0.0
2018-10-08,2932.75,2940.25,2925.5,2928.75,2924.098876953125,121747,0.0,0.0,0.0
2018-10-09,2935.75,2935.75,2911.5,2924.5,2919.856201171875,70705,0.0,0.0,0.0
2018-10-10,2915.75,2915.75,2849.25,2849.75,2845.22509765625,62854,0.0,0.0,0.0
2018-10-11,2784.0,2825.0,2767.25,2798.25,2793.806396484375,94551,0.0,0.0,0.0
2018-10-12,2846.75,2878.75,2842.75,2874.25,2869.685302734375,322688,0.0,0.0,0.0
2018-10-15,2859.25,2869.5,2838.5,2868.25,2863.69482421875,295544,0.0,0.0,0.0
2018-10-16,2856.25,2896.75,2855.25,2896.875,2892.274658203125,59773,0.0,0.0,0.0
2018-10-17,2913.5,2920.0,2877.5,2896.75,2892.149658203125,115055,0.0,0.0,0.0
2018-10-18,2863.25,2875.5,2854.25,2851.875,2847.346435546875,67853,0.0,0.0,0.0
2018-10-19,2876.75,2896.25,2869.5,2872.125,2867.564208984375,173556,0.0,0.0,0.0
2018-10-22,2901.0,2924.75,2901.0,2905.875,2901.2607421875,48610,0.0,0.0,0.0
2018-10-23,2842.5,2849.25,2822.25,2846.25,2841.72998046875,113330,0.0,0.0,0.0
2018-10-24,2857.0,2881.5,2836.25,2835.875,2831.371826171875,81228,0.0,0.0,0.0
2018-10-25,2803.5,2868.75,2803.5,2875.625,2871.058837890625,88316,0.0,0.0,0.0
2018-10-26,2818.0,2825.75,2798.0,2819.25,2814.772705078125,208607,0.0,0.0,0.0
2018-10-29,2840.0,2874.25,2817.0,2819.875,2815.397216796875,132763,0.0,0.0,0.0
2018-10-30,2827.5,2848.0,2815.25,2847.5,2842.978271484375,198581,0.0,0.0,0.0
2018-10-31,2894.25,2897.25,2881.25,2885.625,2881.04296875,117022,0.0,0.0,0.0
2018-11-01,2885.5,2931.75,2885.5,2922.0,2917.35986328125,54438,0.0,0.0,0.0
2018-11-02,2990.0,3003.25,2962.5,2963.125,2958.420166015625,393282,0.0,0.0,0.0
2018-11-05,2933.25,2961.75,2933.25,2949.75,2945.065673828125,88723,0.0,0.0,0.0
2018-11-06,2938.25,2945.0,2921.5,2933.0,2928.34228515625,873060,0.0,0.0,0.0
2018-11-07,2942.0,2967.75,2941.75,2956.5,2951.80517578125,630209,0.0,0.0,0.0
2018-11-08,2961.25,2961.75,2935.75,2940.0,2935.331298828125,92910,0.0,0.0,0.0
2018-11-09,2896.75,2897.25,2870.25,2885.5,2880.918212890625,78697,0.0,0.0,0.0
2018-11-12,2924.25,2924.25,2873.75,2873.75,2869.18701171875,122933,0.0,0.0,0.0
2018-11-13,2916.0,2920.75,2871.0,2891.25,2886.6591796875,84224,0.0,0.0,0.0
2018-11-14,2865.0,2915.25,2858.25,2875.75,2871.183837890625,406151,0.0,0.0,0.0
2018-11-15,2930.0,2988.0,2930.0,2988.0,2983.255126953125,58589,0.0,0.0,0.0
2018-11-16,2971.5,2982.25,2957.5,2971.75,2967.031005859375,47246,0.0,0.0,0.0
2018-11-19,2977.0,2985.75,2957.75,2959.75,2955.05029296875,13689,0.0,0.0,0.0
2018-11-20,2931.75,2935.25,2905.25,2910.25,2905.6279296875,85006,0.0,0.0,0.0
2018-11-21,2938.5,2975.0,2937.75,2972.75,2968.029541015625,300752,0.0,0.0,0.0
2018-11-22,2950.25,2950.25,2920.0,2920.25,2915.613037109375,66452,0.0,0.0,0.0
2018-11-23,2926.75,2932.5,2912.25,2928.75,2924.098876953125,71714,0.0,0.0,0.0
2018-11-26,2955.25,2971.0,2947.0,2960.625,2955.923583984375,45191,0.0,0.0,0.0
2018-11-27,2960.75,2983.75,2953.25,2982.625,2977.888671875,41350,0.0,0.0,0.0
2018-11-28,3001.75,3002.5,2983.5,2999.0,2994.238037109375,51781,0.0,0.0,0.0
2018-11-29,3010.0,3036.5,3010.0,3031.875,3027.060791015625,82403,0.0,0.0,0.0
2018-11-30,3023.0,3025.25,3007.0,3017.25,3012.459716796875,57328,0.0,0.0,0.0
2018-12-03,3093.5,3117.0,3091.0,3092.875,3087.963623046875,333252,0.0,0.0,0.0
2018-12-04,3090.5,3098.75,3081.25,3089.5,3084.593017578125,930033,0.0,0.0,0.0
2018-12-05,3060.5,3060.5,3046.0,3044.625,3039.790283203125,31154,0.0,0.0,0.0
2018-12-06,2994.5,2994.5,2935.25,2934.375,2929.71533203125,163807,0.0,0.0,0.0
2018-12-07,2973.75,3015.75,2973.75,2984.125,2979.38623046875,144286,0.0,0.0,0.0
2018-12-10,2956.0,2960.5,2936.5,2943.0,2938.32666015625,182627,0.0,0.0,0.0
2018-12-11,2970.75,3002.0,2962.25,2993.25,2988.497314453125,55926,0.0,0.0,0.0
2018-12-12,3024.75,3041.0,3022.5,3029.0,3024.189208984375,99137,0.0,0.0,0.0
2018-12-13,3018.25,3023.25,3013.75,3017.375,3012.64794921875,37847,6.3877,0.0,0.0
2018-12-14,2975.0,3011.0,2971.75,3007.75,3003.037353515625,123874,0.0,0.0,0.0
2018-12-17,2988.0,2993.25,2958.75,2986.875,2982.194580078125,38382,0.0,0.0,0.0
2018-12-18,2957.25,2963.0,2948.5,2955.75,2951.11865234375,107191,0.0,0.0,0.0
2018-12-19,2959.0,2979.0,2959.0,2974.5,2969.839111328125,79868,0.0,0.0,0.0
2018-12-20,2926.75,2947.5,2921.75,2933.0,2928.40380859375,792827,0.0,0.0,0.0
2018-12-21,2926.0,2949.75,2917.5,2931.25,2926.657470703125,19833,0.0,0.0,0.0
2018-12-24,2910.75,2913.75,2888.25,2891.375,2886.844970703125,20087,0.0,0.0,0.0
2018-12-27,2898.0,2931.5,2898.0,2910.875,2906.3134765625,50216,0.0,0.0,0.0
2018-12-28,2935.25,2954.75,2935.25,2945.0,2940.385009765625,65953,0.0,0.0,0.0
2018-12-31,2963.25,2963.25,2956.0,2952.25,2947.624267578125,17690,0.0,0.0,0.0
2019-01-02,2890.0,2965.0,2856.5,2961.875,2957.23388671875,190310,0.0,0.0,0.0
2019-01-03,2924.0,2939.75,2916.25,2911.375,2906.812744140625,17871,0.0,0.0,0.0
2019-01-04,2936.5,2977.75,2936.5,2969.125,2964.472412109375,39207,0.0,0.0,0.0
2019-01-07,2972.75,2975.25,2951.0,2964.0,2959.355224609375,98378,0.0,0.0,0.0
2019-01-08,2952.25,2985.5,2952.25,2965.75,2961.10302734375,87120,0.0,0.0,0.0
2019-01-09,3006.5,3036.5,3006.5,3033.875,3029.121337890625,287146,0.0,0.0,0.0
2019-01-10,3017.25,3041.0,3017.25,3038.875,3034.113037109375,30161,0.0,0.0,0.0
2019-01-11,3062.25,3062.25,3021.75,3026.75,3022.007568359375,29530,0.0,0.0,0.0
2019-01-14,2982.0,2990.75,2981.25,2986.25,2981.57080078125,59353,0.0,0.0,0.0
2019-01-15,3025.25,3046.25,3013.75,3043.75,3038.9814453125,61557,0.0,0.0,0.0
2019-01-16,3030.5,3051.75,3029.5,3055.25,3050.462158203125,9920,0.0,0.0,0.0
2019-01-17,3031.0,3032.5,3016.0,3029.25,3024.5029296875,965166,0.0,0.0,0.0
2019-01-18,3028.75,3077.0,3028.75,3071.75,3066.936767578125,261113,0.0,0.0,0.0
2019-01-21,3070.25,3070.25,3058.5,3057.875,3053.082763671875,7529,0.0,0.0,0.0
2019-01-22,3036.75,3037.5,3018.0,3019.25,3014.518798828125,23614,0.0,0.0,0.0
2019-01-23,3011.0,3016.5,2989.5,2991.75,2987.061767578125,76328,0.0,0.0,0.0
2019-01-24,3012.75,3033.5,3003.25,3033.0,3028.2470703125,54153,0.0,0.0,0.0
2019-01-25,3049.25,3055.0,3046.5,3046.375,3041.601318359375,36834,0.0,0.0,0.0
2019-01-28,3018.0,3024.25,2998.5,3011.75,3007.031005859375,1226183,0.0,0.0,0.0
2019-01-29,3017.25,3030.75,3016.25,3021.5,3016.765380859375,147372,0.0,0.0,0.0
2019-01-30,3054.5,3059.5,3048.25,3055.875,3051.08642578125,512128,0.0,0.0,0.0
2019-01-31,3084.0,3109.75,3084.0,3106.25,3101.382568359375,529789,0.0,0.0,0.0
2019-02-01,3102.25,3120.5,3096.5,3111.25,3106.37548828125,127503,0.0,0.0,0.0
2019-02-04,3105.5,3118.0,3105.5,3126.25,3121.351318359375,61674,0.0,0.0,0.0
2019-02-05,3125.0,3182.5,3125.0,3181.75,3176.7646484375,20717,0.0,0.0,0.0
2019-02-06,3176.5,3182.0,3165.25,3165.25,3160.290283203125,223469,0.0,0.0,0.0
2019-02-07,3134.0,3134.0,3092.25,3092.25,3087.40478515625,719096,0.0,0.0,0.0
2019-02-08,3091.75,3095.75,3081.25,3085.0,3080.16650390625,64241,0.0,0.0,0.0
2019-02-11,3122.0,3122.0,3114.75,3119.75,3114.861572265625,28023,0.0,0.0,0.0
2019-02-12,3123.75,3142.0,3123.75,3134.25,3129.338623046875,17829,0.0,0.0,0.0
2019-02-13,3137.0,3138.25,3121.25,3117.375,3112.49072265625,36995,0.0,0.0,0.0
2019-02-14,3127.0,3133.0,3111.5,3118.75,3113.86328125,117080,0.0,0.0,0.0
2019-02-15,3107.75,3127.75,3107.75,3119.25,3114.362548828125,19243,0.0,0.0,0.0
2019-02-18,3119.0,3119.0,3104.0,3107.125,3102.25634765625,40427,0.0,0.0,0.0
2019-02-19,3096.75,3096.75,3078.25,3084.875,3080.04150390625,81583,0.0,0.0,0.0
2019-02-20,3102.5,3121.0,3102.5,3120.0,3115.111083984375,79904,0.0,0.0,0.0
2019-02-21,3114.0,3114.0,3092.25,3091.625,3086.78076171875,31610,0.0,0.0,0.0
2019-02-22,3133.25,3152.0,3133.25,3143.25,3138.324951171875,177118,0.0,0.0,0.0
2019-02-25,3152.0,3182.5,3152.0,3179.625,3174.642333984375,179202,0.0,0.0,0.0
2019-02-26,3131.25,3131.25,3110.5,3113.25,3108.371826171875,68322,0.0,0.0,0.0
2019-02-27,3082.0,3082.0,3062.0,3073.375,3068.559326171875,9576,0.0,0.0,0.0
2019-02-28,3058.25,3070.25,3046.75,3048.875,3044.09716796875,25603,0.0,0.0,0.0
2019-03-01,3080.25,3081.25,3061.25,3063.625,3058.824951171875,29741,0.0,0.0,0.0
2019-03-04,3078.0,3085.0,3067.5,3069.75,3064.940185546875,43266,0.0,0.0,0.0
2019-03-05,3093.0,3112.25,3091.75,3117.0,3112.115966796875,30551,0.0,0.0,0.0
2019-03-06,3109.0,3115.0,3103.75,3111.25,3106.37548828125,21936,0.0,0.0,0.0
2019-03-07,3074.0,3093.0,3059.5,3068.0,3063.193115234375,626657,0.0,0.0,0.0
2019-03-08,3029.25,3044.5,3019.0,3038.5,3033.738525390625,176706,0.0,0.0,0.0
2019-03-11,3085.0,3089.5,3073.5,3082.0,3077.17041015625,84568,0.0,0.0,0.0
2019-03-12,3077.5,3110.25,3077.5,3109.625,3104.752685546875,18746,0.0,0.0,0.0
2019-03-13,3083.25,3094.25,3078.0,3069.875,3065.065185546875,35119,0.0,0.0,0.0
2019-03-14,3044.75,3054.75,3036.0,3037.25,3032.56494140625,50525,7.4381003,0.0,0.0
2019-03-15,3077.0,3083.75,3073.25,3078.625,3073.8759765625,38934,0.0,0.0,0.0
2019-03-18,3109.25,3123.0,3109.25,3117.75,3112.9404296875,31024,0.0,0.0,0.0
2019-03-19,3108.5,3128.25,3108.5,3126.75,3121.92626953125,19233,0.0,0.0,0.0
2019-03-20,3121.25,3121.25,3114.5,3113.0,3108.197265625,109374,0.0,0.0,0.0
2019-03-21,3137.0,3165.25,3131.25,3162.75,3157.87158203125,214280,0.0,0.0,0.0
2019-03-22,3137.0,3138.0,3069.0,3061.125,3056.403076171875,63160,0.0,0.0,0.0
2019-03-25,3045.0,3069.75,3043.0,3069.75,3065.0146484375,46092,0.0,0.0,0.0
2019-03-26,3060.5,3067.75,3057.0,3061.0,3056.2783203125,31795,0.0,0.0,0.0
2019-03-27,3076.5,3076.5,3030.25,3032.875,3028.196044921875,23012,0.0,0.0,0.0
2019-03-28,3052.75,3075.0,3047.75,3068.75,3064.015380859375,72612,0.0,0.0,0.0
2019-03-29,3119.25,3128.5,3102.0,3126.875,3122.05078125,42883,0.0,0.0,0.0
2019-04-01,3152.75,3152.75,3140.75,3147.75,3142.893798828125,24417,0.0,0.0,0.0
2019-04-02,3160.0,3181.75,3158.0,3162.0,3157.12255859375,52258,0.0,0.0,0.0
2019-04-03,3163.0,3177.75,3160.25,3177.75,3172.847412109375,31501,0.0,0.0,0.0
2019-04-04,3151.0,3193.5,3151.0,3190.75,3185.82763671875,208513,0.0,0.0,0.0
2019-04-05,3198.0,3234.5,3198.0,3229.25,3224.267822265625,43735,0.0,0.0,0.0
2019-04-08,3204.25,3215.25,3203.0,3217.5,3212.536376953125,410179,0.0,0.0,0.0
2019-04-09,3217.25,3235.0,3216.5,3218.875,3213.908935546875,60445,0.0,0.0,0.0
2019-04-10,3232.75,3232.75,3223.75,3226.25,3221.273193359375,58511,0.0,0.0,0.0
2019-04-11,3213.75,3213.75,3192.5,3192.5,3187.5751953125,76997,0.0,0.0,0.0
2019-04-12,3212.0,3216.75,3212.0,3215.75,3210.7890625,37013,0.0,0.0,0.0
2019-04-15,3209.5,3209.5,3182.75,3189.0,3184.080322265625,35664,0.0,0.0,0.0
2019-04-16,3216.25,3226.0,3215.0,3226.0,3221.023193359375,90160,0.0,0.0,0.0
2019-04-17,3243.5,3255.5,3243.5,3237.25,3232.25634765625,53354,0.0,0.0,0.0
2019-04-18,3216.25,3241.75,3216.25,3241.5,3236.49951171875,46621,0.0,0.0,0.0
2019-04-23,3225.5,3248.25,3215.75,3248.25,3243.239013671875,1207152,0.0,0.0,0.0
2019-04-24,3236.0,3241.75,3212.0,3214.0,3209.041748046875,79735,0.0,0.0,0.0
2019-04-25,3210.75,3210.75,3187.75,3203.0,3198.05810546875,22822,0.0,0.0,0.0
2019-04-26,3202.5,3220.75,3201.5,3218.5,3213.5341796875,58943,0.0,0.0,0.0
2019-04-29,3229.0,3229.0,3221.75,3221.75,3216.780029296875,14724,0.0,0.0,0.0
2019-04-30,3200.5,3200.5,3181.5,3183.75,3178.83837890625,36000,0.0,0.0,0.0
2019-05-01,3205.75,3206.0,3183.25,3189.25,3184.329833984375,91780,0.0,0.0,0.0
2019-05-02,3186.5,3190.75,3173.0,3168.75,3163.861328125,84994,0.0,0.0,0.0
2019-05-03,3188.5,3202.0,3183.0,3186.5,3181.583984375,68929,0.0,0.0,0.0
2019-05-07,3118.25,3122.25,3089.75,3092.5,3087.7294921875,1560110,0.0,0.0,0.0
2019-05-08,3111.0,3113.0,3092.0,3101.5,3096.71484375,95410,0.0,0.0,0.0
2019-05-09,3051.5,3052.0,3006.0,3000.0,2995.371826171875,72589,0.0,0.0,0.0
2019-05-10,3070.25,3070.25,3017.25,3021.875,3017.213134765625,81040,0.0,0.0,0.0
2019-05-13,3013.0,3013.0,2957.0,2971.0,2966.416748046875,24008,0.0,0.0,0.0
2019-05-14,3013.25,3023.5,3009.0,3026.375,3021.7060546875,93502,0.0,0.0,0.0
2019-05-15,3051.25,3051.25,3026.0,3040.375,3035.684326171875,21288,0.0,0.0,0.0
2019-05-16,3036.5,3067.25,3036.5,3067.25,3062.51806640625,24707,0.0,0.0,0.0
2019-05-17,3011.0,3022.5,3007.75,3019.75,3015.09130859375,26648,0.0,0.0,0.0
2019-05-20,3006.25,3006.25,2986.75,2995.5,2990.87841796875,39239,0.0,0.0,0.0
2019-05-21,3026.5,3026.5,3013.0,3013.0,3008.35107421875,32179,0.0,0.0,0.0
2019-05-22,3035.75,3050.5,3035.5,3041.375,3036.682861328125,18026,0.0,0.0,0.0
2019-05-23,3017.0,3017.0,2987.5,3000.75,2996.120361328125,92975,0.0,0.0,0.0
2019-05-24,3011.25,3016.5,2986.25,2991.25,2986.635009765625,914598,0.0,0.0,0.0
2019-05-28,3012.75,3024.75,3003.25,3005.25,3000.614013671875,141065,0.0,0.0,0.0
2019-05-29,2991.25,3014.75,2990.5,3014.0,3009.35009765625,123206,0.0,0.0,0.0
2019-05-30,3037.25,3059.5,3031.25,3057.25,3052.532958984375,11769,0.0,0.0,0.0
2019-05-31,3029.25,3058.5,3027.5,3058.5,3053.78173828125,41367,0.0,0.0,0.0
2019-06-03,3064.25,3092.25,3064.25,3089.25,3084.483642578125,25926,0.0,0.0,0.0
2019-06-04,3049.75,3071.25,3049.5,3071.25,3066.51220703125,9270,0.0,0.0,0.0
2019-06-05,3062.0,3079.0,3041.5,3045.0,3040.302734375,39454,0.0,0.0,0.0
2019-06-06,3051.5,3056.5,3041.75,3044.625,3039.92822265625,8302,0.0,0.0,0.0
2019-06-07,3051.0,3073.5,3050.0,3072.25,3067.510009765625,23014,0.0,0.0,0.0
2019-06-10,3097.25,3116.75,3096.5,3116.75,3111.942138671875,37407,0.0,0.0,0.0
2019-06-11,3132.25,3143.0,3128.75,3135.25,3130.413818359375,43798,0.0,0.0,0.0
2019-06-12,3114.5,3114.5,3103.75,3106.0,3101.208251953125,33329,0.0,0.0,0.0
2019-06-13,3093.75,3109.5,3093.25,3093.25,3088.60009765625,56972,12.2516,0.0,0.0
2019-06-14,3093.5,3096.25,3088.0,3094.25,3089.5986328125,43716,0.0,0.0,0.0
2019-06-17,3094.75,3095.75,3088.25,3105.75,3101.080810546875,15108,0.0,0.0,0.0
2019-06-18,3119.5,3181.0,3119.5,3177.75,3172.97265625,128833,0.0,0.0,0.0
2019-06-19,3180.25,3181.0,3166.25,3162.125,3157.372314453125,9572,0.0,0.0,0.0
2019-06-20,3195.75,3234.0,3195.75,3212.5,3207.6708984375,62501,0.0,0.0,0.0
2019-06-21,3198.5,3210.5,3198.5,3206.25,3201.4306640625,53105,0.0,0.0,0.0
2019-06-24,3196.5,3200.25,3187.5,3197.5,3192.693359375,17697,0.0,0.0,0.0
2019-06-25,3163.5,3179.5,3163.5,3180.125,3175.344482421875,13480,0.0,0.0,0.0
2019-06-26,3187.5,3204.0,3183.0,3203.25,3198.43408203125,19652,0.0,0.0,0.0
2019-06-27,3222.5,3222.5,3202.25,3217.75,3212.912841796875,381587,0.0,0.0,0.0
2019-06-28,3224.25,3231.0,3204.0,3211.25,3206.422119140625,43774,0.0,0.0,0.0
2019-07-01,3269.0,3279.0,3269.0,3266.375,3261.464599609375,28333,0.0,0.0,0.0
2019-07-02,3266.25,3276.0,3265.5,3275.25,3270.326416015625,56213,0.0,0.0,0.0
2019-07-03,3261.5,3268.75,3259.25,3267.0,3262.087890625,33106,0.0,0.0,0.0
2019-07-04,3280.75,3289.25,3275.25,3285.75,3280.81103515625,34491,0.0,0.0,0.0
2019-07-05,3276.5,3279.0,3262.75,3269.375,3264.460205078125,23602,0.0,0.0,0.0
2019-07-08,3238.0,3250.25,3232.0,3247.25,3242.369140625,21566,0.0,0.0,0.0
2019-07-09,3229.25,3241.25,3229.25,3250.625,3245.73779296875,28075,0.0,0.0,0.0
2019-07-10,3255.5,3275.75,3244.5,3267.875,3262.962158203125,10391,0.0,0.0,0.0
2019-07-11,3276.5,3279.5,3246.75,3246.375,3241.494873046875,10681,0.0,0.0,0.0
2019-07-12,3256.25,3256.25,3231.25,3237.625,3232.758544921875,28943,0.0,0.0,0.0
2019-07-15,3250.5,3270.5,3250.5,3270.375,3265.458984375,9985,0.0,0.0,0.0
2019-07-16,3290.0,3303.5,3290.0,3304.375,3299.407470703125,42665,0.0,0.0,0.0
2019-07-17,3295.75,3295.75,3279.0,3280.25,3275.318603515625,546840,0.0,0.0,0.0
2019-07-18,3272.5,3272.5,3264.75,3264.0,3259.093994140625,6060,0.0,0.0,0.0
2019-07-19,3289.25,3290.5,3283.75,3277.625,3272.6982421875,11893,0.0,0.0,0.0
2019-07-22,3272.25,3277.25,3266.75,3272.25,3267.33056640625,29911,0.0,0.0,0.0
2019-07-23,3286.75,3291.0,3281.75,3279.75,3274.819091796875,21173,0.0,0.0,0.0
2019-07-24,3274.5,3274.5,3272.0,3273.0,3268.080322265625,22029,0.0,0.0,0.0
2019-07-25,3288.5,3288.5,3288.5,3260.75,3255.84765625,2505,0.0,0.0,0.0
2019-07-26,3269.75,3278.5,3269.75,3277.875,3272.947509765625,21408,0.0,0.0,0.0
2019-07-29,3271.5,3312.5,3269.98193359375,3309.0,3304.025390625,5425,0.0,0.0,0.0
2019-07-30,3335.0,3343.339111328125,3299.77294921875,3309.375,3304.400146484375,9032,0.0,0.0,0.0
2019-07-31,3300.5,3306.080078125,3281.197021484375,3285.875,3280.93603515625,8794,0.0,0.0,0.0
2019-08-01,3284.5,3302.75,3284.5,3298.75,3293.791259765625,24084,0.0,0.0,0.0
2019-08-02,3226.5,3226.5,3181.260009765625,3182.75,3177.96533203125,29432,0.0,0.0,0.0
2019-08-05,3136.0,3136.738037109375,3070.447021484375,3077.75,3073.12255859375,41411,0.0,0.0,0.0
2019-08-06,3090.75,3112.2509765625,3086.574951171875,3090.875,3086.228271484375,14292,0.0,0.0,0.0
2019-08-07,3096.25,3119.577880859375,3072.5,3086.5,3081.86083984375,33633,0.0,0.0,0.0
2019-08-08,3125.0,3152.0,3125.0,3152.0,3147.260986328125,411093,0.0,0.0,0.0
2019-08-09,3158.0,3161.02294921875,3133.0,3127.375,3122.673828125,8490,0.0,0.0,0.0
2019-08-12,3126.0,3160.02294921875,3096.4580078125,3105.375,3100.706787109375,6296,0.0,0.0,0.0
2019-08-13,3093.25,3146.75,3072.5,3146.625,3141.89404296875,29293,0.0,0.0,0.0
2019-08-14,3090.75,3132.27294921875,3065.25,3073.25,3068.6298828125,119836,0.0,0.0,0.0
2019-08-15,3087.5,3092.5,3039.923095703125,3060.75,3056.14892578125,26726,0.0,0.0,0.0
2019-08-16,3093.75,3101.5,3080.25,3099.5,3094.84033203125,12587,0.0,0.0,0.0
2019-08-19,3139.25,3149.75,3124.5,3125.25,3120.552001953125,19070,0.0,0.0,0.0
2019-08-20,3150.0,3151.0,3114.0,3124.125,3119.4287109375,10977,0.0,0.0,0.0
2019-08-21,3153.0,3154.47802734375,3145.674072265625,3144.625,3139.898193359375,32298,0.0,0.0,0.0
2019-08-22,3135.25,3138.613037109375,3084.0,3083.25,3078.614501953125,13367,0.0,0.0,0.0
2019-08-23,3118.5,3118.5,3047.25,3047.25,3042.66943359375,23117,0.0,0.0,0.0
2019-08-27,3051.25,3067.25,3041.1298828125,3050.5,3045.913818359375,31959,0.0,0.0,0.0
2019-08-28,3072.25,3077.7080078125,3056.260009765625,3068.5,3063.88720703125,13333,0.0,0.0,0.0
2019-08-29,3106.75,3106.75,3074.1630859375,3106.75,3102.079345703125,3470,0.0,0.0,0.0
2019-08-30,3134.0,3145.0,3121.25,3130.5,3125.793701171875,15391,0.0,0.0,0.0
2019-09-02,3134.0,3165.989990234375,3130.381103515625,3155.5,3150.756591796875,62670,0.0,0.0,0.0
2019-09-03,3149.0,3155.98095703125,3027.14404296875,3140.25,3135.529052734375,8952,0.0,0.0,0.0
2019-09-04,3175.0,3175.4580078125,3161.674072265625,3170.0,3165.23486328125,7749,0.0,0.0,0.0
2019-09-05,3179.25,3187.966064453125,3160.75,3171.5,3166.732666015625,25644,0.0,0.0,0.0
2019-09-06,3177.0,3193.294921875,3177.0,3191.75,3186.95166015625,34484,0.0,0.0,0.0
2019-09-09,3202.75,3209.259033203125,3180.25,3192.75,3187.94970703125,824353,0.0,0.0,0.0
2019-09-10,3177.75,3185.64794921875,3167.25,3174.875,3170.1025390625,52457,0.0,0.0,0.0
2019-09-11,3188.75,3211.5,3185.75,3209.125,3204.301025390625,154679,0.0,0.0,0.0
2019-09-12,3194.0,3224.258056640625,3185.0,3202.875,3198.399169921875,82113,34.0915,0.0,0.0
2019-09-13,3189.25,3198.43505859375,3187.493896484375,3190.25,3185.7919921875,24543,0.0,0.0,0.0
2019-09-16,3153.5,3180.5,3151.25,3180.5,3176.055908203125,35031,0.0,0.0,0.0
2019-09-17,3155.0,3158.596923828125,3140.75,3146.0,3141.60400390625,8432,0.0,0.0,0.0
2019-09-18,3151.25,3159.1201171875,3142.0,3142.0,3137.60986328125,7504,0.0,0.0,0.0
2019-09-19,3129.75,3151.7900390625,3126.694091796875,3151.0,3146.59716796875,42270,0.0,0.0,0.0
2019-09-20,3129.25,3159.587890625,3124.5,3144.25,3139.857421875,126505,0.0,0.0,0.0
2019-09-23,3135.0,3147.639892578125,3133.945068359375,3146.75,3142.352783203125,24740,0.0,0.0,0.0
2019-09-24,3145.75,3147.554931640625,3121.52294921875,3116.875,3112.520263671875,6645,0.0,0.0,0.0
2019-09-25,3098.5,3119.97802734375,3090.0,3119.875,3115.51611328125,7294,0.0,0.0,0.0
2019-09-26,3129.75,3145.904052734375,3124.087890625,3127.875,3123.504638671875,31608,0.0,0.0,0.0
2019-09-27,3149.0,3151.337890625,3135.97802734375,3150.75,3146.347900390625,66205,0.0,0.0,0.0
2019-09-30,3139.75,3145.2900390625,3129.510009765625,3137.375,3132.991455078125,17411,0.0,0.0,0.0
2019-10-01,3131.0,3143.885986328125,3119.47802734375,3125.5,3121.1328125,33234,0.0,0.0,0.0
2019-10-02,3100.75,3100.75,3074.5,3077.5,3073.199951171875,20587,0.0,0.0,0.0
2019-10-03,3099.5,3109.2529296875,3062.25,3077.25,3072.949951171875,29917,0.0,0.0,0.0
2019-10-04,3091.0,3121.280029296875,3087.846923828125,3115.25,3110.897216796875,20749,0.0,0.0,0.0
2019-10-07,3113.0,3118.75,3107.3310546875,3111.75,3107.402587890625,3917,0.0,0.0,0.0
2019-10-08,3138.0,3139.0,3113.5,3115.0,3110.6474609375,173113,0.0,0.0,0.0
2019-10-09,3119.0,3138.0,3108.360107421875,3126.125,3121.757080078125,47800,0.0,0.0,0.0
2019-10-10,3135.75,3150.0,3125.52294921875,3139.75,3135.36279296875,47325,0.0,0.0,0.0
2019-10-11,3125.25,3143.75,3100.5,3115.0,3110.6474609375,40505,0.0,0.0,0.0
2019-10-14,3123.5,3131.050048828125,3096.75,3110.375,3106.029052734375,31426,0.0,0.0,0.0
2019-10-15,3099.0,3106.424072265625,3085.98095703125,3089.0,3084.68310546875,52127,0.0,0.0,0.0
2019-10-16,3086.5,3093.77001953125,3069.5,3070.5,3066.2099609375,31190,0.0,0.0,0.0
2019-10-17,3099.5,3107.9580078125,3073.447998046875,3081.75,3077.444091796875,54462,0.0,0.0,0.0
2019-10-18,3065.25,3080.175048828125,3062.455078125,3068.75,3064.462158203125,9582,0.0,0.0,0.0
2019-10-21,3048.75,3059.443115234375,3045.75,3048.125,3043.865478515625,23406,0.0,0.0,0.0
2019-10-22,3068.25,3087.945068359375,3065.925048828125,3077.25,3072.949951171875,38060,0.0,0.0,0.0
2019-10-23,3079.5,3084.5,3070.4580078125,3083.5,3079.191162109375,10958,0.0,0.0,0.0
2019-10-24,3087.25,3104.72509765625,3080.77001953125,3110.75,3106.40380859375,25142,0.0,0.0,0.0
2019-10-25,3100.25,3119.25,3100.0,3119.0,3114.642333984375,369025,0.0,0.0,0.0
2019-10-28,3129.25,3137.52001953125,3100.280029296875,3137.875,3133.490966796875,17016,0.0,0.0,0.0
2019-10-29,3130.5,3133.635986328125,3110.430908203125,3118.0,3113.6435546875,53431,0.0,0.0,0.0
2019-10-30,3108.5,3116.43798828125,3100.7099609375,3113.375,3109.025390625,4269,0.0,0.0,0.0
2019-10-31,3115.0,3116.75,3084.4130859375,3083.375,3079.066162109375,48374,0.0,0.0,0.0
2019-11-01,3110.0,3133.75,3104.97900390625,3127.875,3123.504638671875,7996,0.0,0.0,0.0
2019-11-04,3162.5,3186.804931640625,3162.5,3177.625,3173.18505859375,37083,0.0,0.0,0.0
2019-11-05,3192.75,3207.75,3192.75,3201.875,3197.401611328125,145762,0.0,0.0,0.0
2019-11-06,3200.25,3208.25,3192.0,3207.0,3202.51904296875,21972,0.0,0.0,0.0
2019-11-07,3223.5,3236.25,3217.14990234375,3236.25,3231.728271484375,2853,0.0,0.0,0.0
2019-11-08,3213.75,3220.5,3203.25,3214.875,3210.3828125,12027,0.0,0.0,0.0
2019-11-11,3166.5,3168.39990234375,3151.25,3162.75,3158.331298828125,10983,0.0,0.0,0.0
2019-11-12,3175.5,3180.090087890625,3162.169921875,3162.5,3158.08251953125,37659,0.0,0.0,0.0
2019-11-13,3141.0,3141.0,3114.77001953125,3128.0,3123.62939453125,59209,0.0,0.0,0.0
2019-11-14,3116.25,3130.89990234375,3116.25,3116.25,3111.89599609375,31736,0.0,0.0,0.0
2019-11-15,3135.0,3149.25,3130.780029296875,3149.25,3144.849853515625,28007,0.0,0.0,0.0
2019-11-18,3136.5,3144.0,3117.25,3132.5,3128.123291015625,23403,0.0,0.0,0.0
2019-11-19,3153.75,3159.300048828125,3130.5,3134.875,3130.494873046875,43714,0.0,0.0,0.0
2019-11-20,3134.5,3139.5,3128.659912109375,3137.875,3133.490966796875,13482,0.0,0.0,0.0
2019-11-21,3096.0,3113.76904296875,3095.677978515625,3111.5,3107.153076171875,150158,0.0,0.0,0.0
2019-11-22,3137.0,3141.75,3120.7900390625,3135.75,3131.369140625,18186,0.0,0.0,0.0
2019-11-25,3153.0,3155.280029296875,3148.25,3147.25,3142.8525390625,4838,0.0,0.0,0.0
2019-11-26,3151.0,3152.0,3133.0,3140.25,3135.8623046875,49999,0.0,0.0,0.0
2019-11-27,3154.5,3155.330078125,3135.25,3137.5,3133.116455078125,66182,0.0,0.0,0.0
2019-11-28,3123.0,3134.75,3123.0,3131.125,3126.75048828125,40094,0.0,0.0,0.0
2019-11-29,3096.25,3113.0,3093.27001953125,3093.375,3089.052978515625,29944,0.0,0.0,0.0
2019-12-02,3100.0,3107.030029296875,3084.47998046875,3084.875,3080.565185546875,163781,0.0,0.0,0.0
2019-12-03,3083.5,3085.110107421875,3029.780029296875,3038.75,3034.504150390625,81350,0.0,0.0,0.0
2019-12-04,3047.75,3065.389892578125,3041.75,3052.75,3048.4853515625,90816,0.0,0.0,0.0
2019-12-05,3045.75,3054.02001953125,3041.958984375,3053.5,3049.234130859375,6322,0.0,0.0,0.0
2019-12-06,3069.0,3079.5,3069.0,3077.625,3073.32470703125,17580,0.0,0.0,0.0
2019-12-09,3072.5,3083.639892578125,3065.75,3073.125,3068.8310546875,34380,0.0,0.0,0.0
2019-12-10,3064.25,3073.72998046875,3049.75,3065.75,3061.46533203125,19937,0.0,0.0,0.0
2019-12-11,3087.25,3100.35009765625,3084.0,3091.375,3087.055419921875,26262,0.0,0.0,0.0
2019-12-12,3086.5,3160.47998046875,3086.5,3153.375,3149.03076171875,29289,6.0139,0.0,0.0
2019-12-13,3117.25,3146.25,3117.0,3113.125,3108.8359375,55175,0.0,0.0,0.0
2019-12-16,3123.5,3153.25,3122.5400390625,3153.0,3148.656005859375,101451,0.0,0.0,0.0
2019-12-17,3196.25,3219.2099609375,3187.27001953125,3218.25,3213.815673828125,56807,0.0,0.0,0.0
2019-12-18,3240.25,3251.5,3236.02001953125,3246.75,3242.276611328125,46441,0.0,0.0,0.0
2019-12-19,3235.5,3266.860107421875,3235.0,3264.0,3259.503173828125,56202,0.0,0.0,0.0
2019-12-20,3264.0,3270.72998046875,3260.909912109375,3266.75,3262.248291015625,65980,0.0,0.0,0.0
2019-12-23,3270.25,3300.919921875,3264.27001953125,3298.5,3293.95556640625,11475,0.0,0.0,0.0
2019-12-24,3298.5,3298.5,3292.0,3293.5,3288.962158203125,8680,0.0,0.0,0.0
2019-12-27,3299.75,3314.840087890625,3283.5,3292.125,3287.58935546875,35379,0.0,0.0,0.0
2019-12-30,3299.0,3299.0,3270.659912109375,3273.0,3268.49072265625,13161,0.0,0.0,0.0
2019-12-31,3275.25,3275.25,3246.25,3246.75,3242.276611328125,21990,0.0,0.0,0.0
2020-01-02,3266.5,3306.0,3266.489990234375,3308.875,3304.315673828125,44029,0.0,0.0,0.0
2020-01-03,3282.75,3304.0,3282.280029296875,3297.75,3293.206298828125,30312,0.0,0.0,0.0
2020-01-06,3269.5,3269.5,3239.199951171875,3253.5,3249.017578125,33410,0.0,0.0,0.0
2020-01-07,3269.0,3273.080078125,3258.239990234375,3267.75,3263.247314453125,56798,0.0,0.0,0.0
2020-01-08,3245.5,3279.0,3240.0,3275.0,3270.48779296875,79958,0.0,0.0,0.0
2020-01-09,3319.5,3343.330078125,2242.0,3322.125,3317.548095703125,49381,0.0,0.0,0.0
2020-01-10,3335.5,3349.25,3331.7880859375,3343.0,3338.39404296875,86825,0.0,0.0,0.0
2020-01-13,3383.0,3392.840087890625,3331.7900390625,3391.25,3386.578125,55140,0.0,0.0,0.0
2020-01-14,3392.5,3393.639892578125,3377.139892578125,3379.0,3374.34423828125,11005,0.0,0.0,0.0
2020-01-15,3365.0,3374.77001953125,3359.75,3360.75,3356.11962890625,40269,0.0,0.0,0.0
2020-01-16,3368.0,3371.409912109375,3363.5,3364.5,3359.864501953125,25717,0.0,0.0,0.0
2020-01-17,3374.0,3391.360107421875,3370.02001953125,3385.875,3381.210205078125,39550,0.0,0.0,0.0
2020-01-20,3391.75,3394.510009765625,3384.52001953125,3386.875,3382.208740234375,34705,0.0,0.0,0.0
2020-01-21,3322.75,3322.75,3306.75,3320.0,3315.42578125,22443,0.0,0.0,0.0
2020-01-22,3347.75,3347.75,3305.0400390625,3308.75,3304.190673828125,17483,0.0,0.0,0.0
2020-01-23,3277.5,3283.75,3254.330078125,3253.0,3248.517822265625,33904,0.0,0.0,0.0
2020-01-24,3295.5,3304.5,3278.0,3285.375,3280.8486328125,20135,0.0,0.0,0.0
2020-01-27,3198.25,3198.25,3123.75,3152.875,3148.53125,144838,0.0,0.0,0.0
2020-01-28,3191.25,3204.5,3160.5,3201.875,3197.4638671875,35269,0.0,0.0,0.0
2020-01-29,3234.75,3234.75,3208.75,3211.0,3206.5751953125,117402,0.0,0.0,0.0
2020-01-30,3153.0,3167.840087890625,3115.5,3120.625,3116.32568359375,169310,0.0,0.0,0.0
2020-01-31,3109.25,3117.56005859375,3052.919921875,3052.75,3048.54443359375,47378,0.0,0.0,0.0
2020-02-03,3087.25,3143.5,3082.09912109375,3137.625,3133.30224609375,61909,0.0,0.0,0.0
2020-02-04,3212.25,3225.360107421875,3207.0,3227.875,3223.427490234375,84928,0.0,0.0,0.0
2020-02-05,3213.75,3272.0,3202.530029296875,3246.875,3242.401611328125,23171,0.0,0.0,0.0
2020-02-06,3272.75,3281.5,3256.5,3266.0,3261.5,97516,0.0,0.0,0.0
2020-02-07,3251.0,3255.5,3205.72998046875,3227.5,3223.052978515625,57287,0.0,0.0,0.0
2020-02-10,3237.5,3240.0,3216.0,3227.875,3223.427490234375,31456,0.0,0.0,0.0
2020-02-11,3258.25,3282.0,3254.0,3277.75,3273.234375,159065,0.0,0.0,0.0
2020-02-12,3283.5,3299.330078125,3205.72998046875,3299.25,3294.704345703125,7353,0.0,0.0,0.0
2020-02-13,3263.5,3278.0,3243.2900390625,3251.375,3246.894775390625,28913,0.0,0.0,0.0
2020-02-14,3265.0,3275.5,3258.25,3257.375,3252.885986328125,17396,0.0,0.0,0.0
2020-02-17,3275.5,3279.260009765625,3270.72998046875,3278.5,3273.982666015625,10185,0.0,0.0,0.0
2020-02-18,3235.5,3236.340087890625,3224.2900390625,3224.875,3220.431640625,31151,0.0,0.0,0.0
2020-02-19,3262.0,3279.5,3254.89990234375,3277.625,3273.109375,75085,0.0,0.0,0.0
2020-02-20,3280.0,3280.0,3261.669921875,3240.375,3235.91015625,11050,0.0,0.0,0.0
2020-02-21,3218.25,3228.0,3205.199951171875,3214.875,3210.4453125,118151,0.0,0.0,0.0
2020-02-24,3134.75,3146.300048828125,3075.030029296875,3096.875,3092.607666015625,667030,0.0,0.0,0.0
2020-02-25,3145.5,3149.0,3078.5,3081.875,3077.628662109375,154612,0.0,0.0,0.0
2020-02-26,3081.0,3129.25,3046.590087890625,3121.875,3117.573486328125,73929,0.0,0.0,0.0
2020-02-27,3100.0,3105.9130859375,3028.85009765625,3052.875,3048.669189453125,118233,0.0,0.0,0.0
2020-02-28,2993.5,2999.675048828125,2924.9130859375,2985.75,2981.636474609375,40382,0.0,0.0,0.0
2020-03-02,3081.0,3103.56298828125,3002.738037109375,3065.875,3061.64990234375,94423,0.0,0.0,0.0
2020-03-03,3096.0,3142.922119140625,3077.1630859375,3104.5,3100.22265625,98753,0.0,0.0,0.0
2020-03-04,3109.0,3133.968017578125,3103.320068359375,3113.5,3109.210693359375,47658,0.0,0.0,0.0
2020-03-05,3127.0,3127.8369140625,3073.5,3078.75,3074.508544921875,255801,0.0,0.0,0.0
2020-03-06,3003.0,3012.0,2946.0,2949.875,2945.810546875,41670,0.0,0.0,0.0
2020-03-09,2736.5,2807.555908203125,2712.0,2759.75,2755.94775390625,187859,0.0,0.0,0.0
2020-03-10,2850.0,2878.0,2822.0,2839.75,2835.83740234375,59073,0.0,0.0,0.0
2020-03-11,2851.0,2863.0,2815.75,2830.625,2826.725341796875,36519,0.0,0.0,0.0
2020-03-12,2655.0,2672.050048828125,2511.0,2511.0,2507.601318359375,39524,6.8572,0.0,0.0
2020-03-13,2694.25,2812.89990234375,2660.409912109375,2696.25,2692.600341796875,316506,0.0,0.0,0.0
2020-03-16,2562.25,2621.5,2487.219970703125,2563.625,2560.154541015625,43291,0.0,0.0,0.0
2020-03-17,2559.25,2648.25,2508.75,2648.25,2644.665283203125,16130,0.0,0.0,0.0
2020-03-18,2498.5,2573.40087890625,2446.5,2540.0,2536.561279296875,113923,0.0,0.0,0.0
2020-03-19,2580.5,2580.5,2499.75,2540.75,2537.31005859375,27515,0.0,0.0,0.0
2020-03-20,2681.5,2715.614990234375,2595.0,2613.25,2609.712890625,23189,0.0,0.0,0.0
2020-03-23,2491.25,2614.19189453125,2491.25,2541.75,2538.309326171875,55418,0.0,0.0,0.0
2020-03-24,2647.5,2681.76904296875,2633.030029296875,2684.25,2680.61572265625,263415,0.0,0.0,0.0
2020-03-25,2725.0,2759.06298828125,2672.7958984375,2745.25,2741.533935546875,29536,0.0,0.0,0.0
2020-03-26,2710.0,2783.507080078125,2701.0,2765.75,2762.006103515625,68841,0.0,0.0,0.0
2020-03-27,2684.75,2700.9541015625,2578.75,2579.75,2576.258544921875,147780,0.0,0.0,0.0
2020-03-30,2610.0,2700.949951171875,2559.0,2602.0,2598.478271484375,178609,0.0,0.0,0.0
2020-03-31,2699.75,2700.949951171875,2563.080078125,2656.75,2653.1533203125,347979,0.0,0.0,0.0
2020-04-01,2592.5,2593.75,2553.054931640625,2559.125,2555.6611328125,79099,0.0,0.0,0.0
2020-04-02,2598.5,2619.7548828125,2576.114990234375,2601.625,2598.103515625,109372,0.0,0.0,0.0
2020-04-03,2615.0,2640.0,2602.76611328125,2604.5,2600.974609375,47294,0.0,0.0,0.0
2020-04-06,2685.75,2708.5,2666.5,2702.5,2698.842041015625,248419,0.0,0.0,0.0
2020-04-07,2744.75,2799.25,2744.75,2766.5,2762.755126953125,34884,0.0,0.0,0.0
2020-04-08,2742.5,2742.5,2702.25,2728.75,2725.056640625,193149,0.0,0.0,0.0
2020-04-09,2769.5,2776.0,2719.014892578125,2764.375,2760.632568359375,42338,0.0,0.0,0.0
2020-04-14,2766.0,2787.93994140625,2751.5,2756.25,2752.519287109375,26884,0.0,0.0,0.0
2020-04-15,2746.0,2746.0,2696.68701171875,2695.375,2691.7265625,205840,0.0,0.0,0.0
2020-04-16,2736.25,2751.5,2715.25,2747.5,2743.781005859375,202819,0.0,0.0,0.0
2020-04-17,2800.0,2829.302978515625,2771.25,2765.125,2761.3818359375,34271,0.0,0.0,0.0
2020-04-20,2794.25,2794.25,2758.4990234375,2782.75,2778.9833984375,16242,0.0,0.0,0.0
2020-04-21,2740.75,2745.541015625,2716.0,2718.375,2714.694580078125,12205,0.0,0.0,0.0
2020-04-22,2780.0,2788.5,2768.375,2788.5,2784.72509765625,29519,0.0,0.0,0.0
2020-04-23,2799.5,2811.0,2784.75,2801.75,2797.957275390625,22916,0.0,0.0,0.0
2020-04-24,2768.0,2778.0,2746.75,2748.0,2744.280029296875,56897,0.0,0.0,0.0
2020-04-27,2792.75,2797.25,2778.31494140625,2792.25,2788.470458984375,9456,0.0,0.0,0.0
2020-04-28,2793.5,2832.75,2793.5,2812.75,2808.9423828125,17787,0.0,0.0,0.0
2020-04-29,2819.0,2866.5,2819.0,2868.5,2864.616943359375,20011,0.0,0.0,0.0
2020-04-30,2908.25,2911.639892578125,2838.25,2822.875,2819.0537109375,19596,0.0,0.0,0.0
2020-05-01,2730.0,2738.205078125,2718.0,2718.875,2715.194580078125,41779,0.0,0.0,0.0
2020-05-04,2729.75,2745.0,2729.75,2743.5,2739.786376953125,8041,0.0,0.0,0.0
2020-05-05,2784.75,2790.5,2766.25,2782.0,2778.2333984375,13243,0.0,0.0,0.0
2020-05-06,2811.0,2820.468017578125,2782.215087890625,2788.25,2784.475341796875,15818,0.0,0.0,0.0
2020-05-07,2796.75,2820.0,2790.25,2812.5,2808.69287109375,13120,0.0,0.0,0.0
2020-05-11,2862.5,2872.25,2844.0,2852.25,2848.388916015625,117404,0.0,0.0,0.0
2020-05-12,2845.25,2887.5,2845.166015625,2887.5,2883.5908203125,19666,0.0,0.0,0.0
2020-05-13,2863.25,2893.25,2858.083984375,2873.875,2869.984375,34017,0.0,0.0,0.0
2020-05-14,2849.75,2853.75,2801.75,2840.75,2836.904296875,209534,0.0,0.0,0.0
2020-05-15,2860.25,2860.25,2831.7880859375,2841.875,2838.0283203125,19217,0.0,0.0,0.0
2020-05-18,2890.5,2925.25,2877.802978515625,2927.0,2923.037353515625,12630,0.0,0.0,0.0
2020-05-19,2936.75,2941.25,2916.25,2937.25,2933.273681640625,4346,0.0,0.0,0.0
2020-05-20,2926.5,2954.083984375,2926.5,2957.375,2953.372314453125,10959,0.0,0.0,0.0
2020-05-21,2934.75,2935.25,2911.25,2908.25,2904.31396484375,1541,0.0,0.0,0.0
2020-05-22,2862.5,2898.14794921875,2862.5,2873.25,2869.360595703125,5220,0.0,0.0,0.0
2020-05-26,2928.0,2932.4599609375,2908.2099609375,2912.5,2908.55712890625,90407,0.0,0.0,0.0
2020-05-27,2913.75,2923.0,2895.9599609375,2912.375,2908.432373046875,9121,0.0,0.0,0.0
2020-05-28,2917.5,2933.2548828125,2898.14306640625,2913.5,2909.55615234375,6378,0.0,0.0,0.0
2020-05-29,2893.0,2909.0,2885.905029296875,2890.0,2886.087890625,10240,0.0,0.0,0.0
2020-06-01,2974.0,2989.367919921875,2940.0400390625,2949.5,2945.507080078125,17069,0.0,0.0,0.0
2020-06-02,2948.75,3012.25,2948.75,3007.5,3003.428955078125,200339,0.0,0.0,0.0
2020-06-03,3050.0,3078.14599609375,3025.56005859375,3075.25,3071.087646484375,147075,0.0,0.0,0.0
2020-06-04,3038.75,3066.861083984375,3035.0,3038.875,3034.761474609375,98763,0.0,0.0,0.0
2020-06-05,3072.0,3108.5,3056.75,3100.0,3095.8037109375,195201,0.0,0.0,0.0
2020-06-08,3087.75,3095.9580078125,3063.56005859375,3080.25,3076.079833984375,11151,0.0,0.0,0.0
2020-06-09,3095.25,3103.669921875,3062.60009765625,3070.0,3065.8447265625,36161,0.0,0.0,0.0
2020-06-10,3087.25,3090.195068359375,3067.5,3072.5,3068.340087890625,21126,0.0,0.0,0.0
2020-06-11,3027.25,3033.114990234375,2998.405029296875,3004.25,3000.309814453125,7105,13.003201,0.0,0.0
2020-06-12,2998.0,3047.25,2994.7900390625,3024.75,3020.7841796875,165873,0.0,0.0,0.0
2020-06-15,2963.75,3006.8701171875,2956.889892578125,2974.25,2970.349365234375,5802,0.0,0.0,0.0
2020-06-16,3023.25,3073.0,3014.722900390625,3032.5,3028.522705078125,163716,0.0,0.0,0.0
2020-06-17,3046.25,3069.5,3043.75,3060.375,3056.36181640625,79856,0.0,0.0,0.0
2020-06-18,3063.75,3097.75,3063.75,3094.875,3090.816650390625,25450,0.0,0.0,0.0
2020-06-19,3122.0,3145.75,3108.340087890625,3130.625,3126.51953125,82610,0.0,0.0,0.0
2020-06-22,3113.0,3121.840087890625,3104.75,3117.25,3113.162109375,25279,0.0,0.0,0.0
2020-06-23,3144.75,3157.25,3134.4541015625,3145.75,3141.624267578125,27986,0.0,0.0,0.0
2020-06-24,3125.5,3150.5830078125,3111.0,3111.0,3106.9208984375,20053,0.0,0.0,0.0
2020-06-25,3100.0,3118.25,3082.68994140625,3114.0,3109.915771484375,103032,0.0,0.0,0.0
2020-06-26,3121.25,3142.321044921875,3104.25,3109.5,3105.422119140625,111706,0.0,0.0,0.0
2020-06-29,3098.5,3133.218017578125,3093.0,3133.0,3128.891357421875,33230,0.0,0.0,0.0
2020-06-30,3129.5,3146.469970703125,3109.25,3109.25,3105.17236328125,7829,0.0,0.0,0.0
2020-07-01,3134.5,3144.659912109375,3096.736083984375,3110.0,3105.92138671875,28535,0.0,0.0,0.0
2020-07-02,3172.25,3192.052978515625,3162.25,3182.5,3178.326416015625,144791,0.0,0.0,0.0
2020-07-03,3219.75,3226.173095703125,3207.25,3210.25,3206.0400390625,97198,0.0,0.0,0.0
2020-07-06,3281.25,3313.300048828125,3281.25,3313.0,3308.65576171875,11621,0.0,0.0,0.0
2020-07-07,3280.5,3280.5,3249.5,3268.0,3263.7138671875,46435,0.0,0.0,0.0
2020-07-08,3281.25,3295.25,3281.25,3283.75,3279.443603515625,30154,0.0,0.0,0.0
2020-07-09,3324.0,3330.0,3292.25,3293.125,3288.806396484375,33173,0.0,0.0,0.0
2020-07-10,3279.25,3287.01806640625,3272.0,3275.5,3271.204345703125,110512,0.0,0.0,0.0
2020-07-13,3306.5,3333.0,3300.79296875,3333.75,3329.378173828125,12200,0.0,0.0,0.0
2020-07-14,3263.5,3280.987060546875,3262.7080078125,3280.75,3276.448486328125,23385,0.0,0.0,0.0
2020-07-15,3280.75,3294.0,3279.677978515625,3284.5,3280.19287109375,8294,0.0,0.0,0.0
2020-07-16,3230.0,3240.25,3217.798095703125,3234.625,3230.383056640625,29972,0.0,0.0,0.0
2020-07-17,3258.5,3276.889892578125,3258.5,3271.625,3267.3349609375,85489,0.0,0.0,0.0
2020-07-20,3273.0,3278.9599609375,3259.05810546875,3279.5,3275.198974609375,8342,0.0,0.0,0.0
2020-07-21,3335.25,3342.14208984375,3308.5,3312.5,3308.15625,5212,0.0,0.0,0.0
2020-07-22,3323.0,3323.25,3280.0,3279.875,3275.57373046875,47868,0.0,0.0,0.0
2020-07-23,3294.75,3301.3740234375,3284.56103515625,3285.5,3281.191650390625,29892,0.0,0.0,0.0
2020-07-24,3225.0,3233.258056640625,3207.0791015625,3227.25,3223.017822265625,16602,0.0,0.0,0.0
2020-07-27,3229.0,3257.580078125,3222.14599609375,3244.0,3239.74609375,47793,0.0,0.0,0.0
2020-07-28,3256.5,3272.943115234375,3233.75,3236.125,3231.880859375,17975,0.0,0.0,0.0
2020-07-29,3251.5,3256.0,3237.544921875,3251.5,3247.23583984375,17817,0.0,0.0,0.0
2020-07-30,3248.0,3248.0,3184.10107421875,3196.25,3192.058349609375,9530,0.0,0.0,0.0
2020-07-31,3202.25,3204.800048828125,3155.177978515625,3163.5,3159.351806640625,63634,0.0,0.0,0.0
2020-08-03,3187.5,3214.25,3177.199951171875,3206.75,3202.544677734375,10769,0.0,0.0,0.0
2020-08-04,3260.0,3260.0,3227.5,3227.5,3223.267578125,1936,0.0,0.0,0.0
2020-08-05,3267.0,3273.5,3259.31298828125,3273.5,3269.20751953125,60538,0.0,0.0,0.0
2020-08-06,3254.5,3255.56103515625,3235.784912109375,3249.5,3245.238525390625,24759,0.0,0.0,0.0
2020-08-07,3247.0,3255.2880859375,3228.85009765625,3242.0,3237.748291015625,10248,0.0,0.0,0.0
2020-08-10,3230.0,3234.8759765625,3217.804931640625,3209.625,3205.416015625,149381,0.0,0.0,0.0
2020-08-11,3234.0,3270.5,3232.0,3247.875,3243.6162109375,71654,0.0,0.0,0.0
2020-08-12,3239.75,3274.617919921875,3239.75,3272.5,3268.20849609375,7631,0.0,0.0,0.0
2020-08-13,3246.0,3255.241943359375,3244.5,3256.125,3251.855712890625,3105,0.0,0.0,0.0
2020-08-14,3246.0,3259.153076171875,3225.0,3241.75,3237.498779296875,73065,0.0,0.0,0.0
2020-08-17,3261.0,3275.2041015625,3252.287109375,3274.625,3270.33056640625,6566,0.0,0.0,0.0
2020-08-18,3242.0,3259.83203125,3232.0,3235.5,3231.256591796875,4264,0.0,0.0,0.0
2020-08-19,3232.0,3245.248046875,3223.843994140625,3235.625,3231.381591796875,4331,0.0,0.0,0.0
2020-08-20,3183.75,3210.02294921875,3176.0,3178.625,3174.456787109375,65140,0.0,0.0,0.0
2020-08-21,3215.0,3236.75,3203.449951171875,3237.5,3233.254638671875,3651,0.0,0.0,0.0
2020-08-24,3272.5,3290.5,3203.449951171875,3272.875,3268.583251953125,20765,0.0,0.0,0.0
2020-08-25,3287.0,3301.0,3273.0400390625,3294.5,3290.1796875,12298,0.0,0.0,0.0
2020-08-26,3303.0,3307.968017578125,3282.25,3292.375,3288.057373046875,1379,0.0,0.0,0.0
2020-08-27,3289.75,3292.134033203125,3269.25,3269.25,3264.962890625,9537,0.0,0.0,0.0
2020-08-28,3275.25,3278.52099609375,3259.19091796875,3266.875,3262.59033203125,4035,0.0,0.0,0.0
2020-09-01,3221.0,3235.884033203125,3198.25,3223.875,3219.6474609375,4557,0.0,0.0,0.0
2020-09-02,3260.0,3272.0,3240.5,3246.125,3241.8681640625,27528,0.0,0.0,0.0
2020-09-03,3263.5,3263.5,3196.5,3204.875,3200.672607421875,27608,0.0,0.0,0.0
2020-09-04,3212.0,3240.75,3178.25,3186.75,3182.57080078125,101076,0.0,0.0,0.0
2020-09-07,3222.5,3222.5,3199.697998046875,3220.0,3215.777099609375,97826,0.0,0.0,0.0
2020-09-08,3222.5,3232.712890625,3200.75,3226.0,3221.76953125,6598,0.0,0.0,0.0
2020-09-09,3232.75,3263.5,3230.75,3251.25,3246.986083984375,88296,0.0,0.0,0.0
2020-09-10,3250.75,3288.0,3228.343017578125,3291.625,3287.30859375,60336,0.0,0.0,0.0
2020-09-11,3307.0,3320.926025390625,3300.7041015625,3311.125,3306.782958984375,9034,0.0,0.0,0.0
2020-09-14,3339.75,3349.68798828125,3311.965087890625,3325.125,3320.763671875,98764,0.0,0.0,0.0
2020-09-15,3361.0,3379.468017578125,3347.989990234375,3371.75,3367.328857421875,35362,0.0,0.0,0.0
2020-09-16,3369.75,3374.462890625,3342.0,3351.0,3346.605224609375,22088,0.0,0.0,0.0
2020-09-17,3289.5,3308.4130859375,3254.18994140625,3295.5,3291.46044921875,6297,28.7435,0.0,0.0
2020-09-18,3312.5,3317.428955078125,3290.75,3292.75,3288.713623046875,14485,0.0,0.0,0.0
2020-09-21,3269.0,3275.60791015625,3239.7958984375,3246.75,3242.7705078125,10477,0.0,0.0,0.0
2020-09-22,3262.0,3267.18310546875,3248.5,3256.625,3252.63330078125,8688,0.0,0.0,0.0
2020-09-23,3273.5,3288.0,3241.97412109375,3243.75,3239.774169921875,23555,0.0,0.0,0.0
2020-09-24,3200.0,3207.75,3164.25,3207.25,3203.31884765625,12903,0.0,0.0,0.0
2020-09-25,3191.25,3197.0,3186.589111328125,3195.875,3191.95751953125,3036,0.0,0.0,0.0
2020-09-28,3226.0,3226.0,3205.25,3215.0,3211.058837890625,11036,0.0,0.0,0.0
2020-09-29,3199.75,3217.75,3193.0,3214.0,3210.060791015625,82879,0.0,0.0,0.0
2020-09-30,3227.25,3258.5,3227.25,3253.0,3249.0126953125,74103,0.0,0.0,0.0
2020-10-01,3282.5,3308.0,3267.75,3282.0,3277.976806640625,64796,0.0,0.0,0.0
2020-10-02,3253.5,3266.2919921875,3224.0,3264.0,3259.9990234375,14802,0.0,0.0,0.0
2020-10-05,3255.0,3263.43310546875,3244.0,3266.75,3262.744873046875,25764,0.0,0.0,0.0
2020-10-06,3272.5,3300.757080078125,3265.008056640625,3299.375,3295.331298828125,24634,0.0,0.0,0.0
2020-10-07,3323.5,3341.5,3320.25,3332.5,3328.41552734375,26141,0.0,0.0,0.0
2020-10-08,3332.25,3346.0,3325.5,3340.25,3336.15625,19532,0.0,0.0,0.0
2020-10-09,3337.5,3368.0,3337.5,3361.125,3357.005615234375,12217,0.0,0.0,0.0
2020-10-12,3362.5,3374.425048828125,3357.384033203125,3365.75,3361.625,80592,0.0,0.0,0.0
2020-10-13,3360.5,3384.0,3358.0,3372.0,3367.866943359375,152228,0.0,0.0,0.0
2020-10-14,3391.25,3397.695068359375,3360.25,3369.375,3365.245361328125,11573,0.0,0.0,0.0
2020-10-15,3336.25,3339.5,3302.802001953125,3334.25,3330.1630859375,232236,0.0,0.0,0.0
2020-10-16,3354.0,3369.25,3348.75,3360.125,3356.00634765625,57584,0.0,0.0,0.0
2020-10-19,3364.5,3364.5,3347.20703125,3355.25,3351.137939453125,40851,0.0,0.0,0.0
2020-10-20,3375.25,3389.25,3368.75,3381.75,3377.60498046875,67612,0.0,0.0,0.0
2020-10-21,3391.75,3403.6279296875,3360.25,3358.625,3354.508056640625,20988,0.0,0.0,0.0
2020-10-22,3358.25,3379.25,3347.5,3366.25,3362.124267578125,1258396,0.0,0.0,0.0
2020-10-23,3380.0,3383.68798828125,3365.571044921875,3378.5,3374.35888671875,2534260,0.0,0.0,0.0
2020-10-26,3353.75,3383.68994140625,3348.75,3362.5,3358.37841796875,272411,0.0,0.0,0.0
2020-10-27,3362.25,3371.0,3362.25,3367.25,3363.121826171875,150438,0.0,0.0,0.0
2020-10-28,3350.25,3366.6630859375,3307.5,3320.0,3315.93115234375,21646,0.0,0.0,0.0
2020-10-29,3336.0,3350.75,3329.25,3345.25,3341.1494140625,52042,0.0,0.0,0.0
2020-10-30,3299.75,3325.75,3293.5,3303.0,3298.951171875,89014,0.0,0.0,0.0
2020-11-02,3339.75,3365.366943359375,3334.868896484375,3352.0,3347.891357421875,7681,0.0,0.0,0.0
2020-11-03,3383.0,3399.75,3335.5,3338.5,3334.407470703125,122403,0.0,0.0,0.0
2020-11-04,3351.5,3459.25,3348.5849609375,3459.25,3455.010009765625,66231,0.0,0.0,0.0
2020-11-05,3490.0,3516.659912109375,3464.068115234375,3475.5,3471.239990234375,56141,0.0,0.0,0.0
2020-11-06,3459.25,3527.985107421875,3440.39794921875,3472.25,3467.994384765625,56521,0.0,0.0,0.0
2020-11-09,3512.0,3607.718994140625,3506.9970703125,3560.5,3556.13671875,191476,0.0,0.0,0.0
2020-11-10,3481.0,3500.550048828125,3440.0,3460.5,3456.258056640625,106214,0.0,0.0,0.0
2020-11-11,3427.75,3477.0,3427.75,3474.25,3469.99169921875,20329,0.0,0.0,0.0
2020-11-12,3475.25,3522.5,3461.0,3515.5,3511.19091796875,40796,0.0,0.0,0.0
2020-11-13,3507.0,3517.0,3493.25,3502.75,3498.4560546875,18358,0.0,0.0,0.0
2020-11-16,3529.5,3568.75,3526.25,3556.625,3552.26513671875,280345,0.0,0.0,0.0
2020-11-17,3535.5,3540.25,3514.89990234375,3531.0,3526.671875,22241,0.0,0.0,0.0
2020-11-18,3531.75,3549.5,3520.75,3526.5,3522.177734375,30400,0.0,0.0,0.0
2020-11-19,3517.0,3531.75,3494.75,3530.5,3526.172607421875,133937,0.0,0.0,0.0
2020-11-20,3520.75,3540.5,3520.75,3537.0,3532.6640625,37234,0.0,0.0,0.0
2020-11-23,3554.0,3567.1298828125,3536.363037109375,3548.75,3544.400390625,39347,0.0,0.0,0.0
2020-11-24,3560.0,3574.02490234375,3556.6640625,3569.375,3564.999755859375,88757,0.0,0.0,0.0
2020-11-25,3548.5,3552.47802734375,3537.722900390625,3552.25,3547.896240234375,91341,0.0,0.0,0.0
2020-11-26,3569.25,3583.0,3566.699951171875,3579.75,3575.36181640625,71762,0.0,0.0,0.0
2020-11-27,3584.75,3608.5,3582.863037109375,3608.5,3604.0771484375,39442,0.0,0.0,0.0
2020-11-30,3531.0,3556.75,3511.0,3507.25,3502.951416015625,56228,0.0,0.0,0.0
2020-12-01,3537.0,3565.0,3536.75,3549.75,3545.39892578125,48999,0.0,0.0,0.0
2020-12-02,3563.75,3581.25,3561.25,3579.625,3575.237060546875,24263,0.0,0.0,0.0
2020-12-03,3585.0,3595.25,3574.0380859375,3585.25,3580.855712890625,39695,0.0,0.0,0.0
2020-12-04,3628.5,3639.25,3593.0,3614.25,3609.819580078125,154199,0.0,0.0,0.0
2020-12-07,3632.0,3672.375,3632.0,3659.0,3654.51513671875,63234,0.0,0.0,0.0
2020-12-08,3646.5,3660.75,3639.5,3649.75,3645.276123046875,37541,0.0,0.0,0.0
2020-12-09,3658.0,3665.2099609375,3630.0,3630.25,3625.80029296875,15552,0.0,0.0,0.0
2020-12-10,3639.5,3677.75,3630.25,3673.75,3669.327392578125,125982,7.9343,0.0,0.0
2020-12-11,3675.25,3690.0,3663.81298828125,3679.75,3675.319580078125,13921,0.0,0.0,0.0
2020-12-14,3642.0,3646.25,3623.0,3639.75,3635.368408203125,40140,0.0,0.0,0.0
2020-12-15,3650.0,3650.0,3606.5,3616.25,3611.896484375,13865,0.0,0.0,0.0
2020-12-16,3631.25,3640.35009765625,3615.282958984375,3631.0,3626.628173828125,110578,0.0,0.0,0.0
2020-12-17,3644.0,3644.0,3620.25,3625.0,3620.636474609375,126479,0.0,0.0,0.0
2020-12-18,3625.0,3656.10009765625,3625.0,3652.75,3648.352294921875,45003,0.0,0.0,0.0
2020-12-21,3673.0,3681.1201171875,3608.613037109375,3642.5,3638.11474609375,55218,0.0,0.0,0.0
2020-12-22,3596.75,3629.199951171875,3596.0,3618.25,3613.89453125,19944,0.0,0.0,0.0
2020-12-23,3635.25,3637.212890625,3588.5,3611.5,3607.152099609375,24185,0.0,0.0,0.0
2020-12-24,3597.75,3631.844970703125,3580.75,3583.625,3579.31103515625,4710,0.0,0.0,0.0
2020-12-29,3620.0,3649.485107421875,3620.0,3646.5,3642.110107421875,32934,0.0,0.0,0.0
2020-12-30,3694.0,3699.949951171875,3671.199951171875,3685.5,3681.062744140625,11036,0.0,0.0,0.0
2020-12-31,3689.75,3689.75,3665.468017578125,3681.25,3676.818359375,5259,0.0,0.0,0.0
2021-01-04,3720.0,3751.97998046875,3702.947021484375,3720.75,3716.2705078125,66929,0.0,0.0,0.0
2021-01-05,3751.0,3761.5,3732.052978515625,3756.75,3752.227294921875,106089,0.0,0.0,0.0
2021-01-06,3754.5,3786.25,3742.98291015625,3782.75,3778.19580078125,101535,0.0,0.0,0.0
2021-01-07,3782.5,3785.75,3766.0,3785.75,3781.1923828125,32065,0.0,0.0,0.0
2021-01-08,3844.25,3897.594970703125,3837.693115234375,3885.25,3880.572265625,95525,0.0,0.0,0.0
2021-01-11,3890.5,3897.0,3875.25,3884.75,3880.072998046875,38107,0.0,0.0,0.0
2021-01-12,3877.25,3885.75,3861.837890625,3878.125,3873.456298828125,45021,0.0,0.0,0.0
2021-01-13,3869.0,3872.5,3853.0,3865.5,3860.84619140625,70376,0.0,0.0,0.0
2021-01-14,3894.0,3924.5,3891.969970703125,3916.875,3912.159423828125,53912,0.0,0.0,0.0
2021-01-15,3889.5,3894.862060546875,3868.35009765625,3884.375,3879.698486328125,45994,0.0,0.0,0.0
2021-01-18,3892.25,3902.72802734375,3888.050048828125,3900.0,3895.30517578125,246502,0.0,0.0,0.0
2021-01-19,3956.0,3958.22998046875,3927.0,3927.0,3922.272216796875,22725,0.0,0.0,0.0
2021-01-20,3986.75,3988.550048828125,3971.0,3978.0,3973.21044921875,43868,0.0,0.0,0.0
2021-01-21,4001.25,4004.43310546875,3960.02490234375,3975.125,3970.339599609375,33218,0.0,0.0,0.0
2021-01-22,3949.75,3953.5,3927.0,3941.75,3937.004638671875,29932,0.0,0.0,0.0
2021-01-25,4005.5,4012.5,3956.75,3970.75,3965.9697265625,68261,0.0,0.0,0.0
2021-01-26,3945.75,3948.405029296875,3926.5,3926.5,3921.77294921875,60971,0.0,0.0,0.0
2021-01-27,3897.75,3899.550048828125,3861.695068359375,3869.25,3864.591796875,267319,0.0,0.0,0.0
2021-01-28,3815.75,3852.75,3790.25,3852.75,3848.11181640625,75980,0.0,0.0,0.0
2021-01-29,3789.0,3799.910888671875,3766.75,3783.25,3778.695556640625,78289,0.0,0.0,0.0
2021-02-01,3832.5,3861.22509765625,3831.5859375,3859.5,3854.853515625,57448,0.0,0.0,0.0
2021-02-02,3924.5,3949.75,3924.5,3945.875,3941.124267578125,91752,0.0,0.0,0.0
2021-02-03,3970.25,3980.75,3952.5,3961.5,3956.73046875,176606,0.0,0.0,0.0
2021-02-04,3969.0,3984.761962890625,3929.25,3941.125,3936.38037109375,89201,0.0,0.0,0.0
2021-02-05,3957.75,3967.364990234375,3942.6650390625,3964.25,3959.478515625,112108,0.0,0.0,0.0
2021-02-08,3964.75,3986.5,3957.85009765625,3976.625,3971.837158203125,40614,0.0,0.0,0.0
2021-02-09,3972.25,3989.0,3963.93505859375,3989.0,3984.197998046875,41533,0.0,0.0,0.0
2021-02-10,4023.0,4023.0,3981.0,3999.25,3994.435546875,47609,0.0,0.0,0.0
2021-02-11,4038.0,4064.0,4032.655029296875,4060.625,4055.73681640625,35473,0.0,0.0,0.0
2021-02-12,4049.5,4053.0,4036.75,4052.75,4047.870361328125,57253,0.0,0.0,0.0
2021-02-15,4060.0,4075.75,4059.373046875,4076.125,4071.2177734375,25751,0.0,0.0,0.0
2021-02-16,4063.0,4073.199951171875,4044.25,4042.5,4037.63330078125,45772,0.0,0.0,0.0
2021-02-17,4069.0,4069.75,4040.0,4043.375,4038.507568359375,101590,0.0,0.0,0.0
2021-02-18,4009.25,4009.25,3937.931884765625,3947.75,3942.99755859375,41901,0.0,0.0,0.0
2021-02-19,3972.0,3995.949951171875,3970.169921875,3995.5,3990.689697265625,54713,0.0,0.0,0.0
2021-02-22,3894.25,3894.25,3864.75,3870.5,3865.840576171875,51665,0.0,0.0,0.0
2021-02-23,3856.5,3859.090087890625,3781.0,3831.75,3827.13720703125,44567,0.0,0.0,0.0
2021-02-24,3781.25,3824.25,3768.25,3812.0,3807.4111328125,50316,0.0,0.0,0.0
2021-02-25,3841.25,3841.25,3804.64990234375,3806.75,3802.1669921875,36279,0.0,0.0,0.0
2021-02-26,3750.0,3761.0,3711.260009765625,3745.75,3741.241455078125,101171,0.0,0.0,0.0
2021-03-01,3796.25,3840.75,3787.5,3838.5,3833.87939453125,139740,0.0,0.0,0.0
2021-03-02,3805.5,3819.25,3789.75,3793.75,3789.18310546875,165821,0.0,0.0,0.0
2021-03-03,3854.25,3859.6298828125,3804.239990234375,3807.75,3803.166015625,52781,0.0,0.0,0.0
2021-03-04,3768.25,3779.25,3734.5,3765.0,3760.467529296875,190277,0.0,0.0,0.0
2021-03-05,3752.25,3780.860107421875,3708.949951171875,3719.25,3714.772705078125,80409,0.0,0.0,0.0
2021-03-08,3697.25,3714.25,3667.5,3693.0,3688.553955078125,63588,0.0,0.0,0.0
2021-03-09,3656.25,3728.591064453125,3656.25,3725.75,3721.2646484375,114580,0.0,0.0,0.0
2021-03-10,3714.5,3739.5,3703.25,3707.25,3702.786865234375,61158,0.0,0.0,0.0
2021-03-11,3765.75,3792.25,3765.75,3792.25,3787.7919921875,64675,10.5161,0.0,0.0
2021-03-12,3752.0,3752.0,3726.068115234375,3741.25,3736.8515625,122380,0.0,0.0,0.0
2021-03-15,3731.75,3762.0,3727.25,3749.75,3745.341552734375,65358,0.0,0.0,0.0
2021-03-16,3787.5,3792.0,3777.5,3778.5,3774.057861328125,19479,0.0,0.0,0.0
2021-03-17,3746.5,3753.050048828125,3718.75,3737.5,3733.106689453125,32319,0.0,0.0,0.0
2021-03-18,3760.0,3760.794921875,3734.0,3741.875,3737.475830078125,160637,0.0,0.0,0.0
2021-03-19,3712.75,3755.5,3709.819091796875,3752.0,3747.58984375,48791,0.0,0.0,0.0
2021-03-22,3732.75,3758.75,3732.75,3757.75,3753.33251953125,101524,0.0,0.0,0.0
2021-03-23,3725.25,3733.43994140625,3715.360107421875,3733.125,3728.73681640625,57590,0.0,0.0,0.0
2021-03-24,3698.0,3710.39990234375,3675.25,3675.25,3670.9296875,77703,0.0,0.0,0.0
2021-03-25,3664.0,3670.5,3625.5,3654.875,3650.57861328125,129996,0.0,0.0,0.0
2021-03-26,3695.25,3695.280029296875,3658.949951171875,3667.75,3663.4384765625,217448,0.0,0.0,0.0
2021-03-29,3644.0,3696.60107421875,3644.0,3689.75,3685.41259765625,64097,0.0,0.0,0.0
2021-03-30,3707.0,3733.5,3705.800048828125,3731.5,3727.113525390625,26487,0.0,0.0,0.0
2021-03-31,3707.75,3735.25,3700.52490234375,3725.25,3720.87109375,30211,0.0,0.0,0.0
2021-04-01,3780.0,3790.324951171875,3765.77490234375,3770.75,3766.317626953125,74130,0.0,0.0,0.0
2021-04-06,3760.25,3795.675048828125,3749.14990234375,3790.25,3785.79443359375,182518,0.0,0.0,0.0
2021-04-07,3775.0,3775.800048828125,3738.800048828125,3759.625,3755.204833984375,68614,0.0,0.0,0.0
2021-04-08,3796.25,3801.22509765625,3789.0,3797.625,3793.160400390625,16168,0.0,0.0,0.0
2021-04-09,3774.75,3783.25,3752.699951171875,3756.625,3752.208984375,25296,0.0,0.0,0.0
2021-04-12,3744.25,3744.25,3725.25,3733.625,3729.235595703125,36790,0.0,0.0,0.0
2021-04-13,3729.0,3757.25,3716.199951171875,3757.625,3753.20751953125,139984,0.0,0.0,0.0
2021-04-14,3764.5,3788.333984375,3764.5,3772.25,3767.81591796875,32112,0.0,0.0,0.0
2021-04-15,3767.5,3791.52490234375,3767.324951171875,3783.375,3778.92724609375,17337,0.0,0.0,0.0
2021-04-16,3813.0,3816.60009765625,3784.2490234375,3792.125,3787.6669921875,48347,0.0,0.0,0.0
2021-04-19,3782.75,3792.324951171875,3735.875,3735.875,3731.483642578125,24603,0.0,0.0,0.0
2021-04-20,3753.5,3755.449951171875,3716.0,3716.0,3711.632080078125,22568,0.0,0.0,0.0
2021-04-21,3716.25,3726.35009765625,3700.0,3724.875,3720.49658203125,20970,0.0,0.0,0.0
2021-04-22,3742.25,3772.25,3737.25,3768.75,3764.319580078125,46757,0.0,0.0,0.0
2021-04-23,3785.0,3801.25,3781.0,3800.75,3796.282470703125,53487,0.0,0.0,0.0
2021-04-26,3794.25,3796.25,3773.0,3795.0,3790.53955078125,74672,0.0,0.0,0.0
2021-04-27,3810.0,3810.0,3794.5,3797.25,3792.7861328125,126025,0.0,0.0,0.0
2021-04-28,3811.25,3824.5,3803.22509765625,3810.125,3805.646240234375,45711,0.0,0.0,0.0
2021-04-29,3821.25,3829.0,3786.72509765625,3787.125,3782.673583984375,53738,0.0,0.0,0.0
2021-04-30,3775.25,3781.699951171875,3754.0,3775.0,3770.5625,45966,0.0,0.0,0.0
2021-05-04,3750.75,3756.5,3692.0,3700.25,3695.900634765625,35752,0.0,0.0,0.0
2021-05-05,3707.5,3731.0,3707.5,3726.75,3722.369140625,12149,0.0,0.0,0.0
2021-05-06,3732.25,3748.75,3730.574951171875,3754.75,3750.336669921875,65387,0.0,0.0,0.0
2021-05-07,3747.0,3787.0,3744.324951171875,3784.5,3780.05078125,54336,0.0,0.0,0.0
2021-05-10,3732.0,3732.0,3677.64990234375,3684.5,3680.168701171875,98079,0.0,0.0,0.0
2021-05-11,3645.5,3645.5,3589.5,3639.625,3635.3466796875,44802,0.0,0.0,0.0
2021-05-12,3631.25,3637.10009765625,3586.300048828125,3586.5,3582.283935546875,49377,0.0,0.0,0.0
2021-05-13,3578.0,3603.75,3556.0,3581.625,3577.414794921875,90301,0.0,0.0,0.0
2021-05-14,3593.75,3619.75,3591.0,3618.75,3614.496337890625,62765,0.0,0.0,0.0
2021-05-17,3619.25,3619.25,3594.77490234375,3607.375,3603.13427734375,29494,0.0,0.0,0.0
2021-05-18,3658.0,3658.0,3638.75,3651.0,3646.708740234375,134955,0.0,0.0,0.0
2021-05-19,3632.0,3637.75,3606.22509765625,3632.5,3628.230224609375,35414,0.0,0.0,0.0
2021-05-20,3642.25,3663.75,3632.199951171875,3663.75,3659.442626953125,67478,0.0,0.0,0.0
2021-05-21,3654.0,3654.0,3632.75,3632.75,3628.47998046875,49194,0.0,0.0,0.0
2021-05-24,3645.75,3653.25,3640.89990234375,3652.5,3648.206298828125,28139,0.0,0.0,0.0
2021-05-25,3692.75,3710.0,3691.39990234375,3694.0,3689.657958984375,31338,0.0,0.0,0.0
2021-05-26,3721.0,3721.0,3703.5,3717.5,3713.1298828125,71433,0.0,0.0,0.0
2021-05-27,3720.0,3724.25,3709.27490234375,3713.75,3709.38427734375,27135,0.0,0.0,0.0
2021-05-28,3726.75,3747.75,3725.52490234375,3738.25,3733.855712890625,42118,0.0,0.0,0.0
2021-06-01,3801.25,3826.10009765625,3793.75,3813.25,3808.767578125,93902,0.0,0.0,0.0
2021-06-02,3810.0,3820.25,3807.902099609375,3820.25,3815.7587890625,37989,0.0,0.0,0.0
2021-06-03,3810.5,3810.5,3778.25,3805.0,3800.527099609375,69137,0.0,0.0,0.0
2021-06-04,3803.0,3810.875,3787.60009765625,3810.875,3806.394775390625,19738,0.0,0.0,0.0
2021-06-07,3799.0,3807.25,3784.0,3785.125,3780.675537109375,35564,0.0,0.0,0.0
2021-06-08,3785.25,3797.5,3776.75,3779.5,3775.0576171875,42221,0.0,0.0,0.0
2021-06-09,3768.0,3792.0,3767.75,3786.5,3782.049072265625,17247,0.0,0.0,0.0
2021-06-10,3800.75,3807.572998046875,3795.75,3802.5,3798.0302734375,39789,0.0,0.0,0.0
2021-06-11,3802.75,3806.465087890625,3794.5,3795.25,3790.78857421875,37032,0.0,0.0,0.0
2021-06-14,3811.0,3818.75,3802.64990234375,3818.125,3813.636962890625,8521,0.0,0.0,0.0
2021-06-15,3813.5,3823.5,3793.5,3793.5,3789.040771484375,133429,0.0,0.0,0.0
2021-06-16,3780.0,3792.5,3772.39990234375,3789.625,3785.17041015625,121958,0.0,0.0,0.0
2021-06-17,3769.25,3797.64990234375,3763.5,3796.25,3791.962890625,65511,17.432299,0.0,0.0
2021-06-18,3809.0,3812.27490234375,3793.35009765625,3797.0,3792.7109375,160446,0.0,0.0,0.0
2021-06-21,3781.0,3783.75,3751.25,3764.25,3759.99853515625,105350,0.0,0.0,0.0
2021-06-22,3768.5,3768.5,3744.75,3750.0,3745.763916015625,50783,0.0,0.0,0.0
2021-06-23,3775.0,3788.25,3768.22509765625,3781.75,3777.477783203125,136899,0.0,0.0,0.0
2021-06-24,3791.75,3822.125,3790.64990234375,3821.125,3816.809326171875,57490,0.0,0.0,0.0
2021-06-25,3851.75,3858.5,3844.25,3848.375,3844.028076171875,50215,0.0,0.0,0.0
2021-06-28,3841.75,3862.72509765625,3840.221923828125,3856.75,3852.3935546875,33877,0.0,0.0,0.0
2021-06-29,3842.0,3854.0,3842.0,3853.25,3848.8974609375,36656,0.0,0.0,0.0
2021-06-30,3868.0,3871.25,3846.25,3857.25,3852.892578125,11956,0.0,0.0,0.0
2021-07-01,3853.0,3865.27490234375,3835.75,3837.75,3833.41552734375,9815,0.0,0.0,0.0
2021-07-02,3821.0,3836.75,3814.47509765625,3823.375,3819.055908203125,11484,0.0,0.0,0.0
2021-07-05,3800.0,3803.550048828125,3793.5,3795.25,3790.963134765625,12760,0.0,0.0,0.0
2021-07-06,3789.0,3794.75,3775.0,3778.75,3774.481689453125,103834,0.0,0.0,0.0
2021-07-07,3785.0,3789.0,3769.25,3772.25,3767.989013671875,9418,0.0,0.0,0.0
2021-07-08,3712.75,3717.75,3686.25,3699.0,3694.821533203125,114896,0.0,0.0,0.0
2021-07-09,3717.0,3732.0,3713.5,3732.0,3727.784912109375,93374,0.0,0.0,0.0
2021-07-12,3712.75,3729.5,3707.199951171875,3724.25,3720.043212890625,24676,0.0,0.0,0.0
2021-07-13,3758.0,3766.25,3757.25,3766.0,3761.7451171875,22012,0.0,0.0,0.0
2021-07-14,3754.75,3774.5,3753.0,3759.25,3755.00341796875,23651,0.0,0.0,0.0
2021-07-15,3793.0,3797.39990234375,3770.0,3776.5,3772.234130859375,26821,0.0,0.0,0.0
2021-07-16,3772.5,3785.10009765625,3766.64990234375,3766.0,3761.7451171875,34135,0.0,0.0,0.0
2021-07-19,3742.5,3745.125,3702.75,3720.5,3716.297119140625,15402,0.0,0.0,0.0
2021-07-20,3734.5,3748.0,3728.050048828125,3746.0,3741.768798828125,19189,0.0,0.0,0.0
2021-07-21,3740.0,3742.85009765625,3726.75,3738.125,3733.90283203125,16620,0.0,0.0,0.0
2021-07-22,3761.25,3763.75,3741.47509765625,3742.75,3738.522216796875,9940,0.0,0.0,0.0
2021-07-23,3726.5,3730.375,3675.324951171875,3684.25,3680.08837890625,43167,0.0,0.0,0.0
2021-07-26,3624.25,3625.0,3592.0,3606.25,3602.176025390625,35565,0.0,0.0,0.0
2021-07-27,3533.25,3538.375,3490.0,3492.875,3488.928955078125,53672,0.0,0.0,0.0
2021-07-28,3521.5,3589.5,3516.5,3583.625,3579.576904296875,28838,0.0,0.0,0.0
2021-07-29,3610.0,3629.449951171875,3593.22509765625,3610.375,3606.296630859375,10149,0.0,0.0,0.0
2021-07-30,3561.75,3598.0,3560.25,3594.5,3590.439697265625,27038,0.0,0.0,0.0
2021-08-02,3612.0,3633.02490234375,3604.85009765625,3631.5,3627.397705078125,160762,0.0,0.0,0.0
2021-08-03,3620.25,3625.824951171875,3602.675048828125,3612.375,3608.29443359375,17996,0.0,0.0,0.0
2021-08-04,3649.75,3659.75,3644.5,3648.0,3643.879150390625,26107,0.0,0.0,0.0
2021-08-05,3629.0,3647.75,3629.0,3647.5,3643.379638671875,18778,0.0,0.0,0.0
2021-08-06,3622.25,3630.5,3616.25,3618.125,3614.03857421875,17600,0.0,0.0,0.0
2021-08-09,3632.0,3644.0,3626.175048828125,3643.25,3639.134521484375,9258,0.0,0.0,0.0
2021-08-10,3656.5,3660.75,3639.25,3645.25,3641.13232421875,5655,0.0,0.0,0.0
2021-08-11,3649.25,3661.074951171875,3634.5,3640.625,3636.5126953125,3875,0.0,0.0,0.0
2021-08-12,3620.0,3633.75,3611.39990234375,3624.25,3620.15625,16591,0.0,0.0,0.0
2021-08-13,3607.5,3614.02490234375,3595.25,3605.75,3601.6767578125,5435,0.0,0.0,0.0
2021-08-16,3577.75,3581.0,3569.75,3574.75,3570.712158203125,98579,0.0,0.0,0.0
2021-08-17,3536.75,3561.0,3528.60009765625,3556.375,3552.357177734375,12050,0.0,0.0,0.0
2021-08-18,3584.0,3584.0,3557.5,3566.5,3562.47119140625,5434,0.0,0.0,0.0
2021-08-19,3500.0,3512.25,3480.574951171875,3504.875,3500.915771484375,277493,0.0,0.0,0.0
2021-08-20,3473.75,3517.0,3470.300048828125,3512.0,3508.032958984375,308212,0.0,0.0,0.0
2021-08-23,3524.5,3531.72509765625,3523.0,3525.125,3521.143310546875,65028,0.0,0.0,0.0
2021-08-24,3582.0,3623.25,3578.5,3615.25,3611.166259765625,79521,0.0,0.0,0.0
2021-08-25,3621.0,3625.27490234375,3613.47509765625,3625.25,3621.15576171875,25831,0.0,0.0,0.0
2021-08-26,3594.75,3607.97509765625,3584.75,3601.375,3597.30712890625,19645,0.0,0.0,0.0
2021-08-27,3607.0,3625.75,3607.0,3623.125,3619.032470703125,10129,0.0,0.0,0.0
2021-08-31,3682.0,3690.0,3671.25,3688.75,3684.5830078125,27536,0.0,0.0,0.0
2021-09-01,3719.25,3728.75,3704.0,3727.375,3723.164794921875,131866,0.0,0.0,0.0
2021-09-02,3716.75,3727.324951171875,3711.1689453125,3715.25,3711.053466796875,57760,0.0,0.0,0.0
2021-09-03,3698.0,3712.324951171875,3697.699951171875,3709.0,3704.810546875,390652,0.0,0.0,0.0
2021-09-06,3732.25,3751.75,3732.25,3751.75,3747.512451171875,92326,0.0,0.0,0.0
2021-09-07,3747.0,3761.5,3734.25,3756.125,3751.882080078125,128811,0.0,0.0,0.0
2021-09-08,3739.75,3744.52490234375,3710.75,3711.75,3707.557373046875,77173,0.0,0.0,0.0
2021-09-09,3675.5,3684.75,3635.280029296875,3676.75,3672.596923828125,17352,0.0,0.0,0.0
2021-09-10,3693.75,3708.0,3683.5,3688.0,3683.833740234375,6278,0.0,0.0,0.0
2021-09-13,3670.0,3674.5,3670.97998046875,3674.5,3670.34912109375,377,0.0,0.0,0.0
2021-09-14,3653.75,3660.75,3648.0,3660.75,3656.614990234375,32657,0.0,0.0,0.0
2021-09-15,3645.0,3650.800048828125,3628.25,3628.25,3624.151123046875,7409,0.0,0.0,0.0
2021-09-16,3620.0,3620.0,3576.5,3589.25,3585.479736328125,78050,28.714699,0.0,0.0
2021-09-17,3600.25,3610.5,3591.860107421875,3591.75,3587.9765625,28623,0.0,0.0,0.0
2021-09-20,3546.25,3549.614990234375,3524.236083984375,3529.0,3525.29248046875,35254,0.0,0.0,0.0
2021-09-21,3552.5,3555.697998046875,3535.5,3540.875,3537.155029296875,45426,0.0,0.0,0.0
2021-09-22,3587.5,3614.35009765625,3579.25,3604.75,3600.962890625,18938,0.0,0.0,0.0
2021-09-23,3625.25,3636.35009765625,3586.385009765625,3589.5,3585.72900390625,30524,0.0,0.0,0.0
2021-09-24,3580.0,3590.7490234375,3571.998046875,3577.375,3573.616943359375,148137,0.0,0.0,0.0
2021-09-27,3599.0,3602.0,3569.080078125,3582.5,3578.736572265625,35414,0.0,0.0,0.0
2021-09-28,3595.75,3603.844970703125,3581.5,3581.5,3577.737548828125,20506,0.0,0.0,0.0
2021-09-29,3597.25,3607.5,3591.468017578125,3597.875,3594.095458984375,5825,0.0,0.0,0.0
2021-09-30,3616.75,3617.75,3599.302978515625,3613.875,3610.078125,19507,0.0,0.0,0.0
2021-10-01,3566.5,3577.25,3550.697021484375,3559.5,3555.760986328125,13579,0.0,0.0,0.0
2021-10-04,3540.5,3545.697998046875,3496.5,3496.25,3492.577392578125,4622,0.0,0.0,0.0
2021-10-05,3520.5,3533.5,3507.719970703125,3529.625,3525.9169921875,15131,0.0,0.0,0.0
2021-10-06,3501.5,3509.0,3476.5,3503.75,3500.0693359375,99033,0.0,0.0,0.0
2021-10-07,3569.75,3589.0,3569.75,3587.5,3583.731201171875,17355,0.0,0.0,0.0
2021-10-08,3578.5,3592.75,3574.693115234375,3588.625,3584.85498046875,24663,0.0,0.0,0.0
2021-10-11,3612.0,3618.0,3607.635009765625,3612.5,3608.705322265625,16767,0.0,0.0,0.0
2021-10-12,3574.75,3591.943115234375,3574.75,3586.75,3582.982421875,11580,0.0,0.0,0.0
2021-10-13,3583.75,3608.5,3583.75,3608.5,3604.709716796875,2986,0.0,0.0,0.0
2021-10-14,3614.75,3621.530029296875,3600.072021484375,3608.5,3604.709716796875,47059,0.0,0.0,0.0
2021-10-15,3636.0,3643.35009765625,3619.5,3640.75,3636.92578125,38106,0.0,0.0,0.0
2021-10-18,3622.0,3643.0,3616.742919921875,3641.375,3637.5498046875,12981,0.0,0.0,0.0
2021-10-19,3661.5,3663.5,3640.25,3653.375,3649.537109375,1621307,0.0,0.0,0.0
2021-10-20,3655.5,3674.75,3641.5,3643.25,3639.4228515625,2644123,0.0,0.0,0.0
2021-10-21,3617.5,3624.251953125,3604.25,3604.25,3600.463623046875,2783547,0.0,0.0,0.0
2021-10-22,3618.5,3641.0,3614.25,3614.25,3610.452880859375,2486397,0.0,0.0,0.0
2021-10-25,3630.0,3637.89306640625,3623.60791015625,3634.625,3630.806884765625,17744,0.0,0.0,0.0
2021-10-26,3633.75,3645.947021484375,3630.5,3630.5,3626.68603515625,15247,0.0,0.0,0.0
2021-10-27,3601.0,3620.300048828125,3594.85009765625,3608.25,3604.459716796875,9359,0.0,0.0,0.0
2021-10-28,3591.0,3595.2880859375,3577.25,3577.25,3573.4921875,115009,0.0,0.0,0.0
2021-10-29,3550.0,3568.75,3544.5,3564.0,3560.255859375,77954,0.0,0.0,0.0
2021-11-01,3576.25,3600.75,3544.699951171875,3598.0,3594.220458984375,19029,0.0,0.0,0.0
2021-11-02,3575.0,3588.75,3575.0,3583.75,3579.9853515625,160134,0.0,0.0,0.0
2021-11-03,3585.75,3585.75,3562.947998046875,3570.75,3566.998779296875,12766,0.0,0.0,0.0
2021-11-04,3604.25,3632.0029296875,3604.0,3612.125,3608.330322265625,14229,0.0,0.0,0.0
2021-11-05,3630.0,3642.5029296875,3609.824951171875,3625.375,3621.5673828125,18750,0.0,0.0,0.0
2021-11-08,3634.25,3652.75,3626.9150390625,3633.25,3629.433349609375,52889,0.0,0.0,0.0
2021-11-09,3630.0,3647.875,3625.75,3632.5,3628.6845703125,23458,0.0,0.0,0.0
2021-11-10,3642.25,3663.64990234375,3640.0,3660.0,3656.155029296875,129154,0.0,0.0,0.0
2021-11-11,3682.25,3729.949951171875,3682.25,3727.625,3723.70947265625,12355,0.0,0.0,0.0
2021-11-12,3720.25,3724.947998046875,3715.02490234375,3722.0,3718.08984375,6550,0.0,0.0,0.0
2021-11-15,3722.0,3743.9130859375,3712.0,3710.25,3706.352294921875,273868,0.0,0.0,0.0
2021-11-16,3728.5,3728.5,3701.219970703125,3713.0,3709.099365234375,13457,0.0,0.0,0.0
2021-11-17,3717.5,3717.5,3683.25,3685.75,3681.878173828125,11775,0.0,0.0,0.0
2021-11-18,3666.25,3669.614990234375,3611.25,3633.375,3629.55810546875,47323,0.0,0.0,0.0
2021-11-19,3648.0,3656.587890625,3631.6630859375,3641.75,3637.92431640625,9195,0.0,0.0,0.0
2021-11-22,3641.5,3653.927978515625,3631.580078125,3632.75,3628.93408203125,5283,0.0,0.0,0.0
2021-11-23,3620.75,3640.032958984375,3612.89208984375,3616.5,3612.700927734375,38011,0.0,0.0,0.0
2021-11-24,3630.25,3634.56005859375,3604.75,3623.75,3619.943115234375,7778,0.0,0.0,0.0
2021-11-25,3638.0,3644.89306640625,3637.18994140625,3641.5,3637.6748046875,8571,0.0,0.0,0.0
2021-11-26,3560.5,3560.5,3496.922119140625,3497.25,3493.576171875,20992,0.0,0.0,0.0
2021-11-29,3538.25,3552.001953125,3524.0,3527.5,3523.79443359375,43055,0.0,0.0,0.0
2021-11-30,3507.25,3531.114990234375,3490.0,3529.25,3525.5419921875,41182,0.0,0.0,0.0
2021-12-01,3565.0,3585.75,3558.215087890625,3601.125,3597.342041015625,42940,0.0,0.0,0.0
2021-12-02,3591.0,3600.39697265625,3578.114990234375,3596.625,3592.84716796875,1197,0.0,0.0,0.0
2021-12-03,3592.0,3593.5,3552.64794921875,3555.25,3551.515380859375,8229,0.0,0.0,0.0
2021-12-06,3549.25,3559.364990234375,3522.27294921875,3557.875,3554.137451171875,15574,0.0,0.0,0.0
2021-12-07,3608.5,3628.455078125,3604.0,3630.25,3626.436279296875,52778,0.0,0.0,0.0
2021-12-08,3633.5,3655.25,3623.5,3651.125,3647.289794921875,114768,0.0,0.0,0.0
2021-12-09,3668.0,3668.0,3642.330078125,3651.875,3648.0390625,204305,0.0,0.0,0.0
2021-12-10,3626.25,3641.614990234375,3621.0,3622.5,3618.694091796875,390816,0.0,0.0,0.0
2021-12-13,3623.75,3623.75,3579.60791015625,3574.875,3571.1201171875,4257,0.0,0.0,0.0
2021-12-14,3579.5,3588.094970703125,3554.5,3555.875,3552.139404296875,42424,0.0,0.0,0.0
2021-12-15,3553.75,3554.48291015625,3519.25,3521.5,3517.800537109375,62817,0.0,0.0,0.0
2021-12-16,3557.0,3557.35791015625,3533.9951171875,3543.375,3539.79248046875,5925,13.861801,0.0,0.0
2021-12-17,3520.75,3531.25,3497.5,3525.25,3521.685302734375,14053,0.0,0.0,0.0
2021-12-20,3464.0,3481.034912109375,3455.0,3463.0,3459.498046875,27741,0.0,0.0,0.0
2021-12-21,3499.75,3520.5,3494.75,3518.5,3514.9423828125,13550,0.0,0.0,0.0
2021-12-22,3513.5,3518.5,3498.5,3518.5,3514.9423828125,54687,0.0,0.0,0.0
2021-12-23,3515.5,3528.75,3504.280029296875,3522.25,3518.6884765625,9145,0.0,0.0,0.0
2021-12-24,3501.0,3536.5,3501.0,3505.75,3502.205078125,1752,0.0,0.0,0.0
2021-12-29,3519.0,3519.25,3483.9580078125,3495.375,3491.84033203125,9141,0.0,0.0,0.0
2021-12-30,3497.75,3524.81005859375,3484.52490234375,3521.25,3517.689208984375,5749,0.0,0.0,0.0
2021-12-31,3535.0,3537.534912109375,3530.25,3535.0,3531.42529296875,1670,0.0,0.0,0.0
2022-01-04,3543.25,3550.280029296875,3511.0,3513.125,3509.572509765625,20848,0.0,0.0,0.0
2022-01-05,3495.25,3528.0,3484.699951171875,3502.0,3498.45849609375,249793,0.0,0.0,0.0
2022-01-06,3475.5,3487.8349609375,3466.5,3483.75,3480.227294921875,93559,0.0,0.0,0.0
2022-01-07,3497.5,3512.864990234375,3478.75,3493.0,3489.467529296875,183608,0.0,0.0,0.0
2022-01-10,3520.75,3526.5,3485.75,3496.375,3492.83984375,35072,0.0,0.0,0.0
2022-01-11,3527.75,3560.25,3520.0,3560.25,3556.65087890625,4423,0.0,0.0,0.0
2022-01-12,3581.5,3606.05810546875,3581.25,3596.25,3592.613525390625,64104,0.0,0.0,0.0
2022-01-13,3587.25,3588.8349609375,3573.5,3573.5,3569.88623046875,2946,0.0,0.0,0.0
2022-01-14,3552.0,3566.498046875,3534.5,3559.5,3555.90087890625,91368,0.0,0.0,0.0
2022-01-17,3556.75,3570.25,3551.552978515625,3565.5,3561.894287109375,30355,0.0,0.0,0.0
2022-01-18,3540.25,3545.25,3520.9990234375,3540.125,3536.545654296875,21888,0.0,0.0,0.0
2022-01-19,3515.0,3549.719970703125,3506.68310546875,3540.25,3536.67041015625,71229,0.0,0.0,0.0
2022-01-20,3568.0,3598.75,3567.75,3597.75,3594.112060546875,64761,0.0,0.0,0.0
2022-01-21,3565.0,3574.25,3532.75,3553.75,3550.15673828125,22263,0.0,0.0,0.0
2022-01-24,3519.5,3520.0,3450.0,3452.0,3448.50927734375,233044,0.0,0.0,0.0
2022-01-25,3471.25,3479.056884765625,3455.0,3463.875,3460.372314453125,14318,0.0,0.0,0.0
2022-01-26,3499.75,3502.52490234375,3471.75,3474.5,3470.98681640625,18040,0.0,0.0,0.0
2022-01-27,3408.25,3464.302978515625,3408.25,3461.25,3457.75,30188,0.0,0.0,0.0
2022-01-28,3420.75,3438.25,3390.35302734375,3416.75,3413.295654296875,18883,0.0,0.0,0.0
2022-01-31,3463.5,3513.5,3456.281005859375,3513.5,3509.947265625,13019,0.0,0.0,0.0
2022-02-01,3530.75,3544.22509765625,3519.300048828125,3538.25,3534.672607421875,38834,0.0,0.0,0.0
2022-02-02,3550.0,3561.89208984375,3507.5,3507.5,3503.953125,37389,0.0,0.0,0.0
2022-02-03,3500.0,3500.5,3470.0,3483.75,3480.227294921875,33205,0.0,0.0,0.0
2022-02-04,3502.25,3508.0,3481.300048828125,3490.625,3487.095703125,32328,0.0,0.0,0.0
2022-02-07,3489.5,3507.363037109375,3484.614990234375,3504.25,3500.70654296875,205895,0.0,0.0,0.0
2022-02-08,3483.0,3511.5,3482.25,3517.375,3513.81884765625,9363,0.0,0.0,0.0
2022-02-09,3542.25,3579.0,3542.25,3574.75,3571.1357421875,188823,0.0,0.0,0.0
2022-02-10,3583.5,3590.25,3560.0,3578.625,3575.005859375,98573,0.0,0.0,0.0
2022-02-11,3561.0,3565.947998046875,3545.77490234375,3554.25,3550.656494140625,14697,0.0,0.0,0.0
2022-02-14,3499.0,3510.0,3472.0,3496.25,3492.71484375,60818,0.0,0.0,0.0
2022-02-15,3497.25,3552.64990234375,3495.5,3547.75,3544.16259765625,54179,0.0,0.0,0.0
2022-02-16,3566.5,3574.280029296875,3549.75,3562.375,3558.773193359375,47261,0.0,0.0,0.0
2022-02-17,3565.75,3575.5,3539.751953125,3551.125,3547.5341796875,77360,0.0,0.0,0.0
2022-02-18,3524.0,3530.0,3497.5,3500.625,3497.085205078125,29765,0.0,0.0,0.0
2022-02-21,3481.75,3501.72509765625,3460.0,3467.125,3463.619384765625,4809,0.0,0.0,0.0
2022-02-22,3426.5,3476.25,3426.5,3449.375,3445.886962890625,26185,0.0,0.0,0.0
2022-02-23,3462.0,3467.0029296875,3435.5,3439.0,3435.5224609375,28153,0.0,0.0,0.0
2022-02-24,3320.25,3357.0,3293.965087890625,3316.75,3313.39599609375,31401,0.0,0.0,0.0
2022-02-25,3380.75,3420.25,3368.800048828125,3417.5,3414.0439453125,22367,0.0,0.0,0.0
2022-02-28,3373.25,3400.5,3357.75,3400.5,3397.061767578125,39928,0.0,0.0,0.0
2022-03-01,3402.5,3425.050048828125,3386.0,3395.25,3391.816162109375,56781,0.0,0.0,0.0
2022-03-02,3389.25,3396.343017578125,3354.373046875,3376.25,3372.836181640625,40271,0.0,0.0,0.0
2022-03-03,3352.25,3370.5,3342.27294921875,3341.875,3338.495361328125,13149,0.0,0.0,0.0
2022-03-04,3314.25,3341.75,3279.5,3282.5,3279.180419921875,96892,0.0,0.0,0.0
2022-03-07,3223.5,3255.5,3208.39990234375,3243.125,3239.845458984375,72572,0.0,0.0,0.0
2022-03-08,3215.0,3227.75,3183.43994140625,3204.75,3201.509765625,52292,0.0,0.0,0.0
2022-03-09,3230.25,3277.75,3225.0,3277.75,3274.43603515625,50685,0.0,0.0,0.0
2022-03-10,3268.0,3276.594970703125,3222.75,3226.25,3222.98779296875,95765,0.0,0.0,0.0
2022-03-11,3243.0,3273.0,3205.0,3205.0,3201.759521484375,31506,0.0,0.0,0.0
2022-03-14,3158.25,3179.699951171875,3126.75,3134.0,3130.83056640625,53469,0.0,0.0,0.0
2022-03-15,3064.0,3108.5,3038.0,3106.0,3102.859130859375,549172,0.0,0.0,0.0
2022-03-16,3211.5,3295.5,3211.5,3294.25,3290.9189453125,608413,0.0,0.0,0.0
2022-03-17,3308.0,3312.760009765625,3277.0,3294.0,3290.782470703125,100209,11.3699,0.0,0.0
2022-03-18,3309.25,3346.0,3285.75,3345.375,3342.107666015625,31315,0.0,0.0,0.0
2022-03-21,3285.0,3309.5,3274.699951171875,3286.5,3283.289794921875,49429,0.0,0.0,0.0
2022-03-22,3342.25,3351.138916015625,3322.080078125,3337.0,3333.740234375,122351,0.0,0.0,0.0
2022-03-23,3340.25,3356.25,3324.75,3353.375,3350.099853515625,90819,0.0,0.0,0.0
2022-03-24,3350.0,3353.0048828125,3328.25,3347.375,3344.10595703125,20468,0.0,0.0,0.0
2022-03-25,3317.0,3324.199951171875,3303.364990234375,3314.0,3310.76318359375,38567,0.0,0.0,0.0
2022-03-28,3343.75,3353.5,3321.1201171875,3337.5,3334.23974609375,37623,0.0,0.0,0.0
2022-03-29,3358.0,3408.5,3358.0,3399.25,3395.93017578125,34229,0.0,0.0,0.0
2022-03-30,3411.0,3415.75,3380.93310546875,3404.0,3400.675537109375,96696,0.0,0.0,0.0
2022-03-31,3387.5,3389.419921875,3349.5,3355.0,3351.723388671875,435326,0.0,0.0,0.0
2022-04-01,3374.75,3417.25,3370.35009765625,3390.125,3386.814208984375,48516,0.0,0.0,0.0
2022-04-04,3427.5,3456.25,3421.5,3453.25,3449.877197265625,37134,0.0,0.0,0.0
2022-04-05,3450.5,3462.0,3395.0,3399.875,3396.5546875,494981,0.0,0.0,0.0
2022-04-06,3408.0,3408.0,3354.5,3357.5,3354.220703125,61886,0.0,0.0,0.0
2022-04-07,3356.25,3356.5,3322.5,3323.25,3320.00439453125,38378,0.0,0.0,0.0
2022-04-08,3359.25,3367.75,3352.469970703125,3356.625,3353.346435546875,21440,0.0,0.0,0.0
2022-04-11,3333.0,3333.0,3300.0,3306.125,3302.896240234375,7525,0.0,0.0,0.0
2022-04-12,3306.0,3331.0,3303.197998046875,3322.75,3319.5048828125,4400,0.0,0.0,0.0
2022-04-13,3343.25,3343.25,3321.552978515625,3329.5,3326.24755859375,13900,0.0,0.0,0.0
2022-04-14,3303.0,3315.5,3295.25,3298.25,3295.028564453125,28714,0.0,0.0,0.0
2022-04-19,3266.0,3288.25,3254.25,3261.25,3258.06494140625,17183,0.0,0.0,0.0
2022-04-20,3271.25,3272.0,3241.5,3245.75,3242.580078125,171703,0.0,0.0,0.0
2022-04-21,3232.0,3250.10009765625,3214.5,3211.25,3208.113525390625,35093,0.0,0.0,0.0
2022-04-22,3223.75,3244.0,3223.697998046875,3228.5,3225.346435546875,14334,0.0,0.0,0.0
2022-04-25,3175.25,3190.0,3169.14990234375,3183.875,3180.765380859375,19280,0.0,0.0,0.0
2022-04-26,3197.25,3210.75,3176.75,3179.875,3176.769287109375,70824,0.0,0.0,0.0
2022-04-27,3216.5,3233.193115234375,3208.0,3215.5,3212.359375,65568,0.0,0.0,0.0
2022-04-28,3257.25,3283.25,3245.75,3254.625,3251.44677734375,178303,0.0,0.0,0.0
2022-04-29,3337.0,3345.0,3302.5,3313.0,3309.76416015625,64876,0.0,0.0,0.0
2022-05-03,3298.0,3301.89990234375,3285.0,3300.625,3297.401123046875,103336,0.0,0.0,0.0
2022-05-04,3285.0,3285.5,3268.5,3262.625,3259.439208984375,96984,0.0,0.0,0.0
2022-05-05,3300.75,3327.0,3248.0,3251.75,3248.573974609375,9622,0.0,0.0,0.0
2022-05-06,3245.5,3250.14990234375,3210.0,3231.25,3228.093994140625,9965,0.0,0.0,0.0
2022-05-09,3197.25,3204.75,3136.5,3141.75,3138.68115234375,88036,0.0,0.0,0.0
2022-05-10,3170.5,3177.97509765625,3127.25,3131.5,3128.44140625,144427,0.0,0.0,0.0
2022-05-11,3180.75,3188.75,3164.75,3174.75,3171.64892578125,30684,0.0,0.0,0.0
2022-05-12,3122.0,3133.0,3100.0,3143.0,3139.93017578125,13978,0.0,0.0,0.0
2022-05-13,3175.75,3213.25,3175.75,3203.125,3199.996337890625,6411,0.0,0.0,0.0
2022-05-16,3188.25,3194.0,3174.0,3189.375,3186.260009765625,8186,0.0,0.0,0.0
2022-05-17,3211.25,3218.699951171875,3195.64990234375,3204.875,3201.7451171875,12638,0.0,0.0,0.0
2022-05-18,3227.25,3234.35009765625,3189.35009765625,3187.375,3184.261962890625,10859,0.0,0.0,0.0
2022-05-19,3150.5,3173.5,3148.25,3165.625,3162.532958984375,56905,0.0,0.0,0.0
2022-05-20,3226.25,3227.5,3190.5,3190.375,3187.2587890625,21932,0.0,0.0,0.0
2022-05-23,3183.25,3200.5,3183.25,3194.5,3191.379638671875,19970,0.0,0.0,0.0
2022-05-24,3135.0,3157.0,3127.5,3129.625,3126.568359375,41992,0.0,0.0,0.0
2022-05-25,3141.25,3157.5,3140.75,3148.125,3145.050048828125,31139,0.0,0.0,0.0
2022-05-26,3141.5,3198.5,3129.5,3189.0,3185.8857421875,3688,0.0,0.0,0.0
2022-05-27,3206.0,3223.75,3193.64794921875,3224.25,3221.100341796875,18379,0.0,0.0,0.0
2022-05-30,3267.0,3285.93408203125,3265.60009765625,3274.75,3271.551513671875,6724,0.0,0.0,0.0
2022-05-31,3314.75,3316.25,3292.25,3292.25,3289.033935546875,28269,0.0,0.0,0.0
2022-06-01,3294.25,3314.669921875,3286.72509765625,3283.75,3280.542724609375,8186,0.0,0.0,0.0
2022-06-06,3300.75,3334.25,3296.75,3314.75,3311.5126953125,63222,0.0,0.0,0.0
2022-06-07,3287.25,3307.0,3277.75,3275.25,3272.051025390625,39404,0.0,0.0,0.0
2022-06-08,3315.5,3325.0,3313.64990234375,3326.25,3323.00146484375,16852,0.0,0.0,0.0
2022-06-09,3306.0,3348.0,3270.75,3274.875,3271.676513671875,13962,0.0,0.0,0.0
2022-06-10,3291.5,3305.75,3255.780029296875,3266.75,3263.55908203125,25058,0.0,0.0,0.0
2022-06-13,3221.0,3227.0,3185.25,3196.625,3193.503173828125,9855,0.0,0.0,0.0
2022-06-14,3250.25,3279.5,3236.0,3279.5,3276.296875,63336,0.0,0.0,0.0
2022-06-15,3281.0,3287.5,3263.699951171875,3284.25,3281.042236328125,13346,0.0,0.0,0.0
2022-06-16,3190.0,3216.18994140625,3112.75,3112.75,3109.918701171875,7435,22.1099,0.0,0.0
2022-06-17,3156.25,3178.25,3151.75,3158.375,3155.50244140625,13767,0.0,0.0,0.0
2022-06-20,3149.5,3158.0,3147.25,3160.625,3157.750732421875,20946,0.0,0.0,0.0
2022-06-21,3183.25,3189.25,3182.800048828125,3198.375,3195.46630859375,92263,0.0,0.0,0.0
2022-06-22,3135.0,3146.0,3125.0,3143.25,3140.39111328125,17862,0.0,0.0,0.0
2022-06-23,3149.0,3156.7080078125,3142.75,3142.75,3139.891845703125,13844,0.0,0.0,0.0
2022-06-24,3176.75,3198.5,3170.5,3200.5,3197.58935546875,9753,0.0,0.0,0.0
2022-06-27,3235.75,3239.25,3218.25,3228.125,3225.18896484375,3891,0.0,0.0,0.0
2022-06-28,3252.5,3280.044921875,3243.6630859375,3246.75,3243.79736328125,356770,0.0,0.0,0.0
2022-06-29,3219.75,3246.75,3207.8701171875,3233.75,3230.80859375,448663,0.0,0.0,0.0
2022-06-30,3198.25,3211.0,3171.0,3200.875,3197.9638671875,51003,0.0,0.0,0.0
2022-07-01,3197.75,3236.5,3173.284912109375,3214.625,3211.701171875,24449,0.0,0.0,0.0
2022-07-04,3186.0,3200.5,3185.465087890625,3199.0,3196.090576171875,8831,0.0,0.0,0.0
2022-07-05,3198.0,3198.75,3175.43896484375,3191.0,3188.09814453125,31930,0.0,0.0,0.0
2022-07-06,3199.5,3218.947998046875,3191.75,3199.375,3196.465087890625,67887,0.0,0.0,0.0
2022-07-07,3232.5,3272.25,3224.75,3266.0,3263.029052734375,34197,0.0,0.0,0.0
2022-07-08,3250.25,3265.25,3245.337890625,3260.75,3257.784423828125,34263,0.0,0.0,0.0
2022-07-11,3205.5,3216.5,3196.4951171875,3206.75,3203.833251953125,26646,0.0,0.0,0.0
2022-07-12,3180.75,3202.5,3180.75,3196.0,3193.093505859375,128719,0.0,0.0,0.0
2022-07-13,3184.25,3195.782958984375,3159.75,3178.375,3175.484375,12162,0.0,0.0,0.0
2022-07-14,3192.0,3197.760009765625,3155.25,3168.375,3165.49365234375,20657,0.0,0.0,0.0
2022-07-15,3163.5,3172.508056640625,3155.298095703125,3170.0,3167.117431640625,17571,0.0,0.0,0.0
2022-07-18,3196.5,3211.123046875,3196.5,3195.125,3192.218994140625,2292,0.0,0.0,0.0
2022-07-19,3182.5,3206.134033203125,3174.10791015625,3203.125,3200.211669921875,1552,0.0,0.0,0.0
2022-07-20,3217.0,3217.0,3202.25,3217.625,3214.69873046875,11992,0.0,0.0,0.0
2022-07-21,3225.0,3255.0,3221.172119140625,3235.5,3232.5576171875,43878,0.0,0.0,0.0
2022-07-22,3245.25,3251.25,3221.5,3222.0,3219.069580078125,7322,0.0,0.0,0.0
2022-07-25,3222.0,3222.0,3203.443115234375,3211.875,3208.9541015625,9233,0.0,0.0,0.0
2022-07-26,3228.25,3232.25,3200.5,3201.0,3198.088623046875,146506,0.0,0.0,0.0
2022-07-27,3202.75,3212.5,3202.75,3217.875,3214.9482421875,48402,0.0,0.0,0.0
2022-07-28,3204.0,3222.968994140625,3204.0,3218.25,3215.3232421875,7590,0.0,0.0,0.0
2022-07-29,3187.0,3209.75,3187.0,3190.75,3187.84814453125,56758,0.0,0.0,0.0
2022-08-01,3201.25,3207.75,3148.25,3167.375,3164.494384765625,254690,0.0,0.0,0.0
2022-08-02,3148.25,3170.0,3137.25,3168.5,3165.61865234375,30210,0.0,0.0,0.0
2022-08-03,3167.75,3183.114990234375,3156.988037109375,3192.75,3189.84619140625,8640,0.0,0.0,0.0
2022-08-04,3197.0,3242.0,3194.25,3218.75,3215.822509765625,31116,0.0,0.0,0.0
2022-08-05,3239.0,3247.47509765625,3233.199951171875,3237.0,3234.05615234375,13116,0.0,0.0,0.0
2022-08-08,3234.0,3251.89306640625,3234.0,3247.375,3244.422119140625,6619,0.0,0.0,0.0
2022-08-09,3251.0,3251.0,3225.0,3236.5,3233.556640625,17983,0.0,0.0,0.0
2022-08-10,3204.75,3224.25,3204.5,3224.25,3221.3173828125,15028,0.0,0.0,0.0
2022-08-11,3250.5,3283.5,3248.85009765625,3268.375,3265.40283203125,37023,0.0,0.0,0.0
2022-08-12,3265.5,3290.25,3260.0,3290.25,3287.258056640625,41650,0.0,0.0,0.0
2022-08-15,3290.0,3304.75,3286.6630859375,3303.125,3300.120849609375,10655,0.0,0.0,0.0
2022-08-16,3310.5,3320.75,3290.75,3300.0,3296.998779296875,36076,0.0,0.0,0.0
2022-08-17,3297.25,3299.75,3285.10009765625,3299.75,3296.748779296875,8202,0.0,0.0,0.0
2022-08-18,3289.75,3298.75,3287.5,3298.75,3295.74951171875,4791,0.0,0.0,0.0
2022-08-19,3308.25,3312.251953125,3298.10009765625,3300.0,3296.998779296875,22196,0.0,0.0,0.0
2022-08-22,3295.5,3302.008056640625,3278.75,3292.75,3289.755126953125,40613,0.0,0.0,0.0
2022-08-23,3290.0,3298.81298828125,3280.5,3281.75,3278.765380859375,15089,0.0,0.0,0.0
2022-08-24,3260.25,3307.25,3259.5,3308.0,3304.991455078125,8950,0.0,0.0,0.0
2022-08-25,3331.0,3348.0,3321.25,3341.25,3338.210693359375,7798,0.0,0.0,0.0
2022-08-26,3352.75,3376.31494140625,3338.699951171875,3340.25,3337.2119140625,68993,0.0,0.0,0.0
2022-08-30,3335.0,3343.0,3296.25,3296.25,3293.25244140625,111109,0.0,0.0,0.0
2022-08-31,3332.0,3346.5,3318.5,3318.5,3315.48193359375,7111,0.0,0.0,0.0
2022-09-01,3296.0,3303.6279296875,3277.75,3283.125,3280.138916015625,197929,0.0,0.0,0.0
2022-09-02,3285.25,3301.25,3274.488037109375,3301.25,3298.24755859375,5198,0.0,0.0,0.0
2022-09-05,3295.25,3298.75,3283.0,3289.25,3286.2587890625,33355,0.0,0.0,0.0
2022-09-06,3278.0,3278.75,3246.0,3252.5,3249.542236328125,4614,0.0,0.0,0.0
2022-09-07,3254.0,3267.2548828125,3246.75,3262.25,3259.28369140625,8776,0.0,0.0,0.0
2022-09-08,3260.75,3266.0,3245.75,3262.0,3259.0341796875,32769,0.0,0.0,0.0
2022-09-09,3276.75,3287.75,3270.25,3285.75,3282.76171875,30743,0.0,0.0,0.0
2022-09-12,3275.25,3295.0,3275.050048828125,3302.5,3299.49609375,9733,0.0,0.0,0.0
2022-09-13,3296.75,3299.865966796875,3272.5,3273.625,3270.64697265625,39944,0.0,0.0,0.0
2022-09-14,3270.0,3276.5,3245.697998046875,3252.5,3249.542236328125,45931,0.0,0.0,0.0
2022-09-15,3222.5,3229.5,3202.75,3205.0,3202.500732421875,57711,42.181,0.0,0.0
2022-09-16,3194.75,3201.712890625,3174.25,3176.0,3173.523193359375,130608,0.0,0.0,0.0
2022-09-20,3195.25,3201.25,3179.875,3187.625,3185.13916015625,44577,0.0,0.0,0.0
2022-09-21,3171.25,3181.25,3169.587890625,3173.0,3170.52490234375,20551,0.0,0.0,0.0
2022-09-22,3148.5,3164.25,3143.75,3146.25,3143.796875,9334,0.0,0.0,0.0
2022-09-23,3139.0,3169.75,3122.25,3169.75,3167.278076171875,69407,0.0,0.0,0.0
2022-09-26,3212.0,3229.25,3170.0,3213.75,3211.243896484375,49522,0.0,0.0,0.0
2022-09-27,3193.0,3210.85009765625,3183.0,3183.0,3180.517822265625,26132,0.0,0.0,0.0
2022-09-28,3146.0,3191.705078125,3137.25,3169.0,3166.528564453125,55254,0.0,0.0,0.0
2022-09-29,3118.75,3118.75,3041.0,3046.0,3043.62451171875,90883,0.0,0.0,0.0
2022-09-30,3030.0,3042.25,3008.0,3036.25,3033.882568359375,9377,0.0,0.0,0.0
2022-10-03,3008.75,3020.5,2990.0,3013.5,3011.14990234375,10388,0.0,0.0,0.0
2022-10-04,3044.75,3088.25,3036.0,3085.375,3082.968994140625,14813,0.0,0.0,0.0
2022-10-05,3090.25,3115.25,3088.0380859375,3109.25,3106.824951171875,27724,0.0,0.0,0.0
2022-10-06,3115.0,3143.75,3113.5,3143.75,3141.29833984375,38734,0.0,0.0,0.0
2022-10-07,3108.0,3118.75,3099.75,3102.125,3099.705810546875,25025,0.0,0.0,0.0
2022-10-10,3070.5,3087.614990234375,3060.0,3064.375,3061.984619140625,31864,0.0,0.0,0.0
2022-10-11,3034.0,3043.25,3005.60009765625,3010.625,3008.27734375,17120,0.0,0.0,0.0
2022-10-12,3049.0,3049.0,3002.0,3008.625,3006.278564453125,32065,0.0,0.0,0.0
2022-10-13,2994.0,2997.510009765625,2900.75,2943.375,2941.079833984375,68089,0.0,0.0,0.0
2022-10-14,2981.25,2996.0,2957.75,2963.375,2961.063720703125,65162,0.0,0.0,0.0
2022-10-17,2965.0,2976.75,2953.75,2964.125,2961.8134765625,35078,0.0,0.0,0.0
2022-10-18,3002.0,3016.75,2983.5,2979.125,2976.8017578125,70837,0.0,0.0,0.0
2022-10-19,2983.5,2984.325927734375,2958.5,2959.875,2957.56689453125,9614,0.0,0.0,0.0
2022-10-20,2958.75,2994.25,2957.25,2990.0,2987.668212890625,456279,0.0,0.0,0.0
2022-10-21,2982.0,3002.97802734375,2982.0,2999.5,2997.161376953125,10121,0.0,0.0,0.0
2022-10-24,2902.25,2916.719970703125,2858.800048828125,2883.75,2881.501220703125,273748,0.0,0.0,0.0
2022-10-25,2889.75,2895.5,2861.635009765625,2868.25,2866.012939453125,17993,0.0,0.0,0.0
2022-10-26,2876.75,2896.0,2862.5,2896.375,2894.115966796875,14159,0.0,0.0,0.0
2022-10-27,2861.5,2886.0,2861.5,2885.25,2882.999755859375,12294,0.0,0.0,0.0
2022-10-28,2828.0,2874.25,2828.0,2831.875,2829.66650390625,9684,0.0,0.0,0.0
2022-10-31,2814.75,2864.25,2813.75,2862.0,2859.767578125,93219,0.0,0.0,0.0
2022-11-01,2910.0,2930.0,2909.25,2930.0,2927.715087890625,38339,0.0,0.0,0.0
2022-11-02,2938.75,2946.25,2916.0,2926.25,2923.9677734375,38315,0.0,0.0,0.0
2022-11-03,2936.0,2991.0,2935.5,2991.0,2988.667236328125,1409,0.0,0.0,0.0
2022-11-04,3061.0,3081.699951171875,3046.06005859375,3067.25,3064.85791015625,128457,0.0,0.0,0.0
2022-11-07,3062.75,3074.762939453125,3044.5,3045.625,3043.249755859375,34423,0.0,0.0,0.0
2022-11-08,3042.0,3056.614990234375,3037.35791015625,3046.25,3043.874267578125,20365,0.0,0.0,0.0
2022-11-09,3040.5,3068.25,3040.5,3060.25,3057.863525390625,29496,0.0,0.0,0.0
2022-11-10,3023.25,3056.5,3020.0,3056.5,3054.115966796875,30636,0.0,0.0,0.0
2022-11-11,3100.0,3128.5,3093.300048828125,3111.75,3109.3232421875,87047,0.0,0.0,0.0
2022-11-14,3099.0,3125.5,3093.337890625,3123.75,3121.31396484375,30015,0.0,0.0,0.0
2022-11-15,3155.5,3167.590087890625,3142.5,3166.5,3164.030517578125,91316,0.0,0.0,0.0
2022-11-16,3131.5,3131.5,3096.5,3099.5,3097.082763671875,50676,0.0,0.0,0.0
2022-11-17,3075.0,3108.75,3063.718017578125,3108.75,3106.3251953125,44237,0.0,0.0,0.0
2022-11-18,3068.75,3089.0,3067.0,3073.5,3071.102783203125,24606,0.0,0.0,0.0
2022-11-21,3054.0,3066.0,3049.0,3054.25,3051.8681640625,15473,0.0,0.0,0.0
2022-11-22,3040.0,3049.75,3034.0,3046.5,3044.123779296875,7496,0.0,0.0,0.0
2022-11-23,3046.25,3050.72509765625,3019.0,3019.0,3016.6455078125,50198,0.0,0.0,0.0
2022-11-24,3044.25,3044.25,3037.248046875,3039.25,3036.87939453125,2237,0.0,0.0,0.0
2022-11-25,3030.5,3031.300048828125,3010.5,3010.5,3008.15234375,11700,0.0,0.0,0.0
2022-11-28,2996.0,3034.114990234375,2987.193115234375,3026.0,3023.64013671875,20600,0.0,0.0,0.0
2022-11-29,3079.0,3091.587890625,3070.25,3086.0,3083.59326171875,27478,0.0,0.0,0.0
2022-11-30,3134.5,3163.5,3134.5,3158.25,3155.78662109375,63636,0.0,0.0,0.0
2022-12-01,3147.5,3147.923095703125,3088.75,3093.5,3091.08740234375,87377,0.0,0.0,0.0
2022-12-02,3072.25,3103.25,3065.25,3100.5,3098.08203125,45073,0.0,0.0,0.0
2022-12-05,3117.25,3159.5,3085.5,3089.75,3087.340576171875,6348,0.0,0.0,0.0
2022-12-06,3091.75,3096.9150390625,3069.0,3076.375,3073.9755859375,12547,0.0,0.0,0.0
2022-12-07,3059.75,3063.530029296875,3050.300048828125,3058.5,3056.114990234375,7424,0.0,0.0,0.0
2022-12-08,3087.5,3098.25,3080.697998046875,3086.0,3083.59326171875,41020,0.0,0.0,0.0
2022-12-09,3108.0,3108.0,3080.25,3077.0,3074.6005859375,13689,0.0,0.0,0.0
2022-12-12,3054.0,3054.25,3024.135009765625,3030.125,3027.76171875,2558,0.0,0.0,0.0
2022-12-13,3033.5,3076.25,3031.5,3060.125,3057.73876953125,20473,0.0,0.0,0.0
2022-12-14,3054.0,3058.030029296875,3040.75,3044.125,3041.750732421875,9106,0.0,0.0,0.0
2022-12-15,2998.25,3024.0,2991.945068359375,3010.375,3008.143798828125,48547,11.7531,0.0,0.0
2022-12-16,3066.25,3066.25,3019.514892578125,3035.375,3033.125244140625,5181,0.0,0.0,0.0
2022-12-19,3035.25,3047.5,3030.0,3030.75,3028.5029296875,9383,0.0,0.0,0.0
2022-12-20,3019.75,3045.25,3018.7880859375,3031.5,3029.25244140625,23068,0.0,0.0,0.0
2022-12-21,3028.5,3060.75,3022.6298828125,3060.625,3058.356689453125,15673,0.0,0.0,0.0
2022-12-22,3078.0,3087.844970703125,3060.0,3060.75,3058.481689453125,22593,0.0,0.0,0.0
2022-12-23,3050.0,3054.568115234375,3049.5,3055.0,3052.734619140625,5703,0.0,0.0,0.0
2022-12-28,3081.25,3092.998046875,3055.0,3060.25,3057.981689453125,9591,0.0,0.0,0.0
2022-12-29,3072.5,3106.5,3072.0,3098.375,3096.078125,10301,0.0,0.0,0.0
2022-12-30,3080.75,3088.75,3080.159912109375,3083.0,3080.714599609375,9660,0.0,0.0,0.0
2023-01-03,3103.25,3136.0,3099.0,3114.375,3112.066162109375,246583,0.0,0.0,0.0
2023-01-04,3130.0,3160.423095703125,3126.028076171875,3161.375,3159.031982421875,41119,0.0,0.0,0.0
2023-01-05,3165.0,3205.778076171875,3165.0,3199.125,3196.75341796875,25700,0.0,0.0,0.0
2023-01-06,3209.0,3233.5,3203.712890625,3214.25,3211.866943359375,13772,0.0,0.0,0.0
2023-01-09,3228.0,3247.988037109375,3226.1201171875,3244.875,3242.4697265625,5596,0.0,0.0,0.0
2023-01-10,3232.0,3244.5,3230.75,3244.375,3241.97021484375,62811,0.0,0.0,0.0
2023-01-11,3254.25,3270.25,3247.7880859375,3273.5,3271.072998046875,353676,0.0,0.0,0.0
2023-01-12,3250.0,3282.75,3250.0,3281.75,3279.317138671875,15244,0.0,0.0,0.0
2023-01-13,3285.5,3293.14306640625,3282.25,3287.25,3284.81298828125,68117,0.0,0.0,0.0
2023-01-16,3279.5,3284.264892578125,3275.985107421875,3279.375,3276.944091796875,25428,0.0,0.0,0.0
2023-01-17,3267.0,3272.068115234375,3261.75,3271.0,3268.5751953125,4857,0.0,0.0,0.0
2023-01-18,3265.0,3265.5,3239.0,3238.125,3235.724365234375,83221,0.0,0.0,0.0
2023-01-19,3233.5,3251.5,3230.0,3242.25,3239.846435546875,324229,0.0,0.0,0.0
2023-01-20,3275.75,3279.75,3269.0,3280.625,3278.193359375,32998,0.0,0.0,0.0
2023-01-23,3294.0,3335.75,3285.5,3328.25,3325.782470703125,29078,0.0,0.0,0.0
2023-01-24,3321.0,3336.75,3307.818115234375,3334.125,3331.6533203125,165616,0.0,0.0,0.0
2023-01-25,3325.75,3331.669921875,3292.655029296875,3312.75,3310.294189453125,28672,0.0,0.0,0.0
2023-01-26,3334.25,3349.25,3332.1298828125,3344.5,3342.020751953125,44868,0.0,0.0,0.0
2023-01-27,3343.75,3347.0,3336.5,3332.25,3329.77978515625,21157,0.0,0.0,0.0
2023-01-30,3270.0,3294.25,3269.25,3294.25,3291.80810546875,47876,0.0,0.0,0.0
2023-01-31,3255.75,3280.75,3249.5,3275.75,3273.321533203125,157213,0.0,0.0,0.0
2023-02-01,3298.25,3302.137939453125,3286.347900390625,3301.75,3299.30224609375,56774,0.0,0.0,0.0
2023-02-02,3291.0,3323.75,3291.0,3319.5,3317.039306640625,61167,0.0,0.0,0.0
2023-02-03,3314.75,3332.75,3310.0,3328.375,3325.907470703125,24790,0.0,0.0,0.0
2023-02-06,3268.0,3277.75,3253.5,3277.0,3274.5712890625,41181,0.0,0.0,0.0
2023-02-07,3292.5,3297.5,3273.75,3274.5,3272.07275390625,28090,0.0,0.0,0.0
2023-02-08,3282.5,3288.75,3259.5,3259.5,3257.08349609375,16475,0.0,0.0,0.0
2023-02-09,3300.25,3300.25,3272.75,3277.125,3274.696044921875,9826,0.0,0.0,0.0
2023-02-10,3251.0,3262.5,3240.0,3256.75,3254.33544921875,53803,0.0,0.0,0.0
2023-02-13,3268.0,3270.5,3254.0400390625,3262.625,3260.20654296875,22498,0.0,0.0,0.0
2023-02-14,3255.25,3255.25,3237.0,3240.875,3238.47216796875,5405,0.0,0.0,0.0
2023-02-15,3225.25,3245.73291015625,3221.7900390625,3247.0,3244.59326171875,33724,0.0,0.0,0.0
2023-02-16,3262.5,3267.5029296875,3252.5,3264.5,3262.080322265625,60613,0.0,0.0,0.0
2023-02-17,3245.0,3245.653076171875,3225.5,3224.625,3222.234375,24621,0.0,0.0,0.0
2023-02-20,3236.75,3254.0,3236.75,3251.875,3249.46435546875,14780,0.0,0.0,0.0
2023-02-21,3232.0,3232.0,3173.883056640625,3173.875,3171.522216796875,36230,0.0,0.0,0.0
2023-02-22,3153.75,3162.25,3149.824951171875,3159.0,3156.658203125,58256,0.0,0.0,0.0
2023-02-23,3189.75,3199.23291015625,3177.75,3178.625,3176.2685546875,24738,0.0,0.0,0.0
2023-02-24,3154.25,3156.75,3127.4599609375,3131.125,3128.803955078125,106978,0.0,0.0,0.0
2023-02-27,3144.0,3144.0,3125.75,3128.5,3126.1806640625,11211,0.0,0.0,0.0
2023-02-28,3096.75,3104.574951171875,3093.0,3096.25,3093.95458984375,65733,0.0,0.0,0.0
2023-03-01,3175.0,3189.695068359375,3173.23291015625,3177.5,3175.14501953125,190516,0.0,0.0,0.0
2023-03-02,3179.75,3203.01806640625,3177.905029296875,3199.0,3196.628662109375,34754,0.0,0.0,0.0
2023-03-03,3207.5,3215.75,3199.93994140625,3217.75,3215.36474609375,13588,0.0,0.0,0.0
2023-03-06,3213.0,3226.0,3206.4599609375,3219.25,3216.863525390625,78651,0.0,0.0,0.0
2023-03-07,3204.0,3214.7900390625,3197.867919921875,3213.5,3211.1181640625,13579,0.0,0.0,0.0
2023-03-08,3195.5,3219.5,3194.25,3213.75,3211.367919921875,77112,0.0,0.0,0.0
2023-03-09,3183.0,3183.0,3160.0,3156.5,3154.15966796875,134105,0.0,0.0,0.0
2023-03-10,3107.0,3111.0,3079.85009765625,3108.0,3105.69580078125,88038,0.0,0.0,0.0
2023-03-13,3098.25,3106.25,3055.5,3065.25,3062.977783203125,131221,0.0,0.0,0.0
2023-03-14,3031.75,3064.75,3026.75,3059.125,3056.857666015625,127204,0.0,0.0,0.0
2023-03-15,3043.75,3049.125,3004.60009765625,3013.25,3011.016357421875,81113,0.0,0.0,0.0
2023-03-16,3020.25,3039.25,3014.699951171875,3040.5,3038.337890625,50167,9.1318,0.0,0.0
2023-03-17,3058.25,3069.75,3021.988037109375,3023.25,3021.100341796875,53131,0.0,0.0,0.0
2023-03-20,2990.25,3016.1630859375,2982.0,2998.75,2996.617919921875,125025,0.0,0.0,0.0
2023-03-21,3027.25,3043.75,3026.699951171875,3042.5,3040.3369140625,20873,0.0,0.0,0.0
2023-03-22,3042.5,3071.1630859375,3040.0,3066.125,3063.944580078125,81318,0.0,0.0,0.0
2023-03-23,3083.0,3113.10009765625,3083.0,3103.625,3101.418212890625,41786,0.0,0.0,0.0
2023-03-24,3090.25,3090.5,3067.0,3081.0,3078.8095703125,49877,0.0,0.0,0.0
2023-03-27,3074.25,3079.77490234375,3056.0,3055.25,3053.0771484375,65998,0.0,0.0,0.0
2023-03-28,3064.75,3091.0,3063.762939453125,3081.875,3079.683349609375,139724,0.0,0.0,0.0
2023-03-29,3088.0,3104.5,3085.949951171875,3104.5,3102.292236328125,74567,0.0,0.0,0.0
2023-03-30,3108.75,3127.0,3107.75,3122.0,3119.780029296875,86436,0.0,0.0,0.0
2023-03-31,3118.25,3126.81298828125,3116.75,3125.625,3123.402587890625,38092,0.0,0.0,0.0
2023-04-03,3117.0,3123.875,3091.837890625,3113.5,3111.286376953125,43894,0.0,0.0,0.0
2023-04-04,3104.75,3104.75,3086.0,3090.5,3088.302490234375,50540,0.0,0.0,0.0
2023-04-05,3099.0,3104.5,3073.25,3071.625,3069.440673828125,38034,0.0,0.0,0.0
2023-04-06,3073.75,3090.0,3072.25,3087.875,3085.679443359375,41708,0.0,0.0,0.0
2023-04-11,3112.75,3130.77490234375,3112.0,3126.375,3124.15234375,13328,0.0,0.0,0.0
2023-04-12,3108.25,3131.25,3097.22802734375,3098.5,3096.296875,80137,0.0,0.0,0.0
2023-04-13,3104.0,3117.75,3101.5,3116.125,3113.9091796875,10284,0.0,0.0,0.0
2023-04-14,3121.25,3131.75,3115.0,3115.0,3112.78515625,28657,0.0,0.0,0.0
2023-04-17,3155.0,3158.75,3143.75,3144.875,3142.63916015625,77307,0.0,0.0,0.0
2023-04-18,3135.5,3149.300048828125,3135.5,3137.625,3135.39404296875,37535,0.0,0.0,0.0
2023-04-19,3107.0,3107.0,3087.5,3098.5,3096.296875,288432,0.0,0.0,0.0
2023-04-20,3097.5,3107.449951171875,3089.5,3101.0,3098.794921875,92798,0.0,0.0,0.0
2023-04-21,3077.5,3086.0,3068.262939453125,3068.5,3066.318603515625,30714,0.0,0.0,0.0
2023-04-24,3049.25,3064.77490234375,3047.0,3047.0,3044.8330078125,9450,0.0,0.0,0.0
2023-04-25,3020.5,3027.262939453125,3014.375,3020.125,3017.977294921875,6205,0.0,0.0,0.0
2023-04-26,3027.75,3028.81298828125,3015.800048828125,3023.5,3021.35009765625,5012,0.0,0.0,0.0
2023-04-27,3028.0,3041.0,3028.0,3038.25,3036.089599609375,547715,0.0,0.0,0.0
2023-04-28,3047.75,3053.5,3039.25,3041.875,3039.712158203125,1435,0.0,0.0,0.0
2023-05-02,3048.0,3056.75,3021.75,3023.5,3021.35009765625,63512,0.0,0.0,0.0
2023-05-03,3021.5,3023.699951171875,3016.97509765625,3016.125,3013.98046875,18812,0.0,0.0,0.0
2023-05-04,3026.25,3033.31298828125,3021.25,3021.25,3019.10205078125,13059,0.0,0.0,0.0
2023-05-05,3038.5,3039.25,3034.68798828125,3039.0,3036.8388671875,23063,0.0,0.0,0.0
2023-05-09,3035.75,3037.60009765625,3029.75,3031.375,3029.219482421875,9467,0.0,0.0,0.0
2023-05-10,3026.0,3036.625,3018.5,3036.5,3034.341064453125,12125,0.0,0.0,0.0
2023-05-11,3032.0,3034.449951171875,3022.5,3035.5,3033.342041015625,36804,0.0,0.0,0.0
2023-05-12,3032.25,3032.25,3019.75,3027.625,3025.472412109375,53706,0.0,0.0,0.0
2023-05-15,3049.0,3065.488037109375,3045.1630859375,3061.0,3058.823974609375,668,0.0,0.0,0.0
2023-05-16,3051.5,3065.875,3050.0,3065.875,3063.69482421875,9308,0.0,0.0,0.0
2023-05-17,3058.75,3063.587890625,3055.75,3062.375,3060.197509765625,14783,0.0,0.0,0.0
2023-05-18,3075.75,3085.5,3057.800048828125,3070.0,3067.817626953125,21737,0.0,0.0,0.0
2023-05-19,3080.5,3081.0,3062.5,3062.5,3060.322509765625,25634,0.0,0.0,0.0
2023-05-22,3090.75,3102.02490234375,3083.14990234375,3100.375,3098.17041015625,73005,0.0,0.0,0.0
2023-05-23,3081.25,3089.68798828125,3072.02490234375,3074.25,3072.064208984375,87562,0.0,0.0,0.0
2023-05-24,3044.0,3055.75,3043.56298828125,3047.0,3044.8330078125,31314,0.0,0.0,0.0
2023-05-25,3050.0,3057.43798828125,3044.77490234375,3047.875,3045.707763671875,45065,0.0,0.0,0.0
2023-05-26,3060.0,3091.5,3060.0,3092.625,3090.42578125,9939,0.0,0.0,0.0
2023-05-30,3084.0,3084.0,3045.72509765625,3045.0,3042.8349609375,46907,0.0,0.0,0.0
2023-05-31,3017.25,3035.75,2996.75,2996.75,2994.619384765625,16529,0.0,0.0,0.0
2023-06-01,3018.0,3024.5,2997.488037109375,3024.125,3021.974365234375,24279,0.0,0.0,0.0
2023-06-02,3065.75,3100.68798828125,3065.5,3108.25,3106.03955078125,23805,0.0,0.0,0.0
2023-06-05,3102.0,3115.488037109375,3102.0,3104.875,3102.667236328125,48984,0.0,0.0,0.0
2023-06-06,3103.0,3128.75,3100.0,3131.375,3129.1484375,17130,0.0,0.0,0.0
2023-06-07,3128.5,3134.012939453125,3122.375,3131.125,3128.898681640625,4624,0.0,0.0,0.0
2023-06-08,3115.25,3118.25,3111.75,3115.375,3113.15966796875,50134,0.0,0.0,0.0
2023-06-09,3123.75,3133.762939453125,3122.60009765625,3127.125,3124.90185546875,11744,0.0,0.0,0.0
2023-06-12,3128.75,3149.75,3121.762939453125,3149.75,3147.510009765625,37620,0.0,0.0,0.0
2023-06-13,3156.25,3167.77490234375,3154.77490234375,3157.125,3154.879638671875,51707,0.0,0.0,0.0
2023-06-14,3141.0,3152.25,3135.625,3151.5,3149.259521484375,61960,0.0,0.0,0.0
2023-06-15,3150.0,3153.56298828125,3137.25,3138.875,3136.830810546875,37716,18.8537,0.0,0.0
2023-06-16,3147.25,3147.25,3125.75,3124.375,3122.340576171875,6684,0.0,0.0,0.0
2023-06-19,3107.0,3115.25,3101.1630859375,3115.0,3112.970947265625,9978,0.0,0.0,0.0
2023-06-20,3098.5,3099.5,3080.25,3081.125,3079.11865234375,16672,0.0,0.0,0.0
2023-06-21,3056.25,3082.0,3056.25,3065.25,3063.25390625,22566,0.0,0.0,0.0
2023-06-22,3058.0,3058.0,3039.5,3056.625,3054.63427734375,23583,0.0,0.0,0.0
2023-06-23,3035.0,3038.75,3014.738037109375,3018.25,3016.284423828125,22243,0.0,0.0,0.0
2023-06-26,3022.25,3046.39990234375,3022.25,3029.625,3027.65185546875,4531,0.0,0.0,0.0
2023-06-27,3052.25,3052.75,3045.5,3050.375,3048.388427734375,31769,0.0,0.0,0.0
2023-06-28,3047.0,3055.5,3042.0,3058.0,3056.008544921875,42880,0.0,0.0,0.0
2023-06-29,3044.25,3055.27490234375,3044.25,3053.0,3051.01220703125,27800,0.0,0.0,0.0
2023-06-30,3056.0,3062.0,3053.5,3055.125,3053.135009765625,29428,0.0,0.0,0.0
2023-07-03,3098.5,3102.85009765625,3092.25,3092.25,3090.236083984375,133024,0.0,0.0,0.0
2023-07-04,3104.0,3109.75,3101.5,3102.25,3100.22998046875,21568,0.0,0.0,0.0
2023-07-05,3080.25,3080.25,3066.25,3068.875,3066.87646484375,53422,0.0,0.0,0.0
2023-07-06,3044.0,3044.0,3003.0,3005.0,3003.042724609375,83619,0.0,0.0,0.0
2023-07-07,3001.0,3015.75,2998.22509765625,3012.625,3010.662841796875,43870,0.0,0.0,0.0
2023-07-10,2997.0,3021.75,2997.0,3013.125,3011.16259765625,67434,0.0,0.0,0.0
2023-07-11,3025.75,3026.0,3012.0,3020.625,3018.65771484375,26181,0.0,0.0,0.0
2023-07-12,3033.0,3071.25,3027.738037109375,3071.25,3069.24951171875,122147,0.0,0.0,0.0
2023-07-13,3074.25,3080.0,3062.75,3078.375,3076.370361328125,30267,0.0,0.0,0.0
2023-07-14,3077.75,3080.75,3067.5,3075.0,3072.997802734375,25956,0.0,0.0,0.0
2023-07-17,3065.0,3072.72509765625,3055.5,3068.0,3066.00244140625,53461,0.0,0.0,0.0
2023-07-18,3058.25,3065.75,3056.0,3063.375,3061.3798828125,25234,0.0,0.0,0.0
2023-07-19,3086.0,3116.14990234375,3084.10009765625,3104.0,3101.97900390625,9338,0.0,0.0,0.0
2023-07-20,3082.5,3093.199951171875,3079.0,3082.0,3079.99267578125,8685,0.0,0.0,0.0
2023-07-21,3083.5,3093.75,3083.199951171875,3085.375,3083.365478515625,17151,0.0,0.0,0.0
2023-07-24,3072.25,3135.25,3072.25,3130.375,3128.3359375,39107,0.0,0.0,0.0
2023-07-25,3149.0,3163.25,3148.5,3142.75,3140.70361328125,110270,0.0,0.0,0.0
2023-07-26,3138.0,3138.0,3116.93798828125,3133.375,3131.33447265625,73329,0.0,0.0,0.0
2023-07-27,3143.5,3162.0,3137.050048828125,3153.625,3151.572021484375,13196,0.0,0.0,0.0
2023-07-28,3182.75,3199.0,3181.5,3198.75,3196.666748046875,88021,0.0,0.0,0.0
2023-07-31,3183.75,3199.3701171875,3182.75,3199.875,3197.79150390625,101162,0.0,0.0,0.0
2023-08-01,3191.25,3200.0,3185.5,3188.5,3186.424072265625,22612,0.0,0.0,0.0
2023-08-02,3132.0,3144.5,3116.8701171875,3126.0,3123.96435546875,194681,0.0,0.0,0.0
2023-08-03,3131.75,3146.75,3116.0,3139.0,3136.955810546875,22721,0.0,0.0,0.0
2023-08-04,3132.75,3140.0,3124.988037109375,3140.0,3137.954833984375,245453,0.0,0.0,0.0
2023-08-07,3139.75,3140.0,3104.5,3106.75,3104.726806640625,33384,0.0,0.0,0.0
2023-08-08,3090.25,3090.75,3070.0,3076.0,3073.996826171875,73345,0.0,0.0,0.0
2023-08-09,3102.5,3112.0,3086.0,3088.875,3086.86328125,58788,0.0,0.0,0.0
2023-08-10,3105.0,3131.199951171875,3101.25,3120.25,3118.21826171875,10307,0.0,0.0,0.0
2023-08-11,3085.0,3087.39990234375,3054.800048828125,3055.625,3053.635009765625,186749,0.0,0.0,0.0
2023-08-14,3054.0,3057.25,3039.800048828125,3044.375,3042.392578125,4672,0.0,0.0,0.0
2023-08-15,3039.5,3039.5,3005.0,3009.375,3007.4150390625,51025,0.0,0.0,0.0
2023-08-16,3003.75,3005.25,2984.75,2989.25,2987.303466796875,84658,0.0,0.0,0.0
2023-08-17,3001.5,3010.050048828125,2988.25,2987.5,2985.55419921875,56543,0.0,0.0,0.0
2023-08-18,2971.75,2972.75,2950.949951171875,2962.5,2960.570556640625,50564,0.0,0.0,0.0
2023-08-21,2959.0,2965.0849609375,2951.867919921875,2956.625,2954.69970703125,102781,0.0,0.0,0.0
2023-08-22,2966.5,2981.25,2964.5,2966.625,2964.693115234375,12010,0.0,0.0,0.0
2023-08-23,3004.0,3017.25,2989.050048828125,3017.375,3015.409912109375,11790,0.0,0.0,0.0
2023-08-24,3049.5,3051.0,3024.25,3025.875,3023.90478515625,73111,0.0,0.0,0.0
2023-08-25,3036.25,3036.75,3021.0,3031.0,3029.02587890625,5826,0.0,0.0,0.0
2023-08-29,3076.0,3099.0,3069.5,3094.625,3092.609619140625,147306,0.0,0.0,0.0
2023-08-30,3078.5,3078.5,3058.0,3058.875,3056.88330078125,31941,0.0,0.0,0.0
2023-08-31,3040.0,3053.5,3034.75,3034.75,3032.77392578125,13195,0.0,0.0,0.0
2023-09-01,3051.25,3085.0,3050.25,3085.0,3082.990966796875,9784,0.0,0.0,0.0
2023-09-04,3102.5,3106.75,3090.75,3090.125,3088.11279296875,31102,0.0,0.0,0.0
2023-09-05,3076.5,3083.25,3068.85400390625,3078.0,3075.99560546875,112230,0.0,0.0,0.0
2023-09-06,3062.75,3089.5,3058.5,3075.625,3073.6220703125,29222,0.0,0.0,0.0
2023-09-07,3062.75,3066.5,3039.47509765625,3041.5,3039.519287109375,103901,0.0,0.0,0.0
2023-09-08,3045.0,3050.75,3041.5,3051.125,3049.137939453125,14305,0.0,0.0,0.0
2023-09-11,3057.0,3069.0,3057.0,3062.0,3060.005859375,68122,0.0,0.0,0.0
2023-09-12,3068.5,3077.64990234375,3066.0,3074.625,3072.622802734375,1002,0.0,0.0,0.0
2023-09-13,3068.5,3075.5,3062.0,3076.625,3074.62158203125,27979,0.0,0.0,0.0
2023-09-14,3049.25,3080.0,3048.25,3077.5,3075.8369140625,296785,34.1134,0.0,0.0
2023-09-15,3086.0,3086.0,3065.5,3065.5,3063.843505859375,37605,0.0,0.0,0.0
2023-09-18,3065.5,3070.75,3049.75,3059.75,3058.0966796875,18309,0.0,0.0,0.0
2023-09-19,3058.0,3059.10009765625,3039.75,3040.875,3039.231689453125,14591,0.0,0.0,0.0
2023-09-20,3049.25,3059.25,3044.25,3055.125,3053.4736328125,87619,0.0,0.0,0.0
2023-09-21,3018.5,3024.0,3009.0,3007.0,3005.375244140625,60105,0.0,0.0,0.0
2023-09-22,3044.75,3065.0,3043.5,3054.25,3052.59912109375,113489,0.0,0.0,0.0
2023-09-25,3041.0,3044.0,3031.75,3044.0,3042.355224609375,18151,0.0,0.0,0.0
2023-09-26,3021.25,3027.25,3016.75,3018.0,3016.368896484375,19444,0.0,0.0,0.0
2023-09-27,3029.5,3035.0,3020.25,3021.75,3020.11669921875,39867,0.0,0.0,0.0
2023-09-28,3017.75,3017.75,2992.5,3006.0,3004.375732421875,8258,0.0,0.0,0.0
2023-09-29,3034.0,3039.0,3023.25,3024.5,3022.865478515625,22511,0.0,0.0,0.0
2023-10-02,3025.0,3034.0,3013.387939453125,3016.75,3015.119873046875,46028,0.0,0.0,0.0
2023-10-03,3013.5,3018.949951171875,2997.5,2998.5,2996.879638671875,83357,0.0,0.0,0.0
2023-10-04,2968.0,2976.75,2962.5,2968.75,2967.145751953125,26112,0.0,0.0,0.0
2023-10-05,2970.0,2976.0,2954.675048828125,2956.0,2954.402587890625,23089,0.0,0.0,0.0
2023-10-06,2979.0,2989.75,2973.5,2989.75,2988.13427734375,63601,0.0,0.0,0.0
2023-10-09,2978.5,2985.1259765625,2959.5,2968.5,2966.896240234375,26606,0.0,0.0,0.0
2023-10-10,2991.25,3020.75,2987.25,3018.875,3017.24365234375,37736,0.0,0.0,0.0
2023-10-11,3027.0,3034.85009765625,3021.25,3026.25,3024.614990234375,51369,0.0,0.0,0.0
2023-10-12,3043.25,3052.25,3027.5,3029.375,3027.737548828125,82702,0.0,0.0,0.0
2023-10-13,3029.5,3036.0,3011.75,3024.75,3023.115478515625,73473,0.0,0.0,0.0
2023-10-16,3011.75,3034.75,3006.0,3034.375,3032.735107421875,22930,0.0,0.0,0.0
2023-10-17,3033.5,3036.5,3017.25,3031.75,3030.111572265625,50052,0.0,0.0,0.0
2023-10-18,3010.75,3013.5,2993.5,2993.5,2991.88232421875,95167,0.0,0.0,0.0
2023-10-19,2978.25,2986.75,2977.5,2980.25,2978.63916015625,26723,0.0,0.0,0.0
2023-10-20,2964.5,2966.75,2937.5,2937.5,2935.912353515625,43937,0.0,0.0,0.0
2023-10-23,2925.5,2925.5,2902.25,2919.375,2917.797119140625,96748,0.0,0.0,0.0
2023-10-24,2912.0,2969.25,2904.0,2968.125,2966.521484375,6515,0.0,0.0,0.0
2023-10-25,2939.0,2953.75,2936.25,2946.0,2944.407958984375,45292,0.0,0.0,0.0
2023-10-26,2915.5,2924.0,2912.75,2921.5,2919.921142578125,79604,0.0,0.0,0.0
2023-10-27,2946.25,2950.5,2929.75,2929.125,2927.541748046875,99116,0.0,0.0,0.0
2023-10-30,2962.0,2968.25,2938.75,2938.75,2937.16162109375,39418,0.0,0.0,0.0
2023-10-31,2917.75,2926.0,2915.75,2906.875,2905.304443359375,76853,0.0,0.0,0.0
2023-11-01,2911.25,2944.5,2911.25,2941.75,2940.16064453125,10190,0.0,0.0,0.0
2023-11-02,2975.75,3000.25,2974.75,2994.5,2992.88134765625,41964,0.0,0.0,0.0
2023-11-03,3012.25,3021.0,3004.0,3016.375,3014.7451171875,17903,0.0,0.0,0.0
2023-11-06,3050.75,3051.0,3036.0,3040.5,3038.856689453125,36080,0.0,0.0,0.0
2023-11-07,3034.5,3050.09912109375,3027.625,3045.125,3043.4794921875,8791,0.0,0.0,0.0
2023-11-08,3034.25,3042.0,3033.125,3033.125,3031.486083984375,12981,0.0,0.0,0.0
2023-11-09,3023.5,3038.25,3018.625,3033.25,3031.611083984375,17022,0.0,0.0,0.0
2023-11-10,3012.75,3030.25,3008.0,3029.875,3028.237548828125,16884,0.0,0.0,0.0
2023-11-13,3031.75,3032.75,3020.75,3034.5,3032.860107421875,15071,0.0,0.0,0.0
2023-11-14,3017.5,3049.0,3017.5,3047.5,3045.852783203125,89097,0.0,0.0,0.0
2023-11-15,3070.75,3101.75,3070.75,3102.125,3100.44873046875,118574,0.0,0.0,0.0
2023-11-16,3087.0,3089.0,3057.574951171875,3053.125,3051.4755859375,73073,0.0,0.0,0.0
2023-11-17,3063.5,3068.75,3062.0,3063.5,3061.843994140625,20375,0.0,0.0,0.0
2023-11-20,3062.0,3081.0,3058.875,3081.75,3080.084228515625,4053,0.0,0.0,0.0
2023-11-21,3071.75,3075.75,3053.0,3057.125,3055.47265625,29516,0.0,0.0,0.0
2023-11-22,3046.5,3064.0,3046.0,3064.0,3062.34375,10354,0.0,0.0,0.0
2023-11-23,3070.25,3074.5,3060.25,3062.875,3061.2197265625,16651,0.0,0.0,0.0
2023-11-24,3034.0,3034.0,3023.625,3030.375,3028.737060546875,7666,0.0,0.0,0.0
2023-11-27,3013.75,3018.85009765625,3013.22607421875,3014.5,3012.870849609375,18567,0.0,0.0,0.0
2023-11-28,3014.0,3032.75,3014.0,3025.0,3023.365234375,34098,0.0,0.0,0.0
2023-11-29,3012.0,3023.5,3009.5,3011.625,3009.9970703125,70226,0.0,0.0,0.0
2023-11-30,3011.5,3025.75,3005.5,3021.0,3019.367431640625,24710,0.0,0.0,0.0
2023-12-01,3013.75,3017.0,3001.75,3017.0,3015.369873046875,35101,0.0,0.0,0.0
2023-12-04,3010.0,3019.0,3005.0,3005.0,3003.375732421875,14696,0.0,0.0,0.0
2023-12-05,2985.75,2989.0,2977.652099609375,2987.875,2986.26025390625,38084,0.0,0.0,0.0
2023-12-06,3003.75,3015.5,3003.75,3010.125,3008.49853515625,16387,0.0,0.0,0.0
2023-12-07,2992.0,3006.5,2992.0,3003.75,3002.126708984375,16168,0.0,0.0,0.0
2023-12-08,3004.0,3014.3740234375,3003.0,3005.0,3003.375732421875,62538,0.0,0.0,0.0
2023-12-11,3003.75,3019.5,2995.25,3019.0,3017.368408203125,47192,0.0,0.0,0.0
2023-12-12,3025.0,3026.0,3009.25,3013.75,3012.12158203125,22316,0.0,0.0,0.0
2023-12-13,3008.75,3012.5,3004.0,3006.75,3005.125244140625,34105,0.0,0.0,0.0
2023-12-14,3034.0,3042.175048828125,3022.14990234375,3035.75,3034.2119140625,27179,10.109301,0.0,0.0
2023-12-15,3046.75,3057.25,3040.75,3055.0,3053.451416015625,227309,0.0,0.0,0.0
2023-12-18,3044.0,3052.75,3033.75,3038.5,3036.960205078125,30760,0.0,0.0,0.0
2023-12-19,3039.0,3057.5,3034.0,3053.25,3051.703125,26473,0.0,0.0,0.0
2023-12-20,3069.5,3078.75,3046.25,3052.125,3050.578369140625,48657,0.0,0.0,0.0
2023-12-21,3054.5,3067.5,3052.25,3065.75,3064.19580078125,33051,0.0,0.0,0.0
2023-12-22,3030.75,3033.75,3027.0,3030.5,3028.9638671875,11191,0.0,0.0,0.0
2023-12-27,3077.25,3088.75,3064.5,3067.25,3065.695556640625,76121,0.0,0.0,0.0
2023-12-28,3100.0,3122.0,3100.0,3117.0,3115.42041015625,30562,0.0,0.0,0.0
2023-12-29,3109.0,3114.25,3106.75,3109.0,3107.424072265625,3235,0.0,0.0,0.0
2024-01-02,3094.25,3113.14990234375,3094.25,3106.25,3104.676025390625,55870,0.0,0.0,0.0
2024-01-03,3087.5,3087.5,3069.0,3080.0,3078.43896484375,6449,0.0,0.0,0.0
2024-01-04,3074.75,3077.875,3066.0,3072.0,3070.442626953125,25864,0.0,0.0,0.0
2024-01-05,3060.25,3067.0,3056.152099609375,3061.75,3060.198486328125,17581,0.0,0.0,0.0
2024-01-08,3041.25,3048.0,3032.39990234375,3048.0,3046.455322265625,6667,0.0,0.0,0.0
2024-01-09,3033.0,3033.0,3018.64990234375,3025.875,3024.341796875,13347,0.0,0.0,0.0
2024-01-10,3024.0,3024.0,3010.5,3010.5,3008.974609375,27361,0.0,0.0,0.0
2024-01-11,3031.25,3032.5,3010.5,3014.125,3012.59716796875,15068,0.0,0.0,0.0
2024-01-12,3022.25,3049.75,3022.25,3040.25,3038.708984375,22315,0.0,0.0,0.0
2024-01-15,3032.75,3035.25,3022.75,3025.25,3023.716796875,48281,0.0,0.0,0.0
2024-01-16,3006.0,3015.125,2998.0,2997.25,2995.73095703125,121656,0.0,0.0,0.0
2024-01-17,2944.5,2955.75,2926.75,2927.75,2926.26611328125,18680,0.0,0.0,0.0
2024-01-18,2944.0,2963.25,2944.0,2956.75,2955.251708984375,35212,0.0,0.0,0.0
2024-01-19,2972.75,2978.199951171875,2962.75,2967.75,2966.246337890625,6823,0.0,0.0,0.0
2024-01-22,2956.5,2959.25,2946.75,2953.5,2952.003173828125,10590,0.0,0.0,0.0
2024-01-23,2953.25,2987.0,2950.25,2982.25,2980.738525390625,21792,0.0,0.0,0.0
2024-01-24,3007.75,3023.25,3001.326904296875,3020.75,3019.218994140625,13596,0.0,0.0,0.0
2024-01-25,3017.25,3030.072998046875,3014.925048828125,3022.75,3021.218017578125,11274,0.0,0.0,0.0
2024-01-26,3005.75,3018.25,3005.0,3025.25,3023.716796875,13657,0.0,0.0,0.0
2024-01-29,3038.0,3040.5,3020.0,3022.25,3020.71826171875,105961,0.0,0.0,0.0
2024-01-30,3012.0,3013.0,3001.5,3003.75,3002.2275390625,9218,0.0,0.0,0.0
2024-01-31,2989.25,3005.75,2987.25,3001.875,3000.353271484375,75127,0.0,0.0,0.0
2024-02-01,3006.5,3023.5,3003.625,3005.25,3003.726806640625,36049,0.0,0.0,0.0
2024-02-02,3019.25,3026.75,3010.0,3014.875,3013.346923828125,36943,0.0,0.0,0.0
2024-02-05,3037.5,3048.0,3026.5,3045.75,3044.206298828125,14280,0.0,0.0,0.0
2024-02-06,3100.5,3107.75,3092.0,3105.75,3104.176025390625,85641,0.0,0.0,0.0
2024-02-07,3093.75,3106.39990234375,3092.5,3095.0,3093.431640625,133052,0.0,0.0,0.0
2024-02-08,3098.5,3098.5,3085.75,3088.5,3086.934326171875,33656,0.0,0.0,0.0
2024-02-09,3085.0,3096.35009765625,3072.10009765625,3083.5,3081.937255859375,10849,0.0,0.0,0.0
2024-02-12,3091.25,3136.5,3090.5,3135.75,3134.160888671875,14478,0.0,0.0,0.0
2024-02-13,3123.0,3123.0,3075.5,3075.5,3073.941162109375,146649,0.0,0.0,0.0
2024-02-14,3100.0,3124.35009765625,3097.175048828125,3120.5,3118.918701171875,42610,0.0,0.0,0.0
2024-02-15,3127.25,3129.0,3121.949951171875,3124.25,3122.666748046875,151791,0.0,0.0,0.0
2024-02-16,3149.75,3157.0,3148.14990234375,3149.5,3147.903564453125,81178,0.0,0.0,0.0
2024-02-19,3131.0,3145.5,3131.0,3145.5,3143.90625,9838,0.0,0.0,0.0
2024-02-20,3140.5,3149.0,3127.85009765625,3132.5,3130.912109375,177422,0.0,0.0,0.0
2024-02-21,3147.0,3155.0,3144.75,3145.25,3143.656494140625,122284,0.0,0.0,0.0
2024-02-22,3164.0,3179.75,3164.0,3166.375,3164.770263671875,50345,0.0,0.0,0.0
2024-02-23,3162.5,3162.5,3156.25,3159.25,3157.648681640625,3476,0.0,0.0,0.0
2024-02-26,3147.75,3155.0,3143.5,3148.5,3146.904296875,58490,0.0,0.0,0.0
2024-02-27,3150.5,3163.25,3150.5,3157.25,3155.6494140625,9263,0.0,0.0,0.0
2024-02-28,3141.75,3141.75,3121.0,3121.0,3119.418212890625,14489,0.0,0.0,0.0
2024-02-29,3139.0,3142.0,3125.0,3128.75,3127.164306640625,64345,0.0,0.0,0.0
2024-03-01,3148.25,3167.25,3145.175048828125,3166.75,3165.14501953125,19086,0.0,0.0,0.0
2024-03-04,3170.0,3172.0,3150.0,3150.0,3148.403564453125,27287,0.0,0.0,0.0
2024-03-05,3134.0,3136.75,3120.0,3120.5,3118.918701171875,44352,0.0,0.0,0.0
2024-03-06,3139.5,3166.0,3139.5,3163.0,3161.397216796875,15638,0.0,0.0,0.0
2024-03-07,3151.75,3161.25,3147.5,3159.75,3158.148681640625,158368,0.0,0.0,0.0
2024-03-08,3169.0,3174.5,3158.0,3152.25,3150.652587890625,23977,0.0,0.0,0.0
2024-03-11,3159.75,3171.75,3154.25,3169.25,3167.643798828125,125220,0.0,0.0,0.0
2024-03-12,3205.5,3207.5,3197.25,3203.875,3202.251220703125,22917,0.0,0.0,0.0
2024-03-13,3187.5,3195.75,3186.0,3189.0,3187.3837890625,213345,0.0,0.0,0.0
2024-03-14,3188.0,3191.0,3176.3701171875,3181.875,3180.354248046875,24263,9.216801,0.0,0.0
2024-03-15,3167.5,3170.25,3155.25,3163.25,3161.738037109375,27407,0.0,0.0,0.0
2024-03-18,3179.0,3182.25,3169.0,3170.375,3168.85986328125,84918,0.0,0.0,0.0
2024-03-19,3157.0,3157.875,3142.0,3155.25,3153.741943359375,99189,0.0,0.0,0.0
2024-03-20,3157.0,3174.0,3157.0,3163.25,3161.738037109375,14854,0.0,0.0,0.0
2024-03-21,3203.0,3214.39990234375,3197.35009765625,3214.0,3212.4638671875,70506,0.0,0.0,0.0
2024-03-22,3215.5,3215.5,3202.0,3205.125,3203.593505859375,27257,0.0,0.0,0.0
2024-03-25,3204.75,3208.125,3188.925048828125,3195.5,3193.972900390625,12539,0.0,0.0,0.0
2024-03-26,3203.25,3209.60009765625,3196.75,3200.75,3199.2197265625,589893,0.0,0.0,0.0
2024-03-27,3197.0,3202.0,3193.89990234375,3196.0,3194.47265625,43621,0.0,0.0,0.0
2024-03-28,3212.25,3220.0,3207.5,3214.25,3212.7138671875,67696,0.0,0.0,0.0
2024-04-02,3243.75,3262.75,3243.75,3248.625,3247.072021484375,14919,0.0,0.0,0.0
2024-04-03,3229.5,3236.75,3226.25,3233.75,3232.204345703125,115870,0.0,0.0,0.0
2024-04-04,3235.5,3256.75,3234.12109375,3256.75,3255.193359375,92363,0.0,0.0,0.0
2024-04-05,3223.75,3229.75,3220.0,3228.5,3226.95703125,159395,0.0,0.0,0.0
2024-04-08,3238.0,3253.75,3227.35791015625,3252.625,3251.070556640625,22392,0.0,0.0,0.0
2024-04-09,3257.0,3263.238037109375,3248.27294921875,3256.0,3254.443603515625,31488,0.0,0.0,0.0
2024-04-10,3276.75,3277.68994140625,3240.75,3245.5,3243.948974609375,27967,0.0,0.0,0.0
2024-04-11,3279.25,3279.25,3259.0,3261.875,3260.316162109375,14564,0.0,0.0,0.0
2024-04-12,3257.25,3262.75,3228.5,3230.125,3228.581298828125,15680,0.0,0.0,0.0
2024-04-15,3237.75,3238.0,3214.75,3218.5,3216.961669921875,56070,0.0,0.0,0.0
2024-04-16,3168.5,3170.5,3148.75,3160.0,3158.489990234375,80388,0.0,0.0,0.0
2024-04-17,3158.75,3167.507080078125,3150.0,3150.0,3148.49462890625,25169,0.0,0.0,0.0
2024-04-18,3180.5,3199.25,3162.75,3173.75,3172.23291015625,26302,0.0,0.0,0.0
2024-04-19,3136.25,3162.5,3130.488037109375,3157.25,3155.74072265625,128139,0.0,0.0,0.0
2024-04-22,3185.0,3198.0,3177.0,3192.0,3190.474365234375,132649,0.0,0.0,0.0
2024-04-23,3211.25,3217.75,3195.556884765625,3203.5,3201.96923828125,13783,0.0,0.0,0.0
2024-04-24,3237.25,3241.4599609375,3216.0,3216.25,3214.712646484375,32825,0.0,0.0,0.0
2024-04-25,3202.5,3207.75,3184.25,3199.125,3197.59619140625,18446,0.0,0.0,0.0
2024-04-26,3243.75,3249.75,3226.25,3247.25,3245.6982421875,119301,0.0,0.0,0.0
2024-04-29,3264.0,3265.153076171875,3254.25,3258.5,3256.942626953125,7623,0.0,0.0,0.0
2024-04-30,3260.25,3268.75,3241.0,3241.0,3239.450927734375,11419,0.0,0.0,0.0
2024-05-01,3243.0,3247.75,3230.0,3243.0,3241.449951171875,8033,0.0,0.0,0.0
2024-05-02,3274.0,3296.0,3272.639892578125,3295.8798828125,3294.304931640625,8851,0.0,0.0,0.0
2024-05-03,3300.0,3324.5,3293.75,3324.25,3322.6611328125,23042,0.0,0.0,0.0
2024-05-07,3325.5,3329.25,3301.75,3329.0,3327.408935546875,38770,0.0,0.0,0.0
2024-05-08,3335.5,3338.64404296875,3320.0,3333.0,3331.406982421875,57022,0.0,0.0,0.0
2024-05-09,3332.5,3340.3720703125,3326.8720703125,3335.0,3333.40625,3658,0.0,0.0,0.0
2024-05-10,3348.75,3361.25,3342.5,3348.5,3346.899658203125,41998,0.0,0.0,0.0
2024-05-13,3353.75,3368.75,3353.75,3364.75,3363.1416015625,358933,0.0,0.0,0.0
2024-05-14,3364.75,3377.5,3357.5,3367.25,3365.640869140625,23154,0.0,0.0,0.0
2024-05-15,3378.25,3381.75,3366.25,3381.75,3380.13427734375,18940,0.0,0.0,0.0
2024-05-16,3378.75,3400.0,3373.5,3394.0,3392.37744140625,28042,0.0,0.0,0.0
2024-05-17,3390.0,3408.0,3382.5,3401.5,3399.8740234375,42996,0.0,0.0,0.0
2024-05-20,3393.5,3409.5,3380.0,3390.5,3388.87939453125,15829,0.0,0.0,0.0
2024-05-21,3365.0,3368.0,3357.846923828125,3363.0,3361.392822265625,91512,0.0,0.0,0.0
2024-05-22,3360.25,3370.75,3351.6201171875,3354.625,3353.021728515625,17279,0.0,0.0,0.0
2024-05-23,3359.0,3364.75,3336.75,3345.5,3343.901123046875,78879,0.0,0.0,0.0
2024-05-24,3330.0,3335.75,3321.0,3327.625,3326.03466796875,6827,0.0,0.0,0.0
2024-05-28,3333.0,3338.5,3314.25,3319.375,3317.788330078125,14590,0.0,0.0,0.0
2024-05-29,3289.5,3289.75,3275.5,3277.125,3275.558837890625,31467,0.0,0.0,0.0
2024-05-30,3251.5,3266.75,3248.25,3266.75,3265.188720703125,166685,0.0,0.0,0.0
2024-05-31,3228.5,3241.87109375,3212.5,3212.5,3210.96484375,87990,0.0,0.0,0.0
2024-06-03,3283.25,3295.25,3248.51806640625,3250.875,3249.3212890625,104487,0.0,0.0,0.0
2024-06-04,3194.5,3216.98291015625,3185.5,3196.5,3194.972412109375,495270,0.0,0.0,0.0
2024-06-05,3229.25,3261.75,3225.25,3262.0,3260.441162109375,19544,0.0,0.0,0.0
2024-06-06,3277.25,3281.0,3267.10400390625,3278.125,3276.55810546875,115123,0.0,0.0,0.0
2024-06-07,3279.0,3284.75,3268.5,3275.125,3273.5595703125,43794,0.0,0.0,0.0
2024-06-10,3270.0,3283.0,3266.5,3281.75,3280.181396484375,38928,0.0,0.0,0.0
2024-06-11,3274.0,3278.25,3252.25,3252.25,3250.69580078125,108003,0.0,0.0,0.0
2024-06-12,3274.75,3280.0,3262.5029296875,3280.0,3278.4326171875,124132,0.0,0.0,0.0
2024-06-13,3261.75,3264.5,3251.5,3255.75,3254.41259765625,20506,22.057701,0.0,0.0
2024-06-14,3276.25,3292.75,3265.25,3289.375,3288.024169921875,114040,0.0,0.0,0.0
2024-06-17,3303.0,3305.718017578125,3296.139892578125,3298.25,3296.895263671875,12829,0.0,0.0,0.0
2024-06-18,3317.5,3340.5,3315.25,3340.5,3339.127685546875,43362,0.0,0.0,0.0
2024-06-19,3362.75,3363.5,3354.25,3359.5,3358.120361328125,40116,0.0,0.0,0.0
2024-06-20,3366.0,3371.219970703125,3346.5400390625,3349.25,3347.874267578125,81412,0.0,0.0,0.0
2024-06-21,3347.25,3350.797119140625,3340.1279296875,3346.0,3344.625732421875,19155,0.0,0.0,0.0
2024-06-24,3329.5,3351.5,3328.2958984375,3342.375,3341.002197265625,24725,0.0,0.0,0.0
2024-06-25,3327.25,3332.5,3317.5,3318.0,3316.63720703125,34204,0.0,0.0,0.0
2024-06-26,3337.75,3343.074951171875,3321.25,3327.25,3325.88330078125,121025,0.0,0.0,0.0
2024-06-27,3327.75,3338.75,3323.25,3325.5,3324.13427734375,109386,0.0,0.0,0.0
2024-06-28,3354.25,3355.75,3343.554931640625,3349.25,3347.874267578125,17761,0.0,0.0,0.0
2024-07-01,3341.0,3347.0,3329.75,3346.375,3345.000244140625,19649,0.0,0.0,0.0
2024-07-02,3328.25,3332.54296875,3321.5,3331.75,3330.3818359375,20987,0.0,0.0,0.0
2024-07-03,3351.25,3364.01806640625,3347.5,3365.625,3364.24267578125,16143,0.0,0.0,0.0
2024-07-04,3382.75,3386.0,3376.5,3379.0,3377.612060546875,16789,0.0,0.0,0.0
2024-07-05,3377.5,3386.25,3353.75,3363.625,3362.243408203125,16914,0.0,0.0,0.0
2024-07-08,3374.5,3379.25,3370.243896484375,3373.25,3371.864501953125,13081,0.0,0.0,0.0
2024-07-09,3385.5,3390.1650390625,3379.818115234375,3386.75,3385.359130859375,27142,0.0,0.0,0.0
2024-07-10,3389.75,3402.287109375,3389.75,3391.0,3389.607177734375,9664,0.0,0.0,0.0
2024-07-11,3412.75,3416.5,3399.5,3399.5,3398.104248046875,49307,0.0,0.0,0.0
2024-07-12,3397.25,3402.75,3390.243896484375,3396.5,3395.105224609375,54142,0.0,0.0,0.0
2024-07-15,3381.0,3383.22802734375,3369.25,3374.25,3372.864013671875,82471,0.0,0.0,0.0
2024-07-16,3373.75,3380.0,3364.487060546875,3373.625,3372.239501953125,18732,0.0,0.0,0.0
2024-07-17,3345.5,3352.5,3322.458984375,3324.625,3323.259521484375,82131,0.0,0.0,0.0
2024-07-18,3340.25,3340.25,3300.5,3300.5,3299.14404296875,50327,0.0,0.0,0.0
2024-07-19,3290.0,3299.0,3282.5,3279.875,3278.528076171875,9286,0.0,0.0,0.0
2024-07-22,3279.25,3302.25,3278.263916015625,3290.5,3289.148681640625,35549,0.0,0.0,0.0
2024-07-23,3274.5,3293.25,3274.5,3287.25,3285.899658203125,2936,0.0,0.0,0.0
2024-07-24,3265.25,3271.762939453125,3250.75,3250.75,3249.414794921875,4091,0.0,0.0,0.0
2024-07-25,3231.25,3231.25,3217.73291015625,3236.875,3235.545654296875,6121,0.0,0.0,0.0
2024-07-26,3253.5,3258.25,3247.212890625,3257.25,3255.911865234375,19882,0.0,0.0,0.0
2024-07-29,3278.25,3282.0,3243.75,3245.625,3244.2919921875,35705,0.0,0.0,0.0
2024-07-30,3256.5,3264.39111328125,3242.0,3245.875,3244.5419921875,141745,0.0,0.0,0.0
2024-07-31,3304.75,3316.75,3293.842041015625,3314.5,3313.138671875,6061,0.0,0.0,0.0
2024-08-01,3317.0,3322.25,3283.77490234375,3292.875,3291.522216796875,298731,0.0,0.0,0.0
2024-08-02,3239.75,3247.5,3194.826904296875,3204.0,3202.68408203125,62481,0.0,0.0,0.0
2024-08-05,3081.5,3127.75,3045.950927734375,3127.75,3126.46533203125,30672,0.0,0.0,0.0
2024-08-06,3150.0,3160.0,3122.508056640625,3151.75,3150.45556640625,18326,0.0,0.0,0.0
2024-08-07,3227.75,3232.25,3201.77490234375,3221.75,3220.4267578125,24745,0.0,0.0,0.0
2024-08-08,3202.5,3236.5,3189.0400390625,3239.625,3238.294189453125,9365,0.0,0.0,0.0
2024-08-09,3250.0,3265.25,3239.25,3245.0,3243.66748046875,5462,0.0,0.0,0.0
2024-08-12,3262.0,3273.25,3258.68798828125,3265.5,3264.158447265625,5048,0.0,0.0,0.0
2024-08-13,3267.5,3268.0,3255.5,3270.0,3268.65673828125,3894,0.0,0.0,0.0
2024-08-14,3270.25,3281.56591796875,3254.0,3268.125,3266.78271484375,2781,0.0,0.0,0.0
2024-08-15,3269.0,3304.75,3265.7890625,3298.875,3297.520263671875,34452,0.0,0.0,0.0
2024-08-16,3314.0,3321.0,3298.5,3316.125,3314.762939453125,69718,0.0,0.0,0.0
2024-08-19,3314.25,3332.5,3311.337890625,3335.0,3333.63037109375,9967,0.0,0.0,0.0
2024-08-20,3324.5,3329.25,3298.75,3302.5,3301.1435546875,31651,0.0,0.0,0.0
2024-08-21,3299.75,3304.75,3294.840087890625,3302.75,3301.3935546875,4628,0.0,0.0,0.0
2024-08-22,3291.75,3294.512939453125,3268.0,3268.0,3266.65771484375,12094,0.0,0.0,0.0
2024-08-23,3286.0,3290.75,3276.25,3284.0,3282.6513671875,803,0.0,0.0,0.0
2024-08-27,3258.5,3263.0,3246.614013671875,3248.25,3246.915771484375,16905,0.0,0.0,0.0
2024-08-28,3252.75,3259.75,3247.5,3244.0,3242.667724609375,4033,0.0,0.0,0.0
2024-08-29,3256.5,3272.300048828125,3250.25,3268.25,3266.90771484375,19799,0.0,0.0,0.0
2024-08-30,3274.0,3280.02490234375,3267.25,3263.375,3262.03466796875,22096,0.0,0.0,0.0
2024-09-02,3259.5,3260.75,3251.56298828125,3257.625,3256.286865234375,62032,0.0,0.0,0.0
2024-09-03,3255.75,3258.25,3222.02294921875,3229.25,3227.923828125,12952,0.0,0.0,0.0
2024-09-04,3196.5,3217.97998046875,3191.969970703125,3212.0,3210.680908203125,39139,0.0,0.0,0.0
2024-09-05,3202.75,3212.25,3196.909912109375,3200.25,3198.935302734375,4616,0.0,0.0,0.0
2024-09-06,3194.25,3196.0,3156.75,3157.0,3155.702880859375,21784,0.0,0.0,0.0
2024-09-09,3171.5,3191.75,3170.06103515625,3186.0,3184.691162109375,24720,0.0,0.0,0.0
2024-09-10,3177.0,3186.0,3171.75,3175.75,3174.44580078125,7991,0.0,0.0,0.0
2024-09-11,3174.25,3183.0,3169.0,3179.0,3177.694091796875,11202,0.0,0.0,0.0
2024-09-12,3193.75,3195.5,3177.0,3180.75,3179.759521484375,8950,31.5662,0.0,0.0
2024-09-13,3194.25,3199.0,3184.77490234375,3199.0,3198.00390625,4721,0.0,0.0,0.0
2024-09-16,3193.25,3200.0,3181.25,3182.75,3181.7587890625,14298,0.0,0.0,0.0
2024-09-17,3203.5,3209.530029296875,3199.0,3210.25,3209.25,7785,0.0,0.0,0.0
2024-09-18,3207.5,3208.0,3187.25,3187.875,3186.88232421875,5274,0.0,0.0,0.0
2024-09-19,3224.0,3230.550048828125,3219.5,3228.0,3226.994384765625,27304,0.0,0.0,0.0
2024-09-20,3225.75,3235.25,3222.25,3224.75,3223.74560546875,36148,0.0,0.0,0.0
2024-09-23,3231.0,3244.98291015625,3230.291015625,3238.5,3237.491455078125,8910,0.0,0.0,0.0
2024-09-24,3289.25,3321.77197265625,3279.791015625,3323.125,3322.090087890625,161980,0.0,0.0,0.0
2024-09-25,3298.0,3332.0,3295.9970703125,3328.875,3327.83837890625,87025,0.0,0.0,0.0
2024-09-26,3378.0,3439.75,3369.0,3409.375,3408.313232421875,129748,0.0,0.0,0.0
2024-09-27,3414.0,3440.25,3410.032958984375,3419.0,3417.93505859375,54620,0.0,0.0,0.0
2024-09-30,3432.25,3433.75,3371.75,3371.75,3370.699951171875,72585,0.0,0.0,0.0
2024-10-01,3381.25,3406.0,3376.0,3393.125,3392.068115234375,42004,0.0,0.0,0.0
2024-10-02,3478.75,3492.06005859375,3451.0,3454.125,3453.049072265625,76144,0.0,0.0,0.0
2024-10-03,3470.0,3493.5,3444.673095703125,3472.375,3471.293701171875,16755,0.0,0.0,0.0
2024-10-04,3496.0,3511.85791015625,3482.2080078125,3487.25,3486.163818359375,18463,0.0,0.0,0.0
2024-10-07,3524.0,3545.75,3523.25,3527.0,3525.901611328125,176416,0.0,0.0,0.0
2024-10-08,3447.25,3455.0,3408.64990234375,3445.0,3443.92724609375,100212,0.0,0.0,0.0
2024-10-09,3414.5,3437.25,3406.35009765625,3434.875,3433.805419921875,11376,0.0,0.0,0.0
2024-10-10,3441.0,3449.25,3423.510009765625,3444.625,3443.552490234375,26442,0.0,0.0,0.0
2024-10-11,3429.5,3460.25,3420.2900390625,3460.25,3459.17236328125,12770,0.0,0.0,0.0
2024-10-14,3450.0,3475.25,3443.25,3457.375,3456.29833984375,20720,0.0,0.0,0.0
2024-10-15,3418.25,3421.0,3385.0,3386.25,3385.1953125,5484,0.0,0.0,0.0
2024-10-16,3418.5,3431.012939453125,3409.548095703125,3426.0,3424.9326171875,22383,0.0,0.0,0.0
2024-10-17,3420.0,3423.75,3403.43798828125,3415.75,3414.686279296875,20965,0.0,0.0,0.0
2024-10-18,3441.0,3459.52294921875,3436.705078125,3443.0,3441.927490234375,31393,0.0,0.0,0.0
2024-10-21,3419.75,3424.0,3402.89990234375,3407.25,3406.18896484375,22573,0.0,0.0,0.0
2024-10-22,3411.5,3426.0,3398.0,3413.5,3412.43701171875,48803,0.0,0.0,0.0
2024-10-23,3421.25,3427.25,3409.0,3408.75,3407.6884765625,55858,0.0,0.0,0.0
2024-10-24,3405.75,3405.75,3383.5,3388.5,3387.44482421875,16764,0.0,0.0,0.0
2024-10-25,3392.25,3406.25,3392.25,3402.75,3401.6904296875,22446,0.0,0.0,0.0
2024-10-28,3402.0,3408.0,3386.75,3406.875,3405.81396484375,33203,0.0,0.0,0.0
2024-10-29,3383.0,3418.7119140625,3383.0,3396.5,3395.4423828125,47767,0.0,0.0,0.0
2024-10-30,3369.5,3372.75,3356.25,3356.0,3354.95458984375,12021,0.0,0.0,0.0
2024-10-31,3342.75,3359.25,3336.25,3359.25,3358.203857421875,30024,0.0,0.0,0.0
2024-11-01,3380.25,3382.218994140625,3368.75,3370.5,3369.450439453125,58156,0.0,0.0,0.0
2024-11-04,3370.0,3390.0,3369.75,3385.25,3384.1953125,22958,0.0,0.0,0.0
2024-11-05,3405.75,3410.02294921875,3394.574951171875,3402.5,3401.4404296875,7623,0.0,0.0,0.0
2024-11-06,3405.5,3406.25,3369.0,3383.75,3382.696044921875,35026,0.0,0.0,0.0
2024-11-07,3416.75,3436.75,3415.919921875,3431.75,3430.68115234375,10237,0.0,0.0,0.0
2024-11-08,3387.75,3424.0,3368.75,3371.25,3370.199951171875,19060,0.0,0.0,0.0
2024-11-11,3382.75,3388.25,3361.25,3361.5,3360.452880859375,12364,0.0,0.0,0.0
2024-11-12,3332.0,3335.75,3310.75,3329.875,3328.837890625,79244,0.0,0.0,0.0
2024-11-13,3333.0,3346.718017578125,3318.572021484375,3319.75,3318.7158203125,20852,0.0,0.0,0.0
2024-11-14,3314.75,3328.5,3309.25,3317.5,3316.466796875,28149,0.0,0.0,0.0
2024-11-15,3325.0,3335.2490234375,3316.2880859375,3327.5,3326.463623046875,19630,0.0,0.0,0.0
2024-11-18,3340.0,3351.25,3336.25,3350.5,3349.45654296875,8380,0.0,0.0,0.0
2024-11-19,3361.75,3366.5,3342.27099609375,3353.75,3352.70556640625,35772,0.0,0.0,0.0
2024-11-20,3352.5,3354.75,3334.75,3338.0,3336.960693359375,9711,0.0,0.0,0.0
2024-11-21,3328.75,3350.5,3327.822998046875,3350.5,3349.45654296875,26674,0.0,0.0,0.0
2024-11-22,3363.75,3376.39697265625,3360.470947265625,3372.375,3371.32470703125,25643,0.0,0.0,0.0
2024-11-25,3371.75,3377.5,3364.75,3369.5,3368.450439453125,24614,0.0,0.0,0.0
2024-11-26,3356.5,3366.739990234375,3354.5,3360.75,3359.70361328125,33148,0.0,0.0,0.0
2024-11-27,3364.75,3375.75,3326.75,3325.75,3324.71435546875,13224,0.0,0.0,0.0
2024-11-28,3317.25,3318.75,3307.889892578125,3309.75,3308.718994140625,79237,0.0,0.0,0.0
2024-11-29,3293.75,3328.0,3293.5,3328.0,3326.96337890625,25048,0.0,0.0,0.0
2024-12-02,3333.0,3354.5,3328.452880859375,3353.25,3352.205810546875,83429,0.0,0.0,0.0
2024-12-03,3370.75,3376.75,3336.889892578125,3359.75,3358.703857421875,9874,0.0,0.0,0.0
2024-12-04,3370.75,3376.4130859375,3353.75,3357.0,3355.954345703125,3649,0.0,0.0,0.0
2024-12-05,3360.25,3370.64990234375,3358.1298828125,3371.0,3369.949951171875,23180,0.0,0.0,0.0
2024-12-06,3374.75,3379.0,3369.5,3368.375,3367.325927734375,20625,0.0,0.0,0.0
2024-12-09,3419.5,3452.1630859375,3405.074951171875,3437.75,3436.679443359375,105048,0.0,0.0,0.0
2024-12-10,3388.0,3395.75,3378.5,3378.5,3377.447509765625,81439,0.0,0.0,0.0
2024-12-11,3380.0,3385.843017578125,3374.840087890625,3385.75,3384.6953125,6766,0.0,0.0,0.0
2024-12-12,3396.0,3400.5,3373.840087890625,3386.5,3385.552734375,12147,10.7328,0.0,0.0
2024-12-13,3399.75,3402.0,3390.6630859375,3395.0,3394.05029296875,70481,0.0,0.0,0.0
2024-12-16,3393.5,3393.5,3367.0,3368.25,3367.3076171875,42599,0.0,0.0,0.0
2024-12-17,3346.5,3349.718994140625,3335.8759765625,3349.5,3348.562744140625,20949,0.0,0.0,0.0
2024-12-18,3367.25,3371.75,3349.830078125,3351.875,3350.937255859375,94204,0.0,0.0,0.0
2024-12-19,3321.5,3342.25,3315.7529296875,3338.125,3337.19140625,6351,0.0,0.0,0.0
2024-12-20,3337.0,3338.0,3311.3779296875,3324.75,3323.81982421875,18586,0.0,0.0,0.0
2024-12-23,3339.75,3348.0,3337.5,3349.0,3348.06298828125,219657,0.0,0.0,0.0
2024-12-24,3359.25,3369.75,3357.9619140625,3360.0,3359.06005859375,593,0.0,0.0,0.0
2024-12-27,3335.5,3367.75,3314.1650390625,3323.75,3322.820068359375,29474,0.0,0.0,0.0
2024-12-30,3316.0,3317.5,3298.25,3310.125,3309.19873046875,26340,0.0,0.0,0.0
2024-12-31,3303.0,3317.0,3303.0,3317.0,3316.072265625,3059,0.0,0.0,0.0
2025-01-02,3310.25,3356.75,3291.25,3355.875,3354.936279296875,18271,0.0,0.0,0.0
2025-01-03,3359.75,3361.75,3349.75,3359.75,3358.810302734375,148314,0.0,0.0,0.0
2025-01-06,3354.0,3391.264892578125,3351.4130859375,3362.0,3361.059326171875,50847,0.0,0.0,0.0
2025-01-07,3347.0,3353.5,3340.25,3349.0,3348.06298828125,63469,0.0,0.0,0.0
2025-01-08,3326.0,3351.75,3326.0,3348.25,3347.3134765625,29591,0.0,0.0,0.0
2025-01-09,3373.25,3377.094970703125,3360.238037109375,3364.75,3363.80859375,75492,0.0,0.0,0.0
2025-01-10,3346.25,3349.0,3303.1298828125,3330.875,3329.943359375,21900,0.0,0.0,0.0
2025-01-13,3318.0,3326.23388671875,3312.264892578125,3312.875,3311.9482421875,36669,0.0,0.0,0.0
2025-01-14,3348.25,3371.5,3342.25,3344.875,3343.939697265625,14907,0.0,0.0,0.0
2025-01-15,3336.5,3375.0,3336.5,3375.75,3374.8056640625,19919,0.0,0.0,0.0
2025-01-16,3416.0,3416.5,3386.212890625,3387.0,3386.052490234375,33777,0.0,0.0,0.0
2025-01-17,3402.0,3433.25,3398.25,3428.25,3427.290771484375,16696,0.0,0.0,0.0
2025-01-20,3436.0,3452.75,3423.5,3441.25,3440.28759765625,24453,0.0,0.0,0.0
2025-01-21,3423.5,3431.75,3409.01806640625,3413.625,3412.669921875,31998,0.0,0.0,0.0
2025-01-22,3420.75,3422.25,3403.81494140625,3421.125,3420.167724609375,39747,0.0,0.0,0.0
2025-01-23,3413.5,3422.25,3406.25,3417.125,3416.1689453125,88282,0.0,0.0,0.0
2025-01-24,3421.75,3431.0,3404.25,3409.75,3408.7958984375,450613,0.0,0.0,0.0
2025-01-27,3359.0,3363.75,3324.97802734375,3339.0,3338.06591796875,23857,0.0,0.0,0.0
2025-01-28,3348.25,3359.75,3343.25,3345.25,3344.31396484375,16329,0.0,0.0,0.0
2025-01-29,3399.75,3411.75,3394.5,3395.75,3394.800048828125,74155,0.0,0.0,0.0
2025-01-30,3395.25,3431.389892578125,3393.5,3431.125,3430.16552734375,58940,0.0,0.0,0.0
2025-01-31,3452.5,3452.85791015625,3437.375,3439.25,3438.287841796875,7843,0.0,0.0,0.0
2025-02-03,3379.0,3398.5,3364.675048828125,3398.5,3397.549560546875,15822,0.0,0.0,0.0
2025-02-04,3420.25,3437.25,3418.01806640625,3436.375,3435.41357421875,26749,0.0,0.0,0.0
2025-02-05,3408.25,3414.25,3394.425048828125,3408.25,3407.296630859375,30574,0.0,0.0,0.0
2025-02-06,3433.0,3452.262939453125,3423.0,3439.5,3438.537841796875,209513,0.0,0.0,0.0
2025-02-07,3464.5,3473.0,3451.75,3452.25,3451.284423828125,26439,0.0,0.0,0.0
2025-02-10,3470.75,3494.0,3466.2900390625,3487.5,3486.5244140625,14149,0.0,0.0,0.0
2025-02-11,3466.25,3481.5,3458.0,3478.75,3477.77685546875,17056,0.0,0.0,0.0
2025-02-12,3482.25,3484.826904296875,3468.0,3480.25,3479.276611328125,69228,0.0,0.0,0.0
2025-02-13,3463.5,3477.0,3459.0,3474.75,3473.77783203125,241185,0.0,0.0,0.0
2025-02-14,3485.5,3493.0,3474.25,3477.375,3476.402099609375,6472,0.0,0.0,0.0
2025-02-17,3495.75,3511.637939453125,3495.75,3510.0,3509.017822265625,9740,0.0,0.0,0.0
2025-02-18,3520.5,3525.0,3509.0,3518.5,3517.515380859375,148175,0.0,0.0,0.0
2025-02-19,3529.0,3531.0,3510.0,3517.75,3516.765869140625,24144,0.0,0.0,0.0
2025-02-20,3501.75,3551.25,3500.25,3524.0,3523.014404296875,237469,0.0,0.0,0.0
2025-02-21,3537.25,3557.5,3537.0380859375,3544.375,3543.383544921875,32154,0.0,0.0,0.0
2025-02-24,3518.75,3519.75,3471.25,3476.625,3475.65234375,84315,0.0,0.0,0.0
2025-02-25,3464.25,3469.25,3449.675048828125,3456.875,3455.907958984375,6760,0.0,0.0,0.0
2025-02-26,3508.0,3516.06298828125,3496.75,3507.0,3506.018798828125,77562,0.0,0.0,0.0
2025-02-27,3472.5,3485.6630859375,3450.387939453125,3468.875,3467.904541015625,11418,0.0,0.0,0.0
2025-02-28,3388.0,3396.25,3374.25,3390.75,3389.80126953125,88616,0.0,0.0,0.0
2025-03-03,3402.25,3405.5,3375.27294921875,3384.75,3383.802978515625,18527,0.0,0.0,0.0
2025-03-04,3360.0,3364.0,3328.0,3334.25,3333.3173828125,129911,0.0,0.0,0.0
2025-03-05,3394.75,3399.75,3377.735107421875,3387.875,3386.927490234375,46994,0.0,0.0,0.0
2025-03-06,3418.5,3423.97509765625,3410.52294921875,3414.875,3413.919921875,21840,0.0,0.0,0.0
2025-03-07,3410.5,3413.75,3389.68798828125,3383.5,3382.55322265625,1644086,0.0,0.0,0.0
2025-03-10,3360.0,3380.5,3327.662109375,3341.5,3340.565185546875,14654,0.0,0.0,0.0
2025-03-11,3356.75,3362.425048828125,3329.72998046875,3333.0,3332.067626953125,12718,0.0,0.0,0.0
2025-03-12,3351.0,3354.238037109375,3334.77001953125,3349.125,3348.18798828125,10442,0.0,0.0,0.0
2025-03-13,3317.0,3335.547119140625,3314.5,3331.0,3330.182861328125,22428,11.5266,0.0,0.0
2025-03-14,3363.25,3397.0,3359.5,3389.0,3388.16845703125,15164,0.0,0.0,0.0
2025-03-17,3392.75,3432.5,3387.25,3430.0,3429.158447265625,13524,0.0,0.0,0.0
2025-03-18,3436.75,3444.25,3421.51806640625,3429.0,3428.158447265625,39495,0.0,0.0,0.0
2025-03-19,3429.5,3447.77490234375,3428.0,3435.125,3434.2822265625,29502,0.0,0.0,0.0
2025-03-20,3425.0,3427.25,3397.75,3406.0,3405.16455078125,53823,0.0,0.0,0.0
2025-03-21,3400.75,3410.75,3392.868896484375,3410.0,3409.162841796875,9874,0.0,0.0,0.0
2025-03-24,3423.75,3428.242919921875,3413.68994140625,3426.625,3425.7841796875,60022,0.0,0.0,0.0
2025-03-25,3409.0,3422.48291015625,3403.77294921875,3410.5,3409.662841796875,71614,0.0,0.0,0.0
2025-03-26,3424.0,3427.469970703125,3407.5,3410.5,3409.662841796875,14928,0.0,0.0,0.0
2025-03-27,3403.75,3418.47802734375,3398.25,3412.0,3411.162841796875,10656,0.0,0.0,0.0
2025-03-28,3369.5,3380.25,3346.02294921875,3348.125,3347.3037109375,9670,0.0,0.0,0.0
2025-03-31,3314.5,3328.5,3301.0,3325.5,3324.68408203125,16137,0.0,0.0,0.0
2025-04-01,3348.75,3362.5,3336.0,3360.75,3359.925537109375,96879,0.0,0.0,0.0
2025-04-02,3338.5,3360.75,3338.5,3346.75,3345.9287109375,11885,0.0,0.0,0.0
2025-04-03,3259.75,3262.5,3223.5,3252.25,3251.4521484375,65467,0.0,0.0,0.0
2025-04-04,3243.75,3251.75,3067.75,3113.0,3112.236328125,155261,0.0,0.0,0.0
2025-04-07,2939.0,3076.0,2912.0,3011.75,3011.0107421875,112938,0.0,0.0,0.0
2025-04-08,3053.0,3105.113037109375,3040.68798828125,3063.5,3062.748291015625,26376,0.0,0.0,0.0
2025-04-09,2987.75,3043.5,2963.597900390625,2982.75,2982.01806640625,31632,0.0,0.0,0.0
2025-04-10,3179.75,3193.25,3087.0,3082.5,3081.743408203125,59765,0.0,0.0,0.0
2025-04-11,3119.75,3132.75,3091.25,3106.5,3105.73779296875,84721,0.0,0.0,0.0
2025-04-14,3147.5,3176.25,3142.837890625,3162.5,3161.72412109375,11209,0.0,0.0,0.0
2025-04-15,3156.5,3163.715087890625,3147.02490234375,3157.75,3156.97509765625,65198,0.0,0.0,0.0
2025-04-16,3089.5,3135.5,3089.5,3135.5,3134.730712890625,29509,0.0,0.0,0.0
2025-04-17,3148.5,3152.75,3128.0,3135.25,3134.480712890625,31373,0.0,0.0,0.0
2025-04-22,3132.25,3153.5,3110.75,3145.25,3144.478515625,9333,0.0,0.0,0.0
2025-04-23,3198.5,3233.75,3198.5,3215.125,3214.336181640625,86082,0.0,0.0,0.0
2025-04-24,3190.5,3224.5,3184.5,3222.625,3221.834228515625,5030,0.0,0.0,0.0
2025-04-25,3215.5,3223.25,3202.074951171875,3212.25,3211.4619140625,10342,0.0,0.0,0.0
2025-04-28,3227.0,3254.25,3209.0,3209.0,3208.212646484375,30547,0.0,0.0,0.0
2025-04-29,3218.5,3229.18798828125,3216.5,3222.75,3221.958984375,12222,0.0,0.0,0.0
2025-04-30,3244.5,3256.0,3229.469970703125,3234.5,3233.70654296875,47442,0.0,0.0,0.0
2025-05-01,3272.5,3279.25,3260.0,3273.5,3272.69677734375,47697,0.0,0.0,0.0
2025-05-02,3338.75,3366.5,3331.14990234375,3343.625,3342.8046875,66464,0.0,0.0,0.0
2025-05-06,3348.0,3355.25,3323.5,3348.5,3347.678466796875,48200,0.0,0.0,0.0
2025-05-07,3323.0,3338.5,3306.5,3314.25,3313.436767578125,19257,0.0,0.0,0.0
2025-05-08,3341.75,3343.75,3304.25,3321.75,3320.93505859375,35573,0.0,0.0,0.0
2025-05-09,3348.0,3354.0,3336.02294921875,3337.5,3336.68115234375,38089,0.0,0.0,0.0
2025-05-12,3413.75,3466.5,3411.5,3431.0,3430.158447265625,56423,0.0,0.0,0.0
2025-05-13,3415.0,3427.0,3395.0,3427.125,3426.2841796875,61348,0.0,0.0,0.0
2025-05-14,3434.75,3456.0,3431.25,3456.0,3455.152099609375,52590,0.0,0.0,0.0
2025-05-15,3432.75,3446.0,3431.75,3441.875,3441.030517578125,17552,0.0,0.0,0.0
2025-05-16,3439.0,3448.945068359375,3437.39404296875,3444.625,3443.780029296875,22219,0.0,0.0,0.0
2025-05-19,3399.75,3428.0,3396.77197265625,3428.875,3428.033447265625,79739,0.0,0.0,0.0
2025-05-20,3413.0,3429.7880859375,3413.0,3420.5,3419.66064453125,44069,0.0,0.0,0.0
2025-05-21,3420.25,3431.75,3419.0,3427.5,3426.658935546875,73071,0.0,0.0,0.0
2025-05-22,3401.0,3403.75,3385.5,3394.375,3393.5419921875,17297,0.0,0.0,0.0
2025-05-23,3401.5,3406.25,3358.25,3384.5,3383.66943359375,21126,0.0,0.0,0.0
2025-05-27,3374.25,3376.75,3358.030029296875,3373.5,3372.67236328125,21455,0.0,0.0,0.0
2025-05-28,3376.5,3383.5,3372.681884765625,3373.5,3372.67236328125,21116,0.0,0.0,0.0
2025-05-29,3401.25,3413.5439453125,3377.68798828125,3381.375,3380.54541015625,9700,0.0,0.0,0.0
2025-05-30,3364.0,3369.0,3339.4990234375,3342.75,3341.9296875,137079,0.0,0.0,0.0
2025-06-02,3322.5,3340.75,3316.846923828125,3333.75,3332.93212890625,8750,0.0,0.0,0.0
2025-06-03,3346.75,3363.75,3346.5,3359.875,3359.050537109375,399823,0.0,0.0,0.0
2025-06-04,3385.75,3401.25,3385.75,3394.25,3393.4169921875,53700,0.0,0.0,0.0
2025-06-05,3412.5,3416.75,3401.784912109375,3418.875,3418.0361328125,22858,0.0,0.0,0.0
2025-06-06,3420.5,3432.25,3417.0,3428.625,3427.78369140625,17378,0.0,0.0,0.0
2025-06-09,3450.0,3459.875,3445.0,3459.0,3458.151123046875,1852,0.0,0.0,0.0
2025-06-10,3475.25,3488.0,3475.25,3476.75,3475.89697265625,5152,0.0,0.0,0.0
2025-06-11,3514.0,3525.25,3503.5,3504.75,3503.89013671875,34283,0.0,0.0,0.0
2025-06-12,3476.0,3476.5,3458.25,3464.875,3464.26171875,24124,23.9729,0.0,0.0
2025-06-13,3417.0,3426.719970703125,3412.75,3418.625,3418.02001953125,8089,0.0,0.0,0.0
2025-06-16,3441.25,3468.75,3436.0,3467.5,3466.88623046875,299620,0.0,0.0,0.0
2025-06-17,3449.5,3463.5,3437.298095703125,3454.5,3453.888427734375,169444,0.0,0.0,0.0
2025-06-18,3452.25,3467.5,3444.25,3449.625,3449.0146484375,46296,0.0,0.0,0.0
2025-06-19,3422.0,3428.0,3402.5,3402.75,3402.14794921875,21343,0.0,0.0,0.0
2025-06-20,3439.75,3453.0,3426.5,3426.5,3425.8935546875,5028,0.0,0.0,0.0
2025-06-23,3428.75,3439.239990234375,3418.0,3425.625,3425.018798828125,16940,0.0,0.0,0.0
2025-06-24,3491.0,3495.25,3468.5,3492.5,3491.8818359375,14710,0.0,0.0,0.0
2025-06-25,3504.0,3512.75,3497.25,3500.5,3499.880615234375,96453,0.0,0.0,0.0
2025-06-26,3488.75,3498.25,3488.75,3497.5,3496.881103515625,385554,0.0,0.0,0.0
2025-06-27,3498.0,3503.75,3487.77587890625,3497.5,3496.881103515625,1152481,0.0,0.0,0.0
2025-06-30,3492.0,3508.5,3489.0,3494.875,3494.256591796875,140175,0.0,0.0,0.0
2025-07-01,3503.0,3511.47998046875,3493.989990234375,3504.375,3503.7548828125,38905,0.0,0.0,0.0
2025-07-02,3507.75,3542.0,3500.89697265625,3535.625,3534.999267578125,327555,0.0,0.0,0.0
2025-07-03,3545.25,3560.4599609375,3536.0,3556.125,3555.49560546875,290500,0.0,0.0,0.0
2025-07-04,3522.5,3527.75,3517.5,3526.5,3525.8759765625,72636,0.0,0.0,0.0
2025-07-07,3526.75,3536.0,3517.75,3525.125,3524.50146484375,60898,0.0,0.0,0.0
2025-07-08,3543.5,3555.968017578125,3535.25,3547.0,3546.372314453125,13569,0.0,0.0,0.0
2025-07-09,3544.25,3547.25,3532.5,3535.0,3534.374267578125,5617,0.0,0.0,0.0
2025-07-10,3550.0,3555.0,3545.032958984375,3550.75,3550.121826171875,12056,0.0,0.0,0.0
2025-07-11,3569.75,3569.75,3555.0,3558.75,3558.120361328125,8059,0.0,0.0,0.0
2025-07-14,3572.5,3581.0,3563.25,3579.5,3578.86669921875,27185,0.0,0.0,0.0
2025-07-15,3619.0,3628.47802734375,3615.0,3621.0,3620.359130859375,36964,0.0,0.0,0.0
2025-07-16,3621.5,3627.0,3604.449951171875,3610.5,3609.861083984375,20756,0.0,0.0,0.0
2025-07-17,3638.25,3650.552001953125,3628.821044921875,3650.5,3649.854248046875,232937,0.0,0.0,0.0
2025-07-18,3648.5,3655.5,3646.0,3649.625,3648.979248046875,210792,0.0,0.0,0.0
2025-07-21,3650.5,3659.242919921875,3643.697021484375,3656.75,3656.10302734375,86027,0.0,0.0,0.0
2025-07-22,3637.75,3639.37890625,3625.25,3636.875,3636.231201171875,72447,0.0,0.0,0.0
2025-07-23,3656.75,3663.366943359375,3653.25,3656.5,3655.85302734375,17464,0.0,0.0,0.0
2025-07-24,3664.5,3673.0,3654.01806640625,3658.375,3657.7275390625,10950,0.0,0.0,0.0
2025-07-25,3650.75,3665.25,3646.25,3660.25,3659.6025390625,7290,0.0,0.0,0.0
2025-07-28,3684.25,3686.0,3649.0,3658.75,3658.1025390625,13801,0.0,0.0,0.0
2025-07-29,3679.0,3689.25,3669.56591796875,3675.25,3674.599609375,7429,0.0,0.0,0.0
2025-07-30,3676.5,3681.25,3662.0,3672.5,3671.850341796875,116493,0.0,0.0,0.0
2025-07-31,3677.25,3685.0,3669.25,3669.25,3668.600830078125,17863,0.0,0.0,0.0
2025-08-01,3645.25,3645.25,3608.25,3616.0,3615.360107421875,31675,0.0,0.0,0.0
2025-08-04,3649.25,3652.75,3640.419921875,3647.25,3646.6044921875,25740,0.0,0.0,0.0
2025-08-05,3670.25,3674.238037109375,3656.02001953125,3658.875,3658.2275390625,62031,0.0,0.0,0.0
2025-08-06,3665.75,3667.25,3649.0,3649.0,3648.354248046875,19178,0.0,0.0,0.0
2025-08-07,3688.5,3697.5,3671.75,3671.75,3671.100341796875,27699,0.0,0.0,0.0
2025-08-08,3657.5,3660.75,3652.5,3658.5,3657.8525390625,30359,0.0,0.0,0.0
2025-08-11,3658.5,3672.75,3656.75,3669.25,3668.600830078125,29679,0.0,0.0,0.0
2025-08-12,3664.75,3674.25,3655.75,3674.25,3673.599609375,62518,0.0,0.0,0.0
2025-08-13,3704.0,3712.5,3701.25,3706.5,3705.843994140625,3588,0.0,0.0,0.0
2025-08-14,3682.0,3684.0,3665.25,3665.25,3664.601318359375,34824,0.0,0.0,0.0
2025-08-15,3682.0,3682.75,3666.587890625,3668.0,3667.35107421875,12589,0.0,0.0,0.0
2025-08-18,3697.25,3697.75,3686.050048828125,3695.0,3694.346435546875,4914,0.0,0.0,0.0
2025-08-19,3696.25,3697.25,3683.0,3684.25,3683.597900390625,12528,0.0,0.0,0.0
2025-08-20,3667.75,3680.0,3657.31005859375,3675.0,3674.349609375,19654,0.0,0.0,0.0
2025-08-21,3681.0,3690.0,3670.0,3689.5,3688.84716796875,109456,0.0,0.0,0.0
2025-08-22,3697.5,3724.97802734375,3692.5,3722.25,3721.591064453125,85554,0.0,0.0,0.0
2025-08-26,3749.75,3750.25,3711.5,3718.25,3717.59228515625,20363,0.0,0.0,0.0
2025-08-27,3705.25,3712.25,3678.0,3683.5,3682.84814453125,37391,0.0,0.0,0.0
2025-08-28,3679.75,3690.5048828125,3668.278076171875,3687.75,3687.097412109375,50315,0.0,0.0,0.0
2025-08-29,3672.0,3689.0,3666.25,3671.875,3671.225341796875,72566,0.0,0.0,0.0
2025-09-01,3679.25,3685.75,3669.330078125,3670.25,3669.600341796875,34349,0.0,0.0,0.0
2025-09-02,3691.0,3704.0,3680.75,3697.625,3696.970703125,83873,0.0,0.0,0.0
2025-09-03,3715.5,3720.75,3703.0,3703.0,3702.3447265625,76567,0.0,0.0,0.0
2025-09-04,3690.25,3692.25,3680.72802734375,3685.5,3684.847900390625,13706,0.0,0.0,0.0
2025-09-05,3721.0,3726.25,3703.337890625,3708.25,3707.593994140625,7628,0.0,0.0,0.0
2025-09-08,3742.0,3744.22802734375,3729.0,3735.25,3734.589111328125,3782,0.0,0.0,0.0
2025-09-09,3760.25,3773.5,3750.0,3769.5,3768.833251953125,8667,0.0,0.0,0.0
2025-09-10,3809.5,3811.25,3792.337890625,3802.625,3801.9521484375,5348,0.0,0.0,0.0
2025-09-11,3786.0,3805.0,3782.0,3804.0,3803.615478515625,46045,28.8452,0.0,0.0
2025-09-12,3816.5,3823.5,3808.0,3810.75,3810.36474609375,1216523,0.0,0.0,0.0
2025-09-15,3818.5,3830.0,3806.5,3824.5,3824.11328125,11611,0.0,0.0,0.0
2025-09-16,3841.25,3842.0,3820.02001953125,3828.25,3827.863037109375,11347,0.0,0.0,0.0
2025-09-17,3857.5,3864.822998046875,3850.0,3857.75,3857.35986328125,4366,0.0,0.0,0.0
2025-09-18,3857.25,3875.55810546875,3853.75,3873.875,3873.483154296875,26314,0.0,0.0,0.0
2025-09-19,3878.75,3890.050048828125,3868.75,3886.25,3885.857177734375,16194,0.0,0.0,0.0
2025-09-22,3900.5,3900.5,3882.52490234375,3884.125,3883.732177734375,249623,0.0,0.0,0.0
2025-09-23,3878.0,3914.0,3878.0,3911.0,3910.6044921875,239738,0.0,0.0,0.0
2025-09-24,3913.5,3925.5,3909.5,3913.5,3913.1044921875,11462,0.0,0.0,0.0
2025-09-25,3913.75,3919.6630859375,3895.5,3913.25,3912.8544921875,9169,0.0,0.0,0.0
2025-09-26,3885.25,3885.25,3865.778076171875,3876.875,3876.483154296875,12060,0.0,0.0,0.0
2025-09-29,3906.75,3925.931884765625,3904.0,3920.125,3919.728759765625,22747,0.0,0.0,0.0
2025-09-30,3917.0,3929.5,3910.0,3916.125,3915.72900390625,19547,0.0,0.0,0.0
2025-10-01,3917.5,3941.5,3909.10791015625,3941.5,3941.1015625,15225,0.0,0.0,0.0
2025-10-02,3973.25,3990.22509765625,3970.0,3979.0,3978.597900390625,10144,0.0,0.0,0.0
2025-10-03,3989.0,3997.0,3982.0,3985.22509765625,3984.822265625,9485,0.0,0.0,0.0
2025-10-06,3987.0,4006.5,3981.0,3998.375,3997.970947265625,21121,0.0,0.0,0.0
2025-10-07,4011.25,4033.75,3991.0,3991.0,3990.5966796875,18966,0.0,0.0,0.0
2025-10-08,3978.0,4011.5,3978.0,4010.75,4010.344482421875,34774,0.0,0.0,0.0
2025-10-09,4029.0,4038.0,4011.5,4016.75,4016.343994140625,5683,0.0,0.0,0.0
2025-10-10,4011.5,4023.5,3901.25,3901.25,3900.85546875,39233,0.0,0.0,0.0
2025-10-13,3945.0,3980.0,3945.0,3978.25,3977.847900390625,165695,0.0,0.0,0.0
2025-10-14,3929.0,3949.25,3911.1201171875,3947.125,3946.72607421875,43555,0.0,0.0,0.0
2025-10-15,3995.25,4009.10302734375,3992.5,3991.25,3990.846435546875,49221,0.0,0.0,0.0
2025-10-16,4011.25,4024.0,3997.75,4015.75,4015.34423828125,610234,0.0,0.0,0.0
2025-10-17,3952.0,4001.469970703125,3926.9580078125,3984.25,3983.84716796875,170033,0.0,0.0,0.0
2025-10-20,4026.0,4056.0,4016.429931640625,4055.25,4054.840087890625,16270,0.0,0.0,0.0
2025-10-21,4057.5,4057.5,4025.278076171875,4033.0,4032.59228515625,12563,0.0,0.0,0.0
2025-10-22,4046.75,4056.75,4024.75,4024.75,4024.343017578125,30714,0.0,0.0,0.0
2025-10-23,4050.0,4068.5,4035.949951171875,4072.25,4071.83837890625,10565,0.0,0.0,0.0
2025-10-24,,,,,,0,0.0,0.0,0.0
2025-10-27,4141.25,4142.5,4130.0,4139.875,4139.45654296875,85414,0.0,0.0,0.0
2025-10-28,4104.75,4146.75,4099.0,4142.125,4141.7060546875,15203,0.0,0.0,0.0
2025-10-29,4191.75,4220.0,4190.3701171875,4211.5,4211.07470703125,54530,0.0,0.0,0.0
2025-10-30,4188.75,4190.5,4174.5,4182.75,4182.32666015625,101220,0.0,0.0,0.0
2025-10-31,4179.25,4185.25,4158.4130859375,4161.125,4160.7041015625,35981,0.0,0.0,0.0
2025-11-03,4191.5,4202.458984375,4180.27294921875,4187.25,4186.82666015625,29098,0.0,0.0,0.0
2025-11-04,4155.0,4179.37109375,4142.5,4178.625,4178.20263671875,24601,0.0,0.0,0.0
2025-11-05,4136.0,4177.5,4130.75,4173.5,4173.078125,52491,0.0,0.0,0.0
2025-11-06,4172.25,4182.5,4125.32080078125,4128.5,4128.08251953125,12501,0.0,0.0,0.0
2025-11-07,4117.5,4124.5,4051.173095703125,4056.375,4055.96484375,39383,0.0,0.0,0.0
2025-11-10,4167.0,4167.0,4143.587890625,4144.25,4143.8310546875,32708,0.0,0.0,0.0
2025-11-11,4167.0,4173.0,4159.875,4167.375,4166.95361328125,27334,0.0,0.0,0.0
2025-11-12,4202.5,4210.0,4175.67919921875,4179.75,4179.32763671875,17672,0.0,0.0,0.0
2025-11-13,4204.5,4208.25,4137.3779296875,4138.375,4137.95703125,20880,0.0,0.0,0.0
2025-11-14,4110.0,4156.5,4075.3720703125,4155.375,4154.955078125,61478,0.0,0.0,0.0
2025-11-17,4123.0,4128.75,4098.0,4110.25,4109.83447265625,21276,0.0,0.0,0.0
2025-11-18,4050.25,4064.25,4041.0,4066.125,4065.714111328125,48050,0.0,0.0,0.0
2025-11-19,4051.25,4090.75,4050.25,4073.0,4072.58837890625,39526,0.0,0.0,0.0
2025-11-20,4114.0,4120.5,4076.0,4076.0,4075.587890625,20475,0.0,0.0,0.0
2025-11-21,3984.5,4005.75,3970.993896484375,3992.75,3992.34619140625,79836,0.0,0.0,0.0
2025-11-24,4018.75,4048.0,4000.012939453125,4046.25,4045.8408203125,1290624,0.0,0.0,0.0
2025-11-25,4043.0,4048.5,4001.0,4017.25,4016.843994140625,38836,0.0,0.0,0.0
2025-11-26,4056.25,4067.14111328125,4044.72509765625,4057.875,4057.46484375,27087,0.0,0.0,0.0
2025-11-27,4054.25,4058.75,4046.1298828125,4045.0,4044.591064453125,4230,0.0,0.0,0.0
2025-11-28,4040.0,4067.75,4040.0,4064.0,4063.58935546875,77934,0.0,0.0,0.0
2025-12-01,4047.25,4069.25,4038.837890625,4067.0,4066.588623046875,24314,0.0,0.0,0.0
2025-12-02,4064.25,4079.5,4060.0,4063.125,4062.71435546875,172063,0.0,0.0,0.0
2025-12-03,4054.75,4055.5,4022.25,4028.75,4028.342529296875,163167,0.0,0.0,0.0
2025-12-04,4039.25,4040.14892578125,4023.340087890625,4032.25,4031.842529296875,11229,0.0,0.0,0.0
2025-12-05,4074.5,4092.0,4067.0,4074.25,4073.838134765625,21756,0.0,0.0,0.0
2025-12-08,4073.5,4082.5,4052.6650390625,4058.5,4058.089599609375,9693,0.0,0.0,0.0
2025-12-09,4049.0,4057.75,4036.75,4054.625,4054.21533203125,91239,0.0,0.0,0.0
2025-12-10,4059.5,4068.0,4051.0,4062.0,4061.58935546875,42742,0.0,0.0,0.0
2025-12-11,4017.75,4029.952880859375,4014.5,4029.75,4029.45068359375,23953,10.8894,0.0,0.0
2025-12-12,4056.5,4063.25,4005.75,4009.25,4008.9521484375,38333,0.0,0.0,0.0
2025-12-15,4007.0,4029.75,4003.25,4014.0,4013.701904296875,25702,0.0,0.0,0.0
2025-12-16,3962.75,3966.905029296875,3942.25,3945.5,3945.20703125,44703,0.0,0.0,0.0
2025-12-17,3993.5,4003.0,3942.56005859375,3946.375,3946.08203125,8533,0.0,0.0,0.0
2025-12-18,3962.0,3995.0,3957.6279296875,3994.75,3994.453369140625,18287,0.0,0.0,0.0
2025-12-19,3997.0,4031.5,3991.51904296875,4030.125,4029.82568359375,14027,0.0,0.0,0.0
2025-12-22,4027.5,4030.5,4013.449951171875,4021.75,4021.451416015625,24783,0.0,0.0,0.0
2025-12-23,4010.0,4027.0,4005.375,4022.875,4022.576416015625,37116,0.0,0.0,0.0
2025-12-24,4032.25,4039.75,4027.81298828125,4037.125,4036.8251953125,31691,0.0,0.0,0.0
2025-12-29,4065.5,4068.325927734375,4043.011962890625,4048.625,4048.324462890625,10208,0.0,0.0,0.0
2025-12-30,4049.25,4086.75,4049.25,4088.75,4088.4462890625,8237,0.0,0.0,0.0
2025-12-31,4085.25,4089.5,4080.486083984375,4086.25,4085.946533203125,8217,0.0,0.0,0.0
2026-01-02,4150.5,4175.81982421875,4150.22509765625,4158.25,4157.94140625,15963,0.0,0.0,0.0
2026-01-05,4219.75,4225.75,4195.98779296875,4209.5,4209.1875,111270,0.0,0.0,0.0
2026-01-06,4222.25,4259.25,4213.625,4252.0,4251.68408203125,77351,0.0,0.0,0.0
2026-01-07,4241.5,4243.0,4221.25,4238.5,4238.18505859375,57115,0.0,0.0,0.0
2026-01-08,4227.5,4238.203125,4225.25,4225.25,4224.93603515625,18531,0.0,0.0,0.0
2026-01-09,4228.75,4261.0,4223.212890625,4259.75,4259.43359375,35419,0.0,0.0,0.0
2026-01-12,4267.5,4295.5,4251.5,4289.5,4289.181640625,26692,0.0,0.0,0.0
2026-01-13,4275.75,4300.06982421875,4271.81298828125,4298.75,4298.43115234375,37301,0.0,0.0,0.0
2026-01-14,4304.25,4307.5,4277.837890625,4295.25,4294.93115234375,36372,0.0,0.0,0.0
2026-01-15,4317.5,4362.9951171875,4312.25,4358.75,4358.42626953125,33182,0.0,0.0,0.0
2026-01-16,4336.5,4342.0,4309.75,4317.25,4316.92919921875,53115,0.0,0.0,0.0
2026-01-19,4329.5,4336.0,4317.5,4326.75,4326.4287109375,23149,0.0,0.0,0.0
2026-01-20,4287.75,4292.64013671875,4249.7880859375,4289.125,4288.806640625,28865,0.0,0.0,0.0
2026-01-21,4297.75,4351.75,4297.75,4344.0,4343.67724609375,32520,0.0,0.0,0.0
2026-01-22,4341.0,4377.0,4331.0,4370.625,4370.30029296875,876123,0.0,0.0,0.0
2026-01-23,4354.0,4354.25,4321.10595703125,4332.625,4332.3037109375,218526,0.0,0.0,0.0
2026-01-26,4325.75,4338.02490234375,4306.587890625,4327.75,4327.4287109375,299307,0.0,0.0,0.0
2026-01-27,4369.75,4376.5,4357.02490234375,4373.375,4373.05029296875,113603,0.0,0.0,0.0
2026-01-28,4422.75,4427.0,4389.75,4395.0,4394.673828125,198033,0.0,0.0,0.0
2026-01-29,4411.75,4416.75,4335.0,4353.75,4353.4267578125,204285,0.0,0.0,0.0
2026-01-30,4341.25,4373.0,4335.0,4342.75,4342.427734375,62773,0.0,0.0,0.0
2026-02-02,4251.75,4340.25,4243.53515625,4332.0,4331.6787109375,190582,0.0,0.0,0.0
2026-02-03,4382.0,4396.68896484375,4363.71484375,4367.75,4367.42529296875,70497,0.0,0.0,0.0
2026-02-04,4382.25,4392.75,4332.5,4332.5,4332.1787109375,81638,0.0,0.0,0.0
2026-02-05,4340.0,4357.14990234375,4316.2900390625,4351.25,4350.9267578125,66553,0.0,0.0,0.0
2026-02-06,4331.75,4401.25,4324.5,4399.0,4398.67333984375,177941,0.0,0.0,0.0
2026-02-09,4428.25,4441.0,4394.1669921875,4434.75,4434.42041015625,91984,0.0,0.0,0.0
2026-02-10,4383.0,4454.712890625,4383.0,4447.5,4447.169921875,26414,0.0,0.0,0.0
2026-02-11,4475.5,4501.25,4453.462890625,4485.5,4485.16650390625,35062,0.0,0.0,0.0
2026-02-12,4532.5,4544.5,4470.1640625,4476.5,4476.16748046875,62133,0.0,0.0,0.0
2026-02-13,4479.75,4490.5,4427.0732421875,4469.25,4468.91796875,58733,0.0,0.0,0.0
2026-02-16,4514.0,4514.0,4477.3251953125,4489.0,4488.66650390625,43337,0.0,0.0,0.0
2026-02-17,4500.75,4505.0498046875,4465.3251953125,4501.5,4501.166015625,84098,0.0,0.0,0.0
2026-02-18,4509.75,4553.75,4507.5,4553.75,4553.41162109375,27791,0.0,0.0,0.0
2026-02-19,4553.75,4554.5,4519.75,4536.25,4535.9130859375,24653,0.0,0.0,0.0
2026-02-20,4550.0,4604.4912109375,4530.9248046875,4595.375,4595.03369140625,29633,0.0,0.0,0.0
2026-02-23,4590.25,4611.0,4570.0,4586.375,4586.0341796875,20980,0.0,0.0,0.0
2026-02-24,4616.75,4653.7001953125,4607.25,4643.75,4643.4052734375,40848,0.0,0.0,0.0
2026-02-25,4662.5,4700.0,4661.5,4680.5,4680.15234375,25247,0.0,0.0,0.0
2026-02-26,4692.5,4716.962890625,4617.75,4648.5,4648.15478515625,119611,0.0,0.0,0.0
2026-02-27,4663.5,4669.5,4629.0,4662.0,4661.65380859375,26882,0.0,0.0,0.0
2026-03-02,4600.0,4597.7080078125,4545.5,4577.75,4577.41015625,73548,0.0,0.0,0.0
2026-03-03,4490.5,4490.5,4293.087890625,4349.25,4348.92724609375,136236,0.0,0.0,0.0
2026-03-04,4323.5,4423.25,4304.087890625,4414.25,4413.92236328125,89779,0.0,0.0,0.0
2026-03-05,4414.75,4430.25,4312.25,4329.25,4328.9287109375,49571,0.0,0.0,0.0
2026-03-06,,,,,,0,0.0,0.0,0.0
2026-03-09,4251.75,4303.587890625,4225.0,4299.0,4298.6806640625,54012,0.0,0.0,0.0
2026-03-10,4375.75,4428.72314453125,4356.60400390625,4420.0,4419.67138671875,88974,0.0,0.0,0.0
2026-03-11,4400.5,4404.5,4365.7041015625,4384.5,4384.17431640625,67264,0.0,0.0,0.0
2026-03-12,4385.75,4386.25,4268.0,4295.75,4295.43115234375,194527,0.0,0.0,0.0
2026-03-13,4278.75,4359.5498046875,4278.75,4305.75,4305.43017578125,28236,0.0,0.0,0.0
2026-03-16,4334.5,4392.0,4328.98388671875,4361.5,4361.17626953125,87306,0.0,0.0,0.0
2026-03-17,4385.25,4419.533203125,4371.0,4404.125,4403.7978515625,81712,0.0,0.0,0.0
2026-03-18,4462.25,4462.25,4360.5,4360.5,4360.17626953125,19490,0.0,0.0,0.0
2026-03-19,4317.25,4317.25,4220.0,4254.5,4254.30712890625,140363,12.6137,0.0,0.0
2026-03-20,4271.25,4278.25,4193.5,4193.5,4193.3095703125,64005,0.0,0.0,0.0
2026-03-23,4109.5,4316.47412109375,4083.89697265625,4219.5,4219.30859375,83053,0.0,0.0,0.0
2026-03-24,4218.5,4224.0,4173.5,4209.5,4209.30908203125,176470,0.0,0.0,0.0
2026-03-25,4272.75,4291.32177734375,4245.5,4282.25,4282.0556640625,110921,0.0,0.0,0.0
2026-03-26,4219.5,4227.25,4173.25,4173.25,4173.060546875,57637,0.0,0.0,0.0
2026-03-27,4182.75,4190.0,4125.25,4144.0,4143.81201171875,122728,0.0,0.0,0.0
2026-03-30,4145.0,4175.23388671875,4143.5,4165.5,4165.31103515625,84273,0.0,0.0,0.0
2026-03-31,4115.5,4174.96484375,4104.25,4169.25,4169.06103515625,46296,0.0,0.0,0.0
2026-04-01,4291.75,4316.0,4260.0,4303.75,4303.5546875,152522,0.0,0.0,0.0
2026-04-02,4199.5,4287.25,4181.0,4244.25,4244.0576171875,160594,0.0,0.0,0.0
2026-04-07,4279.25,4426.76513671875,4231.25,4247.25,4247.05712890625,35334,0.0,0.0,0.0
2026-04-08,4461.25,4506.75,4452.25,4460.0,4459.7978515625,75911,0.0,0.0,0.0
2026-04-09,4456.5,4456.5,4416.173828125,4449.75,4449.54833984375,21261,0.0,0.0,0.0
2026-04-10,4478.25,4503.7177734375,4473.75,4483.5,4483.296875,24908,0.0,0.0,0.0
2026-04-13,4452.25,4473.35986328125,4438.66015625,4465.25,4465.04736328125,93576,0.0,0.0,0.0
2026-04-14,4520.25,4552.75,4516.68994140625,4552.75,4552.54345703125,299354,0.0,0.0,0.0
2026-04-15,4554.25,4575.25,4546.8251953125,4572.875,4572.66748046875,164649,0.0,0.0,0.0
2026-04-16,4617.5,4622.75,4578.73388671875,4605.5,4605.291015625,272448,0.0,0.0,0.0
2026-04-17,4597.5,4713.75,4592.0,4695.625,4695.412109375,144940,0.0,0.0,0.0
2026-04-20,4641.5,4665.205078125,4629.80712890625,4651.75,4651.5390625,149591,0.0,0.0,0.0
2026-04-21,4687.25,4699.0,4631.75,4637.5,4637.28955078125,78442,0.0,0.0,0.0
2026-04-22,4661.25,4678.0,4640.25,4677.25,4677.0380859375,97528,0.0,0.0,0.0
2026-04-23,4632.0,4660.0,4614.0,4657.5,4657.28857421875,44203,0.0,0.0,0.0
2026-04-24,4667.75,4708.39990234375,4651.5,4695.0,4694.787109375,23876,0.0,0.0,0.0
2026-04-27,4706.5,4715.0,4686.25,4686.25,4686.03759765625,17546,0.0,0.0,0.0
2026-04-28,4676.0,4685.1162109375,4627.462890625,4630.5,4630.2900390625,84044,0.0,0.0,0.0
2026-04-29,4685.5,4693.673828125,4647.0,4647.0,4646.7890625,49268,0.0,0.0,0.0
2026-04-30,4631.75,4672.25,4625.3271484375,4652.25,4652.0390625,26424,0.0,0.0,0.0
2026-05-01,4668.25,4719.8701171875,4651.60009765625,4697.75,4697.537109375,10537,0.0,0.0,0.0
2026-05-05,4732.25,4808.5,4729.25,4806.25,4806.0322265625,17892,0.0,0.0,0.0
2026-05-06,4859.5,4943.158203125,4853.25,4928.0,4927.7763671875,179347,0.0,0.0,0.0
2026-05-07,4958.75,4975.75,4914.25,4922.5,4922.27685546875,78409,0.0,0.0,0.0
2026-05-08,4922.75,4962.5,4900.25,4955.75,4955.525390625,521467,0.0,0.0,0.0
2026-05-11,4954.0,4982.5498046875,4942.25,4979.25,4979.02392578125,24221,0.0,0.0,0.0
2026-05-12,4903.0,4911.25,4820.25,4822.0,4821.78125,108151,0.0,0.0,0.0
2026-05-13,4924.5,4963.5,4904.25,4955.75,4955.525390625,132411,0.0,0.0,0.0
2026-05-14,4956.25,5000.0,4947.15087890625,4999.25,4999.0234375,26492,0.0,0.0,0.0
2026-05-15,4912.0,4922.75,4848.5,4892.25,4892.0283203125,48075,0.0,0.0,0.0
2026-05-18,4864.5,4912.0,4836.55908203125,4838.25,4838.03076171875,54424,0.0,0.0,0.0
2026-05-19,4831.25,4831.25,4736.25,4765.0,4764.78369140625,691122,0.0,0.0,0.0
2026-05-20,4784.25,4855.22998046875,4778.5,4852.25,4852.02978515625,123529,0.0,0.0,0.0
2026-05-21,4866.0,4885.130859375,4844.39990234375,4853.5,4853.27978515625,21132,0.0,0.0,0.0
2026-05-22,4900.25,4917.0,4878.05517578125,4900.75,4900.52783203125,146538,0.0,0.0,0.0
2026-05-26,4993.75,5058.7080078125,4988.0,5046.75,5046.52099609375,38822,0.0,0.0,0.0
2026-05-27,5064.75,5125.25,5053.5,5062.25,5062.0205078125,29575,0.0,0.0,0.0
2026-05-28,5022.5,5093.93701171875,5004.5498046875,5082.75,5082.51953125,45179,0.0,0.0,0.0
2026-05-29,5118.5,5137.7060546875,5094.9248046875,5101.5,5101.2685546875,43566,0.0,0.0,0.0
2026-06-01,5200.0,5204.0,5144.5,5191.25,5191.0146484375,38442,0.0,0.0,0.0
2026-06-02,5203.5,5252.75,5194.0,5252.25,5252.01171875,33165,0.0,0.0,0.0
2026-06-03,5230.75,5242.75,5183.75,5194.5,5194.26416015625,59296,0.0,0.0,0.0
2026-06-04,5138.0,5147.25,5068.25,5124.75,5124.517578125,469322,0.0,0.0,0.0
2026-06-05,5015.5,5035.0498046875,4929.25,4934.5,4934.2763671875,244250,0.0,0.0,0.0
2026-06-08,4867.75,4969.0,4855.0,4938.0,4937.77587890625,45025,0.0,0.0,0.0
2026-06-09,5021.75,5037.0,4886.5,4886.5,4886.2783203125,51534,0.0,0.0,0.0
2026-06-10,4905.25,4931.75,4818.75,4869.75,4869.529296875,75384,0.0,0.0,0.0
2026-06-11,4872.5,4942.75,4872.5,4922.0,4921.77685546875,111050,0.0,0.0,0.0
2026-06-12,4996.0,5077.7490234375,4975.5,5069.25,5069.02001953125,74448,0.0,0.0,0.0
2026-06-15,5163.25,5218.75,5153.75,5213.25,5213.013671875,106129,0.0,0.0,0.0
2026-06-16,5223.5,5224.75,5158.0,5170.0,5169.765625,129754,0.0,0.0,0.0
2026-06-17,5224.75,5240.5,5190.337890625,5241.0,5240.76220703125,93196,0.0,0.0,0.0
2026-06-18,5263.75,5345.5,5257.0,5330.25,5330.25,24790,23.7633,0.0,0.0
2026-06-19,5315.5,5317.75,5284.75,5289.25,5289.25,37525,0.0,0.0,0.0
2026-06-22,5350.25,5396.75,5348.0,5366.75,5366.75,27085,0.0,0.0,0.0
2026-06-23,5113.0,5155.25,5077.5478515625,5120.25,5120.25,104578,0.0,0.0,0.0
2026-06-24,5128.75,5142.5,5099.0,5115.5,5115.5,337609,0.0,0.0,0.0
2026-06-25,5208.25,5227.83984375,5109.5,5138.25,5138.25,87250,0.0,0.0,0.0
2026-06-26,5055.0,5087.18994140625,4998.25,5079.5,5079.5,277443,0.0,0.0,0.0
2026-06-29,5064.75,5087.7998046875,4981.8232421875,5023.0,5023.0,187995,0.0,0.0,0.0
2026-06-30,5098.25,5147.98486328125,5079.7412109375,5127.0,5127.0,129953,0.0,0.0,0.0
2026-07-01,5073.5,5083.25,5025.7998046875,5044.75,5044.75,28123,0.0,0.0,0.0
2026-07-02,4942.25,5014.25,4905.134765625,4929.5,4929.5,154170,0.0,0.0,0.0
2026-07-03,5031.75,5058.25,5020.75,5049.5,5049.5,312579,0.0,0.0,0.0
2026-07-06,5039.75,5060.25,5022.5,5060.25,5060.25,175179,0.0,0.0,0.0
2026-07-07,4938.0,4944.5,4862.5,4869.875,4869.875,116961,0.0,0.0,0.0
2026-07-08,4904.0,4914.25,4799.75,4853.75,4853.75,67489,0.0,0.0,0.0
2026-07-09,4891.0,4973.75,4886.0,4967.75,4967.75,71208,0.0,0.0,0.0
2026-07-10,4955.75,4983.75,4930.75,4979.75,4979.75,21974,0.0,0.0,0.0
2026-07-13,4835.25,4872.25,4827.5,4852.25,4852.25,21671,0.0,0.0,0.0
2026-07-14,4814.75,4900.5,4813.0,4889.875,4889.875,241238,0.0,0.0,0.0
2026-07-15,4912.25,4925.0,4815.0380859375,4830.75,4830.75,421050,0.0,0.0,0.0
2026-07-16,4794.75,4804.25,4731.25,4769.5,4769.5,48923,0.0,0.0,0.0
2026-07-17,4622.0,4693.75,4594.31298828125,4678.75,4678.75,54877,0.0,0.0,0.0
2026-07-20,4680.25,4750.0,4677.25,4746.0,4746.0,23488,0.0,0.0,0.0
2026-07-21,4819.25,4866.25,4808.23388671875,4866.25,4866.25,59864,0.0,0.0,0.0
2026-07-22,4807.0,4857.25,4796.75,4857.375,4857.375,22306,0.0,0.0,0.0
2026-07-23,4894.0,4895.5,4801.36279296875,4804.875,4804.875,15174,0.0,0.0,0.0
2026-07-24,4778.0,4818.2841796875,4743.84912109375,4777.875,4777.875,19011,0.0,0.0,0.0
2026-07-27,4814.75,4834.0,4713.73388671875,4722.25,4722.25,17778,0.0,0.0,0.0
2026-07-28,4669.25,4690.25,4627.25,4690.25,4690.25,46843,0.0,0.0,0.0
2026-07-29,4630.25,4660.25,4587.5,4598.0,4598.0,54129,0.0,0.0,0.0
2026-07-30,4560.0,4694.0,4545.75,4682.75,4682.75,46656,0.0,0.0,0.0
2026-07-31,4832.75,4851.75,4721.75,4739.25,4739.25,116382,0.0,0.0,0.0
2026-08-03,4790.0,4795.75,4704.9990234375,4750.5,4750.5,122866,0.0,0.0,0.0
2026-08-04,4796.75,4879.5,4787.712890625,4879.5,4879.5,73186,0.0,0.0,0.0
2026-08-05,4902.5,4914.25,4860.98779296875,4891.5,4891.5,43893,0.0,0.0,0.0
2026-08-06,4815.25,4871.0,4785.75,4852.5,4852.5,120620,0.0,0.0,0.0
2026-08-07,4824.25,4892.5,4819.5,4849.5,4849.5,85681,0.0,0.0,0.0
2026-08-10,4848.75,4855.0498046875,4812.25,4812.25,4812.25,34557,0.0,0.0,0.0
2026-08-11,4820.0,4870.68408203125,4816.85009765625,4845.5,4845.5,36770,0.0,0.0,0.0
2026-08-12,4878.0,4924.0,4875.36279296875,4917.0,4917.0,29583,0.0,0.0,0.0
2026-08-13,4912.5,4951.962890625,4901.5,4947.875,4947.875,12178,0.0,0.0,0.0
2026-08-14,4928.25,4950.0,4906.75,4906.75,4906.75,48311,0.0,0.0,0.0
2026-08-17,4972.5,5008.0,4956.7001953125,4994.0,4994.0,28015,0.0,0.0,0.0
2026-08-18,4908.75,4913.0,4821.0,4826.0,4826.0,37219,0.0,0.0,0.0
2026-08-19,4833.75,4886.25,4828.25,4853.25,4853.25,78218,0.0,0.0,0.0
2026-08-20,4902.25,4902.25,4819.0,4871.125,4871.125,42696,0.0,0.0,0.0
2026-08-21,4931.5,4947.8779296875,4904.2880859375,4920.5,4920.5,60135,0.0,0.0,0.0
2026-08-24,4855.25,4883.25,4816.75,4840.75,4840.75,63171,0.0,0.0,0.0
2026-08-25,4882.5,4910.0,4870.25,4908.75,4908.75,113955,0.0,0.0,0.0
2026-08-26,4944.0,4954.25,4930.48779296875,4944.375,4944.375,29631,0.0,0.0,0.0
2026-08-27,4972.25,4987.25,4944.458984375,4961.25,4961.25,47378,0.0,0.0,0.0
2026-08-28,4975.5,4996.0,4968.25,4976.5,4976.5,29087,0.0,0.0,0.0
