Date,Open,High,Low,Close,Adj Close,Volume,Dividends,Stock Splits,Capital Gains
2008-01-02,10.034700393676758,10.034700393676758,10.034700393676758,10.034700393676758,7.453669548034668,0,0.0,0.0,0.0
2008-01-03,10.026700019836426,10.026700019836426,10.026700019836426,10.026700019836426,7.447728633880615,0,0.0,0.0,0.0
2008-01-04,10.058699607849121,10.058699607849121,10.058699607849121,10.058699607849121,7.471497058868408,0,0.0,0.0,0.0
2008-01-07,10.051600456237793,10.051600456237793,10.051600456237793,10.051600456237793,7.46622371673584,0,0.0,0.0,0.0
2008-01-08,10.011500358581543,10.011500358581543,10.011500358581543,10.011500358581543,7.436436176300049,0,0.0,0.0,0.0
2008-01-09,10.05049991607666,10.05049991607666,10.05049991607666,10.05049991607666,7.465407848358154,0,0.0,0.0,0.0
2008-01-10,10.051400184631348,10.051400184631348,10.051400184631348,10.051400184631348,7.466073513031006,0,0.0,0.0,0.0
2008-01-11,10.01930046081543,10.01930046081543,10.01930046081543,10.01930046081543,7.442230701446533,0,0.0,0.0,0.0
2008-01-14,10.024700164794922,10.024700164794922,10.024700164794922,10.024700164794922,7.446242809295654,0,0.0,0.0,0.0
2008-01-15,10.046299934387207,10.046299934387207,10.046299934387207,10.046299934387207,7.462286472320557,0,0.0,0.0,0.0
2008-01-16,10.073200225830078,10.073200225830078,10.073200225830078,10.073200225830078,7.482265472412109,0,0.0,0.0,0.0
2008-01-17,10.054800033569336,10.054800033569336,10.054800033569336,10.054800033569336,7.468600749969482,0,0.0,0.0,0.0
2008-01-18,10.040300369262695,10.040300369262695,10.040300369262695,10.040300369262695,7.457830905914307,0,0.0,0.0,0.0
2008-01-21,10.094400405883789,10.094400405883789,10.094400405883789,10.094400405883789,7.498015403747559,0,0.0,0.0,0.0
2008-01-22,9.99077033996582,9.99077033996582,9.99077033996582,9.99077033996582,7.42103910446167,0,0.0,0.0,0.0
2008-01-23,10.04539966583252,10.04539966583252,10.04539966583252,10.04539966583252,7.461617469787598,0,0.0,0.0,0.0
2008-01-24,9.965950012207031,9.965950012207031,9.965950012207031,9.965950012207031,7.402603626251221,0,0.0,0.0,0.0
2008-01-25,9.980950355529785,9.980950355529785,9.980950355529785,9.980950355529785,7.413745403289795,0,0.0,0.0,0.0
2008-01-28,10.018799781799316,10.018799781799316,10.018799781799316,10.018799781799316,7.441859722137451,0,0.0,0.0,0.0
2008-01-29,9.949000358581543,9.949000358581543,9.949000358581543,9.949000358581543,7.390010833740234,0,0.0,0.0,0.0
2008-01-30,9.970609664916992,9.970609664916992,9.970609664916992,9.970609664916992,7.40606689453125,0,0.0,0.0,0.0
2008-01-31,10.038200378417969,10.038200378417969,10.038200378417969,10.038200378417969,7.456270694732666,0,0.0,0.0,0.0
2008-02-01,10.043100357055664,10.043100357055664,10.043100357055664,10.043100357055664,7.459908962249756,0,0.0,0.0,0.0
2008-02-04,10.017200469970703,10.017200469970703,10.017200469970703,10.017200469970703,7.440671443939209,0,0.0,0.0,0.0
2008-02-05,10.082500457763672,10.082500457763672,10.082500457763672,10.082500457763672,7.489173412322998,0,0.0,0.0,0.0
2008-02-06,10.038700103759766,10.038700103759766,10.038700103759766,10.038700103759766,7.456639766693115,0,0.0,0.0,0.0
2008-02-07,10.065299987792969,10.065299987792969,10.065299987792969,10.065299987792969,7.476398944854736,0,0.0,0.0,0.0
2008-02-08,10.060500144958496,10.060500144958496,10.060500144958496,10.060500144958496,7.472835540771484,0,0.0,0.0,0.0
2008-02-11,10.018600463867188,10.018600463867188,10.018600463867188,10.018600463867188,7.441712856292725,0,0.0,0.0,0.0
2008-02-12,9.918549537658691,9.918549537658691,9.918549537658691,9.918549537658691,7.367393493652344,0,0.0,0.0,0.0
2008-02-13,9.927160263061523,9.927160263061523,9.927160263061523,9.927160263061523,7.373788356781006,0,0.0,0.0,0.0
2008-02-14,9.909049987792969,9.909049987792969,9.909049987792969,9.909049987792969,7.360337257385254,0,0.0,0.0,0.0
2008-02-15,9.933329582214355,9.933329582214355,9.933329582214355,9.933329582214355,7.378372669219971,0,0.0,0.0,0.0
2008-02-18,9.896180152893066,9.896180152893066,9.896180152893066,9.896180152893066,7.350779056549072,0,0.0,0.0,0.0
2008-02-19,9.908470153808594,9.908470153808594,9.908470153808594,9.908470153808594,7.359907150268555,0,0.0,0.0,0.0
2008-02-20,9.89188003540039,9.89188003540039,9.89188003540039,9.89188003540039,7.347586154937744,0,0.0,0.0,0.0
2008-02-21,9.903010368347168,9.903010368347168,9.903010368347168,9.903010368347168,7.355853080749512,0,0.0,0.0,0.0
2008-02-22,9.905309677124023,9.905309677124023,9.905309677124023,9.905309677124023,7.357561111450195,0,0.0,0.0,0.0
2008-02-25,9.874919891357422,9.874919891357422,9.874919891357422,9.874919891357422,7.334988594055176,0,0.0,0.0,0.0
2008-02-26,9.880780220031738,9.880780220031738,9.880780220031738,9.880780220031738,7.3393402099609375,0,0.0,0.0,0.0
2008-02-27,9.888640403747559,9.888640403747559,9.888640403747559,9.888640403747559,7.345179557800293,0,0.0,0.0,0.0
2008-02-28,9.962459564208984,9.962459564208984,9.962459564208984,9.962459564208984,7.400009632110596,0,0.0,0.0,0.0
2008-02-29,10.061300277709961,10.061300277709961,10.061300277709961,10.061300277709961,7.473426818847656,0,0.0,0.0,0.0
2008-03-03,10.080100059509277,10.080100059509277,10.080100059509277,10.080100059509277,7.487393379211426,0,0.0,0.0,0.0
2008-03-04,10.107099533081055,10.107099533081055,10.107099533081055,10.107099533081055,7.5074462890625,0,0.0,0.0,0.0
2008-03-05,10.0516996383667,10.0516996383667,10.0516996383667,10.0516996383667,7.466296672821045,0,0.0,0.0,0.0
2008-03-06,10.116600036621094,10.116600036621094,10.116600036621094,10.116600036621094,7.514503002166748,0,0.0,0.0,0.0
2008-03-07,10.15839958190918,10.15839958190918,10.15839958190918,10.15839958190918,7.545551776885986,0,0.0,0.0,0.0
2008-03-10,10.186800003051758,10.186800003051758,10.186800003051758,10.186800003051758,7.566648960113525,0,0.0,0.0,0.0
2008-03-11,10.147100448608398,10.147100448608398,10.147100448608398,10.147100448608398,7.537158012390137,0,0.0,0.0,0.0
2008-03-12,10.085399627685547,10.085399627685547,10.085399627685547,10.085399627685547,7.491329193115234,0,0.0,0.0,0.0
2008-03-13,10.121199607849121,10.121199607849121,10.121199607849121,10.121199607849121,7.51792049407959,0,0.0,0.0,0.0
2008-03-14,10.142499923706055,10.142499923706055,10.142499923706055,10.142499923706055,7.533744812011719,0,0.0,0.0,0.0
2008-03-17,10.159600257873535,10.159600257873535,10.159600257873535,10.159600257873535,7.546444892883301,0,0.0,0.0,0.0
2008-03-18,10.135600090026855,10.135600090026855,10.135600090026855,10.135600090026855,7.528619766235352,0,0.0,0.0,0.0
2008-03-19,10.16469955444336,10.16469955444336,10.16469955444336,10.16469955444336,7.55023193359375,0,0.0,0.0,0.0
2008-03-20,10.187000274658203,10.187000274658203,10.187000274658203,10.187000274658203,7.566795825958252,0,0.0,0.0,0.0
2008-03-25,10.090299606323242,10.090299606323242,10.090299606323242,10.090299606323242,7.494970321655273,0,0.0,0.0,0.0
2008-03-26,10.100299835205078,10.100299835205078,10.100299835205078,10.100299835205078,7.502397537231445,0,0.0,0.0,0.0
2008-03-27,10.04990005493164,10.04990005493164,10.04990005493164,10.04990005493164,7.464959144592285,0,0.0,0.0,0.0
2008-03-28,10.104000091552734,10.104000091552734,10.104000091552734,10.104000091552734,7.505144119262695,0,0.0,0.0,0.0
2008-03-31,10.13659954071045,10.13659954071045,10.13659954071045,10.13659954071045,7.529360771179199,0,0.0,0.0,0.0
2008-04-01,10.074999809265137,10.074999809265137,10.074999809265137,10.074999809265137,7.483603477478027,0,0.0,0.0,0.0
2008-04-02,10.096099853515625,10.096099853515625,10.096099853515625,10.096099853515625,7.499276638031006,0,0.0,0.0,0.0
2008-04-03,10.076299667358398,10.076299667358398,10.076299667358398,10.076299667358398,7.484570026397705,0,0.0,0.0,0.0
2008-04-04,10.076399803161621,10.076399803161621,10.076399803161621,10.076399803161621,7.484644889831543,0,0.0,0.0,0.0
2008-04-07,10.030400276184082,10.030400276184082,10.030400276184082,10.030400276184082,7.450474262237549,0,0.0,0.0,0.0
2008-04-08,10.037599563598633,10.037599563598633,10.037599563598633,10.037599563598633,7.455824375152588,0,0.0,0.0,0.0
2008-04-09,10.031999588012695,10.031999588012695,10.031999588012695,10.031999588012695,7.451662540435791,0,0.0,0.0,0.0
2008-04-10,10.059000015258789,10.059000015258789,10.059000015258789,10.059000015258789,7.4717206954956055,0,0.0,0.0,0.0
2008-04-11,10.119999885559082,10.119999885559082,10.119999885559082,10.119999885559082,7.517029762268066,0,0.0,0.0,0.0
2008-04-14,10.09529972076416,10.09529972076416,10.09529972076416,10.09529972076416,7.498682975769043,0,0.0,0.0,0.0
2008-04-15,10.094200134277344,10.094200134277344,10.094200134277344,10.094200134277344,7.497867584228516,0,0.0,0.0,0.0
2008-04-16,10.014399528503418,10.014399528503418,10.014399528503418,10.014399528503418,7.438592910766602,0,0.0,0.0,0.0
2008-04-17,9.940290451049805,9.940290451049805,9.940290451049805,9.940290451049805,7.383543491363525,0,0.0,0.0,0.0
2008-04-18,9.897890090942383,9.897890090942383,9.897890090942383,9.897890090942383,7.352048873901367,0,0.0,0.0,0.0
2008-04-21,9.941920280456543,9.941920280456543,9.941920280456543,9.941920280456543,7.384751796722412,0,0.0,0.0,0.0
2008-04-22,9.938300132751465,9.938300132751465,9.938300132751465,9.938300132751465,7.382063388824463,0,0.0,0.0,0.0
2008-04-23,9.964489936828613,9.964489936828613,9.964489936828613,9.964489936828613,7.401517391204834,0,0.0,0.0,0.0
2008-04-24,9.892680168151855,9.892680168151855,9.892680168151855,9.892680168151855,7.348179340362549,0,0.0,0.0,0.0
2008-04-25,9.905529975891113,9.905529975891113,9.905529975891113,9.905529975891113,7.357723712921143,0,0.0,0.0,0.0
2008-04-28,9.932869911193848,9.932869911193848,9.932869911193848,9.932869911193848,7.378030300140381,0,0.0,0.0,0.0
2008-04-29,9.971030235290527,9.971030235290527,9.971030235290527,9.971030235290527,7.406374931335449,0,0.0,0.0,0.0
2008-04-30,9.771309852600098,9.771309852600098,9.771309852600098,9.771309852600098,7.258027076721191,0,0.0,0.0,0.0
2008-05-01,9.803400039672852,9.803400039672852,9.803400039672852,9.803400039672852,7.281864643096924,0,0.0,0.0,0.0
2008-05-02,9.721309661865234,9.721309661865234,9.721309661865234,9.721309661865234,7.220887184143066,0,0.0,0.0,0.0
2008-05-06,9.773260116577148,9.773260116577148,9.773260116577148,9.773260116577148,7.259474277496338,0,0.0,0.0,0.0
2008-05-07,9.740400314331055,9.740400314331055,9.740400314331055,9.740400314331055,7.235065937042236,0,0.0,0.0,0.0
2008-05-08,9.80879020690918,9.80879020690918,9.80879020690918,9.80879020690918,7.285869121551514,0,0.0,0.0,0.0
2008-05-09,9.83098030090332,9.83098030090332,9.83098030090332,9.83098030090332,7.302347660064697,0,0.0,0.0,0.0
2008-05-12,9.823869705200195,9.823869705200195,9.823869705200195,9.823869705200195,7.297067642211914,0,0.0,0.0,0.0
2008-05-13,9.764559745788574,9.764559745788574,9.764559745788574,9.764559745788574,7.253011226654053,0,0.0,0.0,0.0
2008-05-14,9.697369575500488,9.697369575500488,9.697369575500488,9.697369575500488,7.203103542327881,0,0.0,0.0,0.0
2008-05-15,9.684619903564453,9.684619903564453,9.684619903564453,9.684619903564453,7.193636417388916,0,0.0,0.0,0.0
2008-05-16,9.74878978729248,9.74878978729248,9.74878978729248,9.74878978729248,7.241298675537109,0,0.0,0.0,0.0
2008-05-19,9.6941499710083,9.6941499710083,9.6941499710083,9.6941499710083,7.200711727142334,0,0.0,0.0,0.0
2008-05-20,9.721050262451172,9.721050262451172,9.721050262451172,9.721050262451172,7.220692157745361,0,0.0,0.0,0.0
2008-05-21,9.667699813842773,9.667699813842773,9.667699813842773,9.667699813842773,7.181066513061523,0,0.0,0.0,0.0
2008-05-22,9.630220413208008,9.630220413208008,9.630220413208008,9.630220413208008,7.153226375579834,0,0.0,0.0,0.0
2008-05-23,9.656999588012695,9.656999588012695,9.656999588012695,9.656999588012695,7.173119068145752,0,0.0,0.0,0.0
2008-05-27,9.646220207214355,9.646220207214355,9.646220207214355,9.646220207214355,7.165111064910889,0,0.0,0.0,0.0
2008-05-28,9.621569633483887,9.621569633483887,9.621569633483887,9.621569633483887,7.146800994873047,0,0.0,0.0,0.0
2008-05-29,9.594409942626953,9.594409942626953,9.594409942626953,9.594409942626953,7.126627445220947,0,0.0,0.0,0.0
2008-05-30,9.626509666442871,9.626509666442871,9.626509666442871,9.626509666442871,7.150471210479736,0,0.0,0.0,0.0
2008-06-02,9.625309944152832,9.625309944152832,9.625309944152832,9.625309944152832,7.149580001831055,0,0.0,0.0,0.0
2008-06-03,9.575469970703125,9.575469970703125,9.575469970703125,9.575469970703125,7.112558364868164,0,0.0,0.0,0.0
2008-06-04,9.647150039672852,9.647150039672852,9.647150039672852,9.647150039672852,7.165801048278809,0,0.0,0.0,0.0
2008-06-05,9.574529647827148,9.574529647827148,9.574529647827148,9.574529647827148,7.11185884475708,0,0.0,0.0,0.0
2008-06-06,9.60927963256836,9.60927963256836,9.60927963256836,9.60927963256836,7.13767147064209,0,0.0,0.0,0.0
2008-06-09,9.52853012084961,9.52853012084961,9.52853012084961,9.52853012084961,7.07769250869751,0,0.0,0.0,0.0
2008-06-10,9.536290168762207,9.536290168762207,9.536290168762207,9.536290168762207,7.083456993103027,0,0.0,0.0,0.0
2008-06-11,9.520919799804688,9.520919799804688,9.520919799804688,9.520919799804688,7.072038650512695,0,0.0,0.0,0.0
2008-06-12,9.517829895019531,9.517829895019531,9.517829895019531,9.517829895019531,7.069743633270264,0,0.0,0.0,0.0
2008-06-13,9.441889762878418,9.441889762878418,9.441889762878418,9.441889762878418,7.013336658477783,0,0.0,0.0,0.0
2008-06-16,9.491660118103027,9.491660118103027,9.491660118103027,9.491660118103027,7.05030632019043,0,0.0,0.0,0.0
2008-06-17,9.518460273742676,9.518460273742676,9.518460273742676,9.518460273742676,7.070211887359619,0,0.0,0.0,0.0
2008-06-18,9.533679962158203,9.533679962158203,9.533679962158203,9.533679962158203,7.081517696380615,0,0.0,0.0,0.0
2008-06-19,9.478300094604492,9.478300094604492,9.478300094604492,9.478300094604492,7.040382385253906,0,0.0,0.0,0.0
2008-06-20,9.53283977508545,9.53283977508545,9.53283977508545,9.53283977508545,7.080893516540527,0,0.0,0.0,0.0
2008-06-23,9.540780067443848,9.540780067443848,9.540780067443848,9.540780067443848,7.086791038513184,0,0.0,0.0,0.0
2008-06-24,9.528289794921875,9.528289794921875,9.528289794921875,9.528289794921875,7.077513694763184,0,0.0,0.0,0.0
2008-06-25,9.57273006439209,9.57273006439209,9.57273006439209,9.57273006439209,7.110523700714111,0,0.0,0.0,0.0
2008-06-26,9.65250015258789,9.65250015258789,9.65250015258789,9.65250015258789,7.169774532318115,0,0.0,0.0,0.0
2008-06-27,9.620889663696289,9.620889663696289,9.620889663696289,9.620889663696289,7.14629602432251,0,0.0,0.0,0.0
2008-06-30,9.559439659118652,9.559439659118652,9.559439659118652,9.559439659118652,7.100650310516357,0,0.0,0.0,0.0
2008-07-01,9.528010368347168,9.528010368347168,9.528010368347168,9.528010368347168,7.077305793762207,0,0.0,0.0,0.0
2008-07-02,9.560319900512695,9.560319900512695,9.560319900512695,9.560319900512695,7.101305961608887,0,0.0,0.0,0.0
2008-07-03,9.613960266113281,9.613960266113281,9.613960266113281,9.613960266113281,7.141149997711182,0,0.0,0.0,0.0
2008-07-04,9.663240432739258,9.663240432739258,9.663240432739258,9.663240432739258,7.177753448486328,0,0.0,0.0,0.0
2008-07-07,9.695050239562988,9.695050239562988,9.695050239562988,9.695050239562988,7.201380729675293,0,0.0,0.0,0.0
2008-07-08,9.694339752197266,9.694339752197266,9.694339752197266,9.694339752197266,7.200854778289795,0,0.0,0.0,0.0
2008-07-09,9.721929550170898,9.721929550170898,9.721929550170898,9.721929550170898,7.221347332000732,0,0.0,0.0,0.0
2008-07-10,9.739419937133789,9.739419937133789,9.739419937133789,9.739419937133789,7.234338283538818,0,0.0,0.0,0.0
2008-07-11,9.713500022888184,9.713500022888184,9.713500022888184,9.713500022888184,7.215086460113525,0,0.0,0.0,0.0
2008-07-14,9.715259552001953,9.715259552001953,9.715259552001953,9.715259552001953,7.216392517089844,0,0.0,0.0,0.0
2008-07-15,9.731929779052734,9.731929779052734,9.731929779052734,9.731929779052734,7.228775978088379,0,0.0,0.0,0.0
2008-07-16,9.715840339660645,9.715840339660645,9.715840339660645,9.715840339660645,7.216822624206543,0,0.0,0.0,0.0
2008-07-17,9.713680267333984,9.713680267333984,9.713680267333984,9.713680267333984,7.215220928192139,0,0.0,0.0,0.0
2008-07-18,9.618359565734863,9.618359565734863,9.618359565734863,9.618359565734863,7.144416809082031,0,0.0,0.0,0.0
2008-07-21,9.616410255432129,9.616410255432129,9.616410255432129,9.616410255432129,7.142968654632568,0,0.0,0.0,0.0
2008-07-22,9.656949996948242,9.656949996948242,9.656949996948242,9.656949996948242,7.173083782196045,0,0.0,0.0,0.0
2008-07-23,9.638199806213379,9.638199806213379,9.638199806213379,9.638199806213379,7.159154891967773,0,0.0,0.0,0.0
2008-07-24,9.687000274658203,9.687000274658203,9.687000274658203,9.687000274658203,7.195400714874268,0,0.0,0.0,0.0
2008-07-25,9.676239967346191,9.676239967346191,9.676239967346191,9.676239967346191,7.187410354614258,0,0.0,0.0,0.0
2008-07-28,9.708169937133789,9.708169937133789,9.708169937133789,9.708169937133789,7.211126804351807,0,0.0,0.0,0.0
2008-07-29,9.744199752807617,9.744199752807617,9.744199752807617,9.744199752807617,7.237889766693115,0,0.0,0.0,0.0
2008-07-30,9.779589653015137,9.779589653015137,9.779589653015137,9.779589653015137,7.264175891876221,0,0.0,0.0,0.0
2008-07-31,9.790610313415527,9.790610313415527,9.790610313415527,9.790610313415527,7.272364616394043,0,0.0,0.0,0.0
2008-08-01,9.753049850463867,9.753049850463867,9.753049850463867,9.753049850463867,7.2444634437561035,0,0.0,0.0,0.0
2008-08-04,9.775850296020508,9.775850296020508,9.775850296020508,9.775850296020508,7.26140022277832,0,0.0,0.0,0.0
2008-08-05,9.800410270690918,9.800410270690918,9.800410270690918,9.800410270690918,7.279643535614014,0,0.0,0.0,0.0
2008-08-06,9.83395004272461,9.83395004272461,9.83395004272461,9.83395004272461,7.304555416107178,0,0.0,0.0,0.0
2008-08-07,9.873990058898926,9.873990058898926,9.873990058898926,9.873990058898926,7.334297180175781,0,0.0,0.0,0.0
2008-08-08,9.872079849243164,9.872079849243164,9.872079849243164,9.872079849243164,7.3328776359558105,0,0.0,0.0,0.0
2008-08-11,9.860919952392578,9.860919952392578,9.860919952392578,9.860919952392578,7.324589729309082,0,0.0,0.0,0.0
2008-08-12,9.911459922790527,9.911459922790527,9.911459922790527,9.911459922790527,7.362127304077148,0,0.0,0.0,0.0
2008-08-13,9.918009757995605,9.918009757995605,9.918009757995605,9.918009757995605,7.366997241973877,0,0.0,0.0,0.0
2008-08-14,9.887149810791016,9.887149810791016,9.887149810791016,9.887149810791016,7.344072341918945,0,0.0,0.0,0.0
2008-08-15,9.925029754638672,9.925029754638672,9.925029754638672,9.925029754638672,7.372206687927246,0,0.0,0.0,0.0
2008-08-18,9.91802978515625,9.91802978515625,9.91802978515625,9.91802978515625,7.367007732391357,0,0.0,0.0,0.0
2008-08-19,9.922730445861816,9.922730445861816,9.922730445861816,9.922730445861816,7.3704986572265625,0,0.0,0.0,0.0
2008-08-20,9.935999870300293,9.935999870300293,9.935999870300293,9.935999870300293,7.3803582191467285,0,0.0,0.0,0.0
2008-08-21,9.932450294494629,9.932450294494629,9.932450294494629,9.932450294494629,7.377722263336182,0,0.0,0.0,0.0
2008-08-22,9.905099868774414,9.905099868774414,9.905099868774414,9.905099868774414,7.357402324676514,0,0.0,0.0,0.0
2008-08-26,9.979619979858398,9.979619979858398,9.979619979858398,9.979619979858398,7.412757873535156,0,0.0,0.0,0.0
2008-08-27,9.971779823303223,9.971779823303223,9.971779823303223,9.971779823303223,7.406933307647705,0,0.0,0.0,0.0
2008-08-28,9.982529640197754,9.982529640197754,9.982529640197754,9.982529640197754,7.414917945861816,0,0.0,0.0,0.0
2008-08-29,9.991680145263672,9.991680145263672,9.991680145263672,9.991680145263672,7.421714782714844,0,0.0,0.0,0.0
2008-09-01,10.003499984741211,10.003499984741211,10.003499984741211,10.003499984741211,7.430493354797363,0,0.0,0.0,0.0
2008-09-02,9.979849815368652,9.979849815368652,9.979849815368652,9.979849815368652,7.412929058074951,0,0.0,0.0,0.0
2008-09-03,9.979660034179688,9.979660034179688,9.979660034179688,9.979660034179688,7.412785530090332,0,0.0,0.0,0.0
2008-09-04,10.022500038146973,10.022500038146973,10.022500038146973,10.022500038146973,7.444607257843018,0,0.0,0.0,0.0
2008-09-05,10.067500114440918,10.067500114440918,10.067500114440918,10.067500114440918,7.4780354499816895,0,0.0,0.0,0.0
2008-09-08,9.999059677124023,9.999059677124023,9.999059677124023,9.999059677124023,7.4271979331970215,0,0.0,0.0,0.0
2008-09-09,10.027600288391113,10.027600288391113,10.027600288391113,10.027600288391113,7.448396682739258,0,0.0,0.0,0.0
2008-09-10,10.016400337219238,10.016400337219238,10.016400337219238,10.016400337219238,7.440078258514404,0,0.0,0.0,0.0
2008-09-11,10.008500099182129,10.008500099182129,10.008500099182129,10.008500099182129,7.434207439422607,0,0.0,0.0,0.0
2008-09-12,9.906510353088379,9.906510353088379,9.906510353088379,9.906510353088379,7.35845422744751,0,0.0,0.0,0.0
2008-09-15,9.995949745178223,9.995949745178223,9.995949745178223,9.995949745178223,7.424887657165527,0,0.0,0.0,0.0
2008-09-16,10.035900115966797,10.035900115966797,10.035900115966797,10.035900115966797,7.454559803009033,0,0.0,0.0,0.0
2008-09-17,10.067299842834473,10.067299842834473,10.067299842834473,10.067299842834473,7.477886199951172,0,0.0,0.0,0.0
2008-09-18,10.061800003051758,10.061800003051758,10.061800003051758,10.061800003051758,7.473797798156738,0,0.0,0.0,0.0
2008-09-19,9.937660217285156,9.937660217285156,9.937660217285156,9.937660217285156,7.381591796875,0,0.0,0.0,0.0
2008-09-22,9.876749992370605,9.876749992370605,9.876749992370605,9.876749992370605,7.336345672607422,0,0.0,0.0,0.0
2008-09-23,9.885470390319824,9.885470390319824,9.885470390319824,9.885470390319824,7.342823028564453,0,0.0,0.0,0.0
2008-09-24,9.945590019226074,9.945590019226074,9.945590019226074,9.945590019226074,7.387477874755859,0,0.0,0.0,0.0
2008-09-25,9.900879859924316,9.900879859924316,9.900879859924316,9.900879859924316,7.354268550872803,0,0.0,0.0,0.0
2008-09-26,9.936829566955566,9.936829566955566,9.936829566955566,9.936829566955566,7.380973815917969,0,0.0,0.0,0.0
2008-09-29,10.035099983215332,10.035099983215332,10.035099983215332,10.035099983215332,7.4539666175842285,0,0.0,0.0,0.0
2008-09-30,9.999170303344727,9.999170303344727,9.999170303344727,9.999170303344727,7.427278995513916,0,0.0,0.0,0.0
2008-10-01,10.043499946594238,10.043499946594238,10.043499946594238,10.043499946594238,7.460205554962158,0,0.0,0.0,0.0
2008-10-02,10.095399856567383,10.095399856567383,10.095399856567383,10.095399856567383,7.498757839202881,0,0.0,0.0,0.0
2008-10-03,10.096400260925293,10.096400260925293,10.096400260925293,10.096400260925293,7.49949836730957,0,0.0,0.0,0.0
2008-10-06,10.23900032043457,10.23900032043457,10.23900032043457,10.23900032043457,7.605421543121338,0,0.0,0.0,0.0
2008-10-07,10.217599868774414,10.217599868774414,10.217599868774414,10.217599868774414,7.589526653289795,0,0.0,0.0,0.0
2008-10-08,10.189200401306152,10.189200401306152,10.189200401306152,10.189200401306152,7.568431854248047,0,0.0,0.0,0.0
2008-10-09,10.102700233459473,10.102700233459473,10.102700233459473,10.102700233459473,7.504180431365967,0,0.0,0.0,0.0
2008-10-10,10.011199951171875,10.011199951171875,10.011199951171875,10.011199951171875,7.436215877532959,0,0.0,0.0,0.0
2008-10-13,9.84177017211914,9.84177017211914,9.84177017211914,9.84177017211914,7.310364723205566,0,0.0,0.0,0.0
2008-10-14,9.785650253295898,9.785650253295898,9.785650253295898,9.785650253295898,7.268678188323975,0,0.0,0.0,0.0
2008-10-15,9.831560134887695,9.831560134887695,9.831560134887695,9.831560134887695,7.302780628204346,0,0.0,0.0,0.0
2008-10-16,9.882710456848145,9.882710456848145,9.882710456848145,9.882710456848145,7.340774059295654,0,0.0,0.0,0.0
2008-10-17,9.964630126953125,9.964630126953125,9.964630126953125,9.964630126953125,7.4016242027282715,0,0.0,0.0,0.0
2008-10-20,9.995169639587402,9.995169639587402,9.995169639587402,9.995169639587402,7.424306392669678,0,0.0,0.0,0.0
2008-10-21,9.977580070495605,9.977580070495605,9.977580070495605,9.977580070495605,7.411243438720703,0,0.0,0.0,0.0
2008-10-22,10.05109977722168,10.05109977722168,10.05109977722168,10.05109977722168,7.46584939956665,0,0.0,0.0,0.0
2008-10-23,10.058600425720215,10.058600425720215,10.058600425720215,10.058600425720215,7.471421718597412,0,0.0,0.0,0.0
2008-10-24,10.15410041809082,10.15410041809082,10.15410041809082,10.15410041809082,7.542359352111816,0,0.0,0.0,0.0
2008-10-27,10.123299598693848,10.123299598693848,10.123299598693848,10.123299598693848,7.519480228424072,0,0.0,0.0,0.0
2008-10-28,10.081600189208984,10.081600189208984,10.081600189208984,10.081600189208984,7.488508701324463,0,0.0,0.0,0.0
2008-10-29,9.85770034790039,9.85770034790039,9.85770034790039,9.85770034790039,7.322195529937744,0,0.0,0.0,0.0
2008-10-30,9.85846996307373,9.85846996307373,9.85846996307373,9.85846996307373,7.322768688201904,0,0.0,0.0,0.0
2008-10-31,9.80208969116211,9.80208969116211,9.80208969116211,9.80208969116211,7.280890464782715,0,0.0,0.0,0.0
2008-11-03,9.809470176696777,9.809470176696777,9.809470176696777,9.809470176696777,7.286371231079102,0,0.0,0.0,0.0
2008-11-04,9.8123197555542,9.8123197555542,9.8123197555542,9.8123197555542,7.2884907722473145,0,0.0,0.0,0.0
2008-11-05,9.845540046691895,9.845540046691895,9.845540046691895,9.845540046691895,7.313165187835693,0,0.0,0.0,0.0
2008-11-06,9.86987018585205,9.86987018585205,9.86987018585205,9.86987018585205,7.331236839294434,0,0.0,0.0,0.0
2008-11-07,9.961480140686035,9.961480140686035,9.961480140686035,9.961480140686035,7.399282932281494,0,0.0,0.0,0.0
2008-11-10,9.938509941101074,9.938509941101074,9.938509941101074,9.938509941101074,7.3822221755981445,0,0.0,0.0,0.0
2008-11-11,9.913020133972168,9.913020133972168,9.913020133972168,9.913020133972168,7.363286972045898,0,0.0,0.0,0.0
2008-11-12,9.969989776611328,9.969989776611328,9.969989776611328,9.969989776611328,7.405603408813477,0,0.0,0.0,0.0
2008-11-13,9.993559837341309,9.993559837341309,9.993559837341309,9.993559837341309,7.4231109619140625,0,0.0,0.0,0.0
2008-11-14,10.006600379943848,10.006600379943848,10.006600379943848,10.006600379943848,7.432799339294434,0,0.0,0.0,0.0
2008-11-17,9.964320182800293,9.964320182800293,9.964320182800293,9.964320182800293,7.401393413543701,0,0.0,0.0,0.0
2008-11-18,9.968790054321289,9.968790054321289,9.968790054321289,9.968790054321289,7.4047136306762695,0,0.0,0.0,0.0
2008-11-19,10.009699821472168,10.009699821472168,10.009699821472168,10.009699821472168,7.435100555419922,0,0.0,0.0,0.0
2008-11-20,10.130800247192383,10.130800247192383,10.130800247192383,10.130800247192383,7.525052547454834,0,0.0,0.0,0.0
2008-11-21,10.195300102233887,10.195300102233887,10.195300102233887,10.195300102233887,7.572961330413818,0,0.0,0.0,0.0
2008-11-24,10.15369987487793,10.15369987487793,10.15369987487793,10.15369987487793,7.542061805725098,0,0.0,0.0,0.0
2008-11-25,10.189200401306152,10.189200401306152,10.189200401306152,10.189200401306152,7.568431854248047,0,0.0,0.0,0.0
2008-11-26,10.265899658203125,10.265899658203125,10.265899658203125,10.265899658203125,7.625404357910156,0,0.0,0.0,0.0
2008-11-27,10.273500442504883,10.273500442504883,10.273500442504883,10.273500442504883,7.631046295166016,0,0.0,0.0,0.0
2008-11-28,10.235899925231934,10.235899925231934,10.235899925231934,10.235899925231934,7.603120803833008,0,0.0,0.0,0.0
2008-12-01,10.306599617004395,10.306599617004395,10.306599617004395,10.306599617004395,7.655636787414551,0,0.0,0.0,0.0
2008-12-02,10.446599960327148,10.446599960327148,10.446599960327148,10.446599960327148,7.759624481201172,0,0.0,0.0,0.0
2008-12-03,10.554699897766113,10.554699897766113,10.554699897766113,10.554699897766113,7.839921474456787,0,0.0,0.0,0.0
2008-12-04,10.52180004119873,10.52180004119873,10.52180004119873,10.52180004119873,7.815483093261719,0,0.0,0.0,0.0
2008-12-05,10.51259994506836,10.51259994506836,10.51259994506836,10.51259994506836,7.808650970458984,0,0.0,0.0,0.0
2008-12-08,10.359399795532227,10.359399795532227,10.359399795532227,10.359399795532227,7.694853782653809,0,0.0,0.0,0.0
2008-12-09,10.356499671936035,10.356499671936035,10.356499671936035,10.356499671936035,7.69270133972168,0,0.0,0.0,0.0
2008-12-10,10.364100456237793,10.364100456237793,10.364100456237793,10.364100456237793,7.698343753814697,0,0.0,0.0,0.0
2008-12-11,10.332500457763672,10.332500457763672,10.332500457763672,10.332500457763672,7.674873352050781,0,0.0,0.0,0.0
2008-12-12,10.321100234985352,10.321100234985352,10.321100234985352,10.321100234985352,7.666406154632568,0,0.0,0.0,0.0
2008-12-15,10.410599708557129,10.410599708557129,10.410599708557129,10.410599708557129,7.732884883880615,0,0.0,0.0,0.0
2008-12-16,10.471699714660645,10.471699714660645,10.471699714660645,10.471699714660645,7.778268814086914,0,0.0,0.0,0.0
2008-12-17,10.62030029296875,10.62030029296875,10.62030029296875,10.62030029296875,7.888648509979248,0,0.0,0.0,0.0
2008-12-18,10.621399879455566,10.621399879455566,10.621399879455566,10.621399879455566,7.889464378356934,0,0.0,0.0,0.0
2008-12-19,10.624199867248535,10.624199867248535,10.624199867248535,10.624199867248535,7.891542434692383,0,0.0,0.0,0.0
2008-12-22,10.684700012207031,10.684700012207031,10.684700012207031,10.684700012207031,7.936483860015869,0,0.0,0.0,0.0
2008-12-23,10.683300018310547,10.683300018310547,10.683300018310547,10.683300018310547,7.9354448318481445,0,0.0,0.0,0.0
2008-12-24,10.746600151062012,10.746600151062012,10.746600151062012,10.746600151062012,7.982463359832764,0,0.0,0.0,0.0
2008-12-29,10.699000358581543,10.699000358581543,10.699000358581543,10.699000358581543,7.947106838226318,0,0.0,0.0,0.0
2008-12-30,10.710200309753418,10.710200309753418,10.710200309753418,10.710200309753418,7.95542573928833,0,0.0,0.0,0.0
2008-12-31,10.7677001953125,10.7677001953125,10.7677001953125,10.7677001953125,7.998136520385742,0,0.0,0.0,0.0
2009-01-02,10.755000114440918,10.8100004196167,10.755000114440918,10.755000114440918,7.988701343536377,228103,0.0,0.0,0.0
2009-01-05,10.720000267028809,10.729999542236328,10.6850004196167,10.680000305175781,7.932991981506348,197458,0.0,0.0,0.0
2009-01-06,10.680000305175781,10.6850004196167,10.545000076293945,10.539999961853027,7.8290019035339355,851139,0.0,0.0,0.0
2009-01-07,10.574999809265137,10.600000381469727,10.545000076293945,10.555000305175781,7.84014368057251,648650,0.0,0.0,0.0
2009-01-08,10.5649995803833,10.635000228881836,10.545000076293945,10.614999771118164,7.88470983505249,563983,0.0,0.0,0.0
2009-01-09,10.635000228881836,10.694999694824219,10.619999885559082,10.6850004196167,7.936707496643066,869958,0.0,0.0,0.0
2009-01-12,10.640000343322754,10.6899995803833,10.619999885559082,10.6899995803833,7.9404215812683105,379957,0.0,0.0,0.0
2009-01-13,10.694999694824219,10.694999694824219,10.59000015258789,10.625,7.892136096954346,105265,0.0,0.0,0.0
2009-01-14,10.5649995803833,10.65999984741211,10.545000076293945,10.609999656677246,7.880997180938721,260834,0.0,0.0,0.0
2009-01-15,10.604999542236328,10.649999618530273,10.595000267028809,10.609999656677246,7.880997180938721,312519,0.0,0.0,0.0
2009-01-16,10.555000305175781,10.595000267028809,10.470000267028809,10.489999771118164,7.791862964630127,92711,0.0,0.0,0.0
2009-01-19,10.319999694824219,10.395000457763672,10.319999694824219,10.350000381469727,7.687872409820557,790217,0.0,0.0,0.0
2009-01-20,10.305000305175781,10.305000305175781,10.199999809265137,10.295000076293945,7.6470160484313965,603924,0.0,0.0,0.0
2009-01-21,10.34000015258789,10.375,10.289999961853027,10.324999809265137,7.669301509857178,398041,0.0,0.0,0.0
2009-01-22,10.255000114440918,10.289999961853027,10.234999656677246,10.279999732971191,7.635875701904297,329079,0.0,0.0,0.0
2009-01-23,10.3100004196167,10.3100004196167,10.154999732971191,10.149999618530273,7.539312362670898,2129367,0.0,0.0,0.0
2009-01-26,10.15999984741211,10.175000190734863,10.095000267028809,10.135000228881836,7.528171539306641,553953,0.0,0.0,0.0
2009-01-27,10.170000076293945,10.220000267028809,10.135000228881836,10.220000267028809,7.591308116912842,149152,0.0,0.0,0.0
2009-01-28,10.225000381469727,10.319999694824219,10.225000381469727,10.295000076293945,7.6470160484313965,171896,0.0,0.0,0.0
2009-01-29,10.289999961853027,10.300000190734863,10.244999885559082,10.279999732971191,7.635875701904297,639664,0.0,0.0,0.0
2009-01-30,10.265000343322754,10.28499984741211,10.260000228881836,10.270000457763672,7.628447532653809,122970,0.0,0.0,0.0
2009-02-02,10.279999732971191,10.3100004196167,10.279999732971191,10.289999961853027,7.643302917480469,586955,0.0,0.0,0.0
2009-02-03,10.279999732971191,10.289999961853027,10.239999771118164,10.234999656677246,7.602449417114258,197958,0.0,0.0,0.0
2009-02-04,10.234999656677246,10.305000305175781,10.220000267028809,10.255000114440918,7.617305278778076,239848,0.0,0.0,0.0
2009-02-05,10.260000228881836,10.595000267028809,10.199999809265137,10.324999809265137,7.669301509857178,114274,0.0,0.0,0.0
2009-02-06,10.3100004196167,10.375,10.274999618530273,10.335000038146973,7.676731109619141,144164,0.0,0.0,0.0
2009-02-09,10.34000015258789,10.34000015258789,10.295000076293945,10.324999809265137,7.669301509857178,199952,0.0,0.0,0.0
2009-02-10,10.324999809265137,10.420000076293945,10.319999694824219,10.40999984741211,7.732438087463379,148704,0.0,0.0,0.0
2009-02-11,10.46500015258789,10.925000190734863,10.46500015258789,10.524999618530273,7.8178582191467285,174610,0.0,0.0,0.0
2009-02-12,10.5600004196167,10.664999961853027,10.5600004196167,10.630000114440918,7.895854949951172,884503,0.0,0.0,0.0
2009-02-13,10.484999656677246,10.630000114440918,10.484999656677246,10.585000038146973,7.862425804138184,206632,0.0,0.0,0.0
2009-02-16,10.600000381469727,10.625,10.585000038146973,10.604999542236328,7.877285957336426,119031,0.0,0.0,0.0
2009-02-17,10.649999618530273,10.670000076293945,10.614999771118164,10.65999984741211,7.9181342124938965,217671,0.0,0.0,0.0
2009-02-18,10.670000076293945,10.71500015258789,10.630000114440918,10.619999885559082,7.888425350189209,1002179,0.0,0.0,0.0
2009-02-19,10.579999923706055,10.614999771118164,10.529999732971191,10.5600004196167,7.8438568115234375,95573,0.0,0.0,0.0
2009-02-20,10.569999694824219,10.595000267028809,10.545000076293945,10.579999923706055,7.858712673187256,401539,0.0,0.0,0.0
2009-02-23,10.515000343322754,10.5600004196167,10.510000228881836,10.510000228881836,7.806716442108154,459140,0.0,0.0,0.0
2009-02-24,10.5600004196167,10.595000267028809,10.555000305175781,10.585000038146973,7.862425804138184,194917,0.0,0.0,0.0
2009-02-25,10.555000305175781,10.569999694824219,10.53499984741211,10.529999732971191,7.821572780609131,325895,0.0,0.0,0.0
2009-02-26,10.520000457763672,10.520000457763672,10.4399995803833,10.4350004196167,7.751008987426758,129789,0.0,0.0,0.0
2009-02-27,10.880000114440918,10.880000114440918,10.15999984741211,10.430000305175781,7.7472944259643555,645060,0.0,0.0,0.0
2009-03-02,10.4399995803833,10.505000114440918,10.425000190734863,10.46500015258789,7.773294925689697,187081,0.0,0.0,0.0
2009-03-03,10.449999809265137,10.944999694824219,10.420000076293945,10.470000267028809,7.777005672454834,252928,0.0,0.0,0.0
2009-03-04,10.015000343322754,10.430000305175781,10.015000343322754,10.369999885559082,7.702724933624268,434676,0.0,0.0,0.0
2009-03-05,10.300000190734863,10.6899995803833,10.300000190734863,10.555000305175781,7.84014368057251,354848,0.0,0.0,0.0
2009-03-06,10.8149995803833,10.994999885559082,10.680000305175781,10.835000038146973,8.048125267028809,714863,0.0,0.0,0.0
2009-03-09,10.835000038146973,10.944999694824219,10.770000457763672,10.770000457763672,7.999843597412109,769099,0.0,0.0,0.0
2009-03-10,10.800000190734863,10.850000381469727,10.770000457763672,10.779999732971191,8.007268905639648,2007966,0.0,0.0,0.0
2009-03-11,10.795000076293945,10.824999809265137,10.770000457763672,10.8149995803833,8.0332670211792,249378,0.0,0.0,0.0
2009-03-12,10.829999923706055,10.914999961853027,10.795000076293945,10.899999618530273,8.096406936645508,2442198,0.0,0.0,0.0
2009-03-13,10.890000343322754,10.920000076293945,10.854999542236328,10.904999732971191,8.100120544433594,1189198,0.0,0.0,0.0
2009-03-16,10.859999656677246,10.904999732971191,10.454999923706055,10.819999694824219,8.036980628967285,665492,0.0,0.0,0.0
2009-03-17,10.329999923706055,10.845000267028809,10.329999923706055,10.770000457763672,7.999843597412109,196017,0.0,0.0,0.0
2009-03-18,10.6899995803833,10.8100004196167,10.6899995803833,10.755000114440918,7.988701343536377,193020,0.0,0.0,0.0
2009-03-19,10.40999984741211,10.869999885559082,10.40999984741211,10.795000076293945,8.018411636352539,301755,0.0,0.0,0.0
2009-03-20,10.75,10.854999542236328,10.75,10.84000015258789,8.051839828491211,271655,0.0,0.0,0.0
2009-03-23,10.8149995803833,10.824999809265137,10.729999542236328,10.744999885559082,7.9812726974487305,355632,0.0,0.0,0.0
2009-03-24,10.65999984741211,10.970000267028809,10.574999809265137,10.59000015258789,7.866140842437744,321067,0.0,0.0,0.0
2009-03-25,10.510000228881836,10.600000381469727,10.399999618530273,10.520000457763672,7.814145088195801,317702,0.0,0.0,0.0
2009-03-26,10.444999694824219,10.585000038146973,10.444999694824219,10.5600004196167,7.8438568115234375,345278,0.0,0.0,0.0
2009-03-27,10.520000457763672,10.600000381469727,10.520000457763672,10.579999923706055,7.858712673187256,328125,0.0,0.0,0.0
2009-03-30,10.609999656677246,10.6899995803833,10.604999542236328,10.640000343322754,7.903282165527344,167473,0.0,0.0,0.0
2009-03-31,10.680000305175781,10.6899995803833,10.640000343322754,10.680000305175781,7.932991981506348,157080,0.0,0.0,0.0
2009-04-01,10.699999809265137,10.789999961853027,10.699999809265137,10.75,7.984989643096924,276399,0.0,0.0,0.0
2009-04-02,10.625,10.729999542236328,10.524999618530273,10.5649995803833,7.847570896148682,248271,0.0,0.0,0.0
2009-04-03,10.550000190734863,10.604999542236328,10.529999732971191,10.524999618530273,7.8178582191467285,154780,0.0,0.0,0.0
2009-04-06,10.494999885559082,10.520000457763672,10.489999771118164,10.520000457763672,7.814145088195801,198301,0.0,0.0,0.0
2009-04-07,10.510000228881836,10.539999961853027,10.484999656677246,10.510000228881836,7.806716442108154,676313,0.0,0.0,0.0
2009-04-08,10.529999732971191,10.595000267028809,10.529999732971191,10.574999809265137,7.855000019073486,881396,0.0,0.0,0.0
2009-04-09,10.555000305175781,10.609999656677246,10.545000076293945,10.614999771118164,7.88470983505249,771084,0.0,0.0,0.0
2009-04-14,10.625,10.6899995803833,10.625,10.649999618530273,7.910708427429199,144596,0.0,0.0,0.0
2009-04-15,10.670000076293945,10.670000076293945,10.600000381469727,10.595000267028809,7.869853973388672,219849,0.0,0.0,0.0
2009-04-16,10.574999809265137,10.604999542236328,10.539999961853027,10.609999656677246,7.880997180938721,159085,0.0,0.0,0.0
2009-04-17,10.604999542236328,10.604999542236328,10.46500015258789,10.46500015258789,7.773294925689697,227441,0.0,0.0,0.0
2009-04-20,10.524999618530273,10.640000343322754,10.494999885559082,10.625,7.892136096954346,191512,0.0,0.0,0.0
2009-04-21,10.664999961853027,10.664999961853027,10.46500015258789,10.555000305175781,7.84014368057251,421358,0.0,0.0,0.0
2009-04-22,10.510000228881836,10.539999961853027,10.414999961853027,10.484999656677246,7.788148403167725,703435,0.0,0.0,0.0
2009-04-23,10.479999542236328,10.489999771118164,10.375,10.470000267028809,7.777005672454834,810064,0.0,0.0,0.0
2009-04-24,10.46500015258789,10.524999618530273,10.40999984741211,10.515000343322754,7.810431003570557,320626,0.0,0.0,0.0
2009-04-27,10.604999542236328,10.604999542236328,10.545000076293945,10.555000305175781,7.84014368057251,341996,0.0,0.0,0.0
2009-04-28,10.399999618530273,10.430000305175781,10.3149995803833,10.399999618530273,7.725009918212891,416155,0.0,0.0,0.0
2009-04-29,10.364999771118164,10.46500015258789,10.359999656677246,10.359999656677246,7.6952972412109375,285726,0.0,0.0,0.0
2009-04-30,10.329999923706055,10.350000381469727,10.28499984741211,10.3100004196167,7.6581621170043945,320623,0.0,0.0,0.0
2009-05-01,10.380000114440918,10.385000228881836,10.305000305175781,10.3149995803833,7.661872863769531,179290,0.0,0.0,0.0
2009-05-05,10.319999694824219,10.34000015258789,10.295000076293945,10.319999694824219,7.66558837890625,702493,0.0,0.0,0.0
2009-05-06,10.324999809265137,10.329999923706055,10.274999618530273,10.28499984741211,7.639587879180908,428051,0.0,0.0,0.0
2009-05-07,10.260000228881836,10.270000457763672,10.175000190734863,10.260000228881836,7.621023654937744,700091,0.0,0.0,0.0
2009-05-08,10.260000228881836,10.3149995803833,10.1850004196167,10.255000114440918,7.617305278778076,475920,0.0,0.0,0.0
2009-05-11,10.255000114440918,10.3100004196167,10.255000114440918,10.270000457763672,7.628447532653809,313663,0.0,0.0,0.0
2009-05-12,10.265000343322754,10.279999732971191,10.225000381469727,10.270000457763672,7.628447532653809,243465,0.0,0.0,0.0
2009-05-13,10.140000343322754,10.399999618530273,10.140000343322754,10.364999771118164,7.699012756347656,456829,0.0,0.0,0.0
2009-05-14,10.34000015258789,10.430000305175781,10.34000015258789,10.390000343322754,7.717583179473877,1090421,0.0,0.0,0.0
2009-05-15,10.390000343322754,10.40999984741211,10.34000015258789,10.345000267028809,7.684160232543945,197817,0.0,0.0,0.0
2009-05-18,10.3100004196167,10.399999618530273,10.3100004196167,10.375,7.706440448760986,316183,0.0,0.0,0.0
2009-05-19,10.324999809265137,10.380000114440918,10.149999618530273,10.350000381469727,7.687872409820557,197214,0.0,0.0,0.0
2009-05-20,10.364999771118164,10.375,10.295000076293945,10.305000305175781,7.654447555541992,432299,0.0,0.0,0.0
2009-05-21,10.28499984741211,10.289999961853027,10.234999656677246,10.239999771118164,7.606165409088135,398485,0.0,0.0,0.0
2009-05-22,10.149999618530273,10.225000381469727,10.149999618530273,10.1899995803833,7.569026947021484,337689,0.0,0.0,0.0
2009-05-26,10.25,10.3100004196167,10.149999618530273,10.234999656677246,7.602449417114258,412587,0.0,0.0,0.0
2009-05-27,10.225000381469727,10.289999961853027,10.204999923706055,10.225000381469727,7.595023155212402,272617,0.0,0.0,0.0
2009-05-28,10.25,10.25,10.15999984741211,10.21500015258789,7.5875935554504395,71130,0.0,0.0,0.0
2009-05-29,10.239999771118164,10.270000457763672,10.239999771118164,10.255000114440918,7.617305278778076,89304,0.0,0.0,0.0
2009-06-01,10.244999885559082,10.25,10.149999618530273,10.175000190734863,7.55788516998291,253837,0.0,0.0,0.0
2009-06-02,10.204999923706055,10.234999656677246,10.15999984741211,10.170000076293945,7.554170608520508,377962,0.0,0.0,0.0
2009-06-03,10.114999771118164,10.239999771118164,9.984999656677246,10.210000038146973,7.58388090133667,1032312,0.0,0.0,0.0
2009-06-04,10.1899995803833,10.239999771118164,10.1899995803833,10.1899995803833,7.569026947021484,241944,0.0,0.0,0.0
2009-06-05,10.085000038146973,10.1899995803833,10.069999694824219,10.154999732971191,7.543027400970459,550918,0.0,0.0,0.0
2009-06-08,10.050000190734863,10.229999542236328,10.050000190734863,10.199999809265137,7.57645320892334,73728,0.0,0.0,0.0
2009-06-09,10.199999809265137,10.239999771118164,10.199999809265137,10.229999542236328,7.598735809326172,478344,0.0,0.0,0.0
2009-06-10,10.1850004196167,10.1899995803833,10.154999732971191,10.164999961853027,7.550455570220947,318300,0.0,0.0,0.0
2009-06-11,10.130000114440918,10.130000114440918,10.050000190734863,10.114999771118164,7.513314723968506,244941,0.0,0.0,0.0
2009-06-12,10.15999984741211,10.15999984741211,10.114999771118164,10.130000114440918,7.524458408355713,204683,0.0,0.0,0.0
2009-06-15,10.164999961853027,10.1850004196167,10.125,10.175000190734863,7.55788516998291,369689,0.0,0.0,0.0
2009-06-16,10.1899995803833,10.210000038146973,10.145000457763672,10.180000305175781,7.561598300933838,211180,0.0,0.0,0.0
2009-06-17,10.204999923706055,10.25,10.194999694824219,10.25,7.6135945320129395,290032,0.0,0.0,0.0
2009-06-18,10.260000228881836,10.295000076293945,10.210000038146973,10.244999885559082,7.609879493713379,197482,0.0,0.0,0.0
2009-06-19,10.25,10.25,10.25,10.25,7.6135945320129395,332549,0.0,0.0,0.0
2009-06-22,10.220000267028809,10.220000267028809,10.220000267028809,10.335000038146973,7.676731109619141,162725,0.0,0.0,0.0
2009-06-23,10.270000457763672,10.270000457763672,10.270000457763672,10.3149995803833,7.661872863769531,514183,0.0,0.0,0.0
2009-06-24,10.369999885559082,10.380000114440918,10.295000076293945,10.3100004196167,7.6581621170043945,630508,0.0,0.0,0.0
2009-06-25,10.260000228881836,10.380000114440918,10.260000228881836,10.3149995803833,7.661872863769531,305339,0.0,0.0,0.0
2009-06-26,10.354999542236328,10.364999771118164,10.274999618530273,10.335000038146973,7.676731109619141,233548,0.0,0.0,0.0
2009-06-29,10.329999923706055,10.395000457763672,10.329999923706055,10.395000457763672,7.721299648284912,289168,0.0,0.0,0.0
2009-06-30,10.385000228881836,10.385000228881836,10.295000076293945,10.319999694824219,7.66558837890625,163019,0.0,0.0,0.0
2009-07-01,10.3100004196167,10.350000381469727,10.225000381469727,10.25,7.6135945320129395,80144,0.0,0.0,0.0
2009-07-02,10.210000038146973,10.3100004196167,10.210000038146973,10.289999961853027,7.643302917480469,121223,0.0,0.0,0.0
2009-07-03,10.295000076293945,10.305000305175781,10.265000343322754,10.295000076293945,7.6470160484313965,78272,0.0,0.0,0.0
2009-07-06,10.369999885559082,10.369999885559082,10.289999961853027,10.289999961853027,7.643302917480469,190116,0.0,0.0,0.0
2009-07-07,10.3149995803833,10.34000015258789,10.3149995803833,10.345000267028809,7.684160232543945,280608,0.0,0.0,0.0
2009-07-08,10.399999618530273,10.425000190734863,10.385000228881836,10.390000343322754,7.717583179473877,211876,0.0,0.0,0.0
2009-07-09,10.425000190734863,10.4399995803833,10.295000076293945,10.28499984741211,7.639587879180908,240339,0.0,0.0,0.0
2009-07-10,10.270000457763672,10.354999542236328,10.239999771118164,10.354999542236328,7.691583633422852,475307,0.0,0.0,0.0
2009-07-13,10.369999885559082,10.390000343322754,10.354999542236328,10.390000343322754,7.717583179473877,170666,0.0,0.0,0.0
2009-07-14,10.364999771118164,10.364999771118164,10.270000457763672,10.350000381469727,7.687872409820557,83269,0.0,0.0,0.0
2009-07-15,10.335000038146973,10.335000038146973,10.274999618530273,10.274999618530273,7.632162570953369,171010,0.0,0.0,0.0
2009-07-16,10.270000457763672,10.3149995803833,10.239999771118164,10.3100004196167,7.6581621170043945,92006,0.0,0.0,0.0
2009-07-17,10.3100004196167,10.3100004196167,10.265000343322754,10.265000343322754,7.6247358322143555,305812,0.0,0.0,0.0
2009-07-20,10.220000267028809,10.25,10.199999809265137,10.225000381469727,7.595023155212402,376127,0.0,0.0,0.0
2009-07-21,10.265000343322754,10.274999618530273,10.199999809265137,10.265000343322754,7.6247358322143555,123845,0.0,0.0,0.0
2009-07-22,10.3100004196167,10.3100004196167,10.175000190734863,10.220000267028809,7.591308116912842,192110,0.0,0.0,0.0
2009-07-23,10.194999694824219,10.229999542236328,10.119999885559082,10.130000114440918,7.524458408355713,318909,0.0,0.0,0.0
2009-07-24,10.145000457763672,10.154999732971191,10.130000114440918,10.135000228881836,7.528171539306641,234628,0.0,0.0,0.0
2009-07-27,10.149999618530273,10.170000076293945,10.130000114440918,10.15999984741211,7.5467400550842285,412536,0.0,0.0,0.0
2009-07-28,10.145000457763672,10.1899995803833,10.145000457763672,10.164999961853027,7.550455570220947,182159,0.0,0.0,0.0
2009-07-29,10.104999542236328,10.164999961853027,10.104999542236328,10.135000228881836,7.528171539306641,166146,0.0,0.0,0.0
2009-07-30,10.135000228881836,10.164999961853027,10.114999771118164,10.145000457763672,7.535598278045654,129899,0.0,0.0,0.0
2009-07-31,10.175000190734863,10.274999618530273,10.164999961853027,10.244999885559082,7.609879493713379,94570,0.0,0.0,0.0
2009-08-03,10.199999809265137,10.255000114440918,10.164999961853027,10.1899995803833,7.569026947021484,229001,0.0,0.0,0.0
2009-08-04,10.170000076293945,10.239999771118164,10.170000076293945,10.204999923706055,7.580167293548584,236756,0.0,0.0,0.0
2009-08-05,10.199999809265137,10.255000114440918,10.199999809265137,10.255000114440918,7.617305278778076,100305,0.0,0.0,0.0
2009-08-06,10.225000381469727,10.399999618530273,10.204999923706055,10.34000015258789,7.680443286895752,157354,0.0,0.0,0.0
2009-08-07,10.395000457763672,10.430000305175781,10.324999809265137,10.345000267028809,7.684160232543945,96405,0.0,0.0,0.0
2009-08-10,10.399999618530273,10.404999732971191,10.369999885559082,10.399999618530273,7.725009918212891,134181,0.0,0.0,0.0
2009-08-11,10.380000114440918,10.420000076293945,10.354999542236328,10.380000114440918,7.710155487060547,58458,0.0,0.0,0.0
2009-08-12,10.40999984741211,10.420000076293945,10.380000114440918,10.399999618530273,7.725009918212891,134971,0.0,0.0,0.0
2009-08-13,10.380000114440918,10.425000190734863,10.359999656677246,10.430000305175781,7.7472944259643555,177283,0.0,0.0,0.0
2009-08-14,10.449999809265137,10.484999656677246,10.414999961853027,10.484999656677246,7.788148403167725,1259763,0.0,0.0,0.0
2009-08-17,10.510000228881836,10.574999809265137,10.510000228881836,10.574999809265137,7.855000019073486,40316,0.0,0.0,0.0
2009-08-18,10.569999694824219,10.569999694824219,10.5,10.510000228881836,7.806716442108154,372492,0.0,0.0,0.0
2009-08-19,10.53499984741211,10.569999694824219,10.524999618530273,10.529999732971191,7.821572780609131,301252,0.0,0.0,0.0
2009-08-20,10.529999732971191,10.5649995803833,10.505000114440918,10.524999618530273,7.8178582191467285,337238,0.0,0.0,0.0
2009-08-21,10.529999732971191,10.5649995803833,10.505000114440918,10.539999961853027,7.8290019035339355,337238,0.0,0.0,0.0
2009-08-24,10.515000343322754,10.555000305175781,10.515000343322754,10.550000190734863,7.836426734924316,242818,0.0,0.0,0.0
2009-08-25,10.585000038146973,10.625,10.5600004196167,10.619999885559082,7.888425350189209,171981,0.0,0.0,0.0
2009-08-26,10.604999542236328,10.625,10.569999694824219,10.604999542236328,7.877285957336426,375525,0.0,0.0,0.0
2009-08-27,10.604999542236328,10.625,10.574999809265137,10.585000038146973,7.862425804138184,375525,0.0,0.0,0.0
2009-08-28,10.579999923706055,10.625,10.550000190734863,10.614999771118164,7.88470983505249,185867,0.0,0.0,0.0
2009-09-01,10.630000114440918,10.630000114440918,10.569999694824219,10.600000381469727,7.873568534851074,762239,0.0,0.0,0.0
2009-09-02,10.625,10.63031005859375,10.569999694824219,10.600000381469727,7.873568534851074,969228,0.0,0.0,0.0
2009-09-03,10.625,10.625,10.569999694824219,10.569999694824219,7.851285457611084,1491866,0.0,0.0,0.0
2009-09-04,10.539999961853027,10.579999923706055,10.529999732971191,10.5600004196167,7.8438568115234375,527209,0.0,0.0,0.0
2009-09-07,10.569999694824219,10.595000267028809,10.550000190734863,10.569999694824219,7.851285457611084,795636,0.0,0.0,0.0
2009-09-08,10.5600004196167,10.585000038146973,10.539999961853027,10.545000076293945,7.832714080810547,158509,0.0,0.0,0.0
2009-09-09,10.550000190734863,10.574999809265137,10.484999656677246,10.484999656677246,7.788148403167725,103983,0.0,0.0,0.0
2009-09-10,10.479999542236328,10.585000038146973,10.479999542236328,10.555000305175781,7.84014368057251,395377,0.0,0.0,0.0
2009-09-11,10.609999656677246,10.649999618530273,10.545000076293945,10.625,7.892136096954346,114522,0.0,0.0,0.0
2009-09-14,10.539999961853027,10.649999618530273,10.539999961853027,10.630000114440918,7.895854949951172,222368,0.0,0.0,0.0
2009-09-15,10.630000114440918,10.670000076293945,10.545000076293945,10.640000343322754,7.903282165527344,103273,0.0,0.0,0.0
2009-09-16,10.630000114440918,10.670000076293945,10.545000076293945,10.585000038146973,7.862425804138184,189948,0.0,0.0,0.0
2009-09-17,10.569999694824219,10.585000038146973,10.539999961853027,10.5649995803833,7.847570896148682,195372,0.0,0.0,0.0
2009-09-18,10.579999923706055,10.600000381469727,10.550000190734863,10.574999809265137,7.855000019073486,312255,0.0,0.0,0.0
2009-09-21,10.574999809265137,10.579999923706055,10.550000190734863,10.569999694824219,7.851285457611084,93130,0.0,0.0,0.0
2009-09-22,10.505000114440918,10.550000190734863,10.505000114440918,10.524999618530273,7.8178582191467285,297803,0.0,0.0,0.0
2009-09-23,10.524999618530273,10.550000190734863,10.505000114440918,10.545000076293945,7.832714080810547,197792,0.0,0.0,0.0
2009-09-24,10.5600004196167,10.65999984741211,10.550000190734863,10.59000015258789,7.866140842437744,212601,0.0,0.0,0.0
2009-09-25,10.630000114440918,10.635000228881836,10.595000267028809,10.645000457763672,7.906996250152588,96585,0.0,0.0,0.0
2009-09-28,10.670000076293945,10.675000190734863,10.604999542236328,10.619999885559082,7.888425350189209,736028,0.0,0.0,0.0
2009-09-29,10.604999542236328,10.649999618530273,10.59000015258789,10.635000228881836,7.899566173553467,613483,0.0,0.0,0.0
2009-09-30,10.625,10.654999732971191,10.619999885559082,10.645000457763672,7.906996250152588,219009,0.0,0.0,0.0
2009-10-01,10.609999656677246,10.710000038146973,10.609999656677246,10.694999694824219,7.944133281707764,85460,0.0,0.0,0.0
2009-10-02,10.774999618530273,10.774999618530273,10.699999809265137,10.734999656677246,7.973843574523926,106246,0.0,0.0,0.0
2009-10-05,10.75,10.774999618530273,10.740500450134277,10.760000228881836,7.992415904998779,0,0.0,0.0,0.0
2009-10-06,10.75,10.774999618530273,10.744999885559082,10.755000114440918,7.988701343536377,405759,0.0,0.0,0.0
2009-10-07,10.755000114440918,10.789999961853027,10.75,10.770000457763672,7.999843597412109,188058,0.0,0.0,0.0
2009-10-08,10.770000457763672,10.805000305175781,10.770000457763672,10.789999961853027,8.014699935913086,60328,0.0,0.0,0.0
2009-10-09,10.789999961853027,10.789999961853027,10.699999809265137,10.704999923706055,7.951560020446777,139185,0.0,0.0,0.0
2009-10-12,10.725000381469727,10.779999732971191,10.71500015258789,10.779999732971191,8.007268905639648,527551,0.0,0.0,0.0
2009-10-13,10.744999885559082,10.744999885559082,10.710000038146973,10.729999542236328,7.970130443572998,191933,0.0,0.0,0.0
2009-10-14,10.710000038146973,10.710000038146973,10.670000076293945,10.670000076293945,7.925564289093018,239004,0.0,0.0,0.0
2009-10-15,10.654999732971191,10.65999984741211,10.569999694824219,10.625,7.892136096954346,249052,0.0,0.0,0.0
2009-10-16,10.604999542236328,10.609999656677246,10.5649995803833,10.609999656677246,7.880997180938721,176401,0.0,0.0,0.0
2009-10-19,10.59000015258789,10.609999656677246,10.574999809265137,10.604999542236328,7.877285957336426,62691,0.0,0.0,0.0
2009-10-20,10.619999885559082,10.654999732971191,10.595000267028809,10.649999618530273,7.910708427429199,209779,0.0,0.0,0.0
2009-10-21,10.609999656677246,10.625,10.515000343322754,10.524999618530273,7.8178582191467285,326356,0.0,0.0,0.0
2009-10-22,10.494999885559082,10.545000076293945,10.489999771118164,10.524999618530273,7.8178582191467285,269879,0.0,0.0,0.0
2009-10-23,10.449999809265137,10.579999923706055,10.449999809265137,10.5649995803833,7.847570896148682,96520,0.0,0.0,0.0
2009-10-26,10.529999732971191,10.5649995803833,10.515000343322754,10.5600004196167,7.8438568115234375,60700,0.0,0.0,0.0
2009-10-27,10.545000076293945,10.630000114440918,10.545000076293945,10.619999885559082,7.888425350189209,120278,0.0,0.0,0.0
2009-10-28,10.479999542236328,10.484999656677246,10.449999809265137,10.454999923706055,7.765865802764893,145323,0.0,0.0,0.0
2009-10-29,10.430000305175781,10.4399995803833,10.364999771118164,10.395000457763672,7.721299648284912,97691,0.0,0.0,0.0
2009-10-30,10.395000457763672,10.430000305175781,10.359999656677246,10.4350004196167,7.751008987426758,378567,0.0,0.0,0.0
2009-11-02,10.380000114440918,10.404999732971191,10.380000114440918,10.385000228881836,7.713870048522949,336601,0.0,0.0,0.0
2009-11-03,10.390000343322754,10.390000343322754,10.350000381469727,10.34000015258789,7.680443286895752,323087,0.0,0.0,0.0
2009-11-04,10.364999771118164,10.364999771118164,10.274999618530273,10.289999961853027,7.643302917480469,597234,0.0,0.0,0.0
2009-11-05,10.3149995803833,10.3149995803833,10.21500015258789,10.265000343322754,7.6247358322143555,169909,0.0,0.0,0.0
2009-11-06,10.199999809265137,10.279999732971191,10.199999809265137,10.260000228881836,7.621023654937744,129455,0.0,0.0,0.0
2009-11-09,10.234999656677246,10.295000076293945,10.229999542236328,10.28499984741211,7.639587879180908,164294,0.0,0.0,0.0
2009-11-10,10.300000190734863,10.335000038146973,10.300000190734863,10.329999923706055,7.6730146408081055,132959,0.0,0.0,0.0
2009-11-11,10.324999809265137,10.375,10.300000190734863,10.354999542236328,7.691583633422852,139789,0.0,0.0,0.0
2009-11-12,10.354999542236328,10.369999885559082,10.329999923706055,10.34000015258789,7.680443286895752,92897,0.0,0.0,0.0
2009-11-13,10.28499984741211,10.364999771118164,10.28499984741211,10.324999809265137,7.669301509857178,175660,0.0,0.0,0.0
2009-11-16,10.274999618530273,10.364999771118164,10.274999618530273,10.330249786376953,7.673201560974121,78776,0.0,0.0,0.0
2009-11-17,10.369999885559082,10.425000190734863,10.345000267028809,10.420000076293945,7.739868640899658,295571,0.0,0.0,0.0
2009-11-18,10.420000076293945,10.4350004196167,10.40999984741211,10.425000190734863,7.743580341339111,141210,0.0,0.0,0.0
2009-11-19,10.430000305175781,10.449999809265137,10.375,10.444999694824219,7.7584357261657715,319350,0.0,0.0,0.0
2009-11-20,10.4399995803833,10.470000267028809,10.420000076293945,10.449999809265137,7.762150764465332,106769,0.0,0.0,0.0
2009-11-23,10.4399995803833,10.46500015258789,10.4350004196167,10.454999923706055,7.765865802764893,151728,0.0,0.0,0.0
2009-11-24,10.404999732971191,10.479999542236328,10.404999732971191,10.454999923706055,7.765865802764893,156572,0.0,0.0,0.0
2009-11-25,10.4399995803833,10.494999885559082,10.4399995803833,10.460000038146973,7.769580364227295,196660,0.0,0.0,0.0
2009-11-26,10.484999656677246,10.524999618530273,10.484999656677246,10.520000457763672,7.814145088195801,73887,0.0,0.0,0.0
2009-11-27,10.5600004196167,10.5600004196167,10.494999885559082,10.5,7.799290180206299,264642,0.0,0.0,0.0
2009-11-30,10.529999732971191,10.529999732971191,10.475000381469727,10.510000228881836,7.806716442108154,85250,0.0,0.0,0.0
2009-12-01,10.489999771118164,10.510000228881836,10.479999542236328,10.489999771118164,7.791862964630127,307362,0.0,0.0,0.0
2009-12-02,10.475000381469727,10.479999542236328,10.460000038146973,10.46500015258789,7.773294925689697,291251,0.0,0.0,0.0
2009-12-03,10.425000190734863,10.449999809265137,10.414999961853027,10.4399995803833,7.7547221183776855,272659,0.0,0.0,0.0
2009-12-04,10.449999809265137,10.449999809265137,10.369999885559082,10.395000457763672,7.721299648284912,596057,0.0,0.0,0.0
2009-12-07,10.399999618530273,10.40999984741211,10.390000343322754,10.399999618530273,7.725009918212891,457747,0.0,0.0,0.0
2009-12-08,10.385000228881836,10.4399995803833,10.385000228881836,10.404999732971191,7.728724956512451,403684,0.0,0.0,0.0
2009-12-09,10.380000114440918,10.444999694824219,10.369999885559082,10.420000076293945,7.739868640899658,171208,0.0,0.0,0.0
2009-12-10,10.354999542236328,10.369999885559082,10.300000190734863,10.300000190734863,7.650732517242432,538623,0.0,0.0,0.0
2009-12-11,10.28499984741211,10.335000038146973,10.274999618530273,10.28499984741211,7.639587879180908,696477,0.0,0.0,0.0
2009-12-14,10.260000228881836,10.3149995803833,10.260000228881836,10.319999694824219,7.66558837890625,175319,0.0,0.0,0.0
2009-12-15,10.319999694824219,10.319999694824219,10.270000457763672,10.279999732971191,7.635875701904297,280868,0.0,0.0,0.0
2009-12-16,10.295000076293945,10.3149995803833,10.260000228881836,10.3100004196167,7.6581621170043945,578477,0.0,0.0,0.0
2009-12-17,10.300000190734863,10.34000015258789,10.289999961853027,10.345000267028809,7.684160232543945,225509,0.0,0.0,0.0
2009-12-18,10.329999923706055,10.420000076293945,10.329999923706055,10.404999732971191,7.728724956512451,1631469,0.0,0.0,0.0
2009-12-21,10.369999885559082,10.380000114440918,10.324999809265137,10.335000038146973,7.676731109619141,788109,0.0,0.0,0.0
2009-12-22,10.305000305175781,10.34000015258789,10.289999961853027,10.295000076293945,7.6470160484313965,306989,0.0,0.0,0.0
2009-12-23,10.3100004196167,10.3100004196167,10.220000267028809,10.225000381469727,7.595023155212402,647635,0.0,0.0,0.0
2009-12-24,10.21500015258789,10.21500015258789,10.21500015258789,10.59000015258789,7.866140842437744,52323,0.0,0.0,0.0
2009-12-29,10.289999961853027,10.289999961853027,10.15999984741211,10.175000190734863,7.55788516998291,121267,0.0,0.0,0.0
2009-12-30,10.170000076293945,10.204999923706055,10.170000076293945,10.204999923706055,7.580167293548584,97288,0.0,0.0,0.0
2009-12-31,10.135000228881836,10.255000114440918,10.135000228881836,10.229999542236328,7.598735809326172,5796,0.0,0.0,0.0
2010-01-04,10.210000038146973,10.28499984741211,10.210000038146973,10.255000114440918,7.617305278778076,177207,0.0,0.0,0.0
2010-01-05,10.239999771118164,10.244999885559082,10.210000038146973,10.220000267028809,7.591308116912842,595941,0.0,0.0,0.0
2010-01-06,10.21500015258789,10.229999542236328,10.1899995803833,10.180000305175781,7.561598300933838,235846,0.0,0.0,0.0
2010-01-07,10.175000190734863,10.210000038146973,10.175000190734863,10.1899995803833,7.569026947021484,1358011,0.0,0.0,0.0
2010-01-08,10.15999984741211,10.199999809265137,10.15999984741211,10.194999694824219,7.572739601135254,414646,0.0,0.0,0.0
2010-01-11,10.175000190734863,10.260000228881836,10.175000190734863,10.260000228881836,7.621023654937744,447580,0.0,0.0,0.0
2010-01-12,10.244999885559082,10.300000190734863,10.244999885559082,10.28499984741211,7.639587879180908,367802,0.0,0.0,0.0
2010-01-13,10.274999618530273,10.274999618530273,10.244999885559082,10.265000343322754,7.6247358322143555,484842,0.0,0.0,0.0
2010-01-14,10.234999656677246,10.265000343322754,10.234999656677246,10.260000228881836,7.621023654937744,178823,0.0,0.0,0.0
2010-01-15,10.274999618530273,10.289999961853027,10.244999885559082,10.279999732971191,7.635875701904297,903117,0.0,0.0,0.0
2010-01-18,10.28499984741211,10.3149995803833,10.28499984741211,10.300000190734863,7.650732517242432,149697,0.0,0.0,0.0
2010-01-19,10.279999732971191,10.289999961853027,10.225000381469727,10.255000114440918,7.617305278778076,327125,0.0,0.0,0.0
2010-01-20,10.305000305175781,10.305000305175781,10.225000381469727,10.239999771118164,7.606165409088135,242676,0.0,0.0,0.0
2010-01-21,10.25,10.28499984741211,10.239999771118164,10.295000076293945,7.6470160484313965,243430,0.0,0.0,0.0
2010-01-22,10.329999923706055,10.335000038146973,10.279999732971191,10.279999732971191,7.635875701904297,144587,0.0,0.0,0.0
2010-01-25,10.289999961853027,10.305000305175781,10.270000457763672,10.289999961853027,7.643302917480469,104212,0.0,0.0,0.0
2010-01-26,10.300000190734863,10.354999542236328,10.300000190734863,10.324999809265137,7.669301509857178,206954,0.0,0.0,0.0
2010-01-27,10.335000038146973,10.350000381469727,10.3100004196167,10.3149995803833,7.661872863769531,443072,0.0,0.0,0.0
2010-01-28,10.3100004196167,10.3100004196167,10.260000228881836,10.274999618530273,7.632162570953369,448498,0.0,0.0,0.0
2010-01-29,10.270000457763672,10.28499984741211,10.270000457763672,10.305000305175781,7.654447555541992,263244,0.0,0.0,0.0
2010-02-01,10.289999961853027,10.3100004196167,10.289999961853027,10.3100004196167,7.6581621170043945,216472,0.0,0.0,0.0
2010-02-02,10.305000305175781,10.319999694824219,10.295000076293945,10.300000190734863,7.650732517242432,69283,0.0,0.0,0.0
2010-02-03,10.305000305175781,10.319999694824219,10.270000457763672,10.3149995803833,7.661872863769531,174365,0.0,0.0,0.0
2010-02-04,10.300000190734863,10.345000267028809,10.289999961853027,10.3149995803833,7.661872863769531,81058,0.0,0.0,0.0
2010-02-05,10.345000267028809,10.350000381469727,10.319999694824219,10.324999809265137,7.669301509857178,248247,0.0,0.0,0.0
2010-02-08,10.28499984741211,10.289999961853027,10.279999732971191,10.289999961853027,7.643302917480469,153541,0.0,0.0,0.0
2010-02-09,10.225000381469727,10.279999732971191,10.225000381469727,10.255000114440918,7.617305278778076,71510,0.0,0.0,0.0
2010-02-10,10.239999771118164,10.319999694824219,10.239999771118164,10.289999961853027,7.643302917480469,75039,0.0,0.0,0.0
2010-02-11,10.260000228881836,10.265000343322754,10.21500015258789,10.225000381469727,7.595023155212402,1650746,0.0,0.0,0.0
2010-02-12,10.220000267028809,10.234999656677246,10.164999961853027,10.210000038146973,7.58388090133667,222019,0.0,0.0,0.0
2010-02-15,10.170000076293945,10.21500015258789,10.170000076293945,10.199999809265137,7.57645320892334,193190,0.0,0.0,0.0
2010-02-16,10.21500015258789,10.220000267028809,10.21500015258789,10.210000038146973,7.58388090133667,930107,0.0,0.0,0.0
2010-02-17,10.194999694824219,10.225000381469727,10.1899995803833,10.21500015258789,7.5875935554504395,92116,0.0,0.0,0.0
2010-02-18,10.199999809265137,10.199999809265137,10.154999732971191,10.164999961853027,7.550455570220947,194398,0.0,0.0,0.0
2010-02-19,10.154999732971191,10.154999732971191,10.109999656677246,10.130000114440918,7.524458408355713,801764,0.0,0.0,0.0
2010-02-22,10.119999885559082,10.130000114440918,10.109999656677246,10.130000114440918,7.524458408355713,136240,0.0,0.0,0.0
2010-02-23,10.114999771118164,10.164999961853027,10.114999771118164,10.154999732971191,7.543027400970459,650967,0.0,0.0,0.0
2010-02-24,10.194999694824219,10.260000228881836,10.194999694824219,10.210000038146973,7.58388090133667,859741,0.0,0.0,0.0
2010-02-25,10.239999771118164,10.25,10.239999771118164,10.244999885559082,7.609879493713379,202829,0.0,0.0,0.0
2010-02-26,10.270000457763672,10.270000457763672,10.244999885559082,10.260000228881836,7.621023654937744,70793,0.0,0.0,0.0
2010-03-01,10.225000381469727,10.229999542236328,10.199999809265137,10.229999542236328,7.598735809326172,513015,0.0,0.0,0.0
2010-03-02,10.229999542236328,10.265000343322754,10.225000381469727,10.270000457763672,7.628447532653809,134507,0.0,0.0,0.0
2010-03-03,10.260000228881836,10.260000228881836,10.244999885559082,10.255000114440918,7.617305278778076,43054,0.0,0.0,0.0
2010-03-04,10.255000114440918,10.279999732971191,10.244999885559082,10.300000190734863,7.650732517242432,427180,0.0,0.0,0.0
2010-03-05,10.295000076293945,10.295000076293945,10.229999542236328,10.229999542236328,7.598735809326172,289349,0.0,0.0,0.0
2010-03-08,10.229999542236328,10.239999771118164,10.204999923706055,10.220000267028809,7.591308116912842,232146,0.0,0.0,0.0
2010-03-09,10.220000267028809,10.274999618530273,10.220000267028809,10.25,7.6135945320129395,825581,0.0,0.0,0.0
2010-03-10,10.274999618530273,10.274999618530273,10.244999885559082,10.244999885559082,7.609879493713379,202072,0.0,0.0,0.0
2010-03-11,10.210000038146973,10.210000038146973,10.1899995803833,10.1850004196167,7.565311431884766,73343,0.0,0.0,0.0
2010-03-12,10.199999809265137,10.210000038146973,10.199999809265137,10.210000038146973,7.58388090133667,168930,0.0,0.0,0.0
2010-03-15,10.204999923706055,10.244999885559082,10.204999923706055,10.234999656677246,7.602449417114258,663676,0.0,0.0,0.0
2010-03-16,10.21500015258789,10.274999618530273,10.21500015258789,10.265000343322754,7.6247358322143555,1191700,0.0,0.0,0.0
2010-03-17,10.255000114440918,10.289999961853027,10.255000114440918,10.289999961853027,7.643302917480469,205987,0.0,0.0,0.0
2010-03-18,10.300000190734863,10.3149995803833,10.274999618530273,10.28499984741211,7.639587879180908,115356,0.0,0.0,0.0
2010-03-19,10.270000457763672,10.305000305175781,10.270000457763672,10.300000190734863,7.650732517242432,266667,0.0,0.0,0.0
2010-03-22,10.305000305175781,10.34000015258789,10.305000305175781,10.3100004196167,7.6581621170043945,291108,0.0,0.0,0.0
2010-03-23,10.300000190734863,10.319999694824219,10.300000190734863,10.329999923706055,7.6730146408081055,237632,0.0,0.0,0.0
2010-03-24,10.329999923706055,10.329999923706055,10.289999961853027,10.270000457763672,7.628447532653809,214149,0.0,0.0,0.0
2010-03-25,10.239999771118164,10.270000457763672,10.234999656677246,10.265000343322754,7.6247358322143555,151578,0.0,0.0,0.0
2010-03-26,10.25,10.270000457763672,10.234999656677246,10.265000343322754,7.6247358322143555,238890,0.0,0.0,0.0
2010-03-29,10.25,10.319999694824219,10.25,10.3100004196167,7.6581621170043945,174907,0.0,0.0,0.0
2010-03-30,10.329999923706055,10.345000267028809,10.300000190734863,10.3100004196167,7.6581621170043945,166115,0.0,0.0,0.0
2010-03-31,10.345000267028809,10.364999771118164,10.329999923706055,10.335000038146973,7.676731109619141,205269,0.0,0.0,0.0
2010-04-01,10.335000038146973,10.375,10.335000038146973,10.369999885559082,7.702724933624268,213614,0.0,0.0,0.0
2010-04-06,10.305000305175781,10.34000015258789,10.300000190734863,10.3100004196167,7.6581621170043945,495304,0.0,0.0,0.0
2010-04-07,10.345000267028809,10.345000267028809,10.270000457763672,10.274999618530273,7.632162570953369,452283,0.0,0.0,0.0
2010-04-08,10.289999961853027,10.3100004196167,10.289999961853027,10.300000190734863,7.650732517242432,869919,0.0,0.0,0.0
2010-04-09,10.300000190734863,10.319999694824219,10.255000114440918,10.274999618530273,7.632162570953369,368855,0.0,0.0,0.0
2010-04-12,10.260000228881836,10.279999732971191,10.260000228881836,10.270000457763672,7.628447532653809,241272,0.0,0.0,0.0
2010-04-13,10.265000343322754,10.3149995803833,10.265000343322754,10.300000190734863,7.650732517242432,254903,0.0,0.0,0.0
2010-04-14,10.270000457763672,10.319999694824219,10.270000457763672,10.300000190734863,7.650732517242432,75340,0.0,0.0,0.0
2010-04-15,10.3100004196167,10.3100004196167,10.289999961853027,10.305000305175781,7.654447555541992,156994,0.0,0.0,0.0
2010-04-16,10.295000076293945,10.324999809265137,10.295000076293945,10.319999694824219,7.66558837890625,78218,0.0,0.0,0.0
2010-04-19,10.289999961853027,10.329999923706055,10.289999961853027,10.3149995803833,7.661872863769531,174376,0.0,0.0,0.0
2010-04-20,10.3149995803833,10.319999694824219,10.28499984741211,10.305000305175781,7.654447555541992,171436,0.0,0.0,0.0
2010-04-21,10.3149995803833,10.3149995803833,10.279999732971191,10.295000076293945,7.6470160484313965,156319,0.0,0.0,0.0
2010-04-22,10.289999961853027,10.34000015258789,10.289999961853027,10.335000038146973,7.676731109619141,336258,0.0,0.0,0.0
2010-04-23,10.3149995803833,10.3149995803833,10.274999618530273,10.295000076293945,7.6470160484313965,504647,0.0,0.0,0.0
2010-04-26,10.270000457763672,10.34000015258789,10.270000457763672,10.3100004196167,7.6581621170043945,581580,0.0,0.0,0.0
2010-04-27,10.3149995803833,10.350000381469727,10.289999961853027,10.364999771118164,7.699012756347656,263720,0.0,0.0,0.0
2010-04-28,10.199999809265137,10.21500015258789,10.140000343322754,10.199999809265137,7.57645320892334,281472,0.0,0.0,0.0
2010-04-29,10.1899995803833,10.199999809265137,10.170000076293945,10.1850004196167,7.565311431884766,327211,0.0,0.0,0.0
2010-04-30,10.1850004196167,10.229999542236328,10.1850004196167,10.239999771118164,7.606165409088135,119071,0.0,0.0,0.0
2010-05-04,10.75,10.75,10.260000228881836,10.289999961853027,7.643302917480469,243077,0.0,0.0,0.0
2010-05-05,10.279999732971191,10.3149995803833,10.270000457763672,10.289999961853027,7.643302917480469,494136,0.0,0.0,0.0
2010-05-06,10.699999809265137,10.699999809265137,10.270000457763672,10.319999694824219,7.66558837890625,395689,0.0,0.0,0.0
2010-05-07,10.25,10.359999656677246,10.204999923706055,10.319999694824219,7.66558837890625,508192,0.0,0.0,0.0
2010-05-10,10.255000114440918,10.319999694824219,10.1850004196167,10.25,7.6135945320129395,525491,0.0,0.0,0.0
2010-05-11,10.170000076293945,10.265000343322754,10.170000076293945,10.255000114440918,7.617305278778076,96292,0.0,0.0,0.0
2010-05-12,10.265000343322754,10.28499984741211,10.244999885559082,10.274999618530273,7.632162570953369,77399,0.0,0.0,0.0
2010-05-13,10.244999885559082,10.300000190734863,10.244999885559082,10.279999732971191,7.635875701904297,61767,0.0,0.0,0.0
2010-05-14,10.324999809265137,10.350000381469727,10.324999809265137,10.335000038146973,7.676731109619141,125377,0.0,0.0,0.0
2010-05-17,10.324999809265137,10.34000015258789,10.3149995803833,10.34000015258789,7.680443286895752,68047,0.0,0.0,0.0
2010-05-18,10.329999923706055,10.335000038146973,10.295000076293945,10.324999809265137,7.669301509857178,124077,0.0,0.0,0.0
2010-05-19,10.369999885559082,10.40999984741211,10.369999885559082,10.40999984741211,7.732438087463379,530651,0.0,0.0,0.0
2010-05-20,10.40999984741211,10.520000457763672,10.40999984741211,10.475000381469727,7.7807207107543945,122806,0.0,0.0,0.0
2010-05-21,10.470000267028809,10.569999694824219,10.449999809265137,10.510000228881836,7.806716442108154,383652,0.0,0.0,0.0
2010-05-24,10.5,10.545000076293945,10.489999771118164,10.489999771118164,7.791862964630127,149766,0.0,0.0,0.0
2010-05-25,10.539999961853027,10.585000038146973,10.529999732971191,10.5649995803833,7.847570896148682,486779,0.0,0.0,0.0
2010-05-26,10.510000228881836,10.545000076293945,10.46500015258789,10.489999771118164,7.791862964630127,220199,0.0,0.0,0.0
2010-05-27,10.454999923706055,10.484999656677246,10.420000076293945,10.4399995803833,7.7547221183776855,649557,0.0,0.0,0.0
2010-05-28,10.489999771118164,10.489999771118164,10.4399995803833,10.46500015258789,7.773294925689697,228174,0.0,0.0,0.0
2010-06-01,10.484999656677246,10.489999771118164,10.460000038146973,10.460000038146973,7.769580364227295,274786,0.0,0.0,0.0
2010-06-02,10.454999923706055,10.489999771118164,10.454999923706055,10.470000267028809,7.777005672454834,70214,0.0,0.0,0.0
2010-06-03,10.4399995803833,10.460000038146973,10.4399995803833,10.449999809265137,7.762150764465332,232170,0.0,0.0,0.0
2010-06-04,10.489999771118164,10.489999771118164,10.444999694824219,10.5,7.799290180206299,431098,0.0,0.0,0.0
2010-06-07,10.515000343322754,10.529999732971191,10.489999771118164,10.510000228881836,7.806716442108154,219962,0.0,0.0,0.0
2010-06-08,10.520000457763672,10.550000190734863,10.5,10.53499984741211,7.825289249420166,294895,0.0,0.0,0.0
2010-06-09,10.53499984741211,10.53499984741211,10.505000114440918,10.505000114440918,7.803003311157227,79914,0.0,0.0,0.0
2010-06-10,10.510000228881836,10.529999732971191,10.460000038146973,10.484999656677246,7.788148403167725,258390,0.0,0.0,0.0
2010-06-11,10.460000038146973,10.555000305175781,10.460000038146973,10.53499984741211,7.825289249420166,228524,0.0,0.0,0.0
2010-06-14,10.489999771118164,10.53499984741211,10.475000381469727,10.489999771118164,7.791862964630127,151708,0.0,0.0,0.0
2010-06-15,10.484999656677246,10.494999885559082,10.460000038146973,10.470000267028809,7.777005672454834,127937,0.0,0.0,0.0
2010-06-16,10.46500015258789,10.5,10.46500015258789,10.470000267028809,7.777005672454834,405428,0.0,0.0,0.0
2010-06-17,10.0,10.529999732971191,10.0,10.510000228881836,7.806716442108154,297289,0.0,0.0,0.0
2010-06-18,10.5,10.5,10.449999809265137,10.484999656677246,7.788148403167725,75106,0.0,0.0,0.0
2010-06-21,10.460000038146973,10.520000457763672,10.460000038146973,10.494999885559082,7.7955756187438965,137619,0.0,0.0,0.0
2010-06-22,10.520000457763672,10.574999809265137,10.505000114440918,10.5600004196167,7.8438568115234375,710770,0.0,0.0,0.0
2010-06-23,10.5,10.53499984741211,10.449999809265137,10.510000228881836,7.806716442108154,619540,0.0,0.0,0.0
2010-06-24,10.489999771118164,10.539999961853027,10.489999771118164,10.520000457763672,7.814145088195801,173273,0.0,0.0,0.0
2010-06-25,10.524999618530273,10.53499984741211,10.494999885559082,10.520000457763672,7.814145088195801,278555,0.0,0.0,0.0
2010-06-28,10.510000228881836,10.53499984741211,10.505000114440918,10.510000228881836,7.806716442108154,211280,0.0,0.0,0.0
2010-06-29,10.569999694824219,10.579999923706055,10.545000076293945,10.545000076293945,7.832714080810547,2724628,0.0,0.0,0.0
2010-06-30,10.569999694824219,10.600000381469727,10.470000267028809,10.574999809265137,7.855000019073486,576693,0.0,0.0,0.0
2010-07-01,10.574999809265137,10.604999542236328,10.5649995803833,10.604999542236328,7.877285957336426,416247,0.0,0.0,0.0
2010-07-02,10.600000381469727,10.609999656677246,10.574999809265137,10.600000381469727,7.873568534851074,555553,0.0,0.0,0.0
2010-07-05,10.614999771118164,10.635000228881836,10.609999656677246,10.625,7.892136096954346,171235,0.0,0.0,0.0
2010-07-06,10.600000381469727,10.619999885559082,10.579999923706055,10.595000267028809,7.869853973388672,1727883,0.0,0.0,0.0
2010-07-07,10.635000228881836,10.635000228881836,10.569999694824219,10.574999809265137,7.855000019073486,204064,0.0,0.0,0.0
2010-07-08,10.569999694824219,10.609999656677246,10.550000190734863,10.5649995803833,7.847570896148682,157524,0.0,0.0,0.0
2010-07-09,10.5600004196167,10.609999656677246,10.550000190734863,10.59000015258789,7.866140842437744,208521,0.0,0.0,0.0
2010-07-12,10.305000305175781,10.595000267028809,10.305000305175781,10.574999809265137,7.855000019073486,383026,0.0,0.0,0.0
2010-07-13,10.600000381469727,10.600000381469727,10.545000076293945,10.555000305175781,7.84014368057251,104575,0.0,0.0,0.0
2010-07-14,10.569999694824219,10.579999923706055,10.550000190734863,10.545000076293945,7.832714080810547,362162,0.0,0.0,0.0
2010-07-15,10.550000190734863,10.574999809265137,10.510000228881836,10.5600004196167,7.8438568115234375,184745,0.0,0.0,0.0
2010-07-16,10.5600004196167,10.59000015258789,10.539999961853027,10.59000015258789,7.866140842437744,561035,0.0,0.0,0.0
2010-07-19,10.604999542236328,10.604999542236328,10.550000190734863,10.5649995803833,7.847570896148682,84898,0.0,0.0,0.0
2010-07-20,10.680000305175781,10.680000305175781,10.53499984741211,10.545000076293945,7.832714080810547,922367,0.0,0.0,0.0
2010-07-21,10.545000076293945,10.5600004196167,10.520000457763672,10.550000190734863,7.836426734924316,601230,0.0,0.0,0.0
2010-07-22,10.555000305175781,10.5600004196167,10.529999732971191,10.529999732971191,7.821572780609131,895693,0.0,0.0,0.0
2010-07-23,10.555000305175781,10.5600004196167,10.470000267028809,10.494999885559082,7.7955756187438965,328413,0.0,0.0,0.0
2010-07-26,10.5,10.510000228881836,10.460000038146973,10.46500015258789,7.773294925689697,431879,0.0,0.0,0.0
2010-07-27,10.460000038146973,10.460000038146973,10.399999618530273,10.40999984741211,7.732438087463379,519815,0.0,0.0,0.0
2010-07-28,10.425000190734863,10.449999809265137,10.399999618530273,10.420000076293945,7.739868640899658,529050,0.0,0.0,0.0
2010-07-29,10.4399995803833,10.470000267028809,10.425000190734863,10.46500015258789,7.773294925689697,556128,0.0,0.0,0.0
2010-07-30,10.5,10.545000076293945,10.5,10.539999961853027,7.8290019035339355,182002,0.0,0.0,0.0
2010-08-02,10.505000114440918,10.539999961853027,10.505000114440918,10.529999732971191,7.821572780609131,898446,0.0,0.0,0.0
2010-08-03,10.53499984741211,10.600000381469727,10.53499984741211,10.59000015258789,7.866140842437744,162467,0.0,0.0,0.0
2010-08-04,10.585000038146973,10.600000381469727,10.569999694824219,10.595000267028809,7.869853973388672,368454,0.0,0.0,0.0
2010-08-05,10.595000267028809,10.640000343322754,10.574999809265137,10.635000228881836,7.899566173553467,669247,0.0,0.0,0.0
2010-08-06,10.619999885559082,10.640000343322754,10.600000381469727,10.635000228881836,7.899566173553467,636602,0.0,0.0,0.0
2010-08-09,10.619999885559082,10.640000343322754,10.614999771118164,10.614999771118164,7.88470983505249,200296,0.0,0.0,0.0
2010-08-10,10.614999771118164,10.619999885559082,10.59000015258789,10.604999542236328,7.877285957336426,191386,0.0,0.0,0.0
2010-08-11,10.989999771118164,10.989999771118164,10.609999656677246,10.645000457763672,7.906996250152588,674771,0.0,0.0,0.0
2010-08-12,10.645000457763672,10.704999923706055,10.635000228881836,10.675000190734863,7.929279327392578,740698,0.0,0.0,0.0
2010-08-13,10.710000038146973,10.710000038146973,10.680000305175781,10.6899995803833,7.9404215812683105,394126,0.0,0.0,0.0
2010-08-16,10.6850004196167,10.78499984741211,10.6850004196167,10.789999961853027,8.014699935913086,474559,0.0,0.0,0.0
2010-08-17,10.774999618530273,10.78499984741211,10.760000228881836,10.765000343322754,7.996129035949707,260563,0.0,0.0,0.0
2010-08-18,10.774999618530273,10.800000190734863,10.699999809265137,10.774999618530273,8.003557205200195,375558,0.0,0.0,0.0
2010-08-19,10.765000343322754,10.800000190734863,10.760000228881836,10.8100004196167,8.029553413391113,216434,0.0,0.0,0.0
2010-08-20,10.800000190734863,10.829999923706055,10.800000190734863,10.829999923706055,8.044410705566406,384240,0.0,0.0,0.0
2010-08-23,10.850000381469727,10.899999618530273,10.800000190734863,10.819999694824219,8.036980628967285,216605,0.0,0.0,0.0
2010-08-24,10.760000228881836,10.9399995803833,10.760000228881836,10.930000305175781,8.11868953704834,362032,0.0,0.0,0.0
2010-08-25,10.925000190734863,10.984999656677246,10.925000190734863,10.975000381469727,8.152114868164062,553498,0.0,0.0,0.0
2010-08-26,10.949999809265137,10.984999656677246,10.9399995803833,10.96500015258789,8.144684791564941,199844,0.0,0.0,0.0
2010-08-27,10.970000267028809,10.989999771118164,10.9350004196167,10.9399995803833,8.126115798950195,2022622,0.0,0.0,0.0
2010-08-31,11.25,11.25,10.989999771118164,10.994999885559082,8.16696834564209,709850,0.0,0.0,0.0
2010-09-01,10.984999656677246,10.984999656677246,10.899999618530273,10.899999618530273,8.096406936645508,347803,0.0,0.0,0.0
2010-09-02,10.899999618530273,10.90999984741211,10.84000015258789,10.859999656677246,8.066693305969238,462386,0.0,0.0,0.0
2010-09-03,10.850000381469727,10.880000114440918,10.819999694824219,10.824999809265137,8.04069709777832,105402,0.0,0.0,0.0
2010-09-06,10.859999656677246,10.864999771118164,10.835000038146973,10.845000267028809,8.05555534362793,148825,0.0,0.0,0.0
2010-09-07,10.880000114440918,10.90999984741211,10.880000114440918,10.890000343322754,8.088977813720703,45047,0.0,0.0,0.0
2010-09-08,10.899999618530273,10.925000190734863,10.850000381469727,10.845000267028809,8.05555534362793,133885,0.0,0.0,0.0
2010-09-09,10.854999542236328,10.880000114440918,10.8100004196167,10.805000305175781,8.02584171295166,342920,0.0,0.0,0.0
2010-09-10,10.805000305175781,10.8100004196167,10.734999656677246,10.739999771118164,7.977555274963379,313746,0.0,0.0,0.0
2010-09-13,10.710000038146973,10.744999885559082,10.6899995803833,10.729999542236328,7.970130443572998,500657,0.0,0.0,0.0
2010-09-14,10.744999885559082,10.800000190734863,10.744999885559082,10.774999618530273,8.003557205200195,137043,0.0,0.0,0.0
2010-09-15,10.774999618530273,10.779999732971191,10.734999656677246,10.770000457763672,7.999843597412109,1007505,0.0,0.0,0.0
2010-09-16,10.779999732971191,10.779999732971191,10.710000038146973,10.710000038146973,7.9552764892578125,266455,0.0,0.0,0.0
2010-09-17,10.704999923706055,10.75,10.699999809265137,10.734999656677246,7.973843574523926,1197286,0.0,0.0,0.0
2010-09-20,10.710000038146973,10.739999771118164,10.694999694824219,10.704999923706055,7.951560020446777,353088,0.0,0.0,0.0
2010-09-21,10.694999694824219,10.744999885559082,10.694999694824219,10.725000381469727,7.966418743133545,190202,0.0,0.0,0.0
2010-09-22,10.805000305175781,10.875,10.805000305175781,10.859999656677246,8.066693305969238,575428,0.0,0.0,0.0
2010-09-23,10.869999885559082,10.90999984741211,10.869999885559082,10.885000228881836,8.0852632522583,202025,0.0,0.0,0.0
2010-09-24,10.869999885559082,10.885000228881836,10.819999694824219,10.829999923706055,8.044410705566406,958142,0.0,0.0,0.0
2010-09-27,10.850000381469727,10.890000343322754,10.850000381469727,10.880000114440918,8.081550598144531,110205,0.0,0.0,0.0
2010-09-28,10.904999732971191,10.960000038146973,10.875,10.930000305175781,8.11868953704834,386048,0.0,0.0,0.0
2010-09-29,10.9350004196167,10.984999656677246,10.9350004196167,10.975000381469727,8.152114868164062,410995,0.0,0.0,0.0
2010-09-30,10.984999656677246,10.989999771118164,10.920000076293945,10.9399995803833,8.126115798950195,898179,0.0,0.0,0.0
2010-10-01,10.925000190734863,10.96500015258789,10.885000228881836,10.914999961853027,8.107549667358398,1250794,0.0,0.0,0.0
2010-10-04,10.949999809265137,10.994999885559082,10.9350004196167,10.9399995803833,8.126115798950195,479791,0.0,0.0,0.0
2010-10-05,10.96500015258789,10.96500015258789,10.895000457763672,10.895000457763672,8.092690467834473,356360,0.0,0.0,0.0
2010-10-06,10.90999984741211,10.949999809265137,10.90999984741211,10.944999694824219,8.129831314086914,115378,0.0,0.0,0.0
2010-10-07,10.904999732971191,10.9399995803833,10.904999732971191,10.914999961853027,8.107549667358398,587159,0.0,0.0,0.0
2010-10-08,10.9399995803833,10.970000267028809,10.904999732971191,10.949999809265137,8.133546829223633,815041,0.0,0.0,0.0
2010-10-11,10.989999771118164,10.989999771118164,10.925000190734863,10.930000305175781,8.11868953704834,131639,0.0,0.0,0.0
2010-10-12,10.9399995803833,10.970000267028809,10.9399995803833,10.949999809265137,8.133546829223633,130260,0.0,0.0,0.0
2010-10-13,10.914999961853027,10.949999809265137,10.914999961853027,10.925000190734863,8.114975929260254,352943,0.0,0.0,0.0
2010-10-14,10.90999984741211,10.949999809265137,10.90999984741211,10.920000076293945,8.111263275146484,185840,0.0,0.0,0.0
2010-10-15,10.914999961853027,10.914999961853027,10.864999771118164,10.850000381469727,8.059263229370117,452844,0.0,0.0,0.0
2010-10-18,10.899999618530273,10.899999618530273,10.84000015258789,10.854999542236328,8.062978744506836,362529,0.0,0.0,0.0
2010-10-19,10.845000267028809,10.845000267028809,10.805000305175781,10.819999694824219,8.036980628967285,196438,0.0,0.0,0.0
2010-10-20,10.859999656677246,10.859999656677246,10.8149995803833,10.845000267028809,8.05555534362793,380576,0.0,0.0,0.0
2010-10-21,10.890000343322754,10.90999984741211,10.869999885559082,10.880000114440918,8.081550598144531,1696313,0.0,0.0,0.0
2010-10-22,10.854999542236328,10.925000190734863,10.850000381469727,10.850000381469727,8.059263229370117,649054,0.0,0.0,0.0
2010-10-25,10.84000015258789,10.914999961853027,10.84000015258789,10.90999984741211,8.103836059570312,958649,0.0,0.0,0.0
2010-10-26,10.880000114440918,10.880000114440918,10.795000076293945,10.78499984741211,8.010984420776367,555394,0.0,0.0,0.0
2010-10-27,10.680000305175781,10.680000305175781,10.585000038146973,10.600000381469727,7.873568534851074,1723145,0.0,0.0,0.0
2010-10-28,10.635000228881836,10.635000228881836,10.585000038146973,10.614999771118164,7.88470983505249,713997,0.0,0.0,0.0
2010-10-29,10.640000343322754,10.65999984741211,10.614999771118164,10.654999732971191,7.914422035217285,463560,0.0,0.0,0.0
2010-11-01,10.699999809265137,10.734999656677246,10.6850004196167,10.680000305175781,7.932991981506348,208202,0.0,0.0,0.0
2010-11-02,10.71500015258789,10.770000457763672,10.6899995803833,10.6850004196167,7.936707496643066,331809,0.0,0.0,0.0
2010-11-03,10.720000267028809,10.765000343322754,10.704999923706055,10.734999656677246,7.973843574523926,169462,0.0,0.0,0.0
2010-11-04,10.71500015258789,10.744999885559082,10.65999984741211,10.765000343322754,7.996129035949707,259550,0.0,0.0,0.0
2010-11-05,10.71500015258789,10.744999885559082,10.694999694824219,10.734999656677246,7.973843574523926,379430,0.0,0.0,0.0
2010-11-08,10.720000267028809,10.729999542236328,10.694999694824219,10.725000381469727,7.966418743133545,256157,0.0,0.0,0.0
2010-11-09,10.720000267028809,10.720000267028809,10.670000076293945,10.670000076293945,7.925564289093018,165767,0.0,0.0,0.0
2010-11-10,10.6850004196167,10.6850004196167,10.59000015258789,10.574999809265137,7.855000019073486,277863,0.0,0.0,0.0
2010-11-11,10.630000114440918,10.630000114440918,10.5649995803833,10.600000381469727,7.873568534851074,311830,0.0,0.0,0.0
2010-11-12,10.595000267028809,10.619999885559082,10.520000457763672,10.545000076293945,7.832714080810547,511514,0.0,0.0,0.0
2010-11-15,10.524999618530273,10.555000305175781,10.484999656677246,10.515000343322754,7.810431003570557,151007,0.0,0.0,0.0
2010-11-16,10.494999885559082,10.545000076293945,10.494999885559082,10.5,7.799290180206299,196799,0.0,0.0,0.0
2010-11-17,10.550000190734863,10.550000190734863,10.510000228881836,10.529999732971191,7.821572780609131,182350,0.0,0.0,0.0
2010-11-18,10.510000228881836,10.510000228881836,10.430000305175781,10.430000305175781,7.7472944259643555,310258,0.0,0.0,0.0
2010-11-19,10.46500015258789,10.475000381469727,10.4399995803833,10.460000038146973,7.769580364227295,237499,0.0,0.0,0.0
2010-11-22,10.460000038146973,10.529999732971191,10.460000038146973,10.494999885559082,7.7955756187438965,213215,0.0,0.0,0.0
2010-11-23,10.545000076293945,10.585000038146973,10.53499984741211,10.574999809265137,7.855000019073486,279422,0.0,0.0,0.0
2010-11-24,10.555000305175781,10.59000015258789,10.510000228881836,10.524999618530273,7.8178582191467285,242851,0.0,0.0,0.0
2010-11-25,10.524999618530273,10.53499984741211,10.489999771118164,10.515000343322754,7.810431003570557,242602,0.0,0.0,0.0
2010-11-26,10.524999618530273,10.5600004196167,10.505000114440918,10.520000457763672,7.814145088195801,893376,0.0,0.0,0.0
2010-11-29,10.510000228881836,10.555000305175781,10.489999771118164,10.505000114440918,7.803003311157227,374711,0.0,0.0,0.0
2010-11-30,10.539999961853027,10.614999771118164,10.529999732971191,10.600000381469727,7.873568534851074,306709,0.0,0.0,0.0
2010-12-01,10.5600004196167,10.569999694824219,10.510000228881836,10.520000457763672,7.814145088195801,285644,0.0,0.0,0.0
2010-12-02,10.5,10.5,10.46500015258789,10.484999656677246,7.788148403167725,365593,0.0,0.0,0.0
2010-12-03,10.5,10.505000114440918,10.454999923706055,10.475000381469727,7.7807207107543945,174570,0.0,0.0,0.0
2010-12-06,10.510000228881836,10.510000228881836,10.460000038146973,10.484999656677246,7.788148403167725,147461,0.0,0.0,0.0
2010-12-07,10.449999809265137,10.460000038146973,10.420000076293945,10.4350004196167,7.751008987426758,179985,0.0,0.0,0.0
2010-12-08,10.354999542236328,10.425000190734863,10.24174976348877,10.375,7.706440448760986,265297,0.0,0.0,0.0
2010-12-09,10.414999961853027,10.454999923706055,10.345000267028809,10.444999694824219,7.7584357261657715,447596,0.0,0.0,0.0
2010-12-10,10.449999809265137,10.470000267028809,10.414999961853027,10.4350004196167,7.751008987426758,385013,0.0,0.0,0.0
2010-12-13,10.390000343322754,10.4399995803833,10.380000114440918,10.390000343322754,7.717583179473877,216527,0.0,0.0,0.0
2010-12-14,10.414999961853027,10.414999961853027,10.359999656677246,10.354999542236328,7.691583633422852,589269,0.0,0.0,0.0
2010-12-15,10.359999656677246,10.385000228881836,10.34000015258789,10.354999542236328,7.691583633422852,555507,0.0,0.0,0.0
2010-12-16,10.359999656677246,10.385000228881836,10.34000015258789,10.359999656677246,7.6952972412109375,0,0.0,0.0,0.0
2010-12-17,10.40999984741211,10.470000267028809,10.385000228881836,10.414999961853027,7.736152172088623,479653,0.0,0.0,0.0
2010-12-20,10.449999809265137,10.494999885559082,10.430000305175781,10.494999885559082,7.7955756187438965,254647,0.0,0.0,0.0
2010-12-21,10.5,10.5,10.470000267028809,10.484999656677246,7.788148403167725,163987,0.0,0.0,0.0
2010-12-22,10.475000381469727,10.520000457763672,10.475000381469727,10.489999771118164,7.791862964630127,464887,0.0,0.0,0.0
2010-12-23,10.510000228881836,10.524999618530273,10.489999771118164,10.489999771118164,7.791862964630127,540265,0.0,0.0,0.0
2010-12-24,10.960000038146973,10.960000038146973,10.494999885559082,10.494999885559082,7.7955756187438965,40730,0.0,0.0,0.0
2010-12-29,10.520000457763672,10.520000457763672,10.390000343322754,10.470000267028809,7.777005672454834,163637,0.0,0.0,0.0
2010-12-30,10.505000114440918,10.524999618530273,10.505000114440918,10.520000457763672,7.814145088195801,258217,0.0,0.0,0.0
2010-12-31,10.5649995803833,10.574999809265137,10.5649995803833,10.579999923706055,7.858712673187256,39054,0.0,0.0,0.0
2011-01-04,10.600000381469727,10.600000381469727,10.5,10.520000457763672,7.814145088195801,316062,0.0,0.0,0.0
2011-01-05,10.529999732971191,10.550000190734863,10.449999809265137,10.449999809265137,7.762150764465332,438861,0.0,0.0,0.0
2011-01-06,10.414999961853027,10.460000038146973,10.414999961853027,10.460000038146973,7.769580364227295,227026,0.0,0.0,0.0
2011-01-07,10.46500015258789,10.484999656677246,10.449999809265137,10.46500015258789,7.773294925689697,83399,0.0,0.0,0.0
2011-01-10,10.4399995803833,10.475000381469727,10.425000190734863,10.470000267028809,7.777005672454834,1941827,0.0,0.0,0.0
2011-01-11,10.460000038146973,10.475000381469727,10.414999961853027,10.430000305175781,7.7472944259643555,418075,0.0,0.0,0.0
2011-01-12,10.404999732971191,10.420000076293945,10.354999542236328,10.364999771118164,7.699012756347656,457138,0.0,0.0,0.0
2011-01-13,10.319999694824219,10.40999984741211,10.319999694824219,10.399999618530273,7.725009918212891,293434,0.0,0.0,0.0
2011-01-14,10.414999961853027,10.414999961853027,10.359999656677246,10.395000457763672,7.721299648284912,114017,0.0,0.0,0.0
2011-01-17,10.390000343322754,10.399999618530273,10.364999771118164,10.385000228881836,7.713870048522949,172932,0.0,0.0,0.0
2011-01-18,10.375,10.390000343322754,10.345000267028809,10.359999656677246,7.6952972412109375,357164,0.0,0.0,0.0
2011-01-19,10.350000381469727,10.395000457763672,10.350000381469727,10.385000228881836,7.713870048522949,139855,0.0,0.0,0.0
2011-01-20,10.390000343322754,10.390000343322754,10.319999694824219,10.354999542236328,7.691583633422852,465633,0.0,0.0,0.0
2011-01-21,10.390000343322754,10.390000343322754,10.319999694824219,10.345000267028809,7.684160232543945,0,0.0,0.0,0.0
2011-01-24,10.364999771118164,10.385000228881836,10.359999656677246,10.364999771118164,7.699012756347656,138617,0.0,0.0,0.0
2011-01-25,10.390000343322754,10.444999694824219,10.385000228881836,10.390000343322754,7.717583179473877,216653,0.0,0.0,0.0
2011-01-26,10.399999618530273,10.399999618530273,10.354999542236328,10.359999656677246,7.6952972412109375,316578,0.0,0.0,0.0
2011-01-27,10.34000015258789,10.364999771118164,10.34000015258789,10.350000381469727,7.687872409820557,175347,0.0,0.0,0.0
2011-01-28,10.354999542236328,10.369999885559082,10.34000015258789,10.380000114440918,7.710155487060547,593352,0.0,0.0,0.0
2011-01-31,10.395000457763672,10.395000457763672,10.354999542236328,10.380000114440918,7.710155487060547,651564,0.0,0.0,0.0
2011-02-01,10.375,10.375,10.329999923706055,10.350000381469727,7.687872409820557,570187,0.0,0.0,0.0
2011-02-02,10.354999542236328,10.364999771118164,10.329999923706055,10.319999694824219,7.66558837890625,470505,0.0,0.0,0.0
2011-02-03,10.3100004196167,10.359999656677246,10.295000076293945,10.3149995803833,7.661872863769531,173025,0.0,0.0,0.0
2011-02-04,10.335000038146973,10.335000038146973,10.270000457763672,10.295000076293945,7.6470160484313965,166397,0.0,0.0,0.0
2011-02-07,10.25,10.274999618530273,10.25,10.279999732971191,7.635875701904297,517560,0.0,0.0,0.0
2011-02-08,10.289999961853027,10.305000305175781,10.270000457763672,10.279999732971191,7.635875701904297,1218224,0.0,0.0,0.0
2011-02-09,10.279999732971191,10.289999961853027,10.25,10.255000114440918,7.617305278778076,665224,0.0,0.0,0.0
2011-02-10,10.239999771118164,10.295000076293945,10.239999771118164,10.265000343322754,7.6247358322143555,219428,0.0,0.0,0.0
2011-02-11,10.28499984741211,10.324999809265137,10.28499984741211,10.279999732971191,7.635875701904297,140040,0.0,0.0,0.0
2011-02-14,10.289999961853027,10.329999923706055,10.272000312805176,10.3100004196167,7.6581621170043945,76288,0.0,0.0,0.0
2011-02-15,10.30027961730957,10.319999694824219,10.269000053405762,10.300000190734863,7.650732517242432,244637,0.0,0.0,0.0
2011-02-16,10.30027961730957,10.350000381469727,10.298999786376953,10.322500228881836,7.667446136474609,533445,0.0,0.0,0.0
2011-02-17,10.329999923706055,10.355999946594238,10.309000015258789,10.350000381469727,7.687872409820557,137990,0.0,0.0,0.0
2011-02-18,10.34000015258789,10.345000267028809,10.314000129699707,10.327500343322754,7.6711602210998535,164995,0.0,0.0,0.0
2011-02-21,10.324999809265137,10.387999534606934,10.324999809265137,10.380000114440918,7.710155487060547,213350,0.0,0.0,0.0
2011-02-22,10.399999618530273,10.524999618530273,10.395000457763672,10.420000076293945,7.739868640899658,625664,0.0,0.0,0.0
2011-02-23,10.414999961853027,10.4350004196167,10.369999885559082,10.422499656677246,7.741722106933594,643336,0.0,0.0,0.0
2011-02-24,10.454999923706055,10.470000267028809,10.420000076293945,10.4399995803833,7.7547221183776855,657719,0.0,0.0,0.0
2011-02-25,10.414999961853027,10.454999923706055,10.414999961853027,10.444999694824219,7.7584357261657715,89973,0.0,0.0,0.0
2011-02-28,10.444999694824219,10.470000267028809,10.008000373840332,10.452500343322754,7.764008045196533,238047,0.0,0.0,0.0
2011-03-01,10.437100410461426,10.460000038146973,10.425000190734863,10.442500114440918,7.7565789222717285,99043,0.0,0.0,0.0
2011-03-02,10.484999656677246,10.484999656677246,10.444999694824219,10.4375,7.752867221832275,412793,0.0,0.0,0.0
2011-03-03,10.4399995803833,10.4399995803833,10.380000114440918,10.387499809265137,7.715724468231201,188807,0.0,0.0,0.0
2011-03-04,10.414999961853027,10.470000267028809,10.402999877929688,10.4399995803833,7.7547221183776855,701702,0.0,0.0,0.0
2011-03-07,10.420000076293945,10.451000213623047,10.402000427246094,10.447500228881836,7.760293960571289,208302,0.0,0.0,0.0
2011-03-08,10.444999694824219,10.458999633789062,10.404999732971191,10.414999961853027,7.736152172088623,118930,0.0,0.0,0.0
2011-03-09,10.425000190734863,10.444999694824219,10.411999702453613,10.427499771118164,7.745436191558838,400732,0.0,0.0,0.0
2011-03-10,10.46500015258789,10.495490074157715,10.390999794006348,10.482500076293945,7.786290645599365,320289,0.0,0.0,0.0
2011-03-11,10.494999885559082,10.537480354309082,10.489999771118164,10.512499809265137,7.8085761070251465,128948,0.0,0.0,0.0
2011-03-14,10.539999961853027,10.550000190734863,10.484999656677246,10.542499542236328,7.830857753753662,703621,0.0,0.0,0.0
2011-03-15,10.609999656677246,10.619000434875488,10.539999961853027,10.5600004196167,7.8438568115234375,562882,0.0,0.0,0.0
2011-03-16,10.550000190734863,10.630000114440918,10.546500205993652,10.6225004196167,7.8902812004089355,303525,0.0,0.0,0.0
2011-03-17,10.59000015258789,10.600000381469727,10.539999961853027,10.555000305175781,7.84014368057251,1286230,0.0,0.0,0.0
2011-03-18,10.574999809265137,10.600190162658691,10.555000305175781,10.585000038146973,7.862425804138184,242070,0.0,0.0,0.0
2011-03-21,10.5649995803833,10.585000038146973,10.550000190734863,10.574999809265137,7.855000019073486,382500,0.0,0.0,0.0
2011-03-22,10.585000038146973,10.585000038146973,10.48900032043457,10.520000457763672,7.814145088195801,406313,0.0,0.0,0.0
2011-03-23,10.545000076293945,10.574999809265137,10.520000457763672,10.547499656677246,7.834571361541748,830555,0.0,0.0,0.0
2011-03-24,10.5600004196167,10.585040092468262,10.529999732971191,10.53499984741211,7.825289249420166,268087,0.0,0.0,0.0
2011-03-25,10.524999618530273,10.550000190734863,10.515000343322754,10.522500038146973,7.81600284576416,210057,0.0,0.0,0.0
2011-03-28,10.489999771118164,10.539999961853027,10.489970207214355,10.529999732971191,7.821572780609131,457587,0.0,0.0,0.0
2011-03-29,10.545000076293945,10.550000190734863,10.515000343322754,10.507499694824219,7.804859638214111,165419,0.0,0.0,0.0
2011-03-30,10.510000228881836,10.517999649047852,10.472999572753906,10.494999885559082,7.7955756187438965,253590,0.0,0.0,0.0
2011-03-31,10.510000228881836,10.53499984741211,10.46500015258789,10.489999771118164,7.791862964630127,468727,0.0,0.0,0.0
2011-04-01,10.505000114440918,10.505000114440918,10.444999694824219,10.477499961853027,7.782577991485596,584964,0.0,0.0,0.0
2011-04-04,10.520000457763672,10.520000457763672,10.460000038146973,10.489999771118164,7.791862964630127,59418,0.0,0.0,0.0
2011-04-05,10.489999771118164,10.524999618530273,10.4399995803833,10.452500343322754,7.764008045196533,515220,0.0,0.0,0.0
2011-04-06,10.444999694824219,10.475000381469727,10.433500289916992,10.454999923706055,7.765865802764893,196550,0.0,0.0,0.0
2011-04-07,10.425000190734863,10.470999717712402,10.414999961853027,10.462499618530273,7.7714338302612305,212703,0.0,0.0,0.0
2011-04-08,10.420000076293945,10.444999694824219,10.414999961853027,10.422499656677246,7.741722106933594,866694,0.0,0.0,0.0
2011-04-11,10.40999984741211,10.428000450134277,10.404999732971191,10.412500381469727,7.73429536819458,547696,0.0,0.0,0.0
2011-04-12,10.425000190734863,10.496000289916992,10.42199993133545,10.492500305175781,7.793718338012695,197376,0.0,0.0,0.0
2011-04-13,10.479999542236328,10.505000114440918,10.460000038146973,10.494999885559082,7.7955756187438965,197845,0.0,0.0,0.0
2011-04-14,10.5,10.545000076293945,10.5,10.512499809265137,7.8085761070251465,322166,0.0,0.0,0.0
2011-04-15,10.550000190734863,10.59000015258789,10.515000343322754,10.577500343322754,7.856856822967529,199782,0.0,0.0,0.0
2011-04-18,10.614999771118164,10.628350257873535,10.59000015258789,10.617500305175781,7.886567115783691,492547,0.0,0.0,0.0
2011-04-19,10.625,10.625,10.579999923706055,10.602499961853027,7.875423431396484,299440,0.0,0.0,0.0
2011-04-20,10.574999809265137,10.609999656677246,10.569999694824219,10.595000267028809,7.869853973388672,201462,0.0,0.0,0.0
2011-04-21,10.588749885559082,10.640000343322754,10.575030326843262,10.640000343322754,7.903282165527344,198326,0.0,0.0,0.0
2011-04-26,10.654999732971191,10.675000190734863,10.635000228881836,10.675000190734863,7.929279327392578,185590,0.0,0.0,0.0
2011-04-27,10.510000228881836,10.522000312805176,10.449000358581543,10.447500228881836,7.760293960571289,178433,0.0,0.0,0.0
2011-04-28,10.475000381469727,10.529999732971191,10.463000297546387,10.522500038146973,7.81600284576416,259500,0.0,0.0,0.0
2011-04-29,10.519000053405762,10.519000053405762,10.519000053405762,10.519000053405762,7.813403129577637,0,0.0,0.0,0.0
2011-05-03,10.529999732971191,10.574999809265137,10.505000114440918,10.5625,7.845714092254639,329189,0.0,0.0,0.0
2011-05-04,10.585000038146973,10.585000038146973,10.529999732971191,10.577500343322754,7.856856822967529,206806,0.0,0.0,0.0
2011-05-05,10.5649995803833,10.583000183105469,10.529999732971191,10.5600004196167,7.8438568115234375,230958,0.0,0.0,0.0
2011-05-06,10.574999809265137,10.585000038146973,10.515000343322754,10.552499771118164,7.838286876678467,312442,0.0,0.0,0.0
2011-05-09,10.5649995803833,10.59000015258789,10.515000343322754,10.569999694824219,7.851285457611084,494577,0.0,0.0,0.0
2011-05-10,10.569999694824219,10.585000038146973,10.54699993133545,10.5600004196167,7.8438568115234375,291511,0.0,0.0,0.0
2011-05-11,10.600000381469727,10.600000381469727,10.505000114440918,10.522500038146973,7.81600284576416,196932,0.0,0.0,0.0
2011-05-12,10.680000305175781,10.680000305175781,10.529999732971191,10.5649995803833,7.847570896148682,505043,0.0,0.0,0.0
2011-05-13,10.545000076293945,10.5649995803833,10.524999618530273,10.555000305175781,7.84014368057251,2080406,0.0,0.0,0.0
2011-05-16,10.5600004196167,10.588000297546387,10.529999732971191,10.542499542236328,7.830857753753662,960279,0.0,0.0,0.0
2011-05-17,10.545000076293945,10.574999809265137,10.506999969482422,10.5600004196167,7.8438568115234375,222245,0.0,0.0,0.0
2011-05-18,10.574999809265137,10.585000038146973,10.529999732971191,10.542499542236328,7.830857753753662,344897,0.0,0.0,0.0
2011-05-19,10.449999809265137,10.5600004196167,10.449999809265137,10.545000076293945,7.832714080810547,268897,0.0,0.0,0.0
2011-05-20,10.555000305175781,10.59000015258789,10.541999816894531,10.577500343322754,7.856856822967529,91598,0.0,0.0,0.0
2011-05-23,10.614999771118164,10.625,10.595000267028809,10.604999542236328,7.877285957336426,141670,0.0,0.0,0.0
2011-05-24,10.614999771118164,10.614999771118164,10.574999809265137,10.592499732971191,7.867999076843262,385184,0.0,0.0,0.0
2011-05-25,10.625,10.640000343322754,10.604999542236328,10.612500190734863,7.8828558921813965,517358,0.0,0.0,0.0
2011-05-26,10.579999923706055,10.654999732971191,10.579000473022461,10.630000114440918,7.895854949951172,313178,0.0,0.0,0.0
2011-05-27,10.635000228881836,10.654999732971191,10.62399959564209,10.645000457763672,7.906996250152588,272354,0.0,0.0,0.0
2011-05-31,10.649999618530273,10.649999618530273,10.494000434875488,10.645000457763672,7.906996250152588,432756,0.0,0.0,0.0
2011-06-01,10.645000457763672,10.680500030517578,10.631999969482422,10.680000305175781,7.932991981506348,203856,0.0,0.0,0.0
2011-06-02,10.694999694824219,10.695500373840332,10.654999732971191,10.672499656677246,7.927419662475586,689415,0.0,0.0,0.0
2011-06-03,10.670000076293945,10.694999694824219,10.567000389099121,10.645000457763672,7.906996250152588,311101,0.0,0.0,0.0
2011-06-06,10.670000076293945,10.670000076293945,10.630000114440918,10.645000457763672,7.906996250152588,624247,0.0,0.0,0.0
2011-06-07,10.614999771118164,10.664999961853027,10.59000015258789,10.59749984741211,7.871711730957031,126039,0.0,0.0,0.0
2011-06-08,10.640000343322754,10.645000457763672,10.574999809265137,10.640000343322754,7.903282165527344,183743,0.0,0.0,0.0
2011-06-09,10.640000343322754,10.664999961853027,10.625,10.645000457763672,7.906996250152588,232832,0.0,0.0,0.0
2011-06-10,10.680000305175781,10.6899995803833,10.647500038146973,10.675000190734863,7.929279327392578,84895,0.0,0.0,0.0
2011-06-13,10.680000305175781,10.68317985534668,10.640000343322754,10.657500267028809,7.9162797927856445,277136,0.0,0.0,0.0
2011-06-14,10.6850004196167,10.6850004196167,10.625,10.637499809265137,7.901422023773193,149651,0.0,0.0,0.0
2011-06-15,10.640000343322754,10.65999984741211,10.600000381469727,10.65250015258789,7.912566184997559,125613,0.0,0.0,0.0
2011-06-16,10.680000305175781,10.711000442504883,10.67488956451416,10.702500343322754,7.949705600738525,442591,0.0,0.0,0.0
2011-06-17,10.6899995803833,10.723999977111816,10.666000366210938,10.692500114440918,7.942275047302246,192801,0.0,0.0,0.0
2011-06-20,10.71500015258789,10.725000381469727,10.666000366210938,10.680000305175781,7.932991981506348,405318,0.0,0.0,0.0
2011-06-21,10.6850004196167,10.6850004196167,10.645000457763672,10.662500381469727,7.9199934005737305,673633,0.0,0.0,0.0
2011-06-22,10.6899995803833,10.795000076293945,10.67199993133545,10.680000305175781,7.932991981506348,741403,0.0,0.0,0.0
2011-06-23,10.720000267028809,10.734999656677246,10.663999557495117,10.720000267028809,7.962703227996826,277484,0.0,0.0,0.0
2011-06-24,10.699999809265137,10.755000114440918,10.6899995803833,10.729999542236328,7.970130443572998,130834,0.0,0.0,0.0
2011-06-27,10.739999771118164,10.753000259399414,10.713000297546387,10.717499732971191,7.960845470428467,205568,0.0,0.0,0.0
2011-06-28,10.699999809265137,10.753999710083008,10.638999938964844,10.640000343322754,7.903282165527344,181891,0.0,0.0,0.0
2011-06-29,10.604999542236328,10.624199867248535,10.574999809265137,10.600000381469727,7.873568534851074,199669,0.0,0.0,0.0
2011-06-30,10.600000381469727,10.645000457763672,10.574999809265137,10.579999923706055,7.858712673187256,1239623,0.0,0.0,0.0
2011-07-01,10.579999923706055,10.609999656677246,10.36299991607666,10.567500114440918,7.849428653717041,286049,0.0,0.0,0.0
2011-07-04,10.595000267028809,10.619999885559082,10.579999923706055,10.595000267028809,7.869853973388672,306627,0.0,0.0,0.0
2011-07-05,10.619999885559082,10.625,10.57800006866455,10.619999885559082,7.888425350189209,298089,0.0,0.0,0.0
2011-07-06,10.649999618530273,10.675000190734863,10.635000228881836,10.664999961853027,7.921849727630615,129371,0.0,0.0,0.0
2011-07-07,10.635000228881836,10.675999641418457,10.609999656677246,10.632499694824219,7.89771032333374,205887,0.0,0.0,0.0
2011-07-08,10.630000114440918,10.720000267028809,10.62399959564209,10.704999923706055,7.951560020446777,600921,0.0,0.0,0.0
2011-07-11,10.734999656677246,10.789999961853027,10.710000038146973,10.755000114440918,7.988701343536377,324698,0.0,0.0,0.0
2011-07-12,10.795000076293945,10.864999771118164,10.618000030517578,10.767499923706055,7.997988224029541,277569,0.0,0.0,0.0
2011-07-13,10.774999618530273,10.793999671936035,10.71500015258789,10.727499961853027,7.968274116516113,180971,0.0,0.0,0.0
2011-07-14,10.760000228881836,10.760000228881836,10.722999572753906,10.744999885559082,7.9812726974487305,202075,0.0,0.0,0.0
2011-07-15,10.770000457763672,10.78499984741211,10.75,10.765000343322754,7.996129035949707,179423,0.0,0.0,0.0
2011-07-18,10.84000015258789,10.84000015258789,10.788999557495117,10.8100004196167,8.029553413391113,119426,0.0,0.0,0.0
2011-07-19,10.739999771118164,10.800000190734863,10.739999771118164,10.787500381469727,8.012843132019043,209668,0.0,0.0,0.0
2011-07-20,10.8100004196167,10.8100004196167,10.76200008392334,10.774999618530273,8.003557205200195,475270,0.0,0.0,0.0
2011-07-21,10.829999923706055,10.829999923706055,10.699999809265137,10.71500015258789,7.958992004394531,192659,0.0,0.0,0.0
2011-07-22,10.704999923706055,10.770000457763672,10.657999992370605,10.760000228881836,7.992415904998779,312068,0.0,0.0,0.0
2011-07-25,10.795000076293945,10.835000038146973,10.78600025177002,10.8125,8.031412124633789,253323,0.0,0.0,0.0
2011-07-26,10.800000190734863,10.84000015258789,10.765000343322754,10.789999961853027,8.014699935913086,552308,0.0,0.0,0.0
2011-07-27,10.829999923706055,10.864999771118164,10.795000076293945,10.84000015258789,8.051839828491211,130254,0.0,0.0,0.0
2011-07-28,10.880000114440918,10.880000114440918,10.824999809265137,10.84000015258789,8.051839828491211,224006,0.0,0.0,0.0
2011-07-29,10.84000015258789,10.930000305175781,10.84000015258789,10.930000305175781,8.11868953704834,198830,0.0,0.0,0.0
2011-08-01,10.904999732971191,10.949999809265137,10.875,10.9399995803833,8.126115798950195,253130,0.0,0.0,0.0
2011-08-02,10.944999694824219,10.977999687194824,10.922499656677246,10.947500228881836,8.131688117980957,249834,0.0,0.0,0.0
2011-08-03,10.989999771118164,11.03600025177002,10.96399974822998,11.0024995803833,8.172538757324219,169529,0.0,0.0,0.0
2011-08-04,10.984999656677246,11.119999885559082,10.550000190734863,11.077500343322754,8.228251457214355,1007303,0.0,0.0,0.0
2011-08-05,11.15999984741211,11.15999984741211,10.869999885559082,11.050000190734863,8.20782470703125,126491,0.0,0.0,0.0
2011-08-08,10.75,12.225000381469727,10.75,11.072500228881836,8.22453498840332,3692601,0.0,0.0,0.0
2011-08-09,11.0649995803833,11.10099983215332,10.998000144958496,10.994999885559082,8.16696834564209,365372,0.0,0.0,0.0
2011-08-10,11.039999961853027,11.166000366210938,11.02299976348877,11.15999984741211,8.289530754089355,740265,0.0,0.0,0.0
2011-08-11,11.100000381469727,11.164999961853027,11.095000267028809,11.112500190734863,8.254249572753906,871084,0.0,0.0,0.0
2011-08-12,11.095000267028809,11.157999992370605,11.067500114440918,11.085000038146973,8.233821868896484,528829,0.0,0.0,0.0
2011-08-15,11.039999961853027,11.104999542236328,11.039999961853027,11.085000038146973,8.233821868896484,3927446,0.0,0.0,0.0
2011-08-16,11.079999923706055,11.109000205993652,11.045000076293945,11.055000305175781,8.211538314819336,2086190,0.0,0.0,0.0
2011-08-17,11.100000381469727,11.180000305175781,11.057000160217285,11.162500381469727,8.291387557983398,1006076,0.0,0.0,0.0
2011-08-18,11.220000267028809,11.362000465393066,11.187999725341797,11.300000190734863,8.393521308898926,563010,0.0,0.0,0.0
2011-08-19,11.319999694824219,11.343000411987305,11.222000122070312,11.265000343322754,8.367523193359375,1119934,0.0,0.0,0.0
2011-08-22,11.239999771118164,11.274999618530273,11.22700023651123,11.265000343322754,8.367523193359375,511225,0.0,0.0,0.0
2011-08-23,11.25,11.28499984741211,11.218999862670898,11.2524995803833,8.35823917388916,519017,0.0,0.0,0.0
2011-08-24,11.25,11.27400016784668,11.178999900817871,11.199999809265137,8.319241523742676,438204,0.0,0.0,0.0
2011-08-25,11.175000190734863,11.241000175476074,11.10099983215332,11.22249984741211,8.335958480834961,537415,0.0,0.0,0.0
2011-08-26,11.229999542236328,11.28499984741211,11.164999961853027,11.204999923706055,8.322957038879395,549873,0.0,0.0,0.0
2011-08-30,11.220000267028809,11.223999977111816,11.128999710083008,11.220000267028809,8.334099769592285,501201,0.0,0.0,0.0
2011-08-31,11.175000190734863,11.274999618530273,11.095000267028809,11.095000267028809,8.241251945495605,1307940,0.0,0.0,0.0
2011-09-01,11.199999809265137,11.199999809265137,11.050999641418457,11.162500381469727,8.291387557983398,269129,0.0,0.0,0.0
2011-09-02,11.194999694824219,13.503999710083008,11.175000190734863,11.239999771118164,8.348953247070312,502714,0.0,0.0,0.0
2011-09-05,11.3149995803833,11.414999961853027,11.29800033569336,11.364999771118164,8.441802978515625,410250,0.0,0.0,0.0
2011-09-06,11.399999618530273,12.743000030517578,11.282999992370605,11.354999542236328,8.434375762939453,219334,0.0,0.0,0.0
2011-09-07,11.255000114440918,11.333000183105469,11.255000114440918,11.289999961853027,8.386093139648438,467155,0.0,0.0,0.0
2011-09-08,11.270000457763672,11.369000434875488,11.255000114440918,11.307499885559082,8.399094581604004,214363,0.0,0.0,0.0
2011-09-09,11.324999809265137,11.39799976348877,11.295000076293945,11.390000343322754,8.46037483215332,258375,0.0,0.0,0.0
2011-09-12,11.46500015258789,11.470000267028809,11.428000450134277,11.4399995803833,8.49751091003418,135195,0.0,0.0,0.0
2011-09-13,11.479999542236328,11.517000198364258,11.428000450134277,11.4350004196167,8.493797302246094,431860,0.0,0.0,0.0
2011-09-14,11.444999694824219,11.482999801635742,11.37600040435791,11.404999732971191,8.471515655517578,259855,0.0,0.0,0.0
2011-09-15,11.40999984741211,11.412199974060059,11.278499603271484,11.324999809265137,8.412090301513672,188078,0.0,0.0,0.0
2011-09-16,11.369999885559082,11.380000114440918,11.3149995803833,11.367500305175781,8.443659782409668,254545,0.0,0.0,0.0
2011-09-19,11.425000190734863,11.475000381469727,11.385000228881836,11.430000305175781,8.490083694458008,355349,0.0,0.0,0.0
2011-09-20,11.479999542236328,11.494999885559082,11.416000366210938,11.4399995803833,8.49751091003418,584814,0.0,0.0,0.0
2011-09-21,11.444999694824219,11.444999694824219,11.378000259399414,11.399999618530273,8.467801094055176,265215,0.0,0.0,0.0
2011-09-22,11.475000381469727,11.545999526977539,11.439000129699707,11.482500076293945,8.529082298278809,266866,0.0,0.0,0.0
2011-09-23,11.479999542236328,11.54699993133545,11.443499565124512,11.475000381469727,8.523512840270996,358549,0.0,0.0,0.0
2011-09-26,11.489999771118164,11.51200008392334,11.413999557495117,11.425000190734863,8.486369132995605,149665,0.0,0.0,0.0
2011-09-27,11.364999771118164,11.397000312805176,11.300000190734863,11.329999923706055,8.415806770324707,231272,0.0,0.0,0.0
2011-09-28,11.300000190734863,11.395000457763672,11.295000076293945,11.364999771118164,8.441802978515625,348895,0.0,0.0,0.0
2011-09-29,11.364999771118164,11.416000366210938,11.350000381469727,11.354999542236328,8.434375762939453,214416,0.0,0.0,0.0
2011-09-30,11.380000114440918,11.470000267028809,11.36299991607666,11.442500114440918,8.499370574951172,435063,0.0,0.0,0.0
2011-10-03,11.430000305175781,11.555000305175781,11.430000305175781,11.539999961853027,8.571789741516113,76793,0.0,0.0,0.0
2011-10-04,11.619999885559082,11.729999542236328,11.619999885559082,11.642499923706055,8.647927284240723,935117,0.0,0.0,0.0
2011-10-05,11.595000267028809,11.661999702453613,11.545000076293945,11.567500114440918,8.592217445373535,760206,0.0,0.0,0.0
2011-10-06,11.545000076293945,11.722999572753906,11.524999618530273,11.587499618530273,8.607071876525879,1573372,0.0,0.0,0.0
2011-10-07,11.529999732971191,11.614999771118164,11.494999885559082,11.542499542236328,8.573644638061523,205756,0.0,0.0,0.0
2011-10-10,11.545000076293945,11.574000358581543,11.449999809265137,11.449999809265137,8.5049409866333,192124,0.0,0.0,0.0
2011-10-11,11.470000267028809,11.496999740600586,11.418999671936035,11.4375,8.49565601348877,718421,0.0,0.0,0.0
2011-10-12,11.46500015258789,11.47439956665039,11.354999542236328,11.364999771118164,8.441802978515625,159415,0.0,0.0,0.0
2011-10-13,11.385000228881836,11.479999542236328,11.343999862670898,11.460000038146973,8.512367248535156,367049,0.0,0.0,0.0
2011-10-14,11.470000267028809,11.470999717712402,11.333999633789062,11.407500267028809,8.473372459411621,172224,0.0,0.0,0.0
2011-10-17,11.404999732971191,11.498000144958496,11.368000030517578,11.475000381469727,8.523512840270996,673805,0.0,0.0,0.0
2011-10-18,11.555000305175781,11.569999694824219,11.484999656677246,11.557499885559082,8.58479118347168,545797,0.0,0.0,0.0
2011-10-19,11.484999656677246,11.5649995803833,11.484999656677246,11.53499984741211,8.568077087402344,187077,0.0,0.0,0.0
2011-10-20,11.545000076293945,11.583000183105469,11.5,11.539999961853027,8.571789741516113,1094597,0.0,0.0,0.0
2011-10-21,11.510000228881836,11.534000396728516,11.444000244140625,11.467499732971191,8.517937660217285,635119,0.0,0.0,0.0
2011-10-24,11.5,11.506999969482422,11.4399995803833,11.442500114440918,8.499370574951172,487801,0.0,0.0,0.0
2011-10-25,11.449999809265137,11.545999526977539,11.387999534606934,11.539999961853027,8.571789741516113,1230163,0.0,0.0,0.0
2011-10-26,11.4399995803833,11.444999694824219,11.366999626159668,11.417499542236328,8.48079776763916,273487,0.0,0.0,0.0
2011-10-27,11.255000114440918,11.38599967956543,11.255000114440918,11.282500267028809,8.380521774291992,1306601,0.0,0.0,0.0
2011-10-28,11.225000381469727,11.319999694824219,10.819999694824219,11.255000114440918,8.360095977783203,1127479,0.0,0.0,0.0
2011-10-31,11.319999694824219,11.430000305175781,11.288999557495117,11.430000305175781,8.490083694458008,553259,0.0,0.0,0.0
2011-11-01,11.555000305175781,11.621999740600586,11.482000350952148,11.579999923706055,8.601502418518066,1367451,0.0,0.0,0.0
2011-11-02,11.479999542236328,11.555000305175781,11.479999542236328,11.539999961853027,8.571789741516113,618352,0.0,0.0,0.0
2011-11-03,11.545000076293945,11.59000015258789,11.442000389099121,11.462499618530273,8.514225959777832,1940249,0.0,0.0,0.0
2011-11-04,11.489999771118164,11.545000076293945,11.435999870300293,11.494999885559082,8.53836727142334,403318,0.0,0.0,0.0
2011-11-07,11.520000457763672,11.581000328063965,11.510000228881836,11.532500267028809,8.5662202835083,418549,0.0,0.0,0.0
2011-11-08,11.53499984741211,11.593999862670898,11.517999649047852,11.567500114440918,8.592217445373535,423667,0.0,0.0,0.0
2011-11-09,11.579999923706055,11.720000267028809,11.553999900817871,11.637499809265137,8.644213676452637,237167,0.0,0.0,0.0
2011-11-10,11.694999694824219,11.694999694824219,11.59000015258789,11.609999656677246,8.623786926269531,550979,0.0,0.0,0.0
2011-11-11,11.635000228881836,11.635000228881836,11.550999641418457,11.557499885559082,8.58479118347168,351936,0.0,0.0,0.0
2011-11-14,11.569999694824219,11.645000457763672,11.5649995803833,11.632499694824219,8.640499114990234,557595,0.0,0.0,0.0
2011-11-15,11.6899995803833,11.739999771118164,11.640000343322754,11.710000038146973,8.698064804077148,489763,0.0,0.0,0.0
2011-11-16,11.680000305175781,11.746000289916992,11.670000076293945,11.699999809265137,8.690637588500977,366578,0.0,0.0,0.0
2011-11-17,11.744999885559082,11.765000343322754,11.659000396728516,11.675000190734863,8.672065734863281,317647,0.0,0.0,0.0
2011-11-18,11.664999961853027,11.71399974822998,11.598999977111816,11.630000114440918,8.638643264770508,515270,0.0,0.0,0.0
2011-11-21,11.6850004196167,11.704999923706055,11.645000457763672,11.664999961853027,8.664641380310059,275686,0.0,0.0,0.0
2011-11-22,11.604999542236328,11.725000381469727,11.593000411987305,11.6875,8.681353569030762,142553,0.0,0.0,0.0
2011-11-23,11.744999885559082,11.75,11.667499542236328,11.732500076293945,8.714776039123535,386170,0.0,0.0,0.0
2011-11-24,11.694999694824219,11.78600025177002,11.654999732971191,11.72249984741211,8.707351684570312,530482,0.0,0.0,0.0
2011-11-25,11.694999694824219,11.767999649047852,11.618000030517578,11.647500038146973,8.651640892028809,368699,0.0,0.0,0.0
2011-11-28,11.675000190734863,11.710000038146973,11.579999923706055,11.6899995803833,8.683208465576172,223510,0.0,0.0,0.0
2011-11-29,11.720000267028809,11.789999961853027,11.710000038146973,11.742500305175781,8.722206115722656,208410,0.0,0.0,0.0
2011-11-30,11.78499984741211,11.831000328063965,11.649999618530273,11.649999618530273,8.653498649597168,517662,0.0,0.0,0.0
2011-12-01,11.675000190734863,11.675000190734863,11.535499572753906,11.609999656677246,8.623786926269531,584285,0.0,0.0,0.0
2011-12-02,11.604999542236328,11.628000259399414,11.541999816894531,11.585000038146973,8.605216026306152,1049783,0.0,0.0,0.0
2011-12-05,11.614999771118164,11.614999771118164,11.515000343322754,11.539999961853027,8.571789741516113,525943,0.0,0.0,0.0
2011-12-06,11.5649995803833,11.6899995803833,11.513999938964844,11.677499771118164,8.67392349243164,795607,0.0,0.0,0.0
2011-12-07,11.649999618530273,11.720000267028809,11.628629684448242,11.649999618530273,8.653498649597168,395641,0.0,0.0,0.0
2011-12-08,11.654999732971191,11.713000297546387,11.621529579162598,11.692500114440918,8.685066223144531,357757,0.0,0.0,0.0
2011-12-09,11.670000076293945,11.708000183105469,11.630000114440918,11.657500267028809,8.659067153930664,345429,0.0,0.0,0.0
2011-12-12,11.654999732971191,11.765000343322754,11.654999732971191,11.732500076293945,8.714776039123535,263677,0.0,0.0,0.0
2011-12-13,11.755000114440918,11.771380424499512,11.670000076293945,11.692500114440918,8.685066223144531,325498,0.0,0.0,0.0
2011-12-14,11.670000076293945,11.760000228881836,11.654000282287598,11.744999885559082,8.724064826965332,1329236,0.0,0.0,0.0
2011-12-15,11.744999885559082,11.77299976348877,11.687999725341797,11.71500015258789,8.701777458190918,417210,0.0,0.0,0.0
2011-12-16,11.720000267028809,11.805000305175781,11.697999954223633,11.782500267028809,8.751916885375977,569539,0.0,0.0,0.0
2011-12-19,11.704999923706055,11.817999839782715,11.704999923706055,11.795000076293945,8.761202812194824,67674,0.0,0.0,0.0
2011-12-20,11.78499984741211,11.814000129699707,11.74899959564209,11.767499923706055,8.74077320098877,1463178,0.0,0.0,0.0
2011-12-21,11.779999732971191,11.843999862670898,11.739999771118164,11.765000343322754,8.738916397094727,809705,0.0,0.0,0.0
2011-12-22,11.78499984741211,11.805000305175781,11.744000434875488,11.772500038146973,8.744489669799805,334321,0.0,0.0,0.0
2011-12-23,11.795000076293945,11.850000381469727,11.762999534606934,11.824999809265137,8.783485412597656,300621,0.0,0.0,0.0
2011-12-28,11.795000076293945,11.868000030517578,11.729000091552734,11.835000038146973,8.790913581848145,245651,0.0,0.0,0.0
2011-12-29,11.850000381469727,11.895000457763672,11.821000099182129,11.8774995803833,8.82248306274414,171427,0.0,0.0,0.0
2011-12-30,11.899999618530273,11.90999984741211,11.843999862670898,11.84749984741211,8.800199508666992,86039,0.0,0.0,0.0
2012-01-03,11.789999961853027,11.855999946594238,11.734999656677246,11.819999694824219,8.77977180480957,1216064,0.0,0.0,0.0
2012-01-04,11.795000076293945,11.82800006866455,11.760000228881836,11.774999618530273,8.746345520019531,391051,0.0,0.0,0.0
2012-01-05,11.800000190734863,11.84000015258789,11.748000144958496,11.795000076293945,8.761202812194824,417461,0.0,0.0,0.0
2012-01-06,11.770000457763672,11.864999771118164,11.765000343322754,11.824999809265137,8.783485412597656,230865,0.0,0.0,0.0
2012-01-09,11.8149995803833,11.859999656677246,11.805000305175781,11.845000267028809,8.798341751098633,287422,0.0,0.0,0.0
2012-01-10,11.8100004196167,11.850000381469727,11.78499984741211,11.772500038146973,8.744489669799805,357257,0.0,0.0,0.0
2012-01-11,11.789999961853027,11.845000267028809,11.755000114440918,11.835000038146973,8.790913581848145,227393,0.0,0.0,0.0
2012-01-12,11.859999656677246,11.859999656677246,11.800000190734863,11.819999694824219,8.77977180480957,455633,0.0,0.0,0.0
2012-01-13,11.8149995803833,11.930000305175781,11.765000343322754,11.8774995803833,8.82248306274414,240232,0.0,0.0,0.0
2012-01-16,11.854999542236328,11.920000076293945,11.854999542236328,11.892499923706055,8.833622932434082,476290,0.0,0.0,0.0
2012-01-17,11.904999732971191,11.920000076293945,11.854999542236328,11.899999618530273,8.83919620513916,352427,0.0,0.0,0.0
2012-01-18,11.9350004196167,11.956999778747559,11.895000457763672,11.914999961853027,8.850336074829102,315084,0.0,0.0,0.0
2012-01-19,11.895000457763672,11.92199993133545,11.826000213623047,11.845000267028809,8.798341751098633,6343869,0.0,0.0,0.0
2012-01-20,11.854999542236328,11.854999542236328,11.755000114440918,11.774999618530273,8.746345520019531,672806,0.0,0.0,0.0
2012-01-23,11.779999732971191,11.791999816894531,11.684000015258789,11.720000267028809,8.70549201965332,107882,0.0,0.0,0.0
2012-01-24,11.739999771118164,11.770000457763672,11.692000389099121,11.712499618530273,8.699922561645508,168223,0.0,0.0,0.0
2012-01-25,11.725000381469727,11.760000228881836,11.713629722595215,11.729999542236328,8.712922096252441,422530,0.0,0.0,0.0
2012-01-26,11.765000343322754,11.79699993133545,11.741999626159668,11.77750015258789,8.74820327758789,376633,0.0,0.0,0.0
2012-01-27,11.819999694824219,11.82699966430664,11.781999588012695,11.789999961853027,8.757488250732422,733311,0.0,0.0,0.0
2012-01-30,11.819999694824219,11.871999740600586,11.807000160217285,11.850000381469727,8.802055358886719,644442,0.0,0.0,0.0
2012-01-31,11.850000381469727,11.899999618530273,11.807000160217285,11.892499923706055,8.833622932434082,636849,0.0,0.0,0.0
2012-02-01,11.875,11.890999794006348,11.82699966430664,11.84000015258789,8.794629096984863,1032365,0.0,0.0,0.0
2012-02-02,11.835000038146973,11.845000267028809,11.741999626159668,11.765000343322754,8.738916397094727,550851,0.0,0.0,0.0
2012-02-03,11.770000457763672,11.800000190734863,11.670000076293945,11.670000076293945,8.668351173400879,908383,0.0,0.0,0.0
2012-02-06,11.720000267028809,11.739999771118164,11.680000305175781,11.6850004196167,8.679496765136719,697426,0.0,0.0,0.0
2012-02-07,11.699999809265137,11.71399974822998,11.630000114440918,11.645000457763672,8.649785995483398,362163,0.0,0.0,0.0
2012-02-08,11.619999885559082,11.675000190734863,11.61400032043457,11.662500381469727,8.662782669067383,661575,0.0,0.0,0.0
2012-02-09,11.699999809265137,11.699999809265137,11.574999809265137,11.577500343322754,8.59964656829834,506765,0.0,0.0,0.0
2012-02-10,11.585000038146973,11.654999732971191,11.57699966430664,11.637499809265137,8.644213676452637,291062,0.0,0.0,0.0
2012-02-13,11.65999984741211,11.670000076293945,11.595000267028809,11.65250015258789,8.655355453491211,507020,0.0,0.0,0.0
2012-02-14,11.640000343322754,11.704999923706055,11.628000259399414,11.704999923706055,8.694353103637695,899083,0.0,0.0,0.0
2012-02-15,11.704999923706055,11.736000061035156,11.64799976348877,11.710000038146973,8.698064804077148,668148,0.0,0.0,0.0
2012-02-16,11.699999809265137,11.730999946594238,11.640000343322754,11.65250015258789,8.655355453491211,319011,0.0,0.0,0.0
2012-02-17,11.645000457763672,11.645000457763672,11.569999694824219,11.600000381469727,8.616357803344727,196705,0.0,0.0,0.0
2012-02-20,11.600000381469727,11.600000381469727,11.550000190734863,11.555000305175781,8.58293342590332,348348,0.0,0.0,0.0
2012-02-21,11.520000457763672,11.600000381469727,11.520000457763672,11.577500343322754,8.59964656829834,330877,0.0,0.0,0.0
2012-02-22,11.600000381469727,11.779999732971191,11.54800033569336,11.675000190734863,8.672065734863281,1417032,0.0,0.0,0.0
2012-02-23,11.680000305175781,11.696000099182129,11.640999794006348,11.6850004196167,8.679496765136719,723241,0.0,0.0,0.0
2012-02-24,11.71500015258789,11.732999801635742,11.640000343322754,11.717499732971191,8.703638076782227,135193,0.0,0.0,0.0
2012-02-27,11.729999542236328,11.800000190734863,11.729999542236328,11.767499923706055,8.74077320098877,188549,0.0,0.0,0.0
2012-02-28,11.755000114440918,11.800000190734863,11.755000114440918,11.774999618530273,8.746345520019531,1099580,0.0,0.0,0.0
2012-02-29,11.779999732971191,11.779999732971191,11.699999809265137,11.734999656677246,8.716635704040527,513608,0.0,0.0,0.0
2012-03-01,11.739999771118164,11.739999771118164,11.64799976348877,11.649999618530273,8.653498649597168,228766,0.0,0.0,0.0
2012-03-02,11.6899995803833,11.75,11.664999961853027,11.737500190734863,8.718491554260254,260805,0.0,0.0,0.0
2012-03-05,11.739999771118164,11.77299976348877,11.704999923706055,11.702500343322754,8.692495346069336,187326,0.0,0.0,0.0
2012-03-06,11.739999771118164,11.760000228881836,11.711000442504883,11.7475004196167,8.725919723510742,387553,0.0,0.0,0.0
2012-03-07,11.75,11.774999618530273,11.722000122070312,11.760000228881836,8.735203742980957,99639,0.0,0.0,0.0
2012-03-08,11.704999923706055,11.762999534606934,11.704999923706055,11.732500076293945,8.714776039123535,563011,0.0,0.0,0.0
2012-03-09,11.739999771118164,11.755000114440918,11.720000267028809,11.729999542236328,8.712922096252441,432887,0.0,0.0,0.0
2012-03-12,11.739999771118164,11.795000076293945,11.739999771118164,11.78499984741211,8.753774642944336,501596,0.0,0.0,0.0
2012-03-13,11.75,11.777999877929688,11.70300006866455,11.710000038146973,8.698064804077148,350442,0.0,0.0,0.0
2012-03-14,11.600000381469727,11.659000396728516,11.539999961853027,11.542499542236328,8.573644638061523,470143,0.0,0.0,0.0
2012-03-15,11.5,11.550000190734863,11.46500015258789,11.522500038146973,8.558792114257812,1230805,0.0,0.0,0.0
2012-03-16,11.505000114440918,11.515000343322754,11.423999786376953,11.457500457763672,8.51051139831543,825053,0.0,0.0,0.0
2012-03-19,11.479999542236328,11.517000198364258,11.45580005645752,11.477499961853027,8.525367736816406,418491,0.0,0.0,0.0
2012-03-20,11.475000381469727,11.53600025177002,11.45199966430664,11.46500015258789,8.516079902648926,379864,0.0,0.0,0.0
2012-03-21,11.484999656677246,11.538999557495117,11.449999809265137,11.520000457763672,8.556934356689453,493007,0.0,0.0,0.0
2012-03-22,11.5600004196167,11.61400032043457,11.529999732971191,11.5600004196167,8.586647033691406,425395,0.0,0.0,0.0
2012-03-23,11.545000076293945,11.630000114440918,11.545000076293945,11.595000267028809,8.61264419555664,199771,0.0,0.0,0.0
2012-03-26,11.614999771118164,11.644000053405762,11.539999961853027,11.539999961853027,8.571789741516113,471678,0.0,0.0,0.0
2012-03-27,11.5600004196167,11.614999771118164,11.553000450134277,11.609999656677246,8.623786926269531,961078,0.0,0.0,0.0
2012-03-28,11.600000381469727,11.651000022888184,11.57800006866455,11.632499694824219,8.640499114990234,441568,0.0,0.0,0.0
2012-03-29,11.640000343322754,11.667099952697754,11.622900009155273,11.647500038146973,8.651640892028809,991551,0.0,0.0,0.0
2012-03-30,11.654999732971191,11.699999809265137,11.625,11.635000228881836,8.642354965209961,458507,0.0,0.0,0.0
2012-04-02,11.600000381469727,11.659000396728516,11.567999839782715,11.630000114440918,8.638643264770508,622979,0.0,0.0,0.0
2012-04-03,11.600000381469727,11.670000076293945,11.586999893188477,11.654999732971191,8.65721321105957,511931,0.0,0.0,0.0
2012-04-04,11.609999656677246,11.680000305175781,11.609999656677246,11.630000114440918,8.638643264770508,174309,0.0,0.0,0.0
2012-04-05,11.645000457763672,11.718000411987305,11.62600040435791,11.6850004196167,8.679496765136719,489621,0.0,0.0,0.0
2012-04-10,11.734999656677246,11.822999954223633,11.722000122070312,11.8125,8.774200439453125,284991,0.0,0.0,0.0
2012-04-11,11.800000190734863,11.817000389099121,11.739999771118164,11.774999618530273,8.746345520019531,205356,0.0,0.0,0.0
2012-04-12,11.755000114440918,11.782999992370605,11.720000267028809,11.737500190734863,8.718491554260254,773799,0.0,0.0,0.0
2012-04-13,11.765000343322754,11.779999732971191,11.734999656677246,11.774999618530273,8.746345520019531,192015,0.0,0.0,0.0
2012-04-16,11.770000457763672,11.793999671936035,11.734999656677246,11.762499809265137,8.737060546875,331690,0.0,0.0,0.0
2012-04-17,11.774999618530273,11.774999618530273,11.699999809265137,11.704999923706055,8.694353103637695,457677,0.0,0.0,0.0
2012-04-18,11.720000267028809,11.723999977111816,11.654000282287598,11.6875,8.681353569030762,498884,0.0,0.0,0.0
2012-04-19,11.670000076293945,11.697999954223633,11.640000343322754,11.664999961853027,8.664641380310059,404635,0.0,0.0,0.0
2012-04-20,11.645000457763672,11.684000015258789,11.60200023651123,11.649999618530273,8.653498649597168,215656,0.0,0.0,0.0
2012-04-23,11.675000190734863,11.704999923706055,11.65999984741211,11.675000190734863,8.672065734863281,211818,0.0,0.0,0.0
2012-04-24,11.6850004196167,11.699999809265137,11.630999565124512,11.682499885559082,8.677638053894043,249470,0.0,0.0,0.0
2012-04-25,11.550000190734863,11.638460159301758,11.520000457763672,11.53499984741211,8.568077087402344,670337,0.0,0.0,0.0
2012-04-26,11.545000076293945,11.60099983215332,11.529999732971191,11.572500228881836,8.595932006835938,253974,0.0,0.0,0.0
2012-04-27,11.630000114440918,11.630000114440918,11.539999961853027,11.547499656677246,8.577360153198242,756777,0.0,0.0,0.0
2012-04-30,11.555000305175781,11.569999694824219,11.517000198364258,11.542499542236328,8.573644638061523,203066,0.0,0.0,0.0
2012-05-01,11.539999961853027,11.609000205993652,11.529999732971191,11.552499771118164,8.581076622009277,511953,0.0,0.0,0.0
2012-05-02,11.53499984741211,11.630000114440918,11.53499984741211,11.600000381469727,8.616357803344727,448994,0.0,0.0,0.0
2012-05-03,11.619999885559082,11.670000076293945,11.583000183105469,11.602499961853027,8.618215560913086,979635,0.0,0.0,0.0
2012-05-04,11.630000114440918,11.649999618530273,11.588000297546387,11.630000114440918,8.638643264770508,307792,0.0,0.0,0.0
2012-05-08,11.704999923706055,11.710000038146973,11.597999572753906,11.697500228881836,8.688780784606934,231462,0.0,0.0,0.0
2012-05-09,11.699999809265137,11.739999771118164,11.670999526977539,11.704999923706055,8.694353103637695,3044772,0.0,0.0,0.0
2012-05-10,11.694999694824219,11.711999893188477,11.609000205993652,11.645000457763672,8.649785995483398,64858,0.0,0.0,0.0
2012-05-11,11.65999984741211,11.699999809265137,11.649999618530273,11.65999984741211,8.660924911499023,204585,0.0,0.0,0.0
2012-05-14,11.675000190734863,11.755000114440918,11.675000190734863,11.739999771118164,8.720349311828613,493583,0.0,0.0,0.0
2012-05-15,11.729999542236328,11.74899959564209,11.6899995803833,11.729999542236328,8.712922096252441,288488,0.0,0.0,0.0
2012-05-16,11.729999542236328,11.819999694824219,11.696000099182129,11.755000114440918,8.731490135192871,901990,0.0,0.0,0.0
2012-05-17,11.75,11.807000160217285,11.75,11.78499984741211,8.753774642944336,219472,0.0,0.0,0.0
2012-05-18,11.8149995803833,11.850000381469727,11.791000366210938,11.842499732971191,8.796485900878906,428129,0.0,0.0,0.0
2012-05-21,11.835000038146973,11.868000030517578,11.789999961853027,11.805000305175781,8.768630027770996,581074,0.0,0.0,0.0
2012-05-22,11.680000305175781,11.812000274658203,11.680000305175781,11.77750015258789,8.74820327758789,1401292,0.0,0.0,0.0
2012-05-23,11.720000267028809,11.878000259399414,11.720000267028809,11.862500190734863,8.8113431930542,184695,0.0,0.0,0.0
2012-05-24,11.84000015258789,11.904999732971191,11.84000015258789,11.875,8.820627212524414,837125,0.0,0.0,0.0
2012-05-25,11.854999542236328,11.90999984741211,11.854999542236328,11.895000457763672,8.835477828979492,582179,0.0,0.0,0.0
2012-05-29,11.84000015258789,11.904999732971191,11.84000015258789,11.850000381469727,8.802055358886719,672955,0.0,0.0,0.0
2012-05-30,11.885000228881836,11.968429565429688,11.869999885559082,11.957500457763672,8.881906509399414,1169480,0.0,0.0,0.0
2012-05-31,11.949999809265137,12.050000190734863,11.902999877929688,12.039999961853027,8.94318675994873,1961875,0.0,0.0,0.0
2012-06-01,12.029999732971191,12.210000038146973,12.029999732971191,12.125,9.00632381439209,1785922,0.0,0.0,0.0
2012-06-06,11.960000038146973,12.079999923706055,11.960000038146973,12.015000343322754,8.924616813659668,3382819,0.0,0.0,0.0
2012-06-07,12.039999961853027,12.0600004196167,11.906999588012695,11.920000076293945,8.854052543640137,1253837,0.0,0.0,0.0
2012-06-08,11.975000381469727,12.055000305175781,11.91100025177002,12.0024995803833,8.91533088684082,1146518,0.0,0.0,0.0
2012-06-11,11.960000038146973,11.996999740600586,11.920000076293945,11.975000381469727,8.894904136657715,623060,0.0,0.0,0.0
2012-06-12,11.944999694824219,12.0,11.881999969482422,11.90999984741211,8.8466215133667,214917,0.0,0.0,0.0
2012-06-13,11.864999771118164,11.899999618530273,11.8100004196167,11.850000381469727,8.802055358886719,1779169,0.0,0.0,0.0
2012-06-14,11.880000114440918,11.890000343322754,11.791000366210938,11.827500343322754,8.7853422164917,382640,0.0,0.0,0.0
2012-06-15,11.949999809265137,11.949999809265137,11.854999542236328,11.90999984741211,8.8466215133667,537246,0.0,0.0,0.0
2012-06-18,11.944999694824219,12.005000114440918,11.861000061035156,11.942500114440918,8.870763778686523,216185,0.0,0.0,0.0
2012-06-19,11.925000190734863,11.994999885559082,11.875,11.887499809265137,8.829909324645996,523778,0.0,0.0,0.0
2012-06-20,11.869999885559082,11.944999694824219,11.85099983215332,11.890000343322754,8.831767082214355,661694,0.0,0.0,0.0
2012-06-21,11.885000228881836,11.979999542236328,11.880999565124512,11.970000267028809,8.891189575195312,235285,0.0,0.0,0.0
2012-06-22,12.020000457763672,12.020000457763672,11.960000038146973,11.982500076293945,8.900477409362793,155367,0.0,0.0,0.0
2012-06-25,12.015000343322754,12.039999961853027,12.0,12.017499923706055,8.926471710205078,151782,0.0,0.0,0.0
2012-06-26,12.010000228881836,12.01200008392334,11.928000450134277,11.989999771118164,8.906047821044922,911207,0.0,0.0,0.0
2012-06-27,11.970000267028809,11.994999885559082,11.95300006866455,11.975000381469727,8.894904136657715,325058,0.0,0.0,0.0
2012-06-28,12.045000076293945,12.045000076293945,11.993000030517578,12.024999618530273,8.93204402923584,885918,0.0,0.0,0.0
2012-06-29,11.859999656677246,11.975000381469727,11.819999694824219,11.9399995803833,8.86890697479248,986390,0.0,0.0,0.0
2012-07-02,11.914999961853027,11.979999542236328,11.892999649047852,11.967499732971191,8.889333724975586,395781,0.0,0.0,0.0
2012-07-03,11.944999694824219,11.984999656677246,11.875,11.875,8.820627212524414,331815,0.0,0.0,0.0
2012-07-04,11.850000381469727,11.930000305175781,11.850000381469727,11.922499656677246,8.855910301208496,457089,0.0,0.0,0.0
2012-07-05,11.920000076293945,11.970000267028809,11.857999801635742,11.944999694824219,8.87261962890625,691118,0.0,0.0,0.0
2012-07-06,11.970000267028809,12.010000228881836,11.781999588012695,12.005000114440918,8.91718864440918,2347978,0.0,0.0,0.0
2012-07-09,12.015000343322754,12.052000045776367,11.99899959564209,12.02750015258789,8.933897972106934,64518,0.0,0.0,0.0
2012-07-10,12.015000343322754,12.045000076293945,12.008999824523926,12.024999618530273,8.93204402923584,215880,0.0,0.0,0.0
2012-07-11,12.050000190734863,12.0649995803833,12.001999855041504,12.045000076293945,8.946898460388184,439126,0.0,0.0,0.0
2012-07-12,12.050000190734863,12.114999771118164,12.03499984741211,12.087499618530273,8.978468894958496,142199,0.0,0.0,0.0
2012-07-13,12.095000267028809,12.109999656677246,12.069999694824219,12.092499732971191,8.982182502746582,119089,0.0,0.0,0.0
2012-07-16,12.074999809265137,12.163000106811523,12.074999809265137,12.142499923706055,9.019320487976074,172800,0.0,0.0,0.0
2012-07-17,12.135000228881836,12.164999961853027,12.109000205993652,12.132499694824219,9.011895179748535,204811,0.0,0.0,0.0
2012-07-18,12.095000267028809,12.204999923706055,12.095000267028809,12.172499656677246,9.041605949401855,81377,0.0,0.0,0.0
2012-07-19,12.135000228881836,12.173999786376953,12.100000381469727,12.114999771118164,8.998895645141602,243554,0.0,0.0,0.0
2012-07-20,12.119999885559082,12.164999961853027,12.10099983215332,12.140000343322754,9.01746654510498,255534,0.0,0.0,0.0
2012-07-23,12.1850004196167,12.215999603271484,12.133999824523926,12.147500038146973,9.023035049438477,496273,0.0,0.0,0.0
2012-07-24,12.125,12.17199993133545,12.07699966430664,12.15250015258789,9.026750564575195,92149,0.0,0.0,0.0
2012-07-25,12.149999618530273,12.201000213623047,12.126999855041504,12.162500381469727,9.03417682647705,196971,0.0,0.0,0.0
2012-07-26,12.15999984741211,12.204999923706055,12.123000144958496,12.154999732971191,9.028609275817871,288556,0.0,0.0,0.0
2012-07-27,12.145000457763672,12.17199993133545,12.079999923706055,12.114999771118164,8.998895645141602,179989,0.0,0.0,0.0
2012-07-30,12.114999771118164,12.130000114440918,12.050000190734863,12.100000381469727,8.987753868103027,192065,0.0,0.0,0.0
2012-07-31,12.140000343322754,12.180000305175781,12.083999633789062,12.164999961853027,9.036033630371094,1011056,0.0,0.0,0.0
2012-08-01,12.1850004196167,12.187000274658203,12.083939552307129,12.119999885559082,9.002606391906738,1151754,0.0,0.0,0.0
2012-08-02,12.140000343322754,12.190999984741211,12.104999542236328,12.175000190734863,9.043461799621582,306344,0.0,0.0,0.0
2012-08-03,12.15999984741211,12.1899995803833,11.902999877929688,12.087499618530273,8.978468894958496,504358,0.0,0.0,0.0
2012-08-06,12.125,12.1899995803833,12.09000015258789,12.147500038146973,9.023035049438477,340796,0.0,0.0,0.0
2012-08-07,12.145000457763672,12.184000015258789,12.062999725341797,12.077500343322754,8.971041679382324,476424,0.0,0.0,0.0
2012-08-08,12.119999885559082,12.149999618530273,12.09000015258789,12.095000267028809,8.984038352966309,682388,0.0,0.0,0.0
2012-08-09,12.100000381469727,12.121999740600586,12.0600004196167,12.057499885559082,8.956182479858398,496884,0.0,0.0,0.0
2012-08-10,12.095000267028809,12.154999732971191,12.095000267028809,12.142499923706055,9.019320487976074,600772,0.0,0.0,0.0
2012-08-13,12.175000190734863,12.175000190734863,12.07800006866455,12.104999542236328,8.991466522216797,1449777,0.0,0.0,0.0
2012-08-14,12.100000381469727,12.140000343322754,12.055000305175781,12.072500228881836,8.967325210571289,115761,0.0,0.0,0.0
2012-08-15,12.029999732971191,12.053999900817871,11.975000381469727,12.0,8.913475036621094,129970,0.0,0.0,0.0
2012-08-16,11.975000381469727,12.01200008392334,11.960000038146973,11.977499961853027,8.89676284790039,157602,0.0,0.0,0.0
2012-08-17,11.975000381469727,12.020000457763672,11.965999603271484,12.010000228881836,8.92090129852295,371428,0.0,0.0,0.0
2012-08-20,11.975000381469727,12.036999702453613,11.949000358581543,12.017499923706055,8.926471710205078,206593,0.0,0.0,0.0
2012-08-21,11.984999656677246,12.010000228881836,11.9350004196167,11.944999694824219,8.87261962890625,408751,0.0,0.0,0.0
2012-08-22,12.015000343322754,12.020000457763672,11.954999923706055,12.005000114440918,8.91718864440918,333258,0.0,0.0,0.0
2012-08-23,12.03499984741211,12.067000389099121,12.020000457763672,12.055000305175781,8.954327583312988,695942,0.0,0.0,0.0
2012-08-24,12.069999694824219,12.114999771118164,12.062999725341797,12.087499618530273,8.978468894958496,69376,0.0,0.0,0.0
2012-08-28,12.154999732971191,12.154999732971191,12.108699798583984,12.137499809265137,9.015609741210938,1108466,0.0,0.0,0.0
2012-08-29,12.170000076293945,12.170000076293945,12.109649658203125,12.1225004196167,9.004467010498047,273457,0.0,0.0,0.0
2012-08-30,12.140000343322754,12.1850004196167,12.111000061035156,12.175000190734863,9.043461799621582,117839,0.0,0.0,0.0
2012-08-31,12.1899995803833,12.194999694824219,12.104999542236328,12.140000343322754,9.01746654510498,529020,0.0,0.0,0.0
2012-09-03,12.149999618530273,12.184000015258789,12.114999771118164,12.125,9.00632381439209,267397,0.0,0.0,0.0
2012-09-04,12.100000381469727,12.15999984741211,12.071000099182129,12.142499923706055,9.019320487976074,2310194,0.0,0.0,0.0
2012-09-05,12.164999961853027,12.178999900817871,12.104999542236328,12.130000114440918,9.01003646850586,2612804,0.0,0.0,0.0
2012-09-06,12.079999923706055,12.121000289916992,12.039999961853027,12.052499771118164,8.952471733093262,137072,0.0,0.0,0.0
2012-09-07,11.979999542236328,12.079999923706055,11.944999694824219,12.069999694824219,8.96546745300293,281240,0.0,0.0,0.0
2012-09-10,12.0600004196167,12.0649995803833,11.989999771118164,12.012499809265137,8.922760009765625,214667,0.0,0.0,0.0
2012-09-11,11.989999771118164,12.020000457763672,11.982000350952148,11.992500305175781,8.907902717590332,169432,0.0,0.0,0.0
2012-09-12,11.979999542236328,11.984000205993652,11.906999588012695,11.930000305175781,8.86147689819336,261290,0.0,0.0,0.0
2012-09-13,11.9350004196167,11.984999656677246,11.916000366210938,11.96500015258789,8.887476921081543,315099,0.0,0.0,0.0
2012-09-14,11.9350004196167,11.944999694824219,11.814000129699707,11.829999923706055,8.787200927734375,461390,0.0,0.0,0.0
2012-09-17,11.805000305175781,11.885000228881836,11.805000305175781,11.875,8.820627212524414,199056,0.0,0.0,0.0
2012-09-18,11.90999984741211,11.920000076293945,11.869000434875488,11.90999984741211,8.8466215133667,1761573,0.0,0.0,0.0
2012-09-19,11.904999732971191,11.984999656677246,11.880999565124512,11.944999694824219,8.87261962890625,139439,0.0,0.0,0.0
2012-09-20,11.930000305175781,12.0,11.930000305175781,11.984999656677246,8.90233325958252,193775,0.0,0.0,0.0
2012-09-21,11.930000305175781,11.970000267028809,11.91100025177002,11.942500114440918,8.870763778686523,173888,0.0,0.0,0.0
2012-09-24,11.975000381469727,11.982999801635742,11.930000305175781,11.960000038146973,8.883763313293457,1730077,0.0,0.0,0.0
2012-09-25,11.970000267028809,12.015000343322754,11.956000328063965,11.96500015258789,8.887476921081543,476670,0.0,0.0,0.0
2012-09-26,12.020000457763672,12.102999687194824,12.006999969482422,12.074999809265137,8.969183921813965,249017,0.0,0.0,0.0
2012-09-27,12.0649995803833,12.088000297546387,12.03499984741211,12.050000190734863,8.95061206817627,132317,0.0,0.0,0.0
2012-09-28,12.079999923706055,12.083000183105469,12.015999794006348,12.055000305175781,8.954327583312988,888739,0.0,0.0,0.0
2012-10-01,12.050000190734863,12.08899974822998,11.991000175476074,12.022500038146973,8.930185317993164,269005,0.0,0.0,0.0
2012-10-02,12.069999694824219,12.069999694824219,11.989999771118164,12.039999961853027,8.94318675994873,913516,0.0,0.0,0.0
2012-10-03,12.069999694824219,12.083999633789062,12.050000190734863,12.072500228881836,8.967325210571289,179109,0.0,0.0,0.0
2012-10-04,12.0649995803833,12.104999542236328,12.02400016784668,12.0600004196167,8.95804214477539,8503237,0.0,0.0,0.0
2012-10-05,12.03499984741211,12.050000190734863,11.970000267028809,11.977499961853027,8.89676284790039,204669,0.0,0.0,0.0
2012-10-08,12.029999732971191,12.029999732971191,11.998000144958496,12.020000457763672,8.92833137512207,147626,0.0,0.0,0.0
2012-10-09,11.994999885559082,12.03499984741211,11.989999771118164,12.032500267028809,8.937616348266602,480822,0.0,0.0,0.0
2012-10-10,12.0,12.048999786376953,11.979999542236328,11.992500305175781,8.907902717590332,761797,0.0,0.0,0.0
2012-10-11,12.020000457763672,12.021100044250488,11.963000297546387,11.982500076293945,8.900477409362793,115600,0.0,0.0,0.0
2012-10-12,12.024999618530273,12.050000190734863,11.980999946594238,12.050000190734863,8.95061206817627,115481,0.0,0.0,0.0
2012-10-15,12.03499984741211,12.045000076293945,12.005000114440918,12.012499809265137,8.922760009765625,147971,0.0,0.0,0.0
2012-10-16,11.989999771118164,12.015000343322754,11.946999549865723,11.944999694824219,8.87261962890625,1239683,0.0,0.0,0.0
2012-10-17,11.90999984741211,11.934000015258789,11.854999542236328,11.859999656677246,8.809484481811523,206936,0.0,0.0,0.0
2012-10-18,11.859999656677246,11.90999984741211,11.843000411987305,11.882499694824219,8.82619571685791,138162,0.0,0.0,0.0
2012-10-19,11.875,11.909000396728516,11.859999656677246,11.887499809265137,8.829909324645996,301057,0.0,0.0,0.0
2012-10-22,11.869999885559082,11.895000457763672,11.847999572753906,11.875,8.820627212524414,183792,0.0,0.0,0.0
2012-10-23,11.880000114440918,11.960000038146973,11.868000030517578,11.949999809265137,8.876334190368652,613549,0.0,0.0,0.0
2012-10-24,11.78499984741211,11.845000267028809,11.78499984741211,11.802499771118164,8.76677131652832,475017,0.0,0.0,0.0
2012-10-25,11.770000457763672,11.786100387573242,11.732999801635742,11.77750015258789,8.74820327758789,260964,0.0,0.0,0.0
2012-10-26,11.795000076293945,11.829999923706055,11.779999732971191,11.8100004196167,8.772345542907715,518284,0.0,0.0,0.0
2012-10-29,11.84000015258789,11.883000373840332,11.84000015258789,11.880000114440918,8.8243408203125,227026,0.0,0.0,0.0
2012-10-30,11.864999771118164,11.88401985168457,11.84000015258789,11.859999656677246,8.809484481811523,233132,0.0,0.0,0.0
2012-10-31,11.84000015258789,11.869000434875488,11.819000244140625,11.845000267028809,8.798341751098633,168112,0.0,0.0,0.0
2012-11-01,11.8149995803833,11.843999862670898,11.795999526977539,11.800000190734863,8.76491641998291,189313,0.0,0.0,0.0
2012-11-02,11.824999809265137,11.84000015258789,11.770000457763672,11.8149995803833,8.776058197021484,200801,0.0,0.0,0.0
2012-11-05,11.84000015258789,11.875,11.824000358581543,11.869999885559082,8.816912651062012,989031,0.0,0.0,0.0
2012-11-06,11.845000267028809,11.883999824523926,11.831000328063965,11.850000381469727,8.802055358886719,382528,0.0,0.0,0.0
2012-11-07,11.859999656677246,11.914999961853027,11.840999603271484,11.899999618530273,8.83919620513916,572583,0.0,0.0,0.0
2012-11-08,11.920000076293945,11.937000274658203,11.87600040435791,11.90250015258789,8.841050148010254,231208,0.0,0.0,0.0
2012-11-09,11.920000076293945,11.979999542236328,11.914999961853027,11.930000305175781,8.86147689819336,252515,0.0,0.0,0.0
2012-11-12,11.960000038146973,11.970000267028809,11.90999984741211,11.930000305175781,8.86147689819336,139472,0.0,0.0,0.0
2012-11-13,11.9399995803833,11.958999633789062,11.899999618530273,11.927499771118164,8.859622955322266,630357,0.0,0.0,0.0
2012-11-14,11.899999618530273,11.944000244140625,11.855999946594238,11.895000457763672,8.835477828979492,96118,0.0,0.0,0.0
2012-11-15,11.904999732971191,11.923999786376953,11.880000114440918,11.912500381469727,8.848481178283691,125431,0.0,0.0,0.0
2012-11-16,11.904999732971191,11.9399995803833,11.901000022888184,11.947500228881836,8.874478340148926,79068,0.0,0.0,0.0
2012-11-19,11.920000076293945,11.928999900817871,11.880999565124512,11.899999618530273,8.83919620513916,136035,0.0,0.0,0.0
2012-11-20,11.880000114440918,11.899999618530273,11.8100004196167,11.822500228881836,8.78162956237793,278340,0.0,0.0,0.0
2012-11-21,11.8100004196167,11.843999862670898,11.802000045776367,11.817500114440918,8.777913093566895,302339,0.0,0.0,0.0
2012-11-22,11.795000076293945,11.848999977111816,11.791000366210938,11.84000015258789,8.794629096984863,254404,0.0,0.0,0.0
2012-11-23,11.800000190734863,11.875,11.800000190734863,11.854999542236328,8.805770874023438,247005,0.0,0.0,0.0
2012-11-26,11.854999542236328,11.885000228881836,11.840999603271484,11.859999656677246,8.809484481811523,291072,0.0,0.0,0.0
2012-11-27,11.859999656677246,11.859999656677246,11.803000450134277,11.837499618530273,8.79277229309082,294811,0.0,0.0,0.0
2012-11-28,11.829999923706055,11.944999694824219,11.829999923706055,11.920000076293945,8.854052543640137,409076,0.0,0.0,0.0
2012-11-29,11.904999732971191,11.9350004196167,11.890000343322754,11.925000190734863,8.857766151428223,279477,0.0,0.0,0.0
2012-11-30,11.890000343322754,11.960000038146973,11.890000343322754,11.922499656677246,8.855910301208496,251856,0.0,0.0,0.0
2012-12-03,11.914999961853027,11.947999954223633,11.869999885559082,11.880000114440918,8.8243408203125,635371,0.0,0.0,0.0
2012-12-04,11.869999885559082,11.89900016784668,11.847000122070312,11.885000228881836,8.82805347442627,544112,0.0,0.0,0.0
2012-12-05,11.859999656677246,11.88599967956543,11.805000305175781,11.854999542236328,8.805770874023438,624985,0.0,0.0,0.0
2012-12-06,11.859999656677246,11.904999732971191,11.803000450134277,11.892499923706055,8.833622932434082,301385,0.0,0.0,0.0
2012-12-07,11.859999656677246,11.928999900817871,11.845000267028809,11.882499694824219,8.82619571685791,426811,0.0,0.0,0.0
2012-12-10,11.949999809265137,11.949999809265137,11.847000122070312,11.857500076293945,8.80762767791748,203876,0.0,0.0,0.0
2012-12-11,11.869999885559082,11.875,11.795000076293945,11.829999923706055,8.787200927734375,384232,0.0,0.0,0.0
2012-12-12,11.805000305175781,11.850000381469727,11.795999526977539,11.832500457763672,8.789056777954102,519767,0.0,0.0,0.0
2012-12-13,11.854999542236328,11.87399959564209,11.800000190734863,11.8149995803833,8.776058197021484,343701,0.0,0.0,0.0
2012-12-14,11.78499984741211,11.8149995803833,11.776000022888184,11.805000305175781,8.768630027770996,264393,0.0,0.0,0.0
2012-12-17,11.78499984741211,11.807999610900879,11.765999794006348,11.792499542236328,8.759346961975098,200251,0.0,0.0,0.0
2012-12-18,11.779999732971191,11.782999992370605,11.729999542236328,11.734999656677246,8.716635704040527,222220,0.0,0.0,0.0
2012-12-19,11.71500015258789,11.744000434875488,11.696000099182129,11.72249984741211,8.707351684570312,587113,0.0,0.0,0.0
2012-12-20,11.720000267028809,11.762999534606934,11.711999893188477,11.737500190734863,8.718491554260254,308589,0.0,0.0,0.0
2012-12-21,11.654999732971191,11.79800033569336,11.654999732971191,11.78499984741211,8.753774642944336,455664,0.0,0.0,0.0
2012-12-24,11.770000457763672,11.824000358581543,11.770000457763672,11.792499542236328,8.759346961975098,156400,0.0,0.0,0.0
2012-12-27,11.774999618530273,11.881999969482422,11.770999908447266,11.869999885559082,8.816912651062012,273597,0.0,0.0,0.0
2012-12-28,11.899999618530273,11.907999992370605,11.85200023651123,11.857500076293945,8.80762767791748,392540,0.0,0.0,0.0
2012-12-31,11.829999923706055,11.892999649047852,11.829999923706055,11.867500305175781,8.815053939819336,91715,0.0,0.0,0.0
2013-01-02,11.734999656677246,11.800999641418457,11.694999694824219,11.694999694824219,8.68692398071289,350828,0.0,0.0,0.0
2013-01-03,11.699999809265137,11.710000038146973,11.619999885559082,11.635000228881836,8.642354965209961,389081,0.0,0.0,0.0
2013-01-04,11.585000038146973,11.699000358581543,11.576789855957031,11.595000267028809,8.61264419555664,471638,0.0,0.0,0.0
2013-01-07,11.600000381469727,11.647000312805176,11.600000381469727,11.637499809265137,8.644213676452637,859236,0.0,0.0,0.0
2013-01-08,11.65999984741211,11.71500015258789,11.637999534606934,11.710000038146973,8.698064804077148,935457,0.0,0.0,0.0
2013-01-09,11.6850004196167,11.737000465393066,11.6850004196167,11.712499618530273,8.699922561645508,567626,0.0,0.0,0.0
2013-01-10,11.710000038146973,11.73900032043457,11.625,11.647500038146973,8.651640892028809,3467535,0.0,0.0,0.0
2013-01-11,11.640000343322754,11.6850004196167,11.619999885559082,11.649999618530273,8.653498649597168,640672,0.0,0.0,0.0
2013-01-14,11.640000343322754,11.710000038146973,11.640000343322754,11.697500228881836,8.688780784606934,421303,0.0,0.0,0.0
2013-01-15,11.699999809265137,11.734000205993652,11.675000190734863,11.694999694824219,8.68692398071289,2512519,0.0,0.0,0.0
2013-01-16,11.704999923706055,11.741999626159668,11.692000389099121,11.720000267028809,8.70549201965332,430481,0.0,0.0,0.0
2013-01-17,11.699999809265137,11.720000267028809,11.654999732971191,11.677499771118164,8.67392349243164,279697,0.0,0.0,0.0
2013-01-18,11.6850004196167,11.699999809265137,11.64799976348877,11.699999809265137,8.690637588500977,106673,0.0,0.0,0.0
2013-01-21,11.699999809265137,11.711999893188477,11.649999618530273,11.65999984741211,8.660924911499023,640333,0.0,0.0,0.0
2013-01-22,11.640000343322754,11.696000099182129,11.640000343322754,11.675000190734863,8.672065734863281,731671,0.0,0.0,0.0
2013-01-23,11.694999694824219,11.729999542236328,11.65999984741211,11.720000267028809,8.70549201965332,631868,0.0,0.0,0.0
2013-01-24,11.694999694824219,11.762999534606934,11.6899995803833,11.694999694824219,8.68692398071289,492680,0.0,0.0,0.0
2013-01-25,11.734999656677246,11.734999656677246,11.635000228881836,11.657500267028809,8.659067153930664,255037,0.0,0.0,0.0
2013-01-28,11.649999618530273,11.65999984741211,11.604999542236328,11.619999885559082,8.631214141845703,291696,0.0,0.0,0.0
2013-01-29,11.65999984741211,11.664999961853027,11.621000289916992,11.637499809265137,8.644213676452637,302943,0.0,0.0,0.0
2013-01-30,11.625,11.63599967956543,11.597000122070312,11.612500190734863,8.625641822814941,754141,0.0,0.0,0.0
2013-01-31,11.640000343322754,11.680000305175781,11.619000434875488,11.632499694824219,8.640499114990234,581838,0.0,0.0,0.0
2013-02-01,11.625,11.673199653625488,11.61299991607666,11.654999732971191,8.65721321105957,308012,0.0,0.0,0.0
2013-02-04,11.619999885559082,11.670000076293945,11.579999923706055,11.640000343322754,8.646069526672363,254126,0.0,0.0,0.0
2013-02-05,11.649999618530273,11.708999633789062,11.607000350952148,11.635000228881836,8.642354965209961,2159710,0.0,0.0,0.0
2013-02-06,11.664999961853027,11.664999961853027,11.625,11.642499923706055,8.647927284240723,341603,0.0,0.0,0.0
2013-02-07,11.6850004196167,11.692000389099121,11.593999862670898,11.635000228881836,8.642354965209961,459948,0.0,0.0,0.0
2013-02-08,11.630000114440918,11.649999618530273,11.604999542236328,11.6274995803833,8.636783599853516,497251,0.0,0.0,0.0
2013-02-11,11.635000228881836,11.673999786376953,11.581999778747559,11.607500076293945,8.621929168701172,139148,0.0,0.0,0.0
2013-02-12,11.619999885559082,11.625,11.569999694824219,11.592499732971191,8.610786437988281,374639,0.0,0.0,0.0
2013-02-13,11.579999923706055,11.598999977111816,11.489999771118164,11.517499923706055,8.555079460144043,381268,0.0,0.0,0.0
2013-02-14,11.5,11.557999610900879,11.470000267028809,11.552499771118164,8.581076622009277,490361,0.0,0.0,0.0
2013-02-15,11.574999809265137,11.604000091552734,11.536999702453613,11.539999961853027,8.571789741516113,270141,0.0,0.0,0.0
2013-02-18,11.555000305175781,11.5649995803833,11.53499984741211,11.537500381469727,8.569933891296387,773019,0.0,0.0,0.0
2013-02-19,11.53499984741211,11.553999900817871,11.520000457763672,11.53499984741211,8.568077087402344,156993,0.0,0.0,0.0
2013-02-20,11.524999618530273,11.657999992370605,11.498000144958496,11.529999732971191,8.56436538696289,686394,0.0,0.0,0.0
2013-02-21,11.550000190734863,11.625,11.526000022888184,11.619999885559082,8.631214141845703,527759,0.0,0.0,0.0
2013-02-22,11.569999694824219,11.633999824523926,11.569999694824219,11.619999885559082,8.631214141845703,938293,0.0,0.0,0.0
2013-02-25,11.600000381469727,11.630000114440918,11.555000305175781,11.619999885559082,8.631214141845703,541982,0.0,0.0,0.0
2013-02-26,11.6850004196167,11.717000007629395,11.65999984741211,11.710000038146973,8.698064804077148,297935,0.0,0.0,0.0
2013-02-27,11.71500015258789,11.755000114440918,11.713000297546387,11.737500190734863,8.718491554260254,458429,0.0,0.0,0.0
2013-02-28,11.71500015258789,11.75,11.71500015258789,11.729999542236328,8.712922096252441,375797,0.0,0.0,0.0
2013-03-01,11.770000457763672,11.83899974822998,11.739999771118164,11.8149995803833,8.776058197021484,304909,0.0,0.0,0.0
2013-03-04,11.869999885559082,11.869999885559082,11.784000396728516,11.795000076293945,8.761202812194824,162093,0.0,0.0,0.0
2013-03-05,11.760000228881836,11.798999786376953,11.725000381469727,11.737500190734863,8.718491554260254,374227,0.0,0.0,0.0
2013-03-06,11.744999885559082,11.758999824523926,11.71500015258789,11.7475004196167,8.725919723510742,333554,0.0,0.0,0.0
2013-03-07,11.755000114440918,11.774999618530273,11.65999984741211,11.6850004196167,8.679496765136719,332373,0.0,0.0,0.0
2013-03-08,11.704999923706055,11.71500015258789,11.642999649047852,11.657500267028809,8.659067153930664,363006,0.0,0.0,0.0
2013-03-11,11.694999694824219,11.710000038146973,11.670999526977539,11.694999694824219,8.68692398071289,88068,0.0,0.0,0.0
2013-03-12,11.720000267028809,11.774999618530273,11.699999809265137,11.732500076293945,8.714776039123535,240361,0.0,0.0,0.0
2013-03-13,11.734999656677246,11.760000228881836,11.722000122070312,11.727499961853027,8.711064338684082,157220,0.0,0.0,0.0
2013-03-14,11.720000267028809,11.734999656677246,11.699999809265137,11.720000267028809,8.70549201965332,769195,0.0,0.0,0.0
2013-03-15,11.729999542236328,11.765999794006348,11.697999954223633,11.757499694824219,8.733348846435547,191245,0.0,0.0,0.0
2013-03-18,11.800000190734863,11.82699966430664,11.782999992370605,11.807499885559082,8.770485877990723,315538,0.0,0.0,0.0
2013-03-19,11.819999694824219,11.87600040435791,11.800000190734863,11.867500305175781,8.815053939819336,293014,0.0,0.0,0.0
2013-03-20,11.880000114440918,11.885000228881836,11.800000190734863,11.84749984741211,8.800199508666992,344366,0.0,0.0,0.0
2013-03-21,11.84000015258789,11.869999885559082,11.8100004196167,11.852499961853027,8.803913116455078,587309,0.0,0.0,0.0
2013-03-22,11.880000114440918,11.885000228881836,11.852999687194824,11.869999885559082,8.816912651062012,304161,0.0,0.0,0.0
2013-03-25,11.84000015258789,11.914999961853027,11.831000328063965,11.904999732971191,8.842907905578613,201942,0.0,0.0,0.0
2013-03-26,11.890000343322754,11.931400299072266,11.869999885559082,11.925000190734863,8.857766151428223,171676,0.0,0.0,0.0
2013-03-27,11.960000038146973,11.984999656677246,11.9350004196167,11.979999542236328,8.8986177444458,796484,0.0,0.0,0.0
2013-03-28,11.975000381469727,11.991399765014648,11.920000076293945,11.944999694824219,8.87261962890625,308196,0.0,0.0,0.0
2013-04-02,11.944999694824219,11.989999771118164,11.906000137329102,11.9399995803833,8.86890697479248,685373,0.0,0.0,0.0
2013-04-03,11.944999694824219,11.968199729919434,11.906000137329102,11.960000038146973,8.883763313293457,361136,0.0,0.0,0.0
2013-04-04,11.96500015258789,12.039999961853027,11.954999923706055,12.007499694824219,8.919047355651855,517642,0.0,0.0,0.0
2013-04-05,12.024999618530273,12.135000228881836,12.003000259399414,12.1274995803833,9.008180618286133,479122,0.0,0.0,0.0
2013-04-08,12.149999618530273,12.149999618530273,12.067999839782715,12.072500228881836,8.967325210571289,408809,0.0,0.0,0.0
2013-04-09,12.039999961853027,12.083999633789062,12.006999969482422,12.024999618530273,8.93204402923584,717855,0.0,0.0,0.0
2013-04-10,12.0,12.031999588012695,11.96500015258789,11.97249984741211,8.893046379089355,656572,0.0,0.0,0.0
2013-04-11,11.970000267028809,12.001999855041504,11.944999694824219,11.97249984741211,8.893046379089355,213328,0.0,0.0,0.0
2013-04-12,12.005000114440918,12.027299880981445,11.984000205993652,11.994999885559082,8.909764289855957,280387,0.0,0.0,0.0
2013-04-15,12.03499984741211,12.03499984741211,11.96500015258789,12.005000114440918,8.91718864440918,253370,0.0,0.0,0.0
2013-04-16,11.989999771118164,12.038999557495117,11.989999771118164,12.005000114440918,8.91718864440918,878777,0.0,0.0,0.0
2013-04-17,11.994999885559082,12.050000190734863,11.972999572753906,12.039999961853027,8.94318675994873,597196,0.0,0.0,0.0
2013-04-18,12.03499984741211,12.069999694824219,12.012999534606934,12.055000305175781,8.954327583312988,325749,0.0,0.0,0.0
2013-04-19,12.050000190734863,12.072999954223633,12.02400016784668,12.055000305175781,8.954327583312988,698575,0.0,0.0,0.0
2013-04-22,12.024999618530273,12.086400032043457,12.015000343322754,12.074999809265137,8.969183921813965,417248,0.0,0.0,0.0
2013-04-23,12.055000305175781,12.111000061035156,12.012999534606934,12.032500267028809,8.937616348266602,297748,0.0,0.0,0.0
2013-04-24,11.925000190734863,11.930000305175781,11.86400032043457,11.925000190734863,8.946167945861816,223580,0.1189,0.0,0.0
2013-04-25,11.925000190734863,11.9399995803833,11.875,11.895000457763672,8.923659324645996,345923,0.0,0.0,0.0
2013-04-26,11.895000457763672,11.951000213623047,11.864999771118164,11.9375,8.955544471740723,136207,0.0,0.0,0.0
2013-04-29,11.914999961853027,11.975000381469727,11.913999557495117,11.962499618530273,8.974300384521484,225421,0.0,0.0,0.0
2013-04-30,11.970000267028809,11.984999656677246,11.927000045776367,11.942500114440918,8.959297180175781,233955,0.0,0.0,0.0
2013-05-01,11.954999923706055,11.994999885559082,11.918999671936035,11.979999542236328,8.987427711486816,725451,0.0,0.0,0.0
2013-05-02,11.9350004196167,12.03499984741211,11.9350004196167,12.02750015258789,9.02306079864502,489927,0.0,0.0,0.0
2013-05-03,11.989999771118164,12.017000198364258,11.897000312805176,11.907500267028809,8.933038711547852,213325,0.0,0.0,0.0
2013-05-07,11.899999618530273,11.920000076293945,11.831999778747559,11.850000381469727,8.889901161193848,3756144,0.0,0.0,0.0
2013-05-08,11.875,11.881999969482422,11.836999893188477,11.867500305175781,8.903029441833496,1178950,0.0,0.0,0.0
2013-05-09,11.854999542236328,11.869999885559082,11.817999839782715,11.835000038146973,8.87864875793457,564455,0.0,0.0,0.0
2013-05-10,11.75,11.805999755859375,11.739999771118164,11.7475004196167,8.813006401062012,316460,0.0,0.0,0.0
2013-05-13,11.744999885559082,11.765000343322754,11.722700119018555,11.7524995803833,8.816757202148438,275192,0.0,0.0,0.0
2013-05-14,11.739999771118164,11.760000228881836,11.718999862670898,11.737500190734863,8.805502891540527,87928,0.0,0.0,0.0
2013-05-15,11.734999656677246,11.753000259399414,11.70199966430664,11.71500015258789,8.788623809814453,296217,0.0,0.0,0.0
2013-05-16,11.720000267028809,11.781999588012695,11.706999778747559,11.762499809265137,8.824257850646973,435517,0.0,0.0,0.0
2013-05-17,11.760000228881836,11.78499984741211,11.732000350952148,11.734999656677246,8.803627014160156,447542,0.0,0.0,0.0
2013-05-20,11.699999809265137,11.744999885559082,11.692999839782715,11.699999809265137,8.777371406555176,575756,0.0,0.0,0.0
2013-05-21,11.6899995803833,11.755000114440918,11.680000305175781,11.702500343322754,8.779248237609863,155509,0.0,0.0,0.0
2013-05-22,11.704999923706055,11.78499984741211,11.699000358581543,11.737500190734863,8.805502891540527,503743,0.0,0.0,0.0
2013-05-23,11.720000267028809,11.789999961853027,11.71049976348877,11.72249984741211,8.79425048828125,193206,0.0,0.0,0.0
2013-05-24,11.734999656677246,11.770999908447266,11.699999809265137,11.760000228881836,8.822382926940918,584241,0.0,0.0,0.0
2013-05-28,11.71500015258789,11.744999885559082,11.675999641418457,11.694999694824219,8.77362060546875,169278,0.0,0.0,0.0
2013-05-29,11.680000305175781,11.680000305175781,11.621000289916992,11.65250015258789,8.741737365722656,1993920,0.0,0.0,0.0
2013-05-30,11.65999984741211,11.710000038146973,11.649999618530273,11.694999694824219,8.77362060546875,385278,0.0,0.0,0.0
2013-05-31,11.71500015258789,11.73900032043457,11.621999740600586,11.654999732971191,8.743614196777344,1978260,0.0,0.0,0.0
2013-06-03,11.6850004196167,11.6850004196167,11.600000381469727,11.619999885559082,8.717355728149414,1590536,0.0,0.0,0.0
2013-06-04,11.619999885559082,11.654999732971191,11.60200023651123,11.609999656677246,8.709854125976562,920818,0.0,0.0,0.0
2013-06-05,11.619999885559082,11.649999618530273,11.60200023651123,11.640000343322754,8.7323579788208,514628,0.0,0.0,0.0
2013-06-06,11.65999984741211,11.663350105285645,11.60200023651123,11.640000343322754,8.7323579788208,2170715,0.0,0.0,0.0
2013-06-07,11.670000076293945,11.70300006866455,11.604999542236328,11.609999656677246,8.709854125976562,140349,0.0,0.0,0.0
2013-06-10,11.619999885559082,11.630000114440918,11.545000076293945,11.557499885559082,8.6704683303833,106458,0.0,0.0,0.0
2013-06-11,11.550000190734863,11.550999641418457,11.489999771118164,11.539999961853027,8.65733814239502,1370875,0.0,0.0,0.0
2013-06-12,11.545000076293945,11.593000411987305,11.517000198364258,11.5649995803833,8.676094055175781,863334,0.0,0.0,0.0
2013-06-13,11.5649995803833,11.602999687194824,11.541999816894531,11.569999694824219,8.679847717285156,952388,0.0,0.0,0.0
2013-06-14,11.614999771118164,11.628000259399414,11.576000213623047,11.604999542236328,8.706103324890137,578915,0.0,0.0,0.0
2013-06-17,11.600000381469727,11.614999771118164,11.574999809265137,11.587499618530273,8.692973136901855,77026,0.0,0.0,0.0
2013-06-18,11.550000190734863,11.572999954223633,11.53499984741211,11.5600004196167,8.672343254089355,203514,0.0,0.0,0.0
2013-06-19,11.710000038146973,11.710000038146973,11.553000450134277,11.574999809265137,8.68359661102295,419195,0.0,0.0,0.0
2013-06-20,11.46500015258789,11.51200008392334,11.4350004196167,11.457500457763672,8.595446586608887,1724356,0.0,0.0,0.0
2013-06-21,11.425000190734863,11.456999778747559,11.366999626159668,11.380000114440918,8.537306785583496,507147,0.0,0.0,0.0
2013-06-24,11.34000015258789,11.348349571228027,11.239999771118164,11.3100004196167,8.484790802001953,1841315,0.0,0.0,0.0
2013-06-25,11.335000038146973,11.357000350952148,11.27299976348877,11.319999694824219,8.49229621887207,2218482,0.0,0.0,0.0
2013-06-26,11.3100004196167,11.378999710083008,11.309000015258789,11.375,8.533555030822754,863212,0.0,0.0,0.0
2013-06-27,11.390000343322754,11.434000015258789,11.355999946594238,11.390000343322754,8.54481029510498,159256,0.0,0.0,0.0
2013-06-28,11.390000343322754,11.432999610900879,11.343000411987305,11.390000343322754,8.54481029510498,1023507,0.0,0.0,0.0
2013-07-01,11.350000381469727,11.413949966430664,11.331649780273438,11.40250015258789,8.554184913635254,765284,0.0,0.0,0.0
2013-07-02,11.420000076293945,11.4350004196167,11.37660026550293,11.4350004196167,8.578567504882812,433218,0.0,0.0,0.0
2013-07-03,11.489999771118164,11.489999771118164,11.397199630737305,11.399999618530273,8.552310943603516,293482,0.0,0.0,0.0
2013-07-04,11.404999732971191,11.458000183105469,11.37720012664795,11.414999961853027,8.563563346862793,779568,0.0,0.0,0.0
2013-07-05,11.420000076293945,11.420149803161621,11.322750091552734,11.350000381469727,8.514801025390625,1077786,0.0,0.0,0.0
2013-07-08,11.350000381469727,11.367250442504883,11.326000213623047,11.337499618530273,8.505424499511719,221083,0.0,0.0,0.0
2013-07-09,11.319999694824219,11.385000228881836,11.317749977111816,11.385000228881836,8.541059494018555,146117,0.0,0.0,0.0
2013-07-10,11.390000343322754,11.43280029296875,11.360039710998535,11.404999732971191,8.556061744689941,387237,0.0,0.0,0.0
2013-07-11,11.4399995803833,11.452249526977539,11.405799865722656,11.430000305175781,8.574816703796387,266509,0.0,0.0,0.0
2013-07-12,11.475000381469727,11.524999618530273,11.447199821472168,11.475000381469727,8.608577728271484,270396,0.0,0.0,0.0
2013-07-15,11.460000038146973,11.494999885559082,11.452199935913086,11.462499618530273,8.599199295043945,73444,0.0,0.0,0.0
2013-07-16,11.46500015258789,11.520000457763672,11.447099685668945,11.512499809265137,8.636710166931152,74615,0.0,0.0,0.0
2013-07-17,11.505000114440918,11.518349647521973,11.446649551391602,11.4975004196167,8.62545394897461,113853,0.0,0.0,0.0
2013-07-18,11.515000343322754,11.574999809265137,11.487099647521973,11.520000457763672,8.642334938049316,296250,0.0,0.0,0.0
2013-07-19,11.539999961853027,11.539999961853027,11.46500015258789,11.484999656677246,8.616079330444336,426554,0.0,0.0,0.0
2013-07-22,11.479999542236328,11.550000190734863,11.461649894714355,11.520000457763672,8.642334938049316,584016,0.0,0.0,0.0
2013-07-23,11.545000076293945,11.545000076293945,11.441650390625,11.46500015258789,8.601073265075684,131309,0.0,0.0,0.0
2013-07-24,11.425000190734863,11.442899703979492,11.359999656677246,11.399999618530273,8.552310943603516,229961,0.0,0.0,0.0
2013-07-25,11.404999732971191,11.437000274658203,11.376799583435059,11.420000076293945,8.567314147949219,114571,0.0,0.0,0.0
2013-07-26,11.454999923706055,11.470000267028809,11.420319557189941,11.46500015258789,8.601073265075684,880647,0.0,0.0,0.0
2013-07-29,11.470000267028809,11.487750053405762,11.444999694824219,11.460000038146973,8.597321510314941,299634,0.0,0.0,0.0
2013-07-30,11.505000114440918,11.505000114440918,11.460000038146973,11.477499961853027,8.610452651977539,409430,0.0,0.0,0.0
2013-07-31,11.444999694824219,11.491800308227539,11.425000190734863,11.457500457763672,8.595446586608887,9287163,0.0,0.0,0.0
2013-08-01,11.494999885559082,11.524999618530273,11.427399635314941,11.4375,8.580445289611816,1631395,0.0,0.0,0.0
2013-08-02,11.404999732971191,11.451000213623047,11.372400283813477,11.430000305175781,8.574816703796387,391269,0.0,0.0,0.0
2013-08-05,11.460000038146973,11.46500015258789,11.387999534606934,11.397500038146973,8.550432205200195,231937,0.0,0.0,0.0
2013-08-06,11.404999732971191,11.414999961853027,11.354999542236328,11.404999732971191,8.556061744689941,728220,0.0,0.0,0.0
2013-08-07,11.414999961853027,11.4350004196167,11.338000297546387,11.392499923706055,8.546685218811035,93097,0.0,0.0,0.0
2013-08-08,11.420000076293945,11.427749633789062,11.364999771118164,11.385000228881836,8.541059494018555,556774,0.0,0.0,0.0
2013-08-09,11.364999771118164,11.399999618530273,11.355999946594238,11.399999618530273,8.552310943603516,412106,0.0,0.0,0.0
2013-08-12,11.375,11.412750244140625,11.357399940490723,11.395000457763672,8.548559188842773,138780,0.0,0.0,0.0
2013-08-13,11.364999771118164,11.37874984741211,11.276000022888184,11.300000190734863,8.477289199829102,97101,0.0,0.0,0.0
2013-08-14,11.3100004196167,11.312749862670898,11.244999885559082,11.272500038146973,8.456661224365234,212688,0.0,0.0,0.0
2013-08-15,11.25,11.277000427246094,11.199999809265137,11.220000267028809,8.417275428771973,480081,0.0,0.0,0.0
2013-08-16,11.244999885559082,11.26333999633789,11.225000381469727,11.239999771118164,8.432276725769043,447328,0.0,0.0,0.0
2013-08-19,11.210000038146973,11.255000114440918,11.204999923706055,11.204999923706055,8.406021118164062,207535,0.0,0.0,0.0
2013-08-20,11.244999885559082,11.28499984741211,11.225000381469727,11.279999732971191,8.462285995483398,211897,0.0,0.0,0.0
2013-08-21,11.260000228881836,11.274999618530273,11.226799964904785,11.25,8.439780235290527,227236,0.0,0.0,0.0
2013-08-22,11.229999542236328,11.279999732971191,11.217399597167969,11.265000343322754,8.451032638549805,116443,0.0,0.0,0.0
2013-08-23,11.270000457763672,11.305000305175781,11.242400169372559,11.295000076293945,8.473539352416992,275932,0.0,0.0,0.0
2013-08-27,11.145000457763672,11.399999618530273,11.145000457763672,11.357500076293945,8.520426750183105,123347,0.0,0.0,0.0
2013-08-28,11.395000457763672,11.395000457763672,11.312399864196777,11.34000015258789,8.507299423217773,160750,0.0,0.0,0.0
2013-08-29,11.345000267028809,11.366999626159668,11.3149995803833,11.34749984741211,8.512925148010254,328692,0.0,0.0,0.0
2013-08-30,11.354999542236328,11.380999565124512,11.335000038146973,11.345000267028809,8.511052131652832,1982206,0.0,0.0,0.0
2013-09-02,11.28499984741211,11.324999809265137,11.266799926757812,11.3100004196167,8.484790802001953,79768,0.0,0.0,0.0
2013-09-03,11.300000190734863,11.324999809265137,11.256799697875977,11.272500038146973,8.456661224365234,125579,0.0,0.0,0.0
2013-09-04,11.279999732971191,11.305000305175781,11.260000228881836,11.265000343322754,8.451032638549805,181339,0.0,0.0,0.0
2013-09-05,11.239999771118164,11.260499954223633,11.161800384521484,11.180000305175781,8.387267112731934,1707554,0.0,0.0,0.0
2013-09-06,11.1850004196167,11.255000114440918,11.176799774169922,11.25,8.439780235290527,161609,0.0,0.0,0.0
2013-09-09,11.229999542236328,11.26200008392334,11.220399856567383,11.234999656677246,8.428528785705566,571891,0.0,0.0,0.0
2013-09-10,11.1850004196167,11.192749977111816,11.152400016784668,11.170000076293945,8.37976360321045,419160,0.0,0.0,0.0
2013-09-11,11.1899995803833,11.194999694824219,11.152000427246094,11.1899995803833,8.394766807556152,669023,0.0,0.0,0.0
2013-09-12,11.210000038146973,11.239999771118164,11.180000305175781,11.22249984741211,8.41915225982666,376541,0.0,0.0,0.0
2013-09-13,11.220000267028809,11.274999618530273,11.165249824523926,11.265000343322754,8.451032638549805,467851,0.0,0.0,0.0
2013-09-16,11.279999732971191,11.302749633789062,11.25387954711914,11.28499984741211,8.466036796569824,559843,0.0,0.0,0.0
2013-09-17,11.260000228881836,11.279000282287598,11.222999572753906,11.232500076293945,8.426651000976562,255683,0.0,0.0,0.0
2013-09-18,11.234999656677246,11.247750282287598,11.164999961853027,11.204999923706055,8.406021118164062,391266,0.0,0.0,0.0
2013-09-19,11.28499984741211,11.33174991607666,11.243749618530273,11.270000457763672,8.454784393310547,835514,0.0,0.0,0.0
2013-09-20,11.300000190734863,11.300000190734863,11.207249641418457,11.234999656677246,8.428528785705566,449913,0.0,0.0,0.0
2013-09-23,11.234999656677246,11.274999618530273,11.204999923706055,11.270000457763672,8.454784393310547,319543,0.0,0.0,0.0
2013-09-24,11.279999732971191,11.335000038146973,11.259650230407715,11.329999923706055,8.499796867370605,262044,0.0,0.0,0.0
2013-09-25,11.329999923706055,11.369999885559082,11.329999923706055,11.369999885559082,8.529804229736328,221104,0.0,0.0,0.0
2013-09-26,11.369999885559082,11.404999732971191,11.348589897155762,11.380000114440918,8.537306785583496,147456,0.0,0.0,0.0
2013-09-27,11.354999542236328,11.420000076293945,11.354999542236328,11.414999961853027,8.563563346862793,444801,0.0,0.0,0.0
2013-09-30,11.4399995803833,11.446249961853027,11.399999618530273,11.4350004196167,8.578567504882812,231849,0.0,0.0,0.0
2013-10-01,11.420000076293945,11.456999778747559,11.395000457763672,11.420000076293945,8.567314147949219,1109142,0.0,0.0,0.0
2013-10-02,11.4399995803833,11.461999893188477,11.399999618530273,11.444999694824219,8.586066246032715,723128,0.0,0.0,0.0
2013-10-03,11.4350004196167,11.460000038146973,11.389650344848633,11.4350004196167,8.578567504882812,283177,0.0,0.0,0.0
2013-10-04,11.46500015258789,11.46500015258789,11.399999618530273,11.420000076293945,8.567314147949219,612861,0.0,0.0,0.0
2013-10-07,11.404999732971191,11.444999694824219,11.418899536132812,11.430000305175781,8.574816703796387,110712,0.0,0.0,0.0
2013-10-08,11.399999618530273,11.4399995803833,11.399999618530273,11.4350004196167,8.578567504882812,170879,0.0,0.0,0.0
2013-10-09,11.454999923706055,11.484999656677246,11.435600280761719,11.4399995803833,8.582318305969238,188007,0.0,0.0,0.0
2013-10-10,11.454999923706055,11.454999923706055,11.399200439453125,11.404999732971191,8.556061744689941,507264,0.0,0.0,0.0
2013-10-11,11.430000305175781,11.431099891662598,11.394200325012207,11.40999984741211,8.559812545776367,228302,0.0,0.0,0.0
2013-10-14,11.40999984741211,11.42199993133545,11.385000228881836,11.40250015258789,8.554184913635254,573777,0.0,0.0,0.0
2013-10-15,11.359999656677246,11.375699996948242,11.34000015258789,11.359999656677246,8.522303581237793,327601,0.0,0.0,0.0
2013-10-16,11.335000038146973,11.35099983215332,11.309200286865234,11.332500457763672,8.50167179107666,242680,0.0,0.0,0.0
2013-10-17,11.369999885559082,11.404999732971191,11.354999542236328,11.399999618530273,8.552310943603516,619754,0.0,0.0,0.0
2013-10-18,11.404999732971191,11.44480037689209,11.377599716186523,11.40999984741211,8.559812545776367,135096,0.0,0.0,0.0
2013-10-21,11.375,11.414999961853027,11.375,11.399999618530273,8.552310943603516,424174,0.0,0.0,0.0
2013-10-22,11.369999885559082,11.489999771118164,11.364999771118164,11.479999542236328,8.612326622009277,209204,0.0,0.0,0.0
2013-10-23,11.369999885559082,11.404999732971191,11.359999656677246,11.395000457763672,8.638936996459961,344335,0.1201,0.0,0.0
2013-10-24,11.390000343322754,11.404800415039062,11.354999542236328,11.359999656677246,8.612403869628906,169003,0.0,0.0,0.0
2013-10-25,11.380000114440918,11.390000343322754,11.345000267028809,11.375,8.623774528503418,391907,0.0,0.0,0.0
2013-10-28,11.359999656677246,11.399999618530273,11.359800338745117,11.380000114440918,8.627565383911133,269115,0.0,0.0,0.0
2013-10-29,11.395000457763672,11.40999984741211,11.369999885559082,11.404999732971191,8.64651870727539,292301,0.0,0.0,0.0
2013-10-30,11.430000305175781,11.444999694824219,11.404999732971191,11.425000190734863,8.661681175231934,446175,0.0,0.0,0.0
2013-10-31,11.414999961853027,11.449999809265137,11.348199844360352,11.375,8.623774528503418,505860,0.0,0.0,0.0
2013-11-01,11.390000343322754,11.390000343322754,11.335000038146973,11.350000381469727,8.604822158813477,330054,0.0,0.0,0.0
2013-11-04,11.345000267028809,11.380000114440918,11.333200454711914,11.369999885559082,8.619983673095703,272509,0.0,0.0,0.0
2013-11-05,11.369999885559082,11.373600006103516,11.277000427246094,11.305000305175781,8.570706367492676,420874,0.0,0.0,0.0
2013-11-06,11.3149995803833,11.323599815368652,11.270000457763672,11.289999961853027,8.559331893920898,341830,0.0,0.0,0.0
2013-11-07,11.255000114440918,11.340399742126465,11.255000114440918,11.3100004196167,8.574494361877441,686440,0.0,0.0,0.0
2013-11-08,11.305000305175781,11.328869819641113,11.225000381469727,11.260000228881836,8.536589622497559,518048,0.0,0.0,0.0
2013-11-11,11.3100004196167,11.3100004196167,11.21500015258789,11.220000267028809,8.506265640258789,543152,0.0,0.0,0.0
2013-11-12,11.199999809265137,11.266799926757812,11.199999809265137,11.225000381469727,8.510055541992188,545562,0.0,0.0,0.0
2013-11-13,11.25,11.269960403442383,11.204999923706055,11.25,8.529007911682129,893192,0.0,0.0,0.0
2013-11-14,11.234999656677246,11.28499984741211,11.22819995880127,11.28499984741211,8.5555419921875,132976,0.0,0.0,0.0
2013-11-15,11.260000228881836,11.310999870300293,11.253999710083008,11.305000305175781,8.570706367492676,410631,0.0,0.0,0.0
2013-11-18,11.295000076293945,11.324999809265137,11.269000053405762,11.324999809265137,8.58586597442627,547054,0.0,0.0,0.0
2013-11-19,11.324999809265137,11.335000038146973,11.28499984741211,11.305000305175781,8.570706367492676,302637,0.0,0.0,0.0
2013-11-20,11.295000076293945,11.3149995803833,11.258000373840332,11.295000076293945,8.56312370300293,489061,0.0,0.0,0.0
2013-11-21,11.229999542236328,11.279600143432617,11.175000190734863,11.25,8.529007911682129,198184,0.0,0.0,0.0
2013-11-22,11.225000381469727,11.274999618530273,11.21500015258789,11.255000114440918,8.532797813415527,306231,0.0,0.0,0.0
2013-11-25,11.274999618530273,11.295000076293945,11.247200012207031,11.289999961853027,8.559331893920898,549098,0.0,0.0,0.0
2013-11-26,11.270000457763672,11.3149995803833,11.269000053405762,11.305000305175781,8.570706367492676,343106,0.0,0.0,0.0
2013-11-27,11.3100004196167,11.328800201416016,11.265000343322754,11.265000343322754,8.540379524230957,168249,0.0,0.0,0.0
2013-11-28,11.265000343322754,11.295999526977539,11.23900032043457,11.282500267028809,8.553646087646484,191104,0.0,0.0,0.0
2013-11-29,11.300000190734863,11.300000190734863,11.244999885559082,11.260000228881836,8.536589622497559,435915,0.0,0.0,0.0
2013-12-02,11.220000267028809,11.25,11.203200340270996,11.220000267028809,8.506265640258789,275570,0.0,0.0,0.0
2013-12-03,11.210000038146973,11.255000114440918,11.19219970703125,11.25,8.529007911682129,530019,0.0,0.0,0.0
2013-12-04,11.220000267028809,11.234999656677246,11.170000076293945,11.175000190734863,8.472147941589355,1725324,0.0,0.0,0.0
2013-12-05,11.180000305175781,11.21679973602295,11.15820026397705,11.1899995803833,8.483518600463867,381392,0.0,0.0,0.0
2013-12-06,11.194999694824219,11.225000381469727,11.140000343322754,11.220000267028809,8.506265640258789,620648,0.0,0.0,0.0
2013-12-09,11.244999885559082,11.244999885559082,11.187999725341797,11.1899995803833,8.483518600463867,448321,0.0,0.0,0.0
2013-12-10,11.210000038146973,11.244999885559082,11.19320011138916,11.220000267028809,8.506265640258789,268781,0.0,0.0,0.0
2013-12-11,11.25,11.25,11.213399887084961,11.239999771118164,8.521425247192383,513886,0.0,0.0,0.0
2013-12-12,11.255000114440918,11.255000114440918,11.204999923706055,11.220000267028809,8.506265640258789,538511,0.0,0.0,0.0
2013-12-13,11.225000381469727,11.251799583435059,11.204999923706055,11.225000381469727,8.510055541992188,1767111,0.0,0.0,0.0
2013-12-16,11.279999732971191,11.279999732971191,11.208200454711914,11.244999885559082,8.525217056274414,5154893,0.0,0.0,0.0
2013-12-17,11.234999656677246,11.255000114440918,11.210000038146973,11.25,8.529007911682129,330334,0.0,0.0,0.0
2013-12-18,11.25,11.281399726867676,11.199999809265137,11.212499618530273,8.500577926635742,1133138,0.0,0.0,0.0
2013-12-19,11.199999809265137,11.220999717712402,11.154999732971191,11.154999732971191,8.456985473632812,160918,0.0,0.0,0.0
2013-12-20,11.149999618530273,11.199999809265137,11.137200355529785,11.199999809265137,8.491101264953613,672683,0.0,0.0,0.0
2013-12-23,11.175000190734863,11.210000038146973,11.14723014831543,11.164999961853027,8.464567184448242,334577,0.0,0.0,0.0
2013-12-24,11.180000305175781,11.184000015258789,11.117219924926758,11.154999732971191,8.456985473632812,81914,0.0,0.0,0.0
2013-12-27,11.140000343322754,11.159000396728516,11.079999923706055,11.104999542236328,8.419076919555664,80997,0.0,0.0,0.0
2013-12-30,11.079999923706055,11.14900016784668,11.079999923706055,11.130000114440918,8.438033103942871,236045,0.0,0.0,0.0
2013-12-31,11.149999618530273,11.175000190734863,11.119999885559082,11.147500038146973,8.451301574707031,98485,0.0,0.0,0.0
2014-01-02,10.949999809265137,11.159000396728516,10.949999809265137,11.130000114440918,8.438033103942871,301438,0.0,0.0,0.0
2014-01-03,11.149999618530273,11.164999961853027,11.128000259399414,11.15999984741211,8.460775375366211,109964,0.0,0.0,0.0
2014-01-06,11.15999984741211,11.234999656677246,11.157999992370605,11.1899995803833,8.483518600463867,160432,0.0,0.0,0.0
2014-01-07,11.1850004196167,11.21500015258789,11.170000076293945,11.199999809265137,8.491101264953613,650058,0.0,0.0,0.0
2014-01-08,11.199999809265137,11.21500015258789,11.170000076293945,11.175000190734863,8.472147941589355,382887,0.0,0.0,0.0
2014-01-09,11.180000305175781,11.194999694824219,11.15999984741211,11.164999961853027,8.464567184448242,180871,0.0,0.0,0.0
2014-01-10,11.175000190734863,11.257749557495117,11.172200202941895,11.239999771118164,8.521425247192383,631289,0.0,0.0,0.0
2014-01-13,11.239999771118164,11.289999961853027,11.239999771118164,11.289999961853027,8.559331893920898,98286,0.0,0.0,0.0
2014-01-14,11.274999618530273,11.300000190734863,11.255000114440918,11.279999732971191,8.551752090454102,685878,0.0,0.0,0.0
2014-01-15,11.279999732971191,11.28499984741211,11.234999656677246,11.2475004196167,8.52711296081543,469589,0.0,0.0,0.0
2014-01-16,11.260000228881836,11.293999671936035,11.241120338439941,11.28499984741211,8.5555419921875,170449,0.0,0.0,0.0
2014-01-17,11.260000228881836,11.308870315551758,11.25613021850586,11.270000457763672,8.544170379638672,297155,0.0,0.0,0.0
2014-01-20,11.28499984741211,11.289999961853027,11.260000228881836,11.274999618530273,8.547961235046387,196761,0.0,0.0,0.0
2014-01-21,11.260000228881836,11.279999732971191,11.239999771118164,11.265000343322754,8.540379524230957,226714,0.0,0.0,0.0
2014-01-22,11.234999656677246,11.267000198364258,11.21500015258789,11.229999542236328,8.51384449005127,405105,0.0,0.0,0.0
2014-01-23,11.225000381469727,11.295000076293945,11.220000267028809,11.279999732971191,8.551752090454102,212011,0.0,0.0,0.0
2014-01-24,11.335000038146973,11.350000381469727,11.295000076293945,11.324999809265137,8.58586597442627,300241,0.0,0.0,0.0
2014-01-27,11.300000190734863,11.322600364685059,11.274999618530273,11.305000305175781,8.570706367492676,374204,0.0,0.0,0.0
2014-01-28,11.319999694824219,11.319999694824219,11.274999618530273,11.28499984741211,8.5555419921875,322417,0.0,0.0,0.0
2014-01-29,11.260000228881836,11.329999923706055,11.257749557495117,11.317500114440918,8.580182075500488,303799,0.0,0.0,0.0
2014-01-30,11.34000015258789,11.355999946594238,11.312259674072266,11.329999923706055,8.589658737182617,747903,0.0,0.0,0.0
2014-01-31,11.354999542236328,11.38224983215332,11.330960273742676,11.359999656677246,8.612403869628906,594444,0.0,0.0,0.0
2014-02-03,11.350000381469727,11.392600059509277,11.324999809265137,11.385000228881836,8.63135814666748,986518,0.0,0.0,0.0
2014-02-04,11.380000114440918,11.397000312805176,11.352749824523926,11.385000228881836,8.63135814666748,309901,0.0,0.0,0.0
2014-02-05,11.390000343322754,11.420999526977539,11.364999771118164,11.375,8.623774528503418,395251,0.0,0.0,0.0
2014-02-06,11.375,11.387800216674805,11.332269668579102,11.345000267028809,8.601033210754395,711355,0.0,0.0,0.0
2014-02-07,11.354999542236328,11.375,11.306550025939941,11.364999771118164,8.616193771362305,344512,0.0,0.0,0.0
2014-02-10,11.369999885559082,11.39169979095459,11.34000015258789,11.369999885559082,8.619983673095703,500149,0.0,0.0,0.0
2014-02-11,11.350000381469727,11.362600326538086,11.322999954223633,11.34000015258789,8.597241401672363,649377,0.0,0.0,0.0
2014-02-12,11.329999923706055,11.34000015258789,11.270000457763672,11.270000457763672,8.544170379638672,503029,0.0,0.0,0.0
2014-02-13,11.3149995803833,11.324999809265137,11.270000457763672,11.3100004196167,8.574494361877441,144976,0.0,0.0,0.0
2014-02-14,11.295000076293945,11.324999809265137,11.287199974060059,11.319999694824219,8.58207893371582,705174,0.0,0.0,0.0
2014-02-17,11.300000190734863,11.329999923706055,11.296649932861328,11.324999809265137,8.58586597442627,713504,0.0,0.0,0.0
2014-02-18,11.305000305175781,11.362730026245117,11.305000305175781,11.329999923706055,8.589658737182617,1015664,0.0,0.0,0.0
2014-02-19,11.369999885559082,11.380000114440918,11.324999809265137,11.354999542236328,8.608612060546875,1345356,0.0,0.0,0.0
2014-02-20,11.354999542236328,11.378499984741211,11.289999961853027,11.3149995803833,8.578286170959473,326599,0.0,0.0,0.0
2014-02-21,11.3149995803833,11.352849960327148,11.289999961853027,11.319999694824219,8.58207893371582,490777,0.0,0.0,0.0
2014-02-24,11.324999809265137,11.350000381469727,11.317259788513184,11.342499732971191,8.599135398864746,91019,0.0,0.0,0.0
2014-02-25,11.329999923706055,11.380000114440918,11.324999809265137,11.359999656677246,8.612403869628906,521296,0.0,0.0,0.0
2014-02-26,11.390000343322754,11.414999961853027,11.343079566955566,11.369999885559082,8.619983673095703,402450,0.0,0.0,0.0
2014-02-27,11.390000343322754,11.43280029296875,11.386500358581543,11.414999961853027,8.654099464416504,350450,0.0,0.0,0.0
2014-02-28,11.420000076293945,11.425000190734863,11.35219955444336,11.380000114440918,8.627565383911133,182488,0.0,0.0,0.0
2014-03-03,11.40999984741211,11.444999694824219,11.390999794006348,11.4350004196167,8.669262886047363,317679,0.0,0.0,0.0
2014-03-04,11.40999984741211,11.420000076293945,11.380000114440918,11.404999732971191,8.64651870727539,945790,0.0,0.0,0.0
2014-03-05,11.399999618530273,11.417799949645996,11.36227035522461,11.390000343322754,8.635149002075195,232054,0.0,0.0,0.0
2014-03-06,11.385000228881836,11.385000228881836,11.322150230407715,11.350000381469727,8.604822158813477,587388,0.0,0.0,0.0
2014-03-07,11.34000015258789,11.3725004196167,11.295000076293945,11.345000267028809,8.601033210754395,592821,0.0,0.0,0.0
2014-03-10,11.4350004196167,11.4350004196167,11.3149995803833,11.34000015258789,8.597241401672363,417066,0.0,0.0,0.0
2014-03-11,11.3149995803833,11.364999771118164,11.3149995803833,11.359999656677246,8.612403869628906,761992,0.0,0.0,0.0
2014-03-12,11.390000343322754,11.39780044555664,11.35614013671875,11.385000228881836,8.63135814666748,2683904,0.0,0.0,0.0
2014-03-13,11.395000457763672,11.430000305175781,11.354999542236328,11.420000076293945,8.657890319824219,406970,0.0,0.0,0.0
2014-03-14,11.4399995803833,11.470000267028809,11.414999961853027,11.460000038146973,8.688215255737305,246960,0.0,0.0,0.0
2014-03-17,11.4350004196167,11.479000091552734,11.422849655151367,11.430000305175781,8.665472030639648,347528,0.0,0.0,0.0
2014-03-18,11.4399995803833,11.483499526977539,11.396499633789062,11.449999809265137,8.680635452270508,380197,0.0,0.0,0.0
2014-03-19,11.484999656677246,11.484999656677246,11.404999732971191,11.40999984741211,8.650309562683105,545658,0.0,0.0,0.0
2014-03-20,11.4399995803833,11.4399995803833,11.324999809265137,11.352499961853027,8.606717109680176,581976,0.0,0.0,0.0
2014-03-21,11.380000114440918,11.40250015258789,11.335000038146973,11.3725004196167,8.621878623962402,560521,0.0,0.0,0.0
2014-03-24,11.369999885559082,11.428000450134277,11.345000267028809,11.414999961853027,8.654099464416504,422600,0.0,0.0,0.0
2014-03-25,11.5,11.5,11.341130256652832,11.40999984741211,8.650309562683105,323434,0.0,0.0,0.0
2014-03-26,11.425000190734863,11.438599586486816,11.385000228881836,11.395000457763672,8.638936996459961,595976,0.0,0.0,0.0
2014-03-27,11.420000076293945,11.443599700927734,11.381400108337402,11.422499656677246,8.65978717803955,463973,0.0,0.0,0.0
2014-03-28,11.454999923706055,11.454999923706055,11.361100196838379,11.395000457763672,8.638936996459961,472863,0.0,0.0,0.0
2014-03-31,11.380000114440918,11.401000022888184,11.31624984741211,11.395000457763672,8.638936996459961,493384,0.0,0.0,0.0
2014-04-01,11.46500015258789,11.46500015258789,11.311400413513184,11.399999618530273,8.642728805541992,214110,0.0,0.0,0.0
2014-04-02,11.399999618530273,11.399999618530273,11.340999603271484,11.354999542236328,8.608612060546875,478957,0.0,0.0,0.0
2014-04-03,11.359999656677246,11.408699989318848,11.324999809265137,11.399999618530273,8.642728805541992,975939,0.0,0.0,0.0
2014-04-04,11.420000076293945,11.454999923706055,11.359999656677246,11.454999923706055,8.68442440032959,174159,0.0,0.0,0.0
2014-04-07,11.46500015258789,11.467499732971191,11.426300048828125,11.460000038146973,8.688215255737305,515791,0.0,0.0,0.0
2014-04-08,11.475000381469727,11.475000381469727,11.399999618530273,11.4350004196167,8.669262886047363,408320,0.0,0.0,0.0
2014-04-09,11.395000457763672,11.4399995803833,11.395000457763672,11.4375,8.671160697937012,215508,0.0,0.0,0.0
2014-04-10,11.489999771118164,11.505000114440918,11.460000038146973,11.5,8.71854019165039,461007,0.0,0.0,0.0
2014-04-11,11.529999732971191,11.529999732971191,11.470000267028809,11.5,8.71854019165039,698460,0.0,0.0,0.0
2014-04-14,11.515000343322754,11.523200035095215,11.46500015258789,11.475000381469727,8.699589729309082,612882,0.0,0.0,0.0
2014-04-15,11.460000038146973,11.515000343322754,11.449199676513672,11.510000228881836,8.726123809814453,690030,0.0,0.0,0.0
2014-04-16,11.390000343322754,11.40155029296875,11.323100090026855,11.364999771118164,8.705901145935059,237750,0.1186,0.0,0.0
2014-04-17,11.34000015258789,11.375,11.33899974822998,11.350000381469727,8.69441032409668,515585,0.0,0.0,0.0
2014-04-22,11.364999771118164,11.364999771118164,11.289999961853027,11.3149995803833,8.667598724365234,198147,0.0,0.0,0.0
2014-04-23,11.3149995803833,11.354999542236328,11.296099662780762,11.354999542236328,8.698238372802734,1347930,0.0,0.0,0.0
2014-04-24,11.335000038146973,11.354999542236328,11.3100004196167,11.3100004196167,8.66376781463623,311433,0.0,0.0,0.0
2014-04-25,11.404999732971191,11.404999732971191,11.32610034942627,11.364999771118164,8.705901145935059,394849,0.0,0.0,0.0
2014-04-28,11.359999656677246,11.366740226745605,11.317870140075684,11.354999542236328,8.698238372802734,620209,0.0,0.0,0.0
2014-04-29,11.305000305175781,11.345000267028809,11.305000305175781,11.324999809265137,8.675257682800293,2830964,0.0,0.0,0.0
2014-04-30,11.345000267028809,11.352299690246582,11.3100004196167,11.34749984741211,8.692495346069336,1927946,0.0,0.0,0.0
2014-05-01,11.34000015258789,11.371399879455566,11.324999809265137,11.345000267028809,8.690580368041992,398594,0.0,0.0,0.0
2014-05-02,11.399999618530273,11.399999618530273,11.305000305175781,11.380000114440918,8.717391014099121,837776,0.0,0.0,0.0
2014-05-06,11.364999771118164,11.368399620056152,11.319999694824219,11.354999542236328,8.698238372802734,540558,0.0,0.0,0.0
2014-05-07,11.375,11.375,11.324999809265137,11.359999656677246,8.702069282531738,492345,0.0,0.0,0.0
2014-05-08,11.385000228881836,11.385000228881836,11.337699890136719,11.380000114440918,8.717391014099121,952434,0.0,0.0,0.0
2014-05-09,11.449999809265137,11.449999809265137,11.334400177001953,11.350000381469727,8.69441032409668,761373,0.0,0.0,0.0
2014-05-12,11.345000267028809,11.346209526062012,11.241299629211426,11.300000190734863,8.656107902526855,735107,0.0,0.0,0.0
2014-05-13,11.335000038146973,11.366700172424316,11.30270004272461,11.352499961853027,8.69632625579834,453884,0.0,0.0,0.0
2014-05-14,11.399999618530273,11.4350004196167,11.354849815368652,11.4350004196167,8.759521484375,727977,0.0,0.0,0.0
2014-05-15,11.430000305175781,11.484999656677246,11.40999984741211,11.475000381469727,8.790162086486816,1120513,0.0,0.0,0.0
2014-05-16,11.475000381469727,11.48324966430664,11.442290306091309,11.454999923706055,8.77484130859375,515147,0.0,0.0,0.0
2014-05-19,11.484999656677246,11.484999656677246,11.419500350952148,11.449999809265137,8.771014213562012,439742,0.0,0.0,0.0
2014-05-20,11.420000076293945,11.445150375366211,11.38838005065918,11.40250015258789,8.734624862670898,603306,0.0,0.0,0.0
2014-05-21,11.40999984741211,11.420949935913086,11.366100311279297,11.390000343322754,8.725051879882812,436887,0.0,0.0,0.0
2014-05-22,11.430000305175781,11.430000305175781,11.359999656677246,11.3725004196167,8.711644172668457,193869,0.0,0.0,0.0
2014-05-23,11.404999732971191,11.404999732971191,11.364999771118164,11.395000457763672,8.728880882263184,524476,0.0,0.0,0.0
2014-05-27,11.399999618530273,11.485549926757812,11.369999885559082,11.390000343322754,8.725051879882812,548338,0.0,0.0,0.0
2014-05-28,11.359999656677246,11.460000038146973,11.359999656677246,11.4399995803833,8.763352394104004,447431,0.0,0.0,0.0
2014-05-29,11.449999809265137,11.482500076293945,11.444999694824219,11.475000381469727,8.790162086486816,433192,0.0,0.0,0.0
2014-05-30,11.449999809265137,11.454999923706055,11.425000190734863,11.449999809265137,8.771014213562012,162576,0.0,0.0,0.0
2014-06-02,11.430000305175781,11.444600105285645,11.395000457763672,11.404999732971191,8.736540794372559,1418139,0.0,0.0,0.0
2014-06-03,11.399999618530273,11.411100387573242,11.354999542236328,11.395000457763672,8.728880882263184,353395,0.0,0.0,0.0
2014-06-04,11.414999961853027,11.414999961853027,11.345000267028809,11.34749984741211,8.692495346069336,690844,0.0,0.0,0.0
2014-06-05,11.279999732971191,11.404999732971191,11.279999732971191,11.375,8.7135591506958,507172,0.0,0.0,0.0
2014-06-06,11.4399995803833,11.4399995803833,11.359999656677246,11.390000343322754,8.725051879882812,586703,0.0,0.0,0.0
2014-06-09,11.380000114440918,11.385000228881836,11.333379745483398,11.354999542236328,8.698238372802734,360281,0.0,0.0,0.0
2014-06-10,11.4350004196167,11.4350004196167,11.3149995803833,11.327500343322754,8.67717170715332,493841,0.0,0.0,0.0
2014-06-11,11.319999694824219,11.354999542236328,11.305000305175781,11.34749984741211,8.692495346069336,969474,0.0,0.0,0.0
2014-06-12,11.319999694824219,11.354999542236328,11.319999694824219,11.342499732971191,8.688664436340332,1004735,0.0,0.0,0.0
2014-06-13,11.430000305175781,11.430000305175781,11.300000190734863,11.319999694824219,8.671427726745605,468388,0.0,0.0,0.0
2014-06-16,11.345000267028809,11.350000381469727,11.3100004196167,11.324999809265137,8.675257682800293,618301,0.0,0.0,0.0
2014-06-17,11.390000343322754,11.390000343322754,11.300000190734863,11.305000305175781,8.65993881225586,258020,0.0,0.0,0.0
2014-06-18,11.329999923706055,11.359999656677246,11.314780235290527,11.337499618530273,8.684832572937012,626517,0.0,0.0,0.0
2014-06-19,11.345000267028809,11.380000114440918,11.319999694824219,11.327500343322754,8.67717170715332,237047,0.0,0.0,0.0
2014-06-20,11.380000114440918,11.380000114440918,11.294500350952148,11.3149995803833,8.667598724365234,611702,0.0,0.0,0.0
2014-06-23,11.324999809265137,11.350000381469727,11.305000305175781,11.34000015258789,8.686750411987305,454406,0.0,0.0,0.0
2014-06-24,11.34000015258789,11.354999542236328,11.319499969482422,11.335000038146973,8.6829195022583,203195,0.0,0.0,0.0
2014-06-25,11.369999885559082,11.40999984741211,11.345000267028809,11.399999618530273,8.732711791992188,236009,0.0,0.0,0.0
2014-06-26,11.40999984741211,11.420000076293945,11.369999885559082,11.414999961853027,8.74420166015625,130292,0.0,0.0,0.0
2014-06-27,11.414999961853027,11.431500434875488,11.394499778747559,11.404999732971191,8.736540794372559,456814,0.0,0.0,0.0
2014-06-30,11.484999656677246,11.484999656677246,11.375,11.385000228881836,8.721220016479492,485786,0.0,0.0,0.0
2014-07-01,11.390000343322754,11.45199966430664,11.345000267028809,11.350000381469727,8.69441032409668,469526,0.0,0.0,0.0
2014-07-02,11.385000228881836,11.385000228881836,11.324999809265137,11.329999923706055,8.679088592529297,609981,0.0,0.0,0.0
2014-07-03,11.319999694824219,11.348250389099121,11.3149995803833,11.335000038146973,8.6829195022583,751578,0.0,0.0,0.0
2014-07-04,11.34000015258789,11.350000381469727,11.319999694824219,11.335000038146973,8.6829195022583,4497020,0.0,0.0,0.0
2014-07-07,11.335000038146973,11.35890007019043,11.316200256347656,11.34000015258789,8.686750411987305,388499,0.0,0.0,0.0
2014-07-08,11.350000381469727,11.404999732971191,11.336000442504883,11.399999618530273,8.732711791992188,534164,0.0,0.0,0.0
2014-07-09,11.420000076293945,11.423199653625488,11.390000343322754,11.397500038146973,8.730794906616211,2015843,0.0,0.0,0.0
2014-07-10,11.404999732971191,11.467300415039062,11.39540958404541,11.427499771118164,8.753775596618652,848031,0.0,0.0,0.0
2014-07-11,11.4350004196167,11.454999923706055,11.408149719238281,11.444999694824219,8.767181396484375,373065,0.0,0.0,0.0
2014-07-14,11.430000305175781,11.452710151672363,11.430000305175781,11.4399995803833,8.763352394104004,134098,0.0,0.0,0.0
2014-07-15,11.460000038146973,11.46500015258789,11.404999732971191,11.40999984741211,8.740370750427246,499838,0.0,0.0,0.0
2014-07-16,11.414999961853027,11.4399995803833,11.404999732971191,11.404999732971191,8.736540794372559,190149,0.0,0.0,0.0
2014-07-17,11.414999961853027,11.475000381469727,11.414999961853027,11.460000038146973,8.778671264648438,590943,0.0,0.0,0.0
2014-07-18,11.475000381469727,11.505000114440918,11.45775032043457,11.494999885559082,8.805482864379883,201684,0.0,0.0,0.0
2014-07-21,11.489999771118164,11.510000228881836,11.470000267028809,11.494999885559082,8.805482864379883,348040,0.0,0.0,0.0
2014-07-22,11.484999656677246,11.516349792480469,11.46500015258789,11.494999885559082,8.805482864379883,263384,0.0,0.0,0.0
2014-07-23,11.494999885559082,11.53499984741211,11.486200332641602,11.515000343322754,8.820804595947266,158072,0.0,0.0,0.0
2014-07-24,11.515000343322754,11.525799751281738,11.475000381469727,11.484999656677246,8.797823905944824,291709,0.0,0.0,0.0
2014-07-25,11.5,11.529999732971191,11.479999542236328,11.522500038146973,8.82655143737793,263801,0.0,0.0,0.0
2014-07-28,11.5,11.524999618530273,11.489999771118164,11.512499809265137,8.818889617919922,756401,0.0,0.0,0.0
2014-07-29,11.515000343322754,11.54580020904541,11.5,11.52750015258789,8.830379486083984,442787,0.0,0.0,0.0
2014-07-30,11.545000076293945,11.545000076293945,11.489999771118164,11.510000228881836,8.816974639892578,307397,0.0,0.0,0.0
2014-07-31,11.5,11.515000343322754,11.470000267028809,11.489999771118164,8.801655769348145,255201,0.0,0.0,0.0
2014-08-01,11.5,11.569999694824219,11.484999656677246,11.569999694824219,8.862935066223145,1914980,0.0,0.0,0.0
2014-08-04,11.569999694824219,11.59000015258789,11.557000160217285,11.582500457763672,8.872509002685547,220321,0.0,0.0,0.0
2014-08-05,11.569999694824219,11.586600303649902,11.539999961853027,11.552499771118164,8.849531173706055,207633,0.0,0.0,0.0
2014-08-06,11.569999694824219,11.619999885559082,11.565099716186523,11.612500190734863,8.895491600036621,671364,0.0,0.0,0.0
2014-08-07,11.630000114440918,11.640000343322754,11.597999572753906,11.632499694824219,8.910811424255371,380543,0.0,0.0,0.0
2014-08-08,11.694999694824219,11.725000381469727,11.664999961853027,11.6875,8.95294189453125,769043,0.0,0.0,0.0
2014-08-11,11.670000076293945,11.686200141906738,11.631199836730957,11.635000228881836,8.912725448608398,339206,0.0,0.0,0.0
2014-08-12,11.640000343322754,11.659799575805664,11.611200332641602,11.614999771118164,8.897407531738281,508441,0.0,0.0,0.0
2014-08-13,11.595000267028809,11.670000076293945,11.583149909973145,11.640000343322754,8.916557312011719,865160,0.0,0.0,0.0
2014-08-14,11.664999961853027,11.699399948120117,11.654999732971191,11.670000076293945,8.939537048339844,263947,0.0,0.0,0.0
2014-08-15,11.725000381469727,11.795000076293945,11.671699523925781,11.795000076293945,9.035292625427246,256649,0.0,0.0,0.0
2014-08-18,11.8100004196167,11.8100004196167,11.701199531555176,11.71500015258789,8.97400951385498,264279,0.0,0.0,0.0
2014-08-19,11.729999542236328,11.751999855041504,11.690999984741211,11.727499961853027,8.983587265014648,300123,0.0,0.0,0.0
2014-08-20,11.720000267028809,11.73799991607666,11.696000099182129,11.710000038146973,8.970178604125977,308074,0.0,0.0,0.0
2014-08-21,11.699999809265137,11.739999771118164,11.675000190734863,11.732500076293945,8.98741626739502,461047,0.0,0.0,0.0
2014-08-22,11.75,11.770000457763672,11.720000267028809,11.739999771118164,8.993159294128418,224542,0.0,0.0,0.0
2014-08-26,11.755000114440918,11.789999961853027,11.699150085449219,11.789999961853027,9.031463623046875,272231,0.0,0.0,0.0
2014-08-27,11.829999923706055,11.869999885559082,11.787360191345215,11.864999771118164,9.08891487121582,121734,0.0,0.0,0.0
2014-08-28,11.859999656677246,11.885000228881836,11.844200134277344,11.859999656677246,9.08508586883545,793155,0.0,0.0,0.0
2014-08-29,11.890000343322754,11.890000343322754,11.824999809265137,11.880000114440918,9.10040283203125,201297,0.0,0.0,0.0
2014-09-01,11.869999885559082,11.885000228881836,11.84000015258789,11.854999542236328,9.081252098083496,854805,0.0,0.0,0.0
2014-09-02,11.824999809265137,11.84939956665039,11.770000457763672,11.795000076293945,9.035292625427246,160331,0.0,0.0,0.0
2014-09-03,11.78499984741211,11.824199676513672,11.71345043182373,11.755000114440918,9.00464916229248,420600,0.0,0.0,0.0
2014-09-04,11.774999618530273,11.8100004196167,11.725000381469727,11.75,9.000819206237793,1970729,0.0,0.0,0.0
2014-09-05,11.75,11.775799751281738,11.728449821472168,11.765000343322754,9.012309074401855,160655,0.0,0.0,0.0
2014-09-08,11.779999732971191,11.779999732971191,11.71500015258789,11.744999885559082,8.996991157531738,469644,0.0,0.0,0.0
2014-09-09,11.729999542236328,11.729999542236328,11.6850004196167,11.725000381469727,8.981669425964355,475408,0.0,0.0,0.0
2014-09-10,11.710000038146973,11.718979835510254,11.680000305175781,11.694999694824219,8.958690643310547,328822,0.0,0.0,0.0
2014-09-11,11.6899995803833,11.727499961853027,11.6899995803833,11.702500343322754,8.964433670043945,204024,0.0,0.0,0.0
2014-09-12,11.694999694824219,11.702500343322754,11.657299995422363,11.680000305175781,8.947196006774902,260772,0.0,0.0,0.0
2014-09-15,11.664999961853027,11.697999954223633,11.662300109863281,11.667499542236328,8.9376220703125,297465,0.0,0.0,0.0
2014-09-16,11.6899995803833,11.699999809265137,11.672499656677246,11.6850004196167,8.951030731201172,446655,0.0,0.0,0.0
2014-09-17,11.6850004196167,11.704400062561035,11.672499656677246,11.688750267028809,8.953901290893555,334365,0.0,0.0,0.0
2014-09-18,11.670000076293945,11.691579818725586,11.6225004196167,11.630000114440918,8.908895492553711,252446,0.0,0.0,0.0
2014-09-19,11.645000457763672,11.702500343322754,11.625,11.696249961853027,8.959646224975586,859597,0.0,0.0,0.0
2014-09-22,11.727499961853027,11.744999885559082,11.712679862976074,11.744999885559082,8.996991157531738,268602,0.0,0.0,0.0
2014-09-23,11.729999542236328,11.782500267028809,11.729999542236328,11.760000228881836,9.0084810256958,512838,0.0,0.0,0.0
2014-09-24,11.760000228881836,11.789999961853027,11.747900009155273,11.767499923706055,9.0142240524292,534186,0.0,0.0,0.0
2014-09-25,11.770000457763672,11.795599937438965,11.762499809265137,11.782500267028809,9.025716781616211,313870,0.0,0.0,0.0
2014-09-26,11.807499885559082,11.816900253295898,11.762499809265137,11.767499923706055,9.0142240524292,1228071,0.0,0.0,0.0
2014-09-29,11.772500038146973,11.815179824829102,11.758099555969238,11.797499656677246,9.03720474243164,205576,0.0,0.0,0.0
2014-09-30,11.797499656677246,11.8100004196167,11.770600318908691,11.8100004196167,9.046782493591309,363490,0.0,0.0,0.0
2014-10-01,11.755000114440918,11.850000381469727,11.755000114440918,11.845000267028809,9.073591232299805,247937,0.0,0.0,0.0
2014-10-02,11.854999542236328,11.875,11.842499732971191,11.875,9.096574783325195,488438,0.0,0.0,0.0
2014-10-03,11.854999542236328,11.880000114440918,11.819860458374023,11.822500228881836,9.056358337402344,389575,0.0,0.0,0.0
2014-10-06,11.854999542236328,11.867500305175781,11.842399597167969,11.854999542236328,9.081252098083496,293488,0.0,0.0,0.0
2014-10-07,11.869999885559082,11.9375,11.854999542236328,11.936249732971191,9.14349365234375,357458,0.0,0.0,0.0
2014-10-08,11.9375,11.994500160217285,11.9375,11.960000038146973,9.161686897277832,1735467,0.0,0.0,0.0
2014-10-09,12.0,12.007499694824219,11.9350004196167,11.9350004196167,9.142534255981445,169343,0.0,0.0,0.0
2014-10-10,11.952500343322754,11.993000030517578,11.924799919128418,11.977499961853027,9.175090789794922,413017,0.0,0.0,0.0
2014-10-13,11.992500305175781,12.045000076293945,11.986379623413086,12.032500267028809,9.21722412109375,472205,0.0,0.0,0.0
2014-10-14,12.029999732971191,12.125,12.015000343322754,12.087499618530273,9.259354591369629,634843,0.0,0.0,0.0
2014-10-15,12.079999923706055,12.274999618530273,12.069910049438477,12.229999542236328,9.368512153625488,723754,0.0,0.0,0.0
2014-10-16,12.1875,14.21399974822998,12.1181001663208,12.1225004196167,9.28616714477539,945978,0.0,0.0,0.0
2014-10-17,12.119999885559082,12.1456298828125,12.010000228881836,12.010000228881836,9.199987411499023,354240,0.0,0.0,0.0
2014-10-20,12.050000190734863,12.077500343322754,12.007499694824219,12.039999961853027,9.222969055175781,1361983,0.0,0.0,0.0
2014-10-21,12.0625,12.072250366210938,11.989999771118164,12.017499923706055,9.205733299255371,868085,0.0,0.0,0.0
2014-10-22,12.055000305175781,12.06637954711914,11.959890365600586,12.001250267028809,9.193283081054688,922707,0.0,0.0,0.0
2014-10-23,11.994999885559082,12.048879623413086,11.970000267028809,11.984999656677246,9.180835723876953,777601,0.0,0.0,0.0
2014-10-24,11.979999542236328,12.015000343322754,11.979999542236328,11.982500076293945,9.17892074584961,835287,0.0,0.0,0.0
2014-10-27,11.952500343322754,12.020000457763672,11.952500343322754,12.012499809265137,9.20190143585205,208885,0.0,0.0,0.0
2014-10-28,11.960000038146973,12.017800331115723,11.953200340270996,11.975000381469727,9.173177719116211,331002,0.0,0.0,0.0
2014-10-29,11.979999542236328,11.98639965057373,11.952500343322754,11.960000038146973,9.161686897277832,1571011,0.0,0.0,0.0
2014-10-30,11.805000305175781,11.869999885559082,11.805000305175781,11.84749984741211,9.178499221801758,1367424,0.1342,0.0,0.0
2014-10-31,11.845000267028809,11.84749984741211,11.819999694824219,11.827500343322754,9.163003921508789,452255,0.0,0.0,0.0
2014-11-03,11.854999542236328,11.87244987487793,11.791000366210938,11.805000305175781,9.1455717086792,354505,0.0,0.0,0.0
2014-11-04,11.827500343322754,11.864999771118164,11.817700386047363,11.854999542236328,9.184305191040039,3139472,0.0,0.0,0.0
2014-11-05,11.854999542236328,11.854999542236328,11.824999809265137,11.842499732971191,9.174623489379883,29979714,0.0,0.0,0.0
2014-11-06,11.829999923706055,11.859999656677246,11.807499885559082,11.84000015258789,9.172690391540527,3836427,0.0,0.0,0.0
2014-11-07,11.835000038146973,11.882499694824219,11.8100004196167,11.8774995803833,9.201738357543945,767805,0.0,0.0,0.0
2014-11-10,11.867500305175781,11.928999900817871,11.864999771118164,11.892499923706055,9.213360786437988,331144,0.0,0.0,0.0
2014-11-11,11.8774995803833,11.881509780883789,11.842399597167969,11.854999542236328,9.184305191040039,509561,0.0,0.0,0.0
2014-11-12,11.869999885559082,11.927499771118164,11.847800254821777,11.896249771118164,9.216266632080078,859447,0.0,0.0,0.0
2014-11-13,11.890000343322754,11.917400360107422,11.867500305175781,11.90250015258789,9.221108436584473,587508,0.0,0.0,0.0
2014-11-14,11.899999618530273,11.952500343322754,11.899999618530273,11.947500228881836,9.255969047546387,1091451,0.0,0.0,0.0
2014-11-17,11.975000381469727,11.99899959564209,11.932499885559082,11.949999809265137,9.257905960083008,841169,0.0,0.0,0.0
2014-11-18,11.957500457763672,11.988499641418457,11.922499656677246,11.942500114440918,9.252097129821777,250378,0.0,0.0,0.0
2014-11-19,11.954999923706055,11.972780227661133,11.916199684143066,11.930000305175781,9.242412567138672,870470,0.0,0.0,0.0
2014-11-20,11.9399995803833,11.9975004196167,11.9375,11.96500015258789,9.269524574279785,449273,0.0,0.0,0.0
2014-11-21,12.005000114440918,12.024999618530273,11.964750289916992,12.017499923706055,9.310198783874512,574788,0.0,0.0,0.0
2014-11-24,12.039999961853027,12.039999961853027,12.010000228881836,12.032500267028809,9.321821212768555,346901,0.0,0.0,0.0
2014-11-25,12.032500267028809,12.100000381469727,12.032500267028809,12.083749771118164,9.361526489257812,578077,0.0,0.0,0.0
2014-11-26,12.114999771118164,12.135000228881836,12.084600448608398,12.1274995803833,9.395418167114258,447632,0.0,0.0,0.0
2014-11-27,12.149999618530273,12.18634033203125,12.135499954223633,12.182499885559082,9.438028335571289,187063,0.0,0.0,0.0
2014-11-28,12.194999694824219,12.2191801071167,12.182499885559082,12.1850004196167,9.439967155456543,3932594,0.0,0.0,0.0
2014-12-01,12.287500381469727,12.287500381469727,12.185999870300293,12.199999809265137,9.45158576965332,557202,0.0,0.0,0.0
2014-12-02,12.239999771118164,12.239999771118164,12.107500076293945,12.119999885559082,9.389608383178711,272202,0.0,0.0,0.0
2014-12-03,12.130000114440918,12.15820026397705,12.100000381469727,12.104999542236328,9.377986907958984,2149616,0.0,0.0,0.0
2014-12-04,12.109999656677246,12.15999984741211,12.109999656677246,12.1274995803833,9.395418167114258,167556,0.0,0.0,0.0
2014-12-05,12.15999984741211,12.15999984741211,12.082500457763672,12.107500076293945,9.379924774169922,296653,0.0,0.0,0.0
2014-12-08,12.119999885559082,12.149999618530273,12.074999809265137,12.149999618530273,9.41285228729248,426137,0.0,0.0,0.0
2014-12-09,12.162500381469727,12.234999656677246,12.143199920654297,12.226249694824219,9.471921920776367,525554,0.0,0.0,0.0
2014-12-10,12.225000381469727,12.268549919128418,12.201899528503418,12.227499961853027,9.472892761230469,623233,0.0,0.0,0.0
2014-12-11,12.2524995803833,12.292499542236328,12.220000267028809,12.220000267028809,9.467081069946289,1461477,0.0,0.0,0.0
2014-12-12,12.300000190734863,12.341899871826172,12.262499809265137,12.327500343322754,9.550363540649414,1012638,0.0,0.0,0.0
2014-12-15,12.329999923706055,12.345000267028809,12.28499984741211,12.337499618530273,9.558111190795898,489854,0.0,0.0,0.0
2014-12-16,12.369999885559082,12.47249984741211,12.338800430297852,12.364999771118164,9.579415321350098,602351,0.0,0.0,0.0
2014-12-17,12.387499809265137,12.40250015258789,12.332500457763672,12.3725004196167,9.585227012634277,418751,0.0,0.0,0.0
2014-12-18,12.4350004196167,12.4350004196167,12.26632022857666,12.272500038146973,9.507753372192383,357853,0.0,0.0,0.0
2014-12-19,12.225000381469727,12.272500038146973,12.21500015258789,12.274999618530273,9.509689331054688,295393,0.0,0.0,0.0
2014-12-22,12.279999732971191,12.3125,12.265000343322754,12.295000076293945,9.525187492370605,412752,0.0,0.0,0.0
2014-12-23,12.302499771118164,12.324999809265137,12.262499809265137,12.274999618530273,9.509689331054688,659740,0.0,0.0,0.0
2014-12-24,12.260000228881836,12.274999618530273,12.220000267028809,12.234999656677246,9.478699684143066,138558,0.0,0.0,0.0
2014-12-29,12.322500228881836,12.329999923706055,12.26609992980957,12.305000305175781,9.532933235168457,213054,0.0,0.0,0.0
2014-12-30,12.305000305175781,12.362500190734863,12.27888011932373,12.345000267028809,9.563920021057129,546233,0.0,0.0,0.0
2014-12-31,12.345000267028809,12.412500381469727,12.345000267028809,12.399999618530273,9.60653018951416,93901,0.0,0.0,0.0
2015-01-02,12.375,12.447500228881836,12.353599548339844,12.442500114440918,9.639457702636719,117873,0.0,0.0,0.0
2015-01-05,12.40999984741211,12.513739585876465,12.403779983520508,12.513750076293945,9.694653511047363,386461,0.0,0.0,0.0
2015-01-06,12.537500381469727,12.617500305175781,12.521200180053711,12.607500076293945,9.76728630065918,217341,0.0,0.0,0.0
2015-01-07,12.595000267028809,12.617500305175781,12.552499771118164,12.583749771118164,9.748884201049805,2173707,0.0,0.0,0.0
2015-01-08,12.567500114440918,12.579999923706055,12.529999732971191,12.550000190734863,9.722738265991211,686702,0.0,0.0,0.0
2015-01-09,12.574999809265137,12.606550216674805,12.553000450134277,12.604999542236328,9.765349388122559,622062,0.0,0.0,0.0
2015-01-12,12.59749984741211,12.647500038146973,12.583720207214355,12.6225004196167,9.77890682220459,191646,0.0,0.0,0.0
2015-01-13,12.680000305175781,12.71975040435791,12.609999656677246,12.637499809265137,9.79052734375,688612,0.0,0.0,0.0
2015-01-14,12.739999771118164,12.765399932861328,12.667499542236328,12.72249984741211,9.856378555297852,614189,0.0,0.0,0.0
2015-01-15,12.720000267028809,12.75,12.677499771118164,12.708749771118164,9.845726013183594,849480,0.0,0.0,0.0
2015-01-16,12.84000015258789,12.84000015258789,12.692500114440918,12.704999923706055,9.842820167541504,599350,0.0,0.0,0.0
2015-01-19,12.732500076293945,12.762499809265137,12.699749946594238,12.739999771118164,9.869935989379883,759392,0.0,0.0,0.0
2015-01-20,12.7475004196167,12.776249885559082,12.707500457763672,12.762499809265137,9.887365341186523,504115,0.0,0.0,0.0
2015-01-21,12.760000228881836,12.835000038146973,12.727499961853027,12.797499656677246,9.914482116699219,2352386,0.0,0.0,0.0
2015-01-22,12.800000190734863,12.823030471801758,12.645000457763672,12.744999885559082,9.873810768127441,688843,0.0,0.0,0.0
2015-01-23,12.779999732971191,12.851400375366211,12.770979881286621,12.835000038146973,9.943533897399902,1466364,0.0,0.0,0.0
2015-01-26,12.822500228881836,12.837499618530273,12.794650077819824,12.806249618530273,9.921260833740234,2380648,0.0,0.0,0.0
2015-01-27,12.842499732971191,12.850000381469727,12.800000190734863,12.822500228881836,9.933850288391113,1146381,0.0,0.0,0.0
2015-01-28,12.800000190734863,12.835000038146973,12.723480224609375,12.827500343322754,9.937723159790039,398806,0.0,0.0,0.0
2015-01-29,12.835000038146973,12.899999618530273,12.835000038146973,12.875,9.97452449798584,1539001,0.0,0.0,0.0
2015-01-30,12.854999542236328,12.973199844360352,12.854999542236328,12.96500015258789,10.0442476272583,492291,0.0,0.0,0.0
2015-02-02,12.952500343322754,13.0,12.910079956054688,12.927499771118164,10.015193939208984,1530347,0.0,0.0,0.0
2015-02-03,12.932499885559082,12.961600303649902,12.800000190734863,12.824999809265137,9.935785293579102,2022954,0.0,0.0,0.0
2015-02-04,12.84000015258789,12.84000015258789,12.732500076293945,12.737500190734863,9.867999076843262,454243,0.0,0.0,0.0
2015-02-05,12.782500267028809,12.85575008392334,12.71500015258789,12.720000267028809,9.854440689086914,712950,0.0,0.0,0.0
2015-02-06,12.720000267028809,12.75117015838623,12.607500076293945,12.607500076293945,9.76728630065918,527632,0.0,0.0,0.0
2015-02-09,12.617500305175781,12.6875,12.563610076904297,12.635000228881836,9.788588523864746,823980,0.0,0.0,0.0
2015-02-10,12.614999771118164,12.614999771118164,12.545000076293945,12.567500114440918,9.736294746398926,651045,0.0,0.0,0.0
2015-02-11,12.557499885559082,12.588850021362305,12.524999618530273,12.5337495803833,9.710150718688965,779226,0.0,0.0,0.0
2015-02-12,12.53499984741211,12.565950393676758,12.442500114440918,12.52750015258789,9.705307960510254,1422442,0.0,0.0,0.0
2015-02-13,12.489999771118164,12.532500267028809,12.471799850463867,12.520000457763672,9.699496269226074,407109,0.0,0.0,0.0
2015-02-16,12.482500076293945,12.515000343322754,12.470000267028809,12.512499809265137,9.693686485290527,373108,0.0,0.0,0.0
2015-02-17,12.539999961853027,12.571049690246582,12.399999618530273,12.432499885559082,9.631708145141602,603661,0.0,0.0,0.0
2015-02-18,12.430000305175781,12.441269874572754,12.324299812316895,12.329999923706055,9.552299499511719,326034,0.0,0.0,0.0
2015-02-19,12.3725004196167,12.391400337219238,12.34179973602295,12.367500305175781,9.581351280212402,513467,0.0,0.0,0.0
2015-02-20,12.367500305175781,12.454999923706055,12.353150367736816,12.432499885559082,9.631708145141602,1182919,0.0,0.0,0.0
2015-02-23,12.524999618530273,12.524999618530273,12.385000228881836,12.40250015258789,9.608467102050781,1695451,0.0,0.0,0.0
2015-02-24,12.404999732971191,12.463760375976562,12.3774995803833,12.462499618530273,9.654949188232422,1024078,0.0,0.0,0.0
2015-02-25,12.484999656677246,12.55525016784668,12.480999946594238,12.492500305175781,9.678192138671875,660497,0.0,0.0,0.0
2015-02-26,12.5024995803833,12.59475040435791,12.493200302124023,12.5024995803833,9.685938835144043,476831,0.0,0.0,0.0
2015-02-27,12.507499694824219,12.507499694824219,12.420900344848633,12.430000305175781,9.629773139953613,311572,0.0,0.0,0.0
2015-03-02,12.417499542236328,12.460700035095215,12.385000228881836,12.392499923706055,9.600722312927246,10073978,0.0,0.0,0.0
2015-03-03,12.404999732971191,12.404999732971191,12.287500381469727,12.322500228881836,9.546489715576172,399997,0.0,0.0,0.0
2015-03-04,12.28499984741211,12.302499771118164,12.262499809265137,12.279999732971191,9.51356315612793,421398,0.0,0.0,0.0
2015-03-05,12.350000381469727,12.350000381469727,12.25879955291748,12.292499542236328,9.523246765136719,384374,0.0,0.0,0.0
2015-03-06,12.3100004196167,12.319999694824219,12.180000305175781,12.199999809265137,9.45158576965332,363621,0.0,0.0,0.0
2015-03-09,12.167499542236328,12.244999885559082,12.167499542236328,12.210000038146973,9.459333419799805,328449,0.0,0.0,0.0
2015-03-10,12.234999656677246,12.323800086975098,12.100000381469727,12.326250076293945,9.549395561218262,198964,0.0,0.0,0.0
2015-03-11,12.367500305175781,12.367500305175781,12.257499694824219,12.319999694824219,9.54455280303955,324259,0.0,0.0,0.0
2015-03-12,12.337499618530273,12.437700271606445,12.334400177001953,12.404999732971191,9.610404968261719,597186,0.0,0.0,0.0
2015-03-13,12.399999618530273,12.457500457763672,12.300000190734863,12.438750267028809,9.636553764343262,645292,0.0,0.0,0.0
2015-03-16,12.467499732971191,12.505000114440918,12.445199966430664,12.475000381469727,9.66463565826416,386407,0.0,0.0,0.0
2015-03-17,12.475000381469727,12.553099632263184,12.475000381469727,12.4975004196167,9.682065963745117,502355,0.0,0.0,0.0
2015-03-18,12.507499694824219,12.592499732971191,12.502169609069824,12.579999923706055,9.745980262756348,531594,0.0,0.0,0.0
2015-03-19,12.574999809265137,12.692500114440918,12.574999809265137,12.667499542236328,9.813766479492188,961763,0.0,0.0,0.0
2015-03-20,12.670000076293945,12.704999923706055,12.652099609375,12.6875,9.82926082611084,296872,0.0,0.0,0.0
2015-03-23,12.699999809265137,12.739859580993652,12.664999961853027,12.694999694824219,9.835074424743652,454966,0.0,0.0,0.0
2015-03-24,12.697500228881836,12.737500190734863,12.6875,12.717499732971191,9.85250473022461,469494,0.0,0.0,0.0
2015-03-25,12.762499809265137,12.789999961853027,12.72754955291748,12.748749732971191,9.876715660095215,443301,0.0,0.0,0.0
2015-03-26,12.717499732971191,12.759650230407715,12.635000228881836,12.640000343322754,9.792466163635254,380222,0.0,0.0,0.0
2015-03-27,12.645000457763672,12.712499618530273,12.57075023651123,12.702500343322754,9.8408842086792,377099,0.0,0.0,0.0
2015-03-30,12.6875,12.728130340576172,12.654999732971191,12.662500381469727,9.809895515441895,332948,0.0,0.0,0.0
2015-03-31,12.675000190734863,12.698699951171875,12.630000114440918,12.649999618530273,9.800210952758789,467325,0.0,0.0,0.0
2015-04-01,12.642499923706055,12.725000381469727,12.600000381469727,12.710000038146973,9.846693992614746,755398,0.0,0.0,0.0
2015-04-02,12.662500381469727,12.739999771118164,12.648300170898438,12.672499656677246,9.817642211914062,2491211,0.0,0.0,0.0
2015-04-07,12.760000228881836,12.760000228881836,12.600000381469727,12.640000343322754,9.792466163635254,307602,0.0,0.0,0.0
2015-04-08,12.667499542236328,12.680100440979004,12.649999618530273,12.670000076293945,9.815706253051758,410210,0.0,0.0,0.0
2015-04-09,12.680000305175781,12.726699829101562,12.651949882507324,12.664999961853027,9.811832427978516,270601,0.0,0.0,0.0
2015-04-10,12.609999656677246,12.680000305175781,12.60824966430664,12.662500381469727,9.809895515441895,463647,0.0,0.0,0.0
2015-04-13,12.649999618530273,12.772100448608398,12.600000381469727,12.65250015258789,9.80214786529541,406158,0.0,0.0,0.0
2015-04-14,12.670000076293945,12.759900093078613,12.670000076293945,12.744999885559082,9.873810768127441,629516,0.0,0.0,0.0
2015-04-15,12.7524995803833,12.7524995803833,12.680000305175781,12.694999694824219,9.835074424743652,766646,0.0,0.0,0.0
2015-04-16,12.680000305175781,12.704999923706055,12.632399559020996,12.637499809265137,9.79052734375,1550184,0.0,0.0,0.0
2015-04-17,12.680000305175781,12.737500190734863,12.602499961853027,12.649999618530273,9.800210952758789,703577,0.0,0.0,0.0
2015-04-20,12.699999809265137,12.699999809265137,12.636500358581543,12.667499542236328,9.813766479492188,258859,0.0,0.0,0.0
2015-04-21,12.649999618530273,12.682499885559082,12.632499694824219,12.65999984741211,9.807955741882324,398667,0.0,0.0,0.0
2015-04-22,12.677499771118164,12.677499771118164,12.5024995803833,12.5024995803833,9.685938835144043,1123408,0.0,0.0,0.0
2015-04-23,12.489999771118164,12.552499771118164,12.489999771118164,12.53499984741211,9.7111177444458,386637,0.0,0.0,0.0
2015-04-24,12.53499984741211,12.592499732971191,12.507610321044922,12.587499618530273,9.751792907714844,621877,0.0,0.0,0.0
2015-04-27,12.585000038146973,12.604229927062988,12.535099983215332,12.539999961853027,9.71498966217041,211975,0.0,0.0,0.0
2015-04-28,12.569999694824219,12.579999923706055,12.529999732971191,12.537500381469727,9.713054656982422,548959,0.0,0.0,0.0
2015-04-29,12.640000343322754,12.640000343322754,12.369999885559082,12.391249656677246,9.599752426147461,837684,0.0,0.0,0.0
2015-04-30,12.27750015258789,12.322500228881836,12.229949951171875,12.28499984741211,9.614269256591797,930374,0.1248,0.0,0.0
2015-05-01,12.329999923706055,12.329999923706055,12.231100082397461,12.263750076293945,9.597640037536621,533711,0.0,0.0,0.0
2015-05-05,12.172499656677246,12.301400184631348,12.107799530029297,12.135000228881836,9.496879577636719,318258,0.0,0.0,0.0
2015-05-06,12.104999542236328,12.18970012664795,12.082799911499023,12.147500038146973,9.506660461425781,726067,0.0,0.0,0.0
2015-05-07,12.1225004196167,12.227499961853027,12.074999809265137,12.21500015258789,9.559487342834473,1896152,0.0,0.0,0.0
2015-05-08,12.302499771118164,12.404500007629395,12.225000381469727,12.28499984741211,9.614269256591797,370045,0.0,0.0,0.0
2015-05-11,12.265000343322754,12.279000282287598,12.227899551391602,12.229999542236328,9.571226119995117,809513,0.0,0.0,0.0
2015-05-12,12.177499771118164,12.195500373840332,12.105400085449219,12.146249771118164,9.505682945251465,379543,0.0,0.0,0.0
2015-05-13,12.157500267028809,12.239899635314941,12.137499809265137,12.137499809265137,9.4988374710083,656460,0.0,0.0,0.0
2015-05-14,12.164999961853027,12.166099548339844,12.09000015258789,12.135000228881836,9.496879577636719,575928,0.0,0.0,0.0
2015-05-15,12.164999961853027,12.252599716186523,12.147500038146973,12.2475004196167,9.584922790527344,989092,0.0,0.0,0.0
2015-05-18,12.260000228881836,12.274900436401367,12.169899940490723,12.181249618530273,9.533074378967285,454412,0.0,0.0,0.0
2015-05-19,12.237500190734863,12.264900207519531,12.143899917602539,12.175000190734863,9.528182983398438,267892,0.0,0.0,0.0
2015-05-20,12.175000190734863,12.19419002532959,12.124899864196777,12.15999984741211,9.51644229888916,615009,0.0,0.0,0.0
2015-05-21,12.15999984741211,12.192079544067383,12.135000228881836,12.15999984741211,9.51644229888916,296339,0.0,0.0,0.0
2015-05-22,12.210000038146973,12.225000381469727,12.15530014038086,12.204999923706055,9.551661491394043,485474,0.0,0.0,0.0
2015-05-26,12.262499809265137,12.269599914550781,12.19729995727539,12.255000114440918,9.590789794921875,1140075,0.0,0.0,0.0
2015-05-27,12.220000267028809,12.267499923706055,12.214900016784668,12.241250038146973,9.580031394958496,236017,0.0,0.0,0.0
2015-05-28,12.282500267028809,12.302599906921387,12.152899742126465,12.272500038146973,9.604487419128418,737809,0.0,0.0,0.0
2015-05-29,12.3100004196167,12.337499618530273,12.289999961853027,12.332500457763672,9.65144157409668,162432,0.0,0.0,0.0
2015-06-01,12.352499961853027,12.352499961853027,12.281550407409668,12.287500381469727,9.616227149963379,2910846,0.0,0.0,0.0
2015-06-02,12.255000114440918,12.264900207519531,12.170000076293945,12.171250343322754,9.525248527526855,790792,0.0,0.0,0.0
2015-06-03,12.192500114440918,12.192500114440918,12.039999961853027,12.045000076293945,9.426445007324219,323309,0.0,0.0,0.0
2015-06-04,12.020000457763672,12.1274995803833,11.93649959564209,12.112500190734863,9.479270935058594,1085520,0.0,0.0,0.0
2015-06-05,12.085000038146973,12.104900360107422,12.032679557800293,12.074999809265137,9.449922561645508,453240,0.0,0.0,0.0
2015-06-08,12.077500343322754,12.09768009185791,12.050000190734863,12.09000015258789,9.461661338806152,249213,0.0,0.0,0.0
2015-06-09,12.085000038146973,12.117400169372559,12.012499809265137,12.023750305175781,9.409814834594727,258592,0.0,0.0,0.0
2015-06-10,11.992500305175781,12.020279884338379,11.967399597167969,11.979999542236328,9.375572204589844,415062,0.0,0.0,0.0
2015-06-11,11.989999771118164,12.058099746704102,11.954999923706055,12.057499885559082,9.436226844787598,694840,0.0,0.0,0.0
2015-06-12,12.077500343322754,12.164999961853027,12.053199768066406,12.118749618530273,9.484160423278809,473422,0.0,0.0,0.0
2015-06-15,12.192500114440918,12.192500114440918,12.089900016784668,12.103750228881836,9.472423553466797,249036,0.0,0.0,0.0
2015-06-16,12.100000381469727,12.170000076293945,12.087400436401367,12.123749732971191,9.48807430267334,159992,0.0,0.0,0.0
2015-06-17,12.132499694824219,12.157500267028809,12.039999961853027,12.047499656677246,9.428400993347168,325023,0.0,0.0,0.0
2015-06-18,11.994999885559082,12.14490032196045,11.994999885559082,12.055000305175781,9.434270858764648,582844,0.0,0.0,0.0
2015-06-19,12.077500343322754,12.125450134277344,12.072500228881836,12.085000038146973,9.457748413085938,2412572,0.0,0.0,0.0
2015-06-22,12.029999732971191,12.050700187683105,11.975000381469727,11.994999885559082,9.387314796447754,209020,0.0,0.0,0.0
2015-06-23,11.989999771118164,12.042499542236328,11.9399995803833,11.994999885559082,9.387314796447754,283067,0.0,0.0,0.0
2015-06-24,11.970000267028809,12.017399787902832,11.954999923706055,11.989999771118164,9.383401870727539,362419,0.0,0.0,0.0
2015-06-25,12.010000228881836,12.03499984741211,11.976630210876465,12.0024995803833,9.393183708190918,570033,0.0,0.0,0.0
2015-06-26,12.012499809265137,12.026000022888184,11.933250427246094,11.960000038146973,9.359925270080566,827865,0.0,0.0,0.0
2015-06-29,12.074999809265137,12.157500267028809,12.020700454711914,12.0649995803833,9.442096710205078,3604093,0.0,0.0,0.0
2015-06-30,12.072500228881836,12.143930435180664,12.072500228881836,12.118749618530273,9.484160423278809,561642,0.0,0.0,0.0
2015-07-01,12.104999542236328,12.107500076293945,11.973199844360352,12.005000114440918,9.395140647888184,230915,0.0,0.0,0.0
2015-07-02,11.989999771118164,12.045000076293945,11.949000358581543,12.032500267028809,9.41666316986084,1450525,0.0,0.0,0.0
2015-07-03,12.0600004196167,12.119999885559082,12.039730072021484,12.112500190734863,9.479270935058594,194593,0.0,0.0,0.0
2015-07-06,12.147500038146973,12.196229934692383,12.07699966430664,12.095000267028809,9.465576171875,4456783,0.0,0.0,0.0
2015-07-07,12.09749984741211,12.28499984741211,12.088580131530762,12.270000457763672,9.60252857208252,417618,0.0,0.0,0.0
2015-07-08,12.34000015258789,12.34000015258789,12.194499969482422,12.217499732971191,9.561444282531738,1231322,0.0,0.0,0.0
2015-07-09,12.192500114440918,12.280179977416992,12.149999618530273,12.15999984741211,9.51644229888916,235307,0.0,0.0,0.0
2015-07-10,12.0600004196167,12.095879554748535,12.020099639892578,12.045000076293945,9.426445007324219,2945482,0.0,0.0,0.0
2015-07-13,12.037500381469727,12.037500381469727,11.949999809265137,12.0024995803833,9.393183708190918,404909,0.0,0.0,0.0
2015-07-14,12.017499923706055,12.017499923706055,11.945599555969238,11.979999542236328,9.375572204589844,584307,0.0,0.0,0.0
2015-07-15,12.012499809265137,12.015000343322754,11.960000038146973,12.010000228881836,9.399052619934082,1337457,0.0,0.0,0.0
2015-07-16,11.994999885559082,12.052499771118164,11.97249984741211,12.039999961853027,9.422531127929688,802439,0.0,0.0,0.0
2015-07-17,12.100000381469727,12.100000381469727,12.020000457763672,12.042499542236328,9.42448616027832,1650049,0.0,0.0,0.0
2015-07-20,12.039999961853027,12.089500427246094,12.015199661254883,12.039999961853027,9.422531127929688,441008,0.0,0.0,0.0
2015-07-21,12.037500381469727,12.060799598693848,11.984999656677246,12.024999618530273,9.410792350769043,616156,0.0,0.0,0.0
2015-07-22,12.055000305175781,12.104999542236328,12.040749549865723,12.104999542236328,9.473401069641113,710631,0.0,0.0,0.0
2015-07-23,12.100000381469727,12.133000373840332,12.095000267028809,12.117500305175781,9.483182907104492,416912,0.0,0.0,0.0
2015-07-24,12.147500038146973,12.227999687194824,12.147500038146973,12.210000038146973,9.555572509765625,565375,0.0,0.0,0.0
2015-07-27,12.210000038146973,12.267999649047852,12.210000038146973,12.237500190734863,9.577095985412598,383349,0.0,0.0,0.0
2015-07-28,12.220000267028809,12.229999542236328,12.185500144958496,12.229999542236328,9.571226119995117,353547,0.0,0.0,0.0
2015-07-29,12.25,12.25,12.177499771118164,12.1875,9.537964820861816,397416,0.0,0.0,0.0
2015-07-30,12.1850004196167,12.22700023651123,12.175000190734863,12.210000038146973,9.555572509765625,676903,0.0,0.0,0.0
2015-07-31,12.21500015258789,12.30519962310791,12.192500114440918,12.297499656677246,9.624051094055176,623105,0.0,0.0,0.0
2015-08-03,12.265000343322754,12.337499618530273,12.262499809265137,12.337499618530273,9.655355453491211,5534129,0.0,0.0,0.0
2015-08-04,12.350000381469727,12.371999740600586,12.317500114440918,12.324999809265137,9.6455717086792,209634,0.0,0.0,0.0
2015-08-05,12.295000076293945,12.312999725341797,12.20199966430664,12.21500015258789,9.559487342834473,451914,0.0,0.0,0.0
2015-08-06,12.22249984741211,12.311249732971191,12.220199584960938,12.307499885559082,9.631878852844238,240673,0.0,0.0,0.0
2015-08-07,12.375,12.392499923706055,12.277999877929688,12.392499923706055,9.698402404785156,342456,0.0,0.0,0.0
2015-08-10,12.369999885559082,12.390000343322754,12.303000450134277,12.3125,9.635791778564453,299423,0.0,0.0,0.0
2015-08-11,12.329999923706055,12.417499542236328,12.32800006866455,12.40250015258789,9.70622444152832,875617,0.0,0.0,0.0
2015-08-12,12.5,12.510000228881836,12.389699935913086,12.420000076293945,9.71992015838623,1248694,0.0,0.0,0.0
2015-08-13,12.327500343322754,12.388750076293945,12.3100004196167,12.364999771118164,9.67687702178955,323657,0.0,0.0,0.0
2015-08-14,12.34000015258789,12.366999626159668,12.300350189208984,12.327500343322754,9.647529602050781,335244,0.0,0.0,0.0
2015-08-17,12.324999809265137,12.380000114440918,12.324999809265137,12.380000114440918,9.688616752624512,946805,0.0,0.0,0.0
2015-08-18,12.3774995803833,12.397199630737305,12.297200202941895,12.319999694824219,9.6416597366333,775989,0.0,0.0,0.0
2015-08-19,12.319999694824219,12.350000381469727,12.282500267028809,12.350000381469727,9.665140151977539,611030,0.0,0.0,0.0
2015-08-20,12.387499809265137,12.447199821472168,12.372200012207031,12.425000190734863,9.723834037780762,743964,0.0,0.0,0.0
2015-08-21,12.470000267028809,12.492500305175781,12.442850112915039,12.492500305175781,9.77665901184082,773736,0.0,0.0,0.0
2015-08-24,12.470000267028809,12.604700088500977,12.46500015258789,12.494999885559082,9.77861499786377,3498775,0.0,0.0,0.0
2015-08-25,12.425000190734863,12.501399993896484,12.3818998336792,12.392499923706055,9.698402404785156,2147106,0.0,0.0,0.0
2015-08-26,12.432499885559082,12.454400062561035,12.327500343322754,12.327500343322754,9.647529602050781,312948,0.0,0.0,0.0
2015-08-27,12.239999771118164,12.347200393676758,12.239999771118164,12.3125,9.635791778564453,1685915,0.0,0.0,0.0
2015-08-28,12.385000228881836,12.404999732971191,12.3100004196167,12.3100004196167,9.633834838867188,2229497,0.0,0.0,0.0
2015-09-01,12.272500038146973,12.369999885559082,12.272500038146973,12.327500343322754,9.647529602050781,961593,0.0,0.0,0.0
2015-09-02,12.3125,12.37969970703125,12.3125,12.34000015258789,9.657313346862793,399880,0.0,0.0,0.0
2015-09-03,12.302499771118164,12.387499809265137,12.302499771118164,12.362500190734863,9.674921035766602,410525,0.0,0.0,0.0
2015-09-04,12.387499809265137,12.470000267028809,12.387499809265137,12.46500015258789,9.755138397216797,385017,0.0,0.0,0.0
2015-09-07,12.489999771118164,12.489999771118164,12.433079719543457,12.489999771118164,9.774702072143555,321059,0.0,0.0,0.0
2015-09-08,12.477499961853027,12.486129760742188,12.4350004196167,12.444999694824219,9.739485740661621,457576,0.0,0.0,0.0
2015-09-09,12.399999618530273,12.43970012664795,12.377799987792969,12.404999732971191,9.708181381225586,215201,0.0,0.0,0.0
2015-09-10,12.4399995803833,12.462499618530273,12.395000457763672,12.395000457763672,9.70035457611084,380653,0.0,0.0,0.0
2015-09-11,12.444999694824219,12.449999809265137,12.385299682617188,12.447500228881836,9.741443634033203,698530,0.0,0.0,0.0
2015-09-14,12.430000305175781,12.45337963104248,12.40250015258789,12.417499542236328,9.717965126037598,674491,0.0,0.0,0.0
2015-09-15,12.407500267028809,12.427200317382812,12.350000381469727,12.367500305175781,9.67883586883545,690975,0.0,0.0,0.0
2015-09-16,12.327500343322754,12.347200393676758,12.264200210571289,12.307499885559082,9.631878852844238,311628,0.0,0.0,0.0
2015-09-17,12.300000190734863,12.320079803466797,12.27750015258789,12.289999961853027,9.618182182312012,297339,0.0,0.0,0.0
2015-09-18,12.382499694824219,12.434700012207031,12.364999771118164,12.412500381469727,9.71405029296875,1128556,0.0,0.0,0.0
2015-09-21,12.449999809265137,12.449999809265137,12.34000015258789,12.350000381469727,9.665140151977539,323930,0.0,0.0,0.0
2015-09-22,12.404999732971191,12.47249984741211,12.356380462646484,12.462499618530273,9.753181457519531,373602,0.0,0.0,0.0
2015-09-23,12.460000038146973,12.464699745178223,12.425749778747559,12.460000038146973,9.751221656799316,534654,0.0,0.0,0.0
2015-09-24,12.452500343322754,12.531900405883789,12.425299644470215,12.507499694824219,9.788397789001465,368089,0.0,0.0,0.0
2015-09-25,12.479999542236328,12.479999542236328,12.392499923706055,12.414999961853027,9.716007232666016,341964,0.0,0.0,0.0
2015-09-28,12.420000076293945,12.479999542236328,12.420000076293945,12.470000267028809,9.759051322937012,798526,0.0,0.0,0.0
2015-09-29,12.512499809265137,12.521650314331055,12.45913028717041,12.5024995803833,9.78448486328125,221203,0.0,0.0,0.0
2015-09-30,12.539999961853027,12.539999961853027,12.447500228881836,12.4975004196167,9.780571937561035,319657,0.0,0.0,0.0
2015-10-01,12.479999542236328,12.522500038146973,12.463950157165527,12.523750305175781,9.801114082336426,453825,0.0,0.0,0.0
2015-10-02,12.5024995803833,12.622200012207031,12.460000038146973,12.5649995803833,9.833398818969727,1623315,0.0,0.0,0.0
2015-10-05,12.532500267028809,12.570249557495117,12.444999694824219,12.462499618530273,9.753181457519531,1091973,0.0,0.0,0.0
2015-10-06,12.454999923706055,12.461700439453125,12.401650428771973,12.444999694824219,9.739485740661621,489106,0.0,0.0,0.0
2015-10-07,12.420000076293945,12.466150283813477,12.362500190734863,12.404999732971191,9.708181381225586,519465,0.0,0.0,0.0
2015-10-08,12.430000305175781,12.457200050354004,12.390000343322754,12.401249885559082,9.705245971679688,855586,0.0,0.0,0.0
2015-10-09,12.3725004196167,12.420000076293945,12.345100402832031,12.363750457763672,9.675901412963867,742739,0.0,0.0,0.0
2015-10-12,12.289999961853027,12.414999961853027,12.289999961853027,12.40999984741211,9.712092399597168,645911,0.0,0.0,0.0
2015-10-13,12.412500381469727,12.464799880981445,12.3774995803833,12.387499809265137,9.694486618041992,914193,0.0,0.0,0.0
2015-10-14,12.425000190734863,12.464400291442871,12.412799835205078,12.462499618530273,9.753181457519531,250073,0.0,0.0,0.0
2015-10-15,12.369999885559082,12.47249984741211,12.369999885559082,12.449999809265137,9.743399620056152,1600773,0.0,0.0,0.0
2015-10-16,12.4399995803833,12.487099647521973,12.40999984741211,12.422499656677246,9.721877098083496,1838944,0.0,0.0,0.0
2015-10-19,12.385000228881836,12.416399955749512,12.3725004196167,12.382499694824219,9.690572738647461,1547142,0.0,0.0,0.0
2015-10-20,12.40250015258789,12.417900085449219,12.342499732971191,12.357500076293945,9.67100715637207,988215,0.0,0.0,0.0
2015-10-21,12.359999656677246,12.425000190734863,12.359999656677246,12.417499542236328,9.717965126037598,532405,0.0,0.0,0.0
2015-10-22,12.414999961853027,12.442500114440918,12.395000457763672,12.427499771118164,9.725791931152344,995709,0.0,0.0,0.0
2015-10-23,12.422499656677246,12.455599784851074,12.359999656677246,12.359999656677246,9.672964096069336,712499,0.0,0.0,0.0
2015-10-26,12.454999923706055,12.454999923706055,12.345100402832031,12.4037504196167,9.70720386505127,423795,0.0,0.0,0.0
2015-10-27,12.414999961853027,12.479999542236328,12.404999732971191,12.47249984741211,9.761005401611328,458003,0.0,0.0,0.0
2015-10-28,12.452500343322754,12.47249984741211,12.412500381469727,12.442500114440918,9.737530708312988,527799,0.0,0.0,0.0
2015-10-29,12.390000343322754,12.413800239562988,12.3100004196167,12.3100004196167,9.633834838867188,769590,0.0,0.0,0.0
2015-10-30,12.335000038146973,12.354999542236328,12.2878999710083,12.332500457763672,9.65144157409668,477754,0.0,0.0,0.0
2015-11-02,12.350000381469727,12.350000381469727,12.297499656677246,12.3149995803833,9.637746810913086,723607,0.0,0.0,0.0
2015-11-03,12.244999885559082,12.343799591064453,12.244999885559082,12.274999618530273,9.60644245147705,572218,0.0,0.0,0.0
2015-11-04,12.260000228881836,12.270000457763672,12.198699951171875,12.227499961853027,9.569271087646484,533086,0.0,0.0,0.0
2015-11-05,12.180000305175781,12.292499542236328,12.180000305175781,12.274999618530273,9.60644245147705,4850475,0.0,0.0,0.0
2015-11-06,12.182499885559082,12.320300102233887,12.182499885559082,12.220000267028809,9.563400268554688,686774,0.0,0.0,0.0
2015-11-09,12.204999923706055,12.222000122070312,12.15250015258789,12.21500015258789,9.559487342834473,305050,0.0,0.0,0.0
2015-11-10,12.210000038146973,12.253399848937988,12.210000038146973,12.237500190734863,9.577095985412598,715803,0.0,0.0,0.0
2015-11-11,12.3100004196167,12.3100004196167,12.204999923706055,12.210000038146973,9.555572509765625,467474,0.0,0.0,0.0
2015-11-12,12.220000267028809,12.220000267028809,12.08240032196045,12.1274995803833,9.589574813842773,279797,0.1255,0.0,0.0
2015-11-13,12.182499885559082,12.182499885559082,12.127099990844727,12.162500381469727,9.617249488830566,681484,0.0,0.0,0.0
2015-11-16,12.172499656677246,12.194999694824219,12.151200294494629,12.194999694824219,9.642950057983398,1857170,0.0,0.0,0.0
2015-11-17,12.1899995803833,12.202699661254883,12.140000343322754,12.15999984741211,9.615273475646973,338411,0.0,0.0,0.0
2015-11-18,12.125,12.219900131225586,12.125,12.197500228881836,9.644927024841309,357103,0.0,0.0,0.0
2015-11-19,12.225000381469727,17.405099868774414,12.207500457763672,12.242500305175781,9.68050765991211,209157,0.0,0.0,0.0
2015-11-20,12.227499961853027,12.267499923706055,12.223699569702148,12.267499923706055,9.700276374816895,394771,0.0,0.0,0.0
2015-11-23,12.237500190734863,12.255000114440918,12.203800201416016,12.255000114440918,9.690391540527344,380123,0.0,0.0,0.0
2015-11-24,12.255000114440918,12.302499771118164,12.255000114440918,12.265000343322754,9.6983003616333,433536,0.0,0.0,0.0
2015-11-25,12.359999656677246,12.359999656677246,12.244999885559082,12.262499809265137,9.696321487426758,878341,0.0,0.0,0.0
2015-11-26,12.270000457763672,12.31760025024414,12.265000343322754,12.3125,9.735861778259277,266980,0.0,0.0,0.0
2015-11-27,12.319999694824219,12.350000381469727,12.307499885559082,12.34749984741211,9.76353645324707,346152,0.0,0.0,0.0
2015-11-30,12.3125,12.364999771118164,12.30620002746582,12.34000015258789,9.75760555267334,218525,0.0,0.0,0.0
2015-12-01,12.305000305175781,12.427499771118164,12.287500381469727,12.427499771118164,9.826796531677246,462559,0.0,0.0,0.0
2015-12-02,12.375,12.445099830627441,12.375,12.4375,9.83470344543457,284240,0.0,0.0,0.0
2015-12-03,12.432499885559082,12.432499885559082,12.28499984741211,12.287500381469727,9.716093063354492,536836,0.0,0.0,0.0
2015-12-04,12.380000114440918,12.380000114440918,12.1899995803833,12.241250038146973,9.679521560668945,502288,0.0,0.0,0.0
2015-12-07,12.332500457763672,12.380000114440918,12.2524995803833,12.380000114440918,9.78923511505127,382460,0.0,0.0,0.0
2015-12-08,12.399999618530273,12.407500267028809,12.348799705505371,12.392499923706055,9.799121856689453,700677,0.0,0.0,0.0
2015-12-09,12.385000228881836,12.385000228881836,12.297499656677246,12.30875015258789,9.73289680480957,296998,0.0,0.0,0.0
2015-12-10,12.357500076293945,12.3774995803833,12.324999809265137,12.323749542236328,9.744754791259766,345659,0.0,0.0,0.0
2015-12-11,12.329999923706055,12.401300430297852,12.316300392150879,12.3725004196167,9.783304214477539,346594,0.0,0.0,0.0
2015-12-14,12.267499923706055,12.397500038146973,12.267499923706055,12.375,9.785282135009766,247137,0.0,0.0,0.0
2015-12-15,12.467499732971191,12.467499732971191,12.217499732971191,12.227499961853027,9.668651580810547,657470,0.0,0.0,0.0
2015-12-16,12.244999885559082,12.244999885559082,12.202500343322754,12.202500343322754,9.648879051208496,681475,0.0,0.0,0.0
2015-12-17,12.272500038146973,12.300000190734863,12.225000381469727,12.292499542236328,9.720043182373047,412623,0.0,0.0,0.0
2015-12-18,12.34000015258789,12.352499961853027,12.282600402832031,12.324999809265137,9.745743751525879,232168,0.0,0.0,0.0
2015-12-21,12.25,12.359999656677246,12.232500076293945,12.359999656677246,9.773419380187988,415257,0.0,0.0,0.0
2015-12-22,12.432499885559082,12.432499885559082,12.257499694824219,12.292499542236328,9.720043182373047,426688,0.0,0.0,0.0
2015-12-23,12.25,12.267499923706055,12.199999809265137,12.210000038146973,9.65480899810791,212345,0.0,0.0,0.0
2015-12-24,12.210000038146973,12.265000343322754,12.205599784851074,12.265000343322754,9.6983003616333,151184,0.0,0.0,0.0
2015-12-29,12.145000457763672,12.292099952697754,12.145000457763672,12.234999656677246,9.674577713012695,326588,0.0,0.0,0.0
2015-12-30,12.1899995803833,12.220100402832031,12.154999732971191,12.170000076293945,9.623181343078613,251649,0.0,0.0,0.0
2015-12-31,12.25,12.25,12.166399955749512,12.1850004196167,9.635043144226074,77576,0.0,0.0,0.0
2016-01-04,12.270000457763672,12.3100004196167,12.237799644470215,12.292499542236328,9.720043182373047,335865,0.0,0.0,0.0
2016-01-05,12.289999961853027,12.30109977722168,12.235400199890137,12.295000076293945,9.722023963928223,344676,0.0,0.0,0.0
2016-01-06,12.329999923706055,12.378000259399414,12.314000129699707,12.367500305175781,9.779352188110352,847344,0.0,0.0,0.0
2016-01-07,12.407500267028809,12.465399742126465,12.322500228881836,12.350000381469727,9.765514373779297,356595,0.0,0.0,0.0
2016-01-08,12.382499694824219,12.40999984741211,12.327500343322754,12.399999618530273,9.805047988891602,371356,0.0,0.0,0.0
2016-01-11,12.382499694824219,12.385000228881836,12.333999633789062,12.367500305175781,9.779352188110352,504710,0.0,0.0,0.0
2016-01-12,12.342499732971191,12.406000137329102,12.335000038146973,12.40250015258789,9.807024955749512,199010,0.0,0.0,0.0
2016-01-13,12.390000343322754,12.414999961853027,12.279999732971191,12.404999732971191,9.809003829956055,768700,0.0,0.0,0.0
2016-01-14,12.425000190734863,12.482999801635742,12.417499542236328,12.4399995803833,9.83668041229248,602994,0.0,0.0,0.0
2016-01-15,12.430000305175781,12.510000228881836,12.430000305175781,12.488750457763672,9.875226020812988,523015,0.0,0.0,0.0
2016-01-18,12.520000457763672,12.552499771118164,12.442500114440918,12.457500457763672,9.850516319274902,456535,0.0,0.0,0.0
2016-01-19,12.4350004196167,12.467399597167969,12.390000343322754,12.447500228881836,9.842610359191895,520730,0.0,0.0,0.0
2016-01-20,12.520000457763672,12.566570281982422,12.440199851989746,12.53499984741211,9.911799430847168,3854272,0.0,0.0,0.0
2016-01-21,12.5024995803833,12.547499656677246,12.475000381469727,12.492500305175781,9.878191947937012,2034786,0.0,0.0,0.0
2016-01-22,12.457500457763672,12.492400169372559,12.3774995803833,12.449999809265137,9.844586372375488,681525,0.0,0.0,0.0
2016-01-25,12.484999656677246,12.5024995803833,12.470000267028809,12.494999885559082,9.880167007446289,430971,0.0,0.0,0.0
2016-01-26,12.539999961853027,12.56350040435791,12.494000434875488,12.511249542236328,9.893019676208496,329673,0.0,0.0,0.0
2016-01-27,12.529999732971191,12.562199592590332,12.484000205993652,12.4975004196167,9.882145881652832,600179,0.0,0.0,0.0
2016-01-28,12.412500381469727,12.581000328063965,12.412500381469727,12.538749694824219,9.914762496948242,390687,0.0,0.0,0.0
2016-01-29,12.592499732971191,12.661499977111816,12.565799713134766,12.640000343322754,9.994826316833496,2753036,0.0,0.0,0.0
2016-02-01,12.642499923706055,12.654999732971191,12.552499771118164,12.567500114440918,9.937496185302734,490071,0.0,0.0,0.0
2016-02-02,12.579999923706055,12.66349983215332,12.579500198364258,12.630000114440918,9.986915588378906,270238,0.0,0.0,0.0
2016-02-03,12.635000228881836,12.70259952545166,12.60099983215332,12.672499656677246,10.02052116394043,319896,0.0,0.0,0.0
2016-02-04,12.602499961853027,12.68910026550293,12.602499961853027,12.637499809265137,9.99284839630127,489103,0.0,0.0,0.0
2016-02-05,12.657500267028809,12.662500381469727,12.593000411987305,12.632499694824219,9.98889446258545,337090,0.0,0.0,0.0
2016-02-08,12.680000305175781,12.8100004196167,12.63599967956543,12.802499771118164,10.123319625854492,1027296,0.0,0.0,0.0
2016-02-09,12.569999694824219,12.819999694824219,12.569999694824219,12.779999732971191,10.105525970458984,451256,0.0,0.0,0.0
2016-02-10,12.694999694824219,12.807499885559082,12.694999694824219,12.7787504196167,10.104537010192871,2666273,0.0,0.0,0.0
2016-02-11,12.854999542236328,12.958900451660156,12.829500198364258,12.927499771118164,10.22215747833252,1201548,0.0,0.0,0.0
2016-02-12,12.697500228881836,12.902600288391113,12.697500228881836,12.762499809265137,10.091689109802246,480857,0.0,0.0,0.0
2016-02-15,12.7475004196167,12.795000076293945,12.698599815368652,12.7475004196167,10.079826354980469,1933122,0.0,0.0,0.0
2016-02-16,12.729999542236328,12.770600318908691,12.70829963684082,12.755000114440918,10.085759162902832,1439340,0.0,0.0,0.0
2016-02-17,12.782500267028809,12.78689956665039,12.65999984741211,12.680000305175781,10.02645492553711,770490,0.0,0.0,0.0
2016-02-18,12.75,12.750399589538574,12.65999984741211,12.737500190734863,10.071921348571777,593330,0.0,0.0,0.0
2016-02-19,12.744999885559082,12.801899909973145,12.723600387573242,12.755000114440918,10.085759162902832,2099834,0.0,0.0,0.0
2016-02-22,12.694999694824219,12.77245044708252,12.694999694824219,12.772500038146973,10.099595069885254,660099,0.0,0.0,0.0
2016-02-23,12.767499923706055,12.908300399780273,12.660900115966797,12.729999542236328,10.065988540649414,292795,0.0,0.0,0.0
2016-02-24,12.757499694824219,12.829400062561035,12.75,12.805000305175781,10.12529468536377,261278,0.0,0.0,0.0
2016-02-25,12.800000190734863,12.809399604797363,12.695500373840332,12.75,10.081803321838379,473863,0.0,0.0,0.0
2016-02-26,12.739999771118164,12.769499778747559,12.641500473022461,12.699999809265137,10.042266845703125,419805,0.0,0.0,0.0
2016-02-29,12.739999771118164,12.819499969482422,12.729999542236328,12.8100004196167,10.129246711730957,701876,0.0,0.0,0.0
2016-03-01,12.897500038146973,12.897500038146973,12.75100040435791,12.760000228881836,10.08971118927002,656966,0.0,0.0,0.0
2016-03-02,12.697500228881836,12.765299797058105,12.677000045776367,12.699999809265137,10.042266845703125,597573,0.0,0.0,0.0
2016-03-03,12.765000343322754,12.765000343322754,12.684000015258789,12.765000343322754,10.093666076660156,259798,0.0,0.0,0.0
2016-03-04,12.7475004196167,12.786499977111816,12.6899995803833,12.697500228881836,10.040292739868164,519289,0.0,0.0,0.0
2016-03-07,12.712499618530273,12.744400024414062,12.670599937438965,12.699999809265137,10.042266845703125,485085,0.0,0.0,0.0
2016-03-08,12.710000038146973,12.850000381469727,12.704000473022461,12.84000015258789,10.152972221374512,1732519,0.0,0.0,0.0
2016-03-09,12.850000381469727,12.850000381469727,12.710000038146973,12.737500190734863,10.071921348571777,420964,0.0,0.0,0.0
2016-03-10,12.675000190734863,12.824999809265137,12.675000190734863,12.697500228881836,10.040292739868164,446172,0.0,0.0,0.0
2016-03-11,12.6850004196167,12.724699974060059,12.640000343322754,12.640000343322754,9.994826316833496,603215,0.0,0.0,0.0
2016-03-14,12.672499656677246,12.714500427246094,12.64229965209961,12.694999694824219,10.038315773010254,949598,0.0,0.0,0.0
2016-03-15,12.569999694824219,12.751099586486816,12.569999694824219,12.697500228881836,10.040292739868164,1003992,0.0,0.0,0.0
2016-03-16,12.6899995803833,12.739999771118164,12.682000160217285,12.682499885559082,10.028429985046387,2593542,0.0,0.0,0.0
2016-03-17,12.774999618530273,12.810600280761719,12.71500015258789,12.755000114440918,10.085759162902832,997613,0.0,0.0,0.0
2016-03-18,12.779999732971191,12.791000366210938,12.73900032043457,12.774999618530273,10.101574897766113,587891,0.0,0.0,0.0
2016-03-21,12.779999732971191,12.784500122070312,12.712499618530273,12.734999656677246,10.069944381713867,474832,0.0,0.0,0.0
2016-03-22,12.717499732971191,12.786499977111816,12.717499732971191,12.748749732971191,10.080817222595215,372216,0.0,0.0,0.0
2016-03-23,12.779999732971191,12.779999732971191,12.68850040435791,12.757499694824219,10.087735176086426,736036,0.0,0.0,0.0
2016-03-24,12.789999961853027,12.807000160217285,12.725000381469727,12.739999771118164,10.073896408081055,954828,0.0,0.0,0.0
2016-03-29,12.77750015258789,12.800000190734863,12.719900131225586,12.774999618530273,10.101574897766113,807699,0.0,0.0,0.0
2016-03-30,12.802499771118164,12.802800178527832,12.714500427246094,12.729999542236328,10.065988540649414,652917,0.0,0.0,0.0
2016-03-31,12.774999618530273,12.81149959564209,12.763999938964844,12.792499542236328,10.115411758422852,861112,0.0,0.0,0.0
2016-04-01,12.8149995803833,12.8149995803833,12.734000205993652,12.78499984741211,10.109481811523438,733705,0.0,0.0,0.0
2016-04-04,12.805000305175781,12.8149995803833,12.737500190734863,12.787500381469727,10.111458778381348,829823,0.0,0.0,0.0
2016-04-05,12.832500457763672,12.875499725341797,12.775799751281738,12.827500343322754,10.143086433410645,1167604,0.0,0.0,0.0
2016-04-06,12.807499885559082,12.852499961853027,12.774999618530273,12.84749984741211,10.15890121459961,1022384,0.0,0.0,0.0
2016-04-07,12.84000015258789,12.912500381469727,12.824999809265137,12.907500267028809,10.206343650817871,299643,0.0,0.0,0.0
2016-04-08,12.885000228881836,12.894000053405762,12.833999633789062,12.842499732971191,10.154947280883789,415916,0.0,0.0,0.0
2016-04-11,12.862500190734863,12.882499694824219,12.782500267028809,12.795000076293945,10.117385864257812,756829,0.0,0.0,0.0
2016-04-12,12.800000190734863,12.800000190734863,12.724499702453613,12.742500305175781,10.075874328613281,341177,0.0,0.0,0.0
2016-04-13,12.737500190734863,12.787500381469727,12.712499618530273,12.78499984741211,10.109481811523438,767285,0.0,0.0,0.0
2016-04-14,12.802499771118164,12.807999610900879,12.732500076293945,12.772500038146973,10.099595069885254,288474,0.0,0.0,0.0
2016-04-15,12.78499984741211,12.822500228881836,12.769000053405762,12.802499771118164,10.123319625854492,480616,0.0,0.0,0.0
2016-04-18,12.8125,12.82349967956543,12.715999603271484,12.717499732971191,10.056106567382812,692447,0.0,0.0,0.0
2016-04-19,12.720000267028809,12.727499961853027,12.67650032043457,12.677499771118164,10.0244779586792,670926,0.0,0.0,0.0
2016-04-20,12.774999618530273,12.774999618530273,12.712499618530273,12.7524995803833,10.083781242370605,776594,0.0,0.0,0.0
2016-04-21,12.697500228881836,12.708800315856934,12.618499755859375,12.640000343322754,9.994826316833496,689952,0.0,0.0,0.0
2016-04-22,12.649999618530273,12.678000450134277,12.617500305175781,12.632499694824219,9.98889446258545,522229,0.0,0.0,0.0
2016-04-25,12.577500343322754,12.645000457763672,12.577500343322754,12.6274995803833,9.984940528869629,416861,0.0,0.0,0.0
2016-04-26,12.649999618530273,12.649999618530273,12.55150032043457,12.5625,9.93354320526123,592460,0.0,0.0,0.0
2016-04-27,12.507499694824219,12.621000289916992,12.507499694824219,12.602499961853027,9.965173721313477,924803,0.0,0.0,0.0
2016-04-28,12.672499656677246,12.6875,12.620499610900879,12.630000114440918,9.986915588378906,584667,0.0,0.0,0.0
2016-04-29,12.642499923706055,12.664999961853027,12.623000144958496,12.645000457763672,9.998779296875,520389,0.0,0.0,0.0
2016-05-03,12.5600004196167,12.757499694824219,12.5600004196167,12.7475004196167,10.079826354980469,370696,0.0,0.0,0.0
2016-05-04,12.707500457763672,12.774999618530273,12.707500457763672,12.729999542236328,10.065988540649414,799996,0.0,0.0,0.0
2016-05-05,12.71500015258789,12.774999618530273,12.704000473022461,12.774999618530273,10.101574897766113,447018,0.0,0.0,0.0
2016-05-06,12.800000190734863,12.855299949645996,12.795000076293945,12.835000038146973,10.149018287658691,1585412,0.0,0.0,0.0
2016-05-09,12.858099937438965,12.858099937438965,12.802499771118164,12.819999694824219,10.137154579162598,325738,0.0,0.0,0.0
2016-05-10,12.807499885559082,12.838500022888184,12.791000366210938,12.827500343322754,10.143086433410645,1392943,0.0,0.0,0.0
2016-05-11,12.829999923706055,12.862000465393066,12.8149995803833,12.842499732971191,10.154947280883789,359479,0.0,0.0,0.0
2016-05-12,12.802499771118164,12.802499771118164,12.675000190734863,12.694999694824219,10.137141227722168,827293,0.1252,0.0,0.0
2016-05-13,12.712499618530273,12.7524995803833,12.708999633789062,12.734999656677246,10.169081687927246,617070,0.0,0.0,0.0
2016-05-16,12.765000343322754,12.767499923706055,12.711000442504883,12.729999542236328,10.16508674621582,420444,0.0,0.0,0.0
2016-05-17,12.7475004196167,12.751899719238281,12.6850004196167,12.739999771118164,10.173072814941406,1088649,0.0,0.0,0.0
2016-05-18,12.699999809265137,12.741999626159668,12.63860034942627,12.647500038146973,10.099210739135742,550526,0.0,0.0,0.0
2016-05-19,12.6899995803833,12.6899995803833,12.600000381469727,12.65250015258789,10.103203773498535,345678,0.0,0.0,0.0
2016-05-20,12.654999732971191,12.666000366210938,12.607999801635742,12.637499809265137,10.091226577758789,333182,0.0,0.0,0.0
2016-05-23,12.680000305175781,12.682000160217285,12.626999855041504,12.647500038146973,10.099210739135742,491684,0.0,0.0,0.0
2016-05-24,12.675000190734863,12.675000190734863,12.621899604797363,12.635000228881836,10.089228630065918,337453,0.0,0.0,0.0
2016-05-25,12.614999771118164,12.682499885559082,12.609999656677246,12.667499542236328,10.115180969238281,757040,0.0,0.0,0.0
2016-05-26,12.737500190734863,12.737500190734863,12.647600173950195,12.727499961853027,10.163090705871582,2901443,0.0,0.0,0.0
2016-05-27,12.739999771118164,12.7524995803833,12.706500053405762,12.720000267028809,10.157103538513184,390341,0.0,0.0,0.0
2016-05-31,12.692500114440918,12.755000114440918,12.667499542236328,12.755000114440918,10.185051918029785,204277,0.0,0.0,0.0
2016-06-01,12.770000457763672,12.83899974822998,12.745499610900879,12.832500457763672,10.246936798095703,430231,0.0,0.0,0.0
2016-06-02,12.742500305175781,12.852499961853027,12.742500305175781,12.850000381469727,10.260908126831055,729695,0.0,0.0,0.0
2016-06-03,12.84749984741211,12.940999984741211,12.835000038146973,12.9350004196167,10.328784942626953,658757,0.0,0.0,0.0
2016-06-06,12.9350004196167,12.951000213623047,12.890000343322754,12.90250015258789,10.30283260345459,1002294,0.0,0.0,0.0
2016-06-07,12.904999732971191,12.924500465393066,12.868499755859375,12.899999618530273,10.300833702087402,465238,0.0,0.0,0.0
2016-06-08,12.922499656677246,12.944999694824219,12.895500183105469,12.925000190734863,10.320798873901367,21152781,0.0,0.0,0.0
2016-06-09,12.970000267028809,12.992500305175781,12.947500228881836,12.960000038146973,10.348745346069336,245012,0.0,0.0,0.0
2016-06-10,12.989999771118164,13.004899978637695,12.949999809265137,12.984999656677246,10.368708610534668,233330,0.0,0.0,0.0
2016-06-13,13.074999809265137,13.074999809265137,12.979999542236328,12.989999771118164,10.372701644897461,318355,0.0,0.0,0.0
2016-06-14,13.055000305175781,13.130000114440918,13.03600025177002,13.092499732971191,10.454550743103027,236417,0.0,0.0,0.0
2016-06-15,13.0649995803833,13.157500267028809,13.008999824523926,13.157500267028809,10.506453514099121,729039,0.0,0.0,0.0
2016-06-16,13.1899995803833,13.1899995803833,13.097700119018555,13.1225004196167,10.47850513458252,337473,0.0,0.0,0.0
2016-06-17,13.170000076293945,13.170000076293945,13.052499771118164,13.055000305175781,10.424605369567871,589365,0.0,0.0,0.0
2016-06-20,13.020000457763672,13.036600112915039,12.917499542236328,12.925000190734863,10.320798873901367,520109,0.0,0.0,0.0
2016-06-21,12.850000381469727,12.933500289916992,12.850000381469727,12.87874984741211,10.283865928649902,383477,0.0,0.0,0.0
2016-06-22,12.782500267028809,12.882499694824219,12.782500267028809,12.850000381469727,10.260908126831055,3513248,0.0,0.0,0.0
2016-06-23,12.850000381469727,12.864999771118164,12.747599601745605,12.792499542236328,10.214996337890625,474271,0.0,0.0,0.0
2016-06-24,13.482500076293945,13.800000190734863,11.0,13.147500038146973,10.498469352722168,451188,0.0,0.0,0.0
2016-06-27,13.229999542236328,13.382499694824219,13.192500114440918,13.362500190734863,10.670148849487305,1034612,0.0,0.0,0.0
2016-06-28,13.34000015258789,13.36359977722168,13.281700134277344,13.352499961853027,10.662165641784668,439869,0.0,0.0,0.0
2016-06-29,13.34000015258789,13.418299674987793,13.297900199890137,13.395000457763672,10.696100234985352,415358,0.0,0.0,0.0
2016-06-30,13.345000267028809,13.495100021362305,13.326499938964844,13.462499618530273,10.75,3736189,0.0,0.0,0.0
2016-07-01,13.550000190734863,13.642900466918945,13.493499755859375,13.550000190734863,10.819869995117188,732857,0.0,0.0,0.0
2016-07-04,13.717499732971191,13.717499732971191,13.507100105285645,13.5600004196167,10.82785415649414,646656,0.0,0.0,0.0
2016-07-05,13.680000305175781,13.680000305175781,13.373600006103516,13.643750190734863,10.894732475280762,504041,0.0,0.0,0.0
2016-07-06,13.5,13.736300468444824,13.5,13.667499542236328,10.913694381713867,599914,0.0,0.0,0.0
2016-07-07,13.539999961853027,13.667900085449219,13.539999961853027,13.604999542236328,10.863787651062012,877919,0.0,0.0,0.0
2016-07-08,13.744999885559082,13.744999885559082,13.527799606323242,13.648750305175781,10.898724555969238,603599,0.0,0.0,0.0
2016-07-11,13.649999618530273,13.702099800109863,13.625,13.625,10.87975788116455,2129641,0.0,0.0,0.0
2016-07-12,13.59000015258789,13.6274995803833,13.545000076293945,13.545000076293945,10.815876960754395,1213060,0.0,0.0,0.0
2016-07-13,13.550000190734863,13.667499542236328,13.550000190734863,13.667499542236328,10.913694381713867,1222451,0.0,0.0,0.0
2016-07-14,13.612500190734863,13.630000114440918,13.524499893188477,13.612500190734863,10.869776725769043,677804,0.0,0.0,0.0
2016-07-15,13.609999656677246,13.619999885559082,13.502400398254395,13.537500381469727,10.809889793395996,398203,0.0,0.0,0.0
2016-07-18,13.555000305175781,13.567299842834473,13.514399528503418,13.539999961853027,10.811884880065918,222511,0.0,0.0,0.0
2016-07-19,13.5625,13.593500137329102,13.517499923706055,13.542499542236328,10.813880920410156,596763,0.0,0.0,0.0
2016-07-20,13.545000076293945,13.556300163269043,13.461299896240234,13.479999542236328,10.763972282409668,523606,0.0,0.0,0.0
2016-07-21,13.454999923706055,13.478799819946289,13.406200408935547,13.460000038146973,10.748003959655762,434062,0.0,0.0,0.0
2016-07-22,13.4975004196167,13.530599594116211,13.4621000289917,13.522500038146973,10.797911643981934,569583,0.0,0.0,0.0
2016-07-25,13.489999771118164,13.537500381469727,13.468000411987305,13.524999618530273,10.799905776977539,368001,0.0,0.0,0.0
2016-07-26,13.532500267028809,13.600600242614746,13.488699913024902,13.507499694824219,10.785931587219238,445355,0.0,0.0,0.0
2016-07-27,13.515000343322754,13.638099670410156,13.507499694824219,13.635000228881836,10.88774299621582,352321,0.0,0.0,0.0
2016-07-28,13.664999961853027,13.6806001663208,13.613699913024902,13.645000457763672,10.895730972290039,471375,0.0,0.0,0.0
2016-07-29,13.602499961853027,13.718099594116211,13.593799591064453,13.704999923706055,10.943638801574707,2070448,0.0,0.0,0.0
2016-08-01,13.729999542236328,13.729999542236328,13.646200180053711,13.664999961853027,10.911700248718262,501379,0.0,0.0,0.0
2016-08-02,13.600000381469727,13.6274995803833,13.543000221252441,13.569999694824219,10.835841178894043,348979,0.0,0.0,0.0
2016-08-03,13.579999923706055,13.619999885559082,13.567700386047363,13.604999542236328,10.863787651062012,447834,0.0,0.0,0.0
2016-08-04,13.609999656677246,13.833100318908691,13.576899528503418,13.8100004196167,11.027485847473145,562592,0.0,0.0,0.0
2016-08-05,13.8100004196167,13.870599746704102,13.386699676513672,13.822500228881836,11.03746509552002,480373,0.0,0.0,0.0
2016-08-08,13.797499656677246,13.894700050354004,13.797499656677246,13.892499923706055,11.093361854553223,1064696,0.0,0.0,0.0
2016-08-09,13.90250015258789,13.982500076293945,13.8725004196167,13.96500015258789,11.151254653930664,673460,0.0,0.0,0.0
2016-08-10,14.0,14.107500076293945,13.972800254821777,14.095000267028809,11.255060195922852,420062,0.0,0.0,0.0
2016-08-11,14.109999656677246,14.192999839782715,14.087699890136719,14.142499923706055,11.292990684509277,634520,0.0,0.0,0.0
2016-08-12,14.142499923706055,14.192500114440918,14.0826997756958,14.119999885559082,11.275023460388184,2406511,0.0,0.0,0.0
2016-08-15,14.149999618530273,14.151000022888184,14.035200119018555,14.069999694824219,11.23509693145752,598237,0.0,0.0,0.0
2016-08-16,14.0,14.107500076293945,13.990900039672852,13.9975004196167,11.177206039428711,600116,0.0,0.0,0.0
2016-08-17,14.022500038146973,14.03849983215332,13.944100379943848,13.987500190734863,11.169220924377441,450793,0.0,0.0,0.0
2016-08-18,14.029999732971191,14.045000076293945,14.0,14.032500267028809,11.205153465270996,475853,0.0,0.0,0.0
2016-08-19,14.022500038146973,14.037500381469727,13.924400329589844,13.9375,11.12929630279541,1350843,0.0,0.0,0.0
2016-08-22,13.975000381469727,14.029500007629395,13.946599960327148,14.010000228881836,11.187186241149902,478488,0.0,0.0,0.0
2016-08-23,14.007499694824219,14.099499702453613,13.989999771118164,14.0649995803833,11.23110294342041,556954,0.0,0.0,0.0
2016-08-24,14.074999809265137,14.107500076293945,14.05090045928955,14.077500343322754,11.24108600616455,246297,0.0,0.0,0.0
2016-08-25,14.074999809265137,14.100000381469727,14.041500091552734,14.0600004196167,11.2271146774292,876632,0.0,0.0,0.0
2016-08-26,14.0600004196167,14.130000114440918,14.053400039672852,14.09749984741211,11.257058143615723,850101,0.0,0.0,0.0
2016-08-30,14.039999961853027,14.194999694824219,13.94320011138916,14.109999656677246,11.267038345336914,602523,0.0,0.0,0.0
2016-08-31,14.095000267028809,14.151700019836426,14.0625,14.0625,11.229107856750488,656625,0.0,0.0,0.0
2016-09-01,14.03499984741211,14.062700271606445,13.960100173950195,14.0600004196167,11.2271146774292,863060,0.0,0.0,0.0
2016-09-02,14.050000190734863,14.072500228881836,13.946599960327148,13.967499732971191,11.153251647949219,502074,0.0,0.0,0.0
2016-09-05,14.010000228881836,14.03279972076416,13.968400001525879,13.992500305175781,11.173212051391602,316850,0.0,0.0,0.0
2016-09-06,13.979999542236328,14.082500457763672,13.972700119018555,14.022500038146973,11.19716739654541,329823,0.0,0.0,0.0
2016-09-07,14.029999732971191,14.061599731445312,13.991600036621094,14.017499923706055,11.19317626953125,2095127,0.0,0.0,0.0
2016-09-08,14.012499809265137,14.031200408935547,13.882499694824219,13.882499694824219,11.085376739501953,211630,0.0,0.0,0.0
2016-09-09,13.8149995803833,13.88479995727539,13.707099914550781,13.713749885559082,10.950628280639648,448232,0.0,0.0,0.0
2016-09-12,13.6899995803833,13.719799995422363,13.640000343322754,13.707500457763672,10.945635795593262,539728,0.0,0.0,0.0
2016-09-13,13.712499618530273,13.785900115966797,13.64840030670166,13.672499656677246,10.917688369750977,355903,0.0,0.0,0.0
2016-09-14,13.607500076293945,13.65999984741211,13.579899787902832,13.65999984741211,10.907706260681152,584283,0.0,0.0,0.0
2016-09-15,13.617500305175781,13.637299537658691,13.526000022888184,13.630000114440918,10.88375186920166,642111,0.0,0.0,0.0
2016-09-16,13.635000228881836,13.686200141906738,13.602100372314453,13.654999732971191,10.90371322631836,1249425,0.0,0.0,0.0
2016-09-19,13.65250015258789,13.657500267028809,13.59589958190918,13.625,10.87975788116455,359794,0.0,0.0,0.0
2016-09-20,13.6274995803833,13.7298002243042,13.620200157165527,13.725000381469727,10.959609031677246,645658,0.0,0.0,0.0
2016-09-21,13.694999694824219,13.721199989318848,13.607500076293945,13.699999809265137,10.939647674560547,409008,0.0,0.0,0.0
2016-09-22,13.78499984741211,13.87339973449707,13.771599769592285,13.854999542236328,11.063416481018066,435814,0.0,0.0,0.0
2016-09-23,13.850000381469727,13.912500381469727,13.834699630737305,13.850000381469727,11.059425354003906,165694,0.0,0.0,0.0
2016-09-26,13.890000343322754,13.91670036315918,13.86520004272461,13.899999618530273,11.099349975585938,433984,0.0,0.0,0.0
2016-09-27,13.895000457763672,14.048689842224121,13.895000457763672,13.949999809265137,11.139274597167969,565502,0.0,0.0,0.0
2016-09-28,13.957500457763672,13.968700408935547,13.919699668884277,13.942500114440918,11.133285522460938,161649,0.0,0.0,0.0
2016-09-29,13.9975004196167,13.9975004196167,13.819999694824219,13.869999885559082,11.075394630432129,298417,0.0,0.0,0.0
2016-09-30,13.9350004196167,13.94279956817627,13.756600379943848,13.774999618530273,10.999536514282227,209596,0.0,0.0,0.0
2016-10-03,13.649999618530273,13.838700294494629,13.649999618530273,13.822500228881836,11.03746509552002,311998,0.0,0.0,0.0
2016-10-04,13.845000267028809,13.88070011138916,13.758319854736328,13.805000305175781,11.023491859436035,364261,0.0,0.0,0.0
2016-10-05,13.75,13.76669979095459,13.697699546813965,13.720000267028809,10.955617904663086,421537,0.0,0.0,0.0
2016-10-06,13.694999694824219,13.733400344848633,13.552200317382812,13.640000343322754,10.89173698425293,361935,0.0,0.0,0.0
2016-10-07,13.517499923706055,15.506999969482422,13.449999809265137,13.515000343322754,10.79192066192627,1303312,0.0,0.0,0.0
2016-10-10,13.5024995803833,13.519499778747559,13.449999809265137,13.454999923706055,10.744011878967285,678225,0.0,0.0,0.0
2016-10-11,13.494999885559082,13.546699523925781,13.462499618530273,13.524999618530273,10.799905776977539,595437,0.0,0.0,0.0
2016-10-12,13.484999656677246,13.489800453186035,13.375900268554688,13.425000190734863,10.72005558013916,595271,0.0,0.0,0.0
2016-10-13,13.454999923706055,13.519800186157227,13.428400039672852,13.457500457763672,10.746007919311523,652401,0.0,0.0,0.0
2016-10-14,13.4399995803833,13.443400382995605,13.342499732971191,13.375,10.680130958557129,753574,0.0,0.0,0.0
2016-10-17,13.332500457763672,13.357500076293945,13.22089958190918,13.357500076293945,10.666155815124512,687708,0.0,0.0,0.0
2016-10-18,13.362500190734863,13.562760353088379,13.330900192260742,13.407500267028809,10.706082344055176,1260031,0.0,0.0,0.0
2016-10-19,13.3774995803833,13.439800262451172,13.37090015411377,13.40999984741211,10.708078384399414,247711,0.0,0.0,0.0
2016-10-20,13.385000228881836,13.4350004196167,13.345000267028809,13.4350004196167,10.728042602539062,658736,0.0,0.0,0.0
2016-10-21,13.4350004196167,13.4798002243042,13.389100074768066,13.4350004196167,10.728042602539062,2351625,0.0,0.0,0.0
2016-10-24,13.432499885559082,13.484999656677246,13.406599998474121,13.425000190734863,10.72005558013916,2959814,0.0,0.0,0.0
2016-10-25,13.447500228881836,13.447500228881836,13.30757999420166,13.414999961853027,10.71207046508789,556706,0.0,0.0,0.0
2016-10-26,13.404999732971191,13.412320137023926,13.30720043182373,13.322500228881836,10.638208389282227,521324,0.0,0.0,0.0
2016-10-27,13.332500457763672,13.35420036315918,13.174699783325195,13.204999923706055,10.544381141662598,555516,0.0,0.0,0.0
2016-10-28,13.227499961853027,13.267900466918945,13.116800308227539,13.197500228881836,10.538395881652832,388034,0.0,0.0,0.0
2016-10-31,13.197500228881836,13.24120044708252,13.173800468444824,13.22249984741211,10.558357238769531,597202,0.0,0.0,0.0
2016-11-01,13.170000076293945,13.220000267028809,13.137499809265137,13.164999961853027,10.512442588806152,1141230,0.0,0.0,0.0
2016-11-02,13.217499732971191,13.39330005645752,13.210000038146973,13.274999618530273,10.600275039672852,6400807,0.0,0.0,0.0
2016-11-03,13.28499984741211,13.315600395202637,13.15250015258789,13.2475004196167,10.57832145690918,1237151,0.0,0.0,0.0
2016-11-04,13.260000228881836,13.363699913024902,13.239999771118164,13.345000267028809,10.656176567077637,1463379,0.0,0.0,0.0
2016-11-07,13.274999618530273,13.319199562072754,13.245400428771973,13.2475004196167,10.57832145690918,1122789,0.0,0.0,0.0
2016-11-08,13.25,13.287500381469727,13.214200019836426,13.21500015258789,10.552367210388184,616143,0.0,0.0,0.0
2016-11-09,13.305000305175781,13.319199562072754,13.074299812316895,13.192500114440918,10.534401893615723,1577424,0.0,0.0,0.0
2016-11-10,13.017499923706055,13.020000457763672,12.88070011138916,12.942500114440918,10.431478500366211,1851607,0.1223,0.0,0.0
2016-11-11,12.8774995803833,12.961000442504883,12.850299835205078,12.920000076293945,10.413344383239746,1835787,0.0,0.0,0.0
2016-11-14,12.850000381469727,12.862500190734863,12.760000228881836,12.859999656677246,10.364982604980469,1016758,0.0,0.0,0.0
2016-11-15,12.880000114440918,12.954899787902832,12.866600036621094,12.914999961853027,10.409311294555664,3759343,0.0,0.0,0.0
2016-11-16,12.904999732971191,12.942899703979492,12.861499786376953,12.932499885559082,10.423418045043945,1043493,0.0,0.0,0.0
2016-11-17,12.967499732971191,12.982000350952148,12.887499809265137,12.944999694824219,10.433492660522461,2932034,0.0,0.0,0.0
2016-11-18,12.84749984741211,12.916000366210938,12.803779602050781,12.835000038146973,10.344834327697754,1128531,0.0,0.0,0.0
2016-11-21,12.885000228881836,12.917400360107422,12.842570304870605,12.899999618530273,10.397220611572266,1900216,0.0,0.0,0.0
2016-11-22,12.9350004196167,12.984999656677246,12.912500381469727,12.9375,10.427446365356445,476597,0.0,0.0,0.0
2016-11-23,12.942500114440918,12.963600158691406,12.770000457763672,12.854999542236328,10.360954284667969,509327,0.0,0.0,0.0
2016-11-24,12.899999618530273,12.899999618530273,12.830100059509277,12.869999885559082,10.373042106628418,655117,0.0,0.0,0.0
2016-11-25,12.899999618530273,12.933300018310547,12.875,12.897500038146973,10.395206451416016,660283,0.0,0.0,0.0
2016-11-28,12.912500381469727,12.959199905395508,12.899999618530273,12.9350004196167,10.425433158874512,492433,0.0,0.0,0.0
2016-11-29,12.907500267028809,13.032699584960938,12.891400337219238,12.949999809265137,10.437522888183594,860508,0.0,0.0,0.0
2016-11-30,13.012499809265137,13.012499809265137,12.900099754333496,12.917499542236328,10.411327362060547,256427,0.0,0.0,0.0
2016-12-01,12.90999984741211,12.916099548339844,12.824999809265137,12.845000267028809,10.35289192199707,879298,0.0,0.0,0.0
2016-12-02,12.8149995803833,12.959199905395508,12.8149995803833,12.9375,10.427446365356445,1345307,0.0,0.0,0.0
2016-12-05,12.922499656677246,12.9399995803833,12.852499961853027,12.930000305175781,10.421402931213379,1091750,0.0,0.0,0.0
2016-12-06,12.982500076293945,12.982500076293945,12.899999618530273,12.907500267028809,10.403267860412598,292926,0.0,0.0,0.0
2016-12-07,12.920000076293945,12.970000267028809,12.895999908447266,12.960000038146973,10.445579528808594,357864,0.0,0.0,0.0
2016-12-08,12.967499732971191,12.967499732971191,12.878499984741211,12.949999809265137,10.437522888183594,348139,0.0,0.0,0.0
2016-12-09,12.9375,12.937600135803223,12.820500373840332,12.862500190734863,10.366997718811035,599646,0.0,0.0,0.0
2016-12-12,12.8100004196167,12.874500274658203,12.773300170898438,12.795000076293945,10.312593460083008,716990,0.0,0.0,0.0
2016-12-13,12.800000190734863,12.90999984741211,12.800000190734863,12.880000114440918,10.381104469299316,691719,0.0,0.0,0.0
2016-12-14,12.885000228881836,12.94480037689209,12.885000228881836,12.932499885559082,10.423418045043945,2450489,0.0,0.0,0.0
2016-12-15,12.779999732971191,12.833499908447266,12.751500129699707,12.8100004196167,10.32468318939209,1500072,0.0,0.0,0.0
2016-12-16,12.84000015258789,12.876700401306152,12.796500205993652,12.867500305175781,10.371026992797852,360279,0.0,0.0,0.0
2016-12-19,12.857500076293945,12.914999961853027,12.847100257873535,12.914999961853027,10.409311294555664,904919,0.0,0.0,0.0
2016-12-20,12.869999885559082,12.914999961853027,12.84630012512207,12.90999984741211,10.405282974243164,342333,0.0,0.0,0.0
2016-12-21,12.927499771118164,12.970000267028809,12.904999732971191,12.970000267028809,10.453642845153809,322607,0.0,0.0,0.0
2016-12-22,12.952500343322754,13.005000114440918,12.944600105285645,13.005000114440918,10.481850624084473,1975297,0.0,0.0,0.0
2016-12-23,12.962499618530273,13.0600004196167,12.962499618530273,13.03499984741211,10.506030082702637,103288,0.0,0.0,0.0
2016-12-28,13.079999923706055,13.095000267028809,13.055800437927246,13.0912504196167,10.551369667053223,168399,0.0,0.0,0.0
2016-12-29,13.180000305175781,13.188699722290039,13.106599807739258,13.182499885559082,10.624916076660156,240675,0.0,0.0,0.0
2016-12-30,13.180000305175781,13.1899995803833,13.130000114440918,13.1899995803833,10.63095760345459,82816,0.0,0.0,0.0
2017-01-03,13.149999618530273,13.179300308227539,12.976699829101562,13.024999618530273,10.497970581054688,466287,0.0,0.0,0.0
2017-01-04,13.039999961853027,13.045999526977539,13.012499809265137,13.020000457763672,10.493940353393555,177345,0.0,0.0,0.0
2017-01-05,13.029999732971191,13.029999732971191,12.951000213623047,13.020000457763672,10.493940353393555,380975,0.0,0.0,0.0
2017-01-06,13.015000343322754,13.037500381469727,12.940799713134766,12.947500228881836,10.435506820678711,602643,0.0,0.0,0.0
2017-01-09,12.949999809265137,13.017499923706055,12.9483003616333,13.007499694824219,10.483865737915039,388991,0.0,0.0,0.0
2017-01-10,12.975000381469727,13.024200439453125,12.96500015258789,12.984999656677246,10.465729713439941,913826,0.0,0.0,0.0
2017-01-11,12.975000381469727,13.015000343322754,12.960800170898438,13.0024995803833,10.479836463928223,260859,0.0,0.0,0.0
2017-01-12,13.03499984741211,13.049200057983398,12.975000381469727,13.039999961853027,10.51006031036377,852430,0.0,0.0,0.0
2017-01-13,13.010000228881836,13.028499603271484,12.939000129699707,12.952500343322754,10.439537048339844,1499890,0.0,0.0,0.0
2017-01-16,12.962499618530273,13.015000343322754,12.962499618530273,13.012499809265137,10.487895011901855,700980,0.0,0.0,0.0
2017-01-17,13.069999694824219,13.095199584960938,13.0177001953125,13.0625,10.528194427490234,1313760,0.0,0.0,0.0
2017-01-18,13.017499923706055,13.038200378417969,12.979999542236328,13.022500038146973,10.495955467224121,612665,0.0,0.0,0.0
2017-01-19,12.96500015258789,12.977700233459473,12.918299674987793,12.9399995803833,10.429460525512695,555243,0.0,0.0,0.0
2017-01-20,12.90999984741211,12.959500312805176,12.872699737548828,12.90250015258789,10.399236679077148,249074,0.0,0.0,0.0
2017-01-23,12.944999694824219,12.991510391235352,12.903300285339355,12.942500114440918,10.431478500366211,410059,0.0,0.0,0.0
2017-01-24,12.9399995803833,12.998700141906738,12.916000366210938,12.960000038146973,10.445579528808594,399265,0.0,0.0,0.0
2017-01-25,12.920000076293945,12.9399995803833,12.850000381469727,12.850000381469727,10.356921195983887,349071,0.0,0.0,0.0
2017-01-26,12.835000038146973,12.843449592590332,12.785799980163574,12.805000305175781,10.320653915405273,492505,0.0,0.0,0.0
2017-01-27,12.817500114440918,12.861200332641602,12.803299903869629,12.859999656677246,10.364982604980469,290016,0.0,0.0,0.0
2017-01-30,12.842499732971191,12.905799865722656,12.816200256347656,12.904999732971191,10.401251792907715,649010,0.0,0.0,0.0
2017-01-31,12.887499809265137,12.9399995803833,12.842499732971191,12.9399995803833,10.429460525512695,1038924,0.0,0.0,0.0
2017-02-01,12.892499923706055,12.908699989318848,12.855799674987793,12.875,10.377074241638184,301573,0.0,0.0,0.0
2017-02-02,12.867500305175781,12.979999542236328,12.852499961853027,12.94124984741211,10.430469512939453,409903,0.0,0.0,0.0
2017-02-03,12.899999618530273,13.029999732971191,12.8858003616333,12.97249984741211,10.455655097961426,292763,0.0,0.0,0.0
2017-02-06,12.979999542236328,13.022700309753418,12.940500259399414,12.994999885559082,10.47379207611084,120950,0.0,0.0,0.0
2017-02-07,13.02750015258789,13.045000076293945,12.988300323486328,13.045000076293945,10.514089584350586,145156,0.0,0.0,0.0
2017-02-08,13.047499656677246,13.137499809265137,13.03499984741211,13.130000114440918,10.582600593566895,297408,0.0,0.0,0.0
2017-02-09,13.109999656677246,13.145000457763672,13.085800170898438,13.109999656677246,10.56647777557373,358888,0.0,0.0,0.0
2017-02-10,13.0649995803833,13.095999717712402,13.059679985046387,13.079999923706055,10.542299270629883,303670,0.0,0.0,0.0
2017-02-13,13.0649995803833,13.083700180053711,13.017200469970703,13.022500038146973,10.495955467224121,424302,0.0,0.0,0.0
2017-02-14,13.037500381469727,13.063699722290039,12.981269836425781,13.022500038146973,10.495955467224121,296083,0.0,0.0,0.0
2017-02-15,13.024999618530273,13.029999732971191,12.99120044708252,13.008749961853027,10.484874725341797,533588,0.0,0.0,0.0
2017-02-16,13.022500038146973,13.082500457763672,13.008000373840332,13.072500228881836,10.536255836486816,972676,0.0,0.0,0.0
2017-02-17,13.057499885559082,13.147500038146973,13.057499885559082,13.137499809265137,10.588642120361328,3175679,0.0,0.0,0.0
2017-02-20,13.109999656677246,13.128000259399414,13.084699630737305,13.102499961853027,10.560434341430664,219026,0.0,0.0,0.0
2017-02-21,13.09000015258789,13.14387035369873,13.0649995803833,13.100000381469727,10.558419227600098,578115,0.0,0.0,0.0
2017-02-22,13.104999542236328,13.175000190734863,13.059499740600586,13.135000228881836,10.586628913879395,249404,0.0,0.0,0.0
2017-02-23,13.140000343322754,13.194999694824219,13.130000114440918,13.1850004196167,10.626928329467773,262341,0.0,0.0,0.0
2017-02-24,13.212499618530273,13.300000190734863,13.192399978637695,13.300000190734863,10.719619750976562,472906,0.0,0.0,0.0
2017-02-27,13.274999618530273,13.311200141906738,13.267999649047852,13.279999732971191,10.703498840332031,292894,0.0,0.0,0.0
2017-02-28,13.28499984741211,13.349499702453613,13.258700370788574,13.317500114440918,10.733720779418945,249210,0.0,0.0,0.0
2017-03-01,13.307499885559082,13.309499740600586,13.262499809265137,13.262499809265137,10.689393997192383,1469438,0.0,0.0,0.0
2017-03-02,13.272500038146973,13.331700325012207,13.225000381469727,13.225000381469727,10.659168243408203,747246,0.0,0.0,0.0
2017-03-03,13.265000343322754,13.277700424194336,13.229700088500977,13.25,10.679317474365234,641128,0.0,0.0,0.0
2017-03-06,13.287500381469727,13.324199676513672,13.201000213623047,13.229999542236328,10.66319751739502,557921,0.0,0.0,0.0
2017-03-07,13.225000381469727,13.265000343322754,13.206999778747559,13.257499694824219,10.6853609085083,1008546,0.0,0.0,0.0
2017-03-08,13.22249984741211,13.258600234985352,13.173700332641602,13.227499961853027,10.66118335723877,567398,0.0,0.0,0.0
2017-03-09,13.192500114440918,13.329999923706055,13.192500114440918,13.234999656677246,10.667227745056152,890146,0.0,0.0,0.0
2017-03-10,13.199999809265137,13.237500190734863,13.171199798583984,13.197500228881836,10.637002944946289,295762,0.0,0.0,0.0
2017-03-13,13.21500015258789,13.25,13.164999961853027,13.182499885559082,10.624916076660156,593342,0.0,0.0,0.0
2017-03-14,13.15999984741211,13.210000038146973,13.14799976348877,13.210000038146973,10.647078514099121,449786,0.0,0.0,0.0
2017-03-15,13.197500228881836,13.241999626159668,13.194000244140625,13.225000381469727,10.659168243408203,605145,0.0,0.0,0.0
2017-03-16,13.232500076293945,13.253700256347656,13.137499809265137,13.199999809265137,10.639017105102539,273070,0.0,0.0,0.0
2017-03-17,13.204999923706055,13.237700462341309,13.167200088500977,13.227499961853027,10.66118335723877,518713,0.0,0.0,0.0
2017-03-20,13.21500015258789,13.242500305175781,13.172499656677246,13.242500305175781,10.673273086547852,276039,0.0,0.0,0.0
2017-03-21,13.194999694824219,13.229999542236328,13.152199745178223,13.210000038146973,10.647078514099121,455897,0.0,0.0,0.0
2017-03-22,13.22249984741211,13.319999694824219,13.215800285339355,13.3149995803833,10.731705665588379,357598,0.0,0.0,0.0
2017-03-23,13.300000190734863,13.332500457763672,13.227499961853027,13.227499961853027,10.66118335723877,495959,0.0,0.0,0.0
2017-03-24,13.220000267028809,13.272199630737305,13.20829963684082,13.262499809265137,10.689393997192383,251627,0.0,0.0,0.0
2017-03-27,13.262499809265137,13.343299865722656,13.262499809265137,13.289999961853027,10.711556434631348,492965,0.0,0.0,0.0
2017-03-28,13.282500267028809,13.309000015258789,13.270000457763672,13.270000457763672,10.69543743133545,528335,0.0,0.0,0.0
2017-03-29,13.217499732971191,13.319700241088867,13.217499732971191,13.302499771118164,10.72163200378418,665014,0.0,0.0,0.0
2017-03-30,13.319999694824219,13.367199897766113,13.319999694824219,13.357500076293945,10.765962600708008,260818,0.0,0.0,0.0
2017-03-31,13.359999656677246,13.399999618530273,13.331700325012207,13.345000267028809,10.75588607788086,1133460,0.0,0.0,0.0
2017-04-03,13.367500305175781,13.462499618530273,13.342499732971191,13.462499618530273,10.850590705871582,442032,0.0,0.0,0.0
2017-04-04,13.460000038146973,13.494000434875488,13.4350004196167,13.44124984741211,10.833460807800293,466407,0.0,0.0,0.0
2017-04-05,13.462499618530273,13.462499618530273,13.367799758911133,13.392499923706055,10.794170379638672,326076,0.0,0.0,0.0
2017-04-06,13.430000305175781,13.430000305175781,13.353500366210938,13.375,10.78006649017334,775130,0.0,0.0,0.0
2017-04-07,13.399999618530273,13.456600189208984,13.382499694824219,13.404999732971191,10.80424690246582,293854,0.0,0.0,0.0
2017-04-10,13.3725004196167,13.408900260925293,13.36970043182373,13.407500267028809,10.806260108947754,387617,0.0,0.0,0.0
2017-04-11,13.449999809265137,13.461799621582031,13.390999794006348,13.447500228881836,10.8385009765625,433457,0.0,0.0,0.0
2017-04-12,13.447500228881836,14.625,13.420000076293945,13.462499618530273,10.850590705871582,366163,0.0,0.0,0.0
2017-04-13,13.482500076293945,13.505000114440918,13.457799911499023,13.460000038146973,10.8485746383667,394983,0.0,0.0,0.0
2017-04-18,13.484999656677246,13.521499633789062,13.4399995803833,13.5,10.880814552307129,316502,0.0,0.0,0.0
2017-04-19,13.5,13.5,13.4350004196167,13.4350004196167,10.828426361083984,384427,0.0,0.0,0.0
2017-04-20,13.489999771118164,13.489999771118164,13.412799835205078,13.4399995803833,10.832453727722168,376764,0.0,0.0,0.0
2017-04-21,13.454999923706055,13.490799903869629,13.449799537658691,13.477499961853027,10.862679481506348,420207,0.0,0.0,0.0
2017-04-24,13.492500305175781,13.492500305175781,13.354999542236328,13.422499656677246,10.81834888458252,4806368,0.0,0.0,0.0
2017-04-25,13.432499885559082,13.440899848937988,13.37279987335205,13.390000343322754,10.792156219482422,312685,0.0,0.0,0.0
2017-04-26,13.380000114440918,13.426679611206055,13.359999656677246,13.390000343322754,10.792156219482422,394809,0.0,0.0,0.0
2017-04-27,13.399999618530273,13.412500381469727,13.323800086975098,13.40250015258789,10.802229881286621,571406,0.0,0.0,0.0
2017-04-28,13.385000228881836,13.407500267028809,13.351699829101562,13.40250015258789,10.802229881286621,342170,0.0,0.0,0.0
2017-05-02,13.399999618530273,13.399999618530273,13.345000267028809,13.385000228881836,10.788125038146973,420638,0.0,0.0,0.0
2017-05-03,13.392499923706055,13.444299697875977,13.369999885559082,13.390000343322754,10.792156219482422,228234,0.0,0.0,0.0
2017-05-04,13.337499618530273,13.369400024414062,13.3149995803833,13.324999809265137,10.739768028259277,1093955,0.0,0.0,0.0
2017-05-05,13.327500343322754,13.342499732971191,13.289999961853027,13.300000190734863,10.719619750976562,1062256,0.0,0.0,0.0
2017-05-08,13.282500267028809,13.321900367736816,13.25,13.270000457763672,10.69543743133545,328927,0.0,0.0,0.0
2017-05-09,13.237500190734863,13.242500305175781,13.1875,13.229999542236328,10.66319751739502,483953,0.0,0.0,0.0
2017-05-10,13.225000381469727,13.283699989318848,13.218099594116211,13.27750015258789,10.701481819152832,324357,0.0,0.0,0.0
2017-05-11,13.142499923706055,13.162500381469727,13.108099937438965,13.162500381469727,10.707664489746094,2145235,0.1226,0.0,0.0
2017-05-12,13.177499771118164,13.262499809265137,13.164999961853027,13.262499809265137,10.789016723632812,664205,0.0,0.0,0.0
2017-05-15,13.229999542236328,13.234999656677246,13.178099632263184,13.1850004196167,10.725967407226562,653849,0.0,0.0,0.0
2017-05-16,13.164999961853027,13.226900100708008,13.143099784851074,13.217499732971191,10.752408027648926,728599,0.0,0.0,0.0
2017-05-17,13.2524995803833,13.292499542236328,13.220000267028809,13.292499542236328,10.813419342041016,370452,0.0,0.0,0.0
2017-05-18,13.274999618530273,13.336899757385254,13.274999618530273,13.292499542236328,10.813419342041016,283833,0.0,0.0,0.0
2017-05-19,13.300000190734863,13.300800323486328,13.258099555969238,13.289999961853027,10.811386108398438,595163,0.0,0.0,0.0
2017-05-22,13.297499656677246,13.309399604797363,13.260600090026855,13.272500038146973,10.797150611877441,515279,0.0,0.0,0.0
2017-05-23,13.3125,13.3193998336792,13.268799781799316,13.297499656677246,10.817486763000488,259281,0.0,0.0,0.0
2017-05-24,13.292499542236328,13.34000015258789,13.288100242614746,13.311249732971191,10.828673362731934,716836,0.0,0.0,0.0
2017-05-25,13.352499961853027,13.360600471496582,13.32129955291748,13.34000015258789,10.852059364318848,306858,0.0,0.0,0.0
2017-05-26,13.369999885559082,13.396900177001953,13.34060001373291,13.385000228881836,10.888667106628418,757295,0.0,0.0,0.0
2017-05-30,13.425000190734863,13.425000190734863,13.350000381469727,13.375,10.880534172058105,588009,0.0,0.0,0.0
2017-05-31,13.3725004196167,13.397500038146973,13.317500114440918,13.322500228881836,10.837824821472168,428278,0.0,0.0,0.0
2017-06-01,13.319999694824219,13.338899612426758,13.274999618530273,13.287500381469727,10.809351921081543,3435214,0.0,0.0,0.0
2017-06-02,13.3149995803833,13.331899642944336,13.287500381469727,13.327500343322754,10.841891288757324,333811,0.0,0.0,0.0
2017-06-05,13.317500114440918,13.317500114440918,13.270600318908691,13.307499885559082,10.825623512268066,838226,0.0,0.0,0.0
2017-06-06,13.337499618530273,13.391599655151367,13.308600425720215,13.375,10.880534172058105,639403,0.0,0.0,0.0
2017-06-07,13.359999656677246,13.395000457763672,13.348799705505371,13.382499694824219,10.886634826660156,233639,0.0,0.0,0.0
2017-06-08,13.382499694824219,13.382499694824219,13.277000427246094,13.297499656677246,10.817486763000488,782692,0.0,0.0,0.0
2017-06-09,13.319999694824219,13.359999656677246,13.252670288085938,13.350000381469727,10.860194206237793,585512,0.0,0.0,0.0
2017-06-12,13.354999542236328,13.380200386047363,13.337499618530273,13.3725004196167,10.878501892089844,349072,0.0,0.0,0.0
2017-06-13,13.359999656677246,13.362500190734863,13.244999885559082,13.274999618530273,10.799181938171387,510772,0.0,0.0,0.0
2017-06-14,13.279999732971191,13.42080020904541,13.259300231933594,13.40250015258789,10.902905464172363,605762,0.0,0.0,0.0
2017-06-15,13.390000343322754,13.394700050354004,13.274999618530273,13.287500381469727,10.809351921081543,292797,0.0,0.0,0.0
2017-06-16,13.2475004196167,13.322500228881836,13.222299575805664,13.302499771118164,10.821554183959961,346438,0.0,0.0,0.0
2017-06-19,13.279999732971191,13.332500457763672,13.274999618530273,13.3125,10.829689025878906,102563,0.0,0.0,0.0
2017-06-20,13.307499885559082,13.359999656677246,13.289299964904785,13.359999656677246,10.868330001831055,116761,0.0,0.0,0.0
2017-06-21,13.362500190734863,13.392499923706055,13.299699783325195,13.342499732971191,10.854094505310059,97808,0.0,0.0,0.0
2017-06-22,13.350000381469727,13.402700424194336,13.342499732971191,13.362500190734863,10.870365142822266,164095,0.0,0.0,0.0
2017-06-23,13.342499732971191,13.364999771118164,13.302499771118164,13.354999542236328,10.864262580871582,161738,0.0,0.0,0.0
2017-06-26,13.337499618530273,13.382499694824219,13.324999809265137,13.354999542236328,10.864262580871582,197577,0.0,0.0,0.0
2017-06-27,13.362500190734863,13.364999771118164,13.274999618530273,13.280400276184082,10.803577423095703,265410,0.0,0.0,0.0
2017-06-28,13.232500076293945,13.247699737548828,13.140000343322754,13.210000038146973,10.746305465698242,92977,0.0,0.0,0.0
2017-06-29,13.272500038146973,13.165800094604492,13.0625,13.0625,10.62631607055664,173977,0.0,0.0,0.0
2017-06-30,13.052499771118164,13.112700462341309,13.034099578857422,13.069999694824219,10.632414817810059,135307,0.0,0.0,0.0
2017-07-03,13.015000343322754,13.140000343322754,13.013899803161621,13.055000305175781,10.62021541595459,288136,0.0,0.0,0.0
2017-07-04,13.077500343322754,13.083499908447266,13.055000305175781,13.074999809265137,10.636483192443848,1437809,0.0,0.0,0.0
2017-07-05,13.085000038146973,13.085000038146973,13.020000457763672,13.047499656677246,10.614112854003906,439137,0.0,0.0,0.0
2017-07-06,13.039999961853027,13.039999961853027,12.964799880981445,12.970000267028809,10.551066398620605,289332,0.0,0.0,0.0
2017-07-07,12.967499732971191,13.015000343322754,12.949299812316895,12.993749618530273,10.570385932922363,584777,0.0,0.0,0.0
2017-07-10,12.984999656677246,13.052499771118164,12.975099563598633,13.052499771118164,10.618179321289062,334097,0.0,0.0,0.0
2017-07-11,13.010000228881836,13.047499656677246,12.989800453186035,13.042499542236328,10.6100435256958,535342,0.0,0.0,0.0
2017-07-12,13.0649995803833,13.072600364685059,13.029800415039062,13.047499656677246,10.614112854003906,218770,0.0,0.0,0.0
2017-07-13,13.042499542236328,13.092599868774414,12.984700202941895,13.010000228881836,10.58360767364502,694764,0.0,0.0,0.0
2017-07-14,13.042499542236328,13.200300216674805,13.0,13.0,10.575471878051758,847801,0.0,0.0,0.0
2017-07-17,13.017499923706055,13.0649995803833,13.009300231933594,13.047499656677246,10.614112854003906,289409,0.0,0.0,0.0
2017-07-18,13.047499656677246,13.164999961853027,13.014800071716309,13.117500305175781,10.671056747436523,1222965,0.0,0.0,0.0
2017-07-19,13.107500076293945,13.155099868774414,13.081399917602539,13.15250015258789,10.699530601501465,301455,0.0,0.0,0.0
2017-07-20,13.137499809265137,13.149499893188477,13.034700393676758,13.112500190734863,10.66698932647705,279745,0.0,0.0,0.0
2017-07-21,13.147500038146973,13.170000076293945,13.142499923706055,13.170000076293945,10.71376895904541,191931,0.0,0.0,0.0
2017-07-24,13.147500038146973,13.199700355529785,13.142499923706055,13.162500381469727,10.707664489746094,263937,0.0,0.0,0.0
2017-07-25,13.149999618530273,13.159500122070312,13.067500114440918,13.067500114440918,10.630383491516113,130682,0.0,0.0,0.0
2017-07-26,13.100000381469727,13.117500305175781,13.09749984741211,13.09749984741211,10.65478801727295,286609,0.0,0.0,0.0
2017-07-27,13.142499923706055,13.15250015258789,13.107500076293945,13.135000228881836,10.685294151306152,447539,0.0,0.0,0.0
2017-07-28,13.137499809265137,13.149999618530273,13.099300384521484,13.117500305175781,10.671056747436523,866657,0.0,0.0,0.0
2017-07-31,13.125,13.142499923706055,13.100000381469727,13.119999885559082,10.673090934753418,395381,0.0,0.0,0.0
2017-08-01,13.102499961853027,13.151900291442871,13.07979965209961,13.149999618530273,10.697493553161621,351180,0.0,0.0,0.0
2017-08-02,13.1274995803833,13.142000198364258,13.082300186157227,13.107500076293945,10.662923812866211,180893,0.0,0.0,0.0
2017-08-03,13.104999542236328,13.210000038146973,13.0649995803833,13.199999809265137,10.73817253112793,1626305,0.0,0.0,0.0
2017-08-04,13.220000267028809,13.220000267028809,13.167499542236328,13.167499542236328,10.711729049682617,1687864,0.0,0.0,0.0
2017-08-07,13.172499656677246,13.220100402832031,13.162500381469727,13.220000267028809,10.754441261291504,467942,0.0,0.0,0.0
2017-08-08,13.225000381469727,13.225099563598633,13.197500228881836,13.197500228881836,10.736137390136719,174033,0.0,0.0,0.0
2017-08-09,13.234999656677246,13.287599563598633,13.227499961853027,13.267499923706055,10.793081283569336,536967,0.0,0.0,0.0
2017-08-10,13.260000228881836,13.3100004196167,13.24429988861084,13.305000305175781,10.823589324951172,170101,0.0,0.0,0.0
2017-08-11,13.319999694824219,13.358200073242188,13.289299964904785,13.317500114440918,10.833758354187012,375025,0.0,0.0,0.0
2017-08-14,13.324999809265137,13.324999809265137,13.26669979095459,13.295000076293945,10.815450668334961,711043,0.0,0.0,0.0
2017-08-15,13.267499923706055,13.28499984741211,13.246800422668457,13.274999618530273,10.799181938171387,214984,0.0,0.0,0.0
2017-08-16,13.260000228881836,13.281999588012695,13.21500015258789,13.237500190734863,10.76867961883545,285427,0.0,0.0,0.0
2017-08-17,13.282500267028809,13.285099983215332,13.224300384521484,13.270000457763672,10.795116424560547,470496,0.0,0.0,0.0
2017-08-18,13.297499656677246,13.305100440979004,13.26930046081543,13.272500038146973,10.797150611877441,127562,0.0,0.0,0.0
2017-08-21,13.2524995803833,13.31760025024414,13.2524995803833,13.302499771118164,10.821554183959961,514655,0.0,0.0,0.0
2017-08-22,13.262499809265137,13.305700302124023,13.262299537658691,13.274999618530273,10.799181938171387,167217,0.0,0.0,0.0
2017-08-23,13.287500381469727,13.333200454711914,13.2524995803833,13.3149995803833,10.831722259521484,232035,0.0,0.0,0.0
2017-08-24,13.3100004196167,13.332599639892578,13.298199653625488,13.329999923706055,10.843926429748535,226434,0.0,0.0,0.0
2017-08-25,13.3100004196167,13.342499732971191,13.295000076293945,13.342499732971191,10.854094505310059,257801,0.0,0.0,0.0
2017-08-29,13.5,13.5,13.250300407409668,13.399999618530273,10.90086841583252,308506,0.0,0.0,0.0
2017-08-30,13.5,13.5,13.332300186157227,13.34000015258789,10.852059364318848,276698,0.0,0.0,0.0
2017-08-31,13.327500343322754,13.370100021362305,13.327300071716309,13.354999542236328,10.864262580871582,755999,0.0,0.0,0.0
2017-09-01,13.3725004196167,13.375100135803223,13.302300453186035,13.327500343322754,10.841891288757324,247450,0.0,0.0,0.0
2017-09-04,13.345000267028809,13.356399536132812,13.311200141906738,13.322500228881836,10.837824821472168,318955,0.0,0.0,0.0
2017-09-05,13.319999694824219,13.40250015258789,13.289799690246582,13.40250015258789,10.902905464172363,221162,0.0,0.0,0.0
2017-09-06,13.414999961853027,13.414999961853027,13.364800453186035,13.407500267028809,10.906970977783203,188323,0.0,0.0,0.0
2017-09-07,13.385000228881836,13.462499618530273,13.321000099182129,13.457500457763672,10.947647094726562,354829,0.0,0.0,0.0
2017-09-08,13.47249984741211,13.491999626159668,13.410300254821777,13.430000305175781,10.925275802612305,3045015,0.0,0.0,0.0
2017-09-11,13.407500267028809,13.410099983215332,13.352999687194824,13.362500190734863,10.870365142822266,181453,0.0,0.0,0.0
2017-09-12,13.335000038146973,13.357500076293945,13.208000183105469,13.210000038146973,10.746305465698242,1957484,0.0,0.0,0.0
2017-09-13,13.197500228881836,13.276200294494629,13.187700271606445,13.210000038146973,10.746305465698242,244827,0.0,0.0,0.0
2017-09-14,13.197500228881836,13.280599594116211,13.112500190734863,13.1225004196167,10.67512321472168,552478,0.0,0.0,0.0
2017-09-15,13.104999542236328,13.117600440979004,12.988200187683105,13.029999732971191,10.599875450134277,347488,0.0,0.0,0.0
2017-09-18,13.024999618530273,13.055000305175781,12.987099647521973,13.037500381469727,10.605978012084961,694065,0.0,0.0,0.0
2017-09-19,13.032500267028809,13.081600189208984,12.994999885559082,13.007499694824219,10.581572532653809,616685,0.0,0.0,0.0
2017-09-20,12.984999656677246,13.045000076293945,12.954000473022461,13.020000457763672,10.591742515563965,233058,0.0,0.0,0.0
2017-09-21,12.944999694824219,13.0,12.905799865722656,13.0,10.575471878051758,460015,0.0,0.0,0.0
2017-09-22,12.987500190734863,13.014399528503418,12.977299690246582,13.012499809265137,10.585639953613281,272642,0.0,0.0,0.0
2017-09-25,12.982500076293945,13.03499984741211,12.972299575805664,13.024999618530273,10.595808029174805,516262,0.0,0.0,0.0
2017-09-26,13.007499694824219,13.052499771118164,13.00160026550293,13.02750015258789,10.5978422164917,424256,0.0,0.0,0.0
2017-09-27,12.989999771118164,13.003700256347656,12.927499771118164,12.962499618530273,10.544964790344238,355537,0.0,0.0,0.0
2017-09-28,12.789999961853027,12.99899959564209,12.789999961853027,12.979999542236328,10.55920124053955,688664,0.0,0.0,0.0
2017-09-29,13.015000343322754,13.033499717712402,12.975000381469727,13.015000343322754,10.587674140930176,361409,0.0,0.0,0.0
2017-10-02,12.96500015258789,13.069999694824219,12.964400291442871,13.0649995803833,10.628347396850586,188811,0.0,0.0,0.0
2017-10-03,13.03499984741211,13.039999961853027,12.989800453186035,13.022500038146973,10.59377384185791,321807,0.0,0.0,0.0
2017-10-04,13.045000076293945,13.048500061035156,12.977499961853027,12.984999656677246,10.563267707824707,478839,0.0,0.0,0.0
2017-10-05,12.994999885559082,13.020299911499023,12.94729995727539,12.957500457763672,10.540899276733398,1166030,0.0,0.0,0.0
2017-10-06,12.97249984741211,12.985699653625488,12.907299995422363,12.978750228881836,10.558182716369629,150197,0.0,0.0,0.0
2017-10-09,12.885000228881836,13.017499923706055,12.885000228881836,13.017499923706055,10.589707374572754,199148,0.0,0.0,0.0
2017-10-10,12.967499732971191,12.992799758911133,12.932499885559082,12.987500190734863,10.565303802490234,519389,0.0,0.0,0.0
2017-10-11,12.920000076293945,12.979999542236328,12.920000076293945,12.952500343322754,10.53683090209961,334731,0.0,0.0,0.0
2017-10-12,12.994999885559082,13.003299713134766,12.957500457763672,12.984999656677246,10.563267707824707,1816623,0.0,0.0,0.0
2017-10-13,12.975000381469727,13.021200180053711,12.9399995803833,13.017499923706055,10.589707374572754,535768,0.0,0.0,0.0
2017-10-16,12.970000267028809,13.05774974822998,12.96500015258789,13.045000076293945,10.612077713012695,266609,0.0,0.0,0.0
2017-10-17,13.02750015258789,13.132499694824219,13.023699760437012,13.09749984741211,10.65478801727295,298312,0.0,0.0,0.0
2017-10-18,13.130000114440918,13.138199806213379,13.06089973449707,13.079999923706055,10.640552520751953,344292,0.0,0.0,0.0
2017-10-19,13.072500228881836,13.134099960327148,13.068900108337402,13.109999656677246,10.664956092834473,296205,0.0,0.0,0.0
2017-10-20,13.104999542236328,13.104999542236328,13.037500381469727,13.037500381469727,10.605978012084961,2159969,0.0,0.0,0.0
2017-10-23,13.045000076293945,13.079999923706055,13.015700340270996,13.079999923706055,10.640552520751953,161355,0.0,0.0,0.0
2017-10-24,13.039999961853027,13.058199882507324,12.949700355529785,13.022500038146973,10.59377384185791,338539,0.0,0.0,0.0
2017-10-25,13.020000457763672,13.041799545288086,12.919400215148926,12.957500457763672,10.540899276733398,538353,0.0,0.0,0.0
2017-10-26,12.960000038146973,13.024999618530273,12.94729995727539,12.967499732971191,10.549034118652344,340147,0.0,0.0,0.0
2017-10-27,12.977499961853027,13.039999961853027,12.958200454711914,13.039999961853027,10.608013153076172,251752,0.0,0.0,0.0
2017-10-30,13.017499923706055,13.047699928283691,13.005000114440918,13.032500267028809,10.601909637451172,281118,0.0,0.0,0.0
2017-10-31,13.039999961853027,13.0600004196167,13.029800415039062,13.050000190734863,10.616147994995117,216109,0.0,0.0,0.0
2017-11-01,13.024999618530273,13.053099632263184,13.001399993896484,13.042499542236328,10.6100435256958,332071,0.0,0.0,0.0
2017-11-02,13.012499809265137,13.133600234985352,13.01140022277832,13.1225004196167,10.67512321472168,705785,0.0,0.0,0.0
2017-11-03,13.145000457763672,13.172499656677246,13.088700294494629,13.117500305175781,10.671056747436523,547905,0.0,0.0,0.0
2017-11-06,13.132499694824219,13.142499923706055,13.109999656677246,13.1274995803833,10.679192543029785,242053,0.0,0.0,0.0
2017-11-07,13.107500076293945,13.175000190734863,13.09689998626709,13.154999732971191,10.701563835144043,256447,0.0,0.0,0.0
2017-11-08,13.15250015258789,13.223099708557129,13.15250015258789,13.197500228881836,10.736137390136719,86625,0.0,0.0,0.0
2017-11-09,13.199999809265137,13.199999809265137,13.129400253295898,13.132499694824219,10.683260917663574,225804,0.0,0.0,0.0
2017-11-10,13.114999771118164,13.114999771118164,13.03499984741211,13.03499984741211,10.603943824768066,352629,0.0,0.0,0.0
2017-11-13,13.052499771118164,13.098099708557129,13.047499656677246,13.055000305175781,10.62021541595459,533195,0.0,0.0,0.0
2017-11-14,13.055000305175781,13.083100318908691,13.026900291442871,13.069999694824219,10.632414817810059,230941,0.0,0.0,0.0
2017-11-15,13.109999656677246,13.142499923706055,13.081199645996094,13.112500190734863,10.66698932647705,286101,0.0,0.0,0.0
2017-11-16,13.052499771118164,13.089200019836426,13.019399642944336,13.032500267028809,10.641432762145996,87482,0.0487,0.0,0.0
2017-11-17,13.047499656677246,13.057499885559082,13.005000114440918,13.055000305175781,10.659806251525879,159401,0.0,0.0,0.0
2017-11-20,13.02750015258789,13.09749984741211,13.02750015258789,13.085000038146973,10.68429946899414,109117,0.0,0.0,0.0
2017-11-21,13.095000267028809,13.140000343322754,13.095000267028809,13.119999885559082,10.712879180908203,299321,0.0,0.0,0.0
2017-11-22,13.132499694824219,13.132499694824219,13.085000038146973,13.09000015258789,10.688383102416992,371510,0.0,0.0,0.0
2017-11-23,13.107500076293945,13.1225004196167,13.095000267028809,13.1225004196167,10.714919090270996,399102,0.0,0.0,0.0
2017-11-24,13.112500190734863,13.145000457763672,13.107500076293945,13.145000457763672,10.733293533325195,87152,0.0,0.0,0.0
2017-11-27,13.149999618530273,13.149999618530273,13.114999771118164,13.1274995803833,10.719002723693848,468967,0.0,0.0,0.0
2017-11-28,13.145000457763672,13.145000457763672,13.109999656677246,13.109999656677246,10.704713821411133,332918,0.0,0.0,0.0
2017-11-29,13.050000190734863,13.067500114440918,13.0,13.017499923706055,10.62918472290039,246109,0.0,0.0,0.0
2017-11-30,12.97249984741211,13.032500267028809,12.97249984741211,13.029999732971191,10.63939094543457,229385,0.0,0.0,0.0
2017-12-01,13.005000114440918,13.177499771118164,13.005000114440918,13.177499771118164,10.759828567504883,374302,0.0,0.0,0.0
2017-12-04,13.130000114440918,13.130000114440918,13.0600004196167,13.079999923706055,10.680218696594238,153317,0.0,0.0,0.0
2017-12-05,13.067500114440918,13.109999656677246,13.0625,13.109999656677246,10.704713821411133,327210,0.0,0.0,0.0
2017-12-06,13.140000343322754,13.175000190734863,13.119999885559082,13.130000114440918,10.72104263305664,277478,0.0,0.0,0.0
2017-12-07,13.137499809265137,13.147500038146973,13.085000038146973,13.109999656677246,10.704713821411133,870078,0.0,0.0,0.0
2017-12-08,13.022500038146973,13.087499618530273,13.015000343322754,13.074999809265137,10.67613410949707,276649,0.0,0.0,0.0
2017-12-11,13.117500305175781,13.175000190734863,13.107500076293945,13.170000076293945,10.753708839416504,266457,0.0,0.0,0.0
2017-12-12,13.170000076293945,13.170000076293945,13.132499694824219,13.15250015258789,10.73941707611084,427005,0.0,0.0,0.0
2017-12-13,13.15999984741211,13.229999542236328,13.106200218200684,13.157500267028809,10.743498802185059,220514,0.0,0.0,0.0
2017-12-14,13.145000457763672,13.239999771118164,13.145000457763672,13.239999771118164,10.810863494873047,197774,0.0,0.0,0.0
2017-12-15,13.265000343322754,13.28499984741211,13.242500305175781,13.274999618530273,10.83944034576416,307300,0.0,0.0,0.0
2017-12-18,13.257499694824219,13.292499542236328,13.257499694824219,13.27750015258789,10.841482162475586,412680,0.0,0.0,0.0
2017-12-19,13.229999542236328,13.265000343322754,13.170000076293945,13.180000305175781,10.761874198913574,191207,0.0,0.0,0.0
2017-12-20,13.1850004196167,13.1850004196167,13.09749984741211,13.09749984741211,10.694506645202637,450095,0.0,0.0,0.0
2017-12-21,13.050000190734863,13.100000381469727,13.050000190734863,13.095000267028809,10.692465782165527,754755,0.0,0.0,0.0
2017-12-22,13.087499618530273,13.172499656677246,13.0,13.087499618530273,10.6863431930542,2338026,0.0,0.0,0.0
2017-12-27,13.149999618530273,13.21500015258789,13.1225004196167,13.21500015258789,10.790450096130371,510097,0.0,0.0,0.0
2017-12-28,13.1899995803833,13.217499732971191,13.164999961853027,13.197500228881836,10.77616024017334,570193,0.0,0.0,0.0
2017-12-29,13.194999694824219,13.232500076293945,13.172499656677246,13.199999809265137,10.778202056884766,352037,0.0,0.0,0.0
2018-01-02,13.281999588012695,13.281999588012695,13.09000015258789,13.104000091552734,10.699816703796387,825891,0.0,0.0,0.0
2018-01-03,13.069999694824219,13.1899995803833,13.069999694824219,13.1899995803833,10.770037651062012,158879,0.0,0.0,0.0
2018-01-04,13.145000457763672,13.182499885559082,13.145000457763672,13.182499885559082,10.763914108276367,263043,0.0,0.0,0.0
2018-01-05,13.172499656677246,13.1899995803833,13.154999732971191,13.170000076293945,10.753708839416504,159020,0.0,0.0,0.0
2018-01-08,13.180000305175781,13.270000457763672,13.137499809265137,13.175000190734863,10.757786750793457,224619,0.0,0.0,0.0
2018-01-09,13.15999984741211,13.1850004196167,13.125,13.130000114440918,10.72104263305664,199592,0.0,0.0,0.0
2018-01-10,13.109999656677246,13.1225004196167,13.092499732971191,13.1225004196167,10.714919090270996,304565,0.0,0.0,0.0
2018-01-11,13.194999694824219,13.194999694824219,13.09000015258789,13.092499732971191,10.690425872802734,529506,0.0,0.0,0.0
2018-01-12,13.102499961853027,13.109999656677246,13.050000190734863,13.085000038146973,10.68429946899414,258457,0.0,0.0,0.0
2018-01-15,13.057499885559082,13.145000457763672,13.057499885559082,13.114999771118164,10.708795547485352,261721,0.0,0.0,0.0
2018-01-16,13.079999923706055,13.149999618530273,13.079999923706055,13.125,10.716962814331055,506848,0.0,0.0,0.0
2018-01-17,13.197500228881836,13.197500228881836,13.112500190734863,13.119999885559082,10.712879180908203,318398,0.0,0.0,0.0
2018-01-18,13.050000190734863,13.104999542236328,13.050000190734863,13.085000038146973,10.68429946899414,259497,0.0,0.0,0.0
2018-01-19,13.069999694824219,13.09000015258789,13.0600004196167,13.067500114440918,10.670011520385742,170501,0.0,0.0,0.0
2018-01-22,13.067500114440918,13.074999809265137,13.032500267028809,13.055000305175781,10.659806251525879,217347,0.0,0.0,0.0
2018-01-23,13.0649995803833,13.09000015258789,13.052499771118164,13.072500228881836,10.674093246459961,392260,0.0,0.0,0.0
2018-01-24,13.050000190734863,13.050000190734863,13.0,13.010000228881836,10.623062133789062,561432,0.0,0.0,0.0
2018-01-25,12.979999542236328,13.024999618530273,12.979999542236328,13.012499809265137,10.625102996826172,794660,0.0,0.0,0.0
2018-01-26,13.010000228881836,13.045000076293945,12.989999771118164,13.005000114440918,10.618975639343262,639514,0.0,0.0,0.0
2018-01-29,12.90999984741211,13.0,12.90999984741211,12.994999885559082,10.610812187194824,170370,0.0,0.0,0.0
2018-01-30,13.012499809265137,13.020000457763672,12.979999542236328,12.987500190734863,10.604689598083496,264026,0.0,0.0,0.0
2018-01-31,12.949999809265137,13.0,12.914999961853027,12.9399995803833,10.56590461730957,595252,0.0,0.0,0.0
2018-02-01,12.854999542236328,12.932499885559082,12.854999542236328,12.925000190734863,10.553654670715332,350397,0.0,0.0,0.0
2018-02-02,12.892499923706055,12.90250015258789,12.862500190734863,12.899999618530273,10.533239364624023,383006,0.0,0.0,0.0
2018-02-05,12.854999542236328,12.914999961853027,12.854999542236328,12.907500267028809,10.539366722106934,498339,0.0,0.0,0.0
2018-02-06,12.920000076293945,12.982500076293945,12.897500038146973,12.932499885559082,10.559781074523926,644601,0.0,0.0,0.0
2018-02-07,12.925000190734863,12.932499885559082,12.8774995803833,12.9037504196167,10.536304473876953,656641,0.0,0.0,0.0
2018-02-08,12.904999732971191,12.904999732971191,12.802499771118164,12.854999542236328,10.496498107910156,169083,0.0,0.0,0.0
2018-02-09,12.862000465393066,12.932000160217285,12.842000007629395,12.878000259399414,10.515278816223145,186677,0.0,0.0,0.0
2018-02-12,12.957500457763672,12.957500457763672,12.829999923706055,12.8774995803833,10.514870643615723,659773,0.0,0.0,0.0
2018-02-13,12.869999885559082,12.887499809265137,12.829999923706055,12.850000381469727,10.492416381835938,324383,0.0,0.0,0.0
2018-02-14,12.864999771118164,12.875,12.807499885559082,12.807499885559082,10.457712173461914,212168,0.0,0.0,0.0
2018-02-15,12.789999961853027,12.789999961853027,12.732500076293945,12.779999732971191,10.435257911682129,1616955,0.0,0.0,0.0
2018-02-16,12.8149995803833,12.897500038146973,12.8125,12.885000228881836,10.520995140075684,195314,0.0,0.0,0.0
2018-02-19,12.895000457763672,12.895000457763672,12.854999542236328,12.867500305175781,10.506706237792969,252661,0.0,0.0,0.0
2018-02-20,12.875,12.904999732971191,12.822500228881836,12.895000457763672,10.52916145324707,281991,0.0,0.0,0.0
2018-02-21,12.869999885559082,12.952500343322754,12.869999885559082,12.930000305175781,10.5577392578125,301818,0.0,0.0,0.0
2018-02-22,12.869999885559082,12.944999694824219,12.869999885559082,12.925000190734863,10.553654670715332,298200,0.0,0.0,0.0
2018-02-23,12.952500343322754,12.957500457763672,12.925000190734863,12.952500343322754,10.57611083984375,283663,0.0,0.0,0.0
2018-02-26,12.914999961853027,12.967499732971191,12.914999961853027,12.963749885559082,10.585295677185059,162244,0.0,0.0,0.0
2018-02-27,12.96500015258789,12.989999771118164,12.899999618530273,12.914999961853027,10.545491218566895,345237,0.0,0.0,0.0
2018-02-28,12.949999809265137,12.989999771118164,12.90999984741211,12.989999771118164,10.606728553771973,213694,0.0,0.0,0.0
2018-03-01,12.994999885559082,13.0600004196167,12.994999885559082,13.032500267028809,10.641432762145996,621701,0.0,0.0,0.0
2018-03-02,13.029999732971191,13.079999923706055,13.017499923706055,13.017499923706055,10.62918472290039,194217,0.0,0.0,0.0
2018-03-05,13.069999694824219,13.069999694824219,12.987500190734863,12.987500190734863,10.604689598083496,365885,0.0,0.0,0.0
2018-03-06,12.944999694824219,12.970000267028809,12.885000228881836,12.948749542236328,10.573049545288086,1353514,0.0,0.0,0.0
2018-03-07,12.949999809265137,12.992500305175781,12.949999809265137,12.967499732971191,10.588358879089355,646342,0.0,0.0,0.0
2018-03-08,12.979999542236328,13.007499694824219,12.9375,12.994999885559082,10.610812187194824,190035,0.0,0.0,0.0
2018-03-09,12.9350004196167,12.987500190734863,12.9350004196167,12.967499732971191,10.588358879089355,316188,0.0,0.0,0.0
2018-03-12,12.970000267028809,12.975000381469727,12.949999809265137,12.954999923706055,10.578150749206543,142588,0.0,0.0,0.0
2018-03-13,12.880000114440918,13.007499694824219,12.880000114440918,13.007499694824219,10.621020317077637,345580,0.0,0.0,0.0
2018-03-14,13.017499923706055,13.095000267028809,13.0024995803833,13.092499732971191,10.690425872802734,145547,0.0,0.0,0.0
2018-03-15,13.085000038146973,13.114999771118164,13.074999809265137,13.104999542236328,10.700631141662598,333857,0.0,0.0,0.0
2018-03-16,13.114999771118164,13.130000114440918,13.100000381469727,13.1225004196167,10.714919090270996,142283,0.0,0.0,0.0
2018-03-19,13.135000228881836,13.145000457763672,13.050000190734863,13.145000457763672,10.733293533325195,280106,0.0,0.0,0.0
2018-03-20,13.0600004196167,13.140000343322754,13.0600004196167,13.102499961853027,10.698590278625488,242400,0.0,0.0,0.0
2018-03-21,13.0600004196167,13.149999618530273,13.017499923706055,13.0649995803833,10.66796875,268201,0.0,0.0,0.0
2018-03-22,13.119999885559082,13.225000381469727,13.024999618530273,13.15999984741211,10.745540618896484,355133,0.0,0.0,0.0
2018-03-23,13.15999984741211,13.204999923706055,13.100000381469727,13.151249885559082,10.738395690917969,277073,0.0,0.0,0.0
2018-03-26,13.100000381469727,13.164999961853027,13.100000381469727,13.15999984741211,10.745540618896484,355103,0.0,0.0,0.0
2018-03-27,13.157500267028809,13.182499885559082,13.157500267028809,13.167499542236328,10.75166130065918,311439,0.0,0.0,0.0
2018-03-28,13.202500343322754,13.232500076293945,13.199999809265137,13.2212495803833,10.795551300048828,329556,0.0,0.0,0.0
2018-03-29,13.220000267028809,13.244999885559082,13.192500114440918,13.244999885559082,10.814945220947266,354412,0.0,0.0,0.0
2018-04-03,13.265000343322754,13.279999732971191,13.199999809265137,13.204999923706055,10.782282829284668,330203,0.0,0.0,0.0
2018-04-04,13.210000038146973,13.234999656677246,13.157500267028809,13.157500267028809,10.743498802185059,591365,0.0,0.0,0.0
2018-04-05,13.180000305175781,13.180000305175781,13.092499732971191,13.09749984741211,10.694506645202637,558852,0.0,0.0,0.0
2018-04-06,13.119999885559082,13.149999618530273,13.109999656677246,13.140000343322754,10.729207992553711,527554,0.0,0.0,0.0
2018-04-09,13.135000228881836,13.145000457763672,13.117500305175781,13.140000343322754,10.729207992553711,252638,0.0,0.0,0.0
2018-04-10,13.130000114440918,13.140000343322754,13.09000015258789,13.114999771118164,10.708795547485352,640524,0.0,0.0,0.0
2018-04-11,13.069999694824219,13.194999694824219,13.069999694824219,13.170000076293945,10.753708839416504,773637,0.0,0.0,0.0
2018-04-12,13.1850004196167,13.1850004196167,13.085000038146973,13.095000267028809,10.692465782165527,290853,0.0,0.0,0.0
2018-04-13,13.074999809265137,13.104999542236328,13.055000305175781,13.104999542236328,10.700631141662598,158121,0.0,0.0,0.0
2018-04-16,13.055000305175781,13.074999809265137,13.037500381469727,13.055000305175781,10.659806251525879,173763,0.0,0.0,0.0
2018-04-17,13.029999732971191,13.09000015258789,13.029999732971191,13.069999694824219,10.672051429748535,208860,0.0,0.0,0.0
2018-04-18,13.145000457763672,13.180000305175781,13.085000038146973,13.100000381469727,10.696548461914062,630297,0.0,0.0,0.0
2018-04-19,13.0600004196167,13.0600004196167,12.97249984741211,12.979999542236328,10.598565101623535,379892,0.0,0.0,0.0
2018-04-20,13.010000228881836,13.024999618530273,12.989999771118164,13.024999618530273,10.635308265686035,390413,0.0,0.0,0.0
2018-04-23,13.010000228881836,13.010000228881836,12.947500228881836,12.947500228881836,10.572029113769531,436543,0.0,0.0,0.0
2018-04-24,13.015000343322754,13.015000343322754,12.922499656677246,12.9399995803833,10.56590461730957,323920,0.0,0.0,0.0
2018-04-25,12.90999984741211,12.962499618530273,12.90999984741211,12.962499618530273,10.584275245666504,593657,0.0,0.0,0.0
2018-04-26,12.977499961853027,13.024999618530273,12.975000381469727,13.024999618530273,10.635308265686035,365733,0.0,0.0,0.0
2018-04-27,13.022500038146973,13.087499618530273,13.022500038146973,13.074999809265137,10.67613410949707,478367,0.0,0.0,0.0
2018-04-30,13.020000457763672,13.114999771118164,13.020000457763672,13.114999771118164,10.708795547485352,255017,0.0,0.0,0.0
2018-05-01,13.102499961853027,13.1225004196167,13.102499961853027,13.104999542236328,10.700631141662598,283944,0.0,0.0,0.0
2018-05-02,13.050000190734863,13.104999542236328,13.029999732971191,13.057499885559082,10.661845207214355,192127,0.0,0.0,0.0
2018-05-03,13.005000114440918,13.145000457763672,13.005000114440918,13.145000457763672,10.733293533325195,133412,0.0,0.0,0.0
2018-05-04,13.145000457763672,13.170000076293945,13.104999542236328,13.125,10.716962814331055,270200,0.0,0.0,0.0
2018-05-08,13.074999809265137,13.140000343322754,13.055000305175781,13.069999694824219,10.672051429748535,424055,0.0,0.0,0.0
2018-05-09,13.09000015258789,13.09000015258789,13.010000228881836,13.047499656677246,10.653680801391602,218304,0.0,0.0,0.0
2018-05-10,13.109999656677246,13.109999656677246,13.024999618530273,13.09000015258789,10.688383102416992,248365,0.0,0.0,0.0
2018-05-11,13.03499984741211,13.167499542236328,13.03499984741211,13.0600004196167,10.663885116577148,257943,0.0,0.0,0.0
2018-05-14,13.010000228881836,13.03499984741211,13.007499694824219,13.020000457763672,10.631226539611816,530721,0.0,0.0,0.0
2018-05-15,12.954999923706055,13.02750015258789,12.954999923706055,12.989999771118164,10.606728553771973,229473,0.0,0.0,0.0
2018-05-16,12.994999885559082,13.03499984741211,12.994999885559082,13.005000114440918,10.618975639343262,211879,0.0,0.0,0.0
2018-05-17,12.819999694824219,12.920000076293945,12.819999694824219,12.862500190734863,10.574091911315918,261611,0.0879,0.0,0.0
2018-05-18,12.835000038146973,12.920000076293945,12.835000038146973,12.920000076293945,10.62136173248291,275993,0.0,0.0,0.0
2018-05-21,12.930000305175781,12.954999923706055,12.90999984741211,12.954999923706055,10.650134086608887,315956,0.0,0.0,0.0
2018-05-22,12.9350004196167,12.9350004196167,12.880000114440918,12.895000457763672,10.600812911987305,282603,0.0,0.0,0.0
2018-05-23,12.944999694824219,12.9975004196167,12.944999694824219,12.984999656677246,10.674795150756836,131998,0.0,0.0,0.0
2018-05-24,12.9375,13.020000457763672,12.9375,13.020000457763672,10.703572273254395,241919,0.0,0.0,0.0
2018-05-25,12.984999656677246,13.135000228881836,12.984999656677246,13.104999542236328,10.77344799041748,233628,0.0,0.0,0.0
2018-05-29,13.104999542236328,13.4375,13.104999542236328,13.237500190734863,10.882375717163086,675734,0.0,0.0,0.0
2018-05-30,13.237500190734863,13.25,13.15999984741211,13.212499618530273,10.861822128295898,271862,0.0,0.0,0.0
2018-05-31,13.142499923706055,13.2475004196167,13.142499923706055,13.225000381469727,10.872099876403809,479551,0.0,0.0,0.0
2018-06-01,13.194999694824219,13.207500457763672,13.135000228881836,13.162500381469727,10.820717811584473,502985,0.0,0.0,0.0
2018-06-04,13.135000228881836,13.164999961853027,13.1225004196167,13.140000343322754,10.802220344543457,356079,0.0,0.0,0.0
2018-06-05,13.170000076293945,13.170000076293945,13.107500076293945,13.135000228881836,10.798110008239746,312692,0.0,0.0,0.0
2018-06-06,13.095000267028809,13.119999885559082,13.010000228881836,13.012499809265137,10.697405815124512,267208,0.0,0.0,0.0
2018-06-07,12.982500076293945,13.012499809265137,12.970000267028809,12.97249984741211,10.664521217346191,261643,0.0,0.0,0.0
2018-06-08,13.0600004196167,13.072500228881836,12.9975004196167,12.9975004196167,10.685073852539062,339380,0.0,0.0,0.0
2018-06-11,12.994999885559082,13.0,12.952500343322754,12.984999656677246,10.674795150756836,274507,0.0,0.0,0.0
2018-06-12,12.960000038146973,13.010000228881836,12.944999694824219,13.010000228881836,10.695350646972656,177181,0.0,0.0,0.0
2018-06-13,13.03499984741211,13.082500457763672,12.992500305175781,13.06624984741211,10.741592407226562,170397,0.0,0.0,0.0
2018-06-14,13.067500114440918,13.130000114440918,13.020000457763672,13.1225004196167,10.787833213806152,188772,0.0,0.0,0.0
2018-06-15,13.135000228881836,13.244999885559082,13.092499732971191,13.118749618530273,10.784751892089844,397536,0.0,0.0,0.0
2018-06-18,13.130000114440918,13.149999618530273,13.095000267028809,13.114999771118164,10.781667709350586,244723,0.0,0.0,0.0
2018-06-19,13.170000076293945,13.210000038146973,13.135000228881836,13.147500038146973,10.808387756347656,164932,0.0,0.0,0.0
2018-06-20,13.082500457763672,13.15250015258789,13.069999694824219,13.135000228881836,10.798110008239746,360653,0.0,0.0,0.0
2018-06-21,13.104999542236328,13.162500381469727,13.0625,13.142499923706055,10.804275512695312,195024,0.0,0.0,0.0
2018-06-22,13.130000114440918,13.137499809265137,13.092499732971191,13.100000381469727,10.76933765411377,236928,0.0,0.0,0.0
2018-06-25,13.199999809265137,13.199999809265137,13.085000038146973,13.104999542236328,10.77344799041748,334209,0.0,0.0,0.0
2018-06-26,13.067500114440918,13.132499694824219,13.0649995803833,13.109999656677246,10.777559280395508,177046,0.0,0.0,0.0
2018-06-27,13.15999984741211,13.194999694824219,13.119999885559082,13.192500114440918,10.845380783081055,701342,0.0,0.0,0.0
2018-06-28,13.182499885559082,13.212499618530273,13.180000305175781,13.180000305175781,10.835105895996094,209966,0.0,0.0,0.0
2018-06-29,13.164999961853027,13.177499771118164,13.107500076293945,13.154999732971191,10.814553260803223,194496,0.0,0.0,0.0
2018-07-02,13.210000038146973,13.210000038146973,13.140000343322754,13.1899995803833,10.843326568603516,250083,0.0,0.0,0.0
2018-07-03,13.154999732971191,13.22249984741211,13.140000343322754,13.212499618530273,10.861822128295898,462814,0.0,0.0,0.0
2018-07-04,13.164999961853027,13.217499732971191,13.15999984741211,13.180000305175781,10.835105895996094,231035,0.0,0.0,0.0
2018-07-05,13.180000305175781,13.210000038146973,13.102499961853027,13.1899995803833,10.843326568603516,139700,0.0,0.0,0.0
2018-07-06,13.244999885559082,13.244999885559082,13.175000190734863,13.180000305175781,10.835105895996094,244785,0.0,0.0,0.0
2018-07-09,13.145000457763672,13.199999809265137,13.130000114440918,13.180000305175781,10.835105895996094,267887,0.0,0.0,0.0
2018-07-10,13.15250015258789,13.180000305175781,13.1274995803833,13.149999618530273,10.810440063476562,369366,0.0,0.0,0.0
2018-07-11,13.182499885559082,13.21500015258789,13.130000114440918,13.162500381469727,10.820717811584473,217314,0.0,0.0,0.0
2018-07-12,13.1274995803833,13.199999809265137,13.1274995803833,13.199999809265137,10.851547241210938,173739,0.0,0.0,0.0
2018-07-13,13.199999809265137,13.229999542236328,13.170000076293945,13.170000076293945,10.826886177062988,137307,0.0,0.0,0.0
2018-07-16,13.145000457763672,13.192500114440918,13.117500305175781,13.149999618530273,10.810440063476562,161131,0.0,0.0,0.0
2018-07-17,13.170000076293945,13.194999694824219,13.154999732971191,13.1875,10.84127140045166,163150,0.0,0.0,0.0
2018-07-18,13.21500015258789,13.270000457763672,13.15999984741211,13.225000381469727,10.872099876403809,500453,0.0,0.0,0.0
2018-07-19,13.229999542236328,13.289999961853027,13.194999694824219,13.289999961853027,10.925535202026367,261243,0.0,0.0,0.0
2018-07-20,13.279999732971191,13.295000076293945,13.220000267028809,13.220000267028809,10.867987632751465,1138798,0.0,0.0,0.0
2018-07-23,13.210000038146973,13.255000114440918,13.149999618530273,13.1850004196167,10.839215278625488,414030,0.0,0.0,0.0
2018-07-24,13.220000267028809,13.220000267028809,13.177499771118164,13.199999809265137,10.851547241210938,347475,0.0,0.0,0.0
2018-07-25,13.164999961853027,13.239999771118164,13.164999961853027,13.229999542236328,10.876209259033203,187162,0.0,0.0,0.0
2018-07-26,13.154999732971191,13.220000267028809,13.154999732971191,13.175000190734863,10.830992698669434,251859,0.0,0.0,0.0
2018-07-27,13.225000381469727,13.225000381469727,13.15999984741211,13.180000305175781,10.835105895996094,301529,0.0,0.0,0.0
2018-07-30,13.15250015258789,13.207500457763672,13.074999809265137,13.079999923706055,10.752896308898926,1094687,0.0,0.0,0.0
2018-07-31,13.109999656677246,13.125,13.09000015258789,13.119999885559082,10.78577995300293,382313,0.0,0.0,0.0
2018-08-01,13.149999618530273,13.149999618530273,13.055000305175781,13.069999694824219,10.744673728942871,203303,0.0,0.0,0.0
2018-08-02,13.052499771118164,13.114999771118164,13.039999961853027,13.055000305175781,10.732343673706055,194668,0.0,0.0,0.0
2018-08-03,13.102499961853027,13.1274995803833,13.0625,13.1274995803833,10.79194450378418,222084,0.0,0.0,0.0
2018-08-06,13.0649995803833,13.162500381469727,13.0649995803833,13.154999732971191,10.814553260803223,189082,0.0,0.0,0.0
2018-08-07,13.137499809265137,13.170000076293945,13.104999542236328,13.130000114440918,10.794000625610352,79260,0.0,0.0,0.0
2018-08-08,13.119999885559082,13.175000190734863,13.119999885559082,13.147500038146973,10.808387756347656,130215,0.0,0.0,0.0
2018-08-09,13.164999961853027,13.164999961853027,13.125,13.145000457763672,10.8063325881958,253526,0.0,0.0,0.0
2018-08-10,13.1850004196167,13.220000267028809,13.172499656677246,13.220000267028809,10.867987632751465,340446,0.0,0.0,0.0
2018-08-13,13.217499732971191,13.227499961853027,13.175000190734863,13.199999809265137,10.851547241210938,124412,0.0,0.0,0.0
2018-08-14,13.180000305175781,13.210000038146973,13.175000190734863,13.180000305175781,10.835105895996094,97019,0.0,0.0,0.0
2018-08-15,13.130000114440918,13.257499694824219,13.130000114440918,13.225000381469727,10.872099876403809,266194,0.0,0.0,0.0
2018-08-16,13.229999542236328,13.239999771118164,13.210000038146973,13.232500076293945,10.878264427185059,304054,0.0,0.0,0.0
2018-08-17,13.274999618530273,13.27750015258789,13.225000381469727,13.225000381469727,10.872099876403809,154569,0.0,0.0,0.0
2018-08-20,13.204999923706055,13.227499961853027,13.1899995803833,13.227499961853027,10.874154090881348,140918,0.0,0.0,0.0
2018-08-21,13.199999809265137,13.229999542236328,13.170000076293945,13.170000076293945,10.826886177062988,330932,0.0,0.0,0.0
2018-08-22,13.15999984741211,13.1850004196167,13.149999618530273,13.1587495803833,10.817636489868164,260814,0.0,0.0,0.0
2018-08-23,13.1875,13.1875,13.132499694824219,13.170000076293945,10.826886177062988,217826,0.0,0.0,0.0
2018-08-24,13.119999885559082,13.170000076293945,13.119999885559082,13.145000457763672,10.8063325881958,182831,0.0,0.0,0.0
2018-08-28,13.145000457763672,13.145000457763672,13.095000267028809,13.130000114440918,10.794000625610352,276581,0.0,0.0,0.0
2018-08-29,13.095000267028809,13.142499923706055,13.03499984741211,13.074999809265137,10.748784065246582,560055,0.0,0.0,0.0
2018-08-30,13.109999656677246,13.119999885559082,13.0649995803833,13.119999885559082,10.78577995300293,296202,0.0,0.0,0.0
2018-08-31,13.09000015258789,13.162500381469727,13.09000015258789,13.145000457763672,10.8063325881958,271771,0.0,0.0,0.0
2018-09-03,13.102499961853027,13.175000190734863,13.102499961853027,13.162500381469727,10.820717811584473,140096,0.0,0.0,0.0
2018-09-04,13.1850004196167,13.1850004196167,13.119999885559082,13.119999885559082,10.78577995300293,262732,0.0,0.0,0.0
2018-09-05,13.119999885559082,13.149999618530273,13.057499885559082,13.079999923706055,10.752896308898926,104574,0.0,0.0,0.0
2018-09-06,13.149999618530273,13.149999618530273,13.079999923706055,13.142499923706055,10.804275512695312,124212,0.0,0.0,0.0
2018-09-07,13.100000381469727,13.132499694824219,13.074999809265137,13.095000267028809,10.765226364135742,243584,0.0,0.0,0.0
2018-09-10,13.032500267028809,13.095000267028809,13.032500267028809,13.055000305175781,10.732343673706055,227382,0.0,0.0,0.0
2018-09-11,13.024999618530273,13.0600004196167,13.024999618530273,13.029999732971191,10.711790084838867,318265,0.0,0.0,0.0
2018-09-12,13.057499885559082,13.069999694824219,13.029999732971191,13.039999961853027,10.720014572143555,176045,0.0,0.0,0.0
2018-09-13,13.0625,13.0625,13.0,13.022500038146973,10.705625534057617,218316,0.0,0.0,0.0
2018-09-14,13.020000457763672,13.020000457763672,12.975000381469727,12.984999656677246,10.674795150756836,287371,0.0,0.0,0.0
2018-09-17,12.989999771118164,13.007499694824219,12.96500015258789,12.994999885559082,10.683019638061523,90388,0.0,0.0,0.0
2018-09-18,12.96500015258789,13.010000228881836,12.9350004196167,12.944999694824219,10.641913414001465,150473,0.0,0.0,0.0
2018-09-19,12.960000038146973,12.960000038146973,12.859999656677246,12.885000228881836,10.592588424682617,349252,0.0,0.0,0.0
2018-09-20,12.869999885559082,12.914999961853027,12.869999885559082,12.914999961853027,10.617250442504883,103571,0.0,0.0,0.0
2018-09-21,12.899999618530273,12.975000381469727,12.899999618530273,12.975000381469727,10.66657829284668,214319,0.0,0.0,0.0
2018-09-24,12.944999694824219,12.96500015258789,12.869999885559082,12.869999885559082,10.580257415771484,163921,0.0,0.0,0.0
2018-09-25,12.864999771118164,12.875,12.832500457763672,12.859999656677246,10.572035789489746,344194,0.0,0.0,0.0
2018-09-26,12.8774995803833,12.899999618530273,12.875,12.899999618530273,10.604917526245117,149153,0.0,0.0,0.0
2018-09-27,12.914999961853027,12.970000267028809,12.904999732971191,12.90999984741211,10.613142967224121,211202,0.0,0.0,0.0
2018-09-28,12.960000038146973,12.982500076293945,12.930000305175781,12.932499885559082,10.63163948059082,106838,0.0,0.0,0.0
2018-10-01,12.914999961853027,12.9350004196167,12.890000343322754,12.926250457763672,10.626501083374023,301014,0.0,0.0,0.0
2018-10-02,12.932499885559082,12.979999542236328,12.932499885559082,12.979999542236328,10.670686721801758,147493,0.0,0.0,0.0
2018-10-03,12.9375,12.962499618530273,12.907500267028809,12.907500267028809,10.61108684539795,299762,0.0,0.0,0.0
2018-10-04,12.824999809265137,12.914999961853027,12.8149995803833,12.8149995803833,10.535042762756348,1993495,0.0,0.0,0.0
2018-10-05,12.774999618530273,12.819999694824219,12.744999885559082,12.767499923706055,10.495993614196777,164618,0.0,0.0,0.0
2018-10-08,12.71500015258789,12.824999809265137,12.71500015258789,12.800000190734863,10.522713661193848,236007,0.0,0.0,0.0
2018-10-09,12.805000305175781,12.805000305175781,12.739999771118164,12.744999885559082,10.477496147155762,335214,0.0,0.0,0.0
2018-10-10,12.6850004196167,12.725000381469727,12.675000190734863,12.71500015258789,10.452834129333496,295148,0.0,0.0,0.0
2018-10-11,12.732500076293945,12.75,12.707500457763672,12.737500190734863,10.471331596374512,305672,0.0,0.0,0.0
2018-10-12,12.720000267028809,12.800000190734863,12.720000267028809,12.795000076293945,10.518601417541504,145991,0.0,0.0,0.0
2018-10-15,12.835000038146973,12.835000038146973,12.802499771118164,12.805000305175781,10.526823043823242,281635,0.0,0.0,0.0
2018-10-16,12.835000038146973,12.845000267028809,12.800000190734863,12.845000267028809,10.559704780578613,139993,0.0,0.0,0.0
2018-10-17,12.895000457763672,12.90999984741211,12.857500076293945,12.890000343322754,10.596698760986328,215803,0.0,0.0,0.0
2018-10-18,12.880000114440918,12.930000305175781,12.875,12.930000305175781,10.629584312438965,272414,0.0,0.0,0.0
2018-10-19,12.914999961853027,12.952500343322754,12.912500381469727,12.912500381469727,10.615196228027344,402810,0.0,0.0,0.0
2018-10-22,12.904999732971191,12.970000267028809,12.899999618530273,12.943750381469727,10.640887260437012,264041,0.0,0.0,0.0
2018-10-23,13.029999732971191,13.029999732971191,12.96500015258789,13.029999732971191,10.711790084838867,564871,0.0,0.0,0.0
2018-10-24,13.005000114440918,13.045000076293945,13.005000114440918,13.026249885559082,10.708708763122559,250505,0.0,0.0,0.0
2018-10-25,13.005000114440918,13.047499656677246,13.005000114440918,13.039999961853027,10.720014572143555,263345,0.0,0.0,0.0
2018-10-26,13.029999732971191,13.119999885559082,13.029999732971191,13.087499618530273,10.759062767028809,253179,0.0,0.0,0.0
2018-10-29,13.119999885559082,13.119999885559082,13.050000190734863,13.077500343322754,10.750840187072754,301047,0.0,0.0,0.0
2018-10-30,13.109999656677246,13.114999771118164,13.069999694824219,13.095000267028809,10.765226364135742,292220,0.0,0.0,0.0
2018-10-31,13.052499771118164,13.085000038146973,13.020000457763672,13.047499656677246,10.726177215576172,297182,0.0,0.0,0.0
2018-11-01,13.012499809265137,13.0649995803833,13.010000228881836,13.050000190734863,10.728235244750977,279438,0.0,0.0,0.0
2018-11-02,13.005000114440918,13.032500267028809,12.984999656677246,13.0,10.687129020690918,438971,0.0,0.0,0.0
2018-11-05,12.989999771118164,13.0,12.970000267028809,13.0,10.687129020690918,503940,0.0,0.0,0.0
2018-11-06,12.975000381469727,12.987500190734863,12.9399995803833,12.949999809265137,10.646024703979492,705279,0.0,0.0,0.0
2018-11-07,12.930000305175781,12.960000038146973,12.890000343322754,12.9399995803833,10.63780403137207,313652,0.0,0.0,0.0
2018-11-08,12.875,12.914999961853027,12.875,12.895000457763672,10.600812911987305,629739,0.0,0.0,0.0
2018-11-09,12.890000343322754,12.962499618530273,12.890000343322754,12.962499618530273,10.656301498413086,167004,0.0,0.0,0.0
2018-11-12,12.949999809265137,13.042499542236328,12.949999809265137,13.0,10.687129020690918,240810,0.0,0.0,0.0
2018-11-13,12.944999694824219,12.989999771118164,12.904999732971191,12.930000305175781,10.629584312438965,491760,0.0,0.0,0.0
2018-11-14,12.96500015258789,12.96500015258789,12.895000457763672,12.897500038146973,10.602864265441895,290239,0.0,0.0,0.0
2018-11-15,12.882499694824219,12.949999809265137,12.8149995803833,12.914999961853027,10.686853408813477,208200,0.084,0.0,0.0
2018-11-16,12.899999618530273,12.925000190734863,12.869999885559082,12.895000457763672,10.670306205749512,179788,0.0,0.0,0.0
2018-11-19,12.914999961853027,12.925000190734863,12.882499694824219,12.925000190734863,10.695127487182617,101296,0.0,0.0,0.0
2018-11-20,12.930000305175781,12.930000305175781,12.880000114440918,12.890000343322754,10.666166305541992,380099,0.0,0.0,0.0
2018-11-21,12.864999771118164,12.912500381469727,12.864999771118164,12.912500381469727,10.684784889221191,277099,0.0,0.0,0.0
2018-11-22,12.864999771118164,12.932499885559082,12.854999542236328,12.885000228881836,10.662030220031738,320895,0.0,0.0,0.0
2018-11-23,12.854999542236328,12.9350004196167,12.854999542236328,12.899999618530273,10.6744384765625,321217,0.0,0.0,0.0
2018-11-26,12.899999618530273,12.914999961853027,12.864999771118164,12.869999885559082,10.649616241455078,146169,0.0,0.0,0.0
2018-11-27,12.960000038146973,12.960000038146973,12.850000381469727,12.850000381469727,10.633068084716797,444167,0.0,0.0,0.0
2018-11-28,12.890000343322754,12.890000343322754,12.829999923706055,12.829999923706055,10.6165189743042,523808,0.0,0.0,0.0
2018-11-29,12.885000228881836,12.895000457763672,12.854999542236328,12.854999542236328,10.63720417022705,246938,0.0,0.0,0.0
2018-11-30,12.8725004196167,12.8725004196167,12.819999694824219,12.802499771118164,10.59376335144043,625849,0.0,0.0,0.0
2018-12-03,12.8149995803833,12.897500038146973,12.78499984741211,12.897500038146973,10.672371864318848,338923,0.0,0.0,0.0
2018-12-04,12.930000305175781,12.989999771118164,12.912500381469727,12.989999771118164,10.748913764953613,385975,0.0,0.0,0.0
2018-12-05,12.989999771118164,13.039999961853027,12.925000190734863,12.982500076293945,10.742708206176758,327413,0.0,0.0,0.0
2018-12-06,12.984999656677246,13.154999732971191,12.984999656677246,13.0649995803833,10.81097412109375,328139,0.0,0.0,0.0
2018-12-07,13.079999923706055,13.104999542236328,13.055000305175781,13.104999542236328,10.844074249267578,302345,0.0,0.0,0.0
2018-12-10,13.104999542236328,13.332500457763672,13.09000015258789,13.28499984741211,10.993019104003906,391092,0.0,0.0,0.0
2018-12-11,13.329999923706055,13.329999923706055,13.175000190734863,13.22249984741211,10.941301345825195,331601,0.0,0.0,0.0
2018-12-12,13.172499656677246,13.270000457763672,13.092499732971191,13.114999771118164,10.852347373962402,520686,0.0,0.0,0.0
2018-12-13,13.052499771118164,13.175000190734863,13.045000076293945,13.074999809265137,10.819249153137207,588909,0.0,0.0,0.0
2018-12-14,13.055000305175781,13.132499694824219,13.055000305175781,13.132499694824219,10.866829872131348,172622,0.0,0.0,0.0
2018-12-17,13.132499694824219,13.132499694824219,13.069999694824219,13.130000114440918,10.864761352539062,351099,0.0,0.0,0.0
2018-12-18,13.140000343322754,13.194999694824219,13.09000015258789,13.119999885559082,10.856486320495605,724129,0.0,0.0,0.0
2018-12-19,13.079999923706055,13.15999984741211,13.079999923706055,13.117500305175781,10.85441780090332,321664,0.0,0.0,0.0
2018-12-20,13.130000114440918,13.172499656677246,13.109999656677246,13.135000228881836,10.868898391723633,151056,0.0,0.0,0.0
2018-12-21,13.0649995803833,13.112500190734863,13.047499656677246,13.05875015258789,10.805802345275879,243122,0.0,0.0,0.0
2018-12-24,13.109999656677246,13.1899995803833,13.052499771118164,13.1899995803833,10.914409637451172,67383,0.0,0.0,0.0
2018-12-27,13.0649995803833,13.175000190734863,13.0649995803833,13.072500228881836,10.817180633544922,40207,0.0,0.0,0.0
2018-12-28,13.085000038146973,13.140000343322754,13.085000038146973,13.125,10.860624313354492,255693,0.0,0.0,0.0
2018-12-31,13.050000190734863,13.095000267028809,13.050000190734863,13.095000267028809,10.835799217224121,39723,0.0,0.0,0.0
2019-01-02,13.069999694824219,13.204999923706055,13.069999694824219,13.15999984741211,10.889585494995117,453058,0.0,0.0,0.0
2019-01-03,13.1899995803833,13.225000381469727,13.130000114440918,13.225000381469727,10.94337272644043,152842,0.0,0.0,0.0
2019-01-04,13.167499542236328,13.177499771118164,13.104999542236328,13.114999771118164,10.852347373962402,99225,0.0,0.0,0.0
2019-01-07,13.125,13.172499656677246,13.119999885559082,13.157500267028809,10.887516975402832,150045,0.0,0.0,0.0
2019-01-08,13.119999885559082,13.21500015258789,13.109999656677246,13.21500015258789,10.935096740722656,552314,0.0,0.0,0.0
2019-01-09,13.135000228881836,13.1850004196167,13.09000015258789,13.180000305175781,10.906135559082031,358692,0.0,0.0,0.0
2019-01-10,13.244999885559082,13.244999885559082,13.109999656677246,13.15999984741211,10.889585494995117,356055,0.0,0.0,0.0
2019-01-11,13.119999885559082,13.164999961853027,13.085000038146973,13.095000267028809,10.835799217224121,344835,0.0,0.0,0.0
2019-01-14,13.074999809265137,13.145000457763672,13.074999809265137,13.09000015258789,10.83166217803955,312787,0.0,0.0,0.0
2019-01-15,13.112500190734863,13.170000076293945,13.112500190734863,13.170000076293945,10.897862434387207,150076,0.0,0.0,0.0
2019-01-16,13.175000190734863,13.175000190734863,13.03499984741211,13.117500305175781,10.85441780090332,384116,0.0,0.0,0.0
2019-01-17,13.164999961853027,13.164999961853027,13.055000305175781,13.069999694824219,10.815112113952637,352584,0.0,0.0,0.0
2019-01-18,12.984999656677246,13.069999694824219,12.984999656677246,13.047499656677246,10.796493530273438,276501,0.0,0.0,0.0
2019-01-21,13.024999618530273,13.102499961853027,13.024999618530273,13.0625,10.808907508850098,277769,0.0,0.0,0.0
2019-01-22,13.042499542236328,13.109999656677246,13.042499542236328,13.074999809265137,10.819249153137207,167568,0.0,0.0,0.0
2019-01-23,13.050000190734863,13.125,13.045000076293945,13.125,10.860624313354492,127189,0.0,0.0,0.0
2019-01-24,13.154999732971191,13.182499885559082,13.104999542236328,13.170000076293945,10.897862434387207,233306,0.0,0.0,0.0
2019-01-25,13.114999771118164,13.197500228881836,13.114999771118164,13.125,10.860624313354492,221316,0.0,0.0,0.0
2019-01-28,13.119999885559082,13.182499885559082,13.109999656677246,13.19124984741211,10.915444374084473,156560,0.0,0.0,0.0
2019-01-29,13.182499885559082,13.210000038146973,13.180000305175781,13.1850004196167,10.910272598266602,343871,0.0,0.0,0.0
2019-01-30,13.194999694824219,13.227499961853027,13.180000305175781,13.220000267028809,10.93923282623291,155310,0.0,0.0,0.0
2019-01-31,13.204999923706055,13.262499809265137,13.204999923706055,13.225000381469727,10.94337272644043,201400,0.0,0.0,0.0
2019-02-01,13.265000343322754,13.265000343322754,13.1899995803833,13.207500457763672,10.928890228271484,153331,0.0,0.0,0.0
2019-02-04,13.140000343322754,13.220000267028809,13.140000343322754,13.149999618530273,10.881308555603027,128407,0.0,0.0,0.0
2019-02-05,13.162500381469727,13.234999656677246,13.149999618530273,13.237500190734863,10.953716278076172,153623,0.0,0.0,0.0
2019-02-06,13.28499984741211,13.28499984741211,13.22249984741211,13.241250038146973,10.956818580627441,174396,0.0,0.0,0.0
2019-02-07,13.220000267028809,13.297499656677246,13.220000267028809,13.292499542236328,10.999226570129395,214388,0.0,0.0,0.0
2019-02-08,13.34000015258789,13.34000015258789,13.289999961853027,13.34000015258789,11.038530349731445,196561,0.0,0.0,0.0
2019-02-11,13.3100004196167,13.317500114440918,13.279999732971191,13.3100004196167,11.01370620727539,123231,0.0,0.0,0.0
2019-02-12,13.28499984741211,13.300000190734863,13.274999618530273,13.300000190734863,11.005433082580566,158353,0.0,0.0,0.0
2019-02-13,13.234999656677246,13.324999809265137,13.234999656677246,13.324999809265137,11.026118278503418,184495,0.0,0.0,0.0
2019-02-14,13.34000015258789,13.359999656677246,13.295000076293945,13.337499618530273,11.036460876464844,127485,0.0,0.0,0.0
2019-02-15,13.3125,13.322500228881836,13.289999961853027,13.307499885559082,11.011638641357422,148391,0.0,0.0,0.0
2019-02-18,13.307499885559082,13.329999923706055,13.289999961853027,13.302499771118164,11.007500648498535,125226,0.0,0.0,0.0
2019-02-19,13.350000381469727,13.350000381469727,13.282500267028809,13.295000076293945,11.00129222869873,338664,0.0,0.0,0.0
2019-02-20,13.270000457763672,13.305000305175781,13.260000228881836,13.270000457763672,10.980607986450195,246117,0.0,0.0,0.0
2019-02-21,13.220000267028809,13.282500267028809,13.204999923706055,13.270000457763672,10.980607986450195,189091,0.0,0.0,0.0
2019-02-22,13.289999961853027,13.327500343322754,13.28499984741211,13.305000305175781,11.009571075439453,352877,0.0,0.0,0.0
2019-02-25,13.28499984741211,13.300000190734863,13.260000228881836,13.279999732971191,10.988883972167969,228755,0.0,0.0,0.0
2019-02-26,13.265000343322754,13.265000343322754,13.21500015258789,13.21500015258789,10.935096740722656,187831,0.0,0.0,0.0
2019-02-27,13.15999984741211,13.225000381469727,13.104999542236328,13.119999885559082,10.856486320495605,226165,0.0,0.0,0.0
2019-02-28,13.104999542236328,13.175000190734863,13.095000267028809,13.109999656677246,10.848212242126465,204964,0.0,0.0,0.0
2019-03-01,13.0649995803833,13.137499809265137,13.0649995803833,13.130000114440918,10.864761352539062,277108,0.0,0.0,0.0
2019-03-04,13.119999885559082,13.1875,13.114999771118164,13.1875,10.912342071533203,154795,0.0,0.0,0.0
2019-03-05,13.1899995803833,13.199999809265137,13.149999618530273,13.1899995803833,10.914409637451172,166610,0.0,0.0,0.0
2019-03-06,13.244999885559082,13.270000457763672,13.192500114440918,13.270000457763672,10.980607986450195,224812,0.0,0.0,0.0
2019-03-07,13.25,13.350000381469727,13.204999923706055,13.350000381469727,11.04680347442627,316925,0.0,0.0,0.0
2019-03-08,13.380000114440918,13.380000114440918,13.260000228881836,13.260000228881836,10.972333908081055,141753,0.0,0.0,0.0
2019-03-11,13.292499542236328,13.3125,13.287500381469727,13.300000190734863,11.005433082580566,146133,0.0,0.0,0.0
2019-03-12,13.255000114440918,13.302499771118164,13.21500015258789,13.295000076293945,11.00129222869873,142390,0.0,0.0,0.0
2019-03-13,13.289999961853027,13.289999961853027,13.229999542236328,13.25,10.964058876037598,212549,0.0,0.0,0.0
2019-03-14,13.1899995803833,13.239999771118164,13.1899995803833,13.220000267028809,10.93923282623291,165071,0.0,0.0,0.0
2019-03-15,13.194999694824219,13.270000457763672,13.194999694824219,13.260000228881836,10.972333908081055,266377,0.0,0.0,0.0
2019-03-18,13.265000343322754,13.297499656677246,13.2475004196167,13.279999732971191,10.988883972167969,127363,0.0,0.0,0.0
2019-03-19,13.302499771118164,13.3125,13.25,13.3125,11.015775680541992,244223,0.0,0.0,0.0
2019-03-20,13.3125,13.397500038146973,13.3125,13.380000114440918,11.071630477905273,363354,0.0,0.0,0.0
2019-03-21,13.444999694824219,13.522500038146973,13.444999694824219,13.522500038146973,11.189547538757324,308439,0.0,0.0,0.0
2019-03-22,13.510000228881836,13.619999885559082,13.4975004196167,13.619999885559082,11.270224571228027,301922,0.0,0.0,0.0
2019-03-25,13.612500190734863,13.625,13.552499771118164,13.619999885559082,11.270224571228027,294998,0.0,0.0,0.0
2019-03-26,13.595000267028809,13.617500305175781,13.522500038146973,13.522500038146973,11.189547538757324,482774,0.0,0.0,0.0
2019-03-27,13.59749984741211,13.59749984741211,13.547499656677246,13.550000190734863,11.212302207946777,212242,0.0,0.0,0.0
2019-03-28,13.582500457763672,13.614999771118164,13.524999618530273,13.532500267028809,11.197820663452148,378245,0.0,0.0,0.0
2019-03-29,13.612500190734863,13.612500190734863,13.5024995803833,13.52750015258789,11.193681716918945,168097,0.0,0.0,0.0
2019-04-01,13.482500076293945,13.537500381469727,13.482500076293945,13.492500305175781,11.164719581604004,196518,0.0,0.0,0.0
2019-04-02,13.452500343322754,13.5600004196167,13.452500343322754,13.550000190734863,11.212302207946777,213029,0.0,0.0,0.0
2019-04-03,13.4399995803833,13.470000267028809,13.395000457763672,13.4375,11.119211196899414,209933,0.0,0.0,0.0
2019-04-04,13.40999984741211,13.442500114440918,13.40999984741211,13.412500381469727,11.098523139953613,199622,0.0,0.0,0.0
2019-04-05,13.417499542236328,13.417499542236328,13.342499732971191,13.385000228881836,11.075767517089844,310493,0.0,0.0,0.0
2019-04-08,13.369999885559082,13.397500038146973,13.369999885559082,13.380000114440918,11.071630477905273,135855,0.0,0.0,0.0
2019-04-09,13.399999618530273,13.417499542236328,13.369999885559082,13.399999618530273,11.088178634643555,257352,0.0,0.0,0.0
2019-04-10,13.4399995803833,13.4399995803833,13.375,13.4350004196167,11.117140769958496,257728,0.0,0.0,0.0
2019-04-11,13.40999984741211,13.454999923706055,13.345000267028809,13.345000267028809,11.042670249938965,159713,0.0,0.0,0.0
2019-04-12,13.397500038146973,13.397500038146973,13.267499923706055,13.279999732971191,10.988883972167969,175949,0.0,0.0,0.0
2019-04-15,13.255000114440918,13.279999732971191,13.237500190734863,13.279999732971191,10.988883972167969,532761,0.0,0.0,0.0
2019-04-16,13.279999732971191,13.289999961853027,13.25,13.274999618530273,10.98474407196045,191419,0.0,0.0,0.0
2019-04-17,13.242500305175781,13.260000228881836,13.239999771118164,13.260000228881836,10.972333908081055,217512,0.0,0.0,0.0
2019-04-18,13.207500457763672,13.300000190734863,13.207500457763672,13.295000076293945,11.00129222869873,186519,0.0,0.0,0.0
2019-04-23,13.239999771118164,13.295000076293945,13.239999771118164,13.2475004196167,10.961989402770996,254678,0.0,0.0,0.0
2019-04-24,13.25,13.3149995803833,13.25,13.3149995803833,11.017843246459961,415013,0.0,0.0,0.0
2019-04-25,13.3149995803833,13.345000267028809,13.3149995803833,13.335000038146973,11.034395217895508,118760,0.0,0.0,0.0
2019-04-26,13.354999542236328,13.364999771118164,13.335000038146973,13.364999771118164,11.05921745300293,206122,0.0,0.0,0.0
2019-04-29,13.350000381469727,13.350000381469727,13.319999694824219,13.34000015258789,11.038530349731445,134513,0.0,0.0,0.0
2019-04-30,13.3100004196167,13.34749984741211,13.282500267028809,13.3100004196167,11.01370620727539,153794,0.0,0.0,0.0
2019-05-01,13.3149995803833,13.350000381469727,13.3149995803833,13.359999656677246,11.05508041381836,73345,0.0,0.0,0.0
2019-05-02,13.3774995803833,13.3774995803833,13.265000343322754,13.265000343322754,10.976470947265625,528412,0.0,0.0,0.0
2019-05-03,13.25,13.319999694824219,13.25,13.25,10.964058876037598,190239,0.0,0.0,0.0
2019-05-07,13.2475004196167,13.34000015258789,13.2475004196167,13.335000038146973,11.034395217895508,125369,0.0,0.0,0.0
2019-05-08,13.295000076293945,13.414999961853027,13.295000076293945,13.404999732971191,11.092315673828125,360493,0.0,0.0,0.0
2019-05-09,13.380000114440918,13.399999618530273,13.375,13.375,11.067493438720703,100846,0.0,0.0,0.0
2019-05-10,13.397500038146973,13.397500038146973,13.359999656677246,13.380000114440918,11.071630477905273,121766,0.0,0.0,0.0
2019-05-13,13.367500305175781,13.40999984741211,13.367500305175781,13.397500038146973,11.086112022399902,153733,0.0,0.0,0.0
2019-05-14,13.375,13.425000190734863,13.375,13.399999618530273,11.088178634643555,115982,0.0,0.0,0.0
2019-05-15,13.457500457763672,13.505000114440918,13.447500228881836,13.460000038146973,11.137828826904297,205444,0.0,0.0,0.0
2019-05-16,13.430000305175781,13.430000305175781,13.367500305175781,13.369999885559082,11.131916999816895,137666,0.0829,0.0,0.0
2019-05-17,13.367500305175781,13.4350004196167,13.367500305175781,13.399999618530273,11.156893730163574,161567,0.0,0.0,0.0
2019-05-20,13.399999618530273,13.399999618530273,13.369999885559082,13.3725004196167,11.133999824523926,129975,0.0,0.0,0.0
2019-05-21,13.350000381469727,13.395000457763672,13.319999694824219,13.354999542236328,11.119427680969238,113901,0.0,0.0,0.0
2019-05-22,13.34000015258789,13.444999694824219,13.34000015258789,13.4399995803833,11.19019889831543,294804,0.0,0.0,0.0
2019-05-23,13.4399995803833,13.520000457763672,13.4399995803833,13.510000228881836,11.248479843139648,301634,0.0,0.0,0.0
2019-05-24,13.475000381469727,13.52750015258789,13.475000381469727,13.524999618530273,11.260971069335938,165366,0.0,0.0,0.0
2019-05-28,13.585000038146973,13.587499618530273,13.539999961853027,13.539999961853027,11.273459434509277,310715,0.0,0.0,0.0
2019-05-29,13.555000305175781,13.569999694824219,13.550000190734863,13.5649995803833,11.29427433013916,348735,0.0,0.0,0.0
2019-05-30,13.522500038146973,13.577500343322754,13.522500038146973,13.569999694824219,11.298437118530273,90953,0.0,0.0,0.0
2019-05-31,13.640000343322754,13.640000343322754,13.59000015258789,13.592499732971191,11.317171096801758,211506,0.0,0.0,0.0
2019-06-03,13.59000015258789,13.649999618530273,13.59000015258789,13.640000343322754,11.356719017028809,122230,0.0,0.0,0.0
2019-06-04,13.6274995803833,13.649999618530273,13.59000015258789,13.595000267028809,11.319253921508789,406571,0.0,0.0,0.0
2019-06-05,13.607500076293945,13.649999618530273,13.59749984741211,13.640000343322754,11.356719017028809,157807,0.0,0.0,0.0
2019-06-06,13.675000190734863,13.704999923706055,13.649999618530273,13.704999923706055,11.41083812713623,80166,0.0,0.0,0.0
2019-06-07,13.697500228881836,13.744999885559082,13.664999961853027,13.744999885559082,11.44414234161377,118426,0.0,0.0,0.0
2019-06-10,13.654999732971191,13.704999923706055,13.654999732971191,13.704999923706055,11.41083812713623,93147,0.0,0.0,0.0
2019-06-11,13.675000190734863,13.692500114440918,13.645000457763672,13.664999961853027,11.377535820007324,192469,0.0,0.0,0.0
2019-06-12,13.699999809265137,13.699999809265137,13.595000267028809,13.595000267028809,11.319253921508789,174909,0.0,0.0,0.0
2019-06-13,13.5625,13.694999694824219,13.5625,13.670000076293945,11.381696701049805,256064,0.0,0.0,0.0
2019-06-14,13.699999809265137,13.699999809265137,13.662500381469727,13.670000076293945,11.381696701049805,121299,0.0,0.0,0.0
2019-06-17,13.677499771118164,13.677499771118164,13.645000457763672,13.651249885559082,11.366084098815918,105270,0.0,0.0,0.0
2019-06-18,13.704999923706055,13.71500015258789,13.677499771118164,13.704999923706055,11.41083812713623,146285,0.0,0.0,0.0
2019-06-19,13.664999961853027,13.664999961853027,13.630000114440918,13.645000457763672,11.360882759094238,177634,0.0,0.0,0.0
2019-06-20,13.6899995803833,13.72249984741211,13.6850004196167,13.710000038146973,11.41500186920166,206767,0.0,0.0,0.0
2019-06-21,13.710000038146973,13.710000038146973,13.649999618530273,13.667499542236328,11.379617691040039,99044,0.0,0.0,0.0
2019-06-24,13.619999885559082,13.71500015258789,13.619999885559082,13.694999694824219,11.402511596679688,149165,0.0,0.0,0.0
2019-06-25,13.71500015258789,13.734999656677246,13.6850004196167,13.720000267028809,11.423328399658203,421279,0.0,0.0,0.0
2019-06-26,13.75,13.75,13.642499923706055,13.642499923706055,11.358800888061523,240126,0.0,0.0,0.0
2019-06-27,13.595000267028809,13.645000457763672,13.595000267028809,13.640000343322754,11.356719017028809,159964,0.0,0.0,0.0
2019-06-28,13.670000076293945,13.670000076293945,13.612500190734863,13.635000228881836,11.352557182312012,179022,0.0,0.0,0.0
2019-07-01,13.635000228881836,13.699999809265137,13.635000228881836,13.6850004196167,11.394186973571777,129060,0.0,0.0,0.0
2019-07-02,13.71500015258789,13.800000190734863,13.71500015258789,13.75,11.4483060836792,307023,0.0,0.0,0.0
2019-07-03,13.850000381469727,13.899999618530273,13.850000381469727,13.864999771118164,11.544054985046387,227564,0.0,0.0,0.0
2019-07-04,13.90999984741211,13.914999961853027,13.859999656677246,13.890000343322754,11.564872741699219,131053,0.0,0.0,0.0
2019-07-05,13.90999984741211,13.90999984741211,13.774999618530273,13.774999618530273,11.46911907196045,265964,0.0,0.0,0.0
2019-07-08,13.779999732971191,13.84749984741211,13.779999732971191,13.819999694824219,11.50658893585205,284649,0.0,0.0,0.0
2019-07-09,13.880000114440918,13.880000114440918,13.78499984741211,13.8100004196167,11.498263359069824,325331,0.0,0.0,0.0
2019-07-10,13.737500190734863,13.779999732971191,13.725000381469727,13.770000457763672,11.464959144592285,260330,0.0,0.0,0.0
2019-07-11,13.734999656677246,13.744999885559082,13.649999618530273,13.675000190734863,11.38586139678955,193701,0.0,0.0,0.0
2019-07-12,13.614999771118164,13.694999694824219,13.614999771118164,13.670000076293945,11.381696701049805,163392,0.0,0.0,0.0
2019-07-15,13.710000038146973,13.75,13.699999809265137,13.744999885559082,11.44414234161377,121429,0.0,0.0,0.0
2019-07-16,13.75,13.760000228881836,13.694999694824219,13.71500015258789,11.41916561126709,731963,0.0,0.0,0.0
2019-07-17,13.649999618530273,13.774999618530273,13.649999618530273,13.770000457763672,11.464959144592285,181959,0.0,0.0,0.0
2019-07-18,13.789999961853027,13.797499656677246,13.765000343322754,13.765000343322754,11.460796356201172,108315,0.0,0.0,0.0
2019-07-19,13.792499542236328,13.8149995803833,13.782500267028809,13.8149995803833,11.502425193786621,165510,0.0,0.0,0.0
2019-07-22,13.795000076293945,13.854999542236328,13.795000076293945,13.850000381469727,11.53156566619873,191803,0.0,0.0,0.0
2019-07-23,13.875,13.899999618530273,13.8725004196167,13.885000228881836,11.560708045959473,98962,0.0,0.0,0.0
2019-07-24,13.885000228881836,13.920000076293945,13.864999771118164,13.880000114440918,11.556546211242676,134964,0.0,0.0,0.0
2019-07-25,13.880000114440918,13.917499542236328,13.8149995803833,13.8149995803833,11.502425193786621,259694,0.0,0.0,0.0
2019-07-26,13.824999809265137,13.850000381469727,13.824999809265137,13.850000381469727,11.53156566619873,171483,0.0,0.0,0.0
2019-07-29,13.890000343322754,13.897500038146973,13.84749984741211,13.875,11.552382469177246,74214,0.0,0.0,0.0
2019-07-30,13.947500228881836,13.947500228881836,13.829999923706055,13.829999923706055,11.514914512634277,140210,0.0,0.0,0.0
2019-07-31,13.829999923706055,13.922499656677246,13.8100004196167,13.922499656677246,11.591928482055664,91109,0.0,0.0,0.0
2019-08-01,13.952500343322754,13.98900032043457,13.880000114440918,13.960000038146973,11.623154640197754,101381,0.0,0.0,0.0
2019-08-02,14.029999732971191,14.0625,13.991499900817871,14.005000114440918,11.66062068939209,218574,0.0,0.0,0.0
2019-08-05,14.119999885559082,14.1225004196167,14.080100059509277,14.095000267028809,11.735556602478027,149136,0.0,0.0,0.0
2019-08-06,14.149999618530273,14.149999618530273,14.071000099182129,14.104999542236328,11.743881225585938,879252,0.0,0.0,0.0
2019-08-07,14.045000076293945,14.278499603271484,14.045000076293945,14.204999923706055,11.827140808105469,262217,0.0,0.0,0.0
2019-08-08,14.100000381469727,14.15779972076416,14.089500427246094,14.107500076293945,11.74596118927002,235483,0.0,0.0,0.0
2019-08-09,14.162500381469727,14.192500114440918,14.137499809265137,14.164999961853027,11.793837547302246,193643,0.0,0.0,0.0
2019-08-12,14.104999542236328,14.157500267028809,14.104999542236328,14.140000343322754,11.77302360534668,368215,0.0,0.0,0.0
2019-08-13,14.125,14.202500343322754,14.125,14.175000190734863,11.802163124084473,286552,0.0,0.0,0.0
2019-08-14,14.175000190734863,14.2993803024292,14.175000190734863,14.28499984741211,11.893750190734863,446862,0.0,0.0,0.0
2019-08-15,14.229999542236328,14.453499794006348,14.229999542236328,14.4375,12.020723342895508,207052,0.0,0.0,0.0
2019-08-16,14.399999618530273,14.522500038146973,14.3149995803833,14.329999923706055,11.9312162399292,279364,0.0,0.0,0.0
2019-08-19,14.404999732971191,14.404999732971191,14.217399597167969,14.287500381469727,11.895831108093262,251247,0.0,0.0,0.0
2019-08-20,14.300000190734863,14.402799606323242,14.253299713134766,14.324999809265137,11.927054405212402,302252,0.0,0.0,0.0
2019-08-21,14.380000114440918,14.380000114440918,14.305000305175781,14.335000038146973,11.935379981994629,243802,0.0,0.0,0.0
2019-08-22,14.407500267028809,14.407500267028809,14.229999542236328,14.229999542236328,11.847954750061035,125155,0.0,0.0,0.0
2019-08-23,14.260000228881836,14.260000228881836,14.135210037231445,14.239999771118164,11.856280326843262,236983,0.0,0.0,0.0
2019-08-27,14.319999694824219,14.34749984741211,14.220000267028809,14.329999923706055,11.9312162399292,196753,0.0,0.0,0.0
2019-08-28,14.324999809265137,14.449999809265137,14.324999809265137,14.425000190734863,12.01031494140625,202660,0.0,0.0,0.0
2019-08-29,14.420000076293945,14.630900382995605,14.405599594116211,14.444999694824219,12.02696704864502,61444,0.0,0.0,0.0
2019-08-30,14.420000076293945,14.470000267028809,14.369999885559082,14.404999732971191,11.993660926818848,159177,0.0,0.0,0.0
2019-09-02,14.449999809265137,14.511500358581543,14.397500038146973,14.513750076293945,12.084208488464355,141667,0.0,0.0,0.0
2019-09-03,14.494999885559082,14.654999732971191,14.494999885559082,14.586250305175781,12.144571304321289,291858,0.0,0.0,0.0
2019-09-04,14.582500457763672,14.582500457763672,14.385000228881836,14.414999961853027,12.001988410949707,423353,0.0,0.0,0.0
2019-09-05,14.399999618530273,14.428899765014648,14.109999656677246,14.15999984741211,11.7896728515625,378308,0.0,0.0,0.0
2019-09-06,14.149999618530273,14.40250015258789,14.149999618530273,14.359999656677246,11.956194877624512,326425,0.0,0.0,0.0
2019-09-09,14.390000343322754,14.390000343322754,14.210000038146973,14.239999771118164,11.856280326843262,187565,0.0,0.0,0.0
2019-09-10,14.3100004196167,14.3100004196167,14.173500061035156,14.180000305175781,11.806326866149902,99548,0.0,0.0,0.0
2019-09-11,14.199999809265137,14.201000213623047,14.1048002243042,14.194999694824219,11.818814277648926,127844,0.0,0.0,0.0
2019-09-12,14.1899995803833,14.318599700927734,14.170000076293945,14.180000305175781,11.806326866149902,150940,0.0,0.0,0.0
2019-09-13,14.1274995803833,14.161299705505371,13.990699768066406,14.022500038146973,11.675190925598145,355048,0.0,0.0,0.0
2019-09-16,13.989999771118164,14.148099899291992,13.953410148620605,14.132499694824219,11.766777038574219,109275,0.0,0.0,0.0
2019-09-17,14.194999694824219,14.234399795532227,14.126999855041504,14.135000228881836,11.76885986328125,981576,0.0,0.0,0.0
2019-09-18,14.199999809265137,14.274999618530273,14.154500007629395,14.274999618530273,11.885422706604004,189475,0.0,0.0,0.0
2019-09-19,14.220000267028809,14.316100120544434,14.204999923706055,14.260000228881836,11.872934341430664,143461,0.0,0.0,0.0
2019-09-20,14.274999618530273,14.308500289916992,14.232500076293945,14.289999961853027,11.897912979125977,180144,0.0,0.0,0.0
2019-09-23,14.367500305175781,14.444999694824219,14.274200439453125,14.444999694824219,12.02696704864502,214869,0.0,0.0,0.0
2019-09-24,14.364999771118164,14.465100288391113,14.364999771118164,14.449999809265137,12.0311279296875,70366,0.0,0.0,0.0
2019-09-25,14.390000343322754,14.515199661254883,14.38910961151123,14.462499618530273,12.041537284851074,278888,0.0,0.0,0.0
2019-09-26,14.399999618530273,14.480199813842773,14.398699760437012,14.457500457763672,12.037374496459961,115936,0.0,0.0,0.0
2019-09-27,14.537500381469727,14.555000305175781,14.45110034942627,14.461250305175781,12.040493965148926,111114,0.0,0.0,0.0
2019-09-30,14.494999885559082,14.494999885559082,14.412500381469727,14.479999542236328,12.056108474731445,252730,0.0,0.0,0.0
2019-10-01,14.362500190734863,14.504400253295898,14.3100004196167,14.484999656677246,12.060269355773926,171221,0.0,0.0,0.0
2019-10-02,14.494999885559082,14.510000228881836,14.404999732971191,14.479999542236328,12.056108474731445,201469,0.0,0.0,0.0
2019-10-03,14.520000457763672,14.545000076293945,14.447500228881836,14.449999809265137,12.0311279296875,226736,0.0,0.0,0.0
2019-10-04,14.510000228881836,14.545000076293945,14.469599723815918,14.545000076293945,12.110227584838867,145922,0.0,0.0,0.0
2019-10-07,14.59000015258789,14.59000015258789,14.487500190734863,14.505000114440918,12.076922416687012,102705,0.0,0.0,0.0
2019-10-08,14.460000038146973,14.582500457763672,14.460000038146973,14.579999923706055,12.139368057250977,132360,0.0,0.0,0.0
2019-10-09,14.607500076293945,14.607500076293945,14.467499732971191,14.479999542236328,12.056108474731445,180830,0.0,0.0,0.0
2019-10-10,14.4399995803833,14.524999618530273,14.3100004196167,14.3100004196167,11.914565086364746,270082,0.0,0.0,0.0
2019-10-11,14.289999961853027,14.337499618530273,14.079299926757812,14.100000381469727,11.73971939086914,416307,0.0,0.0,0.0
2019-10-14,14.079999923706055,14.321800231933594,14.079999923706055,14.220000267028809,11.839631080627441,129882,0.0,0.0,0.0
2019-10-15,14.27750015258789,14.27750015258789,14.083800315856934,14.140000343322754,11.77302360534668,216756,0.0,0.0,0.0
2019-10-16,14.100000381469727,14.244999885559082,14.057829856872559,14.119999885559082,11.756368637084961,237299,0.0,0.0,0.0
2019-10-17,14.077500343322754,14.202170372009277,13.978599548339844,14.079999923706055,11.723065376281738,197541,0.0,0.0,0.0
2019-10-18,14.055000305175781,14.098999977111816,14.020000457763672,14.095000267028809,11.735556602478027,174599,0.0,0.0,0.0
2019-10-21,14.045000076293945,14.075400352478027,13.935700416564941,13.97249984741211,11.633561134338379,138307,0.0,0.0,0.0
2019-10-22,13.975000381469727,14.0649995803833,13.960000038146973,14.039999961853027,11.6897611618042,533162,0.0,0.0,0.0
2019-10-23,14.172499656677246,14.172499656677246,14.047730445861816,14.114999771118164,11.752206802368164,196422,0.0,0.0,0.0
2019-10-24,14.145000457763672,14.22089958190918,14.067500114440918,14.21875,11.838590621948242,111933,0.0,0.0,0.0
2019-10-25,14.210000038146973,14.29563045501709,14.13479995727539,14.162500381469727,11.791754722595215,367708,0.0,0.0,0.0
2019-10-28,14.15999984741211,14.295599937438965,14.012499809265137,14.029999732971191,11.681435585021973,175729,0.0,0.0,0.0
2019-10-29,14.100000381469727,14.100000381469727,13.994400024414062,14.010000228881836,11.66478443145752,412664,0.0,0.0,0.0
2019-10-30,14.055000305175781,14.09000015258789,13.94491958618164,14.09000015258789,11.731389045715332,175219,0.0,0.0,0.0
2019-10-31,14.1274995803833,14.206000328063965,14.125,14.194999694824219,11.818814277648926,238853,0.0,0.0,0.0
2019-11-01,14.125,14.239999771118164,14.11460018157959,14.145000457763672,11.77718448638916,274591,0.0,0.0,0.0
2019-11-04,14.079999923706055,14.142499923706055,14.02750015258789,14.02750015258789,11.679352760314941,108546,0.0,0.0,0.0
2019-11-05,14.020000457763672,14.039199829101562,13.9399995803833,13.9399995803833,11.606501579284668,866635,0.0,0.0,0.0
2019-11-06,13.9375,14.010199546813965,13.884510040283203,14.0,11.656457901000977,421640,0.0,0.0,0.0
2019-11-07,14.0024995803833,14.060290336608887,13.9399995803833,13.954999923706055,11.618989944458008,151188,0.0,0.0,0.0
2019-11-08,13.867500305175781,13.983400344848633,13.853599548339844,13.912500381469727,11.58360481262207,275687,0.0,0.0,0.0
2019-11-11,13.90999984741211,13.960700035095215,13.864100456237793,13.880000114440918,11.556546211242676,145287,0.0,0.0,0.0
2019-11-12,13.914999961853027,13.914999961853027,13.828900337219238,13.890000343322754,11.564872741699219,111727,0.0,0.0,0.0
2019-11-13,13.864999771118164,14.00730037689209,13.864999771118164,13.97249984741211,11.633561134338379,126674,0.0,0.0,0.0
2019-11-14,13.904999732971191,13.9399995803833,13.870260238647461,13.9399995803833,11.680819511413574,130550,0.0889,0.0,0.0
2019-11-15,13.960000038146973,13.960000038146973,13.88479995727539,13.899999618530273,11.64730453491211,152340,0.0,0.0,0.0
2019-11-18,13.807499885559082,13.912500381469727,13.807499885559082,13.880000114440918,11.630545616149902,107516,0.0,0.0,0.0
2019-11-19,13.859999656677246,13.895000457763672,13.819100379943848,13.869999885559082,11.622164726257324,109235,0.0,0.0,0.0
2019-11-20,13.944999694824219,13.964400291442871,13.880000114440918,13.880000114440918,11.630545616149902,228011,0.0,0.0,0.0
2019-11-21,13.850000381469727,13.904999732971191,13.800000190734863,13.826250076293945,11.585505485534668,824292,0.0,0.0,0.0
2019-11-22,13.850000381469727,13.934300422668457,13.770000457763672,13.907500267028809,11.653587341308594,160945,0.0,0.0,0.0
2019-11-25,13.882499694824219,13.929300308227539,13.869799613952637,13.925000190734863,11.668251037597656,125003,0.0,0.0,0.0
2019-11-26,13.954999923706055,14.029999732971191,13.918899536132812,14.029999732971191,11.756233215332031,253766,0.0,0.0,0.0
2019-11-27,13.989999771118164,14.056110382080078,13.952500343322754,13.960000038146973,11.697579383850098,232178,0.0,0.0,0.0
2019-11-28,13.992500305175781,14.003399848937988,13.970000267028809,13.981249809265137,11.715385437011719,222735,0.0,0.0,0.0
2019-11-29,14.020000457763672,14.02750015258789,13.934309959411621,13.954999923706055,11.693391799926758,161596,0.0,0.0,0.0
2019-12-02,13.930000305175781,13.966620445251465,13.875100135803223,13.944999694824219,11.685009002685547,182972,0.0,0.0,0.0
2019-12-03,13.90250015258789,14.020000457763672,13.849410057067871,14.010000228881836,11.739477157592773,919767,0.0,0.0,0.0
2019-12-04,14.012499809265137,14.0797700881958,13.880000114440918,13.899999618530273,11.64730453491211,501120,0.0,0.0,0.0
2019-12-05,13.854999542236328,13.88070011138916,13.826000213623047,13.854999542236328,11.609594345092773,555457,0.0,0.0,0.0
2019-12-06,13.800000190734863,13.909299850463867,13.799030303955078,13.887499809265137,11.636829376220703,195044,0.0,0.0,0.0
2019-12-09,13.819999694824219,13.926799774169922,13.819999694824219,13.899999618530273,11.64730453491211,216861,0.0,0.0,0.0
2019-12-10,13.869999885559082,13.930000305175781,13.82979965209961,13.84749984741211,11.603311538696289,151527,0.0,0.0,0.0
2019-12-11,13.875,13.897439956665039,13.852499961853027,13.869999885559082,11.622164726257324,129682,0.0,0.0,0.0
2019-12-12,13.8149995803833,13.917799949645996,13.770000457763672,13.78499984741211,11.55094051361084,205786,0.0,0.0,0.0
2019-12-13,13.682499885559082,13.885000228881836,13.682499885559082,13.869999885559082,11.622164726257324,226052,0.0,0.0,0.0
2019-12-16,13.8725004196167,13.944999694824219,13.804499626159668,13.8100004196167,11.571887969970703,137298,0.0,0.0,0.0
2019-12-17,13.897500038146973,13.909560203552246,13.820449829101562,13.869999885559082,11.622164726257324,280283,0.0,0.0,0.0
2019-12-18,13.90999984741211,13.920000076293945,13.845000267028809,13.859999656677246,11.613785743713379,164761,0.0,0.0,0.0
2019-12-19,13.904999732971191,13.904999732971191,13.8125,13.824999809265137,11.584458351135254,480144,0.0,0.0,0.0
2019-12-20,13.827500343322754,13.873499870300293,13.800999641418457,13.859999656677246,11.613785743713379,380338,0.0,0.0,0.0
2019-12-23,13.932499885559082,13.938300132751465,13.856100082397461,13.890000343322754,11.638923645019531,192257,0.0,0.0,0.0
2019-12-24,13.920000076293945,13.920000076293945,13.816900253295898,13.8725004196167,11.624259948730469,79098,0.0,0.0,0.0
2019-12-27,13.829999923706055,13.925000190734863,13.829999923706055,13.914999961853027,11.659873008728027,80079,0.0,0.0,0.0
2019-12-30,13.949999809265137,13.949999809265137,13.741620063781738,13.732500076293945,11.506948471069336,125672,0.0,0.0,0.0
2019-12-31,13.779999732971191,13.824999809265137,13.701199531555176,13.797499656677246,11.561413764953613,112963,0.0,0.0,0.0
2020-01-02,13.837499618530273,13.903499603271484,13.665909767150879,13.869999885559082,11.622164726257324,193513,0.0,0.0,0.0
2020-01-03,13.975000381469727,14.008500099182129,13.92140007019043,13.979999542236328,11.714336395263672,163453,0.0,0.0,0.0
2020-01-06,14.0,14.032059669494629,13.90250015258789,13.90250015258789,11.649397850036621,146113,0.0,0.0,0.0
2020-01-07,13.862500190734863,13.960200309753418,13.862500190734863,13.90999984741211,11.655681610107422,108039,0.0,0.0,0.0
2020-01-08,13.867500305175781,13.941360473632812,13.867500305175781,13.875,11.626355171203613,184104,0.0,0.0,0.0
2020-01-09,13.880000114440918,13.895000457763672,13.8100004196167,13.845000267028809,11.601218223571777,120185,0.0,0.0,0.0
2020-01-10,13.864999771118164,13.914999961853027,13.811189651489258,13.914999961853027,11.659873008728027,330028,0.0,0.0,0.0
2020-01-13,14.0,14.010000228881836,13.811200141906738,13.927499771118164,11.6703462600708,140976,0.0,0.0,0.0
2020-01-14,13.962499618530273,14.0,13.915599822998047,14.0,11.731097221374512,168620,0.0,0.0,0.0
2020-01-15,13.922499656677246,14.103500366210938,13.922499656677246,14.050000190734863,11.772993087768555,223287,0.0,0.0,0.0
2020-01-16,14.039999961853027,14.117500305175781,14.018899917602539,14.071249961853027,11.79079818725586,166023,0.0,0.0,0.0
2020-01-17,14.050000190734863,14.124600410461426,14.045000076293945,14.100000381469727,11.814891815185547,281866,0.0,0.0,0.0
2020-01-20,14.135000228881836,14.135000228881836,14.039999961853027,14.038749694824219,11.763566017150879,233790,0.0,0.0,0.0
2020-01-21,14.0,14.115400314331055,14.0,14.109999656677246,11.823269844055176,261131,0.0,0.0,0.0
2020-01-22,14.125,14.132499694824219,14.05508041381836,14.119999885559082,11.831650733947754,184168,0.0,0.0,0.0
2020-01-23,14.145000457763672,14.232500076293945,14.13290023803711,14.227499961853027,11.92172622680664,135654,0.0,0.0,0.0
2020-01-24,14.227499961853027,14.267149925231934,14.180899620056152,14.25,11.940580368041992,270827,0.0,0.0,0.0
2020-01-27,14.239999771118164,14.351670265197754,14.239999771118164,14.28499984741211,11.969908714294434,180526,0.0,0.0,0.0
2020-01-28,14.279999732971191,14.368900299072266,14.234999656677246,14.234999656677246,11.928009986877441,399897,0.0,0.0,0.0
2020-01-29,14.239999771118164,14.320549964904785,14.22566032409668,14.305000305175781,11.986666679382324,112706,0.0,0.0,0.0
2020-01-30,14.34000015258789,14.448690414428711,14.229999542236328,14.244999885559082,11.936389923095703,237222,0.0,0.0,0.0
2020-01-31,14.2524995803833,14.309300422668457,14.225000381469727,14.305000305175781,11.986666679382324,203685,0.0,0.0,0.0
2020-02-03,14.34749984741211,14.34749984741211,14.248100280761719,14.332500457763672,12.009712219238281,160326,0.0,0.0,0.0
2020-02-04,14.319999694824219,14.385000228881836,14.190930366516113,14.225000381469727,11.919632911682129,145413,0.0,0.0,0.0
2020-02-05,14.180000305175781,14.265399932861328,14.0600004196167,14.114999771118164,11.827459335327148,432646,0.0,0.0,0.0
2020-02-06,14.119999885559082,14.1875,14.10669994354248,14.170000076293945,11.873544692993164,85730,0.0,0.0,0.0
2020-02-07,14.25,14.252799987792969,14.186670303344727,14.1875,11.888209342956543,362372,0.0,0.0,0.0
2020-02-10,14.180000305175781,14.25,14.180000305175781,14.232500076293945,11.92591667175293,248798,0.0,0.0,0.0
2020-02-11,14.15250015258789,14.260000228881836,14.15250015258789,14.255000114440918,11.944769859313965,180823,0.0,0.0,0.0
2020-02-12,14.239999771118164,14.252799987792969,14.160840034484863,14.210000038146973,11.907063484191895,180547,0.0,0.0,0.0
2020-02-13,14.087499618530273,14.28499984741211,14.055000305175781,14.114999771118164,11.827459335327148,277206,0.0,0.0,0.0
2020-02-14,14.132499694824219,14.203100204467773,14.132499694824219,14.180000305175781,11.881926536560059,133129,0.0,0.0,0.0
2020-02-17,14.175000190734863,14.181900024414062,14.13284969329834,14.147500038146973,11.854691505432129,136513,0.0,0.0,0.0
2020-02-18,14.067500114440918,14.23855972290039,14.067500114440918,14.164999961853027,11.869355201721191,376231,0.0,0.0,0.0
2020-02-19,14.177499771118164,14.212499618530273,14.137260437011719,14.1875,11.888209342956543,195159,0.0,0.0,0.0
2020-02-20,14.260000228881836,14.270000457763672,14.210000038146973,14.270000457763672,11.957340240478516,153932,0.0,0.0,0.0
2020-02-21,14.225000381469727,14.346890449523926,14.225000381469727,14.319999694824219,11.999236106872559,140132,0.0,0.0,0.0
2020-02-24,14.417499542236328,14.483799934387207,14.359999656677246,14.364999771118164,12.036943435668945,165316,0.0,0.0,0.0
2020-02-25,14.385000228881836,14.4375,14.280400276184082,14.404999732971191,12.070462226867676,503970,0.0,0.0,0.0
2020-02-26,14.359999656677246,14.509900093078613,14.342499732971191,14.399999618530273,12.06627082824707,619254,0.0,0.0,0.0
2020-02-27,14.449999809265137,14.50879955291748,14.401439666748047,14.420000076293945,12.083028793334961,232965,0.0,0.0,0.0
2020-02-28,14.515000343322754,14.574999809265137,14.4399995803833,14.4399995803833,12.099787712097168,459333,0.0,0.0,0.0
2020-03-02,14.430000305175781,14.591899871826172,14.420999526977539,14.444999694824219,12.10397720336914,585969,0.0,0.0,0.0
2020-03-03,14.529999732971191,14.585000038146973,14.425000190734863,14.585000038146973,12.221288681030273,581195,0.0,0.0,0.0
2020-03-04,14.612500190734863,14.614399909973145,14.520000457763672,14.520000457763672,12.166823387145996,316507,0.0,0.0,0.0
2020-03-05,14.479999542236328,14.641850471496582,14.472000122070312,14.617500305175781,12.248523712158203,386626,0.0,0.0,0.0
2020-03-06,14.6225004196167,14.977499961853027,14.6225004196167,14.9399995803833,12.518756866455078,778624,0.0,0.0,0.0
2020-03-09,15.1899995803833,15.500699996948242,15.017889976501465,15.145000457763672,12.690533638000488,429817,0.0,0.0,0.0
2020-03-10,15.145000457763672,15.81116008758545,14.825300216674805,15.095000267028809,12.648635864257812,318793,0.0,0.0,0.0
2020-03-11,14.984999656677246,15.185660362243652,14.880000114440918,14.925000190734863,12.506187438964844,446091,0.0,0.0,0.0
2020-03-12,15.024999618530273,15.182100296020508,14.803500175476074,14.850000381469727,12.443344116210938,579732,0.0,0.0,0.0
2020-03-13,14.494999885559082,15.0,14.072500228881836,14.5600004196167,12.200339317321777,381306,0.0,0.0,0.0
2020-03-16,14.072500228881836,14.75,14.072500228881836,14.300000190734863,11.982476234436035,501871,0.0,0.0,0.0
2020-03-17,14.40250015258789,14.490500450134277,14.231399536132812,14.3149995803833,11.99504566192627,265712,0.0,0.0,0.0
2020-03-18,14.072500228881836,14.224710464477539,13.602499961853027,13.614999771118164,11.408493041992188,944560,0.0,0.0,0.0
2020-03-19,13.930000305175781,14.139200210571289,13.5,14.100000381469727,11.814891815185547,406838,0.0,0.0,0.0
2020-03-20,14.260000228881836,14.67959976196289,14.020000457763672,14.46500015258789,12.120736122131348,248143,0.0,0.0,0.0
2020-03-23,14.46500015258789,14.921899795532227,13.0,14.850000381469727,12.443344116210938,393232,0.0,0.0,0.0
2020-03-24,14.875,14.875,14.604999542236328,14.604999542236328,12.238046646118164,189488,0.0,0.0,0.0
2020-03-25,14.545000076293945,14.812800407409668,14.516400337219238,14.5649995803833,12.20452880859375,356034,0.0,0.0,0.0
2020-03-26,14.5649995803833,14.842499732971191,14.5649995803833,14.640000343322754,12.267374992370605,239047,0.0,0.0,0.0
2020-03-27,14.630000114440918,14.876700401306152,14.628000259399414,14.694999694824219,12.313461303710938,199646,0.0,0.0,0.0
2020-03-30,15.109999656677246,15.109999656677246,14.628000259399414,14.864999771118164,12.455910682678223,367585,0.0,0.0,0.0
2020-03-31,14.59749984741211,14.981399536132812,14.592499732971191,14.739999771118164,12.351168632507324,167437,0.0,0.0,0.0
2020-04-01,14.699999809265137,14.920999526977539,14.629599571228027,14.699999809265137,12.317651748657227,183742,0.0,0.0,0.0
2020-04-02,14.645000457763672,14.819000244140625,14.645000457763672,14.767499923706055,12.374212265014648,185939,0.0,0.0,0.0
2020-04-03,14.694999694824219,14.819000244140625,14.694999694824219,14.789999961853027,12.393065452575684,256387,0.0,0.0,0.0
2020-04-06,14.645000457763672,14.816499710083008,14.645000457763672,14.72249984741211,12.336504936218262,189374,0.0,0.0,0.0
2020-04-07,14.707500457763672,14.761300086975098,14.617500305175781,14.617500305175781,12.248523712158203,467647,0.0,0.0,0.0
2020-04-08,14.744999885559082,14.804499626159668,14.64050006866455,14.800000190734863,12.401445388793945,91826,0.0,0.0,0.0
2020-04-09,14.75,14.977499961853027,14.741999626159668,14.970000267028809,12.543891906738281,178146,0.0,0.0,0.0
2020-04-14,14.994999885559082,15.039299964904785,14.854999542236328,14.914999961853027,12.497807502746582,363781,0.0,0.0,0.0
2020-04-15,14.854999542236328,14.96500015258789,14.852999687194824,14.913749694824219,12.496759414672852,183714,0.0,0.0,0.0
2020-04-16,14.975000381469727,14.982000350952148,14.847999572753906,14.922499656677246,12.504090309143066,455170,0.0,0.0,0.0
2020-04-17,14.944999694824219,14.974100112915039,14.868260383605957,14.9399995803833,12.518756866455078,372156,0.0,0.0,0.0
2020-04-20,14.944999694824219,14.944999694824219,14.850099563598633,14.880000114440918,12.468480110168457,149681,0.0,0.0,0.0
2020-04-21,14.949999809265137,15.017900466918945,14.81980037689209,15.015000343322754,12.581602096557617,174339,0.0,0.0,0.0
2020-04-22,15.020000457763672,15.020000457763672,14.948030471801758,14.994999885559082,12.564842224121094,148332,0.0,0.0,0.0
2020-04-23,14.614999771118164,15.100879669189453,14.614999771118164,15.03499984741211,12.598358154296875,112879,0.0,0.0,0.0
2020-04-24,15.055000305175781,15.136799812316895,14.9891996383667,15.010000228881836,12.577410697937012,176939,0.0,0.0,0.0
2020-04-27,14.970000267028809,15.085700035095215,14.967499732971191,15.010000228881836,12.577410697937012,97035,0.0,0.0,0.0
2020-04-28,15.055000305175781,15.056400299072266,14.953900337219238,15.0,12.56903076171875,242561,0.0,0.0,0.0
2020-04-29,15.045000076293945,15.062600135803223,14.963500022888184,15.029999732971191,12.594169616699219,164927,0.0,0.0,0.0
2020-04-30,14.979999542236328,15.140000343322754,14.977499961853027,15.107500076293945,12.65910816192627,448944,0.0,0.0,0.0
2020-05-01,15.194999694824219,15.194999694824219,14.994999885559082,15.0649995803833,12.623498916625977,293673,0.0,0.0,0.0
2020-05-04,15.125,15.130000114440918,15.02258014678955,15.130000114440918,12.677962303161621,339541,0.0,0.0,0.0
2020-05-05,14.779999732971191,15.164999961853027,14.765000343322754,15.164999961853027,12.707290649414062,142292,0.0,0.0,0.0
2020-05-06,15.204999923706055,15.204999923706055,15.0649995803833,15.123749732971191,12.672727584838867,331628,0.0,0.0,0.0
2020-05-07,15.045000076293945,15.158599853515625,15.039999961853027,15.149999618530273,12.694721221923828,223800,0.0,0.0,0.0
2020-05-11,15.149999618530273,15.149999618530273,15.050000190734863,15.095000267028809,12.648635864257812,136916,0.0,0.0,0.0
2020-05-12,15.050000190734863,15.11616039276123,15.011199951171875,15.069999694824219,12.627685546875,136000,0.0,0.0,0.0
2020-05-13,15.164999961853027,15.164999961853027,15.04699993133545,15.109999656677246,12.661203384399414,261311,0.0,0.0,0.0
2020-05-14,15.149999618530273,15.149999618530273,14.984999656677246,14.987500190734863,12.623555183410645,104304,0.0778,0.0,0.0
2020-05-15,15.039999961853027,15.073200225830078,14.964360237121582,14.970000267028809,12.60881519317627,283961,0.0,0.0,0.0
2020-05-18,15.007499694824219,15.007499694824219,14.875,14.885000228881836,12.537223815917969,850513,0.0,0.0,0.0
2020-05-19,14.885000228881836,14.954999923706055,14.789999961853027,14.904999732971191,12.554067611694336,447854,0.0,0.0,0.0
2020-05-20,15.02750015258789,15.02750015258789,14.947500228881836,14.979999542236328,12.61723804473877,207674,0.0,0.0,0.0
2020-05-21,15.005000114440918,15.090200424194336,14.932299613952637,15.045000076293945,12.671985626220703,149531,0.0,0.0,0.0
2020-05-22,15.145000457763672,15.145000457763672,15.003100395202637,15.029999732971191,12.659351348876953,179010,0.0,0.0,0.0
2020-05-26,15.0,15.058300018310547,14.9306001663208,14.932499885559082,12.577230453491211,272354,0.0,0.0,0.0
2020-05-27,15.022500038146973,15.022500038146973,14.930000305175781,14.992500305175781,12.627767562866211,157172,0.0,0.0,0.0
2020-05-28,14.864999771118164,15.022500038146973,14.864999771118164,14.954999923706055,12.59618091583252,183324,0.0,0.0,0.0
2020-05-29,15.029999732971191,15.063699722290039,14.97819995880127,15.055000305175781,12.680408477783203,171696,0.0,0.0,0.0
2020-06-01,15.0,15.085000038146973,14.943849563598633,14.96500015258789,12.604602813720703,146721,0.0,0.0,0.0
2020-06-02,14.942500114440918,15.041099548339844,14.913849830627441,14.9399995803833,12.58354663848877,227129,0.0,0.0,0.0
2020-06-03,15.017499923706055,15.017499923706055,14.774999618530273,14.8149995803833,12.478262901306152,239554,0.0,0.0,0.0
2020-06-04,14.739999771118164,14.864999771118164,14.732500076293945,14.739999771118164,12.415090560913086,379914,0.0,0.0,0.0
2020-06-05,14.682499885559082,14.74724006652832,14.640000343322754,14.640000343322754,12.330864906311035,343009,0.0,0.0,0.0
2020-06-08,14.614999771118164,14.751620292663574,14.614999771118164,14.704999923706055,12.385612487792969,195209,0.0,0.0,0.0
2020-06-09,14.755000114440918,14.817500114440918,14.708270072937012,14.779999732971191,12.448782920837402,187710,0.0,0.0,0.0
2020-06-10,14.850000381469727,14.90999984741211,14.723099708557129,14.90999984741211,12.55827808380127,162549,0.0,0.0,0.0
2020-06-11,14.9399995803833,15.067239761352539,14.88700008392334,15.039999961853027,12.667773246765137,263027,0.0,0.0,0.0
2020-06-12,14.994999885559082,15.064499855041504,14.97029972076416,15.0,12.634082794189453,206928,0.0,0.0,0.0
2020-06-15,15.100000381469727,15.06719970703125,14.982500076293945,14.984999656677246,12.621450424194336,202649,0.0,0.0,0.0
2020-06-16,14.890000343322754,15.02145004272461,14.890000343322754,14.984999656677246,12.621450424194336,251239,0.0,0.0,0.0
2020-06-17,15.050000190734863,15.0600004196167,14.939200401306152,15.02750015258789,12.657246589660645,234980,0.0,0.0,0.0
2020-06-18,15.067500114440918,15.116800308227539,14.839900016784668,14.890000343322754,12.541434288024902,367927,0.0,0.0,0.0
2020-06-19,14.8100004196167,14.922499656677246,14.77750015258789,14.824999809265137,12.486684799194336,330596,0.0,0.0,0.0
2020-06-22,14.827500343322754,14.895000457763672,14.783100128173828,14.864999771118164,12.520376205444336,243220,0.0,0.0,0.0
2020-06-23,14.862500190734863,14.89169979095459,14.798100471496582,14.854999542236328,12.511955261230469,189007,0.0,0.0,0.0
2020-06-24,14.835000038146973,14.949999809265137,14.835000038146973,14.949999809265137,12.591968536376953,325098,0.0,0.0,0.0
2020-06-25,14.9975004196167,15.089300155639648,14.942500114440918,15.055000305175781,12.680408477783203,316676,0.0,0.0,0.0
2020-06-26,14.979999542236328,15.068699836730957,14.952400207519531,14.954999923706055,12.59618091583252,171379,0.0,0.0,0.0
2020-06-29,14.914999961853027,15.005399703979492,14.914999961853027,15.0,12.634082794189453,258934,0.0,0.0,0.0
2020-06-30,14.882499694824219,15.0516996383667,14.882499694824219,14.96500015258789,12.604602813720703,231525,0.0,0.0,0.0
2020-07-01,14.914999961853027,14.930000305175781,14.850600242614746,14.885000228881836,12.537223815917969,250126,0.0,0.0,0.0
2020-07-02,14.824999809265137,14.944999694824219,14.824999809265137,14.944999694824219,12.58775806427002,188466,0.0,0.0,0.0
2020-07-03,14.944999694824219,14.960000038146973,14.902799606323242,14.914999961853027,12.56248950958252,99978,0.0,0.0,0.0
2020-07-06,14.975000381469727,14.975000381469727,14.843099594116211,14.944999694824219,12.58775806427002,132541,0.0,0.0,0.0
2020-07-07,14.982500076293945,15.001700401306152,14.908100128173828,14.944999694824219,12.58775806427002,149263,0.0,0.0,0.0
2020-07-08,14.9399995803833,15.050600051879883,14.925999641418457,14.930000305175781,12.57512378692627,146508,0.0,0.0,0.0
2020-07-09,15.005000114440918,15.005000114440918,14.893099784851074,14.994999885559082,12.62987232208252,150016,0.0,0.0,0.0
2020-07-10,15.0600004196167,15.0600004196167,14.975000381469727,15.0,12.634082794189453,184685,0.0,0.0,0.0
2020-07-13,15.015000343322754,15.015000343322754,14.885000228881836,14.930000305175781,12.57512378692627,92593,0.0,0.0,0.0
2020-07-14,14.930000305175781,15.020000457763672,14.913100242614746,14.975000381469727,12.61302661895752,236468,0.0,0.0,0.0
2020-07-15,15.0,15.010000228881836,14.757499694824219,14.883749961853027,12.536168098449707,420833,0.0,0.0,0.0
2020-07-16,14.779999732971191,14.96500015258789,14.779999732971191,14.899999618530273,12.549857139587402,220075,0.0,0.0,0.0
2020-07-17,14.960000038146973,14.96310043334961,14.871700286865234,14.892499923706055,12.543538093566895,401807,0.0,0.0,0.0
2020-07-20,14.944999694824219,14.944999694824219,14.834440231323242,14.917499542236328,12.564596176147461,175393,0.0,0.0,0.0
2020-07-21,14.975000381469727,14.975000381469727,14.863100051879883,14.942500114440918,12.585653305053711,197969,0.0,0.0,0.0
2020-07-22,14.880000114440918,15.020000457763672,14.880000114440918,15.010000228881836,12.642507553100586,144233,0.0,0.0,0.0
2020-07-23,15.020000457763672,15.0600004196167,14.947449684143066,14.989999771118164,12.62566089630127,187398,0.0,0.0,0.0
2020-07-24,14.867500305175781,15.069999694824219,14.867500305175781,14.927499771118164,12.573019027709961,250999,0.0,0.0,0.0
2020-07-27,14.927499771118164,15.017499923706055,14.927499771118164,15.015000343322754,12.64671802520752,187238,0.0,0.0,0.0
2020-07-28,15.045000076293945,15.045000076293945,14.953900337219238,15.015000343322754,12.64671802520752,177071,0.0,0.0,0.0
2020-07-29,14.979999542236328,15.050000190734863,14.96500015258789,14.984999656677246,12.621450424194336,120039,0.0,0.0,0.0
2020-07-30,15.050000190734863,15.0649995803833,14.9399995803833,15.020000457763672,12.650930404663086,177011,0.0,0.0,0.0
2020-07-31,15.09000015258789,15.09000015258789,14.970000267028809,15.020000457763672,12.650930404663086,160432,0.0,0.0,0.0
2020-08-03,14.97249984741211,15.025199890136719,14.935799598693848,15.015000343322754,12.64671802520752,261591,0.0,0.0,0.0
2020-08-04,14.9399995803833,15.071240425109863,14.9399995803833,15.03499984741211,12.663561820983887,209936,0.0,0.0,0.0
2020-08-05,14.989999771118164,15.109999656677246,14.927499771118164,14.930000305175781,12.57512378692627,223054,0.0,0.0,0.0
2020-08-06,14.944999694824219,15.02750015258789,14.888299942016602,15.017499923706055,12.648822784423828,223377,0.0,0.0,0.0
2020-08-07,14.925000190734863,15.029999732971191,14.904279708862305,14.914999961853027,12.56248950958252,161257,0.0,0.0,0.0
2020-08-10,14.819999694824219,14.967599868774414,14.819999694824219,14.920000076293945,12.566703796386719,107212,0.0,0.0,0.0
2020-08-11,14.90250015258789,14.934000015258789,14.792499542236328,14.791250228881836,12.458258628845215,144126,0.0,0.0,0.0
2020-08-12,14.770000457763672,14.820300102233887,14.714599609375,14.720000267028809,12.398247718811035,342775,0.0,0.0,0.0
2020-08-13,14.694999694824219,14.805500030517578,14.692500114440918,14.707500457763672,12.387720108032227,109613,0.0,0.0,0.0
2020-08-14,14.744999885559082,14.744999885559082,14.673640251159668,14.694999694824219,12.377190589904785,220730,0.0,0.0,0.0
2020-08-17,14.720000267028809,14.760000228881836,14.660799980163574,14.755000114440918,12.427726745605469,159611,0.0,0.0,0.0
2020-08-18,14.694999694824219,14.787989616394043,14.694999694824219,14.739999771118164,12.415090560913086,130253,0.0,0.0,0.0
2020-08-19,14.8149995803833,14.8149995803833,14.689000129699707,14.697500228881836,12.379297256469727,469786,0.0,0.0,0.0
2020-08-20,14.694999694824219,14.755000114440918,14.665800094604492,14.6850004196167,12.368768692016602,132155,0.0,0.0,0.0
2020-08-21,14.635000228881836,14.755999565124512,14.635000228881836,14.732500076293945,12.408775329589844,130551,0.0,0.0,0.0
2020-08-24,14.720000267028809,14.789999961853027,14.641799926757812,14.739999771118164,12.415090560913086,141083,0.0,0.0,0.0
2020-08-25,14.774999618530273,14.774999618530273,14.592499732971191,14.600000381469727,12.297173500061035,338407,0.0,0.0,0.0
2020-08-26,14.604999542236328,14.625399589538574,14.529999732971191,14.5600004196167,12.263484001159668,211931,0.0,0.0,0.0
2020-08-27,14.454999923706055,14.6274995803833,14.454999923706055,14.5,12.212946891784668,833609,0.0,0.0,0.0
2020-08-28,14.449999809265137,14.572500228881836,14.410900115966797,14.5649995803833,12.267693519592285,284172,0.0,0.0,0.0
2020-09-01,14.5649995803833,14.630000114440918,14.49563980102539,14.572500228881836,12.274011611938477,221892,0.0,0.0,0.0
2020-09-02,14.649999618530273,14.704999923706055,14.571800231933594,14.704999923706055,12.385612487792969,518695,0.0,0.0,0.0
2020-09-03,14.734999656677246,14.734999656677246,14.667140007019043,14.72249984741211,12.40035343170166,137197,0.0,0.0,0.0
2020-09-04,14.744999885559082,14.744999885559082,14.648200035095215,14.672499656677246,12.358238220214844,110470,0.0,0.0,0.0
2020-09-07,14.649999618530273,14.700989723205566,14.584050178527832,14.699999809265137,12.381402969360352,157658,0.0,0.0,0.0
2020-09-08,14.680000305175781,14.917499542236328,14.680000305175781,14.760000228881836,12.431939125061035,443130,0.0,0.0,0.0
2020-09-09,14.854999542236328,14.9399995803833,14.711999893188477,14.729999542236328,12.406669616699219,161403,0.0,0.0,0.0
2020-09-10,14.779999732971191,14.779999732971191,14.654999732971191,14.694999694824219,12.377190589904785,145258,0.0,0.0,0.0
2020-09-11,14.770000457763672,14.835000038146973,14.726799964904785,14.835000038146973,12.495110511779785,287793,0.0,0.0,0.0
2020-09-14,14.842499732971191,14.920000076293945,14.792400360107422,14.792499542236328,12.459312438964844,224093,0.0,0.0,0.0
2020-09-15,14.75,14.880000114440918,14.75,14.779999732971191,12.448782920837402,239937,0.0,0.0,0.0
2020-09-16,14.710000038146973,14.824999809265137,14.710000038146973,14.805000305175781,12.469840049743652,197763,0.0,0.0,0.0
2020-09-17,14.734999656677246,14.88833999633789,14.734999656677246,14.805000305175781,12.469840049743652,299132,0.0,0.0,0.0
2020-09-18,14.84000015258789,14.864999771118164,14.759380340576172,14.8149995803833,12.478262901306152,142781,0.0,0.0,0.0
2020-09-21,14.869999885559082,14.90250015258789,14.81305980682373,14.875,12.528800010681152,144971,0.0,0.0,0.0
2020-09-22,14.829999923706055,14.894000053405762,14.784000396728516,14.8100004196167,12.474050521850586,330421,0.0,0.0,0.0
2020-09-23,14.869999885559082,14.869999885559082,14.742500305175781,14.767499923706055,12.438254356384277,218270,0.0,0.0,0.0
2020-09-24,14.859999656677246,14.859999656677246,14.752099990844727,14.770000457763672,12.440361022949219,146689,0.0,0.0,0.0
2020-09-25,14.734999656677246,14.860389709472656,14.734999656677246,14.859999656677246,12.51616382598877,258124,0.0,0.0,0.0
2020-09-28,14.850000381469727,14.895000457763672,14.786999702453613,14.822500228881836,12.484580993652344,139787,0.0,0.0,0.0
2020-09-29,14.795000076293945,14.872329711914062,14.795000076293945,14.859999656677246,12.51616382598877,614992,0.0,0.0,0.0
2020-09-30,14.829999923706055,14.892499923706055,14.755000114440918,14.755000114440918,12.427726745605469,305368,0.0,0.0,0.0
2020-10-01,14.680000305175781,14.792499542236328,14.640000343322754,14.720000267028809,12.398247718811035,630830,0.0,0.0,0.0
2020-10-02,14.6850004196167,14.793299674987793,14.680000305175781,14.704999923706055,12.385612487792969,138447,0.0,0.0,0.0
2020-10-05,14.760000228881836,14.774999618530273,14.595000267028809,14.630000114440918,12.322443008422852,466533,0.0,0.0,0.0
2020-10-06,14.585000038146973,14.680000305175781,14.585000038146973,14.612500190734863,12.307703018188477,195032,0.0,0.0,0.0
2020-10-07,14.6850004196167,14.699999809265137,14.579999923706055,14.595000267028809,12.292962074279785,202907,0.0,0.0,0.0
2020-10-08,14.545000076293945,14.640399932861328,14.545000076293945,14.612500190734863,12.307703018188477,246851,0.0,0.0,0.0
2020-10-09,14.72249984741211,14.72249984741211,14.588330268859863,14.662500381469727,12.349817276000977,210041,0.0,0.0,0.0
2020-10-12,14.635000228881836,14.664999961853027,14.629790306091309,14.654999732971191,12.343500137329102,145153,0.0,0.0,0.0
2020-10-13,14.65999984741211,14.744999885559082,14.569999694824219,14.729999542236328,12.406669616699219,345385,0.0,0.0,0.0
2020-10-14,14.779999732971191,14.799599647521973,14.71049976348877,14.768750190734863,12.439308166503906,335584,0.0,0.0,0.0
2020-10-15,14.829999923706055,14.921669960021973,14.766960144042969,14.850000381469727,12.507744789123535,307510,0.0,0.0,0.0
2020-10-16,14.899999618530273,14.960000038146973,14.770000457763672,14.859999656677246,12.51616382598877,362525,0.0,0.0,0.0
2020-10-19,14.904999732971191,14.904999732971191,14.805970191955566,14.869999885559082,12.524588584899902,290456,0.0,0.0,0.0
2020-10-20,14.819999694824219,14.930000305175781,14.809599876403809,14.819999694824219,12.48247241973877,301798,0.0,0.0,0.0
2020-10-21,14.832500457763672,14.84000015258789,14.694999694824219,14.694999694824219,12.377190589904785,218552,0.0,0.0,0.0
2020-10-22,14.675000190734863,14.730400085449219,14.630379676818848,14.645000457763672,12.335075378417969,183333,0.0,0.0,0.0
2020-10-23,14.649999618530273,14.67039966583252,14.577179908752441,14.649999618530273,12.339287757873535,96976,0.0,0.0,0.0
2020-10-26,14.6899995803833,14.729999542236328,14.577199935913086,14.6274995803833,12.320337295532227,147523,0.0,0.0,0.0
2020-10-27,14.642499923706055,14.765000343322754,14.593400001525879,14.765000343322754,12.436150550842285,559902,0.0,0.0,0.0
2020-10-28,14.734999656677246,14.826390266418457,14.734999656677246,14.8149995803833,12.478262901306152,383029,0.0,0.0,0.0
2020-10-29,14.755000114440918,14.837650299072266,14.755000114440918,14.787500381469727,12.455101013183594,369379,0.0,0.0,0.0
2020-10-30,14.720000267028809,14.791999816894531,14.670000076293945,14.670000076293945,12.356133460998535,107746,0.0,0.0,0.0
2020-11-02,14.720000267028809,14.768150329589844,14.679499626159668,14.762499809265137,12.434042930603027,120587,0.0,0.0,0.0
2020-11-03,14.6850004196167,14.795000076293945,14.649999618530273,14.649999618530273,12.339287757873535,318658,0.0,0.0,0.0
2020-11-04,14.77750015258789,14.81410026550293,14.572500228881836,14.8100004196167,12.474050521850586,144302,0.0,0.0,0.0
2020-11-05,14.869999885559082,14.883199691772461,14.71500015258789,14.725000381469727,12.402457237243652,150600,0.0,0.0,0.0
2020-11-06,14.732500076293945,14.764300346374512,14.609350204467773,14.640000343322754,12.330864906311035,534357,0.0,0.0,0.0
2020-11-09,14.59000015258789,14.714249610900879,14.390000343322754,14.449999809265137,12.170833587646484,439398,0.0,0.0,0.0
2020-11-10,14.520000457763672,14.520000457763672,14.403249740600586,14.414999961853027,12.14135456085205,393253,0.0,0.0,0.0
2020-11-11,14.350000381469727,14.449999809265137,14.338199615478516,14.3774995803833,12.109769821166992,305053,0.0,0.0,0.0
2020-11-12,14.34000015258789,14.449999809265137,14.319999694824219,14.449999809265137,12.22439956665039,393552,0.063,0.0,0.0
2020-11-13,14.425000190734863,14.520000457763672,14.425000190734863,14.46500015258789,12.237089157104492,238468,0.0,0.0,0.0
2020-11-16,14.470000267028809,14.524999618530273,14.365280151367188,14.4399995803833,12.21593952178955,575849,0.0,0.0,0.0
2020-11-17,14.4399995803833,14.505000114440918,14.380000114440918,14.476249694824219,12.24660587310791,186479,0.0,0.0,0.0
2020-11-18,14.5600004196167,14.5600004196167,14.4350004196167,14.452500343322754,12.226513862609863,369654,0.0,0.0,0.0
2020-11-19,14.420000076293945,14.524999618530273,14.420000076293945,14.460000038146973,12.23285961151123,207933,0.0,0.0,0.0
2020-11-20,14.539999961853027,14.539999961853027,14.399999618530273,14.520000457763672,12.283617973327637,926375,0.0,0.0,0.0
2020-11-23,14.479999542236328,14.529999732971191,14.458999633789062,14.494999885559082,12.262468338012695,447818,0.0,0.0,0.0
2020-11-24,14.4350004196167,14.559120178222656,14.430000305175781,14.515000343322754,12.279387474060059,278608,0.0,0.0,0.0
2020-11-25,14.507499694824219,14.550990104675293,14.470000267028809,14.5337495803833,12.295247077941895,687167,0.0,0.0,0.0
2020-11-26,14.537500381469727,14.617500305175781,14.505849838256836,14.612500190734863,12.361872673034668,273977,0.0,0.0,0.0
2020-11-27,14.569999694824219,14.675000190734863,14.555800437927246,14.600000381469727,12.351295471191406,236204,0.0,0.0,0.0
2020-11-30,14.710000038146973,14.710000038146973,14.5600004196167,14.5600004196167,12.31745719909668,220129,0.0,0.0,0.0
2020-12-01,14.524999618530273,14.6225004196167,14.451499938964844,14.462499618530273,12.234973907470703,306137,0.0,0.0,0.0
2020-12-02,14.4350004196167,14.529999732971191,14.432499885559082,14.454999923706055,12.228628158569336,278642,0.0,0.0,0.0
2020-12-03,14.520000457763672,14.520000457763672,14.442310333251953,14.482500076293945,12.251893997192383,166385,0.0,0.0,0.0
2020-12-04,14.489999771118164,14.524189949035645,14.433919906616211,14.470000267028809,12.241320610046387,232954,0.0,0.0,0.0
2020-12-07,14.475000381469727,14.602499961853027,14.404500007629395,14.602499961853027,12.353411674499512,158140,0.0,0.0,0.0
2020-12-08,14.630000114440918,14.679120063781738,14.545000076293945,14.664999961853027,12.406286239624023,365111,0.0,0.0,0.0
2020-12-09,14.5649995803833,14.757499694824219,14.5649995803833,14.675000190734863,12.414745330810547,1023673,0.0,0.0,0.0
2020-12-10,14.670000076293945,14.805930137634277,14.670000076293945,14.782500267028809,12.505687713623047,302258,0.0,0.0,0.0
2020-12-11,14.835000038146973,14.890000343322754,14.768349647521973,14.835000038146973,12.550101280212402,421962,0.0,0.0,0.0
2020-12-14,14.739999771118164,14.832380294799805,14.669050216674805,14.765000343322754,12.490882873535156,243293,0.0,0.0,0.0
2020-12-15,14.710000038146973,14.801529884338379,14.625200271606445,14.630000114440918,12.376675605773926,243304,0.0,0.0,0.0
2020-12-16,14.654999732971191,14.654999732971191,14.538949966430664,14.604999542236328,12.355524063110352,258696,0.0,0.0,0.0
2020-12-17,14.602499961853027,14.680000305175781,14.566200256347656,14.640000343322754,12.385135650634766,507618,0.0,0.0,0.0
2020-12-18,14.757499694824219,14.800000190734863,14.604999542236328,14.6875,12.42531967163086,256306,0.0,0.0,0.0
2020-12-21,14.5,14.851699829101562,14.5,14.787500381469727,12.509917259216309,144498,0.0,0.0,0.0
2020-12-22,14.729999542236328,14.835000038146973,14.707500457763672,14.835000038146973,12.550101280212402,235463,0.0,0.0,0.0
2020-12-23,14.850000381469727,14.854999542236328,14.552499771118164,14.569999694824219,12.325918197631836,239699,0.0,0.0,0.0
2020-12-24,14.5,14.662500381469727,14.5,14.65625,12.398882865905762,101678,0.0,0.0,0.0
2020-12-29,14.657500267028809,14.757499694824219,14.657500267028809,14.757499694824219,12.484539031982422,194931,0.0,0.0,0.0
2020-12-30,14.682499885559082,14.78499984741211,14.677399635314941,14.75,12.478192329406738,67370,0.0,0.0,0.0
2020-12-31,14.765000343322754,14.800000190734863,14.743180274963379,14.770000457763672,12.495113372802734,34082,0.0,0.0,0.0
2021-01-04,14.829999923706055,14.852100372314453,14.730090141296387,14.8125,12.53106689453125,137756,0.0,0.0,0.0
2021-01-05,14.819999694824219,14.825900077819824,14.72249984741211,14.729999542236328,12.461273193359375,103547,0.0,0.0,0.0
2021-01-06,14.664999961853027,14.697600364685059,14.5600004196167,14.648750305175781,12.392537117004395,112085,0.0,0.0,0.0
2021-01-07,14.6899995803833,14.704999923706055,14.553600311279297,14.567500114440918,12.323803901672363,104390,0.0,0.0,0.0
2021-01-08,14.587499618530273,14.614999771118164,14.53909969329834,14.595000267028809,12.347064971923828,455084,0.0,0.0,0.0
2021-01-11,14.600000381469727,14.611949920654297,14.519399642944336,14.53499984741211,12.296308517456055,231000,0.0,0.0,0.0
2021-01-12,14.545000076293945,14.545000076293945,14.449999809265137,14.489999771118164,12.2582368850708,272969,0.0,0.0,0.0
2021-01-13,14.595000267028809,14.595000267028809,14.505000114440918,14.572500228881836,12.328031539916992,233065,0.0,0.0,0.0
2021-01-14,14.515000343322754,14.6225004196167,14.515000343322754,14.592499732971191,12.344949722290039,199250,0.0,0.0,0.0
2021-01-15,14.577500343322754,14.640000343322754,14.545000076293945,14.592499732971191,12.344949722290039,138355,0.0,0.0,0.0
2021-01-18,14.555000305175781,14.623200416564941,14.555000305175781,14.59749984741211,12.349180221557617,171954,0.0,0.0,0.0
2021-01-19,14.614999771118164,14.630000114440918,14.546199798583984,14.612500190734863,12.361872673034668,286304,0.0,0.0,0.0
2021-01-20,14.539999961853027,14.61340045928955,14.539999961853027,14.5649995803833,12.321685791015625,369109,0.0,0.0,0.0
2021-01-21,14.619999885559082,14.619999885559082,14.484999656677246,14.52750015258789,12.289962768554688,454661,0.0,0.0,0.0
2021-01-22,14.510000228881836,14.558899879455566,14.448140144348145,14.547499656677246,12.306882858276367,182853,0.0,0.0,0.0
2021-01-25,14.585000038146973,14.649999618530273,14.493840217590332,14.632499694824219,12.378790855407715,152236,0.0,0.0,0.0
2021-01-26,14.645000457763672,14.691800117492676,14.599430084228516,14.619999885559082,12.368215560913086,264941,0.0,0.0,0.0
2021-01-27,14.539999961853027,14.729999542236328,14.539999961853027,14.65625,12.398882865905762,179272,0.0,0.0,0.0
2021-01-28,14.640000343322754,14.75,14.555000305175781,14.612500190734863,12.361872673034668,185310,0.0,0.0,0.0
2021-01-29,14.604999542236328,14.66331958770752,14.504730224609375,14.557499885559082,12.31534194946289,335072,0.0,0.0,0.0
2021-02-01,14.569999694824219,14.57532024383545,14.4399995803833,14.547499656677246,12.306882858276367,205222,0.0,0.0,0.0
2021-02-02,14.449999809265137,14.649999618530273,14.420000076293945,14.5024995803833,12.268811225891113,226005,0.0,0.0,0.0
2021-02-03,14.59000015258789,14.59000015258789,14.43511962890625,14.447500228881836,12.222283363342285,335005,0.0,0.0,0.0
2021-02-04,14.460000038146973,14.485389709472656,14.259300231933594,14.327500343322754,12.120767593383789,406684,0.0,0.0,0.0
2021-02-05,14.287500381469727,14.357789993286133,14.178799629211426,14.22249984741211,12.031939506530762,214208,0.0,0.0,0.0
2021-02-08,14.300000190734863,14.322500228881836,14.140000343322754,14.265000343322754,12.067893981933594,192303,0.0,0.0,0.0
2021-02-09,14.244999885559082,14.34000015258789,14.21498966217041,14.295000076293945,12.09327220916748,277380,0.0,0.0,0.0
2021-02-10,14.239999771118164,14.282500267028809,14.22819995880127,14.25,12.055203437805176,178134,0.0,0.0,0.0
2021-02-11,14.229999542236328,14.342490196228027,14.21500015258789,14.266249656677246,12.068950653076172,94931,0.0,0.0,0.0
2021-02-12,14.2524995803833,14.300000190734863,14.151599884033203,14.192500114440918,12.006559371948242,270013,0.0,0.0,0.0
2021-02-15,14.085000038146973,14.175000190734863,14.020000457763672,14.078749656677246,11.910327911376953,363586,0.0,0.0,0.0
2021-02-16,14.095000267028809,14.170000076293945,13.983200073242188,13.987500190734863,11.833133697509766,223461,0.0,0.0,0.0
2021-02-17,13.904999732971191,14.10200023651123,13.904999732971191,14.095000267028809,11.924077033996582,708514,0.0,0.0,0.0
2021-02-18,14.09000015258789,14.130279541015625,13.967499732971191,14.007499694824219,11.850054740905762,267579,0.0,0.0,0.0
2021-02-19,13.994999885559082,14.054499626159668,13.884900093078613,13.930000305175781,11.784490585327148,234677,0.0,0.0,0.0
2021-02-22,13.807499885559082,13.996199607849121,13.807499885559082,13.932499885559082,11.786604881286621,244512,0.0,0.0,0.0
2021-02-23,13.832500457763672,13.925700187683105,13.789999961853027,13.835000038146973,11.704122543334961,472530,0.0,0.0,0.0
2021-02-24,13.837499618530273,13.87384033203125,13.649999618530273,13.75,11.632214546203613,411352,0.0,0.0,0.0
2021-02-25,13.867500305175781,13.867500305175781,13.617500305175781,13.71500015258789,11.602604866027832,760483,0.0,0.0,0.0
2021-02-26,13.824999809265137,13.833600044250488,13.682499885559082,13.71500015258789,11.602604866027832,408835,0.0,0.0,0.0
2021-03-01,13.619999885559082,13.829999923706055,13.619999885559082,13.805000305175781,11.678741455078125,286194,0.0,0.0,0.0
2021-03-02,13.807499885559082,13.957670211791992,13.744999885559082,13.947500228881836,11.799293518066406,356254,0.0,0.0,0.0
2021-03-03,13.859999656677246,13.928000450134277,13.758279800415039,13.807499885559082,11.68085765838623,327036,0.0,0.0,0.0
2021-03-04,13.734999656677246,13.904999732971191,13.734999656677246,13.867500305175781,11.731616020202637,424760,0.0,0.0,0.0
2021-03-05,13.84749984741211,13.88860034942627,13.797229766845703,13.869999885559082,11.73373031616211,229855,0.0,0.0,0.0
2021-03-08,13.869999885559082,13.885100364685059,13.77262020111084,13.868749618530273,11.732673645019531,124855,0.0,0.0,0.0
2021-03-09,13.899999618530273,13.969300270080566,13.878299713134766,13.925000190734863,11.78026008605957,298004,0.0,0.0,0.0
2021-03-10,14.032500267028809,14.032500267028809,13.899999618530273,13.9350004196167,11.788721084594727,230013,0.0,0.0,0.0
2021-03-11,13.979999542236328,13.999600410461426,13.887399673461914,13.897500038146973,11.75699520111084,200433,0.0,0.0,0.0
2021-03-12,13.795000076293945,13.84000015258789,13.734999656677246,13.739999771118164,11.623756408691406,240616,0.0,0.0,0.0
2021-03-15,13.760000228881836,13.875,13.693300247192383,13.8100004196167,11.68297290802002,228036,0.0,0.0,0.0
2021-03-16,13.78499984741211,13.867500305175781,13.760000228881836,13.813750267028809,11.686145782470703,426809,0.0,0.0,0.0
2021-03-17,13.90999984741211,13.90999984741211,13.71500015258789,13.755000114440918,11.636444091796875,458139,0.0,0.0,0.0
2021-03-18,13.835000038146973,13.850000381469727,13.600000381469727,13.6899995803833,11.581453323364258,343328,0.0,0.0,0.0
2021-03-19,13.6899995803833,13.789999961853027,13.6899995803833,13.7475004196167,11.630101203918457,477027,0.0,0.0,0.0
2021-03-22,13.787500381469727,13.789999961853027,13.739509582519531,13.770000457763672,11.64913272857666,129317,0.0,0.0,0.0
2021-03-23,13.75,13.90999984741211,13.75,13.8725004196167,11.735846519470215,299491,0.0,0.0,0.0
2021-03-24,13.90999984741211,13.946310043334961,13.859999656677246,13.881250381469727,11.74324893951416,299214,0.0,0.0,0.0
2021-03-25,13.8100004196167,13.971799850463867,13.8100004196167,13.944999694824219,11.797178268432617,748170,0.0,0.0,0.0
2021-03-26,14.03499984741211,14.03499984741211,13.837499618530273,13.8774995803833,11.74007511138916,476056,0.0,0.0,0.0
2021-03-29,13.774999618530273,13.975600242614746,13.774999618530273,13.837499618530273,11.706236839294434,704927,0.0,0.0,0.0
2021-03-30,13.75,13.807979583740234,13.729999542236328,13.744999885559082,11.627983093261719,610391,0.0,0.0,0.0
2021-03-31,13.760000228881836,13.850000381469727,13.71500015258789,13.720000267028809,11.606833457946777,209413,0.0,0.0,0.0
2021-04-01,13.75,13.799300193786621,13.658699989318848,13.77750015258789,11.655476570129395,289987,0.0,0.0,0.0
2021-04-06,13.789999961853027,13.8149995803833,13.727499961853027,13.8149995803833,11.687201499938965,307963,0.0,0.0,0.0
2021-04-07,13.895000457763672,13.895000457763672,13.805000305175781,13.829999923706055,11.699893951416016,213280,0.0,0.0,0.0
2021-04-08,13.819999694824219,13.891799926757812,13.798700332641602,13.8774995803833,11.74007511138916,253254,0.0,0.0,0.0
2021-04-09,13.800000190734863,13.881529808044434,13.797499656677246,13.835000038146973,11.704122543334961,160364,0.0,0.0,0.0
2021-04-12,13.854999542236328,13.899999618530273,13.818400382995605,13.835000038146973,11.704122543334961,448906,0.0,0.0,0.0
2021-04-13,13.800000190734863,13.871399879455566,13.798600196838379,13.837499618530273,11.706236839294434,491089,0.0,0.0,0.0
2021-04-14,13.899999618530273,13.899999618530273,13.789199829101562,13.797499656677246,11.672396659851074,185995,0.0,0.0,0.0
2021-04-15,13.78499984741211,13.9266996383667,13.771989822387695,13.920000076293945,11.776031494140625,264541,0.0,0.0,0.0
2021-04-16,13.904999732971191,14.012499809265137,13.845000267028809,13.859999656677246,11.72527027130127,135816,0.0,0.0,0.0
2021-04-19,13.78499984741211,13.920000076293945,13.78499984741211,13.885000228881836,11.746420860290527,188299,0.0,0.0,0.0
2021-04-20,13.867500305175781,13.930000305175781,13.782500267028809,13.920000076293945,11.776031494140625,146417,0.0,0.0,0.0
2021-04-21,14.010000228881836,14.010000228881836,13.876700401306152,13.890000343322754,11.750652313232422,285541,0.0,0.0,0.0
2021-04-22,13.920000076293945,13.942500114440918,13.879059791564941,13.904999732971191,11.763339042663574,142550,0.0,0.0,0.0
2021-04-23,13.819999694824219,14.0,13.819999694824219,13.90999984741211,11.767570495605469,225714,0.0,0.0,0.0
2021-04-26,13.899999618530273,13.940520286560059,13.8149995803833,13.899999618530273,11.759110450744629,145030,0.0,0.0,0.0
2021-04-27,13.890000343322754,13.979999542236328,13.859999656677246,13.8725004196167,11.735846519470215,273994,0.0,0.0,0.0
2021-04-28,13.805000305175781,13.850629806518555,13.755000114440918,13.842499732971191,11.710467338562012,130127,0.0,0.0,0.0
2021-04-29,13.904999732971191,13.9350004196167,13.739999771118164,13.779999732971191,11.6575927734375,324730,0.0,0.0,0.0
2021-04-30,13.800000190734863,13.890000343322754,13.779999732971191,13.789999961853027,11.666053771972656,849112,0.0,0.0,0.0
2021-05-04,13.824999809265137,13.885000228881836,13.710000038146973,13.875,11.737960815429688,786289,0.0,0.0,0.0
2021-05-05,13.8725004196167,13.875,13.755000114440918,13.817500114440918,11.68931770324707,280343,0.0,0.0,0.0
2021-05-06,13.875,13.90250015258789,13.778499603271484,13.84000015258789,11.708352088928223,356318,0.0,0.0,0.0
2021-05-07,13.850000381469727,14.005000114440918,13.812529563903809,13.859999656677246,11.72527027130127,286653,0.0,0.0,0.0
2021-05-10,13.760000228881836,13.904999732971191,13.760000228881836,13.835000038146973,11.704122543334961,178176,0.0,0.0,0.0
2021-05-11,13.782500267028809,13.84076976776123,13.734999656677246,13.737500190734863,11.6216402053833,514269,0.0,0.0,0.0
2021-05-12,13.75,13.785550117492676,13.661700248718262,13.670000076293945,11.564534187316895,180749,0.0,0.0,0.0
2021-05-13,13.614999771118164,13.653420448303223,13.568499565124512,13.585000038146973,11.539900779724121,167324,0.056,0.0,0.0
2021-05-14,13.602499961853027,13.678999900817871,13.568340301513672,13.645000457763672,11.590869903564453,624129,0.0,0.0,0.0
2021-05-17,13.567500114440918,13.779999732971191,13.567500114440918,13.647500038146973,11.592991828918457,224946,0.0,0.0,0.0
2021-05-18,13.625,13.67693042755127,13.619999885559082,13.645000457763672,11.590869903564453,651653,0.0,0.0,0.0
2021-05-19,13.545000076293945,13.68239974975586,13.545000076293945,13.667499542236328,11.609981536865234,265274,0.0,0.0,0.0
2021-05-20,13.75,13.75,13.613800048828125,13.675000190734863,11.616353034973145,168872,0.0,0.0,0.0
2021-05-21,13.682499885559082,13.706500053405762,13.637499809265137,13.677499771118164,11.618475914001465,199617,0.0,0.0,0.0
2021-05-24,13.707500457763672,13.734999656677246,13.691499710083008,13.734999656677246,11.667319297790527,201174,0.0,0.0,0.0
2021-05-25,13.739999771118164,13.835000038146973,13.71580982208252,13.779999732971191,11.705544471740723,181640,0.0,0.0,0.0
2021-05-26,13.802499771118164,13.842499732971191,13.7708101272583,13.832500457763672,11.750142097473145,222317,0.0,0.0,0.0
2021-05-27,13.899999618530273,13.899999618530273,13.736900329589844,13.767499923706055,11.694926261901855,231046,0.0,0.0,0.0
2021-05-28,13.734999656677246,13.812600135803223,13.718799591064453,13.789999961853027,11.71403980255127,327274,0.0,0.0,0.0
2021-06-01,13.755000114440918,13.800000190734863,13.72350025177002,13.729999542236328,11.663070678710938,640218,0.0,0.0,0.0
2021-06-02,13.725000381469727,13.824999809265137,13.670000076293945,13.760000228881836,11.688556671142578,259205,0.0,0.0,0.0
2021-06-03,13.739999771118164,13.84000015258789,13.697500228881836,13.702500343322754,11.639713287353516,183912,0.0,0.0,0.0
2021-06-04,13.704999923706055,13.767499923706055,13.6673002243042,13.767499923706055,11.694926261901855,131412,0.0,0.0,0.0
2021-06-07,13.7475004196167,13.786299705505371,13.729999542236328,13.739999771118164,11.67156982421875,138497,0.0,0.0,0.0
2021-06-08,13.744999885559082,13.829999923706055,13.713700294494629,13.792499542236328,11.716163635253906,933924,0.0,0.0,0.0
2021-06-09,13.800000190734863,13.899999618530273,13.773420333862305,13.859999656677246,11.7735013961792,169637,0.0,0.0,0.0
2021-06-10,13.875,13.907890319824219,13.791000366210938,13.824999809265137,11.743772506713867,139391,0.0,0.0,0.0
2021-06-11,13.897500038146973,13.9350004196167,13.779999732971191,13.895000457763672,11.80323314666748,499693,0.0,0.0,0.0
2021-06-14,13.899999618530273,13.949999809265137,13.83942985534668,13.850000381469727,11.765007972717285,145451,0.0,0.0,0.0
2021-06-15,13.84749984741211,13.90999984741211,13.774999618530273,13.832500457763672,11.750142097473145,320154,0.0,0.0,0.0
2021-06-16,13.824999809265137,13.864999771118164,13.809300422668457,13.864999771118164,11.777749061584473,167831,0.0,0.0,0.0
2021-06-17,13.787500381469727,13.97249984741211,13.758999824523926,13.822500228881836,11.741647720336914,295548,0.0,0.0,0.0
2021-06-18,13.850000381469727,13.949999809265137,13.832260131835938,13.920000076293945,11.824469566345215,405325,0.0,0.0,0.0
2021-06-21,13.979999542236328,13.986140251159668,13.859000205993652,13.899999618530273,11.807480812072754,376076,0.0,0.0,0.0
2021-06-22,13.890000343322754,13.914999961853027,13.800000190734863,13.837499618530273,11.754389762878418,131245,0.0,0.0,0.0
2021-06-23,13.739999771118164,13.904999732971191,13.739999771118164,13.835000038146973,11.752265930175781,407347,0.0,0.0,0.0
2021-06-24,13.8149995803833,13.891400337219238,13.802499771118164,13.890000343322754,11.798986434936523,162877,0.0,0.0,0.0
2021-06-25,13.885000228881836,13.962499618530273,13.8149995803833,13.829999923706055,11.748019218444824,243815,0.0,0.0,0.0
2021-06-28,13.829999923706055,13.914999961853027,13.795499801635742,13.904999732971191,11.811727523803711,289637,0.0,0.0,0.0
2021-06-29,13.890000343322754,13.949640274047852,13.854999542236328,13.890000343322754,11.798986434936523,223830,0.0,0.0,0.0
2021-06-30,13.869999885559082,13.975000381469727,13.852100372314453,13.897500038146973,11.805356979370117,242337,0.0,0.0,0.0
2021-07-01,13.875,13.984999656677246,13.807499885559082,13.885000228881836,11.794737815856934,664307,0.0,0.0,0.0
2021-07-02,13.90999984741211,13.989999771118164,13.885899543762207,13.920000076293945,11.824469566345215,197192,0.0,0.0,0.0
2021-07-05,13.899999618530273,14.015000343322754,13.883899688720703,13.90999984741211,11.815973281860352,63553,0.0,0.0,0.0
2021-07-06,13.897500038146973,14.037500381469727,13.886799812316895,14.022500038146973,11.911539077758789,397776,0.0,0.0,0.0
2021-07-07,13.9399995803833,14.131400108337402,13.9399995803833,14.085000038146973,11.964629173278809,133223,0.0,0.0,0.0
2021-07-08,14.164999961853027,14.196399688720703,14.065699577331543,14.085000038146973,11.964629173278809,170021,0.0,0.0,0.0
2021-07-09,14.052499771118164,14.108799934387207,13.994999885559082,14.00374984741211,11.895611763000488,148859,0.0,0.0,0.0
2021-07-12,14.010000228881836,14.100000381469727,13.989399909973145,14.042499542236328,11.928529739379883,65075,0.0,0.0,0.0
2021-07-13,14.095000267028809,14.135000228881836,13.9399995803833,14.086250305175781,11.965693473815918,138615,0.0,0.0,0.0
2021-07-14,14.029999732971191,14.10509967803955,13.992389678955078,14.095000267028809,11.973124504089355,153127,0.0,0.0,0.0
2021-07-15,14.132499694824219,14.172499656677246,14.013999938964844,14.022500038146973,11.911539077758789,277820,0.0,0.0,0.0
2021-07-16,14.039999961853027,14.140000343322754,14.0,14.082500457763672,11.962506294250488,112510,0.0,0.0,0.0
2021-07-19,14.1899995803833,14.305000305175781,14.09850025177002,14.234999656677246,12.092048645019531,479881,0.0,0.0,0.0
2021-07-20,14.172499656677246,14.352499961853027,14.172499656677246,14.270000457763672,12.121781349182129,238092,0.0,0.0,0.0
2021-07-21,14.287500381469727,14.311440467834473,14.170000076293945,14.194999694824219,12.058069229125977,121900,0.0,0.0,0.0
2021-07-22,14.21500015258789,14.270000457763672,14.128100395202637,14.260000228881836,12.113286972045898,164843,0.0,0.0,0.0
2021-07-23,14.237500190734863,14.269720077514648,14.1850004196167,14.257499694824219,12.111162185668945,46352,0.0,0.0,0.0
2021-07-26,14.300000190734863,14.880000114440918,14.242500305175781,14.270000457763672,12.121781349182129,114455,0.0,0.0,0.0
2021-07-27,14.1850004196167,14.3774995803833,14.1850004196167,14.3125,12.157881736755371,116187,0.0,0.0,0.0
2021-07-28,14.324999809265137,14.399999618530273,14.255000114440918,14.270000457763672,12.121781349182129,109999,0.0,0.0,0.0
2021-07-29,14.292499542236328,14.369999885559082,14.1899995803833,14.274999618530273,12.12602710723877,133031,0.0,0.0,0.0
2021-07-30,14.270000457763672,14.300000190734863,14.2524995803833,14.276249885559082,12.127089500427246,96420,0.0,0.0,0.0
2021-08-02,14.255000114440918,14.337499618530273,14.2475004196167,14.337499618530273,12.179118156433105,584865,0.0,0.0,0.0
2021-08-03,14.319999694824219,14.442500114440918,14.296500205993652,14.367500305175781,12.204604148864746,76933,0.0,0.0,0.0
2021-08-04,14.367500305175781,14.44729995727539,14.343500137329102,14.382499694824219,12.2173433303833,189537,0.0,0.0,0.0
2021-08-05,14.385000228881836,14.414999961853027,14.34850025177002,14.375,12.210972785949707,489519,0.0,0.0,0.0
2021-08-06,14.444999694824219,14.444999694824219,14.233499526977539,14.234999656677246,12.092048645019531,130925,0.0,0.0,0.0
2021-08-09,14.154999732971191,14.352499961853027,14.154999732971191,14.34749984741211,12.187613487243652,587176,0.0,0.0,0.0
2021-08-10,14.357500076293945,14.395000457763672,14.31190013885498,14.335000038146973,12.176995277404785,86744,0.0,0.0,0.0
2021-08-11,14.3125,14.414999961853027,14.292499542236328,14.332500457763672,12.174872398376465,270935,0.0,0.0,0.0
2021-08-12,14.300000190734863,14.370789527893066,14.265000343322754,14.286250114440918,12.135584831237793,65366,0.0,0.0,0.0
2021-08-13,14.375,14.375,14.25944995880127,14.3125,12.157881736755371,149524,0.0,0.0,0.0
2021-08-16,14.354999542236328,14.420000076293945,14.300000190734863,14.324999809265137,12.168500900268555,61554,0.0,0.0,0.0
2021-08-17,14.3725004196167,14.414999961853027,14.32036018371582,14.34749984741211,12.187613487243652,304165,0.0,0.0,0.0
2021-08-18,14.375,14.387269973754883,14.31190013885498,14.31624984741211,12.161067008972168,164624,0.0,0.0,0.0
2021-08-19,14.3725004196167,14.442500114440918,14.265000343322754,14.359999656677246,12.198230743408203,97761,0.0,0.0,0.0
2021-08-20,14.454999923706055,14.454999923706055,14.34850025177002,14.3725004196167,12.208849906921387,70965,0.0,0.0,0.0
2021-08-23,14.337499618530273,14.399999618530273,14.3100004196167,14.352499961853027,12.191861152648926,37399,0.0,0.0,0.0
2021-08-24,14.40999984741211,14.40999984741211,14.286270141601562,14.351249694824219,12.190799713134766,72332,0.0,0.0,0.0
2021-08-25,14.342499732971191,14.427499771118164,14.220100402832031,14.239999771118164,12.096297264099121,48205,0.0,0.0,0.0
2021-08-26,14.227499961853027,14.246800422668457,14.186400413513184,14.229999542236328,12.08780288696289,155028,0.0,0.0,0.0
2021-08-27,14.244999885559082,14.319999694824219,14.142499923706055,14.267499923706055,12.119657516479492,29065,0.0,0.0,0.0
2021-08-31,14.204999923706055,14.380000114440918,14.167499542236328,14.172499656677246,12.038956642150879,136839,0.0,0.0,0.0
2021-09-01,14.085000038146973,14.265000343322754,14.085000038146973,14.210000038146973,12.070813179016113,661642,0.0,0.0,0.0
2021-09-02,14.239999771118164,14.265000343322754,14.192790031433105,14.239999771118164,12.096297264099121,106388,0.0,0.0,0.0
2021-09-03,14.255000114440918,14.34000015258789,14.138699531555176,14.170000076293945,12.036833763122559,199893,0.0,0.0,0.0
2021-09-06,14.175000190734863,14.229999542236328,14.130000114440918,14.208749771118164,12.069751739501953,98892,0.0,0.0,0.0
2021-09-07,14.130000114440918,14.27750015258789,14.095000267028809,14.1225004196167,11.996484756469727,179249,0.0,0.0,0.0
2021-09-08,14.055000305175781,14.1875,14.055000305175781,14.145000457763672,12.015597343444824,138024,0.0,0.0,0.0
2021-09-09,14.140000343322754,14.175000190734863,14.113800048828125,14.170000076293945,12.036833763122559,76297,0.0,0.0,0.0
2021-09-10,14.255000114440918,14.255000114440918,14.143699645996094,14.145000457763672,12.015597343444824,77481,0.0,0.0,0.0
2021-09-13,14.119999885559082,14.168800354003906,14.119999885559082,14.164999961853027,12.032587051391602,5137,0.0,0.0,0.0
2021-09-14,14.15999984741211,14.242500305175781,14.093700408935547,14.177499771118164,12.043206214904785,132939,0.0,0.0,0.0
2021-09-15,14.25,14.257499694824219,14.124730110168457,14.140000343322754,12.011351585388184,102370,0.0,0.0,0.0
2021-09-16,14.100000381469727,14.13008975982666,14.037500381469727,14.067500114440918,11.949764251708984,154260,0.0,0.0,0.0
2021-09-17,13.960000038146973,14.067119598388672,13.960000038146973,14.012499809265137,11.903044700622559,206415,0.0,0.0,0.0
2021-09-20,14.0600004196167,14.093799591064453,14.037500381469727,14.085000038146973,11.964629173278809,129394,0.0,0.0,0.0
2021-09-21,13.994999885559082,14.154999732971191,13.994999885559082,14.079999923706055,11.960383415222168,141078,0.0,0.0,0.0
2021-09-22,14.0625,14.082500457763672,14.023619651794434,14.069999694824219,11.951889038085938,140003,0.0,0.0,0.0
2021-09-23,14.020000457763672,14.114999771118164,13.9128999710083,13.920000076293945,11.824469566345215,348843,0.0,0.0,0.0
2021-09-24,13.875,13.957500457763672,13.817099571228027,13.857500076293945,11.771379470825195,562651,0.0,0.0,0.0
2021-09-27,13.875,13.890290260314941,13.765299797058105,13.817500114440918,11.737401008605957,646151,0.0,0.0,0.0
2021-09-28,13.699999809265137,13.827500343322754,13.574999809265137,13.739999771118164,11.67156982421875,383362,0.0,0.0,0.0
2021-09-29,13.762499809265137,13.832500457763672,13.720000267028809,13.725000381469727,11.658824920654297,211621,0.0,0.0,0.0
2021-09-30,13.675000190734863,13.757499694824219,13.587499618530273,13.649999618530273,11.59511661529541,666452,0.0,0.0,0.0
2021-10-01,13.625,13.782500267028809,13.625,13.670000076293945,11.612104415893555,261189,0.0,0.0,0.0
2021-10-04,13.739999771118164,13.78499984741211,13.607500076293945,13.680000305175781,11.620599746704102,184922,0.0,0.0,0.0
2021-10-05,13.649999618530273,13.732500076293945,13.529999732971191,13.550000190734863,11.510170936584473,696636,0.0,0.0,0.0
2021-10-06,13.482500076293945,13.585000038146973,13.435469627380371,13.574999809265137,11.53140640258789,430435,0.0,0.0,0.0
2021-10-07,13.479999542236328,13.647500038146973,13.479999542236328,13.574999809265137,11.53140640258789,252112,0.0,0.0,0.0
2021-10-08,13.529999732971191,13.589739799499512,13.447500228881836,13.447500228881836,11.423101425170898,638445,0.0,0.0,0.0
2021-10-11,13.359999656677246,13.454950332641602,13.339369773864746,13.420000076293945,11.399741172790527,240708,0.0,0.0,0.0
2021-10-12,13.524999618530273,13.529999732971191,13.34749984741211,13.515000343322754,11.480439186096191,389532,0.0,0.0,0.0
2021-10-13,13.614999771118164,13.77340030670166,13.521100044250488,13.65999984741211,11.60361099243164,307576,0.0,0.0,0.0
2021-10-14,13.630000114440918,13.753899574279785,13.606719970703125,13.75,11.680063247680664,271483,0.0,0.0,0.0
2021-10-15,13.720000267028809,13.824649810791016,13.6225004196167,13.637499809265137,11.58449649810791,182962,0.0,0.0,0.0
2021-10-18,13.585000038146973,13.643899917602539,13.47249984741211,13.611249923706055,11.562200546264648,161555,0.0,0.0,0.0
2021-10-19,13.619999885559082,13.681929588317871,13.558699607849121,13.614999771118164,11.565386772155762,306735,0.0,0.0,0.0
2021-10-20,13.532500267028809,13.671680450439453,13.5024995803833,13.574999809265137,11.53140640258789,134834,0.0,0.0,0.0
2021-10-21,13.5,13.652700424194336,13.479999542236328,13.505000114440918,11.471944808959961,220274,0.0,0.0,0.0
2021-10-22,13.420000076293945,13.613900184631348,13.420000076293945,13.59000015258789,11.544148445129395,124215,0.0,0.0,0.0
2021-10-25,13.59749984741211,13.695899963378906,13.529999732971191,13.619999885559082,11.569632530212402,128446,0.0,0.0,0.0
2021-10-26,13.545000076293945,13.70829963684082,13.545000076293945,13.6899995803833,11.629094123840332,294469,0.0,0.0,0.0
2021-10-27,13.699999809265137,13.984999656677246,13.64857006072998,13.96875,11.865882873535156,469259,0.0,0.0,0.0
2021-10-28,13.875,14.080389976501465,13.875,14.015000343322754,11.905168533325195,855440,0.0,0.0,0.0
2021-10-29,14.024999618530273,14.024999618530273,13.90250015258789,13.947500228881836,11.847830772399902,869564,0.0,0.0,0.0
2021-11-01,14.0600004196167,14.0600004196167,13.824999809265137,13.90999984741211,11.815973281860352,165406,0.0,0.0,0.0
2021-11-02,13.930000305175781,13.981399536132812,13.866510391235352,13.880000114440918,11.79049301147461,387989,0.0,0.0,0.0
2021-11-03,13.880000114440918,13.956709861755371,13.800000190734863,13.822500228881836,11.741647720336914,377184,0.0,0.0,0.0
2021-11-04,13.862500190734863,14.014100074768066,13.829330444335938,13.970000267028809,11.866943359375,165517,0.0,0.0,0.0
2021-11-05,13.932499885559082,14.192500114440918,13.89050006866455,14.167499542236328,12.034709930419922,249707,0.0,0.0,0.0
2021-11-08,14.069999694824219,14.2295503616333,14.069999694824219,14.170000076293945,12.036833763122559,166485,0.0,0.0,0.0
2021-11-09,14.154999732971191,14.285499572753906,14.105899810791016,14.267499923706055,12.119657516479492,184625,0.0,0.0,0.0
2021-11-10,14.274999618530273,14.291720390319824,14.050000190734863,14.0625,11.945518493652344,281778,0.0,0.0,0.0
2021-11-11,13.957500457763672,14.055000305175781,13.949199676513672,13.994999885559082,11.934515953063965,205866,0.0546,0.0,0.0
2021-11-12,14.0,14.076919555664062,13.968500137329102,13.979999542236328,11.921724319458008,152173,0.0,0.0,0.0
2021-11-15,14.0600004196167,14.094710350036621,13.920000076293945,13.947500228881836,11.894009590148926,300413,0.0,0.0,0.0
2021-11-16,13.899999618530273,13.970379829406738,13.848600387573242,13.90250015258789,11.855636596679688,1350985,0.0,0.0,0.0
2021-11-17,13.864999771118164,13.914999961853027,13.812760353088379,13.899999618530273,11.853503227233887,189952,0.0,0.0,0.0
2021-11-18,14.037500381469727,14.037500381469727,13.896100044250488,13.982500076293945,11.923856735229492,495351,0.0,0.0,0.0
2021-11-19,13.967499732971191,14.102899551391602,13.885180473327637,14.069999694824219,11.99847412109375,269391,0.0,0.0,0.0
2021-11-22,14.017499923706055,14.112899780273438,13.954999923706055,13.984999656677246,11.92598819732666,136452,0.0,0.0,0.0
2021-11-23,14.012499809265137,14.015999794006348,13.90999984741211,13.970000267028809,11.91319751739502,185071,0.0,0.0,0.0
2021-11-24,13.954999923706055,14.047579765319824,13.882109642028809,13.930000305175781,11.879087448120117,335343,0.0,0.0,0.0
2021-11-25,13.960000038146973,14.025979995727539,13.903650283813477,14.012499809265137,11.949440002441406,183699,0.0,0.0,0.0
2021-11-26,14.15999984741211,14.25,14.068849563598633,14.25,12.151972770690918,273899,0.0,0.0,0.0
2021-11-29,14.135000228881836,14.258299827575684,14.109999656677246,14.207500457763672,12.115731239318848,307701,0.0,0.0,0.0
2021-11-30,14.242500305175781,14.385000228881836,14.227499961853027,14.335000038146973,12.224458694458008,209391,0.0,0.0,0.0
2021-12-01,14.239999771118164,14.370869636535645,14.197500228881836,14.244999885559082,12.147709846496582,182459,0.0,0.0,0.0
2021-12-02,14.282500267028809,14.327500343322754,14.251529693603516,14.28499984741211,12.181819915771484,182395,0.0,0.0,0.0
2021-12-03,14.25,14.337400436401367,14.226739883422852,14.338749885559082,12.227656364440918,161877,0.0,0.0,0.0
2021-12-06,14.390000343322754,14.433600425720215,14.312299728393555,14.385000228881836,12.267096519470215,202125,0.0,0.0,0.0
2021-12-07,14.3100004196167,14.477499961853027,14.28689956665039,14.444999694824219,12.318263053894043,274413,0.0,0.0,0.0
2021-12-08,14.432499885559082,14.529500007629395,14.395400047302246,14.4350004196167,12.309736251831055,155924,0.0,0.0,0.0
2021-12-09,14.420000076293945,14.545000076293945,14.364999771118164,14.364999771118164,12.250041961669922,148376,0.0,0.0,0.0
2021-12-10,14.359999656677246,14.430000305175781,14.274999618530273,14.390000343322754,12.2713623046875,242485,0.0,0.0,0.0
2021-12-13,14.460000038146973,14.460000038146973,14.312600135803223,14.40625,12.285218238830566,62702,0.0,0.0,0.0
2021-12-14,14.319999694824219,14.449799537658691,14.314599990844727,14.336250305175781,12.225525856018066,421194,0.0,0.0,0.0
2021-12-15,14.3100004196167,14.335000038146973,14.244999885559082,14.289999961853027,12.186083793640137,200396,0.0,0.0,0.0
2021-12-16,14.257499694824219,14.357799530029297,14.108499526977539,14.2475004196167,12.14984130859375,1733652,0.0,0.0,0.0
2021-12-17,14.1899995803833,14.314399719238281,14.1899995803833,14.207500457763672,12.115731239318848,159251,0.0,0.0,0.0
2021-12-20,14.289999961853027,14.343830108642578,14.1850004196167,14.1850004196167,12.096542358398438,155213,0.0,0.0,0.0
2021-12-21,14.079999923706055,14.255000114440918,14.015700340270996,14.022500038146973,11.957967758178711,504638,0.0,0.0,0.0
2021-12-22,14.024999618530273,14.119999885559082,13.935199737548828,14.008749961853027,11.946242332458496,191321,0.0,0.0,0.0
2021-12-23,13.914999961853027,14.04304027557373,13.90742015838623,13.956250190734863,11.901473045349121,121949,0.0,0.0,0.0
2021-12-24,13.932499885559082,14.021039962768555,13.875,13.97249984741211,11.91533088684082,100810,0.0,0.0,0.0
2021-12-29,13.9350004196167,14.024999618530273,13.807100296020508,13.875,11.832183837890625,100468,0.0,0.0,0.0
2021-12-30,13.850000381469727,13.944999694824219,13.780719757080078,13.944999694824219,11.891877174377441,84683,0.0,0.0,0.0
2021-12-31,13.892499923706055,13.975000381469727,13.824999809265137,13.914999961853027,11.866296768188477,208999,0.0,0.0,0.0
2022-01-04,13.914999961853027,13.920000076293945,13.742500305175781,13.757499694824219,11.731983184814453,234592,0.0,0.0,0.0
2022-01-05,13.757499694824219,13.8125,13.727700233459473,13.774999618530273,11.746907234191895,297530,0.0,0.0,0.0
2022-01-06,13.862500190734863,13.862500190734863,13.632499694824219,13.654999732971191,11.644575119018555,280881,0.0,0.0,0.0
2022-01-07,13.667499542236328,13.677200317382812,13.612199783325195,13.625,11.618992805480957,279447,0.0,0.0,0.0
2022-01-10,13.552499771118164,13.630200386047363,13.552499771118164,13.600000381469727,11.597672462463379,251115,0.0,0.0,0.0
2022-01-11,13.550000190734863,13.670000076293945,13.550000190734863,13.670000076293945,11.657365798950195,222354,0.0,0.0,0.0
2022-01-12,13.654999732971191,13.715180397033691,13.634099960327148,13.6899995803833,11.674421310424805,79813,0.0,0.0,0.0
2022-01-13,13.682499885559082,13.766799926757812,13.64490032196045,13.734999656677246,11.71279525756836,112098,0.0,0.0,0.0
2022-01-14,13.699999809265137,13.766469955444336,13.677499771118164,13.6899995803833,11.674421310424805,183247,0.0,0.0,0.0
2022-01-17,13.6875,13.692500114440918,13.607439994812012,13.612500190734863,11.608333587646484,107773,0.0,0.0,0.0
2022-01-18,13.59749984741211,13.614999771118164,13.5600004196167,13.5649995803833,11.567825317382812,230725,0.0,0.0,0.0
2022-01-19,13.654999732971191,13.654999732971191,13.394100189208984,13.492500305175781,11.505998611450195,375776,0.0,0.0,0.0
2022-01-20,13.482500076293945,13.5447998046875,13.479330062866211,13.539999961853027,11.546506881713867,109569,0.0,0.0,0.0
2022-01-21,13.614999771118164,13.664999961853027,13.555009841918945,13.612500190734863,11.608333587646484,377598,0.0,0.0,0.0
2022-01-24,13.635000228881836,13.70479965209961,13.597200393676758,13.6899995803833,11.674421310424805,322785,0.0,0.0,0.0
2022-01-25,13.609999656677246,13.727100372314453,13.606900215148926,13.654999732971191,11.644575119018555,117528,0.0,0.0,0.0
2022-01-26,13.585000038146973,13.639699935913086,13.550000190734863,13.574999809265137,11.576353073120117,176145,0.0,0.0,0.0
2022-01-27,13.53499984741211,13.550000190734863,13.460000038146973,13.520000457763672,11.529451370239258,139883,0.0,0.0,0.0
2022-01-28,13.494999885559082,13.520000457763672,13.449999809265137,13.515000343322754,11.525187492370605,77302,0.0,0.0,0.0
2022-01-31,13.452500343322754,13.523300170898438,13.354999542236328,13.387499809265137,11.416459083557129,741991,0.0,0.0,0.0
2022-02-01,13.444999694824219,13.467499732971191,13.340299606323242,13.414999961853027,11.439910888671875,337099,0.0,0.0,0.0
2022-02-02,13.470000267028809,13.516599655151367,13.385000228881836,13.522500038146973,11.531584739685059,120235,0.0,0.0,0.0
2022-02-03,13.5,13.53499984741211,13.30679988861084,13.345000267028809,11.380215644836426,151434,0.0,0.0,0.0
2022-02-04,13.369999885559082,13.412110328674316,13.25564956665039,13.289999961853027,11.333312034606934,163959,0.0,0.0,0.0
2022-02-07,13.305000305175781,13.364999771118164,13.251449584960938,13.272500038146973,11.318391799926758,234835,0.0,0.0,0.0
2022-02-08,13.180000305175781,13.263250350952148,13.117500305175781,13.147500038146973,11.211795806884766,267108,0.0,0.0,0.0
2022-02-09,13.204999923706055,13.244999885559082,13.173139572143555,13.239999771118164,11.290675163269043,220644,0.0,0.0,0.0
2022-02-10,13.265000343322754,13.265000343322754,13.095000267028809,13.095000267028809,11.167024612426758,249824,0.0,0.0,0.0
2022-02-11,13.109999656677246,13.170000076293945,13.069999694824219,13.069999694824219,11.145705223083496,1821473,0.0,0.0,0.0
2022-02-14,12.992500305175781,13.209609985351562,12.992500305175781,13.032500267028809,11.113725662231445,153937,0.0,0.0,0.0
2022-02-15,13.067500114440918,13.104610443115234,12.965629577636719,13.079999923706055,11.154232025146484,285933,0.0,0.0,0.0
2022-02-16,13.045000076293945,13.137499809265137,13.03499984741211,13.137499809265137,11.203266143798828,140435,0.0,0.0,0.0
2022-02-17,13.132499694824219,13.229999542236328,13.117400169372559,13.192500114440918,11.250168800354004,283291,0.0,0.0,0.0
2022-02-18,13.202500343322754,13.329999923706055,13.179619789123535,13.3100004196167,11.350369453430176,94445,0.0,0.0,0.0
2022-02-21,13.239999771118164,13.34000015258789,13.239999771118164,13.303750038146973,11.345041275024414,60344,0.0,0.0,0.0
2022-02-22,13.319999694824219,13.374059677124023,13.175189971923828,13.202500343322754,11.258696556091309,147060,0.0,0.0,0.0
2022-02-23,13.199999809265137,13.277389526367188,13.165229797363281,13.188750267028809,11.24697208404541,217620,0.0,0.0,0.0
2022-02-24,13.270000457763672,13.351679801940918,13.154999732971191,13.177499771118164,11.23737907409668,242849,0.0,0.0,0.0
2022-02-25,13.22249984741211,13.234009742736816,13.117500305175781,13.130000114440918,11.196870803833008,161473,0.0,0.0,0.0
2022-02-28,13.172499656677246,13.235369682312012,13.1225004196167,13.202500343322754,11.258696556091309,181616,0.0,0.0,0.0
2022-03-01,13.244999885559082,13.649999618530273,13.242500305175781,13.649999618530273,11.640312194824219,200721,0.0,0.0,0.0
2022-03-02,13.585000038146973,13.617300033569336,13.392230033874512,13.414999961853027,11.439910888671875,199177,0.0,0.0,0.0
2022-03-03,13.354999542236328,13.442500114440918,13.248570442199707,13.313750267028809,11.353567123413086,141696,0.0,0.0,0.0
2022-03-04,13.3100004196167,13.470000267028809,13.3100004196167,13.462499618530273,11.480416297912598,397913,0.0,0.0,0.0
2022-03-07,13.520000457763672,13.541879653930664,13.311860084533691,13.319999694824219,11.358895301818848,764948,0.0,0.0,0.0
2022-03-08,13.257499694824219,13.324399948120117,13.157500267028809,13.148750305175781,11.212860107421875,216487,0.0,0.0,0.0
2022-03-09,13.140000343322754,13.180500030517578,13.0,13.074999809265137,11.149968147277832,114620,0.0,0.0,0.0
2022-03-10,13.072500228881836,13.124380111694336,12.986559867858887,13.03499984741211,11.115857124328613,137813,0.0,0.0,0.0
2022-03-11,12.9399995803833,13.098440170288086,12.9399995803833,13.055000305175781,11.132911682128906,92340,0.0,0.0,0.0
2022-03-14,13.007499694824219,13.010000228881836,12.907500267028809,12.911250114440918,11.010327339172363,238459,0.0,0.0,0.0
2022-03-15,12.944999694824219,12.998129844665527,12.921899795532227,12.975000381469727,11.064691543579102,181645,0.0,0.0,0.0
2022-03-16,12.9399995803833,12.9399995803833,12.821439743041992,12.885000228881836,10.987943649291992,147382,0.0,0.0,0.0
2022-03-17,12.930000305175781,13.017499923706055,12.86320972442627,12.9399995803833,11.034843444824219,502083,0.0,0.0,0.0
2022-03-18,12.84000015258789,13.039999961853027,12.84000015258789,13.015000343322754,11.09880256652832,134223,0.0,0.0,0.0
2022-03-21,13.022500038146973,13.022500038146973,12.845000267028809,12.845000267028809,10.95383071899414,168769,0.0,0.0,0.0
2022-03-22,12.854999542236328,12.854999542236328,12.741000175476074,12.770000457763672,10.889873504638672,198356,0.0,0.0,0.0
2022-03-23,12.772500038146973,12.869999885559082,12.75625991821289,12.845000267028809,10.95383071899414,323245,0.0,0.0,0.0
2022-03-24,12.800000190734863,12.875940322875977,12.738759994506836,12.850000381469727,10.95809555053711,301482,0.0,0.0,0.0
2022-03-25,12.927499771118164,12.930000305175781,12.762499809265137,12.795000076293945,10.91119384765625,348202,0.0,0.0,0.0
2022-03-28,12.75,12.960920333862305,12.72189998626709,12.925000190734863,11.022051811218262,313163,0.0,0.0,0.0
2022-03-29,12.864999771118164,12.943129539489746,12.795000076293945,12.875,10.979414939880371,413089,0.0,0.0,0.0
2022-03-30,12.897500038146973,12.950630187988281,12.781599998474121,12.869999885559082,10.975152015686035,298533,0.0,0.0,0.0
2022-03-31,12.920000076293945,12.947500228881836,12.848210334777832,12.914999961853027,11.013525009155273,348544,0.0,0.0,0.0
2022-04-01,12.927499771118164,12.96500015258789,12.84000015258789,12.954999923706055,11.047635078430176,303708,0.0,0.0,0.0
2022-04-04,12.97249984741211,13.107500076293945,12.917499542236328,13.047499656677246,11.126517295837402,294632,0.0,0.0,0.0
2022-04-05,13.029999732971191,13.032500267028809,12.878800392150879,12.949999809265137,11.043373107910156,113554,0.0,0.0,0.0
2022-04-06,12.890000343322754,12.962499618530273,12.780619621276855,12.84000015258789,10.949566841125488,137183,0.0,0.0,0.0
2022-04-07,12.859999656677246,12.916879653930664,12.767499923706055,12.800000190734863,10.915456771850586,91014,0.0,0.0,0.0
2022-04-08,12.925000190734863,12.925000190734863,12.699999809265137,12.765000343322754,10.885610580444336,242365,0.0,0.0,0.0
2022-04-11,12.704999923706055,12.710630416870117,12.630000114440918,12.640000343322754,10.779012680053711,154763,0.0,0.0,0.0
2022-04-12,12.595000267028809,12.720230102539062,12.5487699508667,12.6850004196167,10.817387580871582,118961,0.0,0.0,0.0
2022-04-13,12.600000381469727,12.68124008178711,12.561269760131836,12.670000076293945,10.804597854614258,120972,0.0,0.0,0.0
2022-04-14,12.6875,12.72916030883789,12.52750015258789,12.5600004196167,10.71079158782959,92719,0.0,0.0,0.0
2022-04-19,12.4975004196167,12.615900039672852,12.390000343322754,12.4399995803833,10.608458518981934,451632,0.0,0.0,0.0
2022-04-20,12.449999809265137,12.565600395202637,12.444999694824219,12.524999618530273,10.680943489074707,300209,0.0,0.0,0.0
2022-04-21,12.510000228881836,12.55150032043457,12.432499885559082,12.460000038146973,10.625513076782227,320684,0.0,0.0,0.0
2022-04-22,12.477499961853027,12.567999839782715,12.432499885559082,12.545000076293945,10.697999000549316,382585,0.0,0.0,0.0
2022-04-25,12.600000381469727,12.677499771118164,12.554089546203613,12.670000076293945,10.804597854614258,75817,0.0,0.0,0.0
2022-04-26,12.667499542236328,12.760000228881836,12.6274995803833,12.75,10.872817993164062,114496,0.0,0.0,0.0
2022-04-27,12.667499542236328,12.745909690856934,12.663299560546875,12.692500114440918,10.823784828186035,186745,0.0,0.0,0.0
2022-04-28,12.630000114440918,12.767180442810059,12.579429626464844,12.604999542236328,10.749167442321777,101094,0.0,0.0,0.0
2022-04-29,12.604999542236328,12.677499771118164,12.539999961853027,12.5600004196167,10.71079158782959,547159,0.0,0.0,0.0
2022-05-03,12.442500114440918,12.54800033569336,12.399829864501953,12.510000228881836,10.668152809143066,533229,0.0,0.0,0.0
2022-05-04,12.592499732971191,12.592499732971191,12.433300018310547,12.494999885559082,10.655362129211426,194944,0.0,0.0,0.0
2022-05-05,12.5,12.724089622497559,12.452750205993652,12.475000381469727,10.638306617736816,227589,0.0,0.0,0.0
2022-05-06,12.475000381469727,12.527999877929688,12.401000022888184,12.425000190734863,10.595666885375977,192608,0.0,0.0,0.0
2022-05-09,12.362500190734863,12.480489730834961,12.31167984008789,12.460000038146973,10.625513076782227,283777,0.0,0.0,0.0
2022-05-10,12.430000305175781,12.647500038146973,12.430000305175781,12.609999656677246,10.753430366516113,185154,0.0,0.0,0.0
2022-05-11,12.640000343322754,12.649100303649902,12.454999923706055,12.539999961853027,10.69373607635498,538039,0.0,0.0,0.0
2022-05-12,12.619999885559082,12.727499961853027,12.614259719848633,12.6899995803833,10.873156547546387,284825,0.0594,0.0,0.0
2022-05-13,12.702500343322754,12.717499732971191,12.614999771118164,12.642499923706055,10.83245849609375,291767,0.0,0.0,0.0
2022-05-16,12.647500038146973,12.66409969329834,12.568929672241211,12.662500381469727,10.849593162536621,172121,0.0,0.0,0.0
2022-05-17,12.640000343322754,12.877510070800781,12.475000381469727,12.475000381469727,10.688939094543457,716368,0.0,0.0,0.0
2022-05-18,12.475000381469727,12.554300308227539,12.430000305175781,12.494999885559082,10.706075668334961,324849,0.0,0.0,0.0
2022-05-19,12.5,12.616499900817871,12.487879753112793,12.506250381469727,10.715714454650879,260588,0.0,0.0,0.0
2022-05-20,12.425000190734863,12.487500190734863,12.401049613952637,12.452500343322754,10.669658660888672,1716297,0.0,0.0,0.0
2022-05-23,12.412500381469727,12.457500457763672,12.350000381469727,12.364999771118164,10.594686508178711,176448,0.0,0.0,0.0
2022-05-24,12.3774995803833,12.500659942626953,12.352499961853027,12.479999542236328,10.693222999572754,1151989,0.0,0.0,0.0
2022-05-25,12.46500015258789,12.483160018920898,12.3774995803833,12.414999961853027,10.637528419494629,283793,0.0,0.0,0.0
2022-05-26,12.4399995803833,12.485289573669434,12.324000358581543,12.335000038146973,10.568982124328613,1058583,0.0,0.0,0.0
2022-05-27,12.335000038146973,12.444999694824219,12.327569961547852,12.404999732971191,10.628960609436035,79544,0.0,0.0,0.0
2022-05-30,13.0,13.0,12.279999732971191,12.298749923706055,10.537922859191895,107960,0.0,0.0,0.0
2022-05-31,12.295000076293945,12.332500457763672,12.087499618530273,12.145000457763672,10.406184196472168,620092,0.0,0.0,0.0
2022-06-01,12.09000015258789,12.168519973754883,12.077500343322754,12.114999771118164,10.380480766296387,355908,0.0,0.0,0.0
2022-06-06,12.039999961853027,12.09000015258789,11.984399795532227,11.987500190734863,10.271234512329102,279833,0.0,0.0,0.0
2022-06-07,12.0,12.07699966430664,11.947500228881836,12.072500228881836,10.344064712524414,190335,0.0,0.0,0.0
2022-06-08,12.039999961853027,12.080280303955078,11.986000061035156,12.023750305175781,10.302295684814453,338165,0.0,0.0,0.0
2022-06-09,12.017499923706055,12.022000312805176,11.911680221557617,11.970000267028809,10.25623893737793,90628,0.0,0.0,0.0
2022-06-10,11.982500076293945,12.010000228881836,11.84000015258789,11.84000015258789,10.144852638244629,386893,0.0,0.0,0.0
2022-06-13,11.807499885559082,11.890000343322754,11.726149559020996,11.78499984741211,10.097724914550781,489523,0.0,0.0,0.0
2022-06-14,11.8100004196167,11.865500450134277,11.680000305175781,11.680000305175781,10.007760047912598,129548,0.0,0.0,0.0
2022-06-15,11.760000228881836,11.871789932250977,11.672730445861816,11.800000190734863,10.110577583312988,290329,0.0,0.0,0.0
2022-06-16,11.800000190734863,11.827500343322754,11.489480018615723,11.7524995803833,10.069879531860352,43258,0.0,0.0,0.0
2022-06-17,11.795000076293945,11.841739654541016,11.680000305175781,11.739999771118164,10.059168815612793,187973,0.0,0.0,0.0
2022-06-20,11.697500228881836,11.78499984741211,11.585000038146973,11.585000038146973,9.926361083984375,86936,0.0,0.0,0.0
2022-06-21,11.595000267028809,11.641329765319824,11.482500076293945,11.529999732971191,9.87923526763916,303326,0.0,0.0,0.0
2022-06-22,11.489999771118164,11.748359680175781,11.444930076599121,11.704999923706055,10.029179573059082,277223,0.0,0.0,0.0
2022-06-23,11.600000381469727,11.937399864196777,11.592499732971191,11.890000343322754,10.18769359588623,980927,0.0,0.0,0.0
2022-06-24,11.962499618530273,11.96500015258789,11.837499618530273,11.927499771118164,10.219822883605957,598353,0.0,0.0,0.0
2022-06-27,11.864999771118164,11.917499542236328,11.786600112915039,11.80875015258789,10.11807632446289,202423,0.0,0.0,0.0
2022-06-28,11.739999771118164,11.822500228881836,11.682499885559082,11.6899995803833,10.016326904296875,326917,0.0,0.0,0.0
2022-06-29,11.697500228881836,11.80659008026123,11.675000190734863,11.801250457763672,10.111649513244629,163147,0.0,0.0,0.0
2022-06-30,11.864999771118164,11.904999732971191,11.778280258178711,11.890000343322754,10.18769359588623,185876,0.0,0.0,0.0
2022-07-01,11.875,12.168689727783203,11.875,12.100000381469727,10.367626190185547,311425,0.0,0.0,0.0
2022-07-04,12.182499885559082,13.600000381469727,11.930000305175781,11.928750038146973,10.220895767211914,176583,0.0,0.0,0.0
2022-07-05,11.930000305175781,12.104900360107422,11.920000076293945,12.0600004196167,10.333354949951172,262163,0.0,0.0,0.0
2022-07-06,12.007499694824219,12.149200439453125,11.980409622192383,12.0,10.281943321228027,272595,0.0,0.0,0.0
2022-07-07,11.96500015258789,12.014399528503418,11.906499862670898,11.987500190734863,10.271234512329102,397927,0.0,0.0,0.0
2022-07-08,12.0600004196167,12.0600004196167,11.84883975982666,11.863750457763672,10.165202140808105,164785,0.0,0.0,0.0
2022-07-11,11.899999618530273,11.968999862670898,11.876020431518555,11.904999732971191,10.200546264648438,676993,0.0,0.0,0.0
2022-07-12,11.944999694824219,12.072540283203125,11.942399978637695,11.960000038146973,10.247672080993652,873170,0.0,0.0,0.0
2022-07-13,11.899999618530273,12.04419994354248,11.852499961853027,12.015000343322754,10.294797897338867,768007,0.0,0.0,0.0
2022-07-14,11.954999923706055,11.994999885559082,11.907959938049316,11.979999542236328,10.26480770111084,488163,0.0,0.0,0.0
2022-07-15,12.047499656677246,12.051529884338379,11.893250465393066,11.954999923706055,10.243386268615723,1206948,0.0,0.0,0.0
2022-07-18,11.892499923706055,11.943280220031738,11.827500343322754,11.867500305175781,10.168414115905762,93369,0.0,0.0,0.0
2022-07-19,11.954999923706055,11.954999923706055,11.78499984741211,11.8149995803833,10.123431205749512,289385,0.0,0.0,0.0
2022-07-20,11.845000267028809,11.9350004196167,11.817500114440918,11.854999542236328,10.157703399658203,413430,0.0,0.0,0.0
2022-07-21,11.8100004196167,12.02750015258789,11.77750015258789,12.0,10.281943321228027,284312,0.0,0.0,0.0
2022-07-22,12.057499885559082,12.151459693908691,12.034199714660645,12.130000114440918,10.393331527709961,394142,0.0,0.0,0.0
2022-07-25,12.117500305175781,12.133950233459473,12.057499885559082,12.0649995803833,10.337638854980469,250908,0.0,0.0,0.0
2022-07-26,12.09000015258789,12.14739990234375,12.072500228881836,12.109999656677246,10.37619686126709,277846,0.0,0.0,0.0
2022-07-27,12.024999618530273,12.09220027923584,12.008779525756836,12.047499656677246,10.322643280029297,536001,0.0,0.0,0.0
2022-07-28,12.0,12.210000038146973,11.979840278625488,12.210000038146973,10.46187973022461,1101035,0.0,0.0,0.0
2022-07-29,12.140000343322754,12.229999542236328,12.067500114440918,12.229999542236328,10.47901439666748,327635,0.0,0.0,0.0
2022-08-01,12.194999694824219,12.380000114440918,12.15198040008545,12.369999885559082,10.598969459533691,479915,0.0,0.0,0.0
2022-08-02,12.40250015258789,12.544839859008789,12.359000205993652,12.364999771118164,10.594686508178711,211122,0.0,0.0,0.0
2022-08-03,12.327500343322754,12.327500343322754,12.194499969482422,12.265000343322754,10.509005546569824,400158,0.0,0.0,0.0
2022-08-04,12.34000015258789,12.464249610900879,12.228599548339844,12.300000190734863,10.538993835449219,247528,0.0,0.0,0.0
2022-08-05,12.297499656677246,12.322199821472168,12.104999542236328,12.103750228881836,10.370841026306152,110394,0.0,0.0,0.0
2022-08-08,12.135000228881836,12.251199722290039,12.135000228881836,12.225000381469727,10.474730491638184,231109,0.0,0.0,0.0
2022-08-09,12.220000267028809,12.25687026977539,12.1850004196167,12.220000267028809,10.470447540283203,185375,0.0,0.0,0.0
2022-08-10,12.21500015258789,12.305000305175781,12.182499885559082,12.220000267028809,10.470447540283203,186152,0.0,0.0,0.0
2022-08-11,12.255000114440918,12.255000114440918,12.048450469970703,12.079999923706055,10.350491523742676,115681,0.0,0.0,0.0
2022-08-12,12.039999961853027,12.077500343322754,11.982500076293945,12.005000114440918,10.286227226257324,336592,0.0,0.0,0.0
2022-08-15,12.042499542236328,12.132200241088867,11.983050346374512,12.125,10.389049530029297,110419,0.0,0.0,0.0
2022-08-16,12.100000381469727,12.110799789428711,11.978569984436035,12.005000114440918,10.286227226257324,230624,0.0,0.0,0.0
2022-08-17,11.982500076293945,12.022500038146973,11.787500381469727,11.859999656677246,10.161988258361816,327150,0.0,0.0,0.0
2022-08-18,11.827500343322754,11.8725004196167,11.746540069580078,11.845000267028809,10.149136543273926,195544,0.0,0.0,0.0
2022-08-19,11.7524995803833,11.805000305175781,11.65999984741211,11.710000038146973,10.033464431762695,289132,0.0,0.0,0.0
2022-08-22,11.765000343322754,11.783379554748535,11.57859992980957,11.592499732971191,9.932787895202637,361726,0.0,0.0,0.0
2022-08-23,11.670000076293945,11.670000076293945,11.479999542236328,11.53499984741211,9.88351821899414,178833,0.0,0.0,0.0
2022-08-24,11.447500228881836,11.514289855957031,11.39428997039795,11.444999694824219,9.806404113769531,153462,0.0,0.0,0.0
2022-08-25,11.457500457763672,11.5024995803833,11.447500228881836,11.5,9.853529930114746,147842,0.0,0.0,0.0
2022-08-26,11.5024995803833,11.550000190734863,11.45359992980957,11.515000343322754,9.866381645202637,291413,0.0,0.0,0.0
2022-08-30,11.5,13.0,11.317399978637695,11.40999984741211,9.776415824890137,234616,0.0,0.0,0.0
2022-08-31,11.380000114440918,11.446940422058105,11.191100120544434,11.279999732971191,9.66502857208252,378635,0.0,0.0,0.0
2022-09-01,11.210000038146973,11.255000114440918,11.125,11.147500038146973,9.551498413085938,362602,0.0,0.0,0.0
2022-09-02,11.149999618530273,11.232500076293945,11.092499732971191,11.092499732971191,9.504371643066406,239858,0.0,0.0,0.0
2022-09-05,11.055000305175781,11.180000305175781,11.029899597167969,11.149999618530273,9.553640365600586,278437,0.0,0.0,0.0
2022-09-06,11.175000190734863,11.175000190734863,10.904999732971191,11.010000228881836,9.433683395385742,340636,0.0,0.0,0.0
2022-09-07,10.954999923706055,11.053000450134277,10.927499771118164,11.029999732971191,9.450820922851562,189786,0.0,0.0,0.0
2022-09-08,11.069999694824219,11.113229751586914,10.885000228881836,10.885000228881836,9.326580047607422,221053,0.0,0.0,0.0
2022-09-09,10.914999961853027,10.983050346374512,10.866769790649414,10.922499656677246,9.358711242675781,242890,0.0,0.0,0.0
2022-09-12,10.913649559020996,10.992500305175781,10.913649559020996,10.977499961853027,9.40583610534668,110165,0.0,0.0,0.0
2022-09-13,10.897500038146973,11.050000190734863,10.891160011291504,10.920000076293945,9.356569290161133,223707,0.0,0.0,0.0
2022-09-14,10.880000114440918,10.984999656677246,10.852499961853027,10.975000381469727,9.403695106506348,276869,0.0,0.0,0.0
2022-09-15,10.979999542236328,11.029999732971191,10.90250015258789,10.921250343322754,9.357640266418457,234077,0.0,0.0,0.0
2022-09-16,10.930000305175781,10.96714973449707,10.881409645080566,10.920000076293945,9.356569290161133,192310,0.0,0.0,0.0
2022-09-20,10.895000457763672,10.917499542236328,10.763799667358398,10.779999732971191,9.236614227294922,172092,0.0,0.0,0.0
2022-09-21,10.829999923706055,10.855170249938965,10.727499961853027,10.78499984741211,9.240899085998535,77951,0.0,0.0,0.0
2022-09-22,10.800000190734863,10.890000343322754,10.557499885559082,10.569999694824219,9.056679725646973,361232,0.0,0.0,0.0
2022-09-23,10.630000114440918,10.642359733581543,10.265000343322754,10.289999961853027,8.816766738891602,435845,0.0,0.0,0.0
2022-09-26,10.180000305175781,10.180000305175781,9.8725004196167,9.979999542236328,8.551151275634766,1122787,0.0,0.0,0.0
2022-09-27,9.977499961853027,10.039999961853027,9.5625,9.5625,8.193424224853516,483730,0.0,0.0,0.0
2022-09-28,9.604999542236328,10.329999923706055,9.470000267028809,10.25,8.782495498657227,1133368,0.0,0.0,0.0
2022-09-29,10.359999656677246,10.359999656677246,10.114999771118164,10.239999771118164,8.77392578125,807586,0.0,0.0,0.0
2022-09-30,10.359999656677246,10.40999984741211,10.199999809265137,10.40999984741211,8.919586181640625,358517,0.0,0.0,0.0
2022-10-03,10.350000381469727,10.550000190734863,10.282500267028809,10.387499809265137,8.900308609008789,1418358,0.0,0.0,0.0
2022-10-04,10.505000114440918,10.505000114440918,10.287500381469727,10.305000305175781,8.829620361328125,614523,0.0,0.0,0.0
2022-10-05,10.27750015258789,10.6274995803833,10.03499984741211,10.175000190734863,8.718233108520508,1338791,0.0,0.0,0.0
2022-10-06,10.104999542236328,10.566749572753906,9.965510368347168,10.03499984741211,8.598276138305664,318640,0.0,0.0,0.0
2022-10-07,10.055000305175781,10.055000305175781,9.912500381469727,9.954999923706055,8.529729843139648,608749,0.0,0.0,0.0
2022-10-10,9.954999923706055,9.993209838867188,9.683030128479004,9.710000038146973,8.319806098937988,157609,0.0,0.0,0.0
2022-10-11,9.699999809265137,9.817500114440918,9.649999618530273,9.737500190734863,8.34337043762207,389795,0.0,0.0,0.0
2022-10-12,9.640000343322754,9.729999542236328,9.517499923706055,9.727499961853027,8.33480167388916,405043,0.0,0.0,0.0
2022-10-13,9.704999923706055,10.114999771118164,9.704999923706055,9.90250015258789,8.484746932983398,313572,0.0,0.0,0.0
2022-10-14,10.020000457763672,10.217499732971191,9.767499923706055,9.772500038146973,8.373358726501465,487859,0.0,0.0,0.0
2022-10-17,10.0,10.6274995803833,9.960000038146973,10.135000228881836,8.683958053588867,909926,0.0,0.0,0.0
2022-10-18,10.104999542236328,10.211700439453125,10.000100135803223,10.1875,8.728941917419434,443460,0.0,0.0,0.0
2022-10-19,10.077500343322754,10.399999618530273,10.074999809265137,10.380000114440918,8.893880844116211,565139,0.0,0.0,0.0
2022-10-20,10.350000381469727,10.479999542236328,10.276579856872559,10.380000114440918,8.893880844116211,440323,0.0,0.0,0.0
2022-10-21,10.3100004196167,10.545660018920898,10.185859680175781,10.194999694824219,8.735367774963379,317946,0.0,0.0,0.0
2022-10-24,10.449999809265137,10.618149757385254,10.337499618530273,10.5,8.996702194213867,285923,0.0,0.0,0.0
2022-10-25,10.6274995803833,10.762499809265137,10.527099609375,10.595000267028809,9.078100204467773,953877,0.0,0.0,0.0
2022-10-26,10.595000267028809,10.712499618530273,10.507499694824219,10.640000343322754,9.116658210754395,602736,0.0,0.0,0.0
2022-10-27,10.630000114440918,10.795000076293945,10.582500457763672,10.795000076293945,9.249465942382812,217358,0.0,0.0,0.0
2022-10-28,10.9399995803833,11.0,10.7295503616333,10.765000343322754,9.223761558532715,164020,0.0,0.0,0.0
2022-10-31,10.800000190734863,10.800000190734863,10.645000457763672,10.694999694824219,9.163782119750977,383335,0.0,0.0,0.0
2022-11-01,10.739999771118164,10.829999923706055,10.635000228881836,10.755000114440918,9.215192794799805,326486,0.0,0.0,0.0
2022-11-02,10.797499656677246,10.8149995803833,10.725000381469727,10.789999961853027,9.245182991027832,200649,0.0,0.0,0.0
2022-11-03,10.739999771118164,10.779470443725586,10.607950210571289,10.675000190734863,9.146645545959473,475082,0.0,0.0,0.0
2022-11-04,10.739999771118164,10.739999771118164,10.57151985168457,10.630000114440918,9.108089447021484,139784,0.0,0.0,0.0
2022-11-07,10.630000114440918,10.669949531555176,10.537500381469727,10.5600004196167,9.048110961914062,262788,0.0,0.0,0.0
2022-11-08,10.4350004196167,10.663479804992676,10.4350004196167,10.647500038146973,9.123085975646973,311793,0.0,0.0,0.0
2022-11-09,10.657500267028809,10.818099975585938,10.628520011901855,10.78499984741211,9.240899085998535,333091,0.0,0.0,0.0
2022-11-10,10.822500228881836,11.01449966430664,10.737500190734863,10.979999542236328,9.407978057861328,243353,0.0,0.0,0.0
2022-11-11,10.979999542236328,10.979999542236328,10.837499618530273,10.875,9.318012237548828,647061,0.0,0.0,0.0
2022-11-14,10.9375,10.979999542236328,10.84749984741211,10.875,9.318012237548828,227139,0.0,0.0,0.0
2022-11-15,10.892499923706055,10.944999694824219,10.829999923706055,10.944999694824219,9.377989768981934,349393,0.0,0.0,0.0
2022-11-16,10.944999694824219,11.1225004196167,10.867500305175781,11.102499961853027,9.512940406799316,234956,0.0,0.0,0.0
2022-11-17,11.0649995803833,11.069999694824219,10.890000343322754,10.952500343322754,9.45192813873291,334008,0.0793,0.0,0.0
2022-11-18,10.917499542236328,11.0024995803833,10.852499961853027,10.930000305175781,9.432510375976562,204304,0.0,0.0,0.0
2022-11-21,10.930000305175781,11.045000076293945,10.864999771118164,11.0,9.492919921875,363646,0.0,0.0,0.0
2022-11-22,10.949999809265137,11.032500267028809,10.949999809265137,10.994999885559082,9.488605499267578,311917,0.0,0.0,0.0
2022-11-23,11.0,11.167499542236328,10.995039939880371,11.137499809265137,9.611579895019531,225426,0.0,0.0,0.0
2022-11-24,11.164999961853027,11.239999771118164,11.0649995803833,11.0649995803833,9.549013137817383,85018,0.0,0.0,0.0
2022-11-25,10.994999885559082,11.0649995803833,10.967499732971191,10.994999885559082,9.488605499267578,447468,0.0,0.0,0.0
2022-11-28,11.0625,11.0625,10.9375,10.979999542236328,9.475658416748047,76269,0.0,0.0,0.0
2022-11-29,11.029999732971191,11.050000190734863,10.9350004196167,11.0,9.492919921875,209967,0.0,0.0,0.0
2022-11-30,10.920000076293945,10.992500305175781,10.912500381469727,10.925000190734863,9.428194999694824,104617,0.0,0.0,0.0
2022-12-01,10.979999542236328,11.055000305175781,10.9375,10.979999542236328,9.475658416748047,506313,0.0,0.0,0.0
2022-12-02,10.984999656677246,11.042499542236328,10.87559986114502,10.895000457763672,9.402305603027344,145217,0.0,0.0,0.0
2022-12-05,10.892499923706055,10.97249984741211,10.892399787902832,10.949999809265137,9.4497709274292,259317,0.0,0.0,0.0
2022-12-06,10.954999923706055,11.02750015258789,10.9375,10.979999542236328,9.475658416748047,91743,0.0,0.0,0.0
2022-12-07,11.055000305175781,11.055000305175781,10.904999732971191,10.960000038146973,9.45840072631836,327363,0.0,0.0,0.0
2022-12-08,10.949999809265137,10.987500190734863,10.907500267028809,10.930000305175781,9.432510375976562,73766,0.0,0.0,0.0
2022-12-09,10.890000343322754,10.932499885559082,10.824999809265137,10.845000267028809,9.359155654907227,183383,0.0,0.0,0.0
2022-12-12,10.8725004196167,10.925000190734863,10.77750015258789,10.78499984741211,9.307376861572266,121299,0.0,0.0,0.0
2022-12-13,10.75,10.829790115356445,10.680000305175781,10.704999923706055,9.238336563110352,238824,0.0,0.0,0.0
2022-12-14,10.762499809265137,10.762499809265137,10.654999732971191,10.699999809265137,9.23402214050293,876100,0.0,0.0,0.0
2022-12-15,10.967499732971191,11.199999809265137,10.742199897766113,10.779999732971191,9.303060531616211,135475,0.0,0.0,0.0
2022-12-16,10.770000457763672,10.770000457763672,10.640000343322754,10.704999923706055,9.238336563110352,183739,0.0,0.0,0.0
2022-12-19,10.6899995803833,10.710000038146973,10.582500457763672,10.585000038146973,9.134778022766113,143064,0.0,0.0,0.0
2022-12-20,10.510000228881836,10.574999809265137,10.460000038146973,10.5,9.061423301696777,430662,0.0,0.0,0.0
2022-12-21,10.47249984741211,10.569999694824219,10.47249984741211,10.545000076293945,9.100257873535156,221565,0.0,0.0,0.0
2022-12-22,10.574999809265137,10.582500457763672,10.47301959991455,10.522500038146973,9.080841064453125,2091746,0.0,0.0,0.0
2022-12-23,10.4975004196167,10.512499809265137,10.447500228881836,10.510000228881836,9.070054054260254,502511,0.0,0.0,0.0
2022-12-28,10.40999984741211,10.475000381469727,10.362500190734863,10.475000381469727,9.039849281311035,172035,0.0,0.0,0.0
2022-12-29,10.487500190734863,10.487500190734863,10.422499656677246,10.475000381469727,9.039849281311035,69035,0.0,0.0,0.0
2022-12-30,10.432499885559082,10.489999771118164,10.40250015258789,10.489999771118164,9.0527925491333,24994,0.0,0.0,0.0
2023-01-03,11.0,11.0,10.470000267028809,10.489999771118164,9.0527925491333,204591,0.0,0.0,0.0
2023-01-04,10.507499694824219,10.609999656677246,10.507499694824219,10.609999656677246,9.156352043151855,79431,0.0,0.0,0.0
2023-01-05,10.612500190734863,10.6225004196167,10.517499923706055,10.539999961853027,9.095943450927734,143529,0.0,0.0,0.0
2023-01-06,10.5649995803833,10.595000267028809,10.48960018157959,10.59000015258789,9.139092445373535,242218,0.0,0.0,0.0
2023-01-09,10.555000305175781,10.5600004196167,10.505000114440918,10.505000114440918,9.065738677978516,413864,0.0,0.0,0.0
2023-01-10,10.5,10.5600004196167,10.467499732971191,10.53499984741211,9.091629028320312,107724,0.0,0.0,0.0
2023-01-11,10.567500114440918,10.737500190734863,10.5600004196167,10.6850004196167,9.221078872680664,438778,0.0,0.0,0.0
2023-01-12,10.699999809265137,10.797499656677246,10.699999809265137,10.760000228881836,9.28580093383789,291482,0.0,0.0,0.0
2023-01-13,10.787500381469727,10.832500457763672,10.72249984741211,10.734999656677246,9.264225959777832,422290,0.0,0.0,0.0
2023-01-16,10.680000305175781,10.762499809265137,10.664999961853027,10.725000381469727,9.255596160888672,142888,0.0,0.0,0.0
2023-01-17,10.6875,10.755000114440918,10.623200416564941,10.755000114440918,9.281486511230469,242993,0.0,0.0,0.0
2023-01-18,10.800000190734863,10.859999656677246,10.712499618530273,10.755000114440918,9.281486511230469,176276,0.0,0.0,0.0
2023-01-19,10.824999809265137,10.825909614562988,10.730030059814453,10.8149995803833,9.33326530456543,220224,0.0,0.0,0.0
2023-01-20,10.827500343322754,10.832500457763672,10.732500076293945,10.729999542236328,9.259910583496094,660041,0.0,0.0,0.0
2023-01-23,10.760000228881836,10.767499923706055,10.688300132751465,10.731249809265137,9.260991096496582,215790,0.0,0.0,0.0
2023-01-24,10.725000381469727,10.819999694824219,10.725000381469727,10.8125,9.331107139587402,709017,0.0,0.0,0.0
2023-01-25,10.84749984741211,10.912500381469727,10.8149995803833,10.829999923706055,9.346210479736328,273311,0.0,0.0,0.0
2023-01-26,10.867500305175781,10.897500038146973,10.772500038146973,10.782500267028809,9.305219650268555,138265,0.0,0.0,0.0
2023-01-27,10.744999885559082,10.766500473022461,10.717499732971191,10.75,9.277172088623047,114120,0.0,0.0,0.0
2023-01-30,10.800000190734863,10.800000190734863,10.699999809265137,10.75,9.277172088623047,169438,0.0,0.0,0.0
2023-01-31,10.789999961853027,10.809599876403809,10.708000183105469,10.755000114440918,9.281486511230469,686294,0.0,0.0,0.0
2023-02-01,10.710000038146973,10.837499618530273,10.704999923706055,10.739999771118164,9.268540382385254,758133,0.0,0.0,0.0
2023-02-02,10.800000190734863,11.005000114440918,10.795000076293945,11.005000114440918,9.497234344482422,372276,0.0,0.0,0.0
2023-02-03,11.024999618530273,11.02750015258789,10.90250015258789,10.920000076293945,9.423879623413086,194855,0.0,0.0,0.0
2023-02-06,10.827500343322754,10.920000076293945,10.75,10.795000076293945,9.316004753112793,205727,0.0,0.0,0.0
2023-02-07,10.774999618530273,10.806400299072266,10.714799880981445,10.7524995803833,9.279328346252441,279558,0.0,0.0,0.0
2023-02-08,10.760000228881836,10.782500267028809,10.702500343322754,10.725000381469727,9.255596160888672,134860,0.0,0.0,0.0
2023-02-09,10.920000076293945,10.920000076293945,10.737500190734863,10.75,9.277172088623047,346835,0.0,0.0,0.0
2023-02-10,10.6899995803833,10.795000076293945,10.65999984741211,10.672499656677246,9.210288047790527,246502,0.0,0.0,0.0
2023-02-13,10.672499656677246,10.672499656677246,10.614999771118164,10.65999984741211,9.199501991271973,87149,0.0,0.0,0.0
2023-02-14,10.675000190734863,10.682299613952637,10.557499885559082,10.574999809265137,9.126147270202637,108220,0.0,0.0,0.0
2023-02-15,10.574999809265137,10.6875,10.574999809265137,10.59000015258789,9.139092445373535,222234,0.0,0.0,0.0
2023-02-16,10.600000381469727,10.8125,10.539999961853027,10.595000267028809,9.143407821655273,468484,0.0,0.0,0.0
2023-02-17,10.532500267028809,10.59000015258789,10.5,10.542499542236328,9.098098754882812,218563,0.0,0.0,0.0
2023-02-20,10.572500228881836,10.614999771118164,10.555000305175781,10.592499732971191,9.141249656677246,190822,0.0,0.0,0.0
2023-02-21,10.592499732971191,10.630000114440918,10.444999694824219,10.475000381469727,9.039849281311035,275143,0.0,0.0,0.0
2023-02-22,10.482500076293945,10.515000343322754,10.422800064086914,10.515000343322754,9.074366569519043,137226,0.0,0.0,0.0
2023-02-23,10.510000228881836,10.510000228881836,10.430000305175781,10.507499694824219,9.06789493560791,127745,0.0,0.0,0.0
2023-02-24,10.532500267028809,10.552499771118164,10.422499656677246,10.444999694824219,9.013957023620605,85470,0.0,0.0,0.0
2023-02-27,10.457500457763672,10.479999542236328,10.372599601745605,10.385000228881836,8.962179183959961,139347,0.0,0.0,0.0
2023-02-28,10.382499694824219,10.412500381469727,10.3125,10.385000228881836,8.962179183959961,424258,0.0,0.0,0.0
2023-03-01,10.385000228881836,10.439900398254395,10.329999923706055,10.335000038146973,8.919029235839844,209423,0.0,0.0,0.0
2023-03-02,10.1899995803833,10.367500305175781,10.1899995803833,10.324999809265137,8.910398483276367,734435,0.0,0.0,0.0
2023-03-03,10.319999694824219,10.375,10.310600280761719,10.350000381469727,8.931974411010742,270084,0.0,0.0,0.0
2023-03-06,10.354999542236328,10.41670036315918,10.34689998626709,10.350000381469727,8.931974411010742,398870,0.0,0.0,0.0
2023-03-07,10.354999542236328,10.4975004196167,10.335000038146973,10.3774995803833,8.955705642700195,116299,0.0,0.0,0.0
2023-03-08,10.319999694824219,10.479999542236328,10.319999694824219,10.449999809265137,9.018272399902344,313591,0.0,0.0,0.0
2023-03-09,10.427499771118164,10.457500457763672,10.395000457763672,10.425000190734863,8.996698379516602,258605,0.0,0.0,0.0
2023-03-10,10.489999771118164,10.612500190734863,10.47249984741211,10.524999618530273,9.082996368408203,390499,0.0,0.0,0.0
2023-03-13,10.539999961853027,10.875,10.537500381469727,10.726249694824219,9.256674766540527,617491,0.0,0.0,0.0
2023-03-14,10.8100004196167,10.8125,10.60830020904541,10.647500038146973,9.188714027404785,211994,0.0,0.0,0.0
2023-03-15,10.59000015258789,10.882499694824219,10.59000015258789,10.792499542236328,9.313848495483398,413025,0.0,0.0,0.0
2023-03-16,10.710000038146973,10.880000114440918,10.710000038146973,10.770000457763672,9.29443073272705,222373,0.0,0.0,0.0
2023-03-17,10.852499961853027,10.917499542236328,10.737500190734863,10.819999694824219,9.337580680847168,211741,0.0,0.0,0.0
2023-03-20,10.954999923706055,10.990900039672852,10.792499542236328,10.805000305175781,9.324636459350586,660453,0.0,0.0,0.0
2023-03-21,10.852499961853027,10.852499961853027,10.702500343322754,10.755000114440918,9.281486511230469,144078,0.0,0.0,0.0
2023-03-22,10.699999809265137,10.72249984741211,10.594400405883789,10.680000305175781,9.216761589050293,396302,0.0,0.0,0.0
2023-03-23,10.800000190734863,12.350000381469727,10.662300109863281,10.757499694824219,9.283644676208496,313745,0.0,0.0,0.0
2023-03-24,10.854999542236328,10.982500076293945,10.819999694824219,10.819999694824219,9.337580680847168,247145,0.0,0.0,0.0
2023-03-27,10.802499771118164,10.819999694824219,10.6850004196167,10.766249656677246,9.291194915771484,151415,0.0,0.0,0.0
2023-03-28,10.717499732971191,10.7524995803833,10.667499542236328,10.734999656677246,9.264225959777832,227138,0.0,0.0,0.0
2023-03-29,10.710000038146973,10.762499809265137,10.694600105285645,10.729999542236328,9.259910583496094,205061,0.0,0.0,0.0
2023-03-30,10.782500267028809,10.797499656677246,10.6899995803833,10.6899995803833,9.225390434265137,219591,0.0,0.0,0.0
2023-03-31,10.699999809265137,10.712499618530273,10.640000343322754,10.694999694824219,9.229705810546875,232541,0.0,0.0,0.0
2023-04-03,10.710000038146973,10.82699966430664,10.647500038146973,10.8149995803833,9.33326530456543,296029,0.0,0.0,0.0
2023-04-04,10.78499984741211,10.805000305175781,10.707500457763672,10.792499542236328,9.313848495483398,571596,0.0,0.0,0.0
2023-04-05,10.789999961853027,10.832500457763672,10.707500457763672,10.78499984741211,9.307376861572266,196741,0.0,0.0,0.0
2023-04-06,10.805000305175781,10.832500457763672,10.78279972076416,10.795000076293945,9.316004753112793,136919,0.0,0.0,0.0
2023-04-11,10.699999809265137,10.852499961853027,10.680000305175781,10.697500228881836,9.23186206817627,284990,0.0,0.0,0.0
2023-04-12,10.727499961853027,10.781200408935547,10.653070449829102,10.6850004196167,9.221078872680664,320375,0.0,0.0,0.0
2023-04-13,10.699999809265137,10.715200424194336,10.63479995727539,10.640000343322754,9.182242393493652,962286,0.0,0.0,0.0
2023-04-14,10.640000343322754,10.654999732971191,10.579999923706055,10.579999923706055,9.130462646484375,212587,0.0,0.0,0.0
2023-04-17,10.574999809265137,10.592499732971191,10.532500267028809,10.53499984741211,9.091629028320312,287982,0.0,0.0,0.0
2023-04-18,10.520000457763672,10.527589797973633,10.479999542236328,10.4975004196167,9.05926513671875,524932,0.0,0.0,0.0
2023-04-19,10.444999694824219,10.447500228881836,10.390000343322754,10.420000076293945,8.99238395690918,420473,0.0,0.0,0.0
2023-04-20,10.427499771118164,10.494999885559082,10.41469955444336,10.494999885559082,9.057107925415039,397532,0.0,0.0,0.0
2023-04-21,10.515000343322754,10.532500267028809,10.471400260925293,10.494999885559082,9.057107925415039,213711,0.0,0.0,0.0
2023-04-24,10.489999771118164,10.517499923706055,10.460000038146973,10.489999771118164,9.0527925491333,298188,0.0,0.0,0.0
2023-04-25,10.512499809265137,10.574999809265137,10.5,10.5649995803833,9.117515563964844,568186,0.0,0.0,0.0
2023-04-26,10.5649995803833,10.579999923706055,10.510000228881836,10.510000228881836,9.070054054260254,309749,0.0,0.0,0.0
2023-04-27,10.460000038146973,10.524999618530273,10.4399995803833,10.4399995803833,9.0096435546875,857700,0.0,0.0,0.0
2023-04-28,10.457500457763672,10.529999732971191,10.452500343322754,10.505000114440918,9.065738677978516,294603,0.0,0.0,0.0
2023-05-02,10.4350004196167,10.555000305175781,10.429889678955078,10.555000305175781,9.108887672424316,141763,0.0,0.0,0.0
2023-05-03,10.550000190734863,10.586899757385254,10.510000228881836,10.529999732971191,9.087312698364258,147336,0.0,0.0,0.0
2023-05-04,10.515000343322754,10.5649995803833,10.46500015258789,10.5649995803833,9.117515563964844,128645,0.0,0.0,0.0
2023-05-05,10.422499656677246,10.630000114440918,10.422499656677246,10.454999923706055,9.022589683532715,156740,0.0,0.0,0.0
2023-05-09,10.460000038146973,10.75,10.399999618530273,10.414999961853027,8.988067626953125,327304,0.0,0.0,0.0
2023-05-10,10.397500038146973,10.457500457763672,10.387499809265137,10.4399995803833,9.0096435546875,332966,0.0,0.0,0.0
2023-05-11,10.467499732971191,10.545000076293945,10.442500114440918,10.517499923706055,9.07652473449707,247646,0.0,0.0,0.0
2023-05-12,10.4975004196167,10.517499923706055,10.4375,10.457500457763672,9.02474594116211,254138,0.0,0.0,0.0
2023-05-15,10.430000305175781,10.449999809265137,10.407500267028809,10.414999961853027,8.988067626953125,280334,0.0,0.0,0.0
2023-05-16,10.470000267028809,10.477499961853027,10.399999618530273,10.399999618530273,8.975122451782227,484457,0.0,0.0,0.0
2023-05-17,10.444999694824219,10.452500343322754,10.395000457763672,10.399999618530273,8.975122451782227,412541,0.0,0.0,0.0
2023-05-18,10.3725004196167,10.417499542236328,10.289999961853027,10.292499542236328,8.882351875305176,398629,0.0,0.0,0.0
2023-05-19,10.289999961853027,10.292499542236328,10.020000457763672,10.15999984741211,8.862984657287598,359494,0.1103,0.0,0.0
2023-05-22,10.175000190734863,10.194999694824219,10.117500305175781,10.117500305175781,8.825912475585938,482680,0.0,0.0,0.0
2023-05-23,10.119999885559082,10.119999885559082,10.020000457763672,10.037500381469727,8.756124496459961,492399,0.0,0.0,0.0
2023-05-24,9.885000228881836,10.02750015258789,9.866080284118652,10.010000228881836,8.732134819030762,906282,0.0,0.0,0.0
2023-05-25,9.982500076293945,9.987500190734863,9.892800331115723,9.914999961853027,8.649262428283691,2566518,0.0,0.0,0.0
2023-05-26,9.979999542236328,10.085000038146973,9.868200302124023,9.90250015258789,8.638359069824219,878580,0.0,0.0,0.0
2023-05-30,10.0,10.0,9.90487003326416,9.970000267028809,8.697240829467773,799163,0.0,0.0,0.0
2023-05-31,10.0,10.279999732971191,10.0,10.042499542236328,8.760485649108887,730372,0.0,0.0,0.0
2023-06-01,10.005000114440918,10.112500190734863,10.005000114440918,10.087499618530273,8.799741744995117,383204,0.0,0.0,0.0
2023-06-02,10.100000381469727,10.100000381469727,10.05519962310791,10.085000038146973,8.797560691833496,275532,0.0,0.0,0.0
2023-06-05,10.03499984741211,10.077500343322754,10.015000343322754,10.032500267028809,8.751763343811035,345568,0.0,0.0,0.0
2023-06-06,10.03499984741211,10.07409954071045,10.016300201416016,10.0625,8.777933120727539,541079,0.0,0.0,0.0
2023-06-07,10.052499771118164,10.073599815368652,10.024999618530273,10.032500267028809,8.751763343811035,528409,0.0,0.0,0.0
2023-06-08,10.005000114440918,10.02750015258789,9.98408031463623,10.020000457763672,8.740859031677246,286667,0.0,0.0,0.0
2023-06-09,10.03499984741211,10.0625,10.010000228881836,10.0337495803833,8.752853393554688,162196,0.0,0.0,0.0
2023-06-12,10.03499984741211,10.039999961853027,9.954999923706055,9.961250305175781,8.689608573913574,322630,0.0,0.0,0.0
2023-06-13,9.9399995803833,9.958600044250488,9.881699562072754,9.882499694824219,8.620911598205566,321571,0.0,0.0,0.0
2023-06-14,9.897500038146973,9.9399995803833,9.882499694824219,9.9399995803833,8.67107105255127,5623472,0.0,0.0,0.0
2023-06-15,9.922499656677246,9.989999771118164,9.91409969329834,9.957500457763672,8.686336517333984,211929,0.0,0.0,0.0
2023-06-16,9.957500457763672,10.005000114440918,9.932499885559082,9.962499618530273,8.69069766998291,464424,0.0,0.0,0.0
2023-06-19,9.977499961853027,9.977499961853027,9.90250015258789,9.9087495803833,8.643810272216797,605352,0.0,0.0,0.0
2023-06-20,9.920000076293945,10.024999618530273,9.899100303649902,10.010000228881836,8.732134819030762,738590,0.0,0.0,0.0
2023-06-21,10.0,10.0,9.907500267028809,9.944999694824219,8.675432205200195,313570,0.0,0.0,0.0
2023-06-22,9.962499618530273,10.005000114440918,9.9350004196167,9.979999542236328,8.705964088439941,529331,0.0,0.0,0.0
2023-06-23,9.984999656677246,10.086999893188477,9.984299659729004,10.007499694824219,8.72995376586914,1289332,0.0,0.0,0.0
2023-06-26,10.0,10.0625,9.989999771118164,10.047499656677246,8.764847755432129,204646,0.0,0.0,0.0
2023-06-27,10.047499656677246,10.079999923706055,10.007499694824219,10.017499923706055,8.738676071166992,749089,0.0,0.0,0.0
2023-06-28,10.029999732971191,10.0625,10.004599571228027,10.048749923706055,8.765937805175781,306000,0.0,0.0,0.0
2023-06-29,10.02750015258789,10.05405044555664,9.984600067138672,10.005000114440918,8.72777271270752,357832,0.0,0.0,0.0
2023-06-30,9.982500076293945,10.005000114440918,9.949999809265137,10.0024995803833,8.725592613220215,461543,0.0,0.0,0.0
2023-07-03,10.0,10.057499885559082,9.962499618530273,9.975000381469727,8.701603889465332,159786,0.0,0.0,0.0
2023-07-04,9.975000381469727,10.017499923706055,9.942500114440918,10.0,8.723411560058594,466539,0.0,0.0,0.0
2023-07-05,9.967499732971191,10.100000381469727,9.932499885559082,9.9375,8.668890953063965,357639,0.0,0.0,0.0
2023-07-06,9.907500267028809,9.930000305175781,9.774999618530273,9.817500114440918,8.564208984375,1007913,0.0,0.0,0.0
2023-07-07,9.837499618530273,9.837499618530273,9.755000114440918,9.800000190734863,8.548944473266602,418844,0.0,0.0,0.0
2023-07-10,9.805000305175781,9.819999694824219,9.771650314331055,9.807499885559082,8.555485725402832,359548,0.0,0.0,0.0
2023-07-11,9.842499732971191,9.845600128173828,9.792499542236328,9.802499771118164,8.55112361907959,117164,0.0,0.0,0.0
2023-07-12,9.819999694824219,9.899999618530273,9.802499771118164,9.887499809265137,8.625272750854492,278293,0.0,0.0,0.0
2023-07-13,10.079999923706055,10.079999923706055,9.899999618530273,9.949999809265137,8.679794311523438,462942,0.0,0.0,0.0
2023-07-14,9.944999694824219,9.99485969543457,9.9350004196167,9.954999923706055,8.68415641784668,180378,0.0,0.0,0.0
2023-07-17,9.970000267028809,10.0,9.932499885559082,9.942500114440918,8.673253059387207,339811,0.0,0.0,0.0
2023-07-18,9.975000381469727,10.032500267028809,9.975000381469727,10.022500038146973,8.74303913116455,387522,0.0,0.0,0.0
2023-07-19,10.102499961853027,10.182299613952637,10.102499961853027,10.130000114440918,8.83681583404541,284888,0.0,0.0,0.0
2023-07-20,10.15999984741211,10.175000190734863,10.082500457763672,10.085000038146973,8.797560691833496,499772,0.0,0.0,0.0
2023-07-21,10.112500190734863,10.112500190734863,10.057499885559082,10.092499732971191,8.80410385131836,645807,0.0,0.0,0.0
2023-07-24,10.107500076293945,10.167499542236328,10.079999923706055,10.100000381469727,8.810646057128906,491133,0.0,0.0,0.0
2023-07-25,10.050000190734863,10.104999542236328,10.050000190734863,10.087499618530273,8.799741744995117,483870,0.0,0.0,0.0
2023-07-26,10.149999618530273,10.149999618530273,10.0625,10.079999923706055,8.79319953918457,250625,0.0,0.0,0.0
2023-07-27,10.119999885559082,10.119999885559082,10.055000305175781,10.0625,8.777933120727539,339160,0.0,0.0,0.0
2023-07-28,10.029999732971191,10.070300102233887,9.9975004196167,10.045000076293945,8.762667655944824,392718,0.0,0.0,0.0
2023-07-31,10.029999732971191,10.082500457763672,10.007499694824219,10.0649995803833,8.780113220214844,449898,0.0,0.0,0.0
2023-08-01,10.082500457763672,10.329999923706055,10.00220012664795,10.0024995803833,8.725592613220215,1005443,0.0,0.0,0.0
2023-08-02,10.015000343322754,10.039999961853027,9.98289966583252,10.015000343322754,8.73649787902832,1464957,0.0,0.0,0.0
2023-08-03,9.97249984741211,10.020000457763672,9.930000305175781,9.947500228881836,8.677613258361816,247626,0.0,0.0,0.0
2023-08-04,9.932499885559082,10.010000228881836,9.90999984741211,10.0,8.723411560058594,241100,0.0,0.0,0.0
2023-08-07,10.005000114440918,10.005000114440918,9.932499885559082,9.954999923706055,8.68415641784668,407110,0.0,0.0,0.0
2023-08-08,10.0,10.045000076293945,9.979999542236328,10.0,8.723411560058594,236881,0.0,0.0,0.0
2023-08-09,10.010000228881836,10.032500267028809,9.97249984741211,10.020000457763672,8.740859031677246,225408,0.0,0.0,0.0
2023-08-10,9.989999771118164,10.047499656677246,9.987500190734863,10.021249771118164,8.741949081420898,355694,0.0,0.0,0.0
2023-08-11,9.960000038146973,9.989999771118164,9.869999885559082,9.869999885559082,8.610007286071777,950886,0.0,0.0,0.0
2023-08-14,9.887499809265137,9.914999961853027,9.852499961853027,9.859999656677246,8.601283073425293,314765,0.0,0.0,0.0
2023-08-15,9.84000015258789,9.857500076293945,9.75,9.857500076293945,8.599102973937988,330216,0.0,0.0,0.0
2023-08-16,9.857500076293945,9.864999771118164,9.797499656677246,9.797499656677246,8.546762466430664,2796109,0.0,0.0,0.0
2023-08-17,9.760000228881836,9.787500381469727,9.725000381469727,9.729999542236328,8.48788070678711,230474,0.0,0.0,0.0
2023-08-18,9.8100004196167,9.8100004196167,9.742500305175781,9.782500267028809,8.533677101135254,192843,0.0,0.0,0.0
2023-08-21,9.765000343322754,9.800000190734863,9.737199783325195,9.739999771118164,8.496603012084961,141075,0.0,0.0,0.0
2023-08-22,9.7524995803833,9.8100004196167,9.7524995803833,9.792499542236328,8.542399406433105,494375,0.0,0.0,0.0
2023-08-23,9.807499885559082,9.942500114440918,9.807499885559082,9.927499771118164,8.66016674041748,189432,0.0,0.0,0.0
2023-08-24,9.967499732971191,10.0,9.947500228881836,9.979999542236328,8.705964088439941,343507,0.0,0.0,0.0
2023-08-25,9.967499732971191,9.987500190734863,9.932299613952637,9.967499732971191,8.695060729980469,199736,0.0,0.0,0.0
2023-08-29,10.020000457763672,10.020000457763672,9.928400039672852,9.9975004196167,8.721231460571289,235010,0.0,0.0,0.0
2023-08-30,9.967499732971191,10.007499694824219,9.944999694824219,9.984999656677246,8.710325241088867,175208,0.0,0.0,0.0
2023-08-31,9.984999656677246,10.045000076293945,9.97249984741211,10.02750015258789,8.747401237487793,171703,0.0,0.0,0.0
2023-09-01,10.039999961853027,10.069999694824219,9.975000381469727,9.975000381469727,8.701603889465332,790801,0.0,0.0,0.0
2023-09-04,9.984999656677246,9.984999656677246,9.927499771118164,9.9350004196167,8.666709899902344,108273,0.0,0.0,0.0
2023-09-05,9.952500343322754,10.007499694824219,9.897000312805176,9.90250015258789,8.638359069824219,184759,0.0,0.0,0.0
2023-09-06,9.887499809265137,9.916600227355957,9.867500305175781,9.880000114440918,8.618730545043945,94443,0.0,0.0,0.0
2023-09-07,9.897500038146973,9.962499618530273,9.897500038146973,9.952500343322754,8.681975364685059,175562,0.0,0.0,0.0
2023-09-08,9.987500190734863,10.007499694824219,9.960000038146973,9.994999885559082,8.719049453735352,314904,0.0,0.0,0.0
2023-09-11,9.977499961853027,9.979999542236328,9.920000076293945,9.9350004196167,8.666709899902344,428807,0.0,0.0,0.0
2023-09-12,9.9350004196167,9.984999656677246,9.9350004196167,9.982500076293945,8.708145141601562,226081,0.0,0.0,0.0
2023-09-13,9.970000267028809,10.042499542236328,9.970000267028809,10.042499542236328,8.760485649108887,182576,0.0,0.0,0.0
2023-09-14,10.042499542236328,10.12279987335205,10.029999732971191,10.095000267028809,8.806283950805664,353188,0.0,0.0,0.0
2023-09-15,10.069999694824219,10.083600044250488,10.012499809265137,10.020000457763672,8.740859031677246,309337,0.0,0.0,0.0
2023-09-18,10.015000343322754,10.017499923706055,9.960000038146973,9.989999771118164,8.71468734741211,395051,0.0,0.0,0.0
2023-09-19,9.979999542236328,10.029999732971191,9.979999542236328,10.017499923706055,8.738676071166992,383497,0.0,0.0,0.0
2023-09-20,10.020000457763672,10.104999542236328,10.020000457763672,10.092499732971191,8.80410385131836,492958,0.0,0.0,0.0
2023-09-21,10.067500114440918,10.094599723815918,9.987500190734863,10.055000305175781,8.771389961242676,593459,0.0,0.0,0.0
2023-09-22,10.095000267028809,10.112500190734863,10.05270004272461,10.077500343322754,8.79101848602295,565772,0.0,0.0,0.0
2023-09-25,10.069999694824219,10.079999923706055,9.989999771118164,10.012499809265137,8.734315872192383,270350,0.0,0.0,0.0
2023-09-26,9.989999771118164,10.042499542236328,9.970000267028809,10.005000114440918,8.72777271270752,186362,0.0,0.0,0.0
2023-09-27,10.007499694824219,10.055000305175781,9.982500076293945,9.982500076293945,8.708145141601562,523303,0.0,0.0,0.0
2023-09-28,9.987500190734863,9.987500190734863,9.84749984741211,9.8774995803833,8.616548538208008,608612,0.0,0.0,0.0
2023-09-29,9.942500114440918,9.954999923706055,9.90999984741211,9.917499542236328,8.651443481445312,207619,0.0,0.0,0.0
2023-10-02,9.907500267028809,9.925399780273438,9.829500198364258,9.842499732971191,8.586017608642578,155352,0.0,0.0,0.0
2023-10-03,9.84749984741211,9.864999771118164,9.8125,9.81624984741211,8.563118934631348,226042,0.0,0.0,0.0
2023-10-04,9.899999618530273,9.899999618530273,9.755000114440918,9.821249961853027,8.567480087280273,724877,0.0,0.0,0.0
2023-10-05,9.827500343322754,9.857500076293945,9.79800033569336,9.854999542236328,8.596921920776367,177768,0.0,0.0,0.0
2023-10-06,9.837499618530273,9.857500076293945,9.782500267028809,9.824999809265137,8.570752143859863,240355,0.0,0.0,0.0
2023-10-09,9.854999542236328,9.880000114440918,9.819999694824219,9.885000228881836,8.623093605041504,135780,0.0,0.0,0.0
2023-10-10,9.885000228881836,9.930000305175781,9.859999656677246,9.930000305175781,8.662348747253418,511046,0.0,0.0,0.0
2023-10-11,9.914999961853027,10.029999732971191,9.914999961853027,10.02750015258789,8.747401237487793,392961,0.0,0.0,0.0
2023-10-12,10.052499771118164,10.072500228881836,9.957300186157227,9.962499618530273,8.69069766998291,223828,0.0,0.0,0.0
2023-10-13,9.957500457763672,10.020000457763672,9.949999809265137,9.979999542236328,8.705964088439941,627373,0.0,0.0,0.0
2023-10-16,9.979999542236328,9.979999542236328,9.90250015258789,9.920000076293945,8.65362548828125,413961,0.0,0.0,0.0
2023-10-17,9.90250015258789,9.9350004196167,9.856300354003906,9.887499809265137,8.625272750854492,220825,0.0,0.0,0.0
2023-10-18,9.862500190734863,9.880000114440918,9.795000076293945,9.805000305175781,8.553303718566895,159842,0.0,0.0,0.0
2023-10-19,9.762499809265137,9.79170036315918,9.760000228881836,9.779999732971191,8.531496047973633,137545,0.0,0.0,0.0
2023-10-20,9.787500381469727,9.794099807739258,9.739999771118164,9.782500267028809,8.533677101135254,183369,0.0,0.0,0.0
2023-10-23,9.755000114440918,9.827500343322754,9.710000038146973,9.822500228881836,8.568571090698242,177457,0.0,0.0,0.0
2023-10-24,9.890000343322754,9.90470027923584,9.837499618530273,9.863750457763672,8.6045560836792,350342,0.0,0.0,0.0
2023-10-25,9.875,9.897500038146973,9.817500114440918,9.817500114440918,8.564208984375,371727,0.0,0.0,0.0
2023-10-26,9.787500381469727,9.858499526977539,9.78499984741211,9.822500228881836,8.568571090698242,164458,0.0,0.0,0.0
2023-10-27,9.845000267028809,9.882499694824219,9.822500228881836,9.87125015258789,8.611098289489746,82751,0.0,0.0,0.0
2023-10-30,9.892499923706055,9.907500267028809,9.827500343322754,9.857500076293945,8.599102973937988,352554,0.0,0.0,0.0
2023-10-31,9.90250015258789,9.949999809265137,9.898699760437012,9.90250015258789,8.638359069824219,514065,0.0,0.0,0.0
2023-11-01,9.862500190734863,9.957500457763672,9.859100341796875,9.90999984741211,8.644901275634766,364358,0.0,0.0,0.0
2023-11-02,9.90250015258789,10.042499542236328,9.90250015258789,10.005000114440918,8.72777271270752,258677,0.0,0.0,0.0
2023-11-03,10.0,10.085000038146973,9.989999771118164,10.074999809265137,8.788837432861328,389521,0.0,0.0,0.0
2023-11-06,10.037500381469727,10.057499885559082,10.006400108337402,10.008749961853027,8.73104476928711,130798,0.0,0.0,0.0
2023-11-07,10.007499694824219,10.102899551391602,10.007499694824219,10.087499618530273,8.799741744995117,121682,0.0,0.0,0.0
2023-11-08,10.092499732971191,10.146699905395508,10.092499732971191,10.143750190734863,8.848810195922852,218399,0.0,0.0,0.0
2023-11-09,10.147500038146973,10.15999984741211,10.095000267028809,10.109999656677246,8.819371223449707,250819,0.0,0.0,0.0
2023-11-10,10.082500457763672,10.095000267028809,10.045900344848633,10.069999694824219,8.784475326538086,240720,0.0,0.0,0.0
2023-11-13,10.085000038146973,10.095000267028809,10.044300079345703,10.085000038146973,8.797560691833496,399045,0.0,0.0,0.0
2023-11-14,10.09000015258789,10.237500190734863,10.069999694824219,10.237500190734863,8.93059253692627,332365,0.0,0.0,0.0
2023-11-15,10.237500190734863,10.25,10.170000076293945,10.170000076293945,8.871709823608398,710735,0.0,0.0,0.0
2023-11-16,10.0625,10.130399703979492,10.062000274658203,10.107500076293945,8.943737983703613,301774,0.1439,0.0,0.0
2023-11-17,10.170000076293945,10.178000450134277,10.109999656677246,10.117500305175781,8.952587127685547,242503,0.0,0.0,0.0
2023-11-20,10.102499961853027,10.137499809265137,10.086899757385254,10.102499961853027,8.939312934875488,602364,0.0,0.0,0.0
2023-11-21,10.135000228881836,10.154999732971191,10.112600326538086,10.1274995803833,8.961435317993164,187270,0.0,0.0,0.0
2023-11-22,10.107500076293945,10.166299819946289,10.045900344848633,10.047499656677246,8.890645980834961,632843,0.0,0.0,0.0
2023-11-23,10.055000305175781,10.082300186157227,9.98490047454834,9.9975004196167,8.846403121948242,198325,0.0,0.0,0.0
2023-11-24,9.962499618530273,9.984760284423828,9.934000015258789,9.970000267028809,8.82206916809082,288455,0.0,0.0,0.0
2023-11-27,9.987500190734863,10.03499984741211,9.956600189208984,10.015000343322754,8.861888885498047,202739,0.0,0.0,0.0
2023-11-28,10.02750015258789,10.069999694824219,10.010000228881836,10.055000305175781,8.897282600402832,289891,0.0,0.0,0.0
2023-11-29,10.0649995803833,10.139800071716309,10.055000305175781,10.117500305175781,8.952587127685547,375458,0.0,0.0,0.0
2023-11-30,10.092499732971191,10.125300407409668,10.01990032196045,10.042499542236328,8.886220932006836,312873,0.0,0.0,0.0
2023-12-01,10.047499656677246,10.087499618530273,10.01449966430664,10.0649995803833,8.90613079071045,1026631,0.0,0.0,0.0
2023-12-04,10.052499771118164,10.069999694824219,10.0,10.020000457763672,8.866312980651855,298223,0.0,0.0,0.0
2023-12-05,10.067500114440918,10.170000076293945,10.047499656677246,10.147500038146973,8.979130744934082,425170,0.0,0.0,0.0
2023-12-06,10.157500267028809,10.23009967803955,10.121600151062012,10.217499732971191,9.041072845458984,513984,0.0,0.0,0.0
2023-12-07,10.217499732971191,10.234100341796875,10.1875,10.21500015258789,9.038861274719238,473289,0.0,0.0,0.0
2023-12-08,10.212499618530273,10.212499618530273,10.130000114440918,10.162500381469727,8.99240493774414,346541,0.0,0.0,0.0
2023-12-11,10.172499656677246,10.18274974822998,10.125,10.125,8.959223747253418,414560,0.0,0.0,0.0
2023-12-12,10.199999809265137,10.2475004196167,10.181400299072266,10.21500015258789,9.038861274719238,541446,0.0,0.0,0.0
2023-12-13,10.21500015258789,10.352499961853027,10.21500015258789,10.335000038146973,9.145044326782227,659054,0.0,0.0,0.0
2023-12-14,10.329999923706055,10.487500190734863,10.300000190734863,10.3774995803833,9.182649612426758,273013,0.0,0.0,0.0
2023-12-15,10.380000114440918,10.499099731445312,10.369999885559082,10.494999885559082,9.28662109375,287395,0.0,0.0,0.0
2023-12-18,10.487500190734863,10.555000305175781,10.456199645996094,10.479999542236328,9.273348808288574,384282,0.0,0.0,0.0
2023-12-19,10.510000228881836,10.550299644470215,10.487500190734863,10.522500038146973,9.310956001281738,884640,0.0,0.0,0.0
2023-12-20,10.59749984741211,10.802499771118164,10.577500343322754,10.595000267028809,9.37510871887207,611288,0.0,0.0,0.0
2023-12-21,10.630000114440918,10.670000076293945,10.579999923706055,10.614999771118164,9.392805099487305,492878,0.0,0.0,0.0
2023-12-22,10.449999809265137,10.645000457763672,10.449999809265137,10.645000457763672,9.419350624084473,258320,0.0,0.0,0.0
2023-12-27,10.677499771118164,10.710000038146973,10.604999542236328,10.680000305175781,9.450322151184082,281096,0.0,0.0,0.0
2023-12-28,10.6850004196167,10.75,10.609000205993652,10.637499809265137,9.412714004516602,167812,0.0,0.0,0.0
2023-12-29,10.609999656677246,10.6274995803833,10.53499984741211,10.595000267028809,9.37510871887207,91997,0.0,0.0,0.0
2024-01-02,10.795000076293945,10.795000076293945,10.442500114440918,10.470000267028809,9.264498710632324,313773,0.0,0.0,0.0
2024-01-03,10.47249984741211,10.5625,10.4399995803833,10.460000038146973,9.255651473999023,779483,0.0,0.0,0.0
2024-01-04,10.449999809265137,10.495400428771973,10.395000457763672,10.412500381469727,9.213621139526367,423017,0.0,0.0,0.0
2024-01-05,10.40250015258789,10.417499542236328,10.302499771118164,10.367500305175781,9.17380142211914,864417,0.0,0.0,0.0
2024-01-08,10.327500343322754,10.382499694824219,10.318300247192383,10.382499694824219,9.187074661254883,174401,0.0,0.0,0.0
2024-01-09,10.34749984741211,10.404999732971191,10.321399688720703,10.352499961853027,9.160527229309082,309223,0.0,0.0,0.0
2024-01-10,10.385000228881836,10.392499923706055,10.346500396728516,10.354999542236328,9.162740707397461,211455,0.0,0.0,0.0
2024-01-11,10.385000228881836,10.39330005645752,10.322500228881836,10.322500228881836,9.133984565734863,248213,0.0,0.0,0.0
2024-01-12,10.352499961853027,10.397500038146973,10.341699600219727,10.382499694824219,9.187074661254883,287901,0.0,0.0,0.0
2024-01-15,10.350700378417969,10.371990203857422,10.322500228881836,10.352499961853027,9.160527229309082,124758,0.0,0.0,0.0
2024-01-16,10.357500076293945,10.3725004196167,10.319999694824219,10.337499618530273,9.147254943847656,394979,0.0,0.0,0.0
2024-01-17,10.34000015258789,10.399999618530273,10.1875,10.199999809265137,9.025588035583496,306414,0.0,0.0,0.0
2024-01-18,10.1899995803833,10.259590148925781,10.187450408935547,10.244999885559082,9.06540584564209,260476,0.0,0.0,0.0
2024-01-19,10.257499694824219,10.295000076293945,10.216500282287598,10.270000457763672,9.087528228759766,479799,0.0,0.0,0.0
2024-01-22,10.272500038146973,10.31348991394043,10.262499809265137,10.295000076293945,9.109649658203125,779038,0.0,0.0,0.0
2024-01-23,10.274999618530273,10.274999618530273,10.21500015258789,10.21500015258789,9.038861274719238,432089,0.0,0.0,0.0
2024-01-24,10.237500190734863,10.268250465393066,10.180000305175781,10.207500457763672,9.03222370147705,1221149,0.0,0.0,0.0
2024-01-25,10.202500343322754,10.247300148010254,10.166999816894531,10.234999656677246,9.056557655334473,468792,0.0,0.0,0.0
2024-01-26,10.270000457763672,10.272500038146973,10.201499938964844,10.22249984741211,9.045495986938477,1655703,0.0,0.0,0.0
2024-01-29,10.244999885559082,10.287500381469727,10.242500305175781,10.282500267028809,9.098588943481445,303078,0.0,0.0,0.0
2024-01-30,10.307499885559082,10.329999923706055,10.269000053405762,10.270000457763672,9.087528228759766,272345,0.0,0.0,0.0
2024-01-31,10.317500114440918,10.369999885559082,10.28499984741211,10.369999885559082,9.176013946533203,511683,0.0,0.0,0.0
2024-02-01,10.460000038146973,10.460000038146973,10.324999809265137,10.407500267028809,9.209197044372559,1120778,0.0,0.0,0.0
2024-02-02,10.362500190734863,10.38325023651123,10.263899803161621,10.270000457763672,9.087528228759766,287608,0.0,0.0,0.0
2024-02-05,10.2475004196167,10.262499809265137,10.170000076293945,10.1850004196167,9.012313842773438,684291,0.0,0.0,0.0
2024-02-06,10.210000038146973,10.261799812316895,10.198100090026855,10.257499694824219,9.076465606689453,290329,0.0,0.0,0.0
2024-02-07,10.270000457763672,10.270000457763672,10.218000411987305,10.242500305175781,9.063193321228027,232444,0.0,0.0,0.0
2024-02-08,10.234999656677246,10.26360034942627,10.197500228881836,10.202500343322754,9.027799606323242,232285,0.0,0.0,0.0
2024-02-09,10.182499885559082,10.238900184631348,10.175000190734863,10.1899995803833,9.016737937927246,558825,0.0,0.0,0.0
2024-02-12,10.199999809265137,10.227499961853027,10.187800407409668,10.212499618530273,9.03664779663086,164937,0.0,0.0,0.0
2024-02-13,10.1875,10.212499618530273,10.1274995803833,10.147500038146973,8.979130744934082,253453,0.0,0.0,0.0
2024-02-14,10.145000457763672,10.59000015258789,10.145000457763672,10.204999923706055,9.030011177062988,410266,0.0,0.0,0.0
2024-02-15,10.2475004196167,10.27750015258789,10.197500228881836,10.197500228881836,9.023374557495117,290156,0.0,0.0,0.0
2024-02-16,10.1899995803833,10.220000267028809,10.145000457763672,10.164999961853027,8.994616508483887,7899815,0.0,0.0,0.0
2024-02-19,10.147500038146973,10.179200172424316,10.145000457763672,10.167499542236328,8.996828079223633,577616,0.0,0.0,0.0
2024-02-20,10.167499542236328,10.231100082397461,10.167499542236328,10.22249984741211,9.045495986938477,303007,0.0,0.0,0.0
2024-02-21,10.212499618530273,10.225000381469727,10.170000076293945,10.170000076293945,8.999041557312012,162552,0.0,0.0,0.0
2024-02-22,10.1850004196167,10.227499961853027,10.147299766540527,10.182499885559082,9.010101318359375,425542,0.0,0.0,0.0
2024-02-23,10.180000305175781,10.234999656677246,10.15250015258789,10.234999656677246,9.056557655334473,178584,0.0,0.0,0.0
2024-02-26,10.227499961853027,10.255000114440918,10.1875,10.1875,9.0145263671875,450434,0.0,0.0,0.0
2024-02-27,10.212499618530273,10.244460105895996,10.167499542236328,10.167499542236328,8.996828079223633,248045,0.0,0.0,0.0
2024-02-28,10.177499771118164,10.193499565124512,10.162500381469727,10.162500381469727,8.99240493774414,193912,0.0,0.0,0.0
2024-02-29,10.175000190734863,10.2524995803833,10.119999885559082,10.232500076293945,9.05434513092041,669388,0.0,0.0,0.0
2024-03-01,10.244999885559082,10.282500267028809,10.187999725341797,10.239999771118164,9.060982704162598,288512,0.0,0.0,0.0
2024-03-04,10.229999542236328,10.274999618530273,10.21500015258789,10.242500305175781,9.063193321228027,282129,0.0,0.0,0.0
2024-03-05,10.265000343322754,10.354999542236328,10.251830101013184,10.34749984741211,9.156103134155273,198882,0.0,0.0,0.0
2024-03-06,10.329999923706055,10.367500305175781,10.297499656677246,10.354999542236328,9.162740707397461,272754,0.0,0.0,0.0
2024-03-07,10.3125,10.412500381469727,10.3125,10.3725004196167,9.17822551727295,188513,0.0,0.0,0.0
2024-03-08,10.364999771118164,10.413299560546875,10.364100456237793,10.382499694824219,9.187074661254883,242554,0.0,0.0,0.0
2024-03-11,10.369999885559082,10.4375,10.356499671936035,10.3774995803833,9.182649612426758,146640,0.0,0.0,0.0
2024-03-12,10.399999618530273,10.456100463867188,10.387499809265137,10.397500038146973,9.200346946716309,183137,0.0,0.0,0.0
2024-03-13,10.412500381469727,10.422499656677246,10.337499618530273,10.337499618530273,9.147254943847656,238195,0.0,0.0,0.0
2024-03-14,10.337499618530273,10.359999656677246,10.28499984741211,10.295000076293945,9.109649658203125,352210,0.0,0.0,0.0
2024-03-15,10.27750015258789,10.297499656677246,10.239999771118164,10.289999961853027,9.105225563049316,282146,0.0,0.0,0.0
2024-03-18,10.319999694824219,10.319999694824219,10.262499809265137,10.289999961853027,9.105225563049316,218480,0.0,0.0,0.0
2024-03-19,10.300000190734863,10.342499732971191,10.279999732971191,10.307499885559082,9.120710372924805,451492,0.0,0.0,0.0
2024-03-20,10.317500114440918,10.380000114440918,10.317500114440918,10.352499961853027,9.160527229309082,343775,0.0,0.0,0.0
2024-03-21,10.342499732971191,10.418899536132812,10.342499732971191,10.354999542236328,9.162740707397461,270789,0.0,0.0,0.0
2024-03-22,10.392499923706055,10.41862964630127,10.3725004196167,10.40250015258789,9.204771995544434,273734,0.0,0.0,0.0
2024-03-25,10.40999984741211,10.414389610290527,10.34160041809082,10.359999656677246,9.16716480255127,239063,0.0,0.0,0.0
2024-03-26,10.359999656677246,10.40999984741211,10.352499961853027,10.3774995803833,9.182649612426758,447726,0.0,0.0,0.0
2024-03-27,10.420000076293945,10.427499771118164,10.380000114440918,10.40999984741211,9.211407661437988,191947,0.0,0.0,0.0
2024-03-28,10.414999961853027,10.4375,10.381340026855469,10.420000076293945,9.220255851745605,202991,0.0,0.0,0.0
2024-04-02,10.332500457763672,10.399999618530273,10.272500038146973,10.295000076293945,9.109649658203125,313386,0.0,0.0,0.0
2024-04-03,10.300000190734863,10.357930183410645,10.267200469970703,10.302499771118164,9.11628532409668,599521,0.0,0.0,0.0
2024-04-04,10.380000114440918,10.408599853515625,10.307499885559082,10.335000038146973,9.145044326782227,442129,0.0,0.0,0.0
2024-04-05,10.324999809265137,10.370059967041016,10.28499984741211,10.305000305175781,9.118498802185059,408859,0.0,0.0,0.0
2024-04-08,10.302499771118164,10.305000305175781,10.239999771118164,10.302499771118164,9.11628532409668,326110,0.0,0.0,0.0
2024-04-09,10.289999961853027,10.352499961853027,10.289999961853027,10.34000015258789,9.149467468261719,227450,0.0,0.0,0.0
2024-04-10,10.319999694824219,10.3725004196167,10.25,10.257499694824219,9.076465606689453,386290,0.0,0.0,0.0
2024-04-11,10.239999771118164,10.26039981842041,10.1875,10.1875,9.0145263671875,592729,0.0,0.0,0.0
2024-04-12,10.1850004196167,10.297499656677246,10.1850004196167,10.262499809265137,9.080891609191895,477690,0.0,0.0,0.0
2024-04-15,10.2524995803833,10.2524995803833,10.170000076293945,10.172499656677246,9.001253128051758,697660,0.0,0.0,0.0
2024-04-16,10.180000305175781,10.1899995803833,10.119000434875488,10.140000343322754,8.972495079040527,301608,0.0,0.0,0.0
2024-04-17,10.132499694824219,10.182499885559082,10.11559009552002,10.167499542236328,8.996828079223633,433460,0.0,0.0,0.0
2024-04-18,10.175000190734863,10.247209548950195,10.172499656677246,10.175000190734863,9.00346565246582,590843,0.0,0.0,0.0
2024-04-19,10.197500228881836,10.35813045501709,10.147500038146973,10.202500343322754,9.027799606323242,486181,0.0,0.0,0.0
2024-04-22,10.162500381469727,10.23031997680664,10.156570434570312,10.212499618530273,9.03664779663086,976286,0.0,0.0,0.0
2024-04-23,10.242500305175781,10.242500305175781,10.167499542236328,10.1850004196167,9.012313842773438,337466,0.0,0.0,0.0
2024-04-24,10.1899995803833,10.1899995803833,10.102499961853027,10.130000114440918,8.96364688873291,946955,0.0,0.0,0.0
2024-04-25,10.085000038146973,10.14894962310791,10.082500457763672,10.102499961853027,8.939312934875488,447085,0.0,0.0,0.0
2024-04-26,10.102499961853027,10.162500381469727,10.094070434570312,10.132499694824219,8.965859413146973,387472,0.0,0.0,0.0
2024-04-29,10.1875,10.1875,10.1318998336792,10.162500381469727,8.99240493774414,320920,0.0,0.0,0.0
2024-04-30,10.180000305175781,10.185799598693848,10.114999771118164,10.119999885559082,8.954798698425293,720065,0.0,0.0,0.0
2024-05-01,10.087499618530273,10.137499809265137,10.062399864196777,10.104999542236328,8.941526412963867,505609,0.0,0.0,0.0
2024-05-02,10.050000190734863,10.182499885559082,10.050000190734863,10.164999961853027,8.994616508483887,516790,0.0,0.0,0.0
2024-05-03,10.140000343322754,10.2524995803833,10.140000343322754,10.217499732971191,9.041072845458984,529981,0.0,0.0,0.0
2024-05-07,10.399999618530273,10.399999618530273,10.232500076293945,10.305000305175781,9.118498802185059,221150,0.0,0.0,0.0
2024-05-08,10.2524995803833,10.3149995803833,10.2524995803833,10.3125,9.12513542175293,334550,0.0,0.0,0.0
2024-05-09,10.324999809265137,10.324999809265137,10.267399787902832,10.305000305175781,9.118498802185059,447691,0.0,0.0,0.0
2024-05-10,10.319999694824219,10.34000015258789,10.278800010681152,10.28499984741211,9.100800514221191,194048,0.0,0.0,0.0
2024-05-13,10.295000076293945,10.322500228881836,10.260000228881836,10.27750015258789,9.09416389465332,298256,0.0,0.0,0.0
2024-05-14,10.300000190734863,10.335000038146973,10.213459968566895,10.27750015258789,9.09416389465332,548979,0.0,0.0,0.0
2024-05-15,10.300000190734863,10.374509811401367,10.282500267028809,10.369999885559082,9.176013946533203,497850,0.0,0.0,0.0
2024-05-16,10.3725004196167,10.3725004196167,10.19635009765625,10.210000038146973,9.17799186706543,816346,0.1622,0.0,0.0
2024-05-17,10.229999542236328,10.25730037689209,10.145000457763672,10.164999961853027,9.137539863586426,369646,0.0,0.0,0.0
2024-05-20,10.212499618530273,10.212499618530273,10.117500305175781,10.130000114440918,9.106078147888184,470533,0.0,0.0,0.0
2024-05-21,10.130000114440918,10.15999984741211,10.095049858093262,10.145000457763672,9.119562149047852,308282,0.0,0.0,0.0
2024-05-22,10.09000015258789,10.125,10.0649995803833,10.085000038146973,9.065627098083496,583289,0.0,0.0,0.0
2024-05-23,10.087499618530273,10.142499923706055,10.057499885559082,10.0600004196167,9.043153762817383,120906,0.0,0.0,0.0
2024-05-24,10.072500228881836,10.095000267028809,10.045000076293945,10.072500228881836,9.054389953613281,358923,0.0,0.0,0.0
2024-05-28,10.149999618530273,10.149999618530273,10.041000366210938,10.050000190734863,9.034165382385254,545874,0.0,0.0,0.0
2024-05-29,10.047499656677246,10.09000015258789,9.947500228881836,9.947500228881836,8.942023277282715,460698,0.0,0.0,0.0
2024-05-30,9.970000267028809,9.996549606323242,9.935700416564941,9.994999885559082,8.984723091125488,372656,0.0,0.0,0.0
2024-05-31,9.930000305175781,10.055000305175781,9.925000190734863,10.032500267028809,9.0184326171875,226492,0.0,0.0,0.0
2024-06-03,10.104999542236328,10.142499923706055,10.037500381469727,10.107500076293945,9.085851669311523,586210,0.0,0.0,0.0
2024-06-04,10.104999542236328,10.158069610595703,10.039999961853027,10.140000343322754,9.115067481994629,408288,0.0,0.0,0.0
2024-06-05,10.100000381469727,10.182499885559082,10.082500457763672,10.137499809265137,9.112818717956543,289389,0.0,0.0,0.0
2024-06-06,10.140000343322754,10.210000038146973,10.082500457763672,10.162500381469727,9.135293006896973,182328,0.0,0.0,0.0
2024-06-07,10.157500267028809,10.207079887390137,10.0826997756958,10.100000381469727,9.079110145568848,295425,0.0,0.0,0.0
2024-06-10,10.0625,10.09749984741211,10.03499984741211,10.042499542236328,9.027420043945312,277218,0.0,0.0,0.0
2024-06-11,10.039999961853027,10.085840225219727,10.00238037109375,10.079999923706055,9.06113052368164,274487,0.0,0.0,0.0
2024-06-12,10.100000381469727,10.194999694824219,10.037360191345215,10.194999694824219,9.164506912231445,4720080,0.0,0.0,0.0
2024-06-13,10.1899995803833,10.192500114440918,10.1225004196167,10.192500114440918,9.162260055541992,469704,0.0,0.0,0.0
2024-06-14,10.147500038146973,10.264800071716309,10.137499809265137,10.257499694824219,9.220688819885254,430317,0.0,0.0,0.0
2024-06-17,10.2524995803833,10.29065990447998,10.199999809265137,10.199999809265137,9.169002532958984,195665,0.0,0.0,0.0
2024-06-18,10.217499732971191,10.279999732971191,10.202500343322754,10.260000228881836,9.222938537597656,306850,0.0,0.0,0.0
2024-06-19,10.197500228881836,10.264249801635742,10.197500228881836,10.2475004196167,9.211701393127441,190138,0.0,0.0,0.0
2024-06-20,10.282500267028809,10.292499542236328,10.206660270690918,10.242500305175781,9.207205772399902,166905,0.0,0.0,0.0
2024-06-21,10.199999809265137,10.34060001373291,10.199999809265137,10.239999771118164,9.20495891571045,406414,0.0,0.0,0.0
2024-06-24,10.239999771118164,10.252799987792969,10.197500228881836,10.225000381469727,9.191475868225098,206203,0.0,0.0,0.0
2024-06-25,10.232500076293945,10.276450157165527,10.227499961853027,10.2475004196167,9.211701393127441,256534,0.0,0.0,0.0
2024-06-26,10.242500305175781,10.242500305175781,10.1850004196167,10.1875,9.15776538848877,400058,0.0,0.0,0.0
2024-06-27,10.1899995803833,10.232000350952148,10.167499542236328,10.207500457763672,9.17574405670166,272973,0.0,0.0,0.0
2024-06-28,10.199999809265137,10.227100372314453,10.15999984741211,10.164999961853027,9.137539863586426,234141,0.0,0.0,0.0
2024-07-01,10.15250015258789,10.207500457763672,10.085000038146973,10.087499618530273,9.06787395477295,313371,0.0,0.0,0.0
2024-07-02,10.050000190734863,10.177399635314941,10.050000190734863,10.104999542236328,9.083603858947754,429161,0.0,0.0,0.0
2024-07-03,10.100000381469727,10.2475004196167,10.052499771118164,10.167499542236328,9.139786720275879,483569,0.0,0.0,0.0
2024-07-04,10.162500381469727,10.225000381469727,10.107500076293945,10.15250015258789,9.126303672790527,242405,0.0,0.0,0.0
2024-07-05,10.25,10.25,10.175000190734863,10.22249984741211,9.189228057861328,388822,0.0,0.0,0.0
2024-07-08,10.21500015258789,10.23740005493164,10.127699851989746,10.220000267028809,9.186981201171875,302653,0.0,0.0,0.0
2024-07-09,10.217499732971191,10.279999732971191,10.17609977722168,10.177499771118164,9.148776054382324,272007,0.0,0.0,0.0
2024-07-10,10.22249984741211,10.282500267028809,10.149999618530273,10.199999809265137,9.169002532958984,389822,0.0,0.0,0.0
2024-07-11,10.25,10.265000343322754,10.137499809265137,10.265000343322754,9.227432250976562,315111,0.0,0.0,0.0
2024-07-12,10.244999885559082,10.2475004196167,10.199000358581543,10.232500076293945,9.198216438293457,297632,0.0,0.0,0.0
2024-07-15,10.239999771118164,10.28320026397705,10.188799858093262,10.234999656677246,9.200464248657227,297231,0.0,0.0,0.0
2024-07-16,10.2524995803833,10.287500381469727,10.2524995803833,10.287500381469727,9.247658729553223,412941,0.0,0.0,0.0
2024-07-17,10.28499984741211,10.2878999710083,10.258179664611816,10.279999732971191,9.240915298461914,382787,0.0,0.0,0.0
2024-07-18,10.289999961853027,10.352499961853027,10.199999809265137,10.289999961853027,9.24990463256836,200711,0.0,0.0,0.0
2024-07-19,10.319999694824219,10.319999694824219,10.22700023651123,10.237500190734863,9.202712059020996,282330,0.0,0.0,0.0
2024-07-22,10.3125,10.3125,10.202500343322754,10.210000038146973,9.17799186706543,214714,0.0,0.0,0.0
2024-07-23,10.210000038146973,10.23462963104248,10.175000190734863,10.227499961853027,9.193721771240234,293195,0.0,0.0,0.0
2024-07-24,10.239999771118164,10.282500267028809,10.200799942016602,10.225000381469727,9.191475868225098,261373,0.0,0.0,0.0
2024-07-25,10.279999732971191,10.279999732971191,10.199999809265137,10.232500076293945,9.198216438293457,423763,0.0,0.0,0.0
2024-07-26,10.272500038146973,10.272500038146973,10.180999755859375,10.2475004196167,9.211701393127441,201249,0.0,0.0,0.0
2024-07-29,10.25,10.308950424194336,10.25,10.279999732971191,9.240915298461914,244335,0.0,0.0,0.0
2024-07-30,10.289999961853027,10.342499732971191,10.24020004272461,10.297499656677246,9.256647109985352,203416,0.0,0.0,0.0
2024-07-31,10.2475004196167,10.354999542236328,10.242500305175781,10.350000381469727,9.303840637207031,396263,0.0,0.0,0.0
2024-08-01,10.369999885559082,10.46500015258789,10.324999809265137,10.425000190734863,9.371259689331055,513999,0.0,0.0,0.0
2024-08-02,10.487500190734863,10.515000343322754,10.397500038146973,10.444999694824219,9.389237403869629,339508,0.0,0.0,0.0
2024-08-05,10.5,10.547499656677246,10.430000305175781,10.4375,9.382495880126953,2501955,0.0,0.0,0.0
2024-08-06,10.422499656677246,10.46500015258789,10.399999618530273,10.404999732971191,9.353281021118164,427002,0.0,0.0,0.0
2024-08-07,10.34000015258789,10.453700065612793,10.34000015258789,10.382499694824219,9.33305549621582,236823,0.0,0.0,0.0
2024-08-08,10.337499618530273,10.460000038146973,10.337499618530273,10.380000114440918,9.330808639526367,161279,0.0,0.0,0.0
2024-08-09,10.350000381469727,10.420000076293945,10.327500343322754,10.397500038146973,9.346539497375488,203212,0.0,0.0,0.0
2024-08-12,10.387499809265137,10.442500114440918,10.332500457763672,10.404999732971191,9.353281021118164,342081,0.0,0.0,0.0
2024-08-13,10.380000114440918,10.467040061950684,10.380000114440918,10.432499885559082,9.378000259399414,348983,0.0,0.0,0.0
2024-08-14,10.467499732971191,10.510000228881836,10.4350004196167,10.5,9.438679695129395,276187,0.0,0.0,0.0
2024-08-15,10.425000190734863,10.494999885559082,10.40999984741211,10.430000305175781,9.375754356384277,194259,0.0,0.0,0.0
2024-08-16,10.4399995803833,10.507499694824219,10.420000076293945,10.425000190734863,9.371259689331055,521253,0.0,0.0,0.0
2024-08-19,10.40999984741211,10.46500015258789,10.375,10.427499771118164,9.373505592346191,303076,0.0,0.0,0.0
2024-08-20,10.427499771118164,10.477499961853027,10.380000114440918,10.427499771118164,9.373505592346191,266817,0.0,0.0,0.0
2024-08-21,10.430000305175781,10.505000114440918,10.367500305175781,10.460000038146973,9.402722358703613,236442,0.0,0.0,0.0
2024-08-22,10.507499694824219,10.507499694824219,10.382200241088867,10.395000457763672,9.344293594360352,307658,0.0,0.0,0.0
2024-08-23,10.417499542236328,10.460000038146973,10.399999618530273,10.444999694824219,9.389237403869629,216381,0.0,0.0,0.0
2024-08-27,10.487500190734863,10.487500190734863,10.375,10.392499923706055,9.34204387664795,189967,0.0,0.0,0.0
2024-08-28,10.454999923706055,10.477499961853027,10.383700370788574,10.395000457763672,9.344293594360352,398152,0.0,0.0,0.0
2024-08-29,10.375,10.454999923706055,10.36870002746582,10.3774995803833,9.328559875488281,610090,0.0,0.0,0.0
2024-08-30,10.427499771118164,10.442500114440918,10.357500076293945,10.380000114440918,9.330808639526367,484988,0.0,0.0,0.0
2024-09-02,10.4350004196167,10.4350004196167,10.350000381469727,10.362500190734863,9.31507682800293,144223,0.0,0.0,0.0
2024-09-03,10.399999618530273,10.4399995803833,10.362500190734863,10.40999984741211,9.357775688171387,285042,0.0,0.0,0.0
2024-09-04,10.5,10.5,10.426799774169922,10.454999923706055,9.39822769165039,276303,0.0,0.0,0.0
2024-09-05,10.470000267028809,10.507499694824219,10.414999961853027,10.479999542236328,9.420699119567871,428530,0.0,0.0,0.0
2024-09-06,10.5,10.539999961853027,10.432499885559082,10.4975004196167,9.436431884765625,772213,0.0,0.0,0.0
2024-09-09,10.422499656677246,10.515000343322754,10.422499656677246,10.508749961853027,9.446544647216797,183343,0.0,0.0,0.0
2024-09-10,10.5625,10.567500114440918,10.475000381469727,10.537500381469727,9.472389221191406,219922,0.0,0.0,0.0
2024-09-11,10.5600004196167,10.600000381469727,10.53499984741211,10.600000381469727,9.528571128845215,207122,0.0,0.0,0.0
2024-09-12,10.569999694824219,10.645000457763672,10.507499694824219,10.574999809265137,9.506097793579102,157613,0.0,0.0,0.0
2024-09-13,10.587499618530273,10.6850004196167,10.576600074768066,10.595000267028809,9.524077415466309,128121,0.0,0.0,0.0
2024-09-16,10.664999961853027,10.667499542236328,10.543100357055664,10.607500076293945,9.53531265258789,137118,0.0,0.0,0.0
2024-09-17,10.677499771118164,10.677499771118164,10.579099655151367,10.585000038146973,9.515087127685547,190944,0.0,0.0,0.0
2024-09-18,10.582500457763672,10.630000114440918,10.521200180053711,10.537500381469727,9.472389221191406,200847,0.0,0.0,0.0
2024-09-19,10.515000343322754,10.587499618530273,10.454999923706055,10.494999885559082,9.434184074401855,260529,0.0,0.0,0.0
2024-09-20,10.425000190734863,10.52750015258789,10.425000190734863,10.47249984741211,9.413958549499512,741536,0.0,0.0,0.0
2024-09-23,10.479999542236328,10.515000343322754,10.4399995803833,10.462499618530273,9.404969215393066,446437,0.0,0.0,0.0
2024-09-24,10.432499885559082,10.487500190734863,10.405200004577637,10.470000267028809,9.411710739135742,441188,0.0,0.0,0.0
2024-09-25,10.432499885559082,10.477499961853027,10.404999732971191,10.404999732971191,9.353281021118164,255346,0.0,0.0,0.0
2024-09-26,10.40999984741211,10.430000305175781,10.387700080871582,10.404999732971191,9.353281021118164,161965,0.0,0.0,0.0
2024-09-27,10.430000305175781,10.430000305175781,10.380000114440918,10.407500267028809,9.355528831481934,953822,0.0,0.0,0.0
2024-09-30,10.385000228881836,10.422499656677246,10.380000114440918,10.40250015258789,9.351033210754395,1691754,0.0,0.0,0.0
2024-10-01,10.420000076293945,10.479999542236328,10.399999618530273,10.449999809265137,9.393733024597168,422945,0.0,0.0,0.0
2024-10-02,10.460000038146973,10.460000038146973,10.375,10.395000457763672,9.344293594360352,267199,0.0,0.0,0.0
2024-10-03,10.3774995803833,10.415900230407715,10.375,10.40999984741211,9.357775688171387,624510,0.0,0.0,0.0
2024-10-04,10.380000114440918,10.397500038146973,10.3100004196167,10.317500114440918,9.274625778198242,275643,0.0,0.0,0.0
2024-10-07,10.319999694824219,10.319999694824219,10.262499809265137,10.262499809265137,9.22518539428711,634087,0.0,0.0,0.0
2024-10-08,10.300000190734863,10.305000305175781,10.2475004196167,10.272500038146973,9.234173774719238,301296,0.0,0.0,0.0
2024-10-09,10.332500457763672,10.47249984741211,10.272500038146973,10.279999732971191,9.240915298461914,455002,0.0,0.0,0.0
2024-10-10,10.292499542236328,10.292499542236328,10.232500076293945,10.25,9.213949203491211,361333,0.0,0.0,0.0
2024-10-11,10.260000228881836,10.287500381469727,10.234700202941895,10.272500038146973,9.234173774719238,209566,0.0,0.0,0.0
2024-10-14,10.260000228881836,10.309000015258789,10.209500312805176,10.2475004196167,9.211701393127441,436111,0.0,0.0,0.0
2024-10-15,10.300000190734863,10.319999694824219,10.2475004196167,10.319999694824219,9.276872634887695,386959,0.0,0.0,0.0
2024-10-16,10.319999694824219,10.4375,10.3149995803833,10.407500267028809,9.355528831481934,438812,0.0,0.0,0.0
2024-10-17,10.414999961853027,10.414999961853027,10.357500076293945,10.390000343322754,9.339797019958496,325713,0.0,0.0,0.0
2024-10-18,10.329999923706055,10.414999961853027,10.329999923706055,10.407500267028809,9.355528831481934,382461,0.0,0.0,0.0
2024-10-21,10.40250015258789,10.432499885559082,10.345000267028809,10.345000267028809,9.299345970153809,328372,0.0,0.0,0.0
2024-10-22,10.317500114440918,10.353300094604492,10.295000076293945,10.3149995803833,9.272377014160156,430579,0.0,0.0,0.0
2024-10-23,10.287500381469727,10.342499732971191,10.262499809265137,10.27750015258789,9.238668441772461,268738,0.0,0.0,0.0
2024-10-24,10.27750015258789,10.297499656677246,10.212499618530273,10.267499923706055,9.2296781539917,604025,0.0,0.0,0.0
2024-10-25,10.289999961853027,10.305299758911133,10.267499923706055,10.295000076293945,9.254399299621582,315694,0.0,0.0,0.0
2024-10-28,10.2475004196167,10.32349967956543,10.227499961853027,10.274999618530273,9.236421585083008,277078,0.0,0.0,0.0
2024-10-29,10.287500381469727,10.287500381469727,10.22249984741211,10.22249984741211,9.189228057861328,612840,0.0,0.0,0.0
2024-10-30,10.295000076293945,10.331399917602539,10.161879539489746,10.225000381469727,9.191475868225098,605068,0.0,0.0,0.0
2024-10-31,10.142499923706055,10.1899995803833,10.079999923706055,10.135000228881836,9.11057186126709,4525863,0.0,0.0,0.0
2024-11-01,10.074999809265137,10.185199737548828,10.0024995803833,10.125,9.101583480834961,2623322,0.0,0.0,0.0
2024-11-04,10.172499656677246,10.1850004196167,10.107500076293945,10.112500190734863,9.090346336364746,318684,0.0,0.0,0.0
2024-11-05,10.132499694824219,10.132499694824219,10.067500114440918,10.079999923706055,9.06113052368164,361841,0.0,0.0,0.0
2024-11-06,10.09749984741211,10.114999771118164,10.022500038146973,10.0600004196167,9.043153762817383,478091,0.0,0.0,0.0
2024-11-07,10.100000381469727,10.117500305175781,10.029999732971191,10.087499618530273,9.06787395477295,537833,0.0,0.0,0.0
2024-11-08,10.154999732971191,10.162500381469727,10.092499732971191,10.145000457763672,9.119562149047852,441003,0.0,0.0,0.0
2024-11-11,10.1899995803833,10.1899995803833,10.125,10.167499542236328,9.139786720275879,1117736,0.0,0.0,0.0
2024-11-12,10.145000457763672,10.182499885559082,10.1225004196167,10.1225004196167,9.099335670471191,596853,0.0,0.0,0.0
2024-11-13,10.1225004196167,10.149999618530273,10.077500343322754,10.102499961853027,9.0813570022583,386150,0.0,0.0,0.0
2024-11-14,9.850000381469727,9.9350004196167,9.842419624328613,9.9350004196167,9.113463401794434,250944,0.2025,0.0,0.0
2024-11-15,9.757499694824219,9.942500114440918,9.757499694824219,9.927499771118164,9.296059608459473,282848,0.2025,0.0,0.0
2024-11-18,9.920000076293945,9.960000038146973,9.897500038146973,9.925000190734863,9.293718338012695,612898,0.0,0.0,0.0
2024-11-19,9.930000305175781,9.994999885559082,9.922499656677246,9.947500228881836,9.314787864685059,319512,0.0,0.0,0.0
2024-11-20,9.90999984741211,9.952500343322754,9.90250015258789,9.949999809265137,9.317129135131836,397932,0.0,0.0,0.0
2024-11-21,9.9399995803833,9.97249984741211,9.907500267028809,9.949999809265137,9.317129135131836,359463,0.0,0.0,0.0
2024-11-22,9.932499885559082,10.010000228881836,9.930000305175781,9.987500190734863,9.35224437713623,319907,0.0,0.0,0.0
2024-11-25,10.037500381469727,10.0600004196167,10.0,10.042499542236328,9.4037446975708,606218,0.0,0.0,0.0
2024-11-26,10.045000076293945,10.045000076293945,10.007499694824219,10.020000457763672,9.38267707824707,286211,0.0,0.0,0.0
2024-11-27,10.092499732971191,10.092499732971191,10.039999961853027,10.0649995803833,9.424814224243164,555568,0.0,0.0,0.0
2024-11-28,10.260000228881836,10.742500305175781,9.979999542236328,10.082500457763672,9.441201210021973,717924,0.0,0.0,0.0
2024-11-29,10.0600004196167,10.1225004196167,10.0600004196167,10.107500076293945,9.464612007141113,651996,0.0,0.0,0.0
2024-12-02,10.09000015258789,10.137499809265137,10.085000038146973,10.119999885559082,9.47631549835205,1027522,0.0,0.0,0.0
2024-12-03,10.145000457763672,10.145000457763672,10.085000038146973,10.100000381469727,9.457588195800781,391528,0.0,0.0,0.0
2024-12-04,10.095000267028809,10.109999656677246,10.0600004196167,10.104999542236328,9.46226978302002,404567,0.0,0.0,0.0
2024-12-05,10.112500190734863,10.1274995803833,10.072500228881836,10.074999809265137,9.434178352355957,458073,0.0,0.0,0.0
2024-12-06,10.074999809265137,10.117500305175781,10.0600004196167,10.069999694824219,9.429495811462402,604042,0.0,0.0,0.0
2024-12-09,10.079999923706055,10.114999771118164,10.074999809265137,10.079999923706055,9.438859939575195,242609,0.0,0.0,0.0
2024-12-10,10.042499542236328,10.087499618530273,10.029999732971191,10.039999961853027,9.40140438079834,849255,0.0,0.0,0.0
2024-12-11,10.057499885559082,10.067500114440918,10.017499923706055,10.029999732971191,9.392040252685547,982092,0.0,0.0,0.0
2024-12-12,10.069999694824219,10.069999694824219,9.992500305175781,10.020000457763672,9.38267707824707,412906,0.0,0.0,0.0
2024-12-13,9.984999656677246,10.02750015258789,9.977499961853027,9.977499961853027,9.342880249023438,359082,0.0,0.0,0.0
2024-12-16,10.012499809265137,10.012499809265137,9.947500228881836,9.947500228881836,9.314787864685059,231948,0.0,0.0,0.0
2024-12-17,9.987500190734863,9.987500190734863,9.892499923706055,9.907500267028809,9.277332305908203,641084,0.0,0.0,0.0
2024-12-18,9.9399995803833,9.9399995803833,9.862500190734863,9.887499809265137,9.2586030960083,658676,0.0,0.0,0.0
2024-12-19,9.850000381469727,9.887499809265137,9.802499771118164,9.863750457763672,9.236366271972656,928727,0.0,0.0,0.0
2024-12-20,9.930000305175781,10.0,9.805000305175781,9.914999961853027,9.284355163574219,469580,0.0,0.0,0.0
2024-12-23,9.864999771118164,9.912500381469727,9.864999771118164,9.885000228881836,9.256263732910156,229904,0.0,0.0,0.0
2024-12-24,9.8100004196167,9.890000343322754,9.8100004196167,9.890000343322754,9.260946273803711,103762,0.0,0.0,0.0
2024-12-27,9.869999885559082,9.869999885559082,9.81624984741211,9.835000038146973,9.209444046020508,262865,0.0,0.0,0.0
2024-12-30,9.845000267028809,9.862500190734863,9.8125,9.84749984741211,9.221148490905762,128866,0.0,0.0,0.0
2024-12-31,9.875,10.067500114440918,9.832500457763672,9.880000114440918,9.251581192016602,80765,0.0,0.0,0.0
2025-01-02,9.890000343322754,9.920000076293945,9.845000267028809,9.859999656677246,9.232853889465332,374470,0.0,0.0,0.0
2025-01-03,9.869999885559082,9.897500038146973,9.852499961853027,9.852499961853027,9.225830078125,1106698,0.0,0.0,0.0
2025-01-06,9.867500305175781,9.8725004196167,9.829999923706055,9.84000015258789,9.214125633239746,230829,0.0,0.0,0.0
2025-01-07,9.84000015258789,9.869999885559082,9.792499542236328,9.807499885559082,9.18369197845459,364326,0.0,0.0,0.0
2025-01-08,9.84000015258789,9.84000015258789,9.698399543762207,9.732500076293945,9.113462448120117,515153,0.0,0.0,0.0
2025-01-09,9.732500076293945,9.742500305175781,9.602499961853027,9.737500190734863,9.118145942687988,983848,0.0,0.0,0.0
2025-01-10,9.717499732971191,9.723099708557129,9.667499542236328,9.710000038146973,9.09239387512207,581250,0.0,0.0,0.0
2025-01-13,9.680000305175781,9.707500457763672,9.65250015258789,9.6899995803833,9.073665618896484,551802,0.0,0.0,0.0
2025-01-14,9.677499771118164,9.727499961853027,9.670000076293945,9.670000076293945,9.054938316345215,645389,0.0,0.0,0.0
2025-01-15,9.682499885559082,9.819999694824219,9.680000305175781,9.789999961853027,9.167305946350098,777206,0.0,0.0,0.0
2025-01-16,9.805000305175781,9.842499732971191,9.767499923706055,9.838749885559082,9.2129545211792,256951,0.0,0.0,0.0
2025-01-17,9.739999771118164,9.890000343322754,9.739999771118164,9.854999542236328,9.228171348571777,750629,0.0,0.0,0.0
2025-01-20,9.854999542236328,9.907500267028809,9.8125,9.84749984741211,9.221148490905762,5475310,0.0,0.0,0.0
2025-01-21,9.842499732971191,9.904999732971191,9.837499618530273,9.904999732971191,9.274991035461426,957294,0.0,0.0,0.0
2025-01-22,9.907500267028809,9.914999961853027,9.869999885559082,9.880000114440918,9.251581192016602,301862,0.0,0.0,0.0
2025-01-23,9.862500190734863,9.897500038146973,9.859999656677246,9.890000343322754,9.260946273803711,514310,0.0,0.0,0.0
2025-01-24,9.904999732971191,9.914999961853027,9.850000381469727,9.875,9.246899604797363,352004,0.0,0.0,0.0
2025-01-27,9.9399995803833,9.9399995803833,9.892499923706055,9.922499656677246,9.291377067565918,606798,0.0,0.0,0.0
2025-01-28,9.90999984741211,9.932499885559082,9.890000343322754,9.90250015258789,9.272649765014648,430833,0.0,0.0,0.0
2025-01-29,9.927499771118164,9.93554973602295,9.890000343322754,9.890000343322754,9.260946273803711,407943,0.0,0.0,0.0
2025-01-30,9.899999618530273,9.962499618530273,9.899999618530273,9.942500114440918,9.31010627746582,1255199,0.0,0.0,0.0
2025-01-31,9.9350004196167,9.977499961853027,9.920000076293945,9.942500114440918,9.31010627746582,1054379,0.0,0.0,0.0
2025-02-03,9.850000381469727,10.020000457763672,9.850000381469727,9.989999771118164,9.354584693908691,1085746,0.0,0.0,0.0
2025-02-04,9.987500190734863,9.987500190734863,9.925000190734863,9.96500015258789,9.331174850463867,630714,0.0,0.0,0.0
2025-02-05,9.979999542236328,10.042499542236328,9.97249984741211,10.029999732971191,9.392040252685547,464757,0.0,0.0,0.0
2025-02-06,10.042499542236328,10.095000267028809,10.0024995803833,10.010000228881836,9.373312950134277,789982,0.0,0.0,0.0
2025-02-07,10.0,10.055000305175781,9.984999656677246,10.0024995803833,9.366289138793945,810840,0.0,0.0,0.0
2025-02-10,10.022500038146973,10.042499542236328,9.977499961853027,10.010000228881836,9.373312950134277,464409,0.0,0.0,0.0
2025-02-11,10.017499923706055,10.029999732971191,9.975000381469727,9.9975004196167,9.361607551574707,327795,0.0,0.0,0.0
2025-02-12,9.9975004196167,9.9975004196167,9.933300018310547,9.953749656677246,9.320639610290527,462863,0.0,0.0,0.0
2025-02-13,9.947500228881836,10.020000457763672,9.932499885559082,10.005000114440918,9.368630409240723,547618,0.0,0.0,0.0
2025-02-14,10.050000190734863,10.050000190734863,9.97249984741211,10.012499809265137,9.375654220581055,345756,0.0,0.0,0.0
2025-02-17,9.927499771118164,9.989999771118164,9.922499656677246,9.984999656677246,9.349902153015137,366218,0.0,0.0,0.0
2025-02-18,9.970000267028809,9.97249984741211,9.9350004196167,9.954999923706055,9.32181167602539,555173,0.0,0.0,0.0
2025-02-19,9.922499656677246,9.960000038146973,9.90999984741211,9.917499542236328,9.28669548034668,868251,0.0,0.0,0.0
2025-02-20,9.920000076293945,9.944999694824219,9.899999618530273,9.932499885559082,9.300743103027344,440435,0.0,0.0,0.0
2025-02-21,9.899999618530273,9.960000038146973,9.899999618530273,9.954999923706055,9.32181167602539,348446,0.0,0.0,0.0
2025-02-24,9.979999542236328,9.979999542236328,9.930000305175781,9.958749771118164,9.325323104858398,4038561,0.0,0.0,0.0
2025-02-25,9.970000267028809,10.024999618530273,9.967499732971191,10.0024995803833,9.366289138793945,603208,0.0,0.0,0.0
2025-02-26,9.987500190734863,10.037500381469727,9.987500190734863,10.005000114440918,9.368630409240723,311910,0.0,0.0,0.0
2025-02-27,10.015000343322754,10.045000076293945,9.984999656677246,9.994999885559082,9.35926628112793,477243,0.0,0.0,0.0
2025-02-28,10.045000076293945,10.045000076293945,10.005000114440918,10.022500038146973,9.385017395019531,2260960,0.0,0.0,0.0
2025-03-03,10.007499694824219,10.039999961853027,9.962499618530273,10.0,9.363948822021484,549844,0.0,0.0,0.0
2025-03-04,10.0024995803833,10.050000190734863,10.0024995803833,10.022500038146973,9.385017395019531,510495,0.0,0.0,0.0
2025-03-05,10.050000190734863,10.050000190734863,9.890000343322754,9.920000076293945,9.289037704467773,363797,0.0,0.0,0.0
2025-03-06,9.84749984741211,10.0,9.829099655151367,9.914999961853027,9.284355163574219,858282,0.0,0.0,0.0
2025-03-07,9.925000190734863,9.979999542236328,9.895000457763672,9.9350004196167,9.303083419799805,592676,0.0,0.0,0.0
2025-03-10,9.952500343322754,9.977499961853027,9.9375,9.9375,9.305423736572266,1041306,0.0,0.0,0.0
2025-03-11,9.895000457763672,9.975000381469727,9.890899658203125,9.913749694824219,9.283184051513672,313856,0.0,0.0,0.0
2025-03-12,9.887499809265137,9.930000305175781,9.867500305175781,9.8725004196167,9.244559288024902,323198,0.0,0.0,0.0
2025-03-13,9.869999885559082,9.932499885559082,9.859999656677246,9.904999732971191,9.274991035461426,381047,0.0,0.0,0.0
2025-03-14,9.954999923706055,9.970000267028809,9.890000343322754,9.930000305175781,9.298401832580566,383325,0.0,0.0,0.0
2025-03-17,9.904999732971191,9.977499961853027,9.904999732971191,9.977499961853027,9.342880249023438,512051,0.0,0.0,0.0
2025-03-18,9.967499732971191,9.985799789428711,9.917699813842773,9.947500228881836,9.314787864685059,318464,0.0,0.0,0.0
2025-03-19,9.954999923706055,10.012499809265137,9.942500114440918,9.962499618530273,9.32883358001709,326032,0.0,0.0,0.0
2025-03-20,9.899999618530273,10.022500038146973,9.899999618530273,9.960000038146973,9.326492309570312,725665,0.0,0.0,0.0
2025-03-21,9.9350004196167,9.960000038146973,9.899999618530273,9.899999618530273,9.270308494567871,496052,0.0,0.0,0.0
2025-03-24,9.897500038146973,9.942500114440918,9.862500190734863,9.895000457763672,9.26562786102295,713596,0.0,0.0,0.0
2025-03-25,9.880000114440918,9.895000457763672,9.852499961853027,9.859999656677246,9.232853889465332,345289,0.0,0.0,0.0
2025-03-26,10.050000190734863,10.050000190734863,9.837499618530273,9.892499923706055,9.263286590576172,570991,0.0,0.0,0.0
2025-03-27,9.8774995803833,9.920000076293945,9.842100143432617,9.857500076293945,9.230512619018555,456197,0.0,0.0,0.0
2025-03-28,9.887499809265137,9.970000267028809,9.882499694824219,9.90999984741211,9.279672622680664,539613,0.0,0.0,0.0
2025-03-31,9.930000305175781,9.977499961853027,9.90999984741211,9.930000305175781,9.298401832580566,425535,0.0,0.0,0.0
2025-04-01,9.917499542236328,10.0,9.917499542236328,9.962499618530273,9.32883358001709,301810,0.0,0.0,0.0
2025-04-02,9.970000267028809,10.0,9.9399995803833,9.949999809265137,9.317129135131836,292839,0.0,0.0,0.0
2025-04-03,9.989999771118164,10.055000305175781,9.984999656677246,10.052499771118164,9.413108825683594,505447,0.0,0.0,0.0
2025-04-04,10.0600004196167,10.149999618530273,10.0600004196167,10.117500305175781,9.47397518157959,1006123,0.0,0.0,0.0
2025-04-07,10.162500381469727,10.1850004196167,9.895000457763672,9.954999923706055,9.32181167602539,1118770,0.0,0.0,0.0
2025-04-08,9.979999542236328,10.022500038146973,9.911999702453613,9.944999694824219,9.312446594238281,650188,0.0,0.0,0.0
2025-04-09,10.050000190734863,10.050000190734863,9.787799835205078,9.822500228881836,9.197738647460938,606556,0.0,0.0,0.0
2025-04-10,9.824999809265137,9.967499732971191,9.802499771118164,9.967499732971191,9.333516120910645,853044,0.0,0.0,0.0
2025-04-11,9.800000190734863,9.947500228881836,9.800000190734863,9.895000457763672,9.26562786102295,821705,0.0,0.0,0.0
2025-04-14,9.897500038146973,9.957500457763672,9.895000457763672,9.957500457763672,9.324151992797852,282556,0.0,0.0,0.0
2025-04-15,9.957500457763672,9.982500076293945,9.925000190734863,9.9375,9.305423736572266,538282,0.0,0.0,0.0
2025-04-16,10.039999961853027,10.039999961853027,9.947500228881836,9.989999771118164,9.354584693908691,386457,0.0,0.0,0.0
2025-04-17,9.992500305175781,10.02750015258789,9.944999694824219,10.0024995803833,9.366289138793945,313650,0.0,0.0,0.0
2025-04-22,10.005000114440918,10.022500038146973,9.960000038146973,10.017499923706055,9.380334854125977,395897,0.0,0.0,0.0
2025-04-23,10.010000228881836,10.100000381469727,10.010000228881836,10.015000343322754,9.377995491027832,561817,0.0,0.0,0.0
2025-04-24,9.895000457763672,10.085000038146973,9.895000457763672,10.085000038146973,9.443543434143066,328415,0.0,0.0,0.0
2025-04-25,10.0625,10.09749984741211,10.03499984741211,10.072500228881836,9.431838035583496,329413,0.0,0.0,0.0
2025-04-28,10.0600004196167,10.100000381469727,10.042499542236328,10.069999694824219,9.429495811462402,1219647,0.0,0.0,0.0
2025-04-29,10.0,10.100000381469727,10.0,10.079999923706055,9.438859939575195,245439,0.0,0.0,0.0
2025-04-30,10.079999923706055,10.132499694824219,10.079999923706055,10.1225004196167,9.478657722473145,2302146,0.0,0.0,0.0
2025-05-01,10.149999618530273,10.1850004196167,10.067500114440918,10.067500114440918,9.427155494689941,216752,0.0,0.0,0.0
2025-05-02,10.074999809265137,10.1274995803833,10.057499885559082,10.067500114440918,9.427155494689941,403433,0.0,0.0,0.0
2025-05-06,10.047499656677246,10.0649995803833,9.989999771118164,10.0649995803833,9.424814224243164,431467,0.0,0.0,0.0
2025-05-07,10.055000305175781,10.106499671936035,10.047499656677246,10.102499961853027,9.459928512573242,240069,0.0,0.0,0.0
2025-05-08,10.092499732971191,10.117500305175781,10.03499984741211,10.045000076293945,9.406086921691895,458140,0.0,0.0,0.0
2025-05-09,10.017499923706055,10.037500381469727,9.989999771118164,10.015000343322754,9.377995491027832,408898,0.0,0.0,0.0
2025-05-12,9.987500190734863,9.989999771118164,9.942500114440918,9.975000381469727,9.34053897857666,417764,0.0,0.0,0.0
2025-05-13,9.989999771118164,9.989999771118164,9.947500228881836,9.949999809265137,9.317129135131836,380974,0.0,0.0,0.0
2025-05-14,9.949999809265137,9.970000267028809,9.90999984741211,9.927499771118164,9.296059608459473,388047,0.0,0.0,0.0
2025-05-15,9.977499961853027,9.977499961853027,9.710000038146973,9.7524995803833,9.132190704345703,498712,0.0,0.0,0.0
2025-05-16,9.8100004196167,9.8100004196167,9.762499809265137,9.762499809265137,9.338229179382324,332613,0.2054,0.0,0.0
2025-05-19,9.765000343322754,9.770000457763672,9.704999923706055,9.767499923706055,9.343012809753418,332823,0.0,0.0,0.0
2025-05-20,9.739999771118164,9.800000190734863,9.71500015258789,9.732500076293945,9.309534072875977,443795,0.0,0.0,0.0
2025-05-21,9.800000190734863,9.800000190734863,9.670000076293945,9.6850004196167,9.264098167419434,346429,0.0,0.0,0.0
2025-05-22,9.694999694824219,9.697500228881836,9.645000457763672,9.692500114440918,9.271271705627441,1140940,0.0,0.0,0.0
2025-05-23,9.710000038146973,9.737500190734863,9.680000305175781,9.704999923706055,9.283227920532227,504931,0.0,0.0,0.0
2025-05-27,9.767499923706055,9.845000267028809,9.72249984741211,9.760000228881836,9.335838317871094,520235,0.0,0.0,0.0
2025-05-28,9.757499694824219,9.757499694824219,9.71500015258789,9.725000381469727,9.302359580993652,1111756,0.0,0.0,0.0
2025-05-29,9.72249984741211,9.792499542236328,9.692500114440918,9.792499542236328,9.366925239562988,446457,0.0,0.0,0.0
2025-05-30,9.800000190734863,9.805000305175781,9.755000114440918,9.78499984741211,9.35975170135498,274817,0.0,0.0,0.0
2025-06-02,9.767499923706055,9.789999961853027,9.734100341796875,9.765000343322754,9.340620994567871,157017,0.0,0.0,0.0
2025-06-03,9.782500267028809,9.827500343322754,9.782500267028809,9.805000305175781,9.37888240814209,275752,0.0,0.0,0.0
2025-06-04,9.77750015258789,9.84220027923584,9.770000457763672,9.837499618530273,9.409969329833984,465979,0.0,0.0,0.0
2025-06-05,9.800000190734863,9.8725004196167,9.800000190734863,9.829999923706055,9.402796745300293,259478,0.0,0.0,0.0
2025-06-06,9.827500343322754,9.852499961853027,9.800000190734863,9.807499885559082,9.381274223327637,391961,0.0,0.0,0.0
2025-06-09,9.850000381469727,9.8725004196167,9.787500381469727,9.8100004196167,9.383666038513184,162087,0.0,0.0,0.0
2025-06-10,9.854999542236328,9.899999618530273,9.837499618530273,9.869999885559082,9.441058158874512,450349,0.0,0.0,0.0
2025-06-11,9.850000381469727,9.885000228881836,9.827500343322754,9.859999656677246,9.43149185180664,547963,0.0,0.0,0.0
2025-06-12,9.90999984741211,9.954999923706055,9.875,9.9399995803833,9.508014678955078,307815,0.0,0.0,0.0
2025-06-13,9.970000267028809,9.970000267028809,9.875,9.885000228881836,9.455405235290527,148392,0.0,0.0,0.0
2025-06-16,9.859999656677246,10.0,9.845199584960938,9.890000343322754,9.460188865661621,491863,0.0,0.0,0.0
2025-06-17,9.8725004196167,9.914999961853027,9.859999656677246,9.887499809265137,9.457797050476074,500865,0.0,0.0,0.0
2025-06-18,9.887499809265137,9.920000076293945,9.859999656677246,9.917499542236328,9.486493110656738,603299,0.0,0.0,0.0
2025-06-19,9.805000305175781,9.920000076293945,9.805000305175781,9.875,9.445840835571289,178234,0.0,0.0,0.0
2025-06-20,9.922499656677246,9.9375,9.869999885559082,9.895000457763672,9.464971542358398,252498,0.0,0.0,0.0
2025-06-23,9.8725004196167,9.9350004196167,9.852499961853027,9.932499885559082,9.500842094421387,156198,0.0,0.0,0.0
2025-06-24,9.960000038146973,9.960000038146973,9.889399528503418,9.9350004196167,9.503232955932617,192599,0.0,0.0,0.0
2025-06-25,9.967499732971191,9.967499732971191,9.912500381469727,9.920000076293945,9.488884925842285,217179,0.0,0.0,0.0
2025-06-26,9.96500015258789,9.96500015258789,9.907500267028809,9.952500343322754,9.519972801208496,674381,0.0,0.0,0.0
2025-06-27,9.914999961853027,9.960000038146973,9.904999732971191,9.90999984741211,9.47931957244873,242745,0.0,0.0,0.0
2025-06-30,9.899999618530273,9.947500228881836,9.899999618530273,9.912500381469727,9.481711387634277,1116565,0.0,0.0,0.0
2025-07-01,9.962499618530273,9.979999542236328,9.9375,9.954999923706055,9.522363662719727,459734,0.0,0.0,0.0
2025-07-02,9.942500114440918,9.952500343322754,9.800000190734863,9.829999923706055,9.402796745300293,966373,0.0,0.0,0.0
2025-07-03,9.8725004196167,9.90999984741211,9.84000015258789,9.882499694824219,9.453014373779297,758427,0.0,0.0,0.0
2025-07-04,9.90250015258789,9.925000190734863,9.869999885559082,9.875,9.445840835571289,287996,0.0,0.0,0.0
2025-07-07,9.875,9.914999961853027,9.845000267028809,9.850000381469727,9.421927452087402,588322,0.0,0.0,0.0
2025-07-08,9.829999923706055,9.857500076293945,9.797499656677246,9.819999694824219,9.393230438232422,805781,0.0,0.0,0.0
2025-07-09,9.800000190734863,9.842499732971191,9.800000190734863,9.837499618530273,9.409969329833984,278952,0.0,0.0,0.0
2025-07-10,9.84000015258789,9.869999885559082,9.832099914550781,9.850000381469727,9.421927452087402,340121,0.0,0.0,0.0
2025-07-11,9.857500076293945,9.857500076293945,9.817500114440918,9.827500343322754,9.400405883789062,268832,0.0,0.0,0.0
2025-07-14,9.75,9.8774995803833,9.75,9.835000038146973,9.40757942199707,2166184,0.0,0.0,0.0
2025-07-15,9.84749984741211,9.8725004196167,9.800000190734863,9.8149995803833,9.388447761535645,299600,0.0,0.0,0.0
2025-07-16,9.837499618530273,9.837499618530273,9.782500267028809,9.817500114440918,9.390839576721191,634655,0.0,0.0,0.0
2025-07-17,9.8125,9.817500114440918,9.774999618530273,9.8100004196167,9.383666038513184,502355,0.0,0.0,0.0
2025-07-18,9.807499885559082,9.807499885559082,9.770000457763672,9.78499984741211,9.35975170135498,406919,0.0,0.0,0.0
2025-07-21,9.807499885559082,9.845000267028809,9.792499542236328,9.845000267028809,9.417143821716309,304856,0.0,0.0,0.0
2025-07-22,9.857500076293945,9.869999885559082,9.805000305175781,9.864999771118164,9.436274528503418,344614,0.0,0.0,0.0
2025-07-23,9.857500076293945,9.857500076293945,9.817500114440918,9.824999809265137,9.3980131149292,369016,0.0,0.0,0.0
2025-07-24,9.824999809265137,9.850000381469727,9.795000076293945,9.845000267028809,9.417143821716309,307596,0.0,0.0,0.0
2025-07-25,9.805000305175781,9.845000267028809,9.800000190734863,9.832500457763672,9.40518856048584,228721,0.0,0.0,0.0
2025-07-28,9.949999809265137,9.949999809265137,9.8125,9.819999694824219,9.393230438232422,341360,0.0,0.0,0.0
2025-07-29,9.84749984741211,9.854999542236328,9.802300453186035,9.845000267028809,9.417143821716309,579398,0.0,0.0,0.0
2025-07-30,9.845000267028809,9.880000114440918,9.829999923706055,9.862500190734863,9.433883666992188,362052,0.0,0.0,0.0
2025-07-31,9.907500267028809,9.907500267028809,9.864999771118164,9.892499923706055,9.462579727172852,993813,0.0,0.0,0.0
2025-08-01,9.84749984741211,9.930000305175781,9.829999923706055,9.90999984741211,9.47931957244873,362085,0.0,0.0,0.0
2025-08-04,9.917499542236328,9.9399995803833,9.882499694824219,9.927499771118164,9.49605941772461,290145,0.0,0.0,0.0
2025-08-05,9.947500228881836,9.949999809265137,9.90999984741211,9.932499885559082,9.500842094421387,824133,0.0,0.0,0.0
2025-08-06,9.917499542236328,9.9350004196167,9.892499923706055,9.912500381469727,9.481711387634277,343330,0.0,0.0,0.0
2025-08-07,9.9350004196167,9.9350004196167,9.887499809265137,9.90999984741211,9.47931957244873,158205,0.0,0.0,0.0
2025-08-08,9.90999984741211,9.90999984741211,9.859999656677246,9.859999656677246,9.43149185180664,380622,0.0,0.0,0.0
2025-08-11,9.8725004196167,9.907500267028809,9.854999542236328,9.892499923706055,9.462579727172852,783864,0.0,0.0,0.0
2025-08-12,9.882499694824219,9.892499923706055,9.837499618530273,9.852499961853027,9.424318313598633,298234,0.0,0.0,0.0
2025-08-13,9.850000381469727,9.885000228881836,9.850000381469727,9.869999885559082,9.441058158874512,272662,0.0,0.0,0.0
2025-08-14,9.882499694824219,9.90250015258789,9.832500457763672,9.842499732971191,9.414752006530762,555202,0.0,0.0,0.0
2025-08-15,9.84749984741211,9.869999885559082,9.79889965057373,9.805000305175781,9.37888240814209,548923,0.0,0.0,0.0
2025-08-18,9.824999809265137,9.829999923706055,9.760000228881836,9.765000343322754,9.340620994567871,176827,0.0,0.0,0.0
2025-08-19,9.760000228881836,9.789999961853027,9.755000114440918,9.770000457763672,9.345404624938965,310909,0.0,0.0,0.0
2025-08-20,9.77750015258789,9.824999809265137,9.75,9.819999694824219,9.393230438232422,583982,0.0,0.0,0.0
2025-08-21,9.827500343322754,9.845000267028809,9.779999732971191,9.787500381469727,9.362144470214844,658815,0.0,0.0,0.0
2025-08-22,9.779999732971191,9.822500228881836,9.765000343322754,9.807499885559082,9.381274223327637,252845,0.0,0.0,0.0
2025-08-26,9.797499656677246,9.829999923706055,9.720000267028809,9.77750015258789,9.352578163146973,315929,0.0,0.0,0.0
2025-08-27,9.770000457763672,9.800000190734863,9.757499694824219,9.779999732971191,9.354969024658203,420189,0.0,0.0,0.0
2025-08-28,9.789999961853027,9.824999809265137,9.779999732971191,9.805000305175781,9.37888240814209,194561,0.0,0.0,0.0
2025-08-29,9.807499885559082,9.824999809265137,9.78499984741211,9.787500381469727,9.362144470214844,650961,0.0,0.0,0.0
2025-09-01,9.805000305175781,9.805000305175781,9.762499809265137,9.765000343322754,9.340620994567871,195561,0.0,0.0,0.0
2025-09-02,9.765000343322754,9.765000343322754,9.720000267028809,9.729999542236328,9.30714225769043,287130,0.0,0.0,0.0
2025-09-03,9.757499694824219,9.789199829101562,9.704999923706055,9.779999732971191,9.354969024658203,547541,0.0,0.0,0.0
2025-09-04,9.789999961853027,9.824999809265137,9.765000343322754,9.800000190734863,9.374099731445312,448533,0.0,0.0,0.0
2025-09-05,9.805000305175781,9.859999656677246,9.805000305175781,9.854999542236328,9.426709175109863,686351,0.0,0.0,0.0
2025-09-08,9.854999542236328,9.895000457763672,9.845000267028809,9.895000457763672,9.464971542358398,566275,0.0,0.0,0.0
2025-09-09,9.880000114440918,9.899999618530273,9.859999656677246,9.880000114440918,9.450623512268066,274951,0.0,0.0,0.0
2025-09-10,9.8774995803833,9.90250015258789,9.857500076293945,9.8725004196167,9.443449974060059,547753,0.0,0.0,0.0
2025-09-11,9.859999656677246,9.914999961853027,9.84000015258789,9.899999618530273,9.46975326538086,546156,0.0,0.0,0.0
2025-09-12,9.895000457763672,9.90999984741211,9.857500076293945,9.857500076293945,9.42910099029541,229492,0.0,0.0,0.0
2025-09-15,9.862500190734863,9.887499809265137,9.845000267028809,9.8725004196167,9.443449974060059,227280,0.0,0.0,0.0
2025-09-16,9.899999618530273,9.899999618530273,9.862500190734863,9.8725004196167,9.443449974060059,281313,0.0,0.0,0.0
2025-09-17,9.880000114440918,9.90999984741211,9.8774995803833,9.890000343322754,9.460188865661621,208108,0.0,0.0,0.0
2025-09-18,9.897500038146973,9.917499542236328,9.857500076293945,9.8725004196167,9.443449974060059,155883,0.0,0.0,0.0
2025-09-19,9.800000190734863,9.897500038146973,9.800000190734863,9.835000038146973,9.40757942199707,373532,0.0,0.0,0.0
2025-09-22,9.827500343322754,9.850000381469727,9.805000305175781,9.835000038146973,9.40757942199707,370595,0.0,0.0,0.0
2025-09-23,9.852499961853027,9.8774995803833,9.837499618530273,9.857500076293945,9.42910099029541,269405,0.0,0.0,0.0
2025-09-24,9.880000114440918,9.899999618530273,9.857500076293945,9.875,9.445840835571289,485544,0.0,0.0,0.0
2025-09-25,9.850000381469727,9.880000114440918,9.8125,9.8149995803833,9.388447761535645,412496,0.0,0.0,0.0
2025-09-26,9.8125,9.845000267028809,9.805000305175781,9.824999809265137,9.3980131149292,319358,0.0,0.0,0.0
2025-09-29,9.835000038146973,9.862500190734863,9.832500457763672,9.862500190734863,9.433883666992188,439908,0.0,0.0,0.0
2025-09-30,9.859999656677246,9.880000114440918,9.832500457763672,9.854999542236328,9.426709175109863,454809,0.0,0.0,0.0
2025-10-01,9.857500076293945,9.890000343322754,9.822500228881836,9.862500190734863,9.433883666992188,163470,0.0,0.0,0.0
2025-10-02,9.882499694824219,9.882499694824219,9.824999809265137,9.857500076293945,9.42910099029541,207253,0.0,0.0,0.0
2025-10-03,9.835000038146973,9.880000114440918,9.835000038146973,9.8725004196167,9.443449974060059,175800,0.0,0.0,0.0
2025-10-06,9.869999885559082,9.869999885559082,9.819999694824219,9.84000015258789,9.412361145019531,204018,0.0,0.0,0.0
2025-10-07,9.832500457763672,9.850000381469727,9.8149995803833,9.842499732971191,9.414752006530762,172674,0.0,0.0,0.0
2025-10-08,9.857500076293945,9.904999732971191,9.84749984741211,9.854999542236328,9.426709175109863,261979,0.0,0.0,0.0
2025-10-09,9.890000343322754,9.890000343322754,9.827500343322754,9.84000015258789,9.412361145019531,300902,0.0,0.0,0.0
2025-10-10,9.824999809265137,9.899999618530273,9.824999809265137,9.897500038146973,9.467362403869629,750970,0.0,0.0,0.0
2025-10-13,9.899999618530273,9.90999984741211,9.8725004196167,9.904999732971191,9.474535942077637,252183,0.0,0.0,0.0
2025-10-14,9.912500381469727,9.96500015258789,9.912500381469727,9.954999923706055,9.522363662719727,899061,0.0,0.0,0.0
2025-10-15,9.947500228881836,10.007499694824219,9.947500228881836,9.989999771118164,9.555842399597168,819257,0.0,0.0,0.0
2025-10-16,10.15999984741211,10.280699729919434,9.975000381469727,10.017499923706055,9.582147598266602,591236,0.0,0.0,0.0
2025-10-17,10.055000305175781,10.112500190734863,9.989999771118164,9.994999885559082,9.560625076293945,366335,0.0,0.0,0.0
2025-10-20,9.989999771118164,10.022500038146973,9.989999771118164,10.020000457763672,9.584539413452148,382472,0.0,0.0,0.0
2025-10-21,10.012499809265137,10.057499885559082,10.012499809265137,10.055000305175781,9.61801815032959,819258,0.0,0.0,0.0
2025-10-22,10.100000381469727,10.135000228881836,10.074999809265137,10.095000267028809,9.656279563903809,455844,0.0,0.0,0.0
2025-10-23,10.087499618530273,10.107500076293945,10.077500343322754,10.095000267028809,9.656279563903809,807645,0.0,0.0,0.0
2025-10-24,,,,,,0,0.0,0.0,0.0
2025-10-27,10.077500343322754,10.119999885559082,10.057499885559082,10.119999885559082,9.680192947387695,942804,0.0,0.0,0.0
2025-10-28,10.142499923706055,10.147500038146973,10.117500305175781,10.117500305175781,9.677802085876465,439364,0.0,0.0,0.0
2025-10-29,10.130000114440918,10.147500038146973,10.069999694824219,10.132499694824219,9.69214916229248,408679,0.0,0.0,0.0
2025-10-30,10.107500076293945,10.147500038146973,10.045000076293945,10.119999885559082,9.680192947387695,604333,0.0,0.0,0.0
2025-10-31,10.079999923706055,10.140000343322754,10.0649995803833,10.132499694824219,9.69214916229248,488106,0.0,0.0,0.0
2025-11-03,10.147500038146973,10.147500038146973,10.095000267028809,10.09749984741211,9.658670425415039,449634,0.0,0.0,0.0
2025-11-04,10.132499694824219,10.157500267028809,10.112500190734863,10.114999771118164,9.675410270690918,518062,0.0,0.0,0.0
2025-11-05,10.199999809265137,10.199999809265137,10.0600004196167,10.074999809265137,9.6371488571167,403134,0.0,0.0,0.0
2025-11-06,10.095000267028809,10.117500305175781,10.079999923706055,10.109999656677246,9.67062759399414,633834,0.0,0.0,0.0
2025-11-07,9.989999771118164,10.092499732971191,9.989999771118164,10.082500457763672,9.644322395324707,380483,0.0,0.0,0.0
2025-11-10,10.0600004196167,10.100000381469727,10.045000076293945,10.095000267028809,9.656279563903809,603601,0.0,0.0,0.0
2025-11-11,10.1274995803833,10.15999984741211,10.117500305175781,10.154999732971191,9.713671684265137,388670,0.0,0.0,0.0
2025-11-12,10.154999732971191,10.154999732971191,10.107500076293945,10.130000114440918,9.68975830078125,338350,0.0,0.0,0.0
2025-11-13,10.0,10.0,9.864999771118164,9.892499923706055,9.669329643249512,397259,0.2166,0.0,0.0
2025-11-14,10.0,10.0,9.760000228881836,9.795000076293945,9.574029922485352,1404200,0.0,0.0,0.0
2025-11-17,9.787500381469727,9.827500343322754,9.774999618530273,9.824999809265137,9.603352546691895,333000,0.0,0.0,0.0
2025-11-18,9.827500343322754,9.84000015258789,9.805000305175781,9.805000305175781,9.5838041305542,429915,0.0,0.0,0.0
2025-11-19,9.869999885559082,9.869999885559082,9.758000373840332,9.767499923706055,9.547149658203125,576745,0.0,0.0,0.0
2025-11-20,9.779999732971191,9.822500228881836,9.75,9.792499542236328,9.571585655212402,327013,0.0,0.0,0.0
2025-11-21,9.797499656677246,9.837499618530273,9.755000114440918,9.827500343322754,9.605796813964844,1566996,0.0,0.0,0.0
2025-11-24,9.835000038146973,9.845000267028809,9.819299697875977,9.822500228881836,9.600909233093262,373791,0.0,0.0,0.0
2025-11-25,9.822500228881836,9.8725004196167,9.8149995803833,9.862500190734863,9.640007019042969,773333,0.0,0.0,0.0
2025-11-26,9.850000381469727,9.930000305175781,9.77750015258789,9.930000305175781,9.705984115600586,1264018,0.0,0.0,0.0
2025-11-27,10.0,10.0,9.895000457763672,9.90999984741211,9.686434745788574,840005,0.0,0.0,0.0
2025-11-28,10.0,10.0,9.890000343322754,9.917499542236328,9.693765640258789,414205,0.0,0.0,0.0
2025-12-01,9.960000038146973,9.960000038146973,9.8725004196167,9.895000457763672,9.671773910522461,322128,0.0,0.0,0.0
2025-12-02,10.0,10.0,9.867500305175781,9.895000457763672,9.671773910522461,336428,0.0,0.0,0.0
2025-12-03,9.850000381469727,9.9399995803833,9.850000381469727,9.922499656677246,9.698653221130371,465536,0.0,0.0,0.0
2025-12-04,9.9350004196167,9.957500457763672,9.904999732971191,9.942500114440918,9.718201637268066,359891,0.0,0.0,0.0
2025-12-05,9.942500114440918,9.952500343322754,9.912500381469727,9.917499542236328,9.693765640258789,442819,0.0,0.0,0.0
2025-12-08,9.944999694824219,9.944999694824219,9.869999885559082,9.890000343322754,9.666886329650879,340410,0.0,0.0,0.0
2025-12-09,9.920000076293945,9.9350004196167,9.875,9.907500267028809,9.683991432189941,185203,0.0,0.0,0.0
2025-12-10,9.895000457763672,9.90250015258789,9.8725004196167,9.897500038146973,9.674217224121094,362845,0.0,0.0,0.0
2025-12-11,9.989999771118164,9.989999771118164,9.899999618530273,9.917499542236328,9.693765640258789,371117,0.0,0.0,0.0
2025-12-12,9.979999542236328,9.979999542236328,9.880000114440918,9.880000114440918,9.657112121582031,235825,0.0,0.0,0.0
2025-12-15,9.897500038146973,9.920000076293945,9.890000343322754,9.90999984741211,9.686434745788574,304629,0.0,0.0,0.0
2025-12-16,9.90999984741211,9.957500457763672,9.857500076293945,9.887499809265137,9.66444206237793,249308,0.0,0.0,0.0
2025-12-17,9.899999618530273,9.975000381469727,9.899999618530273,9.912500381469727,9.688879013061523,413679,0.0,0.0,0.0
2025-12-18,9.989999771118164,9.989999771118164,9.899999618530273,9.9375,9.7133150100708,298228,0.0,0.0,0.0
2025-12-19,9.850000381469727,9.96500015258789,9.850000381469727,9.897500038146973,9.674217224121094,480036,0.0,0.0,0.0
2025-12-22,9.897500038146973,9.9375,9.87969970703125,9.890000343322754,9.666886329650879,1486951,0.0,0.0,0.0
2025-12-23,9.897500038146973,9.947500228881836,9.890000343322754,9.907500267028809,9.683991432189941,306993,0.0,0.0,0.0
2025-12-24,9.989999771118164,9.989999771118164,9.890000343322754,9.899999618530273,9.676660537719727,172579,0.0,0.0,0.0
2025-12-29,9.899999618530273,9.984999656677246,9.859999656677246,9.932499885559082,9.708427429199219,248838,0.0,0.0,0.0
2025-12-30,9.850000381469727,9.989999771118164,9.850000381469727,9.927499771118164,9.703539848327637,89922,0.0,0.0,0.0
2025-12-31,9.920000076293945,9.957500457763672,9.912500381469727,9.912500381469727,9.688879013061523,94738,0.0,0.0,0.0
2026-01-02,9.989999771118164,9.989999771118164,9.890000343322754,9.907500267028809,9.683991432189941,296959,0.0,0.0,0.0
2026-01-05,9.912500381469727,9.96500015258789,9.899999618530273,9.922499656677246,9.698653221130371,483312,0.0,0.0,0.0
2026-01-06,9.989999771118164,9.989999771118164,9.899999618530273,9.944999694824219,9.7206449508667,304500,0.0,0.0,0.0
2026-01-07,9.96500015258789,10.0,9.961099624633789,9.9975004196167,9.771961212158203,587808,0.0,0.0,0.0
2026-01-08,9.994999885559082,10.020000457763672,9.970000267028809,9.99625015258789,9.770739555358887,226785,0.0,0.0,0.0
2026-01-09,10.0024995803833,10.029999732971191,9.989999771118164,10.022500038146973,9.79639720916748,709523,0.0,0.0,0.0
2026-01-12,10.024999618530273,10.032500267028809,10.007499694824219,10.020000457763672,9.793953895568848,364303,0.0,0.0,0.0
2026-01-13,10.020000457763672,10.085000038146973,9.987500190734863,10.017499923706055,9.791509628295898,460699,0.0,0.0,0.0
2026-01-14,10.0,10.047499656677246,9.989999771118164,10.045000076293945,9.818389892578125,253608,0.0,0.0,0.0
2026-01-15,10.199999809265137,10.199999809265137,10.012499809265137,10.022500038146973,9.79639720916748,590847,0.0,0.0,0.0
2026-01-16,10.017499923706055,10.02750015258789,10.0024995803833,10.015000343322754,9.789066314697266,360251,0.0,0.0,0.0
2026-01-19,10.02750015258789,10.02750015258789,9.9975004196167,10.007499694824219,9.78173542022705,1092211,0.0,0.0,0.0
2026-01-20,9.979999542236328,10.039999961853027,9.922499656677246,9.962499618530273,9.737750053405762,417751,0.0,0.0,0.0
2026-01-21,9.994999885559082,10.0,9.962499618530273,9.982500076293945,9.757299423217773,231056,0.0,0.0,0.0
2026-01-22,9.9975004196167,10.012499809265137,9.942500114440918,9.970000267028809,9.745081901550293,945138,0.0,0.0,0.0
2026-01-23,9.975000381469727,9.994999885559082,9.930000305175781,9.9399995803833,9.715758323669434,448042,0.0,0.0,0.0
2026-01-26,9.930000305175781,10.0,9.899999618530273,9.949999809265137,9.725532531738281,239771,0.0,0.0,0.0
2026-01-27,9.944999694824219,9.957500457763672,9.930000305175781,9.9375,9.7133150100708,889800,0.0,0.0,0.0
2026-01-28,9.9399995803833,9.947500228881836,9.912300109863281,9.920000076293945,9.696209907531738,280675,0.0,0.0,0.0
2026-01-29,9.930000305175781,9.960000038146973,9.899999618530273,9.942500114440918,9.718201637268066,290576,0.0,0.0,0.0
2026-01-30,9.917499542236328,9.952500343322754,9.914999961853027,9.9375,9.7133150100708,362922,0.0,0.0,0.0
2026-02-02,9.952500343322754,9.960000038146973,9.904999732971191,9.944999694824219,9.7206449508667,596560,0.0,0.0,0.0
2026-02-03,9.922499656677246,9.942500114440918,9.922499656677246,9.942500114440918,9.718201637268066,505584,0.0,0.0,0.0
2026-02-04,9.970000267028809,9.970000267028809,9.90999984741211,9.912500381469727,9.688879013061523,485339,0.0,0.0,0.0
2026-02-05,9.899999618530273,9.942500114440918,9.869999885559082,9.907500267028809,9.683991432189941,1352189,0.0,0.0,0.0
2026-02-06,9.8725004196167,9.9375,9.8725004196167,9.922499656677246,9.698653221130371,357200,0.0,0.0,0.0
2026-02-09,9.994999885559082,9.994999885559082,9.8725004196167,9.927499771118164,9.703539848327637,535879,0.0,0.0,0.0
2026-02-10,9.952500343322754,9.957500457763672,9.932499885559082,9.947500228881836,9.723089218139648,355917,0.0,0.0,0.0
2026-02-11,9.944999694824219,9.970000267028809,9.927499771118164,9.967499732971191,9.742637634277344,710978,0.0,0.0,0.0
2026-02-12,9.970000267028809,9.994999885559082,9.960000038146973,9.987500190734863,9.762187004089355,520175,0.0,0.0,0.0
2026-02-13,9.9975004196167,10.024999618530273,9.979999542236328,10.017499923706055,9.791509628295898,500911,0.0,0.0,0.0
2026-02-16,10.015000343322754,10.039999961853027,10.001999855041504,10.022500038146973,9.79639720916748,374932,0.0,0.0,0.0
2026-02-17,10.050000190734863,10.0649995803833,10.0447998046875,10.045000076293945,9.818389892578125,264328,0.0,0.0,0.0
2026-02-18,10.042499542236328,10.0625,10.03499984741211,10.047499656677246,9.820833206176758,296189,0.0,0.0,0.0
2026-02-19,10.039999961853027,10.057499885559082,10.032500267028809,10.050000190734863,9.82327651977539,495131,0.0,0.0,0.0
2026-02-20,10.087499618530273,10.095000267028809,10.055000305175781,10.067500114440918,9.84038257598877,495827,0.0,0.0,0.0
2026-02-23,10.077500343322754,10.102499961853027,10.067500114440918,10.09749984741211,9.869705200195312,295542,0.0,0.0,0.0
2026-02-24,10.100000381469727,10.117500305175781,10.09000015258789,10.104999542236328,9.877035140991211,1360279,0.0,0.0,0.0
2026-02-25,10.112500190734863,10.112500190734863,10.079999923706055,10.095000267028809,9.86726188659668,295819,0.0,0.0,0.0
2026-02-26,10.024999618530273,10.15999984741211,10.024999618530273,10.130000114440918,9.901472091674805,427943,0.0,0.0,0.0
2026-02-27,10.104999542236328,10.180000305175781,10.104999542236328,10.15999984741211,9.930794715881348,4673047,0.0,0.0,0.0
2026-03-02,10.154999732971191,10.130000114440918,10.100000381469727,10.107500076293945,9.87947940826416,245795,0.0,0.0,0.0
2026-03-03,10.067500114440918,10.085000038146973,9.987500190734863,10.022500038146973,9.79639720916748,336340,0.0,0.0,0.0
2026-03-04,10.03499984741211,10.072500228881836,10.007499694824219,10.067500114440918,9.84038257598877,405713,0.0,0.0,0.0
2026-03-05,9.982500076293945,10.077500343322754,9.954999923706055,9.979999542236328,9.754855155944824,554805,0.0,0.0,0.0
2026-03-06,9.979999542236328,9.992500305175781,9.867500305175781,9.925000190734863,9.701096534729004,804522,0.0,0.0,0.0
2026-03-09,9.850000381469727,9.942500114440918,9.802499771118164,9.922499656677246,9.698653221130371,523015,0.0,0.0,0.0
2026-03-10,9.982500076293945,10.022500038146973,9.949999809265137,9.982500076293945,9.757299423217773,553533,0.0,0.0,0.0
2026-03-11,9.982500076293945,9.982500076293945,9.881199836730957,9.895000457763672,9.671773910522461,374709,0.0,0.0,0.0
2026-03-12,9.8725004196167,9.897500038146973,9.8100004196167,9.829999923706055,9.608240127563477,541149,0.0,0.0,0.0
2026-03-13,9.8100004196167,9.857500076293945,9.797499656677246,9.802499771118164,9.58135986328125,306057,0.0,0.0,0.0
2026-03-16,9.829999923706055,9.875,9.802499771118164,9.832500457763672,9.610684394836426,464288,0.0,0.0,0.0
2026-03-17,9.854999542236328,9.899999618530273,9.832500457763672,9.897500038146973,9.674217224121094,3259338,0.0,0.0,0.0
2026-03-18,9.899999618530273,9.947500228881836,9.842499732971191,9.859999656677246,9.63756275177002,371113,0.0,0.0,0.0
2026-03-19,9.75,10.0,9.75,9.819999694824219,9.598464965820312,4044470,0.0,0.0,0.0
2026-03-20,9.829999923706055,9.829999923706055,9.680000305175781,9.699999809265137,9.481172561645508,377091,0.0,0.0,0.0
2026-03-23,9.680000305175781,9.84000015258789,9.612500190734863,9.739999771118164,9.520270347595215,779285,0.0,0.0,0.0
2026-03-24,9.760000228881836,9.77750015258789,9.707500457763672,9.732500076293945,9.512939453125,864094,0.0,0.0,0.0
2026-03-25,9.739999771118164,9.827500343322754,9.739999771118164,9.8125,9.591135025024414,1948173,0.0,0.0,0.0
2026-03-26,9.800000190734863,9.800000190734863,9.717499732971191,9.717499732971191,9.49827766418457,1260558,0.0,0.0,0.0
2026-03-27,9.704999923706055,9.720000267028809,9.630000114440918,9.712499618530273,9.493390083312988,536337,0.0,0.0,0.0
2026-03-30,9.710000038146973,9.760430335998535,9.692500114440918,9.739999771118164,9.520270347595215,571197,0.0,0.0,0.0
2026-03-31,9.75,9.800000190734863,9.729999542236328,9.762499809265137,9.542262077331543,1029660,0.0,0.0,0.0
2026-04-01,9.789999961853027,9.869999885559082,9.78499984741211,9.829999923706055,9.608240127563477,778461,0.0,0.0,0.0
2026-04-02,9.755000114440918,9.84000015258789,9.7524995803833,9.819999694824219,9.598464965820312,292499,0.0,0.0,0.0
2026-04-07,9.850000381469727,9.850000381469727,9.739999771118164,9.774999618530273,9.55448055267334,379167,0.0,0.0,0.0
2026-04-08,9.885000228881836,9.988349914550781,9.859999656677246,9.920000076293945,9.696209907531738,607691,0.0,0.0,0.0
2026-04-09,9.895000457763672,9.912500381469727,9.822500228881836,9.864999771118164,9.642450332641602,404887,0.0,0.0,0.0
2026-04-10,9.854999542236328,9.867500305175781,9.819999694824219,9.827500343322754,9.605796813964844,226665,0.0,0.0,0.0
2026-04-13,9.807499885559082,9.824999809265137,9.75,9.800000190734863,9.578916549682617,329248,0.0,0.0,0.0
2026-04-14,9.837499618530273,9.859999656677246,9.8125,9.850000381469727,9.627789497375488,306750,0.0,0.0,0.0
2026-04-15,9.897500038146973,9.897500038146973,9.832500457763672,9.835000038146973,9.613126754760742,1243404,0.0,0.0,0.0
2026-04-16,9.869999885559082,9.869999885559082,9.795000076293945,9.800000190734863,9.578916549682617,344943,0.0,0.0,0.0
2026-04-17,9.789999961853027,9.897500038146973,9.782500267028809,9.880000114440918,9.657112121582031,563385,0.0,0.0,0.0
2026-04-20,9.852499961853027,9.854999542236328,9.807499885559082,9.822500228881836,9.600909233093262,509610,0.0,0.0,0.0
2026-04-21,9.819999694824219,9.827500343322754,9.776800155639648,9.77750015258789,9.556924819946289,274488,0.0,0.0,0.0
2026-04-22,9.800000190734863,9.815699577331543,9.779999732971191,9.795000076293945,9.574029922485352,472918,0.0,0.0,0.0
2026-04-23,9.762499809265137,9.779999732971191,9.734999656677246,9.757499694824219,9.537375450134277,529878,0.0,0.0,0.0
2026-04-24,9.770000457763672,9.774999618530273,9.72249984741211,9.762499809265137,9.542262077331543,345730,0.0,0.0,0.0
2026-04-27,9.755000114440918,9.77750015258789,9.725000381469727,9.725000381469727,9.505608558654785,343048,0.0,0.0,0.0
2026-04-28,9.729999542236328,9.737500190734863,9.699999809265137,9.702500343322754,9.483616828918457,481289,0.0,0.0,0.0
2026-04-29,9.699999809265137,9.744999885559082,9.677499771118164,9.692500114440918,9.473841667175293,571263,0.0,0.0,0.0
2026-04-30,9.670000076293945,9.7475004196167,9.65250015258789,9.725000381469727,9.505608558654785,492339,0.0,0.0,0.0
2026-05-01,9.692500114440918,9.767499923706055,9.6875,9.7524995803833,9.532487869262695,164499,0.0,0.0,0.0
2026-05-05,9.664999961853027,9.732500076293945,9.654999732971191,9.692500114440918,9.473841667175293,1055852,0.0,0.0,0.0
2026-05-06,9.657500267028809,9.795000076293945,9.657500267028809,9.770000457763672,9.549593925476074,813320,0.0,0.0,0.0
2026-05-07,9.779999732971191,9.8149995803833,9.767499923706055,9.770000457763672,9.549593925476074,1986041,0.0,0.0,0.0
2026-05-08,9.789999961853027,9.829999923706055,9.75,9.800000190734863,9.578916549682617,465765,0.0,0.0,0.0
2026-05-11,9.795000076293945,9.795000076293945,9.725000381469727,9.737500190734863,9.517827033996582,410245,0.0,0.0,0.0
2026-05-12,9.670000076293945,9.692500114440918,9.592499732971191,9.677499771118164,9.459179878234863,717999,0.0,0.0,0.0
2026-05-13,9.645000457763672,9.71500015258789,9.645000457763672,9.697500228881836,9.478729248046875,1871518,0.0,0.0,0.0
2026-05-14,9.720000267028809,9.7524995803833,9.69279956817627,9.737500190734863,9.517827033996582,281827,0.0,0.0,0.0
2026-05-15,9.710000038146973,9.78499984741211,9.619999885559082,9.6274995803833,9.410307884216309,832808,0.0,0.0,0.0
2026-05-18,9.65999984741211,9.6899995803833,9.614999771118164,9.647500038146973,9.42985725402832,1493622,0.0,0.0,0.0
2026-05-19,9.712499618530273,9.717499732971191,9.649999618530273,9.65999984741211,9.4420747756958,939466,0.0,0.0,0.0
2026-05-20,9.692500114440918,9.772500038146973,9.6899995803833,9.755000114440918,9.534932136535645,765965,0.0,0.0,0.0
2026-05-21,9.569999694824219,9.582500457763672,9.52750015258789,9.552499771118164,9.336999893188477,778534,0.0,0.0,0.0
2026-05-22,9.59000015258789,9.617500305175781,9.577500343322754,9.609999656677246,9.609999656677246,670395,0.2155,0.0,0.0
2026-05-26,9.682499885559082,9.682499885559082,9.612500190734863,9.617500305175781,9.617500305175781,290354,0.0,0.0,0.0
2026-05-27,9.657500267028809,9.677499771118164,9.6225004196167,9.637499809265137,9.637499809265137,634167,0.0,0.0,0.0
2026-05-28,9.649999618530273,9.682499885559082,9.614999771118164,9.672499656677246,9.672499656677246,270283,0.0,0.0,0.0
2026-05-29,9.670000076293945,9.682499885559082,9.649999618530273,9.670000076293945,9.670000076293945,408576,0.0,0.0,0.0
2026-06-01,9.680000305175781,9.680000305175781,9.592499732971191,9.619999885559082,9.619999885559082,287575,0.0,0.0,0.0
2026-06-02,9.65250015258789,9.664999961853027,9.635000228881836,9.637499809265137,9.637499809265137,480364,0.0,0.0,0.0
2026-06-03,9.614999771118164,9.6225004196167,9.59000015258789,9.592499732971191,9.592499732971191,581352,0.0,0.0,0.0
2026-06-04,9.607500076293945,9.630000114440918,9.592499732971191,9.612500190734863,9.612500190734863,291358,0.0,0.0,0.0
2026-06-05,9.619999885559082,9.630000114440918,9.600000381469727,9.619999885559082,9.619999885559082,539627,0.0,0.0,0.0
2026-06-08,9.609999656677246,9.6225004196167,9.577500343322754,9.592499732971191,9.592499732971191,277140,0.0,0.0,0.0
2026-06-09,9.595000267028809,9.6274995803833,9.59000015258789,9.604999542236328,9.604999542236328,669963,0.0,0.0,0.0
2026-06-10,9.602499961853027,9.625,9.579999923706055,9.602499961853027,9.602499961853027,277822,0.0,0.0,0.0
2026-06-11,9.595000267028809,9.635000228881836,9.585000038146973,9.6274995803833,9.6274995803833,309481,0.0,0.0,0.0
2026-06-12,9.677499771118164,9.702500343322754,9.635000228881836,9.664999961853027,9.664999961853027,243370,0.0,0.0,0.0
2026-06-15,9.710000038146973,9.727499961853027,9.675000190734863,9.6850004196167,9.6850004196167,266741,0.0,0.0,0.0
2026-06-16,9.712499618530273,9.712499618530273,9.672499656677246,9.6899995803833,9.6899995803833,230848,0.0,0.0,0.0
2026-06-17,9.72249984741211,9.737500190734863,9.6899995803833,9.717499732971191,9.717499732971191,251610,0.0,0.0,0.0
2026-06-18,9.739999771118164,9.742500305175781,9.707500457763672,9.729999542236328,9.729999542236328,497692,0.0,0.0,0.0
2026-06-19,9.702500343322754,9.72249984741211,9.664999961853027,9.672499656677246,9.672499656677246,631380,0.0,0.0,0.0
2026-06-22,9.710000038146973,9.729999542236328,9.657500267028809,9.6875,9.6875,466642,0.0,0.0,0.0
2026-06-23,9.732500076293945,9.734999656677246,9.692500114440918,9.732500076293945,9.732500076293945,329419,0.0,0.0,0.0
2026-06-24,9.734999656677246,9.792499542236328,9.725000381469727,9.77750015258789,9.77750015258789,508429,0.0,0.0,0.0
2026-06-25,9.787500381469727,9.795000076293945,9.767499923706055,9.774999618530273,9.774999618530273,2518060,0.0,0.0,0.0
2026-06-26,9.782500267028809,9.792499542236328,9.72249984741211,9.755000114440918,9.755000114440918,753336,0.0,0.0,0.0
2026-06-29,9.742500305175781,9.767499923706055,9.727499961853027,9.762499809265137,9.762499809265137,264102,0.0,0.0,0.0
2026-06-30,9.792499542236328,9.792499542236328,9.727499961853027,9.737500190734863,9.737500190734863,391209,0.0,0.0,0.0
2026-07-01,9.720000267028809,9.746899604797363,9.692500114440918,9.742500305175781,9.742500305175781,3712639,0.0,0.0,0.0
2026-07-02,9.737500190734863,9.737500190734863,9.699999809265137,9.727499961853027,9.727499961853027,361745,0.0,0.0,0.0
2026-07-03,9.72249984741211,9.729999542236328,9.704999923706055,9.725000381469727,9.725000381469727,360613,0.0,0.0,0.0
2026-07-06,9.734999656677246,9.739999771118164,9.710000038146973,9.710000038146973,9.710000038146973,438865,0.0,0.0,0.0
2026-07-07,9.697500228881836,9.717499732971191,9.682499885559082,9.682499885559082,9.682499885559082,388793,0.0,0.0,0.0
2026-07-08,9.649999618530273,9.65999984741211,9.592499732971191,9.592499732971191,9.592499732971191,344227,0.0,0.0,0.0
2026-07-09,9.632499694824219,9.65250015258789,9.609999656677246,9.645000457763672,9.645000457763672,153219,0.0,0.0,0.0
2026-07-10,9.667499542236328,9.682499885559082,9.645000457763672,9.670000076293945,9.670000076293945,358925,0.0,0.0,0.0
2026-07-13,9.647500038146973,9.65250015258789,9.604999542236328,9.604999542236328,9.604999542236328,210551,0.0,0.0,0.0
2026-07-14,9.5625,9.6274995803833,9.561200141906738,9.619999885559082,9.619999885559082,379523,0.0,0.0,0.0
2026-07-15,9.59749984741211,9.642499923706055,9.59000015258789,9.642499923706055,9.642499923706055,219730,0.0,0.0,0.0
2026-07-16,9.6274995803833,9.6274995803833,9.592499732971191,9.6225004196167,9.6225004196167,316874,0.0,0.0,0.0
2026-07-17,9.625,9.642499923706055,9.612500190734863,9.625,9.625,99363,0.0,0.0,0.0
2026-07-20,9.592499732971191,9.630000114440918,9.569999694824219,9.572500228881836,9.572500228881836,324602,0.0,0.0,0.0
2026-07-21,9.572500228881836,9.592499732971191,9.555000305175781,9.579999923706055,9.579999923706055,674358,0.0,0.0,0.0
2026-07-22,9.572500228881836,9.587499618530273,9.552499771118164,9.5649995803833,9.5649995803833,529731,0.0,0.0,0.0
2026-07-23,9.5600004196167,9.5625,9.524999618530273,9.524999618530273,9.524999618530273,266411,0.0,0.0,0.0
2026-07-24,9.550000190734863,9.587499618530273,9.539999961853027,9.582500457763672,9.582500457763672,630129,0.0,0.0,0.0
2026-07-27,9.6225004196167,9.647500038146973,9.602499961853027,9.614999771118164,9.614999771118164,279501,0.0,0.0,0.0
2026-07-28,9.642499923706055,9.647500038146973,9.6225004196167,9.635000228881836,9.635000228881836,139309,0.0,0.0,0.0
2026-07-29,9.619999885559082,9.637499809265137,9.585000038146973,9.585000038146973,9.585000038146973,256482,0.0,0.0,0.0
2026-07-30,9.572500228881836,9.617500305175781,9.567500114440918,9.612500190734863,9.612500190734863,213717,0.0,0.0,0.0
2026-07-31,9.6225004196167,9.635000228881836,9.572500228881836,9.577500343322754,9.577500343322754,322434,0.0,0.0,0.0
2026-08-03,9.640000343322754,9.647500038146973,9.595000267028809,9.637499809265137,9.637499809265137,287502,0.0,0.0,0.0
2026-08-04,9.649999618530273,9.672499656677246,9.612500190734863,9.670000076293945,9.670000076293945,186754,0.0,0.0,0.0
2026-08-05,9.682499885559082,9.694999694824219,9.670000076293945,9.682499885559082,9.682499885559082,553570,0.0,0.0,0.0
2026-08-06,9.682499885559082,9.6875,9.654999732971191,9.657500267028809,9.657500267028809,2046362,0.0,0.0,0.0
2026-08-07,9.647500038146973,9.6850004196167,9.640000343322754,9.667499542236328,9.667499542236328,215967,0.0,0.0,0.0
2026-08-10,9.667499542236328,9.675000190734863,9.6225004196167,9.625,9.625,195833,0.0,0.0,0.0
2026-08-11,9.604999542236328,9.662500381469727,9.577500343322754,9.635000228881836,9.635000228881836,458065,0.0,0.0,0.0
2026-08-12,9.640000343322754,9.667499542236328,9.630000114440918,9.635000228881836,9.635000228881836,286960,0.0,0.0,0.0
2026-08-13,9.637499809265137,9.677499771118164,9.635000228881836,9.645000457763672,9.645000457763672,150003,0.0,0.0,0.0
2026-08-14,9.6274995803833,9.649999618530273,9.596949577331543,9.600000381469727,9.600000381469727,137359,0.0,0.0,0.0
2026-08-17,9.609999656677246,9.617500305175781,9.574999809265137,9.579999923706055,9.579999923706055,504062,0.0,0.0,0.0
2026-08-18,9.5649995803833,9.582500457763672,9.552499771118164,9.5649995803833,9.5649995803833,202921,0.0,0.0,0.0
2026-08-19,9.59000015258789,9.614999771118164,9.569999694824219,9.59749984741211,9.59749984741211,442371,0.0,0.0,0.0
2026-08-20,9.602499961853027,9.609999656677246,9.5649995803833,9.577500343322754,9.577500343322754,280904,0.0,0.0,0.0
2026-08-21,9.577500343322754,9.607500076293945,9.577500343322754,9.59000015258789,9.59000015258789,276823,0.0,0.0,0.0
2026-08-24,9.607500076293945,9.614999771118164,9.577500343322754,9.595000267028809,9.595000267028809,446126,0.0,0.0,0.0
2026-08-25,9.604999542236328,9.645000457763672,9.577500343322754,9.645000457763672,9.645000457763672,630397,0.0,0.0,0.0
2026-08-26,9.642499923706055,9.654999732971191,9.614999771118164,9.614999771118164,9.614999771118164,296946,0.0,0.0,0.0
2026-08-27,9.630000114440918,9.654999732971191,9.609999656677246,9.6225004196167,9.6225004196167,193790,0.0,0.0,0.0
2026-08-28,9.609999656677246,9.645000457763672,9.592499732971191,9.600000381469727,9.600000381469727,389482,0.0,0.0,0.0
