Date,Open,High,Low,Close,Adj Close,Volume,Dividends,Stock Splits,Capital Gains
2009-01-02,446.25,458.5,444.5,458.5,456.17279052734375,3492665,0.0,0.0,0.0
2009-01-05,460.0,462.25,453.75,460.25,457.9139099121094,8843876,0.0,0.0,0.0
2009-01-06,462.0,470.0,458.0,465.5,463.13726806640625,10981299,0.0,0.0,0.0
2009-01-07,467.0,467.0,449.75,451.5,449.2083435058594,10084698,0.0,0.0,0.0
2009-01-08,445.75,453.5,443.0,452.25,449.9544677734375,7024435,0.0,0.0,0.0
2009-01-09,450.75,455.25,444.5,446.75,444.4823913574219,10853958,0.0,0.0,0.0
2009-01-12,450.0,450.0,442.0,443.75,441.49761962890625,4707321,0.0,0.0,0.0
2009-01-13,441.0,441.5,432.75,441.0,438.761474609375,22960920,0.0,0.0,0.0
2009-01-14,442.75,443.25,413.0,419.5,417.3707275390625,12177127,0.0,0.0,0.0
2009-01-15,429.0,429.0,410.75,414.0,411.8985900878906,8789037,0.0,0.0,0.0
2009-01-16,421.0,427.0,416.75,416.75,414.6346130371094,6888504,0.0,0.0,0.0
2009-01-19,423.75,427.0,405.0,413.0,410.9037780761719,17903600,0.0,0.0,0.0
2009-01-20,412.25,420.25,407.75,410.25,408.16766357421875,11130857,0.0,0.0,0.0
2009-01-21,407.5,413.25,402.0,408.5,406.4264831542969,18203504,0.0,0.0,0.0
2009-01-22,415.0,417.0,407.0,408.0,405.9290771484375,8176606,0.0,0.0,0.0
2009-01-23,406.25,409.0,397.25,406.5,404.4367370605469,14078119,0.0,0.0,0.0
2009-01-26,411.25,424.0,405.0,423.0,420.85296630859375,10906288,0.0,0.0,0.0
2009-01-27,423.0,423.0,414.5,421.25,419.1118469238281,8396176,0.0,0.0,0.0
2009-01-28,425.0,433.5,424.75,431.25,429.0611267089844,16005774,0.0,0.0,0.0
2009-01-29,428.25,428.5,416.5,421.0,418.8631591796875,17609322,0.0,0.0,0.0
2009-01-30,420.25,424.5,414.5,416.75,414.6346130371094,8246634,0.0,0.0,0.0
2009-02-02,412.5,413.5,405.25,410.0,407.9189453125,12554344,0.0,0.0,0.0
2009-02-03,412.0,419.0,406.0,418.0,415.8783264160156,11565226,0.0,0.0,0.0
2009-02-04,419.5,429.25,419.25,426.0,423.8377380371094,9393838,0.0,0.0,0.0
2009-02-05,419.0,426.5,416.5,426.25,424.0865173339844,5906146,0.0,0.0,0.0
2009-02-06,425.25,436.75,425.25,432.5,430.30474853515625,15693473,0.0,0.0,0.0
2009-02-09,435.5,436.5,427.5,434.25,432.0458068847656,7733725,0.0,0.0,0.0
2009-02-10,430.0,433.75,424.25,425.0,422.8428649902344,8084216,0.0,0.0,0.0
2009-02-11,423.25,427.5,421.25,426.25,424.0865173339844,11940567,0.0,0.0,0.0
2009-02-12,423.0,423.25,416.25,423.25,421.1016845703125,10356972,0.0,0.0,0.0
2009-02-13,428.75,432.0,420.0,421.5,419.36065673828125,7450903,0.0,0.0,0.0
2009-02-16,418.75,421.25,415.5,416.0,413.8884582519531,2826890,0.0,0.0,0.0
2009-02-17,413.25,413.75,402.25,406.0,403.9391784667969,10639860,0.0,0.0,0.0
2009-02-18,409.0,410.0,397.5,405.0,402.94427490234375,7805851,0.0,0.0,0.0
2009-02-19,407.25,408.5,402.75,406.5,404.4367370605469,5530131,0.0,0.0,0.0
2009-02-20,400.25,400.75,392.0,392.5,390.50775146484375,11486329,0.0,0.0,0.0
2009-02-23,399.0,400.0,388.75,389.0,387.0255126953125,11023504,0.0,0.0,0.0
2009-02-24,387.0,388.5,381.25,386.25,384.2894287109375,22825252,0.0,0.0,0.0
2009-02-25,387.0,389.25,381.0,385.5,383.5433349609375,11237765,0.0,0.0,0.0
2009-02-26,390.0,400.0,386.0,392.0,390.01043701171875,8349576,0.0,0.0,0.0
2009-02-27,384.75,387.5,376.75,383.75,381.8022766113281,11516258,0.0,0.0,0.0
2009-03-02,373.75,374.75,363.5,363.75,361.9037170410156,15403951,0.0,0.0,0.0
2009-03-03,366.25,368.5,350.75,352.25,350.4621276855469,16997232,0.0,0.0,0.0
2009-03-04,353.5,366.0,353.5,366.0,364.1422119140625,19340772,0.0,0.0,0.0
2009-03-05,362.5,363.25,354.0,354.75,352.94940185546875,12569504,0.0,0.0,0.0
2009-03-06,354.0,360.0,350.5,353.5,351.7056579589844,39034772,0.0,0.0,0.0
2009-03-09,354.25,356.0,345.75,353.5,351.7056579589844,39459392,0.0,0.0,0.0
2009-03-10,352.0,373.5,351.25,371.75,369.8631286621094,16347068,0.0,0.0,0.0
2009-03-11,372.0,378.0,367.0,370.75,368.8681640625,18287756,0.0,0.0,0.0
2009-03-12,364.0,373.75,363.0,372.75,370.8578796386719,5193722,0.0,0.0,0.0
2009-03-13,380.5,383.0,375.0,377.0,375.0865478515625,16327176,0.0,0.0,0.0
2009-03-16,382.0,387.75,380.0,387.5,385.53314208984375,5664281,0.0,0.0,0.0
2009-03-17,385.5,387.25,380.75,387.0,385.0356140136719,9909209,0.0,0.0,0.0
2009-03-18,391.0,392.0,378.5,382.25,380.3097839355469,12150928,0.0,0.0,0.0
2009-03-19,385.25,392.5,381.0,382.25,380.3097839355469,15375193,0.0,0.0,0.0
2009-03-20,379.75,387.0,378.75,386.5,384.53826904296875,13387539,0.0,0.0,0.0
2009-03-23,393.0,399.3999938964844,385.79998779296875,397.20001220703125,395.18389892578125,9829683,0.0,0.0,0.0
2009-03-24,401.70001220703125,403.29998779296875,389.79998779296875,393.5,391.502685546875,12706288,0.0,0.0,0.0
2009-03-25,389.79998779296875,399.1000061035156,387.6000061035156,392.0,390.01043701171875,12093623,0.0,0.0,0.0
2009-03-26,393.3999938964844,395.0,389.8999938964844,395.0,392.9949951171875,11376242,0.0,0.0,0.0
2009-03-27,392.3999938964844,397.5,389.70001220703125,391.6000061035156,389.6124572753906,24300136,0.0,0.0,0.0
2009-03-30,386.79998779296875,386.8999938964844,378.0,378.0,376.081298828125,7739458,0.0,0.0,0.0
2009-03-31,382.29998779296875,394.29998779296875,382.29998779296875,393.8999938964844,391.9006042480469,16845674,0.0,0.0,0.0
2009-04-01,394.0,398.3999938964844,385.0,397.1000061035156,395.0844421386719,7715724,0.0,0.0,0.0
2009-04-02,405.3999938964844,414.5,405.20001220703125,412.6000061035156,410.5057678222656,13979599,0.0,0.0,0.0
2009-04-03,413.0,414.29998779296875,402.6000061035156,404.29998779296875,402.2478942871094,12598889,0.0,0.0,0.0
2009-04-06,409.6000061035156,410.6000061035156,397.0,400.0,397.9697265625,10327416,0.0,0.0,0.0
2009-04-07,403.1000061035156,404.0,390.70001220703125,393.0,391.00518798828125,51357056,0.0,0.0,0.0
2009-04-08,389.6000061035156,394.79998779296875,388.0,393.3999938964844,391.4031677246094,10199424,0.0,0.0,0.0
2009-04-09,397.6000061035156,399.5,392.0,399.29998779296875,397.2731628417969,7741653,0.0,0.0,0.0
2009-04-14,400.70001220703125,405.20001220703125,395.70001220703125,400.70001220703125,398.66619873046875,11262610,0.0,0.0,0.0
2009-04-15,397.1000061035156,403.0,395.6000061035156,398.1000061035156,396.07940673828125,6660388,0.0,0.0,0.0
2009-04-16,402.1000061035156,406.5,398.0,406.5,404.4367370605469,10361343,0.0,0.0,0.0
2009-04-17,409.1000061035156,412.5,405.3999938964844,410.3999938964844,408.31689453125,7498621,0.0,0.0,0.0
2009-04-20,412.5,412.5,397.6000061035156,399.29998779296875,397.2731628417969,9054684,0.0,0.0,0.0
2009-04-21,400.3999938964844,402.8999938964844,390.29998779296875,399.3999938964844,397.3726501464844,13084725,0.0,0.0,0.0
2009-04-22,400.0,404.79998779296875,395.79998779296875,404.29998779296875,402.2478942871094,10899890,0.0,0.0,0.0
2009-04-23,402.70001220703125,409.29998779296875,401.3999938964844,403.1000061035156,401.0539855957031,8261855,0.0,0.0,0.0
2009-04-24,405.1000061035156,416.3999938964844,405.1000061035156,416.3999938964844,414.28643798828125,15583582,0.0,0.0,0.0
2009-04-27,411.8999938964844,418.70001220703125,410.29998779296875,417.3999938964844,415.2814636230469,4576710,0.0,0.0,0.0
2009-04-28,411.0,413.5,407.29998779296875,411.20001220703125,409.1128845214844,8991340,0.0,0.0,0.0
2009-04-29,413.1000061035156,421.29998779296875,411.1000061035156,420.79998779296875,418.66412353515625,7564513,0.0,0.0,0.0
2009-04-30,423.5,431.0,423.20001220703125,426.20001220703125,424.03680419921875,15090743,0.0,0.0,0.0
2009-05-01,425.29998779296875,426.6000061035156,422.70001220703125,425.79998779296875,423.6387023925781,7099213,0.0,0.0,0.0
2009-05-05,436.5,438.8999938964844,433.0,434.79998779296875,432.5929870605469,16582823,0.0,0.0,0.0
2009-05-06,434.79998779296875,446.0,434.3999938964844,442.0,439.7565002441406,24107924,0.0,0.0,0.0
2009-05-07,445.70001220703125,454.0,440.1000061035156,442.70001220703125,440.4530029296875,29691198,0.0,0.0,0.0
2009-05-08,445.0,450.79998779296875,444.20001220703125,448.1000061035156,445.82550048828125,13159294,0.0,0.0,0.0
2009-05-11,448.6000061035156,448.70001220703125,442.5,445.79998779296875,443.5370178222656,3961807,0.0,0.0,0.0
2009-05-12,442.3999938964844,448.0,442.20001220703125,445.0,442.7413024902344,10104453,0.0,0.0,0.0
2009-05-13,448.3999938964844,448.3999938964844,435.8999938964844,436.20001220703125,433.9859313964844,8414888,0.0,0.0,0.0
2009-05-14,435.79998779296875,440.70001220703125,432.5,439.70001220703125,437.4682312011719,7539305,0.0,0.0,0.0
2009-05-15,441.70001220703125,444.0,433.3999938964844,439.29998779296875,437.07025146484375,13210027,0.0,0.0,0.0
2009-05-18,435.1000061035156,448.6000061035156,434.3999938964844,448.6000061035156,446.32293701171875,10058253,0.0,0.0,0.0
2009-05-19,450.20001220703125,454.5,448.0,452.1000061035156,449.8052978515625,5901368,0.0,0.0,0.0
2009-05-20,452.0,455.0,449.6000061035156,452.1000061035156,449.8052978515625,5860833,0.0,0.0,0.0
2009-05-21,445.20001220703125,446.1000061035156,437.8999938964844,439.70001220703125,437.4682312011719,7290520,0.0,0.0,0.0
2009-05-22,440.79998779296875,444.5,438.70001220703125,441.29998779296875,439.06005859375,7569219,0.0,0.0,0.0
2009-05-26,439.70001220703125,447.29998779296875,435.0,445.6000061035156,443.3382568359375,6007104,0.0,0.0,0.0
2009-05-27,444.0,444.0,439.1000061035156,441.29998779296875,439.06005859375,7837664,0.0,0.0,0.0
2009-05-28,438.1000061035156,440.5,434.0,438.3999938964844,436.1747741699219,5078004,0.0,0.0,0.0
2009-05-29,442.8999938964844,446.70001220703125,440.8999938964844,441.29998779296875,439.06005859375,5257515,0.0,0.0,0.0
2009-06-01,449.29998779296875,451.6000061035156,447.0,450.5,448.21343994140625,6666229,0.0,0.0,0.0
2009-06-02,446.6000061035156,448.79998779296875,444.20001220703125,447.3999938964844,445.1291198730469,5652464,0.0,0.0,0.0
2009-06-03,448.6000061035156,448.6000061035156,437.3999938964844,440.0,437.7666320800781,6742753,0.0,0.0,0.0
2009-06-04,441.29998779296875,445.1000061035156,437.79998779296875,440.5,438.2640686035156,5970221,0.0,0.0,0.0
2009-06-05,444.70001220703125,451.0,443.70001220703125,445.1000061035156,442.8407287597656,5822349,0.0,0.0,0.0
2009-06-08,443.3999938964844,443.8999938964844,438.70001220703125,442.29998779296875,440.0550231933594,3555497,0.0,0.0,0.0
2009-06-09,444.29998779296875,446.5,440.79998779296875,442.1000061035156,439.85601806640625,3688796,0.0,0.0,0.0
2009-06-10,448.20001220703125,452.1000061035156,444.0,445.70001220703125,443.4378356933594,5102651,0.0,0.0,0.0
2009-06-11,443.6000061035156,449.6000061035156,442.5,447.5,445.22845458984375,5411219,0.0,0.0,0.0
2009-06-12,442.8999938964844,448.79998779296875,442.8999938964844,445.20001220703125,442.9403076171875,7222251,0.0,0.0,0.0
2009-06-15,442.8999938964844,442.8999938964844,432.79998779296875,433.29998779296875,431.1006774902344,16071457,0.0,0.0,0.0
2009-06-16,434.20001220703125,438.20001220703125,433.0,433.5,431.2997741699219,11802256,0.0,0.0,0.0
2009-06-17,432.0,433.79998779296875,426.79998779296875,429.20001220703125,427.0214538574219,10920623,0.0,0.0,0.0
2009-06-18,429.8999938964844,431.6000061035156,425.0,429.29998779296875,427.1210021972656,7521807,0.0,0.0,0.0
2009-06-19,430.8999938964844,430.8999938964844,430.8999938964844,436.3999938964844,434.1847839355469,10148451,0.0,0.0,0.0
2009-06-22,435.0,435.0,435.0,424.70001220703125,422.5443115234375,4913132,0.0,0.0,0.0
2009-06-23,424.1000061035156,424.1000061035156,424.1000061035156,425.29998779296875,423.1412048339844,49622916,0.0,0.0,0.0
2009-06-24,426.3999938964844,430.8999938964844,423.8999938964844,429.79998779296875,427.6184387207031,5064482,0.0,0.0,0.0
2009-06-25,428.1000061035156,430.6000061035156,423.0,426.79998779296875,424.6336669921875,5230647,0.0,0.0,0.0
2009-06-26,430.29998779296875,432.29998779296875,423.5,426.0,423.8377380371094,8463737,0.0,0.0,0.0
2009-06-29,424.3999938964844,432.29998779296875,424.3999938964844,431.5,429.3096923828125,5010562,0.0,0.0,0.0
2009-06-30,432.0,432.20001220703125,425.29998779296875,427.20001220703125,425.0316162109375,5493521,0.0,0.0,0.0
2009-07-01,428.8999938964844,437.1000061035156,428.70001220703125,435.8999938964844,433.6874084472656,11275280,0.0,0.0,0.0
2009-07-02,432.70001220703125,433.6000061035156,423.79998779296875,423.79998779296875,421.6488037109375,11578426,0.0,0.0,0.0
2009-07-03,423.6000061035156,427.6000061035156,423.5,425.0,422.8428649902344,7198058,0.0,0.0,0.0
2009-07-06,421.29998779296875,423.20001220703125,418.6000061035156,421.0,418.8631591796875,6311167,0.0,0.0,0.0
2009-07-07,423.0,425.3999938964844,419.6000061035156,419.79998779296875,417.66925048828125,3200486,0.0,0.0,0.0
2009-07-08,417.79998779296875,420.8999938964844,414.20001220703125,415.29998779296875,413.19195556640625,5331643,0.0,0.0,0.0
2009-07-09,416.3999938964844,419.8999938964844,415.0,417.29998779296875,415.18182373046875,5035157,0.0,0.0,0.0
2009-07-10,414.70001220703125,417.29998779296875,413.5,414.1000061035156,411.9981689453125,3814355,0.0,0.0,0.0
2009-07-13,413.0,422.1000061035156,411.0,421.20001220703125,419.0620422363281,5586074,0.0,0.0,0.0
2009-07-14,420.5,427.1000061035156,420.5,425.20001220703125,423.0417785644531,5167451,0.0,0.0,0.0
2009-07-15,434.0,436.0,427.0,436.0,433.78704833984375,3723773,0.0,0.0,0.0
2009-07-16,436.29998779296875,439.70001220703125,434.5,437.5,435.27935791015625,4359068,0.0,0.0,0.0
2009-07-17,440.6000061035156,442.5,438.0,440.29998779296875,438.0650939941406,3788104,0.0,0.0,0.0
2009-07-20,443.5,447.5,440.70001220703125,445.3999938964844,443.1391906738281,7837072,0.0,0.0,0.0
2009-07-21,448.0,451.29998779296875,445.20001220703125,449.3999938964844,447.1190185546875,5120029,0.0,0.0,0.0
2009-07-22,450.1000061035156,451.29998779296875,446.79998779296875,450.5,448.21343994140625,11040185,0.0,0.0,0.0
2009-07-23,451.79998779296875,458.3999938964844,448.70001220703125,457.1000061035156,454.7798767089844,6566435,0.0,0.0,0.0
2009-07-24,456.6000061035156,461.5,455.29998779296875,459.0,456.670166015625,10442843,0.0,0.0,0.0
2009-07-27,463.20001220703125,463.20001220703125,456.29998779296875,459.3999938964844,457.068115234375,7150677,0.0,0.0,0.0
2009-07-28,461.0,462.3999938964844,453.20001220703125,453.70001220703125,451.3970947265625,6905780,0.0,0.0,0.0
2009-07-29,453.0,459.29998779296875,453.0,455.5,453.1880187988281,7428695,0.0,0.0,0.0
2009-07-30,459.70001220703125,466.29998779296875,457.70001220703125,464.5,462.1423034667969,7954561,0.0,0.0,0.0
2009-07-31,465.0,466.0,461.1000061035156,462.0,459.6549377441406,4815617,0.0,0.0,0.0
2009-08-03,460.70001220703125,472.3999938964844,460.6000061035156,469.8999938964844,467.5148620605469,3901702,0.0,0.0,0.0
2009-08-04,468.79998779296875,468.79998779296875,463.79998779296875,468.5,466.12200927734375,5977109,0.0,0.0,0.0
2009-08-05,468.3999938964844,471.6000061035156,465.0,466.29998779296875,463.9333190917969,17998548,0.0,0.0,0.0
2009-08-06,469.79998779296875,474.6000061035156,469.0,471.1000061035156,468.7089538574219,5459496,0.0,0.0,0.0
2009-08-07,467.8999938964844,476.5,465.3999938964844,475.20001220703125,472.7879943847656,5503549,0.0,0.0,0.0
2009-08-10,473.1000061035156,475.1000061035156,471.29998779296875,474.3999938964844,471.9919738769531,2277005,0.0,0.0,0.0
2009-08-11,477.0,477.0,467.79998779296875,469.3999938964844,467.0174255371094,8168713,0.0,0.0,0.0
2009-08-12,467.3999938964844,475.29998779296875,466.1000061035156,474.6000061035156,472.1911315917969,10875366,0.0,0.0,0.0
2009-08-13,486.0,486.0,474.5,480.20001220703125,477.7625732421875,20413926,0.0,0.0,0.0
2009-08-14,480.3999938964844,483.1000061035156,474.1000061035156,475.79998779296875,473.385009765625,8262242,0.0,0.0,0.0
2009-08-17,473.5,473.70001220703125,464.8999938964844,469.0,466.6194763183594,8249884,0.0,0.0,0.0
2009-08-18,471.6000061035156,473.6000061035156,469.0,472.5,470.1017150878906,5378631,0.0,0.0,0.0
2009-08-19,485.8999938964844,485.8999938964844,467.8999938964844,473.70001220703125,471.29571533203125,7301617,0.0,0.0,0.0
2009-08-20,478.29998779296875,481.6000061035156,477.8999938964844,480.6000061035156,478.1604919433594,3293268,0.0,0.0,0.0
2009-08-21,479.20001220703125,490.8999938964844,478.0,490.3999938964844,487.91082763671875,3947143,0.0,0.0,0.0
2009-08-24,493.79998779296875,496.1000061035156,491.8999938964844,494.1000061035156,491.592041015625,4845244,0.0,0.0,0.0
2009-08-25,494.0,497.5,491.20001220703125,496.29998779296875,493.7808837890625,4969910,0.0,0.0,0.0
2009-08-26,490.3999938964844,493.1000061035156,488.0,489.79998779296875,487.3139343261719,4249476,0.0,0.0,0.0
2009-08-27,488.70001220703125,491.20001220703125,486.6000061035156,487.70001220703125,485.22454833984375,9588671,0.0,0.0,0.0
2009-08-28,492.6000061035156,494.6000061035156,489.5,491.5,489.00531005859375,5765172,0.0,0.0,0.0
2009-09-01,491.0,492.0,481.70001220703125,481.70001220703125,479.25494384765625,4587208,0.0,0.0,0.0
2009-09-02,481.8999938964844,482.8999938964844,476.79998779296875,482.0,479.55352783203125,7825631,0.0,0.0,0.0
2009-09-03,483.8999938964844,484.5,479.70001220703125,480.0,477.5635986328125,4901769,0.0,0.0,0.0
2009-09-04,482.3999938964844,487.3999938964844,482.3999938964844,485.5,483.0357360839844,21716968,0.0,0.0,0.0
2009-09-07,489.5,494.3999938964844,488.29998779296875,493.20001220703125,490.696533203125,4137687,0.0,0.0,0.0
2009-09-08,494.8999938964844,497.20001220703125,492.79998779296875,495.20001220703125,492.6864929199219,3022914,0.0,0.0,0.0
2009-09-09,493.6000061035156,501.0,493.3999938964844,501.0,498.45703125,5912408,0.0,0.0,0.0
2009-09-10,505.0,505.0,496.29998779296875,499.3999938964844,496.8650817871094,9296276,0.0,0.0,0.0
2009-09-11,501.6000061035156,504.3999938964844,501.0,501.0,498.45703125,5960321,0.0,0.0,0.0
2009-09-14,497.20001220703125,502.5,495.70001220703125,502.5,499.9493408203125,3189845,0.0,0.0,0.0
2009-09-15,502.8999938964844,506.70001220703125,500.20001220703125,505.3999938964844,502.8347473144531,4973807,0.0,0.0,0.0
2009-09-16,507.20001220703125,513.7000122070312,507.20001220703125,513.2999877929688,510.6946105957031,5572132,0.0,0.0,0.0
2009-09-17,517.2999877929688,518.0,514.5,516.9000244140625,514.2764282226562,5642722,0.0,0.0,0.0
2009-09-18,515.0,519.0999755859375,515.0,518.2000122070312,515.5697021484375,5496964,0.0,0.0,0.0
2009-09-21,518.4000244140625,518.4000244140625,511.5,514.5999755859375,511.9880676269531,8092858,0.0,0.0,0.0
2009-09-22,516.0999755859375,519.5,515.0,515.0,512.3859252929688,6300695,0.0,0.0,0.0
2009-09-23,515.7999877929688,518.2000122070312,513.2000122070312,514.4000244140625,511.7889709472656,4081066,0.0,0.0,0.0
2009-09-24,512.4000244140625,517.4000244140625,508.1000061035156,508.79998779296875,506.21734619140625,9133906,0.0,0.0,0.0
2009-09-25,511.1000061035156,512.7999877929688,508.6000061035156,509.3999938964844,506.81439208984375,7675755,0.0,0.0,0.0
2009-09-28,509.29998779296875,517.5999755859375,505.79998779296875,517.4000244140625,514.77392578125,8905510,0.0,0.0,0.0
2009-09-29,516.2999877929688,519.2999877929688,514.7000122070312,516.2000122070312,513.5799560546875,5480575,0.0,0.0,0.0
2009-09-30,516.5,519.5999755859375,509.79998779296875,514.2000122070312,511.5899963378906,7552578,0.0,0.0,0.0
2009-10-01,514.0,517.2000122070312,505.0,505.5,502.9342956542969,7268643,0.0,0.0,0.0
2009-10-02,502.0,503.6000061035156,496.20001220703125,499.20001220703125,496.6661376953125,14575234,0.0,0.0,0.0
2009-10-05,500.5,503.5,498.0,503.5,500.9443359375,16658709,0.0,0.0,0.0
2009-10-06,505.70001220703125,515.4000244140625,504.29998779296875,514.0,511.39111328125,5695973,0.0,0.0,0.0
2009-10-07,513.2000122070312,516.5,511.1000061035156,511.29998779296875,508.7047119140625,7394741,0.0,0.0,0.0
2009-10-08,516.7999877929688,518.0,513.0,517.0,514.3759155273438,6069490,0.0,0.0,0.0
2009-10-09,514.0,518.0,513.5,517.2999877929688,514.6741943359375,3870846,0.0,0.0,0.0
2009-10-12,519.4000244140625,523.9000244140625,518.4000244140625,521.5,518.8530883789062,4343932,0.0,0.0,0.0
2009-10-13,522.7000122070312,523.0999755859375,516.5999755859375,516.5999755859375,513.9779052734375,4434894,0.0,0.0,0.0
2009-10-14,523.0,527.0,521.7000122070312,526.5999755859375,523.9270629882812,7181094,0.0,0.0,0.0
2009-10-15,528.0999755859375,528.0999755859375,523.0999755859375,523.5,520.8428344726562,6725433,0.0,0.0,0.0
2009-10-16,526.7000122070312,528.0,518.7999877929688,520.2000122070312,517.5595703125,5358552,0.0,0.0,0.0
2009-10-19,523.5,529.2999877929688,523.5,529.2999877929688,526.6135864257812,2890170,0.0,0.0,0.0
2009-10-20,530.5999755859375,530.5999755859375,525.7999877929688,525.7999877929688,523.131103515625,3863913,0.0,0.0,0.0
2009-10-21,528.4000244140625,528.4000244140625,518.9000244140625,527.0999755859375,524.424560546875,4862281,0.0,0.0,0.0
2009-10-22,520.0999755859375,522.9000244140625,517.9000244140625,521.4000244140625,518.7536010742188,8530505,0.0,0.0,0.0
2009-10-23,526.0,531.0,525.0,525.2999877929688,522.6336059570312,6321891,0.0,0.0,0.0
2009-10-26,526.5,529.0999755859375,517.7000122070312,520.4000244140625,517.758544921875,10089611,0.0,0.0,0.0
2009-10-27,521.9000244140625,523.7999877929688,519.0,520.9000244140625,518.256103515625,8590518,0.0,0.0,0.0
2009-10-28,519.0999755859375,519.2000122070312,508.29998779296875,508.5,505.9189453125,13511985,0.0,0.0,0.0
2009-10-29,506.29998779296875,514.9000244140625,505.79998779296875,514.0999755859375,511.4906311035156,8923434,0.0,0.0,0.0
2009-10-30,514.9000244140625,517.0,502.79998779296875,504.5,501.93927001953125,8244137,0.0,0.0,0.0
2009-11-02,502.1000061035156,512.0,502.1000061035156,511.0,508.4062805175781,6369377,0.0,0.0,0.0
2009-11-03,506.1000061035156,506.1000061035156,498.8999938964844,504.20001220703125,501.6407775878906,9317549,0.0,0.0,0.0
2009-11-04,508.3999938964844,513.2000122070312,507.29998779296875,512.4000244140625,509.7991943359375,8104057,0.0,0.0,0.0
2009-11-05,513.0,517.0,505.20001220703125,514.2000122070312,511.5899963378906,3923798,0.0,0.0,0.0
2009-11-06,514.0,516.9000244140625,509.1000061035156,515.7000122070312,513.0823974609375,3599760,0.0,0.0,0.0
2009-11-09,520.2999877929688,525.5,519.9000244140625,524.2999877929688,521.638671875,3295007,0.0,0.0,0.0
2009-11-10,525.0,527.5999755859375,523.5999755859375,524.4000244140625,521.73828125,3960819,0.0,0.0,0.0
2009-11-11,528.5999755859375,532.2000122070312,528.2000122070312,529.0,526.31494140625,7947311,0.0,0.0,0.0
2009-11-12,528.5,532.2000122070312,527.5,529.5,526.8121948242188,6113576,0.0,0.0,0.0
2009-11-13,526.7999877929688,532.0,526.7999877929688,531.9000244140625,529.2003173828125,2138151,0.0,0.0,0.0
2009-11-16,534.7000122070312,541.5999755859375,534.5999755859375,540.2999877929688,537.5575561523438,5615074,0.0,0.0,0.0
2009-11-17,538.0,539.4000244140625,536.2999877929688,537.2999877929688,534.5728149414062,8406066,0.0,0.0,0.0
2009-11-18,540.0,540.5999755859375,536.5999755859375,537.4000244140625,534.6725463867188,3663603,0.0,0.0,0.0
2009-11-19,536.0,537.9000244140625,529.0,530.2999877929688,527.6083984375,5961326,0.0,0.0,0.0
2009-11-20,530.2000122070312,534.2999877929688,525.7000122070312,528.5,525.8173828125,4933624,0.0,0.0,0.0
2009-11-23,533.2999877929688,541.0999755859375,533.2999877929688,538.7000122070312,535.965576171875,4949710,0.0,0.0,0.0
2009-11-24,535.2999877929688,540.7000122070312,534.0,535.7999877929688,533.0806274414062,3174083,0.0,0.0,0.0
2009-11-25,535.7999877929688,537.0999755859375,533.0,536.5999755859375,533.8763427734375,4061892,0.0,0.0,0.0
2009-11-26,531.5999755859375,533.5999755859375,519.0999755859375,519.2999877929688,516.664306640625,7786314,0.0,0.0,0.0
2009-11-27,510.20001220703125,526.9000244140625,509.1000061035156,524.0999755859375,521.4395751953125,11998654,0.0,0.0,0.0
2009-11-30,526.0,526.0,518.5,518.5,515.8685913085938,4264348,0.0,0.0,0.0
2009-12-01,523.0999755859375,531.2000122070312,522.7999877929688,531.2000122070312,528.5037841796875,5377109,0.0,0.0,0.0
2009-12-02,530.2999877929688,535.0,528.2999877929688,532.7999877929688,530.0956420898438,4108312,0.0,0.0,0.0
2009-12-03,535.7999877929688,536.9000244140625,531.2000122070312,531.5999755859375,528.9016723632812,5164816,0.0,0.0,0.0
2009-12-04,529.7000122070312,537.4000244140625,527.5999755859375,532.5,529.7969360351562,6720695,0.0,0.0,0.0
2009-12-07,529.9000244140625,532.7999877929688,525.4000244140625,531.0,528.3048706054688,4982880,0.0,0.0,0.0
2009-12-08,528.0999755859375,532.2000122070312,520.7000122070312,522.7999877929688,520.146484375,7010438,0.0,0.0,0.0
2009-12-09,520.7000122070312,524.2999877929688,518.0999755859375,520.2000122070312,517.5595703125,5469138,0.0,0.0,0.0
2009-12-10,519.5,525.0999755859375,519.2000122070312,524.2999877929688,521.638671875,9408733,0.0,0.0,0.0
2009-12-11,524.7999877929688,530.5,524.7999877929688,525.5,522.8327026367188,13153465,0.0,0.0,0.0
2009-12-14,527.5,532.5,527.5,530.7000122070312,528.0062255859375,13541532,0.0,0.0,0.0
2009-12-15,530.0,532.5999755859375,525.5999755859375,528.7000122070312,526.0162353515625,21415996,0.0,0.0,0.0
2009-12-16,529.5999755859375,533.7000122070312,528.5999755859375,532.0,529.2996826171875,4744338,0.0,0.0,0.0
2009-12-17,530.9000244140625,530.9000244140625,521.7999877929688,521.7999877929688,519.1515502929688,5961260,0.0,0.0,0.0
2009-12-18,524.5999755859375,528.7000122070312,519.7999877929688,519.7999877929688,517.16162109375,7741535,0.0,0.0,0.0
2009-12-21,521.9000244140625,531.7000122070312,520.7999877929688,529.0,526.31494140625,11204389,0.0,0.0,0.0
2009-12-22,529.2999877929688,536.0,529.2999877929688,532.5999755859375,529.8965454101562,3725834,0.0,0.0,0.0
2009-12-23,537.2999877929688,538.5,534.9000244140625,536.9000244140625,534.1746826171875,7566902,0.0,0.0,0.0
2009-12-24,538.0999755859375,540.2000122070312,537.0999755859375,539.9000244140625,537.1597290039062,991836,0.0,0.0,0.0
2009-12-29,539.0,544.4000244140625,539.0,543.0999755859375,540.34326171875,10025818,0.0,0.0,0.0
2009-12-30,541.4000244140625,543.2999877929688,538.9000244140625,539.2999877929688,536.5625610351562,3779943,0.0,0.0,0.0
2009-12-31,542.0,543.2000122070312,539.0999755859375,540.2999877929688,537.5575561523438,637454,0.0,0.0,0.0
2010-01-04,543.0,550.0,540.9000244140625,550.0,547.2083129882812,3549031,0.0,0.0,0.0
2010-01-05,549.0,553.4000244140625,548.0,551.7999877929688,548.9993286132812,4149908,0.0,0.0,0.0
2010-01-06,552.0,553.4000244140625,549.5,552.7000122070312,549.8945922851562,3635957,0.0,0.0,0.0
2010-01-07,551.5,554.5999755859375,549.7999877929688,552.2999877929688,549.4967041015625,5106946,0.0,0.0,0.0
2010-01-08,550.5,554.5,545.9000244140625,553.0,550.1930541992188,4840655,0.0,0.0,0.0
2010-01-11,555.7999877929688,559.2999877929688,552.5,553.7000122070312,550.8895263671875,5673493,0.0,0.0,0.0
2010-01-12,553.5999755859375,554.2999877929688,545.7000122070312,549.5999755859375,546.8104858398438,5309565,0.0,0.0,0.0
2010-01-13,546.7999877929688,550.5999755859375,544.7999877929688,547.2000122070312,544.422607421875,3535869,0.0,0.0,0.0
2010-01-14,550.7999877929688,552.0,547.2000122070312,550.0999755859375,547.3080444335938,4441313,0.0,0.0,0.0
2010-01-15,549.5,554.4000244140625,544.5999755859375,544.5999755859375,541.8358154296875,9089389,0.0,0.0,0.0
2010-01-18,547.2000122070312,550.0,545.5,549.0999755859375,546.3129272460938,3353236,0.0,0.0,0.0
2010-01-19,547.2000122070312,552.7999877929688,542.5999755859375,550.5,547.7056884765625,22142138,0.0,0.0,0.0
2010-01-20,549.2000122070312,550.7999877929688,540.2000122070312,542.0999755859375,539.348388671875,5948693,0.0,0.0,0.0
2010-01-21,545.2000122070312,546.4000244140625,533.2000122070312,533.2000122070312,530.4935302734375,11650538,0.0,0.0,0.0
2010-01-22,530.0,533.7999877929688,524.9000244140625,530.5,527.8070678710938,14115779,0.0,0.0,0.0
2010-01-25,524.0999755859375,532.5,524.0999755859375,525.7999877929688,523.131103515625,8969553,0.0,0.0,0.0
2010-01-26,522.7000122070312,527.5999755859375,521.5,527.5999755859375,524.9220581054688,8373571,0.0,0.0,0.0
2010-01-27,522.4000244140625,525.7000122070312,519.0,521.0999755859375,518.4549560546875,11060239,0.0,0.0,0.0
2010-01-28,527.9000244140625,527.9000244140625,514.4000244140625,514.4000244140625,511.7889709472656,9402876,0.0,0.0,0.0
2010-01-29,526.0999755859375,526.0999755859375,514.9000244140625,518.7000122070312,516.0668334960938,13732494,0.0,0.0,0.0
2010-02-01,517.7000122070312,524.5,516.0,524.2999877929688,521.638671875,7351945,0.0,0.0,0.0
2010-02-02,518.2000122070312,528.5,518.2000122070312,527.9000244140625,525.2203979492188,5214777,0.0,0.0,0.0
2010-02-03,531.5,531.5,524.0999755859375,525.9000244140625,523.2304077148438,7513080,0.0,0.0,0.0
2010-02-04,527.7999877929688,527.7999877929688,513.0999755859375,514.5,511.8885498046875,12206751,0.0,0.0,0.0
2010-02-05,511.70001220703125,512.5999755859375,504.29998779296875,507.0,504.42657470703125,14134946,0.0,0.0,0.0
2010-02-08,509.0,512.5,504.5,509.70001220703125,507.11285400390625,6738627,0.0,0.0,0.0
2010-02-09,510.6000061035156,514.2999877929688,509.0,512.5,509.8985595703125,7191917,0.0,0.0,0.0
2010-02-10,515.4000244140625,519.7999877929688,512.2999877929688,515.5,512.883544921875,11402255,0.0,0.0,0.0
2010-02-11,519.5,521.7000122070312,513.0999755859375,518.0,515.3707885742188,7852976,0.0,0.0,0.0
2010-02-12,522.0,522.5,514.0,516.2999877929688,513.6792602539062,7808206,0.0,0.0,0.0
2010-02-15,518.0999755859375,521.2000122070312,517.5,518.7999877929688,516.1665649414062,4483317,0.0,0.0,0.0
2010-02-16,523.0,526.5999755859375,520.0,525.7999877929688,523.131103515625,5058724,0.0,0.0,0.0
2010-02-17,530.0,532.5,528.7000122070312,530.2000122070312,527.509033203125,11053557,0.0,0.0,0.0
2010-02-18,530.2999877929688,535.0,528.5,535.0,532.2844848632812,5877534,0.0,0.0,0.0
2010-02-19,530.0,539.0,530.0,537.7999877929688,535.0701293945312,6497498,0.0,0.0,0.0
2010-02-22,540.5999755859375,540.9000244140625,537.2000122070312,537.2999877929688,534.5728149414062,2325742,0.0,0.0,0.0
2010-02-23,540.0,541.7000122070312,532.5999755859375,534.2000122070312,531.488525390625,5491112,0.0,0.0,0.0
2010-02-24,528.5,535.7999877929688,528.5,534.5999755859375,531.8864135742188,4563933,0.0,0.0,0.0
2010-02-25,531.9000244140625,536.9000244140625,526.0999755859375,527.5999755859375,524.9220581054688,6032234,0.0,0.0,0.0
2010-02-26,533.0,536.7000122070312,530.7000122070312,535.0999755859375,532.3840942382812,5901149,0.0,0.0,0.0
2010-03-01,540.0,541.2000122070312,535.5999755859375,540.7000122070312,537.9555053710938,6031666,0.0,0.0,0.0
2010-03-02,542.0,548.0999755859375,540.4000244140625,548.0999755859375,545.3180541992188,11335812,0.0,0.0,0.0
2010-03-03,547.0999755859375,554.4000244140625,547.0999755859375,553.5,550.6904907226562,6284533,0.0,0.0,0.0
2010-03-04,548.0,554.7000122070312,548.0,553.2000122070312,550.39208984375,7062204,0.0,0.0,0.0
2010-03-05,555.0999755859375,560.7999877929688,554.2999877929688,560.4000244140625,557.555419921875,10849225,0.0,0.0,0.0
2010-03-08,562.5,562.5,558.2999877929688,561.0,558.15234375,5532112,0.0,0.0,0.0
2010-03-09,562.0,562.2000122070312,556.7999877929688,560.2999877929688,557.455810546875,10149449,0.0,0.0,0.0
2010-03-10,560.2999877929688,565.5,559.9000244140625,565.4000244140625,562.5302734375,3192116,0.0,0.0,0.0
2010-03-11,564.9000244140625,565.5,560.7000122070312,563.0,560.1422729492188,4920165,0.0,0.0,0.0
2010-03-12,560.5,565.7999877929688,560.5,563.5,560.6397705078125,4986132,0.0,0.0,0.0
2010-03-15,563.5,563.7999877929688,559.9000244140625,560.2000122070312,557.3565673828125,5235571,0.0,0.0,0.0
2010-03-16,563.5,564.7000122070312,560.7999877929688,563.5,560.6397705078125,4842584,0.0,0.0,0.0
2010-03-17,565.5,567.4000244140625,564.5999755859375,565.9000244140625,563.02734375,4438648,0.0,0.0,0.0
2010-03-18,563.7000122070312,567.5,563.7000122070312,565.5999755859375,562.72900390625,6381001,0.0,0.0,0.0
2010-03-19,564.4000244140625,571.2000122070312,564.4000244140625,567.2000122070312,564.32080078125,8148484,0.0,0.0,0.0
2010-03-22,566.4000244140625,566.4000244140625,560.0999755859375,566.0,563.1270751953125,7846809,0.0,0.0,0.0
2010-03-23,566.9000244140625,571.2999877929688,566.4000244140625,570.2000122070312,567.3059692382812,6996083,0.0,0.0,0.0
2010-03-24,570.7000122070312,571.7000122070312,565.5999755859375,569.7000122070312,566.8084106445312,5457503,0.0,0.0,0.0
2010-03-25,570.2000122070312,576.0,569.7999877929688,575.0999755859375,572.180908203125,4641785,0.0,0.0,0.0
2010-03-26,572.9000244140625,574.2999877929688,571.5999755859375,572.5,569.5941162109375,4067147,0.0,0.0,0.0
2010-03-29,575.0,575.5,570.7000122070312,573.2999877929688,570.389892578125,5693525,0.0,0.0,0.0
2010-03-30,575.2999877929688,576.0,568.2999877929688,569.5999755859375,566.708740234375,5094410,0.0,0.0,0.0
2010-03-31,569.5,571.7999877929688,566.7000122070312,569.7999877929688,566.907958984375,4379045,0.0,0.0,0.0
2010-04-01,572.0,576.7999877929688,572.0,576.7999877929688,573.8722534179688,5477065,0.0,0.0,0.0
2010-04-06,582.0,583.0,576.7999877929688,580.4000244140625,577.4540405273438,4263312,0.0,0.0,0.0
2010-04-07,581.7000122070312,581.7000122070312,578.0,578.7999877929688,575.8619995117188,2493402,0.0,0.0,0.0
2010-04-08,576.5999755859375,576.5999755859375,570.9000244140625,573.7999877929688,570.8871459960938,5097371,0.0,0.0,0.0
2010-04-09,578.4000244140625,580.0,577.2999877929688,579.4000244140625,576.459228515625,5922276,0.0,0.0,0.0
2010-04-12,582.5999755859375,582.5999755859375,578.2000122070312,580.2000122070312,577.2551879882812,2915813,0.0,0.0,0.0
2010-04-13,578.7999877929688,580.2000122070312,576.7000122070312,578.9000244140625,575.9617309570312,5046411,0.0,0.0,0.0
2010-04-14,581.2000122070312,584.4000244140625,581.0,582.5,579.5435791015625,5680782,0.0,0.0,0.0
2010-04-15,584.7999877929688,586.0999755859375,580.9000244140625,585.5,582.5281372070312,8525375,0.0,0.0,0.0
2010-04-16,582.9000244140625,586.7999877929688,576.0,577.2999877929688,574.36962890625,5153898,0.0,0.0,0.0
2010-04-19,575.5999755859375,577.5,572.7000122070312,575.7000122070312,572.7778930664062,5530676,0.0,0.0,0.0
2010-04-20,577.7000122070312,582.5999755859375,576.2000122070312,581.7000122070312,578.7474975585938,9096142,0.0,0.0,0.0
2010-04-21,583.0,583.0,575.5,575.7000122070312,572.7778930664062,8232221,0.0,0.0,0.0
2010-04-22,575.2999877929688,579.2999877929688,568.5999755859375,570.0,567.106689453125,6547018,0.0,0.0,0.0
2010-04-23,574.4000244140625,577.4000244140625,570.0,575.7000122070312,572.7778930664062,5548770,0.0,0.0,0.0
2010-04-26,580.7000122070312,583.2999877929688,578.0999755859375,578.5999755859375,575.6630249023438,8568350,0.0,0.0,0.0
2010-04-27,579.0,579.0,563.5,563.5,560.6397705078125,7294583,0.0,0.0,0.0
2010-04-28,562.2000122070312,567.4000244140625,557.0,562.0,559.147216796875,9009731,0.0,0.0,0.0
2010-04-29,563.5999755859375,567.5999755859375,561.5999755859375,566.2000122070312,563.3261108398438,3441864,0.0,0.0,0.0
2010-04-30,565.4000244140625,568.0999755859375,557.7000122070312,558.5,555.665283203125,5288081,0.0,0.0,0.0
2010-05-04,559.5999755859375,559.5999755859375,543.9000244140625,545.2999877929688,542.5320434570312,7442993,0.0,0.0,0.0
2010-05-05,543.4000244140625,548.0999755859375,536.2999877929688,539.5999755859375,536.8612060546875,19014200,0.0,0.0,0.0
2010-05-06,532.5999755859375,542.2999877929688,530.2999877929688,531.2000122070312,528.5037841796875,10956158,0.0,0.0,0.0
2010-05-07,519.0,532.0,510.0,518.2000122070312,515.5697021484375,27710288,0.0,0.0,0.0
2010-05-10,534.2000122070312,546.4000244140625,532.0,545.0,542.2337646484375,27147144,0.0,0.0,0.0
2010-05-11,538.0,540.7000122070312,532.0,539.7999877929688,537.0599975585938,8843784,0.0,0.0,0.0
2010-05-12,537.0,546.4000244140625,534.9000244140625,544.5,541.736328125,6641641,0.0,0.0,0.0
2010-05-13,549.5,550.5,544.9000244140625,550.5,547.7056884765625,9425821,0.0,0.0,0.0
2010-05-14,548.0,548.0,531.5,533.5,530.7921752929688,4632352,0.0,0.0,0.0
2010-05-17,530.0,539.9000244140625,530.0,533.2000122070312,530.4935302734375,6704279,0.0,0.0,0.0
2010-05-18,535.0,541.0999755859375,535.0,538.4000244140625,535.6671142578125,6313058,0.0,0.0,0.0
2010-05-19,530.0999755859375,534.2999877929688,524.5,524.5,521.8377075195312,10971766,0.0,0.0,0.0
2010-05-20,526.0,530.7000122070312,507.79998779296875,515.0999755859375,512.4854125976562,15407772,0.0,0.0,0.0
2010-05-21,510.20001220703125,517.0,503.8999938964844,514.9000244140625,512.2864379882812,12315254,0.0,0.0,0.0
2010-05-24,516.5,518.9000244140625,510.6000061035156,515.5,512.883544921875,4832430,0.0,0.0,0.0
2010-05-25,500.6000061035156,505.79998779296875,497.79998779296875,500.8999938964844,498.35748291015625,14760447,0.0,0.0,0.0
2010-05-26,506.1000061035156,510.70001220703125,499.8999938964844,505.29998779296875,502.7351989746094,16431209,0.0,0.0,0.0
2010-05-27,509.0,520.5,508.3999938964844,520.2999877929688,517.6591186523438,7965068,0.0,0.0,0.0
2010-05-28,523.9000244140625,525.0,519.5999755859375,520.0,517.3607177734375,10705078,0.0,0.0,0.0
2010-06-01,519.0,519.0999755859375,507.29998779296875,517.2999877929688,514.6741943359375,6166073,0.0,0.0,0.0
2010-06-02,512.5,517.9000244140625,509.6000061035156,517.5999755859375,514.9727783203125,3656172,0.0,0.0,0.0
2010-06-03,525.5,528.2999877929688,522.4000244140625,523.7999877929688,521.1414794921875,5304916,0.0,0.0,0.0
2010-06-04,524.0999755859375,528.4000244140625,512.5,514.7000122070312,512.0875854492188,8177993,0.0,0.0,0.0
2010-06-07,506.79998779296875,514.4000244140625,506.20001220703125,509.0,506.41650390625,3691058,0.0,0.0,0.0
2010-06-08,509.79998779296875,510.5,500.8999938964844,504.79998779296875,502.23779296875,7586565,0.0,0.0,0.0
2010-06-09,508.70001220703125,511.1000061035156,502.0,511.1000061035156,508.50567626953125,8641673,0.0,0.0,0.0
2010-06-10,504.5,517.2000122070312,504.5,515.5,512.883544921875,5629670,0.0,0.0,0.0
2010-06-11,510.20001220703125,520.7000122070312,510.20001220703125,518.7999877929688,516.1665649414062,4965730,0.0,0.0,0.0
2010-06-14,519.2000122070312,524.0,519.0,522.5999755859375,519.9473266601562,3694523,0.0,0.0,0.0
2010-06-15,517.5,526.5999755859375,517.5,523.9000244140625,521.2408447265625,2900249,0.0,0.0,0.0
2010-06-16,528.2999877929688,528.2999877929688,523.5,526.7999877929688,524.1260375976562,3410675,0.0,0.0,0.0
2010-06-17,527.5,531.0999755859375,525.5999755859375,527.4000244140625,524.722900390625,9097263,0.0,0.0,0.0
2010-06-18,529.5,531.0999755859375,525.9000244140625,526.9000244140625,524.2254028320312,9036209,0.0,0.0,0.0
2010-06-21,534.4000244140625,535.2000122070312,530.2000122070312,532.2999877929688,529.5980834960938,16468739,0.0,0.0,0.0
2010-06-22,527.0999755859375,529.5999755859375,523.0,526.5,523.8275146484375,8777504,0.0,0.0,0.0
2010-06-23,524.0,526.5999755859375,518.7000122070312,519.5999755859375,516.9624633789062,11458411,0.0,0.0,0.0
2010-06-24,524.9000244140625,524.9000244140625,511.3999938964844,511.5,508.9038391113281,5106058,0.0,0.0,0.0
2010-06-25,510.20001220703125,514.9000244140625,505.20001220703125,506.5,503.92901611328125,4012731,0.0,0.0,0.0
2010-06-28,509.6000061035156,511.8999938964844,504.20001220703125,508.79998779296875,506.21734619140625,4103353,0.0,0.0,0.0
2010-06-29,504.8999938964844,504.8999938964844,492.0,493.5,490.9950256347656,12766984,0.0,0.0,0.0
2010-06-30,497.79998779296875,497.8999938964844,492.1000061035156,493.20001220703125,490.696533203125,9556710,0.0,0.0,0.0
2010-07-01,488.0,490.5,481.0,482.1000061035156,479.6529541015625,13539311,0.0,0.0,0.0
2010-07-02,485.0,490.3999938964844,482.79998779296875,486.0,483.533203125,8702543,0.0,0.0,0.0
2010-07-05,490.0,490.0,483.70001220703125,483.70001220703125,481.24481201171875,19730730,0.0,0.0,0.0
2010-07-06,486.70001220703125,497.5,486.1000061035156,497.1000061035156,494.5768127441406,8352231,0.0,0.0,0.0
2010-07-07,492.1000061035156,502.0,490.0,502.0,499.4519958496094,5030845,0.0,0.0,0.0
2010-07-08,510.0,513.0999755859375,507.1000061035156,511.20001220703125,508.6053161621094,6285797,0.0,0.0,0.0
2010-07-09,512.0999755859375,515.7000122070312,510.79998779296875,514.5999755859375,511.9880676269531,7431511,0.0,0.0,0.0
2010-07-12,514.7000122070312,520.0999755859375,513.9000244140625,517.7000122070312,515.072265625,3329868,0.0,0.0,0.0
2010-07-13,519.0,528.2999877929688,518.7999877929688,528.2999877929688,525.6185913085938,9760490,0.0,0.0,0.0
2010-07-14,530.0,530.0,521.4000244140625,525.7999877929688,523.131103515625,3461603,0.0,0.0,0.0
2010-07-15,523.4000244140625,527.5,519.0999755859375,521.2000122070312,518.5542602539062,13872088,0.0,0.0,0.0
2010-07-16,523.7999877929688,527.7000122070312,515.9000244140625,516.4000244140625,513.7786865234375,11981776,0.0,0.0,0.0
2010-07-19,517.4000244140625,520.2999877929688,512.2000122070312,515.2999877929688,512.6844482421875,10003674,0.0,0.0,0.0
2010-07-20,517.0,518.0999755859375,509.79998779296875,514.0999755859375,511.4906311035156,4167357,0.0,0.0,0.0
2010-07-21,520.2999877929688,525.2000122070312,519.4000244140625,522.4000244140625,519.7486572265625,4151351,0.0,0.0,0.0
2010-07-22,519.4000244140625,532.7999877929688,518.7999877929688,532.2999877929688,529.5980834960938,6140489,0.0,0.0,0.0
2010-07-23,531.4000244140625,533.9000244140625,528.7999877929688,532.9000244140625,530.1951904296875,7006856,0.0,0.0,0.0
2010-07-26,532.5,536.75,531.75,536.75,534.0254516601562,2998974,0.0,0.0,0.0
2010-07-27,539.0,542.25,536.5,538.0,535.2694091796875,4468760,0.0,0.0,0.0
2010-07-28,540.0,541.0,533.25,534.0,531.2894897460938,5573647,0.0,0.0,0.0
2010-07-29,534.75,539.0,532.75,532.75,530.0459594726562,4448240,0.0,0.0,0.0
2010-07-30,531.0,534.0,526.5,528.25,525.5687255859375,5257711,0.0,0.0,0.0
2010-08-02,532.7000122070312,541.7000122070312,532.0,541.7000122070312,538.9506225585938,6604938,0.0,0.0,0.0
2010-08-03,538.2999877929688,541.4000244140625,537.0999755859375,541.4000244140625,538.6521606445312,3790148,0.0,0.0,0.0
2010-08-04,540.4000244140625,543.5999755859375,534.9000244140625,541.7000122070312,538.9506225585938,4936871,0.0,0.0,0.0
2010-08-05,540.9000244140625,544.2000122070312,538.7000122070312,539.4000244140625,536.6619262695312,4424527,0.0,0.0,0.0
2010-08-06,542.4000244140625,543.2999877929688,533.7999877929688,535.9000244140625,533.1801147460938,6316752,0.0,0.0,0.0
2010-08-09,541.4000244140625,544.7000122070312,541.4000244140625,543.5999755859375,540.8408813476562,10542272,0.0,0.0,0.0
2010-08-10,542.2999877929688,543.0999755859375,537.4000244140625,540.2999877929688,537.5575561523438,4874926,0.0,0.0,0.0
2010-08-11,536.7999877929688,536.7999877929688,527.5999755859375,527.5999755859375,524.9220581054688,3710781,0.0,0.0,0.0
2010-08-12,525.5999755859375,530.4000244140625,524.0,529.2999877929688,526.6135864257812,7486814,0.0,0.0,0.0
2010-08-13,533.2999877929688,533.7999877929688,525.5999755859375,530.4000244140625,527.7078857421875,4600857,0.0,0.0,0.0
2010-08-16,531.9000244140625,532.9000244140625,525.4000244140625,530.0,527.3096313476562,5777723,0.0,0.0,0.0
2010-08-17,530.2000122070312,537.5999755859375,529.9000244140625,537.5999755859375,534.8709716796875,6678528,0.0,0.0,0.0
2010-08-18,536.0999755859375,536.4000244140625,533.2000122070312,533.2000122070312,530.4935302734375,3787566,0.0,0.0,0.0
2010-08-19,535.7999877929688,536.5,523.7999877929688,523.7999877929688,521.1414794921875,7443301,0.0,0.0,0.0
2010-08-20,523.7999877929688,526.0999755859375,519.5999755859375,523.0999755859375,520.44482421875,8815820,0.0,0.0,0.0
2010-08-23,525.2999877929688,530.2000122070312,523.0,526.9000244140625,524.2254028320312,6714543,0.0,0.0,0.0
2010-08-24,523.0,523.5999755859375,514.5,519.2000122070312,516.564453125,7424407,0.0,0.0,0.0
2010-08-25,515.5,518.5,506.8999938964844,510.6000061035156,508.0083312988281,8080423,0.0,0.0,0.0
2010-08-26,515.2000122070312,516.5999755859375,512.5999755859375,515.4000244140625,512.7838134765625,2871457,0.0,0.0,0.0
2010-08-27,514.0,521.0999755859375,512.0,520.0,517.3607177734375,6880896,0.0,0.0,0.0
2010-08-31,515.9000244140625,522.0999755859375,512.7999877929688,522.0,519.3504028320312,3535021,0.0,0.0,0.0
2010-09-01,524.4000244140625,536.0,522.2999877929688,536.0,533.2794799804688,8973575,0.0,0.0,0.0
2010-09-02,534.4000244140625,537.5,534.2999877929688,536.2000122070312,533.4781494140625,8496585,0.0,0.0,0.0
2010-09-03,537.4000244140625,554.0,536.4000244140625,541.5999755859375,538.8508911132812,7516422,0.0,0.0,0.0
2010-09-06,545.5999755859375,545.5999755859375,542.2999877929688,542.9000244140625,540.144287109375,6409513,0.0,0.0,0.0
2010-09-07,541.5,541.7999877929688,536.7999877929688,539.7999877929688,537.0599975585938,6939668,0.0,0.0,0.0
2010-09-08,537.7999877929688,543.7000122070312,535.4000244140625,542.5999755859375,539.84619140625,5053776,0.0,0.0,0.0
2010-09-09,540.7000122070312,549.9000244140625,540.5,548.5999755859375,545.8154907226562,5060992,0.0,0.0,0.0
2010-09-10,547.7000122070312,550.0999755859375,546.9000244140625,549.7000122070312,546.9097290039062,8972815,0.0,0.0,0.0
2010-09-13,553.5,556.2999877929688,552.2999877929688,555.5,552.6804809570312,4177492,0.0,0.0,0.0
2010-09-14,555.9000244140625,557.4000244140625,553.2999877929688,556.2000122070312,553.376953125,2440709,0.0,0.0,0.0
2010-09-15,556.2999877929688,556.9000244140625,552.7999877929688,554.7999877929688,551.9838256835938,6626386,0.0,0.0,0.0
2010-09-16,559.7999877929688,559.7999877929688,552.5999755859375,553.0,550.1930541992188,2304397,0.0,0.0,0.0
2010-09-17,556.0999755859375,560.4000244140625,550.0,550.0,547.2083129882812,5110124,0.0,0.0,0.0
2010-09-20,553.0,559.5,553.0,559.2999877929688,556.4609985351562,4393679,0.0,0.0,0.0
2010-09-21,558.7000122070312,563.0,556.7999877929688,556.7999877929688,553.97412109375,8077910,0.0,0.0,0.0
2010-09-22,559.2999877929688,559.5,551.5,555.0,552.182861328125,4686996,0.0,0.0,0.0
2010-09-23,554.4000244140625,558.5999755859375,546.5999755859375,554.5,551.6854858398438,5265644,0.0,0.0,0.0
2010-09-24,552.5,560.7999877929688,551.4000244140625,559.4000244140625,556.5604248046875,5165769,0.0,0.0,0.0
2010-09-27,559.5999755859375,561.0,556.2999877929688,557.0,554.1726684570312,3172330,0.0,0.0,0.0
2010-09-28,556.0,557.7000122070312,550.0,557.2999877929688,554.47119140625,7482579,0.0,0.0,0.0
2010-09-29,560.2000122070312,562.0999755859375,553.9000244140625,556.4000244140625,553.5757446289062,4572384,0.0,0.0,0.0
2010-09-30,554.5999755859375,563.9000244140625,553.2000122070312,554.0,551.18798828125,5303520,0.0,0.0,0.0
2010-10-01,557.4000244140625,561.0,555.5,558.5,555.665283203125,8702644,0.0,0.0,0.0
2010-10-04,558.9000244140625,559.4000244140625,554.5999755859375,555.0,552.182861328125,4108456,0.0,0.0,0.0
2010-10-05,555.5999755859375,563.9000244140625,554.7000122070312,563.2000122070312,560.3414306640625,8741862,0.0,0.0,0.0
2010-10-06,564.7999877929688,568.9000244140625,564.7999877929688,567.5999755859375,564.7191162109375,5259506,0.0,0.0,0.0
2010-10-07,568.2999877929688,570.0,564.9000244140625,565.7999877929688,562.9279174804688,5230992,0.0,0.0,0.0
2010-10-08,565.0,566.0999755859375,560.2999877929688,564.9000244140625,562.0325927734375,4169176,0.0,0.0,0.0
2010-10-11,567.2000122070312,568.2000122070312,565.4000244140625,567.0999755859375,564.2214965820312,2208829,0.0,0.0,0.0
2010-10-12,563.5,567.2000122070312,559.4000244140625,566.0,563.1270751953125,7913037,0.0,0.0,0.0
2010-10-13,569.0,575.5,568.5999755859375,574.2000122070312,571.2857055664062,5193967,0.0,0.0,0.0
2010-10-14,576.2000122070312,576.5999755859375,570.7999877929688,572.5,569.5941162109375,4212452,0.0,0.0,0.0
2010-10-15,574.0999755859375,574.0999755859375,566.0,569.5999755859375,566.708740234375,5319523,0.0,0.0,0.0
2010-10-18,567.9000244140625,574.2999877929688,566.7000122070312,573.9000244140625,570.9869995117188,6209824,0.0,0.0,0.0
2010-10-19,573.0999755859375,575.5999755859375,568.4000244140625,569.7999877929688,566.907958984375,3166715,0.0,0.0,0.0
2010-10-20,568.5,572.7000122070312,567.7999877929688,572.5999755859375,569.6937866210938,2632393,0.0,0.0,0.0
2010-10-21,571.2000122070312,578.0999755859375,569.5999755859375,575.0,572.0814819335938,4590271,0.0,0.0,0.0
2010-10-22,573.7999877929688,575.0999755859375,571.7999877929688,573.5999755859375,570.6885375976562,3292248,0.0,0.0,0.0
2010-10-25,577.5,578.5999755859375,574.7000122070312,574.7000122070312,571.7827758789062,4816993,0.0,0.0,0.0
2010-10-26,573.7000122070312,574.0999755859375,567.5,570.2999877929688,567.4052734375,3828109,0.0,0.0,0.0
2010-10-27,568.0,568.7999877929688,563.0999755859375,564.4000244140625,561.5352783203125,5622003,0.0,0.0,0.0
2010-10-28,568.0,571.2000122070312,565.5999755859375,567.7999877929688,564.9181518554688,5230827,0.0,0.0,0.0
2010-10-29,566.4000244140625,569.7000122070312,564.7999877929688,567.0999755859375,564.2214965820312,4502857,0.0,0.0,0.0
2010-11-01,570.4000244140625,573.0999755859375,566.9000244140625,569.5,566.6092529296875,10677469,0.0,0.0,0.0
2010-11-02,568.5,577.2000122070312,568.5,575.7999877929688,572.8773193359375,5402045,0.0,0.0,0.0
2010-11-03,577.9000244140625,578.0999755859375,574.0,576.0,573.076416015625,13305217,0.0,0.0,0.0
2010-11-04,580.0,588.2000122070312,580.0,586.7000122070312,583.7221069335938,7888499,0.0,0.0,0.0
2010-11-05,588.5,590.0,584.0999755859375,588.2999877929688,585.3138427734375,6433139,0.0,0.0,0.0
2010-11-08,585.0999755859375,589.0,584.9000244140625,586.2000122070312,583.2246704101562,2767852,0.0,0.0,0.0
2010-11-09,585.4000244140625,591.0,585.4000244140625,588.2999877929688,585.3138427734375,18187536,0.0,0.0,0.0
2010-11-10,586.7999877929688,587.5,580.4000244140625,582.5,579.5435791015625,7038109,0.0,0.0,0.0
2010-11-11,584.7000122070312,584.9000244140625,579.9000244140625,581.5999755859375,578.6480712890625,7293767,0.0,0.0,0.0
2010-11-12,574.9000244140625,583.5,571.5999755859375,580.0999755859375,577.155517578125,10695468,0.0,0.0,0.0
2010-11-15,577.5999755859375,583.7000122070312,575.9000244140625,582.2000122070312,579.2447509765625,4439449,0.0,0.0,0.0
2010-11-16,578.9000244140625,578.9000244140625,568.5999755859375,568.5999755859375,565.7136840820312,6944745,0.0,0.0,0.0
2010-11-17,568.9000244140625,571.9000244140625,566.9000244140625,570.9000244140625,568.0018920898438,5222564,0.0,0.0,0.0
2010-11-18,574.2999877929688,579.7000122070312,573.9000244140625,578.9000244140625,575.9617309570312,5188213,0.0,0.0,0.0
2010-11-19,578.5,578.5,570.5,575.0,572.0814819335938,5919785,0.0,0.0,0.0
2010-11-22,579.7999877929688,580.0,568.7000122070312,570.0,567.106689453125,3602948,0.0,0.0,0.0
2010-11-23,566.2000122070312,568.0999755859375,560.0999755859375,560.0999755859375,557.2570190429688,5709768,0.0,0.0,0.0
2010-11-24,564.0,565.5,555.7999877929688,564.5,561.6346435546875,8385262,0.0,0.0,0.0
2010-11-25,565.2000122070312,569.5,564.0,568.7000122070312,565.813232421875,2225015,0.0,0.0,0.0
2010-11-26,567.5999755859375,568.2999877929688,558.7999877929688,565.5,562.62939453125,3999943,0.0,0.0,0.0
2010-11-29,566.0999755859375,571.0,554.0,554.0,551.18798828125,5223124,0.0,0.0,0.0
2010-11-30,555.4000244140625,558.4000244140625,550.7999877929688,551.7999877929688,548.9993286132812,7938360,0.0,0.0,0.0
2010-12-01,556.0,564.5999755859375,555.0999755859375,563.5999755859375,560.7393188476562,3128640,0.0,0.0,0.0
2010-12-02,566.2000122070312,576.2000122070312,564.0,576.2000122070312,573.2755126953125,6196039,0.0,0.0,0.0
2010-12-03,575.7000122070312,577.4000244140625,571.0999755859375,573.4000244140625,570.4894409179688,3881586,0.0,0.0,0.0
2010-12-06,576.0999755859375,577.2000122070312,571.9000244140625,575.7999877929688,572.8773193359375,3682172,0.0,0.0,0.0
2010-12-07,577.2000122070312,583.7999877929688,576.2000122070312,579.5,576.5584716796875,4414893,0.0,0.0,0.0
2010-12-08,576.5999755859375,580.7999877929688,576.2999877929688,577.9000244140625,574.9666748046875,3276618,0.0,0.0,0.0
2010-12-09,581.5999755859375,582.4000244140625,578.5,579.2000122070312,576.2601318359375,2691932,0.0,0.0,0.0
2010-12-10,580.5,581.0999755859375,578.5999755859375,579.9000244140625,576.9564819335938,2449462,0.0,0.0,0.0
2010-12-13,576.0,586.0999755859375,576.0,584.7000122070312,581.732177734375,3267592,0.0,0.0,0.0
2010-12-14,584.7999877929688,588.0,583.4000244140625,588.0,585.015625,6421341,0.0,0.0,0.0
2010-12-15,585.7000122070312,588.2999877929688,585.0,587.2000122070312,584.219482421875,2874236,0.0,0.0,0.0
2010-12-16,587.0999755859375,587.0999755859375,587.0999755859375,587.0999755859375,584.1201171875,5421870,0.0,0.0,0.0
2010-12-17,588.7000122070312,589.5,585.2000122070312,586.9000244140625,583.9210205078125,9970652,0.0,0.0,0.0
2010-12-20,586.7000122070312,590.7999877929688,586.0,588.2000122070312,585.2144165039062,5337008,0.0,0.0,0.0
2010-12-21,591.5999755859375,594.7000122070312,591.0999755859375,594.5999755859375,591.5819702148438,4262414,0.0,0.0,0.0
2010-12-22,599.9000244140625,599.9000244140625,593.0999755859375,597.5999755859375,594.566650390625,7230829,0.0,0.0,0.0
2010-12-23,599.0999755859375,599.4000244140625,597.2000122070312,598.7000122070312,595.6609497070312,3500919,0.0,0.0,0.0
2010-12-24,598.9000244140625,599.7000122070312,597.2000122070312,598.5,595.4622192382812,299081,0.0,0.0,0.0
2010-12-29,571.2000122070312,601.0,571.2000122070312,598.2000122070312,595.1636352539062,2259467,0.0,0.0,0.0
2010-12-30,598.2000122070312,599.7000122070312,595.5,595.5,592.477294921875,4408052,0.0,0.0,0.0
2010-12-31,596.7999877929688,596.7999877929688,590.5,591.5,588.4976196289062,1427591,0.0,0.0,0.0
2011-01-04,596.0,603.5999755859375,596.0,600.2000122070312,597.1535034179688,4945309,0.0,0.0,0.0
2011-01-05,595.7999877929688,614.0,595.5,603.0,599.9393920898438,3496316,0.0,0.0,0.0
2011-01-06,602.2000122070312,607.5999755859375,599.4000244140625,600.2000122070312,597.1535034179688,3039410,0.0,0.0,0.0
2011-01-07,602.9000244140625,602.9000244140625,596.0,597.2000122070312,594.168701171875,3829722,0.0,0.0,0.0
2011-01-10,597.0,597.0,593.7000122070312,595.2000122070312,592.1788330078125,2397739,0.0,0.0,0.0
2011-01-11,600.9000244140625,602.7000122070312,597.2000122070312,600.7999877929688,597.7506103515625,2251047,0.0,0.0,0.0
2011-01-12,600.7999877929688,604.0,600.7999877929688,603.9000244140625,600.8345947265625,4386212,0.0,0.0,0.0
2011-01-13,601.7999877929688,604.2000122070312,599.7000122070312,601.9000244140625,598.8449096679688,4443353,0.0,0.0,0.0
2011-01-14,601.4000244140625,602.2000122070312,593.9000244140625,599.2999877929688,596.2581787109375,9247313,0.0,0.0,0.0
2011-01-17,601.0,601.0,596.7000122070312,597.7000122070312,594.6661987304688,2571552,0.0,0.0,0.0
2011-01-18,601.0,605.2999877929688,599.7000122070312,604.2000122070312,601.1332397460938,4218150,0.0,0.0,0.0
2011-01-19,604.0,606.0999755859375,596.5,597.0,593.9698486328125,4066202,0.0,0.0,0.0
2011-01-20,596.7000122070312,596.7000122070312,585.5,586.0,583.0255737304688,6753139,0.0,0.0,0.0
2011-01-21,588.5,588.5,588.5,588.5,585.5127563476562,3724280,0.0,0.0,0.0
2011-01-24,590.0,594.9000244140625,587.7000122070312,593.2000122070312,590.1890258789062,3729377,0.0,0.0,0.0
2011-01-25,594.7000122070312,594.9000244140625,589.2999877929688,591.0,588.0001220703125,5363529,0.0,0.0,0.0
2011-01-26,593.9000244140625,600.0,593.9000244140625,596.4000244140625,593.372802734375,3441260,0.0,0.0,0.0
2011-01-27,597.5,599.4000244140625,594.2999877929688,596.4000244140625,593.372802734375,4403039,0.0,0.0,0.0
2011-01-28,595.0,595.0,587.2000122070312,587.2000122070312,584.219482421875,5173237,0.0,0.0,0.0
2011-01-31,585.7000122070312,587.2000122070312,581.0,585.4000244140625,582.4285888671875,4977523,0.0,0.0,0.0
2011-02-01,589.5999755859375,595.4000244140625,586.4000244140625,595.0,591.9801025390625,4728287,0.0,0.0,0.0
2011-02-02,596.9000244140625,601.5,596.9000244140625,599.5,596.4568481445312,2827344,0.0,0.0,0.0
2011-02-03,598.0999755859375,599.2000122070312,594.4000244140625,598.0999755859375,595.0640258789062,5421659,0.0,0.0,0.0
2011-02-04,603.9000244140625,603.9000244140625,598.0,599.2000122070312,596.1587524414062,4190036,0.0,0.0,0.0
2011-02-07,600.4000244140625,604.7999877929688,599.2999877929688,604.7999877929688,601.7301635742188,3039970,0.0,0.0,0.0
2011-02-08,604.2000122070312,608.5,602.7999877929688,608.5,605.4114379882812,7079678,0.0,0.0,0.0
2011-02-09,608.7999877929688,609.0999755859375,605.7999877929688,606.0,602.9240112304688,3178523,0.0,0.0,0.0
2011-02-10,604.7000122070312,605.4000244140625,599.5999755859375,603.5999755859375,600.5363159179688,3719316,0.0,0.0,0.0
2011-02-11,602.0999755859375,607.7000122070312,598.4000244140625,606.5999755859375,603.52099609375,3869177,0.0,0.0,0.0
2011-02-14,611.9000244140625,611.9000244140625,605.0999755859375,607.2000122070312,604.1177368164062,1293192,0.0,0.0,0.0
2011-02-15,605.0,608.0,603.0,604.2999877929688,601.2326049804688,6100328,0.0,0.0,0.0
2011-02-16,605.7000122070312,610.0,604.9000244140625,608.9000244140625,605.8092651367188,4896322,0.0,0.0,0.0
2011-02-17,609.3480224609375,610.2000122070312,606.2999877929688,609.0999755859375,606.00830078125,5168439,0.0,0.0,0.0
2011-02-18,610.4000244140625,611.7999877929688,605.5999755859375,609.5,606.40673828125,3078708,0.0,0.0,0.0
2011-02-21,607.5,611.0,601.7000122070312,602.2000122070312,599.1432495117188,4844343,0.0,0.0,0.0
2011-02-22,599.0,603.3300170898438,593.39501953125,600.5,597.4518432617188,7788972,0.0,0.0,0.0
2011-02-23,596.2000122070312,596.5,590.0830078125,590.7999877929688,587.801025390625,7390429,0.0,0.0,0.0
2011-02-24,585.2999877929688,592.0999755859375,584.7949829101562,590.5,587.5027465820312,13924608,0.0,0.0,0.0
2011-02-25,592.5,599.968994140625,590.0,598.0999755859375,595.0640258789062,4725715,0.0,0.0,0.0
2011-02-28,601.0999755859375,608.9000244140625,594.9299926757812,598.0,594.9647827148438,9906221,0.0,0.0,0.0
2011-03-01,601.9000244140625,603.7999877929688,592.2999877929688,592.7000122070312,589.6915283203125,20699424,0.0,0.0,0.0
2011-03-02,586.5499877929688,595.280029296875,586.5349731445312,592.2999877929688,589.2936401367188,19723530,0.0,0.0,0.0
2011-03-03,594.7999877929688,602.4299926757812,593.0,601.0999755859375,598.0485229492188,8846005,0.0,0.0,0.0
2011-03-04,602.6640014648438,606.0,596.2960205078125,597.2999877929688,594.26806640625,8998843,0.0,0.0,0.0
2011-03-07,596.7999877929688,603.0700073242188,595.2999877929688,596.5,593.4722900390625,4088360,0.0,0.0,0.0
2011-03-08,598.2000122070312,598.969970703125,590.0999755859375,596.7000122070312,593.6714477539062,6812388,0.0,0.0,0.0
2011-03-09,597.7000122070312,597.7999877929688,592.4000244140625,593.7000122070312,590.6864013671875,6183518,0.0,0.0,0.0
2011-03-10,587.25,592.3599853515625,580.4000244140625,584.9000244140625,581.9312133789062,9072674,0.0,0.0,0.0
2011-03-11,582.7999877929688,584.5,579.7000122070312,583.0,580.0408935546875,10944776,0.0,0.0,0.0
2011-03-14,581.9359741210938,584.4749755859375,577.0999755859375,577.5,574.5687866210938,5898351,0.0,0.0,0.0
2011-03-15,570.0,571.9000244140625,559.4000244140625,570.0,567.106689453125,25303860,0.0,0.0,0.0
2011-03-16,570.9000244140625,571.9000244140625,560.7999877929688,561.7999877929688,558.9485473632812,13357654,0.0,0.0,0.0
2011-03-17,564.25,571.9000244140625,562.2999877929688,570.7000122070312,567.8033447265625,14065264,0.0,0.0,0.0
2011-03-18,572.5,576.9000244140625,523.14599609375,573.2000122070312,570.2906494140625,15170161,0.0,0.0,0.0
2011-03-21,580.7999877929688,580.7999877929688,577.1380004882812,579.2000122070312,576.2601318359375,7379313,0.0,0.0,0.0
2011-03-22,577.0,582.1110229492188,575.239990234375,577.5999755859375,574.6681518554688,6619091,0.0,0.0,0.0
2011-03-23,574.2000122070312,581.1599731445312,572.4000244140625,580.2999877929688,577.3546142578125,7104238,0.0,0.0,0.0
2011-03-24,580.25,590.0399780273438,579.4619750976562,589.5999755859375,586.6075439453125,6867624,0.0,0.0,0.0
2011-03-25,592.8499755859375,593.4000244140625,589.2000122070312,591.5,588.4976196289062,7155645,0.0,0.0,0.0
2011-03-28,592.0,593.2999877929688,529.1810302734375,591.4000244140625,588.3980102539062,5433751,0.0,0.0,0.0
2011-03-29,592.8499755859375,595.0,588.7999877929688,594.7999877929688,591.7808837890625,6715901,0.0,0.0,0.0
2011-03-30,597.9500122070312,598.3579711914062,595.5,596.0,592.9750366210938,5477174,0.0,0.0,0.0
2011-03-31,597.5,599.0,591.9000244140625,591.9000244140625,588.8956298828125,9031875,0.0,0.0,0.0
2011-04-01,596.3499755859375,602.8400268554688,591.9000244140625,602.2999877929688,599.2428588867188,7289178,0.0,0.0,0.0
2011-04-04,601.0499877929688,604.52099609375,600.0,603.0,599.9393920898438,8590432,0.0,0.0,0.0
2011-04-05,603.1500244140625,603.5,600.0,602.2000122070312,599.1432495117188,5852630,0.0,0.0,0.0
2011-04-06,603.9500122070312,606.7000122070312,602.2999877929688,605.2999877929688,602.2276000976562,7541297,0.0,0.0,0.0
2011-04-07,605.3499755859375,606.5999755859375,601.5999755859375,601.5999755859375,598.54638671875,5301645,0.0,0.0,0.0
2011-04-08,605.5499877929688,607.7999877929688,604.9000244140625,606.7999877929688,603.7198486328125,3466711,0.0,0.0,0.0
2011-04-11,606.8499755859375,608.0579833984375,605.5,606.5,603.421630859375,3666295,0.0,0.0,0.0
2011-04-12,603.5499877929688,603.5499877929688,594.7940063476562,597.5999755859375,594.566650390625,4523913,0.0,0.0,0.0
2011-04-13,600.5,606.2000122070312,599.6790161132812,602.2000122070312,599.1432495117188,5241977,0.0,0.0,0.0
2011-04-14,600.9500122070312,601.0,595.739990234375,597.7999877929688,594.765625,4111869,0.0,0.0,0.0
2011-04-15,599.3499755859375,601.5,597.7000122070312,601.5,598.4471435546875,4152668,0.0,0.0,0.0
2011-04-18,600.9000244140625,601.0999755859375,587.4580078125,588.4000244140625,585.4132080078125,9117927,0.0,0.0,0.0
2011-04-19,591.5999755859375,593.5999755859375,590.6580200195312,591.2000122070312,588.1992797851562,4518760,0.0,0.0,0.0
2011-04-20,597.5,605.2000122070312,591.1799926757812,603.7999877929688,600.735107421875,6366360,0.0,0.0,0.0
2011-04-21,605.7999877929688,606.7000122070312,602.2000122070312,603.9000244140625,600.8345947265625,3724611,0.0,0.0,0.0
2011-04-26,603.2999877929688,608.9210205078125,602.6580200195312,608.9000244140625,605.8092651367188,3349409,0.0,0.0,0.0
2011-04-27,607.5999755859375,611.4000244140625,606.2000122070312,608.9000244140625,605.8092651367188,10611456,0.0,0.0,0.0
2011-04-28,610.5999755859375,611.1580200195312,607.9000244140625,609.9000244140625,606.80419921875,5840718,0.0,0.0,0.0
2011-04-29,609.9000244140625,609.9000244140625,609.9000244140625,609.9000244140625,606.80419921875,0,0.0,0.0,0.0
2011-05-03,612.4000244140625,613.1209716796875,607.6420288085938,611.2999877929688,608.197265625,6559577,0.0,0.0,0.0
2011-05-04,608.0,610.2999877929688,600.4000244140625,601.4000244140625,598.34765625,8508396,0.0,0.0,0.0
2011-05-05,603.4000244140625,603.9580078125,594.5999755859375,595.2999877929688,592.2784423828125,15034881,0.0,0.0,0.0
2011-05-06,596.0999755859375,601.8889770507812,590.7000122070312,601.5,598.4471435546875,8406638,0.0,0.0,0.0
2011-05-09,597.6500244140625,603.31201171875,595.7000122070312,597.5999755859375,594.566650390625,5364240,0.0,0.0,0.0
2011-05-10,598.25,605.6110229492188,598.25,605.0,601.9290771484375,5705429,0.0,0.0,0.0
2011-05-11,607.0999755859375,608.0999755859375,600.5120239257812,601.2999877929688,598.248046875,11015035,0.0,0.0,0.0
2011-05-12,596.2999877929688,598.5,592.2249755859375,598.5,595.4622192382812,8473464,0.0,0.0,0.0
2011-05-13,601.1500244140625,604.0999755859375,595.8779907226562,596.4000244140625,593.372802734375,5814957,0.0,0.0,0.0
2011-05-16,594.25,597.5,590.1119995117188,596.0999755859375,593.0745239257812,5778604,0.0,0.0,0.0
2011-05-17,593.9000244140625,598.2000122070312,590.0,590.0,587.0050659179688,5683875,0.0,0.0,0.0
2011-05-18,595.5999755859375,597.9000244140625,593.14501953125,596.7999877929688,593.7708740234375,7753555,0.0,0.0,0.0
2011-05-19,598.3499755859375,605.0999755859375,596.7000122070312,599.7999877929688,596.7554931640625,9843221,0.0,0.0,0.0
2011-05-20,601.7999877929688,606.4000244140625,597.2999877929688,599.2999877929688,596.2581787109375,9779821,0.0,0.0,0.0
2011-05-23,591.25,592.2999877929688,587.8670043945312,588.0,585.015625,10206803,0.0,0.0,0.0
2011-05-24,588.8499755859375,598.7999877929688,588.7000122070312,590.2000122070312,587.204345703125,4151623,0.0,0.0,0.0
2011-05-25,582.3499755859375,586.2000122070312,578.4879760742188,585.2000122070312,582.2296142578125,9901362,0.0,0.0,0.0
2011-05-26,587.0999755859375,589.2999877929688,584.7890014648438,586.4000244140625,583.423583984375,4317658,0.0,0.0,0.0
2011-05-27,590.5499877929688,593.2999877929688,589.9219970703125,592.0,588.9950561523438,5407840,0.0,0.0,0.0
2011-05-31,595.9000244140625,598.9219970703125,595.0999755859375,596.9000244140625,593.8702392578125,7557170,0.0,0.0,0.0
2011-06-01,598.2999877929688,598.5999755859375,591.0,592.7000122070312,589.6915283203125,5326819,0.0,0.0,0.0
2011-06-02,587.1500244140625,589.0,584.5,584.5,581.5332641601562,5547153,0.0,0.0,0.0
2011-06-03,586.0999755859375,586.5670166015625,580.0999755859375,585.2999877929688,582.3289794921875,9789663,0.0,0.0,0.0
2011-06-06,583.0,598.5999755859375,582.7000122070312,586.5,583.5228881835938,3418363,0.0,0.0,0.0
2011-06-07,585.0499877929688,589.5999755859375,584.8759765625,586.5,583.5228881835938,5043788,0.0,0.0,0.0
2011-06-08,585.0,585.97802734375,579.177978515625,581.2999877929688,578.3493041992188,26759392,0.0,0.0,0.0
2011-06-09,580.7000122070312,586.4000244140625,579.9219970703125,585.4000244140625,582.4285888671875,10379636,0.0,0.0,0.0
2011-06-10,584.7000122070312,586.489013671875,575.7000122070312,576.0,573.076416015625,7685369,0.0,0.0,0.0
2011-06-13,576.7999877929688,579.4000244140625,576.0,577.5,574.5687866210938,4538704,0.0,0.0,0.0
2011-06-14,580.0499877929688,582.1749877929688,578.5,580.2999877929688,577.3546142578125,4499460,0.0,0.0,0.0
2011-06-15,579.0499877929688,580.4459838867188,574.0,574.0,571.0864868164062,8072654,0.0,0.0,0.0
2011-06-16,570.3820190429688,572.0,564.844970703125,570.2999877929688,567.4052734375,14289002,0.0,0.0,0.0
2011-06-17,567.5999755859375,573.4429931640625,564.6950073242188,572.0,569.0966186523438,7661448,0.0,0.0,0.0
2011-06-20,568.0999755859375,570.5999755859375,565.4000244140625,569.4000244140625,566.5095825195312,7181827,0.0,0.0,0.0
2011-06-21,572.25,577.7999877929688,571.5999755859375,577.7000122070312,574.7677001953125,6821644,0.0,0.0,0.0
2011-06-22,576.5999755859375,579.2999877929688,574.64501953125,577.5,574.5687866210938,7073368,0.0,0.0,0.0
2011-06-23,575.2999877929688,575.2999877929688,566.7000122070312,567.7000122070312,564.8184814453125,7562644,0.0,0.0,0.0
2011-06-24,575.0999755859375,579.60400390625,568.0,570.2999877929688,567.4052734375,11649851,0.0,0.0,0.0
2011-06-27,568.6500244140625,573.3779907226562,568.6099853515625,573.0,570.091552734375,5801947,0.0,0.0,0.0
2011-06-28,574.9000244140625,580.0999755859375,573.8109741210938,577.2000122070312,574.270263671875,6791319,0.0,0.0,0.0
2011-06-29,580.9000244140625,587.2000122070312,580.9000244140625,586.0999755859375,583.1250610351562,12617918,0.0,0.0,0.0
2011-06-30,588.7999877929688,595.2000122070312,588.5999755859375,595.2000122070312,592.1788330078125,5843701,0.0,0.0,0.0
2011-07-01,596.0999755859375,600.4000244140625,594.2999877929688,599.5,596.4568481445312,9326886,0.0,0.0,0.0
2011-07-04,599.5999755859375,603.0999755859375,595.9520263671875,602.2000122070312,599.1432495117188,6495350,0.0,0.0,0.0
2011-07-05,602.0499877929688,603.5999755859375,601.2000122070312,602.2000122070312,599.1432495117188,5359714,0.0,0.0,0.0
2011-07-06,602.0999755859375,602.2000122070312,597.2219848632812,600.4000244140625,597.3526000976562,4898352,0.0,0.0,0.0
2011-07-07,603.25,607.0999755859375,600.5999755859375,605.2999877929688,602.2276000976562,4042738,0.0,0.0,0.0
2011-07-08,606.5919799804688,608.2249755859375,598.0999755859375,598.7999877929688,595.760498046875,6567221,0.0,0.0,0.0
2011-07-11,597.4000244140625,599.7000122070312,589.8779907226562,592.5,589.4924926757812,6028156,0.0,0.0,0.0
2011-07-12,586.5499877929688,589.7000122070312,579.0,586.7999877929688,583.8217163085938,17999382,0.0,0.0,0.0
2011-07-13,586.2000122070312,590.9000244140625,584.989013671875,590.2000122070312,587.204345703125,7871497,0.0,0.0,0.0
2011-07-14,585.6500244140625,589.4000244140625,584.0,584.9000244140625,581.9312133789062,7139383,0.0,0.0,0.0
2011-07-15,582.0999755859375,588.052978515625,580.5999755859375,584.5,581.5332641601562,8268088,0.0,0.0,0.0
2011-07-18,580.4000244140625,581.4849853515625,574.0,575.0999755859375,572.180908203125,4447312,0.0,0.0,0.0
2011-07-19,577.0499877929688,580.0,576.4000244140625,578.9000244140625,575.9617309570312,9409304,0.0,0.0,0.0
2011-07-20,581.9500122070312,585.5999755859375,580.5,585.0,582.0308837890625,5538961,0.0,0.0,0.0
2011-07-21,585.7999877929688,593.2999877929688,579.7000122070312,590.5499877929688,587.5525512695312,8307767,0.0,0.0,0.0
2011-07-22,593.75,596.6489868164062,590.7000122070312,593.5,590.4873046875,5006073,0.0,0.0,0.0
2011-07-25,590.0,593.7000122070312,589.2890014648438,592.0,588.9950561523438,4412813,0.0,0.0,0.0
2011-07-26,593.2999877929688,594.760009765625,589.2999877929688,592.75,589.7413330078125,8066085,0.0,0.0,0.0
2011-07-27,591.2000122070312,593.2000122070312,584.0,585.4000244140625,582.4285888671875,6147277,0.0,0.0,0.0
2011-07-28,580.2000122070312,588.2000122070312,580.2000122070312,587.4000244140625,584.4183959960938,5231717,0.0,0.0,0.0
2011-07-29,582.3880004882812,585.0,577.875,581.9000244140625,578.9464721679688,6074904,0.0,0.0,0.0
2011-08-01,587.0,591.4429931640625,576.7000122070312,577.4000244140625,574.4691772460938,7257881,0.0,0.0,0.0
2011-08-02,577.25,578.0,570.68798828125,572.2999877929688,569.3949584960938,6861434,0.0,0.0,0.0
2011-08-03,566.9000244140625,569.9000244140625,557.5,559.7000122070312,556.8593139648438,9579121,0.0,0.0,0.0
2011-08-04,565.4000244140625,565.4000244140625,541.0,541.0,538.2537231445312,13191098,0.0,0.0,0.0
2011-08-05,525.2000122070312,541.0,522.4000244140625,527.0999755859375,524.424560546875,24759688,0.0,0.0,0.0
2011-08-08,520.5,532.0,508.8999938964844,510.8999938964844,508.30670166015625,12244924,0.0,0.0,0.0
2011-08-09,515.0499877929688,522.5,483.29998779296875,521.7000122070312,519.0518188476562,36515168,0.0,0.0,0.0
2011-08-10,531.25,531.5,503.70001220703125,506.0,503.43157958984375,33235088,0.0,0.0,0.0
2011-08-11,517.2000122070312,522.2000122070312,499.29998779296875,521.0999755859375,518.4549560546875,21153244,0.0,0.0,0.0
2011-08-12,522.75,538.6069946289062,505.8900146484375,537.0999755859375,534.3736572265625,15632863,0.0,0.0,0.0
2011-08-15,539.4000244140625,543.0,533.25,539.5999755859375,536.8612060546875,7139016,0.0,0.0,0.0
2011-08-16,535.7000122070312,540.7999877929688,531.5,540.2999877929688,537.5575561523438,9655669,0.0,0.0,0.0
2011-08-17,537.0,542.5,533.7999877929688,538.2999877929688,535.5676879882812,4539965,0.0,0.0,0.0
2011-08-18,532.0,534.47998046875,510.29998779296875,515.2999877929688,512.6844482421875,11724254,0.0,0.0,0.0
2011-08-19,514.0499877929688,528.3599853515625,498.70001220703125,509.1000061035156,506.515869140625,15344671,0.0,0.0,0.0
2011-08-22,506.1499938964844,524.0,505.0799865722656,515.4000244140625,512.7838134765625,9112805,0.0,0.0,0.0
2011-08-23,520.7000122070312,525.0,513.2000122070312,518.5999755859375,515.9676513671875,9084009,0.0,0.0,0.0
2011-08-24,515.3499755859375,525.4000244140625,510.1000061035156,521.5999755859375,518.9525146484375,6102557,0.0,0.0,0.0
2011-08-25,524.8499755859375,525.5999755859375,510.5,512.7000122070312,510.0976867675781,10231285,0.0,0.0,0.0
2011-08-26,514.0999755859375,515.0,501.3999938964844,513.9000244140625,511.2914733886719,8035186,0.0,0.0,0.0
2011-08-30,527.2999877929688,528.5,520.5,527.2000122070312,524.524169921875,4761898,0.0,0.0,0.0
2011-08-31,527.7999877929688,540.9000244140625,525.719970703125,539.0999755859375,536.3638916015625,10388038,0.0,0.0,0.0
2011-09-01,541.0499877929688,544.2999877929688,534.2999877929688,540.0999755859375,537.3585815429688,8066684,0.0,0.0,0.0
2011-09-02,535.5999755859375,536.885009765625,525.2000122070312,528.7999877929688,526.1159057617188,6027761,0.0,0.0,0.0
2011-09-05,519.0,521.989990234375,506.0,508.70001220703125,506.117919921875,22105868,0.0,0.0,0.0
2011-09-06,511.8999938964844,518.2999877929688,502.29998779296875,515.7000122070312,513.0823974609375,7595097,0.0,0.0,0.0
2011-09-07,528.6500244140625,532.5999755859375,523.5,532.5999755859375,529.8965454101562,5477055,0.0,0.0,0.0
2011-09-08,531.5999755859375,536.9000244140625,526.7999877929688,533.5999755859375,530.8917236328125,6423184,0.0,0.0,0.0
2011-09-09,530.8499755859375,534.8079833984375,519.780029296875,520.7999877929688,518.1564331054688,10014435,0.0,0.0,0.0
2011-09-12,509.1499938964844,530.3800048828125,505.4880065917969,512.9000244140625,510.2967224121094,6679883,0.0,0.0,0.0
2011-09-13,518.75,519.5040283203125,507.0,517.5,514.8734741210938,9306356,0.0,0.0,0.0
2011-09-14,513.0999755859375,526.5,511.0,521.9000244140625,519.2510986328125,7139056,0.0,0.0,0.0
2011-09-15,526.4000244140625,536.2999877929688,526.2000122070312,533.7000122070312,530.9910278320312,7357826,0.0,0.0,0.0
2011-09-16,538.4000244140625,540.0,533.5,536.5,533.7772827148438,6468122,0.0,0.0,0.0
2011-09-19,528.4000244140625,530.9000244140625,522.60400390625,525.2000122070312,522.5342407226562,4247460,0.0,0.0,0.0
2011-09-20,521.8499755859375,536.9000244140625,521.2000122070312,536.0999755859375,533.37841796875,5661343,0.0,0.0,0.0
2011-09-21,536.5999755859375,536.5999755859375,526.0,527.7999877929688,525.1209106445312,5496222,0.0,0.0,0.0
2011-09-22,514.4000244140625,515.1799926757812,500.29998779296875,504.29998779296875,501.740234375,24571522,0.0,0.0,0.0
2011-09-23,509.0,510.07598876953125,492.29998779296875,506.3999938964844,503.8296203613281,8920795,0.0,0.0,0.0
2011-09-26,498.5,514.5999755859375,493.3999938964844,508.8999938964844,506.31695556640625,7063637,0.0,0.0,0.0
2011-09-27,519.2000122070312,528.5,517.0150146484375,528.5,525.8173828125,7911898,0.0,0.0,0.0
2011-09-28,523.7999877929688,531.2000122070312,519.0999755859375,521.4000244140625,518.7536010742188,4714860,0.0,0.0,0.0
2011-09-29,518.0999755859375,524.5,515.5999755859375,519.2999877929688,516.664306640625,4667141,0.0,0.0,0.0
2011-09-30,517.0999755859375,517.0999755859375,506.9849853515625,514.0,511.39111328125,6440931,0.0,0.0,0.0
2011-10-03,501.1000061035156,509.32000732421875,498.1000061035156,508.8999938964844,506.31695556640625,8137213,0.0,0.0,0.0
2011-10-04,501.79998779296875,502.20001220703125,487.70001220703125,494.79998779296875,492.28839111328125,11535038,0.0,0.0,0.0
2011-10-05,504.6499938964844,512.2999877929688,500.5400085449219,510.3999938964844,507.80926513671875,8579277,0.0,0.0,0.0
2011-10-06,514.4500122070312,528.0,512.6199951171875,526.0,523.3300170898438,9572823,0.0,0.0,0.0
2011-10-07,528.4500122070312,536.5150146484375,525.6209716796875,529.5999755859375,526.91162109375,10789936,0.0,0.0,0.0
2011-10-10,532.2000122070312,540.2999877929688,529.6199951171875,539.0,536.2642822265625,3958785,0.0,0.0,0.0
2011-10-11,536.4500122070312,538.7999877929688,532.5,538.7999877929688,536.0650634765625,7729149,0.0,0.0,0.0
2011-10-12,537.0,545.0,534.2000122070312,543.2999877929688,540.5422973632812,6272345,0.0,0.0,0.0
2011-10-13,539.4000244140625,544.5,535.8189697265625,539.4000244140625,536.6619262695312,5721703,0.0,0.0,0.0
2011-10-14,540.25,548.9000244140625,538.2999877929688,545.2999877929688,542.5320434570312,8974249,0.0,0.0,0.0
2011-10-17,549.5999755859375,552.9810180664062,539.2999877929688,542.4000244140625,539.6467895507812,8525305,0.0,0.0,0.0
2011-10-18,537.0999755859375,541.4000244140625,533.5999755859375,540.0999755859375,537.3585815429688,4623751,0.0,0.0,0.0
2011-10-19,544.3499755859375,547.3579711914062,541.7000122070312,543.5999755859375,540.8408813476562,4094881,0.0,0.0,0.0
2011-10-20,539.25,542.0999755859375,535.2999877929688,537.5999755859375,534.8709716796875,4230609,0.0,0.0,0.0
2011-10-21,540.4000244140625,548.7000122070312,537.9559936523438,547.7000122070312,544.9198608398438,4451123,0.0,0.0,0.0
2011-10-24,550.5999755859375,600.0,547.2000122070312,553.4000244140625,550.5912475585938,6086967,0.0,0.0,0.0
2011-10-25,550.9000244140625,555.9000244140625,545.2000122070312,551.0,548.20361328125,5128837,0.0,0.0,0.0
2011-10-26,550.7000122070312,556.5999755859375,548.9000244140625,554.2999877929688,551.4863891601562,3134250,0.0,0.0,0.0
2011-10-27,568.4000244140625,573.5999755859375,563.5,570.5999755859375,567.7039184570312,10922778,0.0,0.0,0.0
2011-10-28,571.5,573.7000122070312,567.5,569.0999755859375,566.2112426757812,5983869,0.0,0.0,0.0
2011-10-31,564.2000122070312,565.2449951171875,553.0,553.0,550.1930541992188,6042611,0.0,0.0,0.0
2011-11-01,543.5999755859375,543.5999755859375,532.7000122070312,541.7000122070312,538.9506225585938,15518631,0.0,0.0,0.0
2011-11-02,546.0499877929688,549.3699951171875,538.7000122070312,549.0,546.213134765625,5328561,0.0,0.0,0.0
2011-11-03,540.9500122070312,556.7999877929688,540.9500122070312,555.2000122070312,552.3818969726562,10665516,0.0,0.0,0.0
2011-11-04,549.7999877929688,560.0079956054688,540.2999877929688,552.7999877929688,549.9940795898438,6847705,0.0,0.0,0.0
2011-11-07,549.7000122070312,555.2000122070312,543.43701171875,551.0999755859375,548.3025512695312,3686869,0.0,0.0,0.0
2011-11-08,552.1500244140625,561.4000244140625,551.5,556.7999877929688,553.97412109375,8471816,0.0,0.0,0.0
2011-11-09,560.25,561.5449829101562,542.7999877929688,545.7000122070312,542.93017578125,4637878,0.0,0.0,0.0
2011-11-10,545.3499755859375,550.0,535.8499755859375,544.7999877929688,542.0346069335938,11209182,0.0,0.0,0.0
2011-11-11,546.25,555.0549926757812,533.6099853515625,554.7000122070312,551.8844604492188,3781256,0.0,0.0,0.0
2011-11-14,557.6500244140625,558.2000122070312,549.5,551.7000122070312,548.8997192382812,4955816,0.0,0.0,0.0
2011-11-15,548.0999755859375,555.2100219726562,543.2670288085938,551.7999877929688,548.9993286132812,3874598,0.0,0.0,0.0
2011-11-16,551.1500244140625,557.14501953125,545.780029296875,551.7000122070312,548.8997192382812,9412615,0.0,0.0,0.0
2011-11-17,549.5999755859375,550.5999755859375,537.7999877929688,544.0,541.238525390625,9479024,0.0,0.0,0.0
2011-11-18,538.9000244140625,543.35400390625,535.7550048828125,537.0999755859375,534.3736572265625,5992734,0.0,0.0,0.0
2011-11-21,534.0,534.0,522.0,523.0999755859375,520.44482421875,7529217,0.0,0.0,0.0
2011-11-22,525.9500122070312,529.760009765625,521.7999877929688,521.7999877929688,519.1515502929688,9945594,0.0,0.0,0.0
2011-11-23,514.1500244140625,526.3400268554688,511.29998779296875,511.29998779296875,508.7047119140625,8711426,0.0,0.0,0.0
2011-11-24,513.25,516.0999755859375,507.70001220703125,510.20001220703125,507.6101989746094,7332414,0.0,0.0,0.0
2011-11-25,508.75,517.8519897460938,505.5669860839844,514.0999755859375,511.4906311035156,5226936,0.0,0.0,0.0
2011-11-28,517.6500244140625,530.9000244140625,517.5999755859375,529.7999877929688,527.1109008789062,8037667,0.0,0.0,0.0
2011-11-29,529.1500244140625,532.3610229492188,525.4600219726562,531.9000244140625,529.2003173828125,6191764,0.0,0.0,0.0
2011-11-30,526.5,552.0,526.2000122070312,549.0999755859375,546.3129272460938,16046904,0.0,0.0,0.0
2011-12-01,549.9000244140625,553.4000244140625,546.5999755859375,546.9000244140625,544.1239624023438,9717540,0.0,0.0,0.0
2011-12-02,553.2000122070312,557.5,551.2000122070312,553.7000122070312,550.8895263671875,7466785,0.0,0.0,0.0
2011-12-05,555.8499755859375,558.010009765625,552.2999877929688,554.5999755859375,551.7852172851562,5960539,0.0,0.0,0.0
2011-12-06,549.8499755859375,556.6329956054688,549.7000122070312,554.2000122070312,551.3870239257812,5751565,0.0,0.0,0.0
2011-12-07,559.0,560.6329956054688,547.2369995117188,552.4000244140625,549.5963134765625,8136017,0.0,0.0,0.0
2011-12-08,555.5499877929688,557.7999877929688,545.7999877929688,545.7999877929688,543.0298461914062,6921963,0.0,0.0,0.0
2011-12-09,542.4500122070312,551.5,542.2000122070312,550.2000122070312,547.4073486328125,5484098,0.0,0.0,0.0
2011-12-12,548.8499755859375,548.8499755859375,540.4000244140625,540.4000244140625,537.6572265625,6153506,0.0,0.0,0.0
2011-12-13,541.7999877929688,550.0999755859375,538.9550170898438,547.9000244140625,545.118896484375,17911598,0.0,0.0,0.0
2011-12-14,543.5499877929688,545.7999877929688,536.4000244140625,536.4000244140625,533.6776733398438,13293232,0.0,0.0,0.0
2011-12-15,535.25,542.5999755859375,534.0999755859375,539.2000122070312,536.4631958007812,7455181,0.0,0.0,0.0
2011-12-16,550.0999755859375,550.0999755859375,537.7999877929688,537.7999877929688,535.0701293945312,7273297,0.0,0.0,0.0
2011-12-19,534.4000244140625,540.0,533.4000244140625,535.4000244140625,532.6825561523438,4562222,0.0,0.0,0.0
2011-12-20,534.0,541.7999877929688,532.0,541.0,538.2537231445312,6665876,0.0,0.0,0.0
2011-12-21,545.25,547.0999755859375,535.2999877929688,537.7999877929688,535.0701293945312,6884897,0.0,0.0,0.0
2011-12-22,539.25,546.02001953125,539.25,545.0999755859375,542.3333129882812,4974274,0.0,0.0,0.0
2011-12-23,547.9000244140625,550.7109985351562,546.4450073242188,550.6500244140625,547.8549194335938,972666,0.0,0.0,0.0
2011-12-28,551.8499755859375,555.5999755859375,547.844970703125,549.7000122070312,546.9097290039062,2725439,0.0,0.0,0.0
2011-12-29,550.2999877929688,554.7000122070312,548.4000244140625,554.7000122070312,551.8844604492188,3073987,0.0,0.0,0.0
2011-12-30,556.1500244140625,557.2999877929688,539.0,539.0,536.2642822265625,2167958,0.0,0.0,0.0
2012-01-03,550.5,569.3380126953125,541.0,568.7000122070312,565.813232421875,5055290,0.0,0.0,0.0
2012-01-04,567.5,570.469970703125,563.02001953125,565.7999877929688,562.9279174804688,5207827,0.0,0.0,0.0
2012-01-05,567.0,567.4000244140625,559.7999877929688,561.2999877929688,558.4509887695312,4935407,0.0,0.0,0.0
2012-01-06,561.25,567.0,561.0499877929688,563.4000244140625,560.5402221679688,4957832,0.0,0.0,0.0
2012-01-09,564.2000122070312,565.7000122070312,558.9849853515625,560.0,557.1576538085938,9149562,0.0,0.0,0.0
2012-01-10,564.75,569.7999877929688,563.9000244140625,568.5,565.6144409179688,7089162,0.0,0.0,0.0
2012-01-11,567.5499877929688,568.510009765625,563.1300048828125,565.5999755859375,562.72900390625,4411358,0.0,0.0,0.0
2012-01-12,565.2000122070312,568.469970703125,562.4000244140625,564.9000244140625,562.0325927734375,6000293,0.0,0.0,0.0
2012-01-13,568.5999755859375,569.4000244140625,556.7000122070312,561.9000244140625,559.0478515625,5995909,0.0,0.0,0.0
2012-01-16,560.0,564.5999755859375,558.9450073242188,563.5,560.6397705078125,5344598,0.0,0.0,0.0
2012-01-17,570.3499755859375,570.7999877929688,565.7999877929688,567.9000244140625,565.017333984375,6961880,0.0,0.0,0.0
2012-01-18,567.4000244140625,569.5999755859375,563.2000122070312,568.7999877929688,565.9127807617188,5772954,0.0,0.0,0.0
2012-01-19,569.7999877929688,573.0999755859375,568.2999877929688,572.7999877929688,569.8925170898438,4327755,0.0,0.0,0.0
2012-01-20,571.8499755859375,573.6699829101562,570.7000122070312,571.2999877929688,568.400146484375,5644641,0.0,0.0,0.0
2012-01-23,571.7999877929688,577.7000122070312,571.22900390625,576.0999755859375,573.1759643554688,4977537,0.0,0.0,0.0
2012-01-24,574.2999877929688,576.5830078125,570.2999877929688,573.2999877929688,570.389892578125,5014479,0.0,0.0,0.0
2012-01-25,574.5,576.1719970703125,567.6199951171875,570.2999877929688,567.4052734375,9961704,0.0,0.0,0.0
2012-01-26,572.7000122070312,578.7999877929688,572.0,577.7000122070312,574.7677001953125,7053473,0.0,0.0,0.0
2012-01-27,574.2000122070312,577.5399780273438,571.0,571.2999877929688,568.400146484375,7395613,0.0,0.0,0.0
2012-01-30,568.2000122070312,569.2000122070312,563.2999877929688,565.2000122070312,562.3313598632812,4424915,0.0,0.0,0.0
2012-01-31,568.9000244140625,571.0,566.0,566.2000122070312,563.3261108398438,5984973,0.0,0.0,0.0
2012-02-01,569.2000122070312,577.0999755859375,566.2000122070312,577.0999755859375,574.1709594726562,5347892,0.0,0.0,0.0
2012-02-02,578.0999755859375,579.0,574.5499877929688,577.5,574.5687866210938,4495751,0.0,0.0,0.0
2012-02-03,576.5999755859375,588.0999755859375,576.4000244140625,588.0999755859375,585.1151123046875,8767930,0.0,0.0,0.0
2012-02-06,587.4000244140625,587.7000122070312,584.3200073242188,587.2999877929688,584.3190307617188,4098098,0.0,0.0,0.0
2012-02-07,587.0999755859375,588.469970703125,582.9000244140625,586.9000244140625,583.9210205078125,9904342,0.0,0.0,0.0
2012-02-08,588.0,589.2999877929688,585.0999755859375,585.9000244140625,582.9260864257812,5123012,0.0,0.0,0.0
2012-02-09,586.9000244140625,589.4000244140625,585.0999755859375,588.0,585.015625,9770747,0.0,0.0,0.0
2012-02-10,585.5,587.0,582.5,583.5999755859375,580.6376342773438,4142293,0.0,0.0,0.0
2012-02-13,587.7999877929688,590.5700073242188,586.9000244140625,588.2000122070312,585.2144165039062,6679592,0.0,0.0,0.0
2012-02-14,586.5,590.0,585.85498046875,588.2999877929688,585.3138427734375,4465553,0.0,0.0,0.0
2012-02-15,591.9000244140625,592.5999755859375,588.0999755859375,589.4000244140625,586.4082641601562,5164979,0.0,0.0,0.0
2012-02-16,585.4000244140625,588.7000122070312,583.0999755859375,588.5,585.5127563476562,7183297,0.0,0.0,0.0
2012-02-17,592.0,593.2000122070312,589.9000244140625,590.5999755859375,587.6023559570312,4473271,0.0,0.0,0.0
2012-02-20,594.5,595.5999755859375,593.3599853515625,593.7000122070312,590.6864013671875,2319456,0.0,0.0,0.0
2012-02-21,594.2000122070312,594.7999877929688,591.5,592.7999877929688,589.791259765625,7118217,0.0,0.0,0.0
2012-02-22,590.0,591.2999877929688,587.0,589.5,586.5079345703125,7681665,0.0,0.0,0.0
2012-02-23,588.9000244140625,592.7000122070312,587.5999755859375,591.4000244140625,588.3980102539062,6503437,0.0,0.0,0.0
2012-02-24,593.4000244140625,593.8170166015625,590.0999755859375,591.0,588.0001220703125,3568818,0.0,0.0,0.0
2012-02-27,588.9000244140625,589.5,584.0850219726562,588.7999877929688,585.8115234375,4133678,0.0,0.0,0.0
2012-02-28,590.4000244140625,590.9000244140625,587.4000244140625,590.0999755859375,587.1048583984375,2934537,0.0,0.0,0.0
2012-02-29,591.0,592.5800170898438,584.7999877929688,585.0,582.0308837890625,3986131,0.0,0.0,0.0
2012-03-01,584.9000244140625,593.4000244140625,584.0,591.0999755859375,588.099853515625,4043118,0.0,0.0,0.0
2012-03-02,591.2000122070312,591.530029296875,588.8200073242188,589.5999755859375,586.6075439453125,5710206,0.0,0.0,0.0
2012-03-05,586.7000122070312,589.22998046875,584.9000244140625,585.9000244140625,582.9260864257812,2569760,0.0,0.0,0.0
2012-03-06,583.5999755859375,584.4000244140625,574.7999877929688,576.0,573.076416015625,9933718,0.0,0.0,0.0
2012-03-07,566.0999755859375,580.030029296875,566.0999755859375,579.2999877929688,576.35986328125,7613740,0.0,0.0,0.0
2012-03-08,581.7000122070312,587.4000244140625,581.5,585.9000244140625,582.9260864257812,8193206,0.0,0.0,0.0
2012-03-09,585.7999877929688,590.0,584.4000244140625,588.9000244140625,585.9110717773438,9112281,0.0,0.0,0.0
2012-03-12,587.7999877929688,589.4600219726562,586.5,589.0999755859375,586.1098022460938,4558817,0.0,0.0,0.0
2012-03-13,591.7000122070312,595.7000122070312,591.6119995117188,595.0999755859375,592.079345703125,5388937,0.0,0.0,0.0
2012-03-14,598.4000244140625,599.2999877929688,595.5,595.5,592.477294921875,8570013,0.0,0.0,0.0
2012-03-15,594.7000122070312,596.4000244140625,592.7000122070312,594.5999755859375,591.5819702148438,5741268,0.0,0.0,0.0
2012-03-16,595.2000122070312,598.2000122070312,595.0,597.5,594.4671630859375,4463947,0.0,0.0,0.0
2012-03-19,597.0999755859375,597.5150146484375,593.2999877929688,596.5,593.4722900390625,5552132,0.0,0.0,0.0
2012-03-20,593.7000122070312,594.5499877929688,588.0999755859375,589.0999755859375,586.1098022460938,7430856,0.0,0.0,0.0
2012-03-21,588.7999877929688,592.8300170898438,588.7999877929688,589.9000244140625,586.9058837890625,5001458,0.0,0.0,0.0
2012-03-22,589.9000244140625,589.9000244140625,583.469970703125,585.2000122070312,582.2296142578125,5220950,0.0,0.0,0.0
2012-03-23,586.5,588.5,580.7999877929688,586.5,583.5228881835938,5880145,0.0,0.0,0.0
2012-03-26,588.9000244140625,591.9000244140625,586.22998046875,590.9000244140625,587.9005737304688,3811327,0.0,0.0,0.0
2012-03-27,592.7000122070312,594.7000122070312,587.1649780273438,587.5,584.5178833007812,13670294,0.0,0.0,0.0
2012-03-28,586.4000244140625,588.6400146484375,581.4000244140625,581.4000244140625,578.4488525390625,6897842,0.0,0.0,0.0
2012-03-29,580.7999877929688,581.7999877929688,573.4879760742188,575.0,572.0814819335938,8400505,0.0,0.0,0.0
2012-03-30,576.9000244140625,579.0,576.1500244140625,577.4000244140625,574.4691772460938,6390181,0.0,0.0,0.0
2012-04-02,579.4000244140625,589.0,575.5999755859375,588.7999877929688,585.8115234375,10301460,0.0,0.0,0.0
2012-04-03,589.0,589.9180297851562,584.7999877929688,585.2999877929688,582.3289794921875,6318583,0.0,0.0,0.0
2012-04-04,583.9000244140625,584.5549926757812,570.5,572.2000122070312,569.2955932617188,8464506,0.0,0.0,0.0
2012-04-05,573.9000244140625,575.0850219726562,568.2000122070312,574.4000244140625,571.4848022460938,7713355,0.0,0.0,0.0
2012-04-10,573.9000244140625,573.9000244140625,561.7999877929688,561.7999877929688,558.9485473632812,4554060,0.0,0.0,0.0
2012-04-11,560.5999755859375,568.260009765625,559.9000244140625,566.0999755859375,563.2266845703125,8610842,0.0,0.0,0.0
2012-04-12,566.2000122070312,575.5999755859375,563.1300048828125,573.7000122070312,570.7880249023438,7611200,0.0,0.0,0.0
2012-04-13,572.4000244140625,573.5999755859375,567.2999877929688,568.0,565.1168823242188,4624118,0.0,0.0,0.0
2012-04-16,567.5,573.4000244140625,566.7999877929688,569.5,566.6092529296875,6509609,0.0,0.0,0.0
2012-04-17,568.5999755859375,580.0150146484375,568.5999755859375,579.7000122070312,576.757568359375,4671595,0.0,0.0,0.0
2012-04-18,579.2000122070312,581.2000122070312,576.5,577.9000244140625,574.9666748046875,4323945,0.0,0.0,0.0
2012-04-19,585.0,585.0,577.2000122070312,577.5,574.5687866210938,5852264,0.0,0.0,0.0
2012-04-20,578.2000122070312,580.8380126953125,575.719970703125,580.2999877929688,577.3546142578125,3596100,0.0,0.0,0.0
2012-04-23,576.5999755859375,576.9550170898438,567.5999755859375,570.2000122070312,567.3059692382812,6998503,0.0,0.0,0.0
2012-04-24,572.5999755859375,574.7000122070312,569.2000122070312,574.4000244140625,571.4848022460938,5836474,0.0,0.0,0.0
2012-04-25,576.4000244140625,578.0999755859375,574.239990234375,576.2999877929688,573.3746337890625,3474184,0.0,0.0,0.0
2012-04-26,577.2000122070312,580.0,573.0,578.7999877929688,575.8619995117188,4687751,0.0,0.0,0.0
2012-04-27,573.0999755859375,582.7000122070312,573.0999755859375,581.0,578.0509643554688,4811276,0.0,0.0,0.0
2012-04-30,582.2999877929688,582.405029296875,576.5,577.5999755859375,574.6681518554688,4196818,0.0,0.0,0.0
2012-05-01,578.0,585.5,577.9000244140625,585.0999755859375,582.1301879882812,2240897,0.0,0.0,0.0
2012-05-02,586.7000122070312,586.7000122070312,577.5999755859375,579.9000244140625,576.9564819335938,4238548,0.0,0.0,0.0
2012-05-03,583.4000244140625,584.2000122070312,578.6170043945312,580.5,577.5535888671875,5261251,0.0,0.0,0.0
2012-05-04,577.5999755859375,580.0,567.7449951171875,569.0999755859375,566.2112426757812,5869168,0.0,0.0,0.0
2012-05-08,569.0,570.7000122070312,559.4000244140625,559.7000122070312,556.8593139648438,9493381,0.0,0.0,0.0
2012-05-09,561.9000244140625,563.135009765625,551.0,558.7000122070312,555.8641967773438,9375569,0.0,0.0,0.0
2012-05-10,560.2999877929688,562.5999755859375,554.9000244140625,559.7000122070312,556.8593139648438,7832043,0.0,0.0,0.0
2012-05-11,558.0999755859375,564.4000244140625,555.9450073242188,564.0,561.1372680664062,8010983,0.0,0.0,0.0
2012-05-14,559.2000122070312,559.2000122070312,549.7000122070312,552.5,549.69580078125,8659073,0.0,0.0,0.0
2012-05-15,554.0,556.6799926757812,546.7000122070312,549.0999755859375,546.3129272460938,8542424,0.0,0.0,0.0
2012-05-16,545.4000244140625,551.0,541.5640258789062,546.5,543.7259521484375,11407191,0.0,0.0,0.0
2012-05-17,546.2999877929688,547.2000122070312,536.0,539.2999877929688,536.5625610351562,13602001,0.0,0.0,0.0
2012-05-18,533.2000122070312,537.4000244140625,530.89599609375,532.7000122070312,529.996337890625,8376055,0.0,0.0,0.0
2012-05-21,532.0,538.2999877929688,531.1119995117188,536.5999755859375,533.8763427734375,3822460,0.0,0.0,0.0
2012-05-22,541.0,546.780029296875,538.7999877929688,546.2999877929688,543.527099609375,6548290,0.0,0.0,0.0
2012-05-23,532.0999755859375,533.5999755859375,523.0,525.5,522.8327026367188,10558341,0.0,0.0,0.0
2012-05-24,531.2999877929688,535.9000244140625,525.9000244140625,533.7999877929688,531.0904541015625,8801606,0.0,0.0,0.0
2012-05-25,534.7999877929688,537.2999877929688,530.0,534.0999755859375,531.3890991210938,5626411,0.0,0.0,0.0
2012-05-29,537.7000122070312,539.4359741210938,533.2000122070312,538.2000122070312,535.4685668945312,5886407,0.0,0.0,0.0
2012-05-30,534.2999877929688,534.7000122070312,528.0,529.4000244140625,526.7128295898438,5643467,0.0,0.0,0.0
2012-05-31,531.7999877929688,535.0,527.0599975585938,531.7999877929688,529.1005859375,11252768,0.0,0.0,0.0
2012-06-01,532.9000244140625,535.0,522.5800170898438,525.2999877929688,522.6336059570312,8083277,0.0,0.0,0.0
2012-06-06,530.0,539.7000122070312,530.0,539.7000122070312,536.9605712890625,5844416,0.0,0.0,0.0
2012-06-07,542.0999755859375,550.4000244140625,540.469970703125,545.5,542.7310791015625,7798574,0.0,0.0,0.0
2012-06-08,542.5999755859375,545.4819946289062,539.0999755859375,544.2000122070312,541.4378051757812,3694414,0.0,0.0,0.0
2012-06-11,554.5,554.5079956054688,542.7999877929688,544.4000244140625,541.6369018554688,7632082,0.0,0.0,0.0
2012-06-12,544.0,548.5999755859375,542.2000122070312,547.7999877929688,545.0196533203125,3793045,0.0,0.0,0.0
2012-06-13,550.0999755859375,551.4400024414062,544.4000244140625,549.0,546.213134765625,5895632,0.0,0.0,0.0
2012-06-14,547.0,549.0700073242188,542.5770263671875,547.5,544.7207641601562,4017628,0.0,0.0,0.0
2012-06-15,549.5,553.760009765625,547.0549926757812,548.7000122070312,545.9149169921875,7034326,0.0,0.0,0.0
2012-06-18,556.0,556.2670288085938,546.7999877929688,549.7999877929688,547.0092163085938,3849756,0.0,0.0,0.0
2012-06-19,551.0,561.0,548.47998046875,559.4000244140625,556.5604248046875,3888594,0.0,0.0,0.0
2012-06-20,558.5999755859375,563.0,557.718994140625,562.7999877929688,559.9434204101562,3682557,0.0,0.0,0.0
2012-06-21,560.5,561.5399780273438,557.2000122070312,557.2000122070312,554.3716430664062,4488086,0.0,0.0,0.0
2012-06-22,553.0,554.8889770507812,550.8800048828125,551.9000244140625,549.0988159179688,5080681,0.0,0.0,0.0
2012-06-25,551.0,551.0,544.5,545.2000122070312,542.4328002929688,5852794,0.0,0.0,0.0
2012-06-26,546.2999877929688,548.2999877929688,544.5,545.4000244140625,542.631591796875,4009339,0.0,0.0,0.0
2012-06-27,548.5,553.5,545.9539794921875,553.2000122070312,550.39208984375,3563468,0.0,0.0,0.0
2012-06-28,554.2000122070312,554.3359985351562,544.5999755859375,550.7999877929688,548.0042724609375,4932733,0.0,0.0,0.0
2012-06-29,561.0999755859375,562.7000122070312,556.1060180664062,558.0,555.1676635742188,7470308,0.0,0.0,0.0
2012-07-02,559.7999877929688,565.2000122070312,557.9329833984375,564.5999755859375,561.7340698242188,8748480,0.0,0.0,0.0
2012-07-03,565.0999755859375,569.7000122070312,564.3900146484375,569.5999755859375,566.708740234375,5746074,0.0,0.0,0.0
2012-07-04,569.5999755859375,571.0,567.655029296875,569.5,566.6092529296875,2956670,0.0,0.0,0.0
2012-07-05,569.9000244140625,573.9000244140625,567.2000122070312,570.2999877929688,567.4052734375,5606702,0.0,0.0,0.0
2012-07-06,568.5,569.9299926757812,565.0,566.7999877929688,563.9231567382812,4894893,0.0,0.0,0.0
2012-07-09,567.2000122070312,567.6599731445312,561.2420043945312,562.7000122070312,559.8438720703125,8423615,0.0,0.0,0.0
2012-07-10,565.0999755859375,569.5549926757812,562.6649780273438,566.5999755859375,563.7240600585938,3564258,0.0,0.0,0.0
2012-07-11,564.2999877929688,567.6649780273438,562.85400390625,567.2999877929688,564.4203491210938,3640849,0.0,0.0,0.0
2012-07-12,563.9000244140625,565.7000122070312,559.0,561.5,558.6499633789062,10403140,0.0,0.0,0.0
2012-07-13,565.2000122070312,568.4099731445312,563.6500244140625,567.5,564.6195678710938,3864003,0.0,0.0,0.0
2012-07-16,567.0999755859375,568.0419921875,565.0,567.0,564.1218872070312,2243434,0.0,0.0,0.0
2012-07-17,568.0999755859375,568.5800170898438,563.0,564.0,561.1372680664062,2588788,0.0,0.0,0.0
2012-07-18,566.4000244140625,569.9000244140625,563.3109741210938,569.5,566.6092529296875,8635672,0.0,0.0,0.0
2012-07-19,569.7999877929688,572.5,569.4000244140625,572.0999755859375,569.1962280273438,6054875,0.0,0.0,0.0
2012-07-20,571.0,571.3300170898438,565.2999877929688,565.9000244140625,563.02734375,3337602,0.0,0.0,0.0
2012-07-23,559.7999877929688,563.5999755859375,552.1500244140625,554.0999755859375,551.2876586914062,6155512,0.0,0.0,0.0
2012-07-24,555.7000122070312,556.5999755859375,549.5,550.5999755859375,547.8052368164062,10913127,0.0,0.0,0.0
2012-07-25,545.5999755859375,553.7000122070312,545.5999755859375,550.4000244140625,547.6063232421875,3913074,0.0,0.0,0.0
2012-07-26,550.5,560.0,548.4000244140625,557.5,554.67041015625,3659722,0.0,0.0,0.0
2012-07-27,560.7000122070312,563.7999877929688,555.5999755859375,563.2999877929688,560.4409790039062,6198104,0.0,0.0,0.0
2012-07-30,564.0,571.3300170898438,563.0709838867188,569.5,566.6092529296875,1942121,0.0,0.0,0.0
2012-07-31,569.5999755859375,570.2000122070312,562.0,564.7999877929688,561.9331665039062,7552393,0.0,0.0,0.0
2012-08-01,565.0,572.7000122070312,565.0,572.7000122070312,569.7933349609375,5858239,0.0,0.0,0.0
2012-08-02,572.7000122070312,578.4000244140625,567.0999755859375,568.0,565.1168823242188,9936842,0.0,0.0,0.0
2012-08-03,568.7000122070312,580.7000122070312,568.5380249023438,580.2000122070312,577.2551879882812,4302452,0.0,0.0,0.0
2012-08-06,579.7000122070312,584.7550048828125,578.0830078125,582.9000244140625,579.9412841796875,5099567,0.0,0.0,0.0
2012-08-07,582.5999755859375,585.0,579.0,585.0,582.0308837890625,4000433,0.0,0.0,0.0
2012-08-08,583.7999877929688,588.4000244140625,583.5,588.4000244140625,585.4132080078125,3282118,0.0,0.0,0.0
2012-08-09,589.0,589.6079711914062,586.3829956054688,588.0999755859375,585.1151123046875,3735536,0.0,0.0,0.0
2012-08-10,586.7999877929688,588.9000244140625,585.0,588.0,585.015625,4600993,0.0,0.0,0.0
2012-08-13,587.7999877929688,588.52001953125,584.2999877929688,586.5,583.5228881835938,2329858,0.0,0.0,0.0
2012-08-14,588.5,590.35498046875,587.0,589.2000122070312,586.2091674804688,3002179,0.0,0.0,0.0
2012-08-15,588.2000122070312,589.4000244140625,586.3829956054688,587.0999755859375,584.1201171875,2158987,0.0,0.0,0.0
2012-08-16,588.2999877929688,588.698974609375,584.989990234375,587.5999755859375,584.6173706054688,3040362,0.0,0.0,0.0
2012-08-17,588.5,589.2529907226562,587.2000122070312,589.2000122070312,586.2091674804688,2351086,0.0,0.0,0.0
2012-08-20,588.9000244140625,589.5999755859375,583.9000244140625,586.0,583.0255737304688,5152236,0.0,0.0,0.0
2012-08-21,588.2000122070312,591.2999877929688,587.2999877929688,589.9000244140625,586.9058837890625,3069868,0.0,0.0,0.0
2012-08-22,581.7999877929688,581.7999877929688,576.2000122070312,576.7000122070312,573.7730102539062,3245324,0.0,0.0,0.0
2012-08-23,580.0,580.3330078125,575.7260131835938,577.0999755859375,574.1709594726562,2454910,0.0,0.0,0.0
2012-08-24,576.0,577.9000244140625,572.8350219726562,576.7999877929688,573.8722534179688,3376152,0.0,0.0,0.0
2012-08-28,575.5999755859375,576.7000122070312,573.5999755859375,576.0,573.076416015625,3684116,0.0,0.0,0.0
2012-08-29,575.2999877929688,575.9000244140625,572.5,573.0999755859375,570.1912231445312,3011210,0.0,0.0,0.0
2012-08-30,570.5999755859375,573.5,569.0999755859375,570.2000122070312,567.3059692382812,11311781,0.0,0.0,0.0
2012-08-31,569.5,575.0,568.5999755859375,569.0999755859375,566.2112426757812,9675620,0.0,0.0,0.0
2012-09-03,569.0,575.0999755859375,568.760009765625,575.0999755859375,572.180908203125,3001625,0.0,0.0,0.0
2012-09-04,573.7000122070312,573.7000122070312,564.5999755859375,566.5999755859375,563.7240600585938,3160581,0.0,0.0,0.0
2012-09-05,564.4000244140625,567.1900024414062,562.9550170898438,565.5999755859375,562.72900390625,3275750,0.0,0.0,0.0
2012-09-06,567.4000244140625,578.0560302734375,566.9099731445312,576.5999755859375,573.6734008789062,6073144,0.0,0.0,0.0
2012-09-07,579.5,580.0,576.6799926757812,579.2000122070312,576.2601318359375,3309387,0.0,0.0,0.0
2012-09-10,576.7000122070312,580.2999877929688,576.7000122070312,578.9000244140625,575.9617309570312,4776339,0.0,0.0,0.0
2012-09-11,576.7999877929688,579.0,576.0599975585938,578.2000122070312,575.26513671875,4069323,0.0,0.0,0.0
2012-09-12,579.4000244140625,581.4000244140625,575.2000122070312,577.4000244140625,574.4691772460938,6225329,0.0,0.0,0.0
2012-09-13,577.2999877929688,582.0889892578125,576.4639892578125,581.0999755859375,578.1505737304688,4310727,0.0,0.0,0.0
2012-09-14,589.7000122070312,592.9400024414062,587.1500244140625,590.7999877929688,587.801025390625,15004552,0.0,0.0,0.0
2012-09-17,590.0,591.2000122070312,588.0,589.0,586.0104370117188,2840667,0.0,0.0,0.0
2012-09-18,587.5,588.7999877929688,584.0999755859375,586.7000122070312,583.7221069335938,2752097,0.0,0.0,0.0
2012-09-19,589.2999877929688,589.7999877929688,586.0,589.0,586.0104370117188,2803492,0.0,0.0,0.0
2012-09-20,585.2999877929688,586.2000122070312,582.5999755859375,585.0999755859375,582.1301879882812,4135878,0.0,0.0,0.0
2012-09-21,588.7999877929688,588.7999877929688,584.0999755859375,586.7999877929688,583.8217163085938,12834442,0.0,0.0,0.0
2012-09-24,582.5999755859375,585.2999877929688,581.0,584.2000122070312,581.2346801757812,8625472,0.0,0.0,0.0
2012-09-25,584.2999877929688,587.7999877929688,583.5,586.7999877929688,583.8217163085938,5479484,0.0,0.0,0.0
2012-09-26,582.0,583.0339965820312,576.2999877929688,578.0,575.06640625,3906410,0.0,0.0,0.0
2012-09-27,581.0,581.3480224609375,577.4000244140625,578.7000122070312,575.7626342773438,2444322,0.0,0.0,0.0
2012-09-28,580.5,581.8670043945312,575.0,575.5,572.578857421875,3438847,0.0,0.0,0.0
2012-10-01,574.4000244140625,585.35498046875,574.4000244140625,583.4000244140625,580.438720703125,5733555,0.0,0.0,0.0
2012-10-02,581.0,585.2999877929688,579.0999755859375,582.2000122070312,579.2447509765625,3316865,0.0,0.0,0.0
2012-10-03,580.5999755859375,584.844970703125,579.780029296875,584.0999755859375,581.13525390625,6746274,0.0,0.0,0.0
2012-10-04,585.2000122070312,586.9500122070312,581.9000244140625,584.2000122070312,581.2346801757812,5349917,0.0,0.0,0.0
2012-10-05,585.7000122070312,590.083984375,585.2000122070312,588.2999877929688,585.3138427734375,4225657,0.0,0.0,0.0
2012-10-08,584.7999877929688,587.0,583.5,585.7000122070312,582.7269897460938,2947430,0.0,0.0,0.0
2012-10-09,586.7999877929688,587.0549926757812,580.0,582.0,579.0458984375,6218495,0.0,0.0,0.0
2012-10-10,580.5999755859375,581.8300170898438,578.9000244140625,578.9000244140625,575.9617309570312,3330262,0.0,0.0,0.0
2012-10-11,577.7000122070312,585.177978515625,577.7000122070312,583.0,580.0408935546875,7408060,0.0,0.0,0.0
2012-10-12,582.4000244140625,583.0780029296875,578.0,579.2000122070312,576.2601318359375,11888029,0.0,0.0,0.0
2012-10-15,578.4000244140625,583.5999755859375,578.4000244140625,581.7000122070312,578.7474975585938,6834108,0.0,0.0,0.0
2012-10-16,584.2999877929688,588.5,583.5,587.9000244140625,584.9158935546875,6051414,0.0,0.0,0.0
2012-10-17,588.2000122070312,592.2000122070312,587.75,591.5999755859375,588.5972290039062,2868545,0.0,0.0,0.0
2012-10-18,593.0999755859375,593.7000122070312,590.5,592.7000122070312,589.6915283203125,5496242,0.0,0.0,0.0
2012-10-19,590.5,592.5999755859375,589.7000122070312,590.0,587.0050659179688,3453537,0.0,0.0,0.0
2012-10-22,589.9000244140625,591.6300048828125,587.0,588.9000244140625,585.9110717773438,5916710,0.0,0.0,0.0
2012-10-23,590.0,590.0999755859375,579.9000244140625,580.5999755859375,577.653076171875,8870014,0.0,0.0,0.0
2012-10-24,581.5,584.6890258789062,579.2000122070312,582.5,579.5435791015625,6966637,0.0,0.0,0.0
2012-10-25,583.5,586.0,581.9000244140625,582.2999877929688,579.3442993164062,4417661,0.0,0.0,0.0
2012-10-26,579.4000244140625,583.7650146484375,577.0999755859375,582.7000122070312,579.7423095703125,6057244,0.0,0.0,0.0
2012-10-29,581.5999755859375,583.0999755859375,578.2999877929688,581.0,578.0509643554688,2985453,0.0,0.0,0.0
2012-10-30,582.5,587.072998046875,582.2000122070312,586.4000244140625,583.423583984375,2284117,0.0,0.0,0.0
2012-10-31,586.5999755859375,588.447998046875,580.0999755859375,580.0999755859375,577.155517578125,4003366,0.0,0.0,0.0
2012-11-01,580.5999755859375,588.7999877929688,579.8670043945312,588.0999755859375,585.1151123046875,7220042,0.0,0.0,0.0
2012-11-02,587.2000122070312,591.2550048828125,586.5,588.7000122070312,585.7118530273438,2545296,0.0,0.0,0.0
2012-11-05,586.5999755859375,587.4000244140625,584.5,585.9000244140625,582.9260864257812,8839315,0.0,0.0,0.0
2012-11-06,586.5999755859375,590.7000122070312,586.5999755859375,590.7000122070312,587.7017822265625,2955260,0.0,0.0,0.0
2012-11-07,593.2000122070312,595.1420288085938,581.7999877929688,582.0,579.0458984375,5452036,0.0,0.0,0.0
2012-11-08,583.7000122070312,585.1480102539062,580.0999755859375,580.7000122070312,577.7523803710938,8344969,0.0,0.0,0.0
2012-11-09,581.2999877929688,581.5269775390625,574.5,578.5999755859375,575.6630249023438,14077882,0.0,0.0,0.0
2012-11-12,578.7000122070312,581.2849731445312,578.0,579.4000244140625,576.459228515625,4048046,0.0,0.0,0.0
2012-11-13,576.4000244140625,581.1279907226562,573.4000244140625,581.0,578.0509643554688,4100952,0.0,0.0,0.0
2012-11-14,580.5999755859375,580.5999755859375,575.7999877929688,575.7999877929688,572.8773193359375,3267662,0.0,0.0,0.0
2012-11-15,572.2999877929688,574.7000122070312,571.2000122070312,571.9000244140625,568.9970703125,8681893,0.0,0.0,0.0
2012-11-16,571.4000244140625,572.2329711914062,564.5999755859375,564.5999755859375,561.7340698242188,6101162,0.0,0.0,0.0
2012-11-19,569.7999877929688,578.0,568.7000122070312,577.7999877929688,574.8670043945312,5401946,0.0,0.0,0.0
2012-11-20,576.0999755859375,579.5,575.0,579.4000244140625,576.459228515625,5116526,0.0,0.0,0.0
2012-11-21,571.7999877929688,575.0,571.7999877929688,573.9000244140625,570.9869995117188,3886446,0.0,0.0,0.0
2012-11-22,575.5,578.6190185546875,575.2000122070312,578.2999877929688,575.36474609375,3781639,0.0,0.0,0.0
2012-11-23,580.2999877929688,581.9099731445312,577.2349853515625,580.5999755859375,577.653076171875,4701947,0.0,0.0,0.0
2012-11-26,579.0999755859375,580.2999877929688,576.2999877929688,577.7999877929688,574.8670043945312,2314887,0.0,0.0,0.0
2012-11-27,580.7999877929688,581.9500122070312,577.5499877929688,578.4000244140625,575.4644165039062,2995871,0.0,0.0,0.0
2012-11-28,577.2999877929688,579.7000122070312,574.4000244140625,579.0,576.0608520507812,2748628,0.0,0.0,0.0
2012-11-29,580.9000244140625,586.9000244140625,580.5999755859375,585.2999877929688,582.3289794921875,6108727,0.0,0.0,0.0
2012-11-30,584.7999877929688,588.7999877929688,584.5809936523438,585.4000244140625,582.4285888671875,4347372,0.0,0.0,0.0
2012-12-03,587.2000122070312,588.5999755859375,584.5579833984375,585.5,582.5281372070312,5840710,0.0,0.0,0.0
2012-12-04,584.9000244140625,587.0469970703125,583.4000244140625,585.7999877929688,582.8265991210938,3187496,0.0,0.0,0.0
2012-12-05,586.0,588.8189697265625,585.0,588.0,585.015625,3521826,0.0,0.0,0.0
2012-12-06,589.0,590.7999877929688,587.2999877929688,587.9000244140625,584.9158935546875,3560602,0.0,0.0,0.0
2012-12-07,588.5999755859375,590.7000122070312,587.2999877929688,590.0,587.0050659179688,3860313,0.0,0.0,0.0
2012-12-10,588.2999877929688,590.7000122070312,587.2000122070312,590.4000244140625,587.4033203125,3443403,0.0,0.0,0.0
2012-12-11,590.4000244140625,591.8729858398438,589.0,590.7000122070312,587.7017822265625,4264741,0.0,0.0,0.0
2012-12-12,589.5999755859375,592.7999877929688,589.5999755859375,592.5999755859375,589.592041015625,3466865,0.0,0.0,0.0
2012-12-13,591.7999877929688,592.5,589.0,591.5,588.4976196289062,3026688,0.0,0.0,0.0
2012-12-14,592.0,592.655029296875,588.0,590.2999877929688,587.3036499023438,3424104,0.0,0.0,0.0
2012-12-17,589.7999877929688,590.2639770507812,586.4450073242188,589.9000244140625,586.9058837890625,3131716,0.0,0.0,0.0
2012-12-18,591.4000244140625,593.2000122070312,589.0,592.0,588.9950561523438,3233768,0.0,0.0,0.0
2012-12-19,591.5999755859375,596.5,591.5999755859375,595.2000122070312,592.1788330078125,5338801,0.0,0.0,0.0
2012-12-20,594.7000122070312,595.9000244140625,593.8670043945312,594.4000244140625,591.3828735351562,5356778,0.0,0.0,0.0
2012-12-21,591.2999877929688,594.7000122070312,588.0,591.7000122070312,588.696533203125,3916582,0.0,0.0,0.0
2012-12-24,592.0,594.3159790039062,592.0,593.8499755859375,590.8358154296875,661478,0.0,0.0,0.0
2012-12-27,594.0,598.510009765625,592.7999877929688,594.5,591.4825439453125,2598778,0.0,0.0,0.0
2012-12-28,595.0,596.4500122070312,590.2000122070312,590.9000244140625,587.9005737304688,1543287,0.0,0.0,0.0
2012-12-31,589.4000244140625,590.5919799804688,586.0,587.25,584.2692260742188,1511904,0.0,0.0,0.0
2013-01-02,598.0,602.8419799804688,594.5419921875,600.7999877929688,597.7506103515625,5934790,0.0,0.0,0.0
2013-01-03,601.4000244140625,603.2999877929688,599.7000122070312,602.5,599.44189453125,2919822,0.0,0.0,0.0
2013-01-04,602.9000244140625,607.5,601.8599853515625,607.0,603.9193115234375,3321675,0.0,0.0,0.0
2013-01-07,606.9000244140625,607.0029907226562,604.5999755859375,604.9000244140625,601.8297729492188,2616362,0.0,0.0,0.0
2013-01-08,604.4000244140625,607.5999755859375,603.7000122070312,603.7000122070312,600.6357421875,1856624,0.0,0.0,0.0
2013-01-09,605.9000244140625,609.6060180664062,605.2999877929688,608.7999877929688,605.7097778320312,4794446,0.0,0.0,0.0
2013-01-10,608.2999877929688,610.5999755859375,606.0,609.5999755859375,606.5057983398438,9922993,0.0,0.0,0.0
2013-01-11,611.0999755859375,611.5,608.0,611.5,608.3963623046875,3896693,0.0,0.0,0.0
2013-01-14,611.0,612.72802734375,608.0,610.0999755859375,607.0032348632812,3805557,0.0,0.0,0.0
2013-01-15,608.7000122070312,611.0999755859375,607.7000122070312,611.0999755859375,607.9981079101562,7102469,0.0,0.0,0.0
2013-01-16,609.7999877929688,610.0159912109375,605.0,608.9000244140625,605.8092651367188,7215820,0.0,0.0,0.0
2013-01-17,608.5,611.7000122070312,607.2540283203125,611.7000122070312,608.5949096679688,3682157,0.0,0.0,0.0
2013-01-18,612.5999755859375,615.4000244140625,611.9400024414062,613.7000122070312,610.5850219726562,5395604,0.0,0.0,0.0
2013-01-21,615.5,616.4000244140625,614.4000244140625,616.0999755859375,612.97265625,4020731,0.0,0.0,0.0
2013-01-22,615.7000122070312,616.9000244140625,613.0,616.2000122070312,613.072265625,4167225,0.0,0.0,0.0
2013-01-23,620.0,620.0,616.5,618.0,614.8631591796875,4122414,0.0,0.0,0.0
2013-01-24,617.5999755859375,625.0850219726562,616.8670043945312,624.2999877929688,621.1314086914062,8554142,0.0,0.0,0.0
2013-01-25,623.2000122070312,626.5800170898438,622.5999755859375,626.5,623.3199462890625,5043493,0.0,0.0,0.0
2013-01-28,626.2000122070312,629.0499877929688,625.6719970703125,627.2999877929688,624.1160278320312,6998083,0.0,0.0,0.0
2013-01-29,627.7999877929688,632.0850219726562,626.25,631.5,628.2945556640625,3781143,0.0,0.0,0.0
2013-01-30,631.5999755859375,632.8330078125,629.0,629.2999877929688,626.1056518554688,8339211,0.0,0.0,0.0
2013-01-31,628.0999755859375,628.4910278320312,624.7420043945312,625.2999877929688,622.1261596679688,4444334,0.0,0.0,0.0
2013-02-01,626.7999877929688,632.9000244140625,626.7999877929688,632.0999755859375,628.8916015625,5138265,0.0,0.0,0.0
2013-02-04,631.2999877929688,631.5,621.0,622.5999755859375,619.4395751953125,7151448,0.0,0.0,0.0
2013-02-05,623.9000244140625,627.5,622.4000244140625,626.4000244140625,623.2205810546875,6180877,0.0,0.0,0.0
2013-02-06,627.0999755859375,630.0399780273438,624.3410034179688,627.7999877929688,624.6134643554688,7091771,0.0,0.0,0.0
2013-02-07,626.7000122070312,629.2000122070312,619.4869995117188,621.0,617.8479614257812,5460373,0.0,0.0,0.0
2013-02-08,623.9000244140625,626.2130126953125,622.0,624.7999877929688,621.6287841796875,8325224,0.0,0.0,0.0
2013-02-11,624.9000244140625,627.7999877929688,623.5999755859375,626.0999755859375,622.9220581054688,5127296,0.0,0.0,0.0
2013-02-12,625.5,632.0,624.5999755859375,632.0,628.792236328125,5402244,0.0,0.0,0.0
2013-02-13,632.5999755859375,638.5,631.1329956054688,635.7999877929688,632.572998046875,5400525,0.0,0.0,0.0
2013-02-14,635.7000122070312,636.0599975585938,630.0,632.5999755859375,629.3889770507812,5341794,0.0,0.0,0.0
2013-02-15,632.9000244140625,635.0339965820312,630.7999877929688,631.9000244140625,628.6928100585938,5486383,0.0,0.0,0.0
2013-02-18,632.4000244140625,632.5999755859375,630.5,631.5,628.2945556640625,5644288,0.0,0.0,0.0
2013-02-19,630.0999755859375,637.8400268554688,629.8800048828125,636.7999877929688,633.5676879882812,5873211,0.0,0.0,0.0
2013-02-20,634.4000244140625,638.4000244140625,633.968017578125,636.9000244140625,633.6966552734375,5810790,2.98,0.0,0.0
2013-02-21,633.0999755859375,633.35498046875,625.0579833984375,626.5,623.3490600585938,6936601,0.0,0.0,0.0
2013-02-22,628.9000244140625,632.3350219726562,628.7999877929688,631.2000122070312,628.025634765625,4680379,0.0,0.0,0.0
2013-02-25,633.0,636.2999877929688,629.7000122070312,632.4000244140625,629.2194213867188,6925534,0.0,0.0,0.0
2013-02-26,624.0,627.4860229492188,622.7000122070312,624.7000122070312,621.5582275390625,17769420,0.0,0.0,0.0
2013-02-27,626.5999755859375,630.9000244140625,624.2000122070312,630.2000122070312,627.0305786132812,7099043,0.0,0.0,0.0
2013-02-28,633.0999755859375,634.5999755859375,630.5,632.9000244140625,629.7169799804688,5872624,0.0,0.0,0.0
2013-03-01,632.2000122070312,636.2000122070312,627.9450073242188,634.4000244140625,631.2093505859375,6833998,0.0,0.0,0.0
2013-03-04,632.5999755859375,633.2000122070312,630.4000244140625,631.5999755859375,628.42333984375,8146460,0.0,0.0,0.0
2013-03-05,635.0999755859375,640.7000122070312,635.0,640.0999755859375,636.8807983398438,5575869,0.0,0.0,0.0
2013-03-06,642.5999755859375,644.0,639.5,640.4000244140625,637.1792602539062,4496905,0.0,0.0,0.0
2013-03-07,641.5999755859375,643.5999755859375,640.6500244140625,641.7000122070312,638.4729614257812,5457704,0.0,0.0,0.0
2013-03-08,645.0,646.2000122070312,642.4000244140625,645.4000244140625,642.1541748046875,5554698,0.0,0.0,0.0
2013-03-11,645.2000122070312,647.7999877929688,644.8480224609375,647.5,644.2437133789062,6642560,0.0,0.0,0.0
2013-03-12,646.5999755859375,650.4000244140625,646.5,647.5,644.2437133789062,4642743,0.0,0.0,0.0
2013-03-13,646.2000122070312,646.552978515625,641.9000244140625,646.2000122070312,642.9501342773438,4905356,0.0,0.0,0.0
2013-03-14,647.2000122070312,651.5,646.7000122070312,651.0999755859375,647.825439453125,4062869,0.0,0.0,0.0
2013-03-15,651.2999877929688,651.5,646.030029296875,648.0,644.7412109375,10705453,0.0,0.0,0.0
2013-03-18,637.0,646.0659790039062,636.2999877929688,644.4000244140625,641.1591796875,5975550,0.0,0.0,0.0
2013-03-19,643.0999755859375,646.2999877929688,640.2000122070312,642.9000244140625,639.666748046875,3860028,0.0,0.0,0.0
2013-03-20,647.0,647.6329956054688,642.0999755859375,643.4000244140625,640.1640625,4779312,0.0,0.0,0.0
2013-03-21,643.0999755859375,643.0999755859375,636.4000244140625,639.0999755859375,635.8857421875,7597607,0.0,0.0,0.0
2013-03-22,638.4000244140625,642.7999877929688,637.5999755859375,639.2999877929688,636.0848388671875,4503273,0.0,0.0,0.0
2013-03-25,643.0,646.0999755859375,636.9000244140625,638.2999877929688,635.08984375,4791144,0.0,0.0,0.0
2013-03-26,640.2000122070312,640.5999755859375,637.0999755859375,640.0999755859375,636.8807983398438,5790632,0.0,0.0,0.0
2013-03-27,642.2999877929688,642.2999877929688,634.0,639.5,636.2838134765625,6140181,0.0,0.0,0.0
2013-03-28,639.0999755859375,645.3909912109375,638.9000244140625,642.0,638.7710571289062,15777450,0.0,0.0,0.0
2013-04-02,645.0,650.5999755859375,640.7999877929688,649.2999877929688,646.0344848632812,4882506,0.0,0.0,0.0
2013-04-03,647.2999877929688,648.218994140625,642.5,643.0999755859375,639.8657836914062,5899048,0.0,0.0,0.0
2013-04-04,643.0,643.3599853515625,634.9500122070312,635.4000244140625,632.2042846679688,5594666,0.0,0.0,0.0
2013-04-05,635.7000122070312,635.7000122070312,622.6669921875,627.0,623.8464965820312,13253642,0.0,0.0,0.0
2013-04-08,638.0,638.0,627.7000122070312,629.0,625.836669921875,7749359,0.0,0.0,0.0
2013-04-09,632.9000244140625,635.2000122070312,630.781982421875,633.5,630.3139038085938,8571856,0.0,0.0,0.0
2013-04-10,633.7999877929688,642.5,633.7999877929688,640.5,637.2788696289062,9874350,0.0,0.0,0.0
2013-04-11,640.5,643.8270263671875,639.6669921875,642.9000244140625,639.666748046875,5139161,0.0,0.0,0.0
2013-04-12,641.2000122070312,641.7000122070312,638.0,640.2999877929688,637.0796508789062,4449009,0.0,0.0,0.0
2013-04-15,639.0999755859375,639.9920043945312,631.2999877929688,635.5,632.3038330078125,46896260,0.0,0.0,0.0
2013-04-16,632.7000122070312,635.3359985351562,630.927001953125,631.5,628.3239135742188,10050316,0.0,0.0,0.0
2013-04-17,635.2999877929688,635.2999877929688,624.2520141601562,625.9000244140625,622.7521362304688,7305171,0.0,0.0,0.0
2013-04-18,627.7000122070312,629.4000244140625,624.0,625.7000122070312,622.5532836914062,7554293,0.0,0.0,0.0
2013-04-19,628.5,630.2999877929688,625.8599853515625,630.2000122070312,627.0305786132812,5456613,0.0,0.0,0.0
2013-04-22,632.7999877929688,635.7999877929688,627.2000122070312,629.2999877929688,626.135009765625,3635758,0.0,0.0,0.0
2013-04-23,629.9000244140625,641.7000122070312,629.6439819335938,641.7000122070312,638.4729614257812,12057832,0.0,0.0,0.0
2013-04-24,641.7999877929688,645.5850219726562,641.3519897460938,645.0,641.7559814453125,4348980,0.0,0.0,0.0
2013-04-25,644.9000244140625,648.2000122070312,642.9000244140625,645.7999877929688,642.5523681640625,4167190,0.0,0.0,0.0
2013-04-26,644.0999755859375,645.5999755859375,641.4000244140625,644.5,641.258544921875,5300197,0.0,0.0,0.0
2013-04-29,644.7000122070312,648.0,643.7000122070312,648.0,644.7412109375,3284037,0.0,0.0,0.0
2013-04-30,649.5,650.072021484375,643.0850219726562,644.5999755859375,641.3582153320312,5035333,0.0,0.0,0.0
2013-05-01,640.5999755859375,649.5999755859375,640.5999755859375,647.7000122070312,644.4426879882812,7371220,0.0,0.0,0.0
2013-05-02,645.7999877929688,649.9000244140625,643.7999877929688,648.9000244140625,645.6365356445312,8036571,0.0,0.0,0.0
2013-05-03,648.7999877929688,656.875,648.2000122070312,655.0,651.7057495117188,7294055,0.0,0.0,0.0
2013-05-07,656.7000122070312,659.072021484375,654.0,658.2999877929688,654.9893188476562,3142728,0.0,0.0,0.0
2013-05-08,659.4000244140625,662.2990112304688,657.0,661.7000122070312,658.372314453125,2384746,0.0,0.0,0.0
2013-05-09,661.2000122070312,663.343994140625,660.780029296875,663.2000122070312,659.86474609375,8943476,0.0,0.0,0.0
2013-05-10,663.0999755859375,667.0999755859375,662.0,665.4000244140625,662.053466796875,8959678,0.0,0.0,0.0
2013-05-13,665.2000122070312,665.8350219726562,662.9520263671875,665.7000122070312,662.3521118164062,2574583,0.0,0.0,0.0
2013-05-14,667.4000244140625,671.2000122070312,664.35498046875,671.2000122070312,667.8244018554688,3428202,0.0,0.0,0.0
2013-05-15,670.5999755859375,673.7999877929688,670.4439697265625,672.7000122070312,669.316650390625,3967538,0.0,0.0,0.0
2013-05-16,673.2999877929688,674.64501953125,670.7999877929688,671.7000122070312,668.3217163085938,5489296,0.0,0.0,0.0
2013-05-17,672.0,676.1170043945312,670.6680297851562,676.0,672.60009765625,4991304,0.0,0.0,0.0
2013-05-20,676.5,679.0,674.4000244140625,679.0,675.5851440429688,4739866,0.0,0.0,0.0
2013-05-21,677.5,684.0,677.5,683.7000122070312,680.2615966796875,2128763,0.0,0.0,0.0
2013-05-22,683.7000122070312,691.7000122070312,682.2999877929688,687.9000244140625,684.4404907226562,5318532,0.0,0.0,0.0
2013-05-23,676.0,678.6220092773438,668.7000122070312,675.4000244140625,672.0032348632812,17362554,0.0,0.0,0.0
2013-05-24,677.5999755859375,678.0,668.0,669.5999755859375,666.2325439453125,6420376,0.0,0.0,0.0
2013-05-28,675.0999755859375,683.5,675.0999755859375,680.7000122070312,677.2764282226562,4607206,0.0,0.0,0.0
2013-05-29,668.7999877929688,668.7999877929688,659.0,660.0,656.7632446289062,17470956,8.56,0.0,0.0
2013-05-30,659.0999755859375,662.5999755859375,658.2999877929688,662.4000244140625,659.151611328125,4177926,0.0,0.0,0.0
2013-05-31,661.0999755859375,661.2000122070312,654.7999877929688,655.0999755859375,651.8873901367188,4825660,0.0,0.0,0.0
2013-06-03,653.0,655.0289916992188,648.0,650.0999755859375,646.911865234375,3682975,0.0,0.0,0.0
2013-06-04,653.0999755859375,654.7000122070312,650.0,652.9000244140625,649.6982421875,4420933,0.0,0.0,0.0
2013-06-05,648.7000122070312,650.375,637.0,640.0999755859375,636.9609375,5750752,0.0,0.0,0.0
2013-06-06,638.5999755859375,641.4000244140625,630.0,631.9000244140625,628.8013916015625,5240360,0.0,0.0,0.0
2013-06-07,632.0999755859375,640.5349731445312,629.0,639.2999877929688,636.1647338867188,7547090,0.0,0.0,0.0
2013-06-10,637.5999755859375,641.6079711914062,635.0,638.4000244140625,635.269287109375,2945694,0.0,0.0,0.0
2013-06-11,635.9000244140625,635.9970092773438,625.0,632.7999877929688,629.6966552734375,6148602,0.0,0.0,0.0
2013-06-12,631.9000244140625,636.4000244140625,629.5,630.0999755859375,627.0098876953125,2602853,0.0,0.0,0.0
2013-06-13,622.4000244140625,631.2000122070312,620.4450073242188,630.7999877929688,627.7064819335938,7099619,0.0,0.0,0.0
2013-06-14,632.7999877929688,634.5,628.0,631.0,627.9056396484375,3656668,0.0,0.0,0.0
2013-06-17,633.2999877929688,637.2169799804688,630.0,633.5,630.3931884765625,6029260,0.0,0.0,0.0
2013-06-18,632.9000244140625,639.5999755859375,631.4450073242188,637.2999877929688,634.17431640625,6206533,0.0,0.0,0.0
2013-06-19,638.5999755859375,638.5999755859375,632.0,635.7999877929688,632.6821899414062,2430671,0.0,0.0,0.0
2013-06-20,626.0999755859375,628.4849853515625,613.0,616.5999755859375,613.576171875,13843486,0.0,0.0,0.0
2013-06-21,617.7999877929688,624.39697265625,612.4000244140625,612.4000244140625,609.396728515625,7721401,0.0,0.0,0.0
2013-06-24,610.2000122070312,614.155029296875,602.0,603.2000122070312,600.2418823242188,10051832,0.0,0.0,0.0
2013-06-25,608.0,612.0,603.114990234375,610.7000122070312,607.7049560546875,6967290,0.0,0.0,0.0
2013-06-26,611.5,618.4000244140625,609.5,617.2000122070312,614.1732177734375,5740842,0.0,0.0,0.0
2013-06-27,618.4000244140625,627.7999877929688,616.0,625.0,621.9349975585938,6085736,0.0,0.0,0.0
2013-06-28,625.5,627.197021484375,620.7999877929688,622.2000122070312,619.1487426757812,5509512,0.0,0.0,0.0
2013-07-01,628.0999755859375,632.2000122070312,621.9609985351562,631.0999755859375,628.0051879882812,5086576,0.0,0.0,0.0
2013-07-02,631.0999755859375,631.5999755859375,627.0,630.7999877929688,627.7064819335938,3985483,0.0,0.0,0.0
2013-07-03,625.0,625.0,619.0999755859375,624.0,620.9398803710938,6229724,0.0,0.0,0.0
2013-07-04,628.4000244140625,643.7999877929688,626.5269775390625,643.0,639.8466796875,7455002,0.0,0.0,0.0
2013-07-05,643.5,650.5,637.0,637.9000244140625,634.771728515625,8369354,0.0,0.0,0.0
2013-07-08,642.7999877929688,648.0,641.7999877929688,645.2000122070312,642.0357666015625,10317569,0.0,0.0,0.0
2013-07-09,649.5999755859375,653.4000244140625,648.7999877929688,652.0,648.8023681640625,6862223,0.0,0.0,0.0
2013-07-10,651.0,653.7999877929688,646.0,650.5999755859375,647.409423828125,5771488,0.0,0.0,0.0
2013-07-11,657.0999755859375,659.0,652.0,654.5,651.290283203125,5578235,0.0,0.0,0.0
2013-07-12,656.2000122070312,658.1749877929688,653.0,653.5999755859375,650.3945922851562,7886498,0.0,0.0,0.0
2013-07-15,655.9000244140625,659.9000244140625,654.0,657.9000244140625,654.6736450195312,4446555,0.0,0.0,0.0
2013-07-16,659.9000244140625,660.2000122070312,655.0,655.5999755859375,652.3851318359375,7183989,0.0,0.0,0.0
2013-07-17,657.0,659.9000244140625,637.9000244140625,657.5,654.275390625,5051367,0.0,0.0,0.0
2013-07-18,655.9000244140625,665.541015625,655.5999755859375,663.2999877929688,660.0470581054688,4329530,0.0,0.0,0.0
2013-07-19,661.7999877929688,663.7000122070312,659.0,662.9000244140625,659.6489868164062,5362940,0.0,0.0,0.0
2013-07-22,662.7000122070312,664.2000122070312,659.0,662.2999877929688,659.0518798828125,4626571,0.0,0.0,0.0
2013-07-23,664.7999877929688,665.4000244140625,659.2999877929688,659.2999877929688,656.066650390625,5964435,0.0,0.0,0.0
2013-07-24,660.9000244140625,666.0449829101562,657.7999877929688,662.0,658.7536010742188,6489736,0.0,0.0,0.0
2013-07-25,662.0,662.0,653.7000122070312,657.7999877929688,654.5742797851562,4653729,0.0,0.0,0.0
2013-07-26,660.5999755859375,662.3499755859375,652.7999877929688,654.7000122070312,651.4892578125,3233390,0.0,0.0,0.0
2013-07-29,657.0999755859375,660.02197265625,652.0,655.2000122070312,651.9868774414062,3366343,0.0,0.0,0.0
2013-07-30,657.0999755859375,659.4400024414062,655.0,656.2000122070312,652.9818725585938,3116324,0.0,0.0,0.0
2013-07-31,656.4000244140625,665.6710205078125,655.4000244140625,661.2000122070312,657.9574584960938,4875169,0.0,0.0,0.0
2013-08-01,664.4000244140625,667.7000122070312,660.9000244140625,667.7000122070312,664.4254150390625,3005215,0.0,0.0,0.0
2013-08-02,669.5,669.6950073242188,662.0,664.4000244140625,661.1417236328125,6079103,0.0,0.0,0.0
2013-08-05,666.0,668.177978515625,658.8720092773438,662.0,658.7536010742188,3113355,0.0,0.0,0.0
2013-08-06,660.7999877929688,662.7999877929688,655.0,660.2000122070312,656.9623413085938,4950425,0.0,0.0,0.0
2013-08-07,659.4000244140625,664.0999755859375,650.0,652.7999877929688,649.5984497070312,9105711,0.0,0.0,0.0
2013-08-08,653.4000244140625,657.7000122070312,652.2999877929688,654.7999877929688,651.5888671875,7095673,0.0,0.0,0.0
2013-08-09,657.0999755859375,661.9000244140625,654.5079956054688,660.2000122070312,656.9623413085938,6105312,0.0,0.0,0.0
2013-08-12,661.0,661.5,656.0,659.2999877929688,656.066650390625,4546530,0.0,0.0,0.0
2013-08-13,660.4000244140625,664.0999755859375,659.0,663.5,660.2463989257812,3844785,0.0,0.0,0.0
2013-08-14,666.7000122070312,666.8920288085938,662.0,662.7999877929688,659.5494995117188,6555536,0.0,0.0,0.0
2013-08-15,662.2999877929688,662.5,650.0,652.2000122070312,649.00146484375,7016564,0.0,0.0,0.0
2013-08-16,651.7000122070312,653.7999877929688,649.4310302734375,653.0,649.7977294921875,9429755,0.0,0.0,0.0
2013-08-19,653.7999877929688,654.2000122070312,649.552978515625,650.0,646.8124389648438,3501609,0.0,0.0,0.0
2013-08-20,646.0999755859375,649.7000122070312,637.0,649.7000122070312,646.5137939453125,14252364,0.0,0.0,0.0
2013-08-21,649.2000122070312,649.2150268554688,643.0999755859375,643.5,640.3441162109375,5237161,0.0,0.0,0.0
2013-08-22,643.7000122070312,651.4110107421875,643.7000122070312,649.5,646.31494140625,8851861,0.0,0.0,0.0
2013-08-23,648.5,656.14501953125,646.7999877929688,653.7999877929688,650.5936889648438,5002128,0.0,0.0,0.0
2013-08-27,652.0999755859375,653.5999755859375,647.0999755859375,649.2000122070312,646.0162963867188,10221033,0.0,0.0,0.0
2013-08-28,640.5,648.6400146484375,638.9000244140625,642.2000122070312,639.1023559570312,5679234,5.25,0.0,0.0
2013-08-29,646.4000244140625,649.4019775390625,644.7999877929688,647.9000244140625,644.7747802734375,6735769,0.0,0.0,0.0
2013-08-30,649.0,649.2999877929688,640.2000122070312,640.9000244140625,637.8086547851562,3951748,0.0,0.0,0.0
2013-09-02,647.2000122070312,652.5,647.0999755859375,650.2000122070312,647.0633544921875,5154917,0.0,0.0,0.0
2013-09-03,650.7000122070312,651.9080200195312,645.2999877929688,646.5,643.3814697265625,9335315,0.0,0.0,0.0
2013-09-04,647.5999755859375,647.7999877929688,642.4000244140625,647.7999877929688,644.6751708984375,4647430,0.0,0.0,0.0
2013-09-05,649.9000244140625,654.5,646.4000244140625,653.2000122070312,650.0493774414062,7302424,0.0,0.0,0.0
2013-09-06,652.2999877929688,656.802978515625,649.0999755859375,654.5999755859375,651.4424438476562,6279052,0.0,0.0,0.0
2013-09-09,659.7999877929688,659.7999877929688,650.9000244140625,653.0,649.850341796875,4600496,0.0,0.0,0.0
2013-09-10,657.5999755859375,660.030029296875,656.8599853515625,658.7000122070312,655.5228271484375,5824556,0.0,0.0,0.0
2013-09-11,659.2999877929688,664.5,656.2999877929688,659.4000244140625,656.2192993164062,6716570,0.0,0.0,0.0
2013-09-12,658.7000122070312,660.9000244140625,656.2000122070312,659.5,656.3189086914062,5315085,0.0,0.0,0.0
2013-09-13,657.7999877929688,659.468017578125,656.3880004882812,658.4000244140625,655.22412109375,3142451,0.0,0.0,0.0
2013-09-16,669.0,669.0,660.9600219726562,662.4000244140625,659.204833984375,7368095,0.0,0.0,0.0
2013-09-17,662.7999877929688,662.7999877929688,657.2000122070312,657.2000122070312,654.030029296875,6683901,0.0,0.0,0.0
2013-09-18,658.5999755859375,658.8720092773438,652.7000122070312,655.2999877929688,652.1390380859375,12763252,0.0,0.0,0.0
2013-09-19,664.0,665.4000244140625,661.2000122070312,661.9000244140625,658.707275390625,6439363,0.0,0.0,0.0
2013-09-20,660.0,662.7999877929688,659.0999755859375,659.7999877929688,656.6174926757812,3619138,0.0,0.0,0.0
2013-09-23,659.7000122070312,661.0999755859375,654.0,655.2999877929688,652.1390380859375,3635780,0.0,0.0,0.0
2013-09-24,655.5,658.4000244140625,654.7000122070312,656.7000122070312,653.5325317382812,4516636,0.0,0.0,0.0
2013-09-25,655.7999877929688,658.7000122070312,652.4000244140625,654.5999755859375,651.4424438476562,4773941,0.0,0.0,0.0
2013-09-26,655.2999877929688,656.7249755859375,652.3809814453125,655.5,652.3380126953125,3984304,0.0,0.0,0.0
2013-09-27,655.7000122070312,655.9500122070312,647.0,650.0,646.8648071289062,6966824,0.0,0.0,0.0
2013-09-30,642.5999755859375,645.375,642.0,644.7000122070312,641.59033203125,6595895,0.0,0.0,0.0
2013-10-01,644.2000122070312,644.927978515625,640.7999877929688,644.5,641.3911743164062,3683796,0.0,0.0,0.0
2013-10-02,641.7000122070312,642.2000122070312,636.8629760742188,642.2000122070312,639.1023559570312,5537612,0.0,0.0,0.0
2013-10-03,642.9000244140625,645.5999755859375,641.9940185546875,642.9000244140625,639.799072265625,2484148,0.0,0.0,0.0
2013-10-04,641.2000122070312,645.2999877929688,640.8599853515625,643.0999755859375,639.998046875,5655437,0.0,0.0,0.0
2013-10-07,641.5,642.2000122070312,637.1090087890625,642.2000122070312,639.1023559570312,3083201,0.0,0.0,0.0
2013-10-08,640.9000244140625,641.3629760742188,634.7999877929688,634.9000244140625,631.8375244140625,8681064,0.0,0.0,0.0
2013-10-09,633.5999755859375,637.2529907226562,630.4000244140625,632.5999755859375,629.5484619140625,5924739,0.0,0.0,0.0
2013-10-10,634.7000122070312,643.5,633.8499755859375,642.2000122070312,639.1023559570312,4989280,0.0,0.0,0.0
2013-10-11,644.9000244140625,647.5999755859375,642.6630249023438,646.7000122070312,643.5804443359375,10721707,0.0,0.0,0.0
2013-10-14,644.9000244140625,649.0999755859375,643.9500122070312,648.5,645.3718872070312,3381923,0.0,0.0,0.0
2013-10-15,652.0,655.1900024414062,651.7999877929688,653.2000122070312,650.0493774414062,3722949,0.0,0.0,0.0
2013-10-16,651.7000122070312,656.4000244140625,648.5,655.4000244140625,652.2384643554688,3391125,0.0,0.0,0.0
2013-10-17,653.4000244140625,655.9000244140625,651.0900268554688,655.9000244140625,652.736328125,5159572,0.0,0.0,0.0
2013-10-18,659.5999755859375,661.0,656.9000244140625,660.5,657.3137817382812,6326657,0.0,0.0,0.0
2013-10-21,661.7999877929688,666.4000244140625,660.2000122070312,664.4000244140625,661.1951904296875,7120339,0.0,0.0,0.0
2013-10-22,664.7000122070312,670.1439819335938,664.2150268554688,667.5999755859375,664.3798217773438,8807452,0.0,0.0,0.0
2013-10-23,666.0,666.5999755859375,664.1300048828125,666.0,662.7874755859375,2178076,0.0,0.0,0.0
2013-10-24,668.0,670.0999755859375,667.0,669.4000244140625,666.1712036132812,3984649,0.0,0.0,0.0
2013-10-25,669.4000244140625,671.6300048828125,668.7000122070312,670.5,667.2659912109375,3286588,0.0,0.0,0.0
2013-10-28,673.5999755859375,673.7000122070312,669.0999755859375,671.5,668.260986328125,3500743,0.0,0.0,0.0
2013-10-29,672.9000244140625,676.5999755859375,672.0,676.5999755859375,673.3361206054688,3075173,0.0,0.0,0.0
2013-10-30,677.5999755859375,680.5,674.969970703125,676.2000122070312,672.9383544921875,5028449,0.0,0.0,0.0
2013-10-31,671.0999755859375,675.0,670.25,671.5999755859375,668.3602905273438,9051479,0.0,0.0,0.0
2013-11-01,669.2999877929688,673.5999755859375,669.2999877929688,671.2000122070312,667.96240234375,3336001,0.0,0.0,0.0
2013-11-04,674.7999877929688,676.2000122070312,673.0999755859375,675.5999755859375,672.3411865234375,4405766,0.0,0.0,0.0
2013-11-05,679.9000244140625,679.9000244140625,668.0780029296875,672.5999755859375,669.3555908203125,3333269,0.0,0.0,0.0
2013-11-06,673.0,678.4550170898438,672.4000244140625,672.9000244140625,669.654296875,2005004,0.0,0.0,0.0
2013-11-07,673.9000244140625,678.9000244140625,667.2000122070312,669.0,665.77294921875,5863140,0.0,0.0,0.0
2013-11-08,665.5,670.6370239257812,662.2999877929688,670.2999877929688,667.0665283203125,4126589,0.0,0.0,0.0
2013-11-11,671.7999877929688,673.3300170898438,669.2999877929688,671.2999877929688,668.0619506835938,4971285,0.0,0.0,0.0
2013-11-12,670.7000122070312,671.9000244140625,668.5999755859375,671.9000244140625,668.6591186523438,4974515,0.0,0.0,0.0
2013-11-13,669.5,669.9949951171875,661.969970703125,663.2999877929688,660.1005249023438,4167390,0.0,0.0,0.0
2013-11-14,670.0,670.1799926757812,664.5280151367188,666.2999877929688,663.0859375,6036258,0.0,0.0,0.0
2013-11-15,667.5999755859375,670.5999755859375,666.60302734375,669.0,665.77294921875,2541875,0.0,0.0,0.0
2013-11-18,667.9000244140625,672.89697265625,667.0,671.7999877929688,668.5595092773438,3449834,0.0,0.0,0.0
2013-11-19,668.9000244140625,670.3920288085938,667.3099975585938,669.4000244140625,666.1712036132812,2843094,0.0,0.0,0.0
2013-11-20,669.0999755859375,671.2000122070312,666.4000244140625,668.5999755859375,665.375,2872868,0.0,0.0,0.0
2013-11-21,666.7000122070312,669.72802734375,664.6300048828125,668.0,664.7779541015625,3606500,0.0,0.0,0.0
2013-11-22,669.2000122070312,671.14501953125,666.5,667.5999755859375,664.3798217773438,2567907,0.0,0.0,0.0
2013-11-25,670.2000122070312,671.5999755859375,669.0,670.0,666.7684326171875,3095285,0.0,0.0,0.0
2013-11-26,668.5999755859375,669.9000244140625,663.7000122070312,663.7000122070312,660.4983520507812,2842487,0.0,0.0,0.0
2013-11-27,660.0,661.6699829101562,655.5999755859375,660.5999755859375,657.4644775390625,3001706,5.15,0.0,0.0
2013-11-28,660.5,663.1699829101562,659.8599853515625,661.2000122070312,658.061767578125,5439923,0.0,0.0,0.0
2013-11-29,660.0999755859375,663.2550048828125,659.7000122070312,659.7000122070312,656.569091796875,2622176,0.0,0.0,0.0
2013-12-02,661.5999755859375,661.9240112304688,654.9329833984375,655.2999877929688,652.189697265625,3858744,0.0,0.0,0.0
2013-12-03,653.5,654.4000244140625,648.5,649.2999877929688,646.2180786132812,7312039,0.0,0.0,0.0
2013-12-04,653.0,653.0,644.5999755859375,647.0999755859375,644.0285034179688,5094609,0.0,0.0,0.0
2013-12-05,645.4000244140625,650.0780029296875,645.0999755859375,646.0,642.9340209960938,6106476,0.0,0.0,0.0
2013-12-06,650.0,651.7999877929688,645.7999877929688,651.0,647.9100341796875,4972250,0.0,0.0,0.0
2013-12-09,648.4000244140625,655.8900146484375,648.4000244140625,651.4000244140625,648.3082885742188,4674466,0.0,0.0,0.0
2013-12-10,650.2999877929688,652.9000244140625,647.5999755859375,648.0999755859375,645.0239868164062,2296985,0.0,0.0,0.0
2013-12-11,647.0999755859375,651.22802734375,646.7000122070312,646.7999877929688,643.7301025390625,2646208,0.0,0.0,0.0
2013-12-12,645.0999755859375,645.5999755859375,639.5999755859375,640.5999755859375,637.5593872070312,4188945,0.0,0.0,0.0
2013-12-13,640.5,642.3469848632812,639.0,639.4000244140625,636.3653564453125,2542003,0.0,0.0,0.0
2013-12-16,638.9000244140625,648.7999877929688,638.2020263671875,647.9000244140625,644.8248291015625,3567803,0.0,0.0,0.0
2013-12-17,645.2000122070312,647.0960083007812,644.2750244140625,644.7000122070312,641.6400756835938,3188419,0.0,0.0,0.0
2013-12-18,647.2999877929688,648.2000122070312,645.2000122070312,645.2000122070312,642.1375732421875,3679420,0.0,0.0,0.0
2013-12-19,650.2000122070312,654.0999755859375,649.9000244140625,654.0999755859375,650.9953002929688,8631435,0.0,0.0,0.0
2013-12-20,657.9000244140625,658.6680297851562,653.6519775390625,655.5,652.388671875,14181862,0.0,0.0,0.0
2013-12-23,658.2000122070312,663.5999755859375,657.5,663.5999755859375,660.4505004882812,3968938,0.0,0.0,0.0
2013-12-24,663.7999877929688,666.8499755859375,663.5999755859375,664.4000244140625,661.2465209960938,1186486,0.0,0.0,0.0
2013-12-27,667.2000122070312,671.1079711914062,667.0159912109375,671.0999755859375,667.9146118164062,2930348,0.0,0.0,0.0
2013-12-30,671.2999877929688,672.4000244140625,667.4000244140625,669.2000122070312,666.0238647460938,2498452,0.0,0.0,0.0
2013-12-31,667.5,671.2630004882812,666.0999755859375,667.0,663.8341674804688,2454499,0.0,0.0,0.0
2014-01-02,671.2999877929688,671.2999877929688,666.125,667.2000122070312,664.032958984375,4452494,0.0,0.0,0.0
2014-01-03,667.0,669.875,665.2999877929688,667.9000244140625,664.72998046875,2185355,0.0,0.0,0.0
2014-01-06,667.4000244140625,670.8140258789062,666.7999877929688,668.5999755859375,665.4266357421875,4312444,0.0,0.0,0.0
2014-01-07,667.9000244140625,672.2999877929688,667.0369873046875,670.9000244140625,667.7156982421875,3849698,0.0,0.0,0.0
2014-01-08,670.0999755859375,670.4000244140625,666.7000122070312,667.2000122070312,664.032958984375,2756314,0.0,0.0,0.0
2014-01-09,668.2999877929688,670.0,660.3800048828125,664.0,660.8485717773438,2937447,0.0,0.0,0.0
2014-01-10,667.2999877929688,672.0250244140625,666.6279907226562,668.5999755859375,665.4266357421875,2975965,0.0,0.0,0.0
2014-01-13,670.2999877929688,671.5999755859375,668.0,670.4000244140625,667.2180786132812,3936873,0.0,0.0,0.0
2014-01-14,665.5,672.2999877929688,664.2999877929688,671.7999877929688,668.6113891601562,3947209,0.0,0.0,0.0
2014-01-15,673.9000244140625,677.7999877929688,673.0070190429688,677.5,674.2842407226562,6631962,0.0,0.0,0.0
2014-01-16,677.5999755859375,678.2999877929688,676.2000122070312,676.7000122070312,673.4880981445312,3816955,0.0,0.0,0.0
2014-01-17,676.4000244140625,679.5,673.9849853515625,678.2000122070312,674.9810791015625,4238209,0.0,0.0,0.0
2014-01-20,678.0,679.2000122070312,676.2999877929688,678.7000122070312,675.4785766601562,4441777,0.0,0.0,0.0
2014-01-21,680.0999755859375,682.0999755859375,677.2999877929688,678.7999877929688,675.578125,4839760,0.0,0.0,0.0
2014-01-22,679.5999755859375,681.9000244140625,677.9000244140625,678.2999877929688,675.0806884765625,8887250,0.0,0.0,0.0
2014-01-23,677.2000122070312,679.2000122070312,671.9000244140625,672.7999877929688,669.6066284179688,7337272,0.0,0.0,0.0
2014-01-24,673.2000122070312,674.0070190429688,661.0,661.9000244140625,658.7584228515625,12301770,0.0,0.0,0.0
2014-01-27,657.7999877929688,658.6300048828125,649.5999755859375,650.5999755859375,647.5121459960938,8760419,0.0,0.0,0.0
2014-01-28,652.4000244140625,654.7119750976562,651.5,653.0999755859375,650.0001831054688,6438221,0.0,0.0,0.0
2014-01-29,656.9000244140625,660.0,644.0,649.7999877929688,646.7158813476562,5418415,0.0,0.0,0.0
2014-01-30,649.0,652.0,646.5999755859375,649.5999755859375,646.5167846679688,5292469,0.0,0.0,0.0
2014-01-31,648.0999755859375,650.5999755859375,638.0,646.9000244140625,643.8297119140625,6002575,0.0,0.0,0.0
2014-02-03,645.7999877929688,649.5,641.5999755859375,641.7999877929688,638.7538452148438,5615491,0.0,0.0,0.0
2014-02-04,639.9000244140625,643.5999755859375,637.0999755859375,641.7999877929688,638.7538452148438,8816809,0.0,0.0,0.0
2014-02-05,640.7999877929688,645.18798828125,639.2000122070312,642.7999877929688,639.7490234375,7761998,0.0,0.0,0.0
2014-02-06,646.4000244140625,653.1439819335938,643.5,652.7000122070312,649.6017456054688,5220177,0.0,0.0,0.0
2014-02-07,654.0999755859375,656.2000122070312,651.5,654.2000122070312,651.0949096679688,4351308,0.0,0.0,0.0
2014-02-10,655.7999877929688,656.0999755859375,652.9000244140625,655.7999877929688,652.6874389648438,5920865,0.0,0.0,0.0
2014-02-11,658.2999877929688,662.9299926757812,657.9420166015625,662.7999877929688,659.654052734375,5084411,0.0,0.0,0.0
2014-02-12,666.2000122070312,667.7999877929688,664.2999877929688,664.2999877929688,661.1469116210938,8109789,0.0,0.0,0.0
2014-02-13,664.0999755859375,664.0999755859375,658.2999877929688,663.0999755859375,659.9526977539062,2880072,0.0,0.0,0.0
2014-02-14,663.0999755859375,664.5999755859375,661.9959716796875,663.4000244140625,660.25146484375,3272200,0.0,0.0,0.0
2014-02-17,664.7000122070312,671.5999755859375,664.1329956054688,670.0999755859375,666.9195556640625,4379789,0.0,0.0,0.0
2014-02-18,671.5999755859375,677.9650268554688,668.6300048828125,677.2999877929688,674.0852661132812,9392102,0.0,0.0,0.0
2014-02-19,677.4000244140625,679.5999755859375,674.4000244140625,678.0999755859375,674.8815307617188,6593446,0.0,0.0,0.0
2014-02-20,673.0,679.5,671.5999755859375,678.4000244140625,675.1804809570312,7309300,0.0,0.0,0.0
2014-02-21,683.4000244140625,684.5,680.0,682.0999755859375,678.8624267578125,6693962,0.0,0.0,0.0
2014-02-24,681.4000244140625,684.9000244140625,677.635986328125,684.9000244140625,681.6492919921875,5311315,0.0,0.0,0.0
2014-02-25,683.4000244140625,687.7999877929688,677.5,687.7999877929688,684.5355224609375,21568914,0.0,0.0,0.0
2014-02-26,679.0,683.0999755859375,675.260009765625,676.7999877929688,673.6124267578125,8381241,2.53,0.0,0.0
2014-02-27,675.5999755859375,677.9000244140625,670.0,677.0,673.8113403320312,4681679,0.0,0.0,0.0
2014-02-28,679.2999877929688,679.2999877929688,674.7000122070312,677.5,674.30908203125,4602766,0.0,0.0,0.0
2014-03-03,669.9000244140625,670.9000244140625,663.68798828125,667.2999877929688,664.1571655273438,9284072,0.0,0.0,0.0
2014-03-04,671.5999755859375,678.0120239257812,671.5999755859375,677.0,673.8113403320312,19552962,0.0,0.0,0.0
2014-03-05,676.7000122070312,677.7999877929688,673.2000122070312,674.0,670.8255615234375,3345789,0.0,0.0,0.0
2014-03-06,677.0,677.0380249023438,673.322021484375,674.7999877929688,671.6220703125,4670531,0.0,0.0,0.0
2014-03-07,675.4000244140625,676.5,667.2999877929688,668.2000122070312,665.052978515625,6544949,0.0,0.0,0.0
2014-03-10,667.4000244140625,672.2000122070312,663.8980102539062,664.7000122070312,661.5693969726562,4849310,0.0,0.0,0.0
2014-03-11,667.0999755859375,668.2999877929688,662.5999755859375,665.0999755859375,661.9674072265625,4640952,0.0,0.0,0.0
2014-03-12,662.9000244140625,664.1500244140625,658.4000244140625,661.2000122070312,658.0859375,8442889,0.0,0.0,0.0
2014-03-13,662.0,662.0999755859375,654.2000122070312,654.5999755859375,651.5169677734375,4118358,0.0,0.0,0.0
2014-03-14,650.0999755859375,654.9760131835938,649.2999877929688,651.7000122070312,648.6307983398438,10987885,0.0,0.0,0.0
2014-03-17,652.2000122070312,658.5999755859375,651.8880004882812,656.2999877929688,653.2088012695312,4476431,0.0,0.0,0.0
2014-03-18,655.7000122070312,665.0,652.5999755859375,659.2000122070312,656.0953979492188,6990161,0.0,0.0,0.0
2014-03-19,659.9000244140625,660.3090209960938,654.9000244140625,656.0,652.9105834960938,12862854,0.0,0.0,0.0
2014-03-20,653.0,653.9000244140625,647.7999877929688,653.2000122070312,650.123779296875,10931397,0.0,0.0,0.0
2014-03-21,654.2000122070312,655.7000122070312,648.6810302734375,654.2999877929688,651.2183837890625,17062216,0.0,0.0,0.0
2014-03-24,655.0999755859375,655.2999877929688,649.1630249023438,650.2000122070312,647.137451171875,5724682,0.0,0.0,0.0
2014-03-25,652.2999877929688,658.7999877929688,652.2999877929688,658.7999877929688,655.6973876953125,5222459,0.0,0.0,0.0
2014-03-26,658.2999877929688,663.2999877929688,658.1619873046875,659.4000244140625,656.29443359375,11255054,0.0,0.0,0.0
2014-03-27,656.2000122070312,659.6799926757812,654.7999877929688,657.9000244140625,654.8014526367188,7319554,0.0,0.0,0.0
2014-03-28,659.4000244140625,661.9000244140625,657.375,660.4000244140625,657.289794921875,3556993,0.0,0.0,0.0
2014-03-31,661.5999755859375,664.7999877929688,657.2999877929688,659.5,656.3939819335938,3666080,0.0,0.0,0.0
2014-04-01,662.0,665.0,660.2999877929688,664.0,660.8728637695312,4297667,0.0,0.0,0.0
2014-04-02,663.9000244140625,666.5,663.3629760742188,665.0,661.8681640625,5072819,0.0,0.0,0.0
2014-04-03,666.0999755859375,667.125,662.7000122070312,663.7999877929688,660.6734008789062,7428355,0.0,0.0,0.0
2014-04-04,665.4000244140625,669.2999877929688,665.4000244140625,668.5999755859375,665.4511108398438,3606086,0.0,0.0,0.0
2014-04-07,664.4000244140625,666.4000244140625,660.2999877929688,661.5,658.3843994140625,5834914,0.0,0.0,0.0
2014-04-08,659.7999877929688,661.3699951171875,653.9719848632812,658.2000122070312,655.10009765625,5154129,0.0,0.0,0.0
2014-04-09,659.4000244140625,664.4000244140625,659.2000122070312,662.2000122070312,659.0813598632812,6182468,0.0,0.0,0.0
2014-04-10,665.0,667.47802734375,661.072021484375,663.4000244140625,660.2757568359375,5219654,0.0,0.0,0.0
2014-04-11,658.0999755859375,659.06298828125,653.2329711914062,655.4000244140625,652.3131103515625,23589566,0.0,0.0,0.0
2014-04-14,652.9000244140625,657.7000122070312,650.0880126953125,657.7000122070312,654.6026000976562,5086254,0.0,0.0,0.0
2014-04-15,657.2999877929688,658.9000244140625,652.9000244140625,653.5999755859375,650.5216064453125,12649235,0.0,0.0,0.0
2014-04-16,658.4000244140625,659.5,655.0999755859375,658.5,655.3984985351562,4014216,0.0,0.0,0.0
2014-04-17,658.2999877929688,663.530029296875,655.5999755859375,662.2999877929688,659.1805419921875,3854949,0.0,0.0,0.0
2014-04-22,665.5,671.5,665.4580078125,668.5999755859375,665.4511108398438,5796324,0.0,0.0,0.0
2014-04-23,669.7999877929688,670.1329956054688,667.0,668.0,664.8539428710938,3156182,0.0,0.0,0.0
2014-04-24,670.2000122070312,673.0,666.7999877929688,670.5,667.3423461914062,6284319,0.0,0.0,0.0
2014-04-25,669.2999877929688,670.1719970703125,666.197021484375,669.5,666.3468017578125,5541008,0.0,0.0,0.0
2014-04-28,671.5999755859375,672.5,669.0999755859375,670.0,666.8446655273438,10602503,0.0,0.0,0.0
2014-04-29,672.2000122070312,677.9000244140625,672.1500244140625,677.9000244140625,674.7073364257812,9041275,0.0,0.0,0.0
2014-04-30,677.2999877929688,680.7000122070312,676.0999755859375,679.2999877929688,676.1007690429688,4430267,0.0,0.0,0.0
2014-05-01,680.5999755859375,682.7000122070312,680.0,681.7000122070312,678.4893798828125,3695695,0.0,0.0,0.0
2014-05-02,682.2000122070312,684.7000122070312,680.7000122070312,682.5999755859375,679.3851318359375,6329609,0.0,0.0,0.0
2014-05-06,682.9000244140625,683.52001953125,679.0999755859375,680.5,677.2949829101562,4595474,0.0,0.0,0.0
2014-05-07,678.5,681.4000244140625,678.0,680.7999877929688,677.5936279296875,6152030,0.0,0.0,0.0
2014-05-08,682.2999877929688,685.4000244140625,681.5999755859375,685.4000244140625,682.1719360351562,6092353,0.0,0.0,0.0
2014-05-09,684.2000122070312,684.833984375,681.7000122070312,683.0999755859375,679.8825073242188,4360999,0.0,0.0,0.0
2014-05-12,684.0999755859375,686.7000122070312,683.5,686.5,683.266845703125,3821677,0.0,0.0,0.0
2014-05-13,688.0999755859375,689.2000122070312,686.0999755859375,689.2000122070312,685.9542846679688,4192962,0.0,0.0,0.0
2014-05-14,689.2999877929688,690.7080078125,688.2999877929688,690.7000122070312,687.44677734375,5285639,0.0,0.0,0.0
2014-05-15,690.7999877929688,692.260009765625,684.7999877929688,687.0999755859375,683.8638916015625,6711377,0.0,0.0,0.0
2014-05-16,687.5,688.2000122070312,683.8599853515625,688.0,684.7596435546875,10838443,0.0,0.0,0.0
2014-05-19,685.7000122070312,687.9000244140625,683.0999755859375,686.9000244140625,683.664794921875,4314194,0.0,0.0,0.0
2014-05-20,686.7000122070312,687.364013671875,682.2000122070312,682.5999755859375,679.3851318359375,3124335,0.0,0.0,0.0
2014-05-21,674.9000244140625,678.7000122070312,673.75,677.7999877929688,674.6826171875,5063601,7.59,0.0,0.0
2014-05-22,680.0,680.2999877929688,676.6220092773438,677.9000244140625,674.7822875976562,3899434,0.0,0.0,0.0
2014-05-23,677.4000244140625,677.8359985351562,675.2680053710938,677.0999755859375,673.9860229492188,2803356,0.0,0.0,0.0
2014-05-27,680.2000122070312,681.4000244140625,678.5,680.2000122070312,677.0715942382812,9440610,0.0,0.0,0.0
2014-05-28,680.2000122070312,681.4000244140625,678.7999877929688,680.7000122070312,677.5694580078125,4767383,0.0,0.0,0.0
2014-05-29,680.7000122070312,684.0,680.7000122070312,683.0,679.8589477539062,2450698,0.0,0.0,0.0
2014-05-30,681.5999755859375,683.2999877929688,678.9000244140625,679.7999877929688,676.6734619140625,3079900,0.0,0.0,0.0
2014-06-02,682.2000122070312,683.2999877929688,680.4000244140625,682.2000122070312,679.0625610351562,2136186,0.0,0.0,0.0
2014-06-03,681.2000122070312,681.2999877929688,677.2999877929688,680.4000244140625,677.270751953125,9773989,0.0,0.0,0.0
2014-06-04,679.4000244140625,681.7360229492188,676.5,678.7999877929688,675.6781005859375,4854414,0.0,0.0,0.0
2014-06-05,675.0,681.2999877929688,675.0,677.7000122070312,674.5831909179688,5061528,0.0,0.0,0.0
2014-06-06,679.2999877929688,683.2000122070312,678.3369750976562,682.0999755859375,678.9629516601562,3587498,0.0,0.0,0.0
2014-06-09,683.2999877929688,684.4000244140625,682.5,683.7999877929688,680.6550903320312,1674893,0.0,0.0,0.0
2014-06-10,678.7000122070312,684.0,678.7000122070312,684.0,680.8541259765625,2840257,0.0,0.0,0.0
2014-06-11,684.2999877929688,684.4000244140625,680.0999755859375,681.4000244140625,678.2662353515625,4156000,0.0,0.0,0.0
2014-06-12,681.7999877929688,683.0999755859375,680.3150024414062,682.2999877929688,679.1621704101562,2975704,0.0,0.0,0.0
2014-06-13,680.0999755859375,680.4000244140625,673.7999877929688,675.7999877929688,672.692138671875,5294793,0.0,0.0,0.0
2014-06-16,674.0,675.9000244140625,672.5999755859375,673.5,670.4027099609375,3722041,0.0,0.0,0.0
2014-06-17,674.2999877929688,675.5999755859375,671.9000244140625,675.2999877929688,672.1942749023438,4395836,0.0,0.0,0.0
2014-06-18,676.7999877929688,678.2999877929688,676.2000122070312,676.5,673.3885498046875,3482073,0.0,0.0,0.0
2014-06-19,681.5,682.7000122070312,679.4000244140625,679.7000122070312,676.5738525390625,3049402,0.0,0.0,0.0
2014-06-20,678.7999877929688,682.5999755859375,678.7999877929688,680.9000244140625,677.768310546875,4843682,0.0,0.0,0.0
2014-06-23,681.5999755859375,681.5999755859375,677.0,678.7000122070312,675.5785522460938,2955002,0.0,0.0,0.0
2014-06-24,679.0999755859375,680.9000244140625,676.2000122070312,676.7999877929688,673.6873168945312,3736016,0.0,0.0,0.0
2014-06-25,674.0,675.0,670.3679809570312,670.9000244140625,667.8145751953125,5780953,0.0,0.0,0.0
2014-06-26,673.2000122070312,673.6849975585938,668.2999877929688,671.2999877929688,668.2127075195312,3366506,0.0,0.0,0.0
2014-06-27,672.9000244140625,675.0,672.0,674.0999755859375,670.99951171875,4122793,0.0,0.0,0.0
2014-06-30,674.5999755859375,676.2000122070312,671.0,672.7999877929688,669.7056274414062,2483432,0.0,0.0,0.0
2014-07-01,674.0,678.5900268554688,673.7449951171875,678.2000122070312,675.0811157226562,5298469,0.0,0.0,0.0
2014-07-02,677.7999877929688,680.9000244140625,677.7520141601562,679.4000244140625,676.2754516601562,3247951,0.0,0.0,0.0
2014-07-03,679.7000122070312,684.0,679.2000122070312,684.0,680.8541259765625,2629891,0.0,0.0,0.0
2014-07-04,684.2000122070312,684.9000244140625,682.9000244140625,684.5,681.3521728515625,2562735,0.0,0.0,0.0
2014-07-07,681.0999755859375,684.2999877929688,679.2999877929688,679.7000122070312,676.5738525390625,3061233,0.0,0.0,0.0
2014-07-08,681.0,681.0,671.7999877929688,671.7999877929688,668.7103881835938,4341912,0.0,0.0,0.0
2014-07-09,672.0,672.0,667.5999755859375,669.5,666.4209594726562,4031218,0.0,0.0,0.0
2014-07-10,670.2000122070312,670.2000122070312,662.5,665.2000122070312,662.1405639648438,5671547,0.0,0.0,0.0
2014-07-11,666.5,667.2999877929688,664.0999755859375,666.5,663.4349365234375,5758053,0.0,0.0,0.0
2014-07-14,669.0,673.9000244140625,668.39599609375,672.5,669.4071044921875,2729931,0.0,0.0,0.0
2014-07-15,671.4000244140625,674.2000122070312,668.5659790039062,668.7999877929688,665.7241821289062,3873119,0.0,0.0,0.0
2014-07-16,670.2000122070312,676.5679931640625,670.2000122070312,675.7999877929688,672.692138671875,4819821,0.0,0.0,0.0
2014-07-17,673.7999877929688,674.8889770507812,670.1719970703125,671.2999877929688,668.2127075195312,3892361,0.0,0.0,0.0
2014-07-18,668.5,672.3380126953125,666.4000244140625,672.2000122070312,669.1085815429688,4385884,0.0,0.0,0.0
2014-07-21,672.4000244140625,672.7999877929688,668.7999877929688,670.0,666.9188842773438,2901726,0.0,0.0,0.0
2014-07-22,673.0,677.2000122070312,672.4639892578125,676.5999755859375,673.4880981445312,2491704,0.0,0.0,0.0
2014-07-23,675.0999755859375,679.5670166015625,674.8330078125,677.4000244140625,674.2846069335938,3054199,0.0,0.0,0.0
2014-07-24,677.7999877929688,679.9000244140625,674.2999877929688,679.9000244140625,676.7732543945312,2801525,0.0,0.0,0.0
2014-07-25,678.2000122070312,681.0079956054688,675.9000244140625,677.2000122070312,674.0855712890625,5735266,0.0,0.0,0.0
2014-07-28,678.0,678.9000244140625,674.2000122070312,676.7999877929688,673.6873168945312,4380963,0.0,0.0,0.0
2014-07-29,677.5999755859375,680.927978515625,675.9000244140625,678.0999755859375,674.9813842773438,2353190,0.0,0.0,0.0
2014-07-30,678.2999877929688,679.2000122070312,673.5999755859375,675.2999877929688,672.1942749023438,2237701,0.0,0.0,0.0
2014-07-31,676.9000244140625,677.2319946289062,669.531982421875,670.7999877929688,667.7149047851562,8416969,0.0,0.0,0.0
2014-08-01,669.7999877929688,670.3040161132812,660.7999877929688,666.5999755859375,663.5343627929688,5598185,0.0,0.0,0.0
2014-08-04,670.0,670.0,665.2999877929688,665.7000122070312,662.6385498046875,2587423,0.0,0.0,0.0
2014-08-05,668.2999877929688,669.5999755859375,665.0999755859375,666.2999877929688,663.2354736328125,1473264,0.0,0.0,0.0
2014-08-06,664.5999755859375,664.7000122070312,658.2839965820312,663.5999755859375,660.548095703125,3139631,0.0,0.0,0.0
2014-08-07,663.0,664.2999877929688,658.6680297851562,659.5999755859375,656.5665893554688,3428385,0.0,0.0,0.0
2014-08-08,656.0999755859375,657.9000244140625,652.4639892578125,656.2999877929688,653.2813720703125,5116854,0.0,0.0,0.0
2014-08-11,660.0,663.5999755859375,659.0650024414062,662.5999755859375,659.552734375,3775804,0.0,0.0,0.0
2014-08-12,663.9000244140625,663.9000244140625,660.4000244140625,662.7000122070312,659.65234375,4400879,0.0,0.0,0.0
2014-08-13,664.9000244140625,667.9000244140625,664.2000122070312,666.9000244140625,663.8329467773438,4139170,0.0,0.0,0.0
2014-08-14,666.2999877929688,670.9000244140625,665.4320068359375,669.7000122070312,666.6199951171875,3650152,0.0,0.0,0.0
2014-08-15,671.0,675.7000122070312,669.4000244140625,669.7999877929688,666.7195434570312,3936619,0.0,0.0,0.0
2014-08-18,673.7999877929688,676.0,673.2000122070312,675.5999755859375,672.4929809570312,2374666,0.0,0.0,0.0
2014-08-19,677.2999877929688,679.9199829101562,676.8920288085938,679.4000244140625,676.2754516601562,3349030,0.0,0.0,0.0
2014-08-20,674.2999877929688,674.6099853515625,670.947998046875,672.5,669.4588012695312,2386333,5.23,0.0,0.0
2014-08-21,673.0999755859375,675.2000122070312,672.2000122070312,674.9000244140625,671.8475952148438,1808184,0.0,0.0,0.0
2014-08-22,675.0999755859375,675.5,671.864013671875,674.4000244140625,671.3500366210938,1623664,0.0,0.0,0.0
2014-08-26,679.2999877929688,679.5999755859375,675.4000244140625,679.0,675.9293212890625,3961728,0.0,0.0,0.0
2014-08-27,678.9000244140625,680.4400024414062,678.5,680.2999877929688,677.2232055664062,5487336,0.0,0.0,0.0
2014-08-28,679.9000244140625,680.9199829101562,676.8159790039062,677.7999877929688,674.7346801757812,4666042,0.0,0.0,0.0
2014-08-29,678.5999755859375,680.1160278320312,674.9000244140625,679.2999877929688,676.2279663085938,50021100,0.0,0.0,0.0
2014-09-01,678.0,679.7999877929688,676.8610229492188,679.7999877929688,676.7255859375,6916081,0.0,0.0,0.0
2014-09-02,681.2000122070312,682.1500244140625,678.4000244140625,679.7000122070312,676.6259765625,3551685,0.0,0.0,0.0
2014-09-03,681.4000244140625,687.18798828125,681.4000244140625,684.0,680.90673828125,14078251,0.0,0.0,0.0
2014-09-04,684.7999877929688,687.5999755859375,684.0120239257812,684.9000244140625,681.802734375,4085003,0.0,0.0,0.0
2014-09-05,685.2999877929688,685.2999877929688,680.0,682.4000244140625,679.31396484375,4129571,0.0,0.0,0.0
2014-09-08,680.2999877929688,681.0,674.5,681.0,677.9202270507812,9711408,0.0,0.0,0.0
2014-09-09,680.0,681.7000122070312,678.4320068359375,680.2999877929688,677.2232055664062,3320927,0.0,0.0,0.0
2014-09-10,679.7999877929688,682.2000122070312,677.5999755859375,680.5999755859375,677.5220947265625,3104585,0.0,0.0,0.0
2014-09-11,682.5999755859375,683.0999755859375,673.7360229492188,677.2999877929688,674.237060546875,3359730,0.0,0.0,0.0
2014-09-12,678.5999755859375,679.2999877929688,677.2999877929688,677.5999755859375,674.5355224609375,6476747,0.0,0.0,0.0
2014-09-15,676.4000244140625,678.5999755859375,675.0,678.0,674.9337158203125,2205438,0.0,0.0,0.0
2014-09-16,677.7999877929688,677.9600219726562,672.2999877929688,676.2000122070312,673.1422729492188,4364882,0.0,0.0,0.0
2014-09-17,678.5999755859375,679.0999755859375,675.4000244140625,675.4000244140625,672.3455200195312,2790821,0.0,0.0,0.0
2014-09-18,676.2000122070312,679.7000122070312,674.4000244140625,679.0999755859375,676.0288696289062,3158643,0.0,0.0,0.0
2014-09-19,685.2000122070312,686.5859985351562,680.7000122070312,680.7000122070312,677.6217651367188,14534199,0.0,0.0,0.0
2014-09-22,676.7999877929688,678.1539916992188,674.5,675.4000244140625,672.3455200195312,4153119,0.0,0.0,0.0
2014-09-23,674.5,674.7589721679688,662.5999755859375,665.5999755859375,662.5899658203125,9051740,0.0,0.0,0.0
2014-09-24,665.0,668.7999877929688,663.2999877929688,668.7999877929688,665.7752685546875,4261236,0.0,0.0,0.0
2014-09-25,668.2999877929688,670.6389770507812,659.97998046875,661.7000122070312,658.7075805664062,5284353,0.0,0.0,0.0
2014-09-26,661.0999755859375,664.2000122070312,659.0999755859375,663.0,660.0015869140625,4164283,0.0,0.0,0.0
2014-09-29,662.0999755859375,663.2000122070312,658.739013671875,662.5999755859375,659.6035766601562,5537163,0.0,0.0,0.0
2014-09-30,663.2999877929688,663.7999877929688,658.22802734375,660.5,657.5127563476562,2788371,0.0,0.0,0.0
2014-10-01,659.5,659.5,651.5999755859375,653.0999755859375,650.1464233398438,5316878,0.0,0.0,0.0
2014-10-02,653.0999755859375,653.6329956054688,642.0999755859375,642.0999755859375,639.1961059570312,5118749,0.0,0.0,0.0
2014-10-03,646.4000244140625,652.2999877929688,646.0,651.0,648.0557250976562,4994454,0.0,0.0,0.0
2014-10-06,655.75,665.4970092773438,651.25,654.75,651.7890014648438,3273625,0.0,0.0,0.0
2014-10-07,653.2999877929688,653.5999755859375,647.2999877929688,647.2999877929688,644.3727416992188,2276028,0.0,0.0,0.0
2014-10-08,646.0999755859375,648.2999877929688,643.4000244140625,646.2999877929688,643.377197265625,5653179,0.0,0.0,0.0
2014-10-09,651.9000244140625,652.5999755859375,640.5,640.7999877929688,637.9019775390625,4622570,0.0,0.0,0.0
2014-10-10,637.2000122070312,650.6640014648438,630.7949829101562,631.9000244140625,629.0423583984375,6245878,0.0,0.0,0.0
2014-10-13,625.7000122070312,636.5,625.7000122070312,634.5999755859375,631.7299194335938,5520143,0.0,0.0,0.0
2014-10-14,631.5999755859375,638.0,628.4559936523438,637.2000122070312,634.3184814453125,4644782,0.0,0.0,0.0
2014-10-15,634.9000244140625,634.9000244140625,618.5999755859375,618.7000122070312,615.9019165039062,9994606,0.0,0.0,0.0
2014-10-16,624.2000122070312,626.083984375,605.2999877929688,618.2000122070312,615.404052734375,15799659,0.0,0.0,0.0
2014-10-17,619.2000122070312,629.5999755859375,616.9000244140625,629.2000122070312,626.3543701171875,11432879,0.0,0.0,0.0
2014-10-20,628.7999877929688,630.4000244140625,622.2999877929688,624.9000244140625,622.0740966796875,8471073,0.0,0.0,0.0
2014-10-21,623.5999755859375,636.239990234375,621.4000244140625,636.0999755859375,633.2234497070312,8833162,0.0,0.0,0.0
2014-10-22,635.5,638.9000244140625,632.7000122070312,638.7999877929688,635.9110717773438,4888752,0.0,0.0,0.0
2014-10-23,636.7000122070312,642.4000244140625,630.7999877929688,641.0999755859375,638.200439453125,5275509,0.0,0.0,0.0
2014-10-24,638.2000122070312,640.1229858398438,636.4000244140625,638.0999755859375,635.214111328125,3120054,0.0,0.0,0.0
2014-10-27,644.0999755859375,644.0999755859375,633.2440185546875,635.9000244140625,633.0241088867188,5495484,0.0,0.0,0.0
2014-10-28,639.2000122070312,640.5,636.7000122070312,639.4000244140625,636.5084228515625,3124661,0.0,0.0,0.0
2014-10-29,641.2999877929688,646.2000122070312,641.0,644.2000122070312,641.28662109375,4162495,0.0,0.0,0.0
2014-10-30,646.7000122070312,646.9000244140625,636.7000122070312,645.2000122070312,642.2822875976562,4443724,0.0,0.0,0.0
2014-10-31,652.5999755859375,654.2219848632812,649.5780029296875,653.7000122070312,650.743896484375,5971628,0.0,0.0,0.0
2014-11-03,651.5,654.2639770507812,646.5999755859375,647.5,644.57177734375,4562770,0.0,0.0,0.0
2014-11-04,646.2999877929688,650.3800048828125,643.4000244140625,644.2000122070312,641.28662109375,4286576,0.0,0.0,0.0
2014-11-05,648.2000122070312,652.5999755859375,646.5999755859375,652.4000244140625,649.44970703125,4755112,0.0,0.0,0.0
2014-11-06,650.0999755859375,664.9000244140625,649.8809814453125,654.9000244140625,651.9381713867188,4900851,0.0,0.0,0.0
2014-11-07,657.0,660.2999877929688,654.7509765625,656.0999755859375,653.1328125,4062855,0.0,0.0,0.0
2014-11-10,657.2000122070312,660.5,654.1799926757812,660.5,657.5127563476562,2944468,0.0,0.0,0.0
2014-11-11,661.7999877929688,662.75,660.0,662.2999877929688,659.3046264648438,3188127,0.0,0.0,0.0
2014-11-12,661.5,662.2000122070312,658.5650024414062,660.7000122070312,657.7119750976562,2517556,0.0,0.0,0.0
2014-11-13,662.2000122070312,665.0,660.0,664.0999755859375,661.0967407226562,5022225,0.0,0.0,0.0
2014-11-14,665.0999755859375,666.4000244140625,661.7440185546875,666.2000122070312,663.187255859375,5657325,0.0,0.0,0.0
2014-11-17,664.0999755859375,669.2219848632812,661.0,668.2000122070312,665.1782836914062,6452783,0.0,0.0,0.0
2014-11-18,669.4000244140625,672.218994140625,668.2999877929688,671.7999877929688,668.7617797851562,6622741,0.0,0.0,0.0
2014-11-19,671.9000244140625,671.9249877929688,668.7999877929688,670.9000244140625,667.8657836914062,2442329,0.0,0.0,0.0
2014-11-20,671.0,671.0,665.5,669.4000244140625,666.372802734375,4720649,0.0,0.0,0.0
2014-11-21,667.5,681.60302734375,667.5,676.2000122070312,673.1422729492188,7587969,0.0,0.0,0.0
2014-11-24,678.9000244140625,678.9000244140625,673.0,674.2000122070312,671.1510009765625,6407365,0.0,0.0,0.0
2014-11-25,665.0,676.2000122070312,665.0,674.2000122070312,671.1510009765625,3626703,0.0,0.0,0.0
2014-11-26,675.4000244140625,677.7999877929688,672.9000244140625,673.7999877929688,670.752685546875,5159451,0.0,0.0,0.0
2014-11-27,668.0,673.3300170898438,665.7000122070312,666.7000122070312,663.7520751953125,4542512,6.85,0.0,0.0
2014-11-28,665.2000122070312,668.0999755859375,661.2559814453125,666.5999755859375,663.6527099609375,4758880,0.0,0.0,0.0
2014-12-01,660.0,662.7000122070312,657.9719848632812,660.0999755859375,657.1817626953125,4206904,0.0,0.0,0.0
2014-12-02,662.4000244140625,669.322021484375,662.4000244140625,669.0,666.0422973632812,7904670,0.0,0.0,0.0
2014-12-03,668.5999755859375,670.2999877929688,665.5,665.5,662.5578002929688,6610104,0.0,0.0,0.0
2014-12-04,666.0,667.5050048828125,661.5999755859375,662.5,659.5709838867188,4812751,0.0,0.0,0.0
2014-12-05,664.7000122070312,669.5,664.7000122070312,668.2999877929688,665.3453979492188,4779004,0.0,0.0,0.0
2014-12-08,667.2000122070312,667.2000122070312,661.5999755859375,661.9000244140625,658.9736328125,3940608,0.0,0.0,0.0
2014-12-09,656.9000244140625,657.7999877929688,647.5,647.5,644.63720703125,6067578,0.0,0.0,0.0
2014-12-10,649.7000122070312,651.0999755859375,644.8060302734375,645.0,642.1483154296875,5164240,0.0,0.0,0.0
2014-12-11,643.4000244140625,646.7000122070312,638.6439819335938,641.0,638.166015625,8359173,0.0,0.0,0.0
2014-12-12,636.5,638.5,624.5,624.7000122070312,621.938232421875,10087649,0.0,0.0,0.0
2014-12-15,622.0,631.2890014648438,612.0,614.0999755859375,611.3848876953125,10801715,0.0,0.0,0.0
2014-12-16,615.7000122070312,628.9000244140625,609.739990234375,628.9000244140625,626.1197509765625,17551405,0.0,0.0,0.0
2014-12-17,620.2999877929688,631.5,619.2000122070312,628.5999755859375,625.8206787109375,10091958,0.0,0.0,0.0
2014-12-18,637.0999755859375,641.7999877929688,631.2999877929688,641.2000122070312,638.3651733398438,13340994,0.0,0.0,0.0
2014-12-19,640.5999755859375,651.4000244140625,640.5999755859375,650.0,647.1260375976562,9492377,0.0,0.0,0.0
2014-12-22,654.5,656.8599853515625,651.0,652.7999877929688,649.9139404296875,6042978,0.0,0.0,0.0
2014-12-23,654.7999877929688,656.5999755859375,652.7999877929688,653.2999877929688,650.4115600585938,3217196,0.0,0.0,0.0
2014-12-24,656.7000122070312,657.5,654.1950073242188,655.9000244140625,653.0001831054688,2482715,0.0,0.0,0.0
2014-12-29,659.9000244140625,659.9000244140625,653.0,657.5,654.59326171875,7765826,0.0,0.0,0.0
2014-12-30,655.4000244140625,655.4019775390625,646.5499877929688,648.7999877929688,645.9315795898438,3911710,0.0,0.0,0.0
2014-12-31,651.2999877929688,652.2000122070312,648.7999877929688,651.9000244140625,649.0177612304688,2175531,0.0,0.0,0.0
2015-01-02,655.0,655.14501953125,645.0999755859375,649.0999755859375,646.22998046875,4013581,0.0,0.0,0.0
2015-01-05,647.9000244140625,651.7000122070312,634.5999755859375,635.7000122070312,632.8895263671875,7687480,0.0,0.0,0.0
2015-01-06,635.9000244140625,639.7000122070312,626.8779907226562,631.0,628.2103271484375,8106276,0.0,0.0,0.0
2015-01-07,638.5,640.072021484375,631.0,636.4000244140625,633.5863647460938,5170557,0.0,0.0,0.0
2015-01-08,643.2999877929688,652.0360107421875,642.0,650.4000244140625,647.5245971679688,8119578,0.0,0.0,0.0
2015-01-09,648.2000122070312,651.0999755859375,641.2000122070312,644.0999755859375,641.2521362304688,7013870,0.0,0.0,0.0
2015-01-12,647.0,648.4509887695312,639.4869995117188,644.4000244140625,641.5510864257812,5869236,0.0,0.0,0.0
2015-01-13,644.0,650.2000122070312,640.7009887695312,648.2999877929688,645.4336547851562,6178237,0.0,0.0,0.0
2015-01-14,637.2000122070312,642.2999877929688,629.5,633.2000122070312,630.4005737304688,10871099,0.0,0.0,0.0
2015-01-15,640.9000244140625,644.2999877929688,624.2000122070312,644.2999877929688,641.4514770507812,10895148,0.0,0.0,0.0
2015-01-16,639.2999877929688,649.7999877929688,638.7000122070312,649.0,646.130615234375,6495408,0.0,0.0,0.0
2015-01-19,651.0,654.2000122070312,649.1079711914062,653.0,650.1129760742188,5831201,0.0,0.0,0.0
2015-01-20,655.0,658.2349853515625,654.0999755859375,656.5,653.5975952148438,5856285,0.0,0.0,0.0
2015-01-21,658.5,667.0999755859375,658.4539794921875,667.0999755859375,664.1505737304688,7751670,0.0,0.0,0.0
2015-01-22,668.7999877929688,675.0,667.0830078125,673.5,670.5226440429688,13158027,0.0,0.0,0.0
2015-01-23,673.7999877929688,678.2540283203125,673.635986328125,677.7999877929688,674.80322265625,13183936,0.0,0.0,0.0
2015-01-26,673.7999877929688,679.7999877929688,673.4000244140625,679.5,676.4956665039062,5525753,0.0,0.0,0.0
2015-01-27,680.0,680.7000122070312,671.5180053710938,675.2000122070312,672.21484375,10368707,0.0,0.0,0.0
2015-01-28,683.9000244140625,683.9000244140625,671.9000244140625,676.5999755859375,673.6085205078125,10393698,0.0,0.0,0.0
2015-01-29,671.7000122070312,675.9000244140625,669.2000122070312,675.5,672.513671875,5591225,0.0,0.0,0.0
2015-01-30,676.7000122070312,678.5999755859375,668.5,668.5,665.5445556640625,4737952,0.0,0.0,0.0
2015-02-02,671.7000122070312,673.9000244140625,667.5,672.5,669.5267333984375,8091563,0.0,0.0,0.0
2015-02-03,675.9000244140625,682.7999877929688,674.9000244140625,681.0,677.9891357421875,8463136,0.0,0.0,0.0
2015-02-04,681.7000122070312,682.5,674.5999755859375,680.5,677.4915771484375,7198922,0.0,0.0,0.0
2015-02-05,676.2000122070312,681.4000244140625,675.1380004882812,680.9000244140625,677.8895874023438,4734596,0.0,0.0,0.0
2015-02-06,679.0999755859375,682.7000122070312,677.5,679.7000122070312,676.6948852539062,30360770,0.0,0.0,0.0
2015-02-09,675.5,679.0999755859375,671.9310302734375,677.9000244140625,674.9028930664062,5597653,0.0,0.0,0.0
2015-02-10,678.5,678.7999877929688,673.4000244140625,677.0,674.0069580078125,5273392,0.0,0.0,0.0
2015-02-11,677.7999877929688,678.9000244140625,672.7999877929688,676.2999877929688,673.3099365234375,3070531,0.0,0.0,0.0
2015-02-12,676.4000244140625,680.7999877929688,676.4000244140625,678.2000122070312,675.2017822265625,4660730,0.0,0.0,0.0
2015-02-13,676.5,683.9000244140625,676.5,682.5999755859375,679.58203125,10694309,0.0,0.0,0.0
2015-02-16,681.5999755859375,682.9450073242188,680.6229858398438,681.4000244140625,678.3875732421875,3314826,0.0,0.0,0.0
2015-02-17,679.2999877929688,685.0999755859375,677.4000244140625,685.0999755859375,682.0709228515625,6359896,0.0,0.0,0.0
2015-02-18,686.5999755859375,687.7000122070312,683.0,684.5999755859375,681.5731811523438,3014786,0.0,0.0,0.0
2015-02-19,683.2999877929688,686.7360229492188,682.2000122070312,685.2999877929688,682.2701416015625,4247530,0.0,0.0,0.0
2015-02-20,684.7000122070312,688.2999877929688,684.5,687.4000244140625,684.3611450195312,3762783,0.0,0.0,0.0
2015-02-23,691.0,691.9000244140625,684.9000244140625,687.2999877929688,684.2612915039062,8473631,0.0,0.0,0.0
2015-02-24,688.0,692.7139892578125,686.4000244140625,691.0,687.94482421875,3928630,0.0,0.0,0.0
2015-02-25,689.0,691.9000244140625,686.9000244140625,689.7000122070312,686.65087890625,4604393,0.0,0.0,0.0
2015-02-26,688.5999755859375,691.5419921875,686.4000244140625,689.0999755859375,686.0741577148438,4328106,2.08,0.0,0.0
2015-02-27,689.0,691.2999877929688,687.4000244140625,688.7000122070312,685.6758422851562,3346317,0.0,0.0,0.0
2015-03-02,689.0,692.0,686.9359741210938,688.2000122070312,685.177978515625,3943826,0.0,0.0,0.0
2015-03-03,690.2000122070312,690.5999755859375,683.5,683.7000122070312,680.6976928710938,5898317,0.0,0.0,0.0
2015-03-04,685.2000122070312,686.7999877929688,680.7999877929688,686.7999877929688,683.7840576171875,5996398,0.0,0.0,0.0
2015-03-05,687.7999877929688,692.5999755859375,686.2999877929688,692.2000122070312,689.1605834960938,6327734,0.0,0.0,0.0
2015-03-06,690.5,691.7160034179688,687.0,687.2999877929688,684.2819213867188,5075082,0.0,0.0,0.0
2015-03-09,684.5,685.2000122070312,681.9879760742188,683.4000244140625,680.3993530273438,4736800,0.0,0.0,0.0
2015-03-10,681.9000244140625,683.0,666.2000122070312,666.2000122070312,663.2745361328125,7324677,0.0,0.0,0.0
2015-03-11,667.5999755859375,670.2000122070312,665.9000244140625,668.5,665.5645751953125,11221376,0.0,0.0,0.0
2015-03-12,671.2000122070312,676.9000244140625,671.166015625,672.7999877929688,669.845703125,4461294,0.0,0.0,0.0
2015-03-13,674.5999755859375,674.5999755859375,668.2999877929688,671.2999877929688,668.3523559570312,3296288,0.0,0.0,0.0
2015-03-16,673.5,684.0,672.9539794921875,677.5,674.5249633789062,5309181,0.0,0.0,0.0
2015-03-17,678.5,681.7999877929688,677.0999755859375,680.4000244140625,677.4122924804688,6275460,0.0,0.0,0.0
2015-03-18,681.0,691.4000244140625,681.0,691.2000122070312,688.1649780273438,6292902,0.0,0.0,0.0
2015-03-19,693.4000244140625,696.0999755859375,690.9000244140625,694.4000244140625,691.3509521484375,5155456,0.0,0.0,0.0
2015-03-20,695.0,701.0,693.9000244140625,700.2000122070312,697.1253662109375,10480986,0.0,0.0,0.0
2015-03-23,700.4000244140625,701.5999755859375,697.2000122070312,701.5999755859375,698.5191040039062,4286881,0.0,0.0,0.0
2015-03-24,700.5,704.5,699.35400390625,700.0,696.9262084960938,6441165,0.0,0.0,0.0
2015-03-25,699.2000122070312,701.5999755859375,696.2999877929688,696.9000244140625,693.8399047851562,4929545,0.0,0.0,0.0
2015-03-26,693.5999755859375,697.9450073242188,686.0,687.4000244140625,684.3818359375,8543780,0.0,0.0,0.0
2015-03-27,689.2000122070312,689.4219970703125,682.0999755859375,683.7999877929688,680.7972412109375,4340686,0.0,0.0,0.0
2015-03-30,688.0,689.7000122070312,684.5999755859375,687.7999877929688,684.7798461914062,6610813,0.0,0.0,0.0
2015-03-31,686.5,689.2999877929688,674.9600219726562,675.7000122070312,672.73291015625,6157848,0.0,0.0,0.0
2015-04-01,675.9000244140625,684.2999877929688,675.1259765625,679.0,676.0184326171875,4697916,0.0,0.0,0.0
2015-04-02,678.2999877929688,683.5999755859375,678.2999877929688,682.5,679.5031127929688,5205104,0.0,0.0,0.0
2015-04-07,686.0999755859375,695.2999877929688,686.0999755859375,694.5999755859375,691.5497436523438,7182604,0.0,0.0,0.0
2015-04-08,699.0,699.7999877929688,691.9000244140625,692.4000244140625,689.3595581054688,6810464,0.0,0.0,0.0
2015-04-09,696.2000122070312,700.7999877929688,694.5,700.5999755859375,697.5234375,5206839,0.0,0.0,0.0
2015-04-10,702.0,709.5,701.5239868164062,708.7999877929688,705.6876220703125,9745108,0.0,0.0,0.0
2015-04-13,707.4000244140625,707.7999877929688,704.0,705.9000244140625,702.8003540039062,3859810,0.0,0.0,0.0
2015-04-14,704.5,708.2000122070312,704.0,706.7999877929688,703.6963500976562,4686725,0.0,0.0,0.0
2015-04-15,706.4000244140625,710.56298828125,705.2319946289062,709.4000244140625,706.28515625,4080323,0.0,0.0,0.0
2015-04-16,711.0999755859375,711.0999755859375,705.5999755859375,705.5999755859375,702.5014038085938,3361608,0.0,0.0,0.0
2015-04-17,706.0999755859375,709.7999877929688,696.0999755859375,698.9000244140625,695.8309326171875,4559755,0.0,0.0,0.0
2015-04-20,700.9000244140625,706.0,700.9000244140625,704.7000122070312,701.60546875,6050306,0.0,0.0,0.0
2015-04-21,706.4000244140625,709.5999755859375,702.4000244140625,705.5999755859375,702.5014038085938,5551055,0.0,0.0,0.0
2015-04-22,707.5999755859375,708.5,698.9000244140625,702.2000122070312,699.1165161132812,4075917,0.0,0.0,0.0
2015-04-23,704.0,706.135986328125,699.7999877929688,705.7000122070312,702.6011352539062,7507978,0.0,0.0,0.0
2015-04-24,707.2999877929688,710.7999877929688,705.9000244140625,707.7999877929688,704.69189453125,4715189,0.0,0.0,0.0
2015-04-27,710.7999877929688,713.0,703.0,710.9000244140625,707.7783203125,5031609,0.0,0.0,0.0
2015-04-28,707.2999877929688,709.2999877929688,699.2999877929688,704.0999755859375,701.0083618164062,5248093,0.0,0.0,0.0
2015-04-29,705.7999877929688,706.7559814453125,695.0,695.0999755859375,692.0476684570312,6485527,0.0,0.0,0.0
2015-04-30,694.5,697.6749877929688,691.2000122070312,697.0999755859375,694.0388793945312,7342189,0.0,0.0,0.0
2015-05-01,696.0,700.031005859375,692.5999755859375,699.2000122070312,696.1296997070312,3115974,0.0,0.0,0.0
2015-05-05,704.2999877929688,705.823974609375,693.4000244140625,693.4000244140625,690.3555297851562,6289179,0.0,0.0,0.0
2015-05-06,693.5999755859375,698.2999877929688,692.2000122070312,694.5,691.4503784179688,6321354,0.0,0.0,0.0
2015-05-07,692.7000122070312,692.7000122070312,682.2449951171875,690.7999877929688,687.7669067382812,10795340,0.0,0.0,0.0
2015-05-08,703.7000122070312,707.0,700.0499877929688,707.0,703.8955078125,12259105,0.0,0.0,0.0
2015-05-11,707.0999755859375,710.5999755859375,704.594970703125,705.2000122070312,702.1035766601562,6982349,0.0,0.0,0.0
2015-05-12,703.2000122070312,703.2000122070312,691.5,696.9000244140625,693.8399047851562,12091705,0.0,0.0,0.0
2015-05-13,700.0,703.4000244140625,696.2999877929688,699.4000244140625,696.3289794921875,7596009,0.0,0.0,0.0
2015-05-14,697.9000244140625,702.7000122070312,693.9000244140625,702.0,698.9172973632812,5663236,0.0,0.0,0.0
2015-05-15,704.0,704.926025390625,697.2999877929688,700.0999755859375,697.025634765625,5223862,0.0,0.0,0.0
2015-05-18,699.7000122070312,705.4000244140625,696.9000244140625,700.2000122070312,697.1253662109375,5980658,0.0,0.0,0.0
2015-05-19,702.0,705.5,701.3779907226562,704.2999877929688,701.2073974609375,10368240,0.0,0.0,0.0
2015-05-20,705.0,707.2999877929688,701.2000122070312,705.7999877929688,702.7007446289062,3808701,0.0,0.0,0.0
2015-05-21,705.0999755859375,708.2999877929688,705.0999755859375,707.4000244140625,704.2939453125,3534418,0.0,0.0,0.0
2015-05-22,709.0,711.9000244140625,708.0999755859375,708.5999755859375,705.4884033203125,4367365,0.0,0.0,0.0
2015-05-26,709.0999755859375,709.4000244140625,698.0999755859375,701.0999755859375,698.0213012695312,6164260,0.0,0.0,0.0
2015-05-27,700.0999755859375,709.7000122070312,700.0999755859375,707.4000244140625,704.2939453125,7306368,0.0,0.0,0.0
2015-05-28,697.7999877929688,708.7630004882812,695.7000122070312,698.9000244140625,695.924072265625,4733954,9.46,0.0,0.0
2015-05-29,698.7000122070312,701.2999877929688,691.7000122070312,693.2999877929688,690.34814453125,5618255,0.0,0.0,0.0
2015-06-01,695.2000122070312,698.7999877929688,689.0999755859375,690.4000244140625,687.4603881835938,5564772,0.0,0.0,0.0
2015-06-02,692.0,694.3400268554688,682.489013671875,687.5,684.5726928710938,7587181,0.0,0.0,0.0
2015-06-03,688.2000122070312,693.9000244140625,685.4000244140625,690.7000122070312,687.7591552734375,6051342,0.0,0.0,0.0
2015-06-04,687.0999755859375,687.5,679.9000244140625,682.0999755859375,679.19580078125,8425724,0.0,0.0,0.0
2015-06-05,679.7000122070312,680.3699951171875,674.6719970703125,676.9000244140625,674.0177001953125,6485666,0.0,0.0,0.0
2015-06-08,676.2999877929688,679.5999755859375,674.0999755859375,674.2999877929688,671.4290161132812,6151846,0.0,0.0,0.0
2015-06-09,674.7999877929688,676.0,669.1799926757812,670.7999877929688,667.9437866210938,5805278,0.0,0.0,0.0
2015-06-10,669.0999755859375,679.9000244140625,668.7999877929688,678.7999877929688,675.90966796875,8038266,0.0,0.0,0.0
2015-06-11,677.2999877929688,683.0999755859375,676.9149780273438,681.2000122070312,678.2993774414062,3212187,0.0,0.0,0.0
2015-06-12,677.9000244140625,679.9000244140625,672.9000244140625,674.7000122070312,671.8272705078125,6732052,0.0,0.0,0.0
2015-06-15,671.4000244140625,673.3319702148438,668.0,668.7000122070312,665.8526611328125,7453607,0.0,0.0,0.0
2015-06-16,667.2000122070312,670.2000122070312,663.5,668.4000244140625,665.553955078125,7163276,0.0,0.0,0.0
2015-06-17,668.9000244140625,670.5,664.2579956054688,665.5,662.6664428710938,5776833,0.0,0.0,0.0
2015-06-18,664.2999877929688,669.2000122070312,660.6209716796875,668.4000244140625,665.553955078125,6639596,0.0,0.0,0.0
2015-06-19,667.2000122070312,674.4000244140625,666.875,670.2000122070312,667.3463134765625,7506788,0.0,0.0,0.0
2015-06-22,676.9000244140625,681.0999755859375,670.8489990234375,680.7999877929688,677.90087890625,5999931,0.0,0.0,0.0
2015-06-23,681.7000122070312,683.9000244140625,680.6099853515625,682.2000122070312,679.2952880859375,4667473,0.0,0.0,0.0
2015-06-24,682.2000122070312,685.5999755859375,681.5150146484375,682.5,679.593994140625,6035938,0.0,0.0,0.0
2015-06-25,680.5999755859375,685.0,678.4000244140625,679.5999755859375,676.7061157226562,4837110,0.0,0.0,0.0
2015-06-26,676.9000244140625,677.9000244140625,671.864990234375,674.2999877929688,671.4290161132812,5466393,0.0,0.0,0.0
2015-06-29,658.2999877929688,668.0999755859375,658.2999877929688,661.0999755859375,658.28515625,9711208,0.0,0.0,0.0
2015-06-30,657.0,659.4879760742188,650.7000122070312,650.7000122070312,647.929443359375,9712333,0.0,0.0,0.0
2015-07-01,656.5999755859375,663.0,654.2000122070312,660.0999755859375,657.2894897460938,13262580,0.0,0.0,0.0
2015-07-02,659.5,664.0,658.9000244140625,662.0999755859375,659.2807006835938,6217670,0.0,0.0,0.0
2015-07-03,661.5999755859375,662.2000122070312,656.5999755859375,658.0,655.1983032226562,7930036,0.0,0.0,0.0
2015-07-06,650.5,656.4000244140625,648.427978515625,652.2999877929688,649.5227661132812,7610544,0.0,0.0,0.0
2015-07-07,654.5,654.5,642.2999877929688,642.5,639.7642211914062,6226067,0.0,0.0,0.0
2015-07-08,643.7000122070312,650.7999877929688,642.5999755859375,648.5,645.7388305664062,6368205,0.0,0.0,0.0
2015-07-09,650.2999877929688,658.5999755859375,649.4000244140625,656.9000244140625,654.1029052734375,5315977,0.0,0.0,0.0
2015-07-10,666.4000244140625,668.0,662.4000244140625,666.7999877929688,663.9607543945312,5448005,0.0,0.0,0.0
2015-07-13,673.0999755859375,673.6500244140625,669.7520141601562,672.9000244140625,670.0349731445312,3857509,0.0,0.0,0.0
2015-07-14,672.5,675.0,670.2999877929688,675.0,672.1257934570312,2802200,0.0,0.0,0.0
2015-07-15,674.4000244140625,676.9000244140625,672.2869873046875,674.0,671.1300659179688,2992521,0.0,0.0,0.0
2015-07-16,676.7999877929688,679.7119750976562,674.47998046875,678.5999755859375,675.71044921875,5103105,0.0,0.0,0.0
2015-07-17,678.5999755859375,679.5,674.1160278320312,676.9000244140625,674.0177001953125,4773519,0.0,0.0,0.0
2015-07-20,677.0999755859375,680.4000244140625,676.2999877929688,678.0999755859375,675.2127685546875,3590046,0.0,0.0,0.0
2015-07-21,678.5,679.0999755859375,674.9000244140625,675.7000122070312,672.8228149414062,3131192,0.0,0.0,0.0
2015-07-22,670.0,671.7999877929688,664.4000244140625,666.0,663.1641845703125,5641203,0.0,0.0,0.0
2015-07-23,670.0,670.5,663.5750122070312,664.7999877929688,661.969482421875,5246970,0.0,0.0,0.0
2015-07-24,664.7000122070312,667.5,656.4650268554688,656.7999877929688,654.0034790039062,9578704,0.0,0.0,0.0
2015-07-27,655.7999877929688,658.2219848632812,646.9000244140625,650.0999755859375,647.3318481445312,4731743,0.0,0.0,0.0
2015-07-28,653.0999755859375,656.4630126953125,651.5999755859375,655.4000244140625,652.6092529296875,5359334,0.0,0.0,0.0
2015-07-29,659.0999755859375,663.0150146484375,657.0,662.5999755859375,659.7786865234375,6075961,0.0,0.0,0.0
2015-07-30,665.5999755859375,669.2000122070312,662.7000122070312,666.5999755859375,663.7614135742188,3482494,0.0,0.0,0.0
2015-07-31,668.4000244140625,670.10400390625,664.2999877929688,668.7000122070312,665.8526611328125,3212746,0.0,0.0,0.0
2015-08-03,668.2000122070312,670.2999877929688,666.0,668.2999877929688,665.454345703125,3116933,0.0,0.0,0.0
2015-08-04,666.7000122070312,670.9000244140625,663.7000122070312,668.2999877929688,665.454345703125,4045073,0.0,0.0,0.0
2015-08-05,669.2000122070312,675.9000244140625,668.2999877929688,674.5,671.6279296875,6181207,0.0,0.0,0.0
2015-08-06,672.5,676.5,671.9000244140625,675.0999755859375,672.2254028320312,3636258,0.0,0.0,0.0
2015-08-07,674.2000122070312,675.7000122070312,671.7999877929688,671.7999877929688,668.9395141601562,2121301,0.0,0.0,0.0
2015-08-10,675.4000244140625,676.0339965820312,665.43798828125,674.2999877929688,671.4290161132812,4619076,0.0,0.0,0.0
2015-08-11,671.2999877929688,672.0,666.0999755859375,666.0999755859375,663.263671875,6514299,0.0,0.0,0.0
2015-08-12,661.0,661.6699829101562,654.0,657.7000122070312,654.8994750976562,7541002,0.0,0.0,0.0
2015-08-13,665.9000244140625,667.2000122070312,659.31298828125,660.7999877929688,657.9863891601562,6519076,0.0,0.0,0.0
2015-08-14,660.5999755859375,664.0,658.2999877929688,659.0999755859375,656.2935180664062,2426047,0.0,0.0,0.0
2015-08-17,662.5,662.5,654.5999755859375,659.0,656.1939697265625,3002079,0.0,0.0,0.0
2015-08-18,658.9000244140625,660.2000122070312,654.4000244140625,656.0,653.2069091796875,6387256,0.0,0.0,0.0
2015-08-19,654.2000122070312,654.4000244140625,643.7000122070312,643.7000122070312,640.9595947265625,5469024,0.0,0.0,0.0
2015-08-20,640.4000244140625,645.0999755859375,640.1680297851562,641.2000122070312,638.4698486328125,7048277,0.0,0.0,0.0
2015-08-21,632.5999755859375,639.1400146484375,623.0999755859375,623.0999755859375,620.4468994140625,15374021,0.0,0.0,0.0
2015-08-24,607.5,622.8499755859375,581.2000122070312,593.2000122070312,590.6740112304688,28291625,0.0,0.0,0.0
2015-08-25,600.5999755859375,615.7999877929688,600.2999877929688,612.5,609.8920288085938,14584637,0.0,0.0,0.0
2015-08-26,605.5999755859375,613.5999755859375,598.9000244140625,601.4000244140625,598.8394165039062,8842513,0.0,0.0,0.0
2015-08-27,612.4000244140625,620.2999877929688,606.4000244140625,619.0999755859375,616.5172119140625,11001602,5.2000003,0.0,0.0
2015-08-28,619.9000244140625,624.5999755859375,614.2000122070312,624.0,621.3967895507812,7276674,0.0,0.0,0.0
2015-09-01,620.0,620.0,601.5999755859375,604.0,601.4801635742188,7006031,0.0,0.0,0.0
2015-09-02,606.2000122070312,615.0999755859375,600.8389892578125,607.0,604.4677124023438,9567439,0.0,0.0,0.0
2015-09-03,614.0,620.7999877929688,613.5050048828125,618.7999877929688,616.2184448242188,5660678,0.0,0.0,0.0
2015-09-04,613.4000244140625,613.4000244140625,603.2000122070312,603.5999755859375,601.0817260742188,9599230,0.0,0.0,0.0
2015-09-07,609.0,611.7000122070312,605.1630249023438,606.7000122070312,604.1690673828125,3446425,0.0,0.0,0.0
2015-09-08,609.5,618.7630004882812,609.5,613.7999877929688,611.2393188476562,3962353,0.0,0.0,0.0
2015-09-09,625.5,628.0,616.1900024414062,622.5,619.903076171875,8056495,0.0,0.0,0.0
2015-09-10,616.5999755859375,625.3499755859375,612.2999877929688,615.7000122070312,613.131591796875,3335541,0.0,0.0,0.0
2015-09-11,616.4000244140625,616.7999877929688,610.8920288085938,611.5999755859375,609.048583984375,3482450,0.0,0.0,0.0
2015-09-14,614.0,618.7999877929688,606.2000122070312,608.4000244140625,605.8618774414062,5550782,0.0,0.0,0.0
2015-09-15,608.2999877929688,615.5,601.5,613.5,610.9405517578125,4102053,0.0,0.0,0.0
2015-09-16,617.2999877929688,624.0999755859375,616.5,622.2999877929688,619.7036743164062,5379030,0.0,0.0,0.0
2015-09-17,623.2000122070312,623.3400268554688,617.7999877929688,618.0999755859375,615.5213623046875,3810498,0.0,0.0,0.0
2015-09-18,616.4000244140625,617.9439697265625,606.2919921875,610.2999877929688,607.7538452148438,7533741,0.0,0.0,0.0
2015-09-21,608.2999877929688,616.5,607.5999755859375,610.2999877929688,607.7538452148438,5301269,0.0,0.0,0.0
2015-09-22,610.4000244140625,610.4000244140625,593.5,593.5,591.0239868164062,9766374,0.0,0.0,0.0
2015-09-23,594.2999877929688,606.2999877929688,592.969970703125,602.7999877929688,600.2852783203125,8919269,0.0,0.0,0.0
2015-09-24,601.7000122070312,605.2999877929688,594.5,595.5999755859375,593.1151123046875,3870163,0.0,0.0,0.0
2015-09-25,605.0999755859375,611.9000244140625,604.0,610.9000244140625,608.3514404296875,5396223,0.0,0.0,0.0
2015-09-28,608.5,609.9000244140625,595.7000122070312,595.7000122070312,593.2149658203125,5083092,0.0,0.0,0.0
2015-09-29,589.5,603.2899780273438,587.7000122070312,590.7000122070312,588.2355346679688,3560807,0.0,0.0,0.0
2015-09-30,600.7000122070312,606.9000244140625,599.9000244140625,606.9000244140625,604.3681640625,5229768,0.0,0.0,0.0
2015-10-01,613.9000244140625,617.0,605.2000122070312,607.2000122070312,604.6668701171875,6343386,0.0,0.0,0.0
2015-10-02,610.4000244140625,617.4000244140625,604.9000244140625,612.4000244140625,609.8450927734375,4756708,0.0,0.0,0.0
2015-10-05,623.9000244140625,629.697998046875,621.2999877929688,629.2999877929688,626.6746215820312,4023266,0.0,0.0,0.0
2015-10-06,630.0,633.9000244140625,625.2000122070312,632.5,629.861328125,3956335,0.0,0.0,0.0
2015-10-07,635.2000122070312,639.22802734375,631.5,633.2000122070312,630.5584106445312,6401285,0.0,0.0,0.0
2015-10-08,632.7000122070312,637.9000244140625,630.0999755859375,637.5999755859375,634.93994140625,3602010,0.0,0.0,0.0
2015-10-09,642.0999755859375,645.1259765625,635.2999877929688,641.2999877929688,638.6246337890625,2648494,0.0,0.0,0.0
2015-10-12,640.4000244140625,640.6619873046875,634.7999877929688,637.2999877929688,634.6412353515625,2039497,0.0,0.0,0.0
2015-10-13,637.7999877929688,637.7999877929688,629.9000244140625,633.9000244140625,631.2554931640625,4215764,0.0,0.0,0.0
2015-10-14,629.5999755859375,631.2000122070312,595.9000244140625,626.5,623.8864135742188,3837386,0.0,0.0,0.0
2015-10-15,631.5,634.52001953125,629.7000122070312,633.2999877929688,630.6580810546875,2833811,0.0,0.0,0.0
2015-10-16,635.9000244140625,639.5,635.2999877929688,638.0,635.33837890625,3385460,0.0,0.0,0.0
2015-10-19,636.7999877929688,640.5,633.2000122070312,634.5999755859375,631.9525146484375,4414133,0.0,0.0,0.0
2015-10-20,635.0,636.2999877929688,631.5,634.5999755859375,631.9525146484375,3830006,0.0,0.0,0.0
2015-10-21,635.5,638.0999755859375,631.0999755859375,634.0999755859375,631.4547729492188,5706599,0.0,0.0,0.0
2015-10-22,632.7000122070312,638.25,632.2000122070312,637.4000244140625,634.7410888671875,5876189,0.0,0.0,0.0
2015-10-23,640.5,648.0999755859375,639.9000244140625,643.4000244140625,640.7158203125,9437525,0.0,0.0,0.0
2015-10-26,642.2999877929688,644.7999877929688,639.9979858398438,641.4000244140625,638.7243041992188,3403611,0.0,0.0,0.0
2015-10-27,640.2999877929688,640.7000122070312,635.4500122070312,635.7000122070312,633.0481567382812,3106950,0.0,0.0,0.0
2015-10-28,635.5999755859375,643.9000244140625,635.0,642.7999877929688,640.1183471679688,4250830,0.0,0.0,0.0
2015-10-29,641.0,641.4000244140625,635.2000122070312,638.7999877929688,636.1350708007812,5895000,0.0,0.0,0.0
2015-10-30,638.9000244140625,640.2999877929688,632.8499755859375,635.5999755859375,632.9485473632812,2874402,0.0,0.0,0.0
2015-11-02,630.7999877929688,637.427978515625,630.6500244140625,635.7000122070312,633.0481567382812,3155866,0.0,0.0,0.0
2015-11-03,637.0999755859375,637.9500122070312,634.2000122070312,637.7999877929688,635.1392211914062,4256146,0.0,0.0,0.0
2015-11-04,640.0,645.1060180664062,639.7999877929688,639.9000244140625,637.2305908203125,4329743,0.0,0.0,0.0
2015-11-05,641.0999755859375,641.6129760742188,635.2000122070312,635.5,632.8486938476562,4192119,0.0,0.0,0.0
2015-11-06,636.7999877929688,638.9000244140625,632.5999755859375,635.0,632.3508911132812,3643657,0.0,0.0,0.0
2015-11-09,636.0,637.5999755859375,628.2999877929688,628.2999877929688,625.678955078125,9012938,0.0,0.0,0.0
2015-11-10,632.2000122070312,632.2000122070312,624.5499877929688,627.4000244140625,624.7825317382812,6099598,0.0,0.0,0.0
2015-11-11,628.7999877929688,632.2000122070312,626.7000122070312,629.2000122070312,626.5751953125,3072272,0.0,0.0,0.0
2015-11-12,628.7999877929688,630.7999877929688,618.9000244140625,618.9000244140625,616.3179931640625,8538741,0.0,0.0,0.0
2015-11-13,617.2999877929688,617.5,610.3800048828125,613.7000122070312,611.1397094726562,4973854,0.0,0.0,0.0
2015-11-16,608.5999755859375,617.5999755859375,608.5999755859375,616.5,613.9281005859375,4192414,0.0,0.0,0.0
2015-11-17,623.7999877929688,629.0,622.5999755859375,629.0,626.3759155273438,4017121,0.0,0.0,0.0
2015-11-18,625.7999877929688,630.4000244140625,624.5999755859375,630.2000122070312,627.571044921875,4916791,0.0,0.0,0.0
2015-11-19,635.2000122070312,639.3200073242188,633.5,635.5,632.8486938476562,6660072,0.0,0.0,0.0
2015-11-20,638.4000244140625,638.4000244140625,633.9000244140625,635.7000122070312,633.0481567382812,3422311,0.0,0.0,0.0
2015-11-23,631.4000244140625,635.0,629.0,632.9000244140625,630.259765625,2801054,0.0,0.0,0.0
2015-11-24,630.4000244140625,633.6790161132812,624.5,629.7000122070312,627.0731811523438,5289434,0.0,0.0,0.0
2015-11-25,633.0999755859375,636.719970703125,631.2000122070312,635.0999755859375,632.4505004882812,4636983,0.0,0.0,0.0
2015-11-26,636.0,643.7999877929688,635.7999877929688,641.5999755859375,638.92333984375,4349120,0.0,0.0,0.0
2015-11-27,638.2000122070312,641.2100219726562,636.7000122070312,639.5,636.8321533203125,3420548,0.0,0.0,0.0
2015-11-30,638.2999877929688,641.2000122070312,635.2899780273438,638.4000244140625,635.7367553710938,7870574,0.0,0.0,0.0
2015-12-01,642.2999877929688,643.2000122070312,639.2999877929688,642.2000122070312,639.5208740234375,4576350,0.0,0.0,0.0
2015-12-02,645.0999755859375,647.4600219726562,642.989990234375,644.7999877929688,642.10986328125,5472860,0.0,0.0,0.0
2015-12-03,644.4000244140625,649.2000122070312,630.2999877929688,630.2999877929688,627.6702880859375,10464592,0.0,0.0,0.0
2015-12-04,628.2000122070312,630.9110107421875,624.9000244140625,626.5999755859375,623.9859008789062,5230719,0.0,0.0,0.0
2015-12-07,628.7999877929688,631.5999755859375,624.2000122070312,625.5,622.8905639648438,4733190,0.0,0.0,0.0
2015-12-08,625.0,625.0,615.0,616.0999755859375,613.5294799804688,14852671,0.0,0.0,0.0
2015-12-09,619.5,622.7360229492188,613.0999755859375,615.5,612.932373046875,7060819,0.0,0.0,0.0
2015-12-10,604.5999755859375,607.2000122070312,602.5999755859375,603.5999755859375,601.1663208007812,6565683,8.65,0.0,0.0
2015-12-11,602.0,602.7000122070312,589.7999877929688,590.0999755859375,587.720703125,8778391,0.0,0.0,0.0
2015-12-14,593.0999755859375,596.0999755859375,582.4199829101562,582.5,580.1513671875,9451378,0.0,0.0,0.0
2015-12-15,587.7999877929688,598.7000122070312,586.8800048828125,597.0999755859375,594.6925048828125,7844995,0.0,0.0,0.0
2015-12-16,597.9000244140625,604.2000122070312,597.5,601.2999877929688,598.875732421875,4760190,0.0,0.0,0.0
2015-12-17,610.7999877929688,611.2000122070312,592.6790161132812,605.2999877929688,602.859619140625,5198540,0.0,0.0,0.0
2015-12-18,601.5,605.9539794921875,599.7000122070312,599.7000122070312,597.2822875976562,7231930,0.0,0.0,0.0
2015-12-21,598.9000244140625,606.2999877929688,597.4609985351562,597.7000122070312,595.2901611328125,4144506,0.0,0.0,0.0
2015-12-22,602.2999877929688,603.7000122070312,598.0999755859375,603.4000244140625,600.9672241210938,4821972,0.0,0.0,0.0
2015-12-23,608.7000122070312,619.4000244140625,608.7000122070312,618.5,616.0062255859375,4054648,0.0,0.0,0.0
2015-12-24,620.2000122070312,623.5999755859375,602.1849975585938,623.5999755859375,621.0855712890625,1160454,0.0,0.0,0.0
2015-12-29,618.9000244140625,626.5,597.0,626.5,623.9739379882812,4711073,0.0,0.0,0.0
2015-12-30,624.7999877929688,628.0,620.9000244140625,622.2999877929688,619.791015625,5842641,0.0,0.0,0.0
2015-12-31,620.9000244140625,621.5999755859375,616.2000122070312,616.2000122070312,613.715576171875,1153212,0.0,0.0,0.0
2016-01-04,609.2000122070312,612.7999877929688,601.4000244140625,604.2000122070312,601.7639770507812,5062900,0.0,0.0,0.0
2016-01-05,609.7000122070312,611.4000244140625,590.0,608.2000122070312,605.7477416992188,3016624,0.0,0.0,0.0
2016-01-06,606.2000122070312,606.6400146484375,596.530029296875,602.4000244140625,599.97119140625,3412517,0.0,0.0,0.0
2016-01-07,590.5999755859375,592.9000244140625,584.0,590.5999755859375,588.2186889648438,8709605,0.0,0.0,0.0
2016-01-08,591.7999877929688,596.5,585.5999755859375,585.5999755859375,583.2388305664062,4802089,0.0,0.0,0.0
2016-01-11,585.7999877929688,589.5469970703125,582.2999877929688,582.2999877929688,579.9521484375,4441968,0.0,0.0,0.0
2016-01-12,582.2000122070312,593.801025390625,581.833984375,588.2000122070312,585.8285522460938,5550496,0.0,0.0,0.0
2016-01-13,591.7999877929688,596.2999877929688,589.0,591.5999755859375,589.2146606445312,5206561,0.0,0.0,0.0
2016-01-14,585.0,590.0,578.2000122070312,587.5,585.1314697265625,8513150,0.0,0.0,0.0
2016-01-15,585.5999755859375,588.3049926757812,571.7999877929688,574.5999755859375,572.2833251953125,8318568,0.0,0.0,0.0
2016-01-18,573.9000244140625,580.0260009765625,571.4199829101562,573.0,570.6898803710938,9769235,0.0,0.0,0.0
2016-01-19,581.5,586.5440063476562,579.9000244140625,582.9000244140625,580.5499877929688,14516490,0.0,0.0,0.0
2016-01-20,571.2999877929688,572.2999877929688,559.3800048828125,563.0,560.7301635742188,10545955,0.0,0.0,0.0
2016-01-21,565.9000244140625,573.8259887695312,561.5,573.0999755859375,570.7894287109375,9359917,0.0,0.0,0.0
2016-01-22,583.2000122070312,588.4000244140625,558.5,585.0,582.641357421875,12120550,0.0,0.0,0.0
2016-01-25,589.0999755859375,589.5999755859375,580.7999877929688,583.5,581.1474609375,19346591,0.0,0.0,0.0
2016-01-26,575.4000244140625,587.5999755859375,572.7999877929688,586.5999755859375,584.2351684570312,4745282,0.0,0.0,0.0
2016-01-27,586.4000244140625,595.2000122070312,582.7000122070312,595.2000122070312,592.8003540039062,8630738,0.0,0.0,0.0
2016-01-28,592.5,597.7000122070312,578.5709838867188,588.2999877929688,585.9280395507812,7396683,0.0,0.0,0.0
2016-01-29,597.2000122070312,604.0999755859375,563.0,604.0999755859375,601.6644897460938,6892308,0.0,0.0,0.0
2016-02-01,606.0,606.260009765625,594.7999877929688,602.2000122070312,599.7718505859375,6603920,0.0,0.0,0.0
2016-02-02,598.0,598.5999755859375,584.2999877929688,588.0,585.6292114257812,11493371,0.0,0.0,0.0
2016-02-03,586.0999755859375,587.7999877929688,574.9400024414062,579.5,577.1635131835938,7266073,0.0,0.0,0.0
2016-02-04,589.5,590.0,579.0,585.5999755859375,583.2388305664062,9444411,0.0,0.0,0.0
2016-02-05,585.7999877929688,590.4000244140625,579.781982421875,581.2999877929688,578.9561767578125,6467385,0.0,0.0,0.0
2016-02-08,583.7000122070312,584.2000122070312,562.6199951171875,564.7000122070312,562.4232177734375,8750758,0.0,0.0,0.0
2016-02-09,567.0999755859375,570.0,555.7999877929688,559.5,557.244384765625,19230177,0.0,0.0,0.0
2016-02-10,563.9000244140625,567.4000244140625,557.7999877929688,562.9000244140625,560.6304931640625,13404057,0.0,0.0,0.0
2016-02-11,557.5,557.9099731445312,546.1099853515625,549.4000244140625,547.1849365234375,13633119,0.0,0.0,0.0
2016-02-12,555.5999755859375,567.4000244140625,554.802001953125,567.4000244140625,565.1124267578125,12246097,0.0,0.0,0.0
2016-02-15,576.4000244140625,580.5999755859375,575.0,578.0999755859375,575.7691650390625,7990011,0.0,0.0,0.0
2016-02-16,583.4000244140625,584.1079711914062,577.4000244140625,582.5999755859375,580.2510986328125,8235129,0.0,0.0,0.0
2016-02-17,583.5,597.7999877929688,583.5,597.7999877929688,595.3897094726562,14787082,0.0,0.0,0.0
2016-02-18,600.2000122070312,600.2000122070312,591.7000122070312,594.0999755859375,591.7044677734375,17734050,0.0,0.0,0.0
2016-02-19,593.7000122070312,596.7999877929688,588.4000244140625,591.5,589.1154174804688,4474506,0.0,0.0,0.0
2016-02-22,596.7999877929688,603.280029296875,594.2169799804688,600.2999877929688,597.8798828125,7520103,0.0,0.0,0.0
2016-02-23,596.2999877929688,600.2999877929688,592.2999877929688,593.0999755859375,590.7085571289062,5986908,0.0,0.0,0.0
2016-02-24,592.2000122070312,592.5999755859375,582.4000244140625,584.2000122070312,581.844482421875,18372188,0.0,0.0,0.0
2016-02-25,592.5999755859375,600.2999877929688,592.2999877929688,598.5,596.0867309570312,12009499,0.0,0.0,0.0
2016-02-26,604.0999755859375,608.7999877929688,603.2000122070312,606.7000122070312,604.2540283203125,10664612,0.0,0.0,0.0
2016-02-29,602.2999877929688,609.2999877929688,600.7000122070312,607.9000244140625,605.4490966796875,13089004,0.0,0.0,0.0
2016-03-01,606.5,613.1259765625,605.7000122070312,612.2999877929688,609.831298828125,17969664,0.0,0.0,0.0
2016-03-02,615.4000244140625,616.4000244140625,606.7999877929688,611.5999755859375,609.1340942382812,7016975,0.0,0.0,0.0
2016-03-03,612.5999755859375,615.5,609.0999755859375,611.7000122070312,609.2338256835938,3255849,0.0,0.0,0.0
2016-03-04,614.4000244140625,618.7999877929688,613.2739868164062,618.4000244140625,615.9067993164062,4314382,0.0,0.0,0.0
2016-03-07,615.4000244140625,619.3839721679688,611.0999755859375,616.0999755859375,613.6159057617188,3089860,0.0,0.0,0.0
2016-03-08,611.5999755859375,615.5999755859375,608.4000244140625,610.4000244140625,607.93896484375,4946994,0.0,0.0,0.0
2016-03-09,611.9000244140625,615.7000122070312,609.9860229492188,612.7000122070312,610.2294921875,5428628,0.0,0.0,0.0
2016-03-10,608.5,613.7999877929688,597.0,597.0,594.6392822265625,7893045,4.78,0.0,0.0
2016-03-11,605.7999877929688,608.280029296875,604.9000244140625,607.7000122070312,605.2971801757812,3365514,0.0,0.0,0.0
2016-03-14,608.5999755859375,613.281982421875,607.7000122070312,610.9000244140625,608.484375,4284423,0.0,0.0,0.0
2016-03-15,607.9000244140625,610.9000244140625,605.0999755859375,607.5,605.097900390625,16573167,0.0,0.0,0.0
2016-03-16,609.5999755859375,612.2000122070312,607.0159912109375,611.2999877929688,608.8829956054688,3681024,0.0,0.0,0.0
2016-03-17,616.5999755859375,617.0,607.4000244140625,615.0999755859375,612.667724609375,5386371,0.0,0.0,0.0
2016-03-18,614.9000244140625,618.2639770507812,612.8930053710938,613.2000122070312,610.775390625,6786312,0.0,0.0,0.0
2016-03-21,611.0999755859375,616.2999877929688,610.0,613.9000244140625,611.4724731445312,4921713,0.0,0.0,0.0
2016-03-22,610.5999755859375,614.0999755859375,605.9000244140625,614.0999755859375,611.6719970703125,4787720,0.0,0.0,0.0
2016-03-23,613.9000244140625,616.5,611.9000244140625,614.5,612.070068359375,2905717,0.0,0.0,0.0
2016-03-24,609.7999877929688,610.1259765625,604.2000122070312,605.4000244140625,603.0061645507812,2885828,0.0,0.0,0.0
2016-03-29,609.0999755859375,610.9000244140625,602.0,606.0999755859375,603.70361328125,3360216,0.0,0.0,0.0
2016-03-30,611.5,617.0,611.2999877929688,614.5999755859375,612.169921875,4665916,0.0,0.0,0.0
2016-03-31,612.7000122070312,614.1199951171875,609.97998046875,612.5999755859375,610.177734375,3520727,0.0,0.0,0.0
2016-04-01,606.5,609.9000244140625,602.7999877929688,609.2000122070312,606.7911987304688,6885386,0.0,0.0,0.0
2016-04-04,608.0999755859375,615.1199951171875,608.0,611.7000122070312,609.2813110351562,8508764,0.0,0.0,0.0
2016-04-05,606.2000122070312,606.5999755859375,601.0,604.0,601.6116333007812,5079175,0.0,0.0,0.0
2016-04-06,606.4000244140625,610.7000122070312,604.4000244140625,610.7000122070312,608.2850952148438,11358640,0.0,0.0,0.0
2016-04-07,612.9000244140625,615.6199951171875,607.2000122070312,609.7000122070312,607.2891845703125,4566008,0.0,0.0,0.0
2016-04-08,611.9000244140625,617.0159912109375,611.4199829101562,615.5999755859375,613.1659545898438,4905605,0.0,0.0,0.0
2016-04-11,614.0,618.1480102539062,611.9199829101562,615.7000122070312,613.265380859375,3385168,0.0,0.0,0.0
2016-04-12,616.0999755859375,620.052001953125,612.989990234375,619.0999755859375,616.6520385742188,4266404,0.0,0.0,0.0
2016-04-13,625.7000122070312,632.2999877929688,624.5999755859375,632.2999877929688,629.7996215820312,12603875,0.0,0.0,0.0
2016-04-14,632.2999877929688,633.7999877929688,630.02001953125,633.0999755859375,630.5966186523438,3734459,0.0,0.0,0.0
2016-04-15,633.2000122070312,633.7000122070312,629.2999877929688,630.4000244140625,627.9073486328125,4408259,0.0,0.0,0.0
2016-04-18,623.2000122070312,631.5999755859375,622.4000244140625,631.0999755859375,628.6044921875,2993332,0.0,0.0,0.0
2016-04-19,632.7999877929688,637.8200073242188,632.4000244140625,636.2000122070312,633.6844482421875,4280795,0.0,0.0,0.0
2016-04-20,634.4000244140625,637.5999755859375,632.2999877929688,636.7000122070312,634.1824340820312,6240340,0.0,0.0,0.0
2016-04-21,637.0999755859375,638.3740234375,631.2000122070312,634.0,631.4932250976562,2971607,0.0,0.0,0.0
2016-04-22,632.0,632.0,624.5,626.9000244140625,624.4210815429688,9377109,0.0,0.0,0.0
2016-04-25,626.7000122070312,627.6320190429688,620.5859985351562,622.0,619.54052734375,4739475,0.0,0.0,0.0
2016-04-26,624.5999755859375,625.47998046875,622.3800048828125,624.0,621.5325317382812,6835218,0.0,0.0,0.0
2016-04-27,622.2000122070312,628.0,621.416015625,628.0,625.5167846679688,6256349,0.0,0.0,0.0
2016-04-28,623.9000244140625,628.2999877929688,618.8319702148438,628.2999877929688,625.8156127929688,8413785,0.0,0.0,0.0
2016-04-29,622.7000122070312,625.5999755859375,620.0,620.0,617.548583984375,5849770,0.0,0.0,0.0
2016-05-03,624.0999755859375,624.2999877929688,612.0999755859375,615.0,612.5679931640625,4736133,0.0,0.0,0.0
2016-05-04,614.4000244140625,614.8800048828125,606.4000244140625,607.9000244140625,605.4963989257812,5288660,0.0,0.0,0.0
2016-05-05,609.2000122070312,612.5,607.5999755859375,609.5,607.0899047851562,5629660,0.0,0.0,0.0
2016-05-06,606.7999877929688,610.2999877929688,602.97998046875,610.2000122070312,607.7872314453125,4398823,0.0,0.0,0.0
2016-05-09,612.4219970703125,615.083984375,608.3159790039062,608.7000122070312,606.2930297851562,1842352,0.0,0.0,0.0
2016-05-10,612.7999877929688,615.4000244140625,608.75,612.9000244140625,610.4764404296875,6060851,0.0,0.0,0.0
2016-05-11,612.2000122070312,614.2999877929688,610.1840209960938,613.7000122070312,611.2733154296875,2839302,0.0,0.0,0.0
2016-05-12,610.4000244140625,617.1799926757812,607.3159790039062,608.5,606.0938720703125,3834312,0.0,0.0,0.0
2016-05-13,605.2999877929688,612.0999755859375,603.833984375,612.0999755859375,609.6796875,3797304,0.0,0.0,0.0
2016-05-16,608.7999877929688,613.7000122070312,606.8599853515625,613.2000122070312,610.775390625,2272316,0.0,0.0,0.0
2016-05-17,615.7999877929688,619.2999877929688,610.5,614.5999755859375,612.169921875,3077111,0.0,0.0,0.0
2016-05-18,611.7999877929688,614.6719970703125,609.5,614.2000122070312,611.7714233398438,3468094,0.0,0.0,0.0
2016-05-19,611.5,611.7000122070312,604.5999755859375,605.0,602.6075439453125,21570997,0.0,0.0,0.0
2016-05-20,610.2000122070312,615.0999755859375,610.2000122070312,615.0999755859375,612.667724609375,5215968,0.0,0.0,0.0
2016-05-23,614.5999755859375,616.8200073242188,611.9000244140625,614.5,612.070068359375,8958836,0.0,0.0,0.0
2016-05-24,612.5,625.0,611.2999877929688,623.7999877929688,621.3334350585938,13498926,0.0,0.0,0.0
2016-05-25,628.7999877929688,628.7999877929688,626.2000122070312,627.9000244140625,625.4169311523438,5172645,0.0,0.0,0.0
2016-05-26,627.7999877929688,629.9719848632812,626.5,628.7000122070312,626.214111328125,6536633,0.0,0.0,0.0
2016-05-27,628.0999755859375,629.4000244140625,626.4000244140625,628.0,625.5167846679688,7403207,0.0,0.0,0.0
2016-05-31,629.0999755859375,630.0999755859375,623.7000122070312,623.7999877929688,621.3334350585938,3063779,0.0,0.0,0.0
2016-06-01,622.5,623.0,615.4539794921875,618.7000122070312,616.2535400390625,8238908,0.0,0.0,0.0
2016-06-02,620.0,622.9000244140625,618.4000244140625,619.0,616.5524291992188,12727924,0.0,0.0,0.0
2016-06-03,622.5,626.0,617.4000244140625,621.5,619.04248046875,4868432,0.0,0.0,0.0
2016-06-06,624.0,630.2000122070312,623.4569702148438,627.4000244140625,624.9190673828125,4775606,0.0,0.0,0.0
2016-06-07,629.0999755859375,632.552001953125,627.7520141601562,629.2000122070312,626.7120971679688,6770892,0.0,0.0,0.0
2016-06-08,627.9000244140625,630.7999877929688,627.0,630.2000122070312,627.7078857421875,3538965,0.0,0.0,0.0
2016-06-09,628.7000122070312,629.0999755859375,623.7999877929688,624.0999755859375,621.6322021484375,6988068,0.0,0.0,0.0
2016-06-10,622.2000122070312,622.2919921875,610.9979858398438,613.4000244140625,610.9744873046875,4958076,0.0,0.0,0.0
2016-06-13,609.2000122070312,611.822021484375,606.0999755859375,606.0999755859375,603.70361328125,7442461,0.0,0.0,0.0
2016-06-14,603.0,605.2080078125,593.7000122070312,594.4000244140625,592.0497436523438,6948185,0.0,0.0,0.0
2016-06-15,597.7000122070312,602.5250244140625,596.7999877929688,597.7999877929688,595.4361572265625,7611660,0.0,0.0,0.0
2016-06-16,584.5,593.9400024414062,583.0,588.5,586.2596435546875,5275391,8.84,0.0,0.0
2016-06-17,589.9000244140625,597.7000122070312,589.9000244140625,594.5,592.2369384765625,7061806,0.0,0.0,0.0
2016-06-20,606.7000122070312,616.2000122070312,605.9000244140625,613.5,611.16455078125,5680336,0.0,0.0,0.0
2016-06-21,611.0999755859375,619.2000122070312,608.7750244140625,616.7000122070312,614.3524169921875,12670256,0.0,0.0,0.0
2016-06-22,621.4000244140625,624.8400268554688,615.719970703125,619.4000244140625,617.0419921875,12291099,0.0,0.0,0.0
2016-06-23,623.7000122070312,631.5999755859375,621.0999755859375,628.0,625.609375,9928059,0.0,0.0,0.0
2016-06-24,578.7000122070312,628.0,570.0,608.0,605.6856079101562,83261764,0.0,0.0,0.0
2016-06-27,601.9000244140625,607.2000122070312,577.4000244140625,592.0,589.7462158203125,27089394,0.0,0.0,0.0
2016-06-28,603.0999755859375,610.5999755859375,591.8049926757812,608.0,605.6856079101562,14469703,0.0,0.0,0.0
2016-06-29,617.5,629.4000244140625,615.9000244140625,629.4000244140625,627.00390625,40477399,0.0,0.0,0.0
2016-06-30,628.4000244140625,643.0,624.0419921875,643.0,640.5521850585938,18909154,0.0,0.0,0.0
2016-07-01,646.5,651.2000122070312,640.739990234375,649.5999755859375,647.1270141601562,22689088,0.0,0.0,0.0
2016-07-04,652.2000122070312,653.4530029296875,644.8519897460938,645.7000122070312,643.2420654296875,19671937,0.0,0.0,0.0
2016-07-05,647.5,649.2999877929688,640.2780151367188,647.2999877929688,644.8357543945312,13611406,0.0,0.0,0.0
2016-07-06,645.0999755859375,651.0,636.0,640.0,637.563720703125,11340172,0.0,0.0,0.0
2016-07-07,644.9000244140625,650.7579956054688,644.4000244140625,646.0,643.5408325195312,7935106,0.0,0.0,0.0
2016-07-08,645.5,653.5,644.7420043945312,652.4000244140625,649.91650390625,5575369,0.0,0.0,0.0
2016-07-11,655.4000244140625,662.0419921875,653.06298828125,660.5999755859375,658.0853881835938,6873543,0.0,0.0,0.0
2016-07-12,660.7000122070312,662.4580078125,658.5999755859375,660.0999755859375,657.5870361328125,9596125,0.0,0.0,0.0
2016-07-13,659.4000244140625,663.7999877929688,658.0999755859375,659.0999755859375,656.5908203125,5170067,0.0,0.0,0.0
2016-07-14,664.0,666.5999755859375,657.0750122070312,658.2000122070312,655.694580078125,14689307,0.0,0.0,0.0
2016-07-15,657.5999755859375,659.5,653.9500122070312,659.5,656.9893798828125,8402359,0.0,0.0,0.0
2016-07-18,661.7000122070312,664.0,660.2000122070312,662.0999755859375,659.579345703125,7731748,0.0,0.0,0.0
2016-07-19,661.0,663.5999755859375,658.7750244140625,662.0,659.479736328125,4448571,0.0,0.0,0.0
2016-07-20,664.9000244140625,666.0750122070312,646.9000244140625,665.5,662.9664306640625,5458579,0.0,0.0,0.0
2016-07-21,664.5999755859375,665.9000244140625,662.2000122070312,662.2999877929688,659.7787475585938,3149998,0.0,0.0,0.0
2016-07-22,661.9000244140625,665.9000244140625,659.4000244140625,665.4000244140625,662.866943359375,3992735,0.0,0.0,0.0
2016-07-25,665.0,668.0369873046875,661.4500122070312,663.5,660.97412109375,2914819,0.0,0.0,0.0
2016-07-26,664.5,666.7999877929688,663.5,664.7000122070312,662.1694946289062,2573591,0.0,0.0,0.0
2016-07-27,666.9000244140625,670.0440063476562,666.0440063476562,667.7000122070312,665.1582641601562,3374272,0.0,0.0,0.0
2016-07-28,666.5,668.7000122070312,663.9000244140625,663.9000244140625,661.372802734375,4368659,0.0,0.0,0.0
2016-07-29,664.7000122070312,666.7000122070312,661.7000122070312,665.0999755859375,662.568115234375,5026747,0.0,0.0,0.0
2016-08-01,668.7000122070312,669.2000122070312,660.6430053710938,661.9000244140625,659.3803100585938,4289173,0.0,0.0,0.0
2016-08-02,661.4000244140625,661.530029296875,655.7000122070312,656.9000244140625,654.3994140625,16016846,0.0,0.0,0.0
2016-08-03,659.2000122070312,659.7000122070312,652.7000122070312,656.0,653.5027465820312,3230625,0.0,0.0,0.0
2016-08-04,657.2999877929688,668.2999877929688,652.9000244140625,666.7000122070312,664.1621704101562,7997213,0.0,0.0,0.0
2016-08-05,667.7000122070312,673.4000244140625,661.6810302734375,673.0,670.43798828125,6986696,0.0,0.0,0.0
2016-08-08,673.4000244140625,676.0499877929688,671.3419799804688,674.2000122070312,671.6334838867188,2823708,0.0,0.0,0.0
2016-08-09,674.7999877929688,679.2000122070312,674.0750122070312,677.7000122070312,675.1201782226562,3472478,0.0,0.0,0.0
2016-08-10,675.7000122070312,679.5999755859375,674.9500122070312,679.5999755859375,677.0130004882812,6509525,0.0,0.0,0.0
2016-08-11,680.0999755859375,688.5,678.3499755859375,688.5,685.8790283203125,6042408,0.0,0.0,0.0
2016-08-12,687.0999755859375,689.7999877929688,686.2999877929688,687.9000244140625,685.2813720703125,3073311,0.0,0.0,0.0
2016-08-15,688.7000122070312,692.2999877929688,687.9639892578125,690.5999755859375,687.9710693359375,2346212,0.0,0.0,0.0
2016-08-16,688.2999877929688,690.5999755859375,685.9000244140625,685.9000244140625,683.2888793945312,3639311,0.0,0.0,0.0
2016-08-17,688.2000122070312,688.6640014648438,681.7000122070312,682.7999877929688,680.2006225585938,3171713,0.0,0.0,0.0
2016-08-18,685.9000244140625,686.9249877929688,682.6320190429688,684.9000244140625,682.2927856445312,2576817,0.0,0.0,0.0
2016-08-19,684.0999755859375,684.6699829101562,681.7999877929688,683.2000122070312,680.5992431640625,2745522,0.0,0.0,0.0
2016-08-22,683.2999877929688,686.0999755859375,678.7000122070312,680.5999755859375,678.0090942382812,1834021,0.0,0.0,0.0
2016-08-23,683.0,686.2000122070312,679.6500244140625,683.9000244140625,681.2964477539062,2912098,0.0,0.0,0.0
2016-08-24,681.7000122070312,684.8300170898438,680.155029296875,681.2999877929688,678.7064819335938,2195264,0.0,0.0,0.0
2016-08-25,679.4000244140625,681.2999877929688,676.0,681.0,678.4075927734375,8558044,0.0,0.0,0.0
2016-08-26,680.2999877929688,684.4169921875,679.2999877929688,682.2999877929688,679.70263671875,4757671,0.0,0.0,0.0
2016-08-30,681.7999877929688,683.4000244140625,679.1820068359375,680.5,677.9093627929688,3680249,0.0,0.0,0.0
2016-08-31,679.4000244140625,681.4609985351562,676.2000122070312,676.2000122070312,673.6259155273438,2181490,0.0,0.0,0.0
2016-09-01,680.0,681.0999755859375,670.7000122070312,673.2000122070312,670.6373901367188,5676358,0.0,0.0,0.0
2016-09-02,676.2000122070312,691.7999877929688,674.0,687.9000244140625,685.2813720703125,5796644,0.0,0.0,0.0
2016-09-05,688.4000244140625,689.7000122070312,685.7000122070312,686.5,683.8866577148438,4869780,0.0,0.0,0.0
2016-09-06,688.0,688.0,680.5,681.7000122070312,679.1047973632812,2941551,0.0,0.0,0.0
2016-09-07,681.5,683.5499877929688,680.2249755859375,682.5999755859375,680.00146484375,14764563,0.0,0.0,0.0
2016-09-08,683.2000122070312,687.1220092773438,680.0,683.7000122070312,681.0972290039062,5546017,0.0,0.0,0.0
2016-09-09,682.2000122070312,683.5750122070312,674.0,675.4000244140625,672.8287353515625,6133047,0.0,0.0,0.0
2016-09-12,666.7999877929688,668.2999877929688,663.5159912109375,667.9000244140625,665.3574829101562,3287930,0.0,0.0,0.0
2016-09-13,669.5,670.5250244140625,664.7000122070312,664.7000122070312,662.1694946289062,2297059,0.0,0.0,0.0
2016-09-14,666.9000244140625,669.9000244140625,665.0,665.0999755859375,662.568115234375,2979998,0.0,0.0,0.0
2016-09-15,656.0,663.7000122070312,655.4249877929688,663.0,660.5545654296875,4011776,7.88,0.0,0.0
2016-09-16,661.5,664.7999877929688,659.5,661.5,659.06005859375,6071900,0.0,0.0,0.0
2016-09-19,667.7000122070312,671.5460205078125,667.3510131835938,671.2000122070312,668.7241821289062,4506382,0.0,0.0,0.0
2016-09-20,669.7999877929688,676.9000244140625,669.7999877929688,672.7999877929688,670.3181762695312,4352287,0.0,0.0,0.0
2016-09-21,677.0999755859375,677.7639770507812,673.2999877929688,673.5999755859375,671.114990234375,2565422,0.0,0.0,0.0
2016-09-22,677.9000244140625,684.2000122070312,676.5999755859375,681.5999755859375,679.0855712890625,4976559,0.0,0.0,0.0
2016-09-23,680.4000244140625,682.2999877929688,678.5999755859375,680.9000244140625,678.3883056640625,2382064,0.0,0.0,0.0
2016-09-26,677.4000244140625,677.5399780273438,670.7000122070312,672.0999755859375,669.620849609375,12970599,0.0,0.0,0.0
2016-09-27,676.7999877929688,676.7999877929688,667.3800048828125,671.7999877929688,669.32177734375,18148846,0.0,0.0,0.0
2016-09-28,673.0,678.072021484375,672.7000122070312,675.7999877929688,673.307373046875,3676147,0.0,0.0,0.0
2016-09-29,682.0,684.5490112304688,680.5,682.5999755859375,680.08203125,2746463,0.0,0.0,0.0
2016-09-30,674.5999755859375,681.7940063476562,671.7000122070312,680.9000244140625,678.3883056640625,5534793,0.0,0.0,0.0
2016-10-03,681.2999877929688,690.0999755859375,680.7000122070312,688.5,685.96044921875,3871433,0.0,0.0,0.0
2016-10-04,690.2999877929688,702.7000122070312,690.0,697.2000122070312,694.628173828125,12510677,0.0,0.0,0.0
2016-10-05,696.7999877929688,698.5,692.4000244140625,693.9000244140625,691.3404541015625,5525428,0.0,0.0,0.0
2016-10-06,695.2999877929688,695.4000244140625,690.5999755859375,691.0999755859375,688.5506591796875,6407151,0.0,0.0,0.0
2016-10-07,695.2999877929688,698.7000122070312,692.4000244140625,695.0999755859375,692.5357666015625,3296406,0.0,0.0,0.0
2016-10-10,698.0,701.3779907226562,693.7999877929688,699.9000244140625,697.3182983398438,7294046,0.0,0.0,0.0
2016-10-11,699.7999877929688,703.5999755859375,697.0,698.0999755859375,695.52490234375,4655354,0.0,0.0,0.0
2016-10-12,696.4000244140625,698.7160034179688,692.4000244140625,693.5,690.9419555664062,2705174,0.0,0.0,0.0
2016-10-13,690.5,691.0440063476562,684.3499755859375,689.0,686.4584350585938,10419150,0.0,0.0,0.0
2016-10-14,690.5999755859375,696.5999755859375,690.5999755859375,692.7000122070312,690.1448364257812,1849407,0.0,0.0,0.0
2016-10-17,689.9000244140625,691.2999877929688,684.7440185546875,685.4000244140625,682.8718872070312,3214883,0.0,0.0,0.0
2016-10-18,689.7999877929688,694.2000122070312,689.2999877929688,691.2999877929688,688.7498779296875,3695244,0.0,0.0,0.0
2016-10-19,690.9000244140625,693.4000244140625,688.0,692.9000244140625,690.3441772460938,3598260,0.0,0.0,0.0
2016-10-20,693.5999755859375,696.0560302734375,691.0999755859375,694.2999877929688,691.7388305664062,3189728,0.0,0.0,0.0
2016-10-21,694.2000122070312,697.0,692.0999755859375,693.0,690.4437866210938,2085215,0.0,0.0,0.0
2016-10-24,695.2000122070312,697.9400024414062,689.4000244140625,689.4000244140625,686.8571166992188,4056508,0.0,0.0,0.0
2016-10-25,692.0999755859375,698.0750122070312,691.7540283203125,693.0,690.4437866210938,3149460,0.0,0.0,0.0
2016-10-26,690.7000122070312,691.2000122070312,683.1680297851562,687.2000122070312,684.6648559570312,3021035,0.0,0.0,0.0
2016-10-27,685.5,692.135009765625,683.9000244140625,691.0,688.4512329101562,3944664,0.0,0.0,0.0
2016-10-28,686.5999755859375,692.7000122070312,684.2760009765625,691.7999877929688,689.2482299804688,5420887,0.0,0.0,0.0
2016-10-31,688.7000122070312,689.7999877929688,686.5999755859375,687.0,684.4660034179688,6913186,0.0,0.0,0.0
2016-11-01,688.9000244140625,691.2459716796875,682.0999755859375,683.2000122070312,680.6798706054688,4016179,0.0,0.0,0.0
2016-11-02,680.0,684.27001953125,676.7999877929688,677.4000244140625,674.9012451171875,4945953,0.0,0.0,0.0
2016-11-03,675.7999877929688,684.27001953125,670.0,671.7000122070312,669.2222900390625,4139714,0.0,0.0,0.0
2016-11-04,667.0,667.9500122070312,660.0,661.7999877929688,659.3587646484375,4435568,0.0,0.0,0.0
2016-11-07,672.2000122070312,674.2000122070312,670.2999877929688,674.2000122070312,671.7130737304688,3789534,0.0,0.0,0.0
2016-11-08,672.5999755859375,678.2000122070312,672.5999755859375,677.5,675.0008544921875,3669673,0.0,0.0,0.0
2016-11-09,665.0999755859375,684.5,665.0999755859375,684.5,681.9752197265625,8252800,0.0,0.0,0.0
2016-11-10,690.2999877929688,694.2999877929688,675.4000244140625,678.7999877929688,676.296142578125,14689580,0.0,0.0,0.0
2016-11-11,680.2000122070312,680.5759887695312,666.2999877929688,668.5999755859375,666.1336669921875,5251647,0.0,0.0,0.0
2016-11-14,674.7000122070312,676.7219848632812,664.4630126953125,670.5,668.0266723632812,2248936,0.0,0.0,0.0
2016-11-15,674.5999755859375,677.5,672.9000244140625,674.5,672.0119018554688,3245346,0.0,0.0,0.0
2016-11-16,675.5999755859375,676.02197265625,668.9000244140625,670.5,668.0266723632812,3418354,0.0,0.0,0.0
2016-11-17,670.5999755859375,675.7999877929688,670.2999877929688,675.5,673.0081787109375,3797020,0.0,0.0,0.0
2016-11-18,676.0999755859375,677.0,670.0,673.7999877929688,671.3145751953125,4158095,0.0,0.0,0.0
2016-11-21,675.2000122070312,678.031982421875,671.583984375,673.9000244140625,671.414306640625,5657605,0.0,0.0,0.0
2016-11-22,678.2999877929688,681.0159912109375,677.5,678.0999755859375,675.5988159179688,3622182,0.0,0.0,0.0
2016-11-23,680.5999755859375,684.2999877929688,674.3359985351562,678.2999877929688,675.7978515625,4106334,0.0,0.0,0.0
2016-11-24,679.4000244140625,680.2999877929688,676.0,680.0,677.4918212890625,3004649,0.0,0.0,0.0
2016-11-25,680.4000244140625,682.2999877929688,679.0,680.9000244140625,678.3883056640625,3372972,0.0,0.0,0.0
2016-11-28,678.4000244140625,680.5,673.9000244140625,676.5999755859375,674.1041870117188,4374726,0.0,0.0,0.0
2016-11-29,675.5999755859375,676.0750122070312,669.7000122070312,674.5999755859375,672.1115112304688,4695233,0.0,0.0,0.0
2016-11-30,674.0,681.8140258789062,673.5,675.7000122070312,673.207763671875,11494922,0.0,0.0,0.0
2016-12-01,674.7999877929688,675.8619995117188,666.4000244140625,672.9000244140625,670.4179077148438,15634068,0.0,0.0,0.0
2016-12-02,668.2000122070312,671.9000244140625,665.25,670.7000122070312,668.2258911132812,3870760,0.0,0.0,0.0
2016-12-05,666.5,677.4580078125,666.5,671.7999877929688,669.32177734375,5967671,0.0,0.0,0.0
2016-12-06,671.5999755859375,676.0,669.6580200195312,675.4000244140625,672.9083251953125,3806583,0.0,0.0,0.0
2016-12-07,680.4000244140625,687.2999877929688,679.6179809570312,687.2999877929688,684.7646484375,7289101,0.0,0.0,0.0
2016-12-08,688.0999755859375,691.2369995117188,686.4749755859375,690.5,687.9530639648438,3816477,0.0,0.0,0.0
2016-12-09,690.7999877929688,693.5250244140625,689.93798828125,693.0999755859375,690.5433959960938,4031467,0.0,0.0,0.0
2016-12-12,693.0999755859375,694.7999877929688,684.7000122070312,686.4000244140625,683.8679809570312,4797213,0.0,0.0,0.0
2016-12-13,686.2999877929688,695.5999755859375,685.0,694.2999877929688,691.7388305664062,4611614,0.0,0.0,0.0
2016-12-14,692.2999877929688,694.6199951171875,691.6389770507812,692.0,689.4473266601562,2027240,0.0,0.0,0.0
2016-12-15,686.5999755859375,693.322021484375,684.9000244140625,691.7999877929688,689.2985229492188,4233597,5.05,0.0,0.0
2016-12-16,691.7000122070312,695.7999877929688,691.2000122070312,692.5,689.9959106445312,4990376,0.0,0.0,0.0
2016-12-19,693.2000122070312,695.0139770507812,691.0419921875,694.2999877929688,691.7892456054688,4115859,0.0,0.0,0.0
2016-12-20,693.2000122070312,697.2000122070312,691.9249877929688,697.2000122070312,694.6788940429688,7189534,0.0,0.0,0.0
2016-12-21,695.9000244140625,698.1500244140625,695.0,696.2000122070312,693.6824340820312,4902762,0.0,0.0,0.0
2016-12-22,695.2000122070312,698.2999877929688,694.4000244140625,698.2999877929688,695.7750854492188,1948374,0.0,0.0,0.0
2016-12-23,697.9000244140625,702.7999877929688,697.7000122070312,702.7999877929688,700.2587280273438,994043,0.0,0.0,0.0
2016-12-28,699.7999877929688,702.7999877929688,699.4000244140625,702.4000244140625,699.860107421875,9902691,0.0,0.0,0.0
2016-12-29,699.7999877929688,703.7000122070312,699.5999755859375,703.5,700.9560546875,17979397,0.0,0.0,0.0
2016-12-30,703.0,705.2000122070312,700.635986328125,701.2000122070312,698.664306640625,2420130,0.0,0.0,0.0
2017-01-03,708.4000244140625,712.0,707.0499877929688,708.9000244140625,706.3366088867188,5358372,0.0,0.0,0.0
2017-01-04,708.9000244140625,709.5,707.4520263671875,709.2999877929688,706.7351684570312,2877781,0.0,0.0,0.0
2017-01-05,709.7000122070312,711.9000244140625,707.5239868164062,710.0,707.4326171875,2306846,0.0,0.0,0.0
2017-01-06,709.2999877929688,711.4000244140625,708.4630126953125,711.2999877929688,708.7278442382812,2784022,0.0,0.0,0.0
2017-01-09,714.0999755859375,714.7000122070312,711.0999755859375,714.0,711.41796875,4434205,0.0,0.0,0.0
2017-01-10,715.0,718.5,714.0999755859375,717.4000244140625,714.805908203125,4821738,0.0,0.0,0.0
2017-01-11,718.2000122070312,722.9000244140625,715.7000122070312,719.0999755859375,716.4996948242188,2837290,0.0,0.0,0.0
2017-01-12,717.9000244140625,720.2999877929688,716.6580200195312,719.5999755859375,716.9978637695312,2875816,0.0,0.0,0.0
2017-01-13,722.4000244140625,724.0999755859375,721.0,724.0999755859375,721.4815673828125,5370217,0.0,0.0,0.0
2017-01-16,722.4000244140625,725.5,722.2999877929688,723.0999755859375,720.485107421875,3640006,0.0,0.0,0.0
2017-01-17,722.5999755859375,722.5999755859375,712.7000122070312,712.7000122070312,710.1228637695312,6043039,0.0,0.0,0.0
2017-01-18,715.5999755859375,716.0,712.2269897460938,715.2999877929688,712.71337890625,4016986,0.0,0.0,0.0
2017-01-19,715.7000122070312,715.9730224609375,710.4249877929688,712.2000122070312,709.6246948242188,4880439,0.0,0.0,0.0
2017-01-20,712.2999877929688,712.9749755859375,710.4000244140625,710.7999877929688,708.2295532226562,3963041,0.0,0.0,0.0
2017-01-23,706.4000244140625,708.7999877929688,704.4180297851562,706.5999755859375,704.0448608398438,4968996,0.0,0.0,0.0
2017-01-24,708.5999755859375,709.1409912109375,706.4000244140625,707.2000122070312,704.642578125,6143005,0.0,0.0,0.0
2017-01-25,710.0999755859375,712.364013671875,708.0999755859375,708.0999755859375,705.5394287109375,6461812,0.0,0.0,0.0
2017-01-26,710.2000122070312,710.2999877929688,707.2999877929688,708.2000122070312,705.6390991210938,7801217,0.0,0.0,0.0
2017-01-27,709.5999755859375,710.7999877929688,707.0999755859375,710.7999877929688,708.2295532226562,3979985,0.0,0.0,0.0
2017-01-30,707.2999877929688,707.6599731445312,702.7000122070312,704.0999755859375,701.5538940429688,3901721,0.0,0.0,0.0
2017-01-31,704.7999877929688,708.4000244140625,702.0999755859375,702.0999755859375,699.561279296875,4292895,0.0,0.0,0.0
2017-02-01,706.4000244140625,709.7999877929688,702.0,702.5999755859375,700.0593872070312,2668182,0.0,0.0,0.0
2017-02-02,701.7000122070312,708.0999755859375,701.0999755859375,706.0999755859375,703.5465698242188,2230729,0.0,0.0,0.0
2017-02-03,705.7000122070312,711.4000244140625,704.8480224609375,710.2999877929688,707.7315063476562,2660790,0.0,0.0,0.0
2017-02-06,709.9000244140625,711.9000244140625,707.5,708.2999877929688,705.7388916015625,3649399,0.0,0.0,0.0
2017-02-07,708.0,714.0,707.7999877929688,709.7999877929688,707.2332763671875,3820529,0.0,0.0,0.0
2017-02-08,709.5,711.0999755859375,706.2999877929688,710.4000244140625,707.8311157226562,2600553,0.0,0.0,0.0
2017-02-09,711.9000244140625,715.7999877929688,710.5,714.9000244140625,712.3150024414062,2485972,0.0,0.0,0.0
2017-02-10,717.7999877929688,719.0679931640625,716.2139892578125,717.5999755859375,715.0050048828125,5833153,0.0,0.0,0.0
2017-02-13,718.7000122070312,721.5,717.4000244140625,719.7000122070312,717.0974731445312,2702523,0.0,0.0,0.0
2017-02-14,718.9000244140625,721.0,717.0999755859375,718.5,715.9019165039062,1842914,0.0,0.0,0.0
2017-02-15,721.5,722.9000244140625,720.2000122070312,722.0,719.3890991210938,5449011,0.0,0.0,0.0
2017-02-16,722.9000244140625,723.7999877929688,720.0,721.5,718.89111328125,1535576,0.0,0.0,0.0
2017-02-17,720.9000244140625,725.0139770507812,720.2999877929688,724.2000122070312,721.5810546875,6908332,0.0,0.0,0.0
2017-02-20,725.7000122070312,726.2219848632812,723.0640258789062,724.7000122070312,722.07958984375,2552928,0.0,0.0,0.0
2017-02-21,723.7000122070312,724.5479736328125,721.6500244140625,721.7999877929688,719.1900024414062,3609644,0.0,0.0,0.0
2017-02-22,722.9000244140625,724.7000122070312,721.0,723.5999755859375,720.9835815429688,5410315,0.0,0.0,0.0
2017-02-23,724.4000244140625,727.677978515625,722.9000244140625,724.0999755859375,721.4815673828125,3758162,0.0,0.0,0.0
2017-02-24,723.2000122070312,723.7999877929688,716.0679931640625,721.4000244140625,718.7913818359375,2346867,0.0,0.0,0.0
2017-02-27,724.4000244140625,725.0999755859375,720.5,722.7999877929688,720.1865844726562,4164416,0.0,0.0,0.0
2017-02-28,723.5999755859375,724.7999877929688,721.5280151367188,722.5,719.8873901367188,2911741,0.0,0.0,0.0
2017-03-01,726.0,734.5,725.614990234375,734.2999877929688,731.6448364257812,4281503,0.0,0.0,0.0
2017-03-02,733.4000244140625,736.7000122070312,733.2999877929688,736.2999877929688,733.6373901367188,5268247,0.0,0.0,0.0
2017-03-03,733.4000244140625,735.8989868164062,732.9000244140625,734.5999755859375,731.9437255859375,3600026,0.0,0.0,0.0
2017-03-06,732.9000244140625,732.9000244140625,731.14599609375,732.5,729.8512573242188,1824677,0.0,0.0,0.0
2017-03-07,733.5999755859375,733.9000244140625,730.5,730.5,727.8583374023438,5545423,0.0,0.0,0.0
2017-03-08,730.0999755859375,732.5999755859375,728.9000244140625,730.5999755859375,727.9579467773438,3620577,0.0,0.0,0.0
2017-03-09,728.7999877929688,730.0,724.5,729.5,726.8619995117188,3333515,0.0,0.0,0.0
2017-03-10,731.4000244140625,734.9000244140625,731.0999755859375,731.7999877929688,729.1539306640625,2424067,0.0,0.0,0.0
2017-03-13,734.2999877929688,735.5150146484375,731.7999877929688,734.7999877929688,732.1428833007812,2398576,0.0,0.0,0.0
2017-03-14,736.4000244140625,736.625,731.9000244140625,733.5,730.8477172851562,2067553,0.0,0.0,0.0
2017-03-15,734.7999877929688,736.125,733.9509887695312,734.0,731.3456420898438,4018841,0.0,0.0,0.0
2017-03-16,734.2000122070312,736.25,731.5,733.7000122070312,731.1082763671875,3491745,6.15,0.0,0.0
2017-03-17,732.0999755859375,736.0,732.0,733.7000122070312,731.1082763671875,4694965,0.0,0.0,0.0
2017-03-20,732.7000122070312,735.7000122070312,731.4240112304688,735.2999877929688,732.7023315429688,4343454,0.0,0.0,0.0
2017-03-21,735.0999755859375,736.0479736328125,729.0,730.7999877929688,728.2186889648438,2913268,0.0,0.0,0.0
2017-03-22,726.7999877929688,727.2000122070312,723.3140258789062,726.0,723.4354858398438,5040285,0.0,0.0,0.0
2017-03-23,725.7000122070312,727.8359985351562,723.9619750976562,727.7000122070312,725.1293334960938,8651043,0.0,0.0,0.0
2017-03-24,727.7000122070312,728.2999877929688,725.4000244140625,727.0,724.4319458007812,4399601,0.0,0.0,0.0
2017-03-27,721.0,722.5599975585938,718.4000244140625,722.2999877929688,719.7484130859375,6910223,0.0,0.0,0.0
2017-03-28,724.2000122070312,727.0239868164062,721.2000122070312,726.7000122070312,724.1328125,6736323,0.0,0.0,0.0
2017-03-29,729.4000244140625,730.5999755859375,724.5999755859375,730.5999755859375,728.0191040039062,4005554,0.0,0.0,0.0
2017-03-30,730.5,731.9500122070312,727.5999755859375,730.7999877929688,728.2186889648438,6628063,0.0,0.0,0.0
2017-03-31,728.0,728.375,725.5,725.5,722.9371948242188,3065453,0.0,0.0,0.0
2017-04-03,727.5,728.0,721.2000122070312,721.2999877929688,718.751953125,2660750,0.0,0.0,0.0
2017-04-04,723.5,725.7000122070312,722.5390014648438,725.2000122070312,722.6381225585938,5872113,0.0,0.0,0.0
2017-04-05,727.4000244140625,729.2000122070312,725.572021484375,725.9000244140625,723.335693359375,3690385,0.0,0.0,0.0
2017-04-06,721.0999755859375,725.7999877929688,719.9719848632812,723.5,720.9442138671875,9781060,0.0,0.0,0.0
2017-04-07,722.5999755859375,728.9240112304688,721.7000122070312,728.7000122070312,726.1256103515625,4191219,0.0,0.0,0.0
2017-04-10,728.2999877929688,729.7880249023438,727.6849975585938,729.2000122070312,726.6240234375,2691811,0.0,0.0,0.0
2017-04-11,727.5999755859375,734.7999877929688,727.260009765625,730.7999877929688,728.2186889648438,2570194,0.0,0.0,0.0
2017-04-12,731.7000122070312,734.75,729.5,729.5,726.9229736328125,3657424,0.0,0.0,0.0
2017-04-13,728.5999755859375,728.7000122070312,725.1640014648438,727.4000244140625,724.83056640625,2636452,0.0,0.0,0.0
2017-04-18,726.5,726.5,709.4000244140625,709.4000244140625,706.8939819335938,7982495,0.0,0.0,0.0
2017-04-19,709.0,710.2000122070312,706.2999877929688,706.4000244140625,703.9047241210938,5144275,0.0,0.0,0.0
2017-04-20,706.0,708.468017578125,705.2000122070312,707.5999755859375,705.100341796875,3869292,0.0,0.0,0.0
2017-04-21,707.9000244140625,709.0,704.0999755859375,705.7999877929688,703.3067626953125,16221290,0.0,0.0,0.0
2017-04-24,717.0999755859375,721.6900024414062,715.1480102539062,721.2000122070312,718.6522827148438,6067043,0.0,0.0,0.0
2017-04-25,721.0,723.2999877929688,720.3209838867188,721.9000244140625,719.3497924804688,5290731,0.0,0.0,0.0
2017-04-26,721.0999755859375,724.7000122070312,720.7219848632812,723.2999877929688,720.7448120117188,4511002,0.0,0.0,0.0
2017-04-27,721.9000244140625,721.9000244140625,718.0,719.4000244140625,716.858642578125,4112505,0.0,0.0,0.0
2017-04-28,719.0,719.7369995117188,715.176025390625,715.4000244140625,712.872802734375,2855515,0.0,0.0,0.0
2017-05-02,717.4000244140625,720.7000122070312,717.1680297851562,719.5,716.9584350585938,4559787,0.0,0.0,0.0
2017-05-03,718.0999755859375,719.010009765625,716.9000244140625,718.5,715.9619140625,11951234,0.0,0.0,0.0
2017-05-04,721.7000122070312,723.4000244140625,717.7000122070312,720.2000122070312,717.656005859375,9045553,0.0,0.0,0.0
2017-05-05,718.0999755859375,724.9000244140625,718.0999755859375,724.9000244140625,722.3392333984375,6357078,0.0,0.0,0.0
2017-05-08,725.2999877929688,727.5,723.9000244140625,725.5999755859375,723.036865234375,2391623,0.0,0.0,0.0
2017-05-09,725.7999877929688,730.9739990234375,725.7000122070312,729.0999755859375,726.5242309570312,2654312,0.0,0.0,0.0
2017-05-10,729.2000122070312,734.5499877929688,727.9000244140625,733.2000122070312,730.6098022460938,5823778,0.0,0.0,0.0
2017-05-11,733.4000244140625,735.5999755859375,732.6240234375,734.7999877929688,732.2041625976562,5260967,0.0,0.0,0.0
2017-05-12,736.2000122070312,739.5,735.2000122070312,739.5,736.8876953125,3649062,0.0,0.0,0.0
2017-05-15,740.7999877929688,741.5,739.2869873046875,741.5,738.880615234375,3249293,0.0,0.0,0.0
2017-05-16,741.0999755859375,749.0999755859375,740.8389892578125,747.5999755859375,744.958984375,3667430,0.0,0.0,0.0
2017-05-17,745.2999877929688,748.5280151367188,743.5,745.7999877929688,743.1654052734375,3315704,0.0,0.0,0.0
2017-05-18,745.7000122070312,745.7000122070312,736.75,742.2000122070312,739.5780639648438,5778565,0.0,0.0,0.0
2017-05-19,745.0999755859375,747.4000244140625,742.9000244140625,746.2999877929688,743.6636352539062,13816534,0.0,0.0,0.0
2017-05-22,748.7000122070312,751.0,748.0999755859375,749.2000122070312,746.5534057617188,4174344,0.0,0.0,0.0
2017-05-23,748.7999877929688,751.0,747.5,747.5,744.8593139648438,2785246,0.0,0.0,0.0
2017-05-24,747.2999877929688,751.4000244140625,746.8090209960938,751.0999755859375,748.4467163085938,5251001,0.0,0.0,0.0
2017-05-25,752.7000122070312,752.7000122070312,749.6389770507812,751.2999877929688,748.64599609375,3302981,0.0,0.0,0.0
2017-05-26,751.5,754.510986328125,751.0,754.0999755859375,751.4360961914062,3252433,0.0,0.0,0.0
2017-05-30,750.7999877929688,751.9000244140625,748.0,751.0,748.3469848632812,9498582,0.0,0.0,0.0
2017-05-31,751.5999755859375,756.9000244140625,749.9000244140625,749.9000244140625,747.2510375976562,5751212,0.0,0.0,0.0
2017-06-01,753.0,754.9000244140625,752.5999755859375,753.7999877929688,751.1370849609375,1778661,0.0,0.0,0.0
2017-06-02,757.4000244140625,759.0,752.5230102539062,753.4000244140625,750.7388916015625,4354839,0.0,0.0,0.0
2017-06-05,754.5999755859375,754.7000122070312,750.5999755859375,751.4000244140625,748.745849609375,11279162,0.0,0.0,0.0
2017-06-06,750.2999877929688,752.2000122070312,749.2000122070312,752.2000122070312,749.5429077148438,4568845,0.0,0.0,0.0
2017-06-07,751.5,753.7000122070312,745.8099975585938,746.5999755859375,743.9625854492188,6523934,0.0,0.0,0.0
2017-06-08,747.5999755859375,748.5999755859375,744.4000244140625,744.4000244140625,741.770751953125,2713546,0.0,0.0,0.0
2017-06-09,749.5999755859375,754.2999877929688,747.4000244140625,752.4000244140625,749.7422485351562,5591594,0.0,0.0,0.0
2017-06-12,749.0,753.7000122070312,748.1329956054688,751.7000122070312,749.04443359375,4790676,0.0,0.0,0.0
2017-06-13,754.5,754.5,749.2999877929688,750.7000122070312,748.0478515625,4249890,0.0,0.0,0.0
2017-06-14,750.0999755859375,754.7999877929688,748.5,748.5,745.8560180664062,5889477,0.0,0.0,0.0
2017-06-15,738.5999755859375,738.7000122070312,729.5,733.5,731.0012817382812,6795288,9.45,0.0,0.0
2017-06-16,735.0,740.9000244140625,734.9000244140625,737.9000244140625,735.3862915039062,9117488,0.0,0.0,0.0
2017-06-19,743.5,744.7000122070312,740.5,743.7999877929688,741.265869140625,2330256,0.0,0.0,0.0
2017-06-20,744.0,746.6199951171875,738.4000244140625,738.4000244140625,735.884521484375,402808,0.0,0.0,0.0
2017-06-21,737.9000244140625,738.2760009765625,732.9000244140625,735.7000122070312,733.1936645507812,4148374,0.0,0.0,0.0
2017-06-22,736.0,736.0,730.9739990234375,734.9000244140625,732.3963623046875,853475,0.0,0.0,0.0
2017-06-23,733.5,744.780029296875,730.2999877929688,733.0,730.5027465820312,1693604,0.0,0.0,0.0
2017-06-26,735.2000122070312,738.8090209960938,735.1079711914062,735.2000122070312,732.6951904296875,2919664,0.0,0.0,0.0
2017-06-27,735.2999877929688,735.9000244140625,732.0780029296875,734.7999877929688,732.2967529296875,1643459,0.0,0.0,0.0
2017-06-28,732.5,735.7999877929688,729.0,730.0999755859375,727.612548828125,1124103,0.0,0.0,0.0
2017-06-29,733.4000244140625,735.81298828125,725.9249877929688,726.5999755859375,724.12451171875,885565,0.0,0.0,0.0
2017-06-30,725.5999755859375,729.2999877929688,722.0,723.0,720.5369262695312,1221209,0.0,0.0,0.0
2017-07-03,723.9000244140625,730.2000122070312,723.4000244140625,728.9000244140625,726.4169921875,2688075,0.0,0.0,0.0
2017-07-04,726.0999755859375,729.948974609375,725.5999755859375,726.7000122070312,724.2243041992188,3538814,0.0,0.0,0.0
2017-07-05,727.9000244140625,730.25,726.2999877929688,729.0,726.5164184570312,7648589,0.0,0.0,0.0
2017-07-06,728.7000122070312,729.343994140625,723.0,726.0999755859375,723.62646484375,5802152,0.0,0.0,0.0
2017-07-07,726.0,728.2000122070312,723.9500122070312,727.4000244140625,724.922119140625,5286114,0.0,0.0,0.0
2017-07-10,730.0,730.7999877929688,726.5360107421875,729.0999755859375,726.6161499023438,3509325,0.0,0.0,0.0
2017-07-11,729.5999755859375,730.5,722.8460083007812,724.7000122070312,722.2311401367188,8181024,0.0,0.0,0.0
2017-07-12,728.2000122070312,735.7000122070312,725.6820068359375,733.5999755859375,731.100830078125,3970687,0.0,0.0,0.0
2017-07-13,733.7999877929688,737.719970703125,732.2999877929688,733.2000122070312,730.7021484375,5927340,0.0,0.0,0.0
2017-07-14,733.5999755859375,733.5999755859375,728.2000122070312,729.7000122070312,727.214111328125,3588478,0.0,0.0,0.0
2017-07-17,731.0,734.9500122070312,730.7999877929688,732.5,730.0048217773438,2753226,0.0,0.0,0.0
2017-07-18,731.2000122070312,734.2999877929688,727.9000244140625,731.0999755859375,728.6093139648438,7154597,0.0,0.0,0.0
2017-07-19,734.0,736.5999755859375,730.1900024414062,735.9000244140625,733.3931884765625,5086911,0.0,0.0,0.0
2017-07-20,736.5999755859375,742.9000244140625,736.5,740.9000244140625,738.3759765625,5607424,0.0,0.0,0.0
2017-07-21,740.2999877929688,743.1480102539062,734.5,736.7000122070312,734.1903686523438,15649349,0.0,0.0,0.0
2017-07-24,735.2000122070312,740.3579711914062,728.4500122070312,729.5999755859375,727.1146240234375,33147440,0.0,0.0,0.0
2017-07-25,731.5999755859375,738.9409790039062,731.5999755859375,735.7000122070312,733.1936645507812,6320200,0.0,0.0,0.0
2017-07-26,736.4000244140625,740.7000122070312,736.0999755859375,736.7999877929688,734.2901000976562,1616934,0.0,0.0,0.0
2017-07-27,734.4000244140625,738.260009765625,733.3499755859375,736.2999877929688,733.7915649414062,2650917,0.0,0.0,0.0
2017-07-28,733.2999877929688,733.7999877929688,726.2000122070312,728.7999877929688,726.317138671875,3871426,0.0,0.0,0.0
2017-07-31,730.5,734.0999755859375,728.7000122070312,729.9000244140625,727.413330078125,2692169,0.0,0.0,0.0
2017-08-01,732.9000244140625,736.2849731445312,731.7999877929688,734.9000244140625,732.3963623046875,5130807,0.0,0.0,0.0
2017-08-02,735.4000244140625,735.625,731.2000122070312,733.5999755859375,731.100830078125,3059821,0.0,0.0,0.0
2017-08-03,732.5,742.0999755859375,732.0999755859375,741.5,738.9739990234375,7289288,0.0,0.0,0.0
2017-08-04,740.0,745.2999877929688,739.7999877929688,744.4000244140625,741.8641967773438,17214631,0.0,0.0,0.0
2017-08-07,745.5,746.9400024414062,745.0,746.7999877929688,744.2559204101562,2419486,0.0,0.0,0.0
2017-08-08,745.7000122070312,748.7000122070312,745.2999877929688,747.2000122070312,744.6544799804688,5107719,0.0,0.0,0.0
2017-08-09,744.2000122070312,744.7440185546875,740.9119873046875,743.4000244140625,740.8677368164062,6682689,0.0,0.0,0.0
2017-08-10,742.7000122070312,743.2000122070312,735.0999755859375,736.5999755859375,734.090576171875,5097189,0.0,0.0,0.0
2017-08-11,730.5,731.5,727.0560302734375,728.2999877929688,725.8189086914062,12465775,0.0,0.0,0.0
2017-08-14,730.9000244140625,735.4000244140625,729.0,733.2000122070312,730.7021484375,4356951,0.0,0.0,0.0
2017-08-15,735.0,739.2999877929688,733.2000122070312,736.5,733.9909057617188,3834011,0.0,0.0,0.0
2017-08-16,739.0999755859375,742.1740112304688,738.5449829101562,740.7000122070312,738.176513671875,3368736,0.0,0.0,0.0
2017-08-17,740.5,741.72998046875,736.7000122070312,738.0,735.4859008789062,2361894,0.0,0.0,0.0
2017-08-18,732.7999877929688,733.2000122070312,728.9000244140625,731.0,728.509521484375,5364489,0.0,0.0,0.0
2017-08-21,728.7000122070312,732.0780029296875,728.4000244140625,731.0,728.509521484375,6159031,0.0,0.0,0.0
2017-08-22,734.5,737.7000122070312,729.7780151367188,736.9000244140625,734.3896484375,3862734,0.0,0.0,0.0
2017-08-23,735.7000122070312,738.0999755859375,734.5,737.4000244140625,734.8880004882812,3214314,0.0,0.0,0.0
2017-08-24,738.7000122070312,742.5,737.7999877929688,739.2000122070312,736.6817016601562,8745486,0.0,0.0,0.0
2017-08-25,740.7000122070312,742.7999877929688,738.9000244140625,738.9000244140625,736.3829345703125,4116946,0.0,0.0,0.0
2017-08-29,733.0999755859375,733.9749755859375,727.7000122070312,732.9000244140625,730.4032592773438,6949373,0.0,0.0,0.0
2017-08-30,736.5999755859375,736.7999877929688,733.7000122070312,735.0999755859375,732.595703125,2522312,0.0,0.0,0.0
2017-08-31,737.5,742.875,736.5,741.5999755859375,739.0734252929688,4731660,0.0,0.0,0.0
2017-09-01,742.7999877929688,744.4000244140625,742.0,742.0,739.472412109375,3423277,0.0,0.0,0.0
2017-09-04,739.2999877929688,741.9500122070312,739.2000122070312,739.2000122070312,736.6817016601562,5408227,0.0,0.0,0.0
2017-09-05,740.0,742.4000244140625,735.4000244140625,736.0999755859375,733.5921020507812,4171486,0.0,0.0,0.0
2017-09-06,734.0999755859375,735.7899780273438,730.9000244140625,733.2999877929688,730.8018188476562,6237385,0.0,0.0,0.0
2017-09-07,736.0,740.2000122070312,733.7000122070312,738.7999877929688,736.2831420898438,3113524,0.0,0.0,0.0
2017-09-08,737.0,737.2999877929688,734.5,736.9000244140625,734.3896484375,3353560,0.0,0.0,0.0
2017-09-11,739.9000244140625,742.2999877929688,737.5,740.2999877929688,737.778076171875,3409180,0.0,0.0,0.0
2017-09-12,741.2000122070312,742.0,734.864013671875,738.7000122070312,736.1834106445312,3460411,0.0,0.0,0.0
2017-09-13,737.0,738.8070068359375,732.4000244140625,736.2999877929688,733.7915649414062,5370261,0.0,0.0,0.0
2017-09-14,727.0,728.9249877929688,718.2000122070312,718.9000244140625,716.54052734375,2964214,9.22,0.0,0.0
2017-09-15,717.4000244140625,717.9990234375,708.916015625,710.2000122070312,707.8690795898438,8306884,0.0,0.0,0.0
2017-09-18,713.5,715.0260009765625,712.0999755859375,715.0,712.6534423828125,5131860,0.0,0.0,0.0
2017-09-19,714.5999755859375,718.2999877929688,713.9000244140625,717.0,714.64697265625,2666969,0.0,0.0,0.0
2017-09-20,717.0999755859375,718.4099731445312,714.5999755859375,717.0,714.64697265625,2130325,0.0,0.0,0.0
2017-09-21,716.9000244140625,718.5,715.5999755859375,716.0,713.6500854492188,1509713,0.0,0.0,0.0
2017-09-22,713.7999877929688,721.4000244140625,713.7999877929688,720.5,718.1354370117188,4288369,0.0,0.0,0.0
2017-09-25,718.0999755859375,720.6729736328125,716.7999877929688,719.5999755859375,717.23828125,2652923,0.0,0.0,0.0
2017-09-26,718.5999755859375,720.7999877929688,716.7999877929688,718.4000244140625,716.0423583984375,3924357,0.0,0.0,0.0
2017-09-27,720.7000122070312,722.2999877929688,718.468017578125,721.9000244140625,719.5307006835938,10454848,0.0,0.0,0.0
2017-09-28,722.2000122070312,722.7999877929688,719.5,722.7999877929688,720.4277954101562,21912554,0.0,0.0,0.0
2017-09-29,724.0,728.5460205078125,721.8629760742188,727.5999755859375,725.2120361328125,19115429,0.0,0.0,0.0
2017-10-02,728.5999755859375,734.0,728.2000122070312,734.0,731.5911254882812,4312832,0.0,0.0,0.0
2017-10-03,734.0,737.0,732.9000244140625,736.7999877929688,734.3820190429688,2307184,0.0,0.0,0.0
2017-10-04,736.2000122070312,737.666015625,735.5599975585938,737.0,734.581298828125,3050146,0.0,0.0,0.0
2017-10-05,737.7999877929688,741.5,737.5999755859375,741.5,739.0663452148438,2520709,0.0,0.0,0.0
2017-10-06,742.0,743.3460083007812,741.7449951171875,743.0,740.561767578125,2545639,0.0,0.0,0.0
2017-10-09,742.0999755859375,742.6519775390625,740.25,741.5,739.0663452148438,2026867,0.0,0.0,0.0
2017-10-10,742.0999755859375,745.2000122070312,741.3660278320312,744.5999755859375,742.1561889648438,2491101,0.0,0.0,0.0
2017-10-11,745.2999877929688,745.4000244140625,742.7000122070312,744.5,742.0563354492188,2023508,0.0,0.0,0.0
2017-10-12,744.0,747.5999755859375,744.0,746.7000122070312,744.2494506835938,6117086,0.0,0.0,0.0
2017-10-13,744.4000244140625,746.8499755859375,743.2659912109375,745.2999877929688,742.85400390625,7255668,0.0,0.0,0.0
2017-10-16,746.7999877929688,746.7999877929688,744.2999877929688,744.2999877929688,741.8574829101562,3318819,0.0,0.0,0.0
2017-10-17,744.2999877929688,746.448974609375,742.1599731445312,742.9000244140625,740.4619750976562,3816295,0.0,0.0,0.0
2017-10-18,744.7000122070312,746.81298828125,744.1500244140625,745.5999755859375,743.153076171875,3079438,0.0,0.0,0.0
2017-10-19,743.7000122070312,744.5700073242188,741.4000244140625,743.9000244140625,741.4586181640625,3584414,0.0,0.0,0.0
2017-10-20,747.4000244140625,747.573974609375,743.0,743.7999877929688,741.3587646484375,2477378,0.0,0.0,0.0
2017-10-23,744.2000122070312,745.56201171875,742.5380249023438,743.7999877929688,741.3587646484375,2545200,0.0,0.0,0.0
2017-10-24,742.7000122070312,744.9000244140625,742.4329833984375,743.7000122070312,741.2589721679688,10874295,0.0,0.0,0.0
2017-10-25,742.5,744.0659790039062,735.7000122070312,736.4000244140625,733.9833374023438,11899326,0.0,0.0,0.0
2017-10-26,737.7000122070312,741.0999755859375,736.5070190429688,741.0999755859375,738.6676635742188,6414058,0.0,0.0,0.0
2017-10-27,741.2000122070312,744.155029296875,740.5,742.5,740.0632934570312,2450513,0.0,0.0,0.0
2017-10-30,741.2999877929688,742.2000122070312,739.9000244140625,741.2000122070312,738.7675170898438,2671250,0.0,0.0,0.0
2017-10-31,741.4000244140625,743.5999755859375,740.4000244140625,741.2999877929688,738.8671264648438,3545689,0.0,0.0,0.0
2017-11-01,744.7000122070312,745.2999877929688,740.5999755859375,740.5999755859375,738.1693115234375,4595481,0.0,0.0,0.0
2017-11-02,739.5999755859375,748.0999755859375,739.5,747.5999755859375,745.1464233398438,5086298,0.0,0.0,0.0
2017-11-03,748.7999877929688,750.0759887695312,746.5,747.9000244140625,745.4456787109375,3175835,0.0,0.0,0.0
2017-11-06,747.5,749.3499755859375,746.5,748.2999877929688,745.8441162109375,2278520,0.0,0.0,0.0
2017-11-07,749.5,750.0999755859375,742.969970703125,743.2999877929688,740.860595703125,2408445,0.0,0.0,0.0
2017-11-08,743.5999755859375,745.2919921875,742.1220092773438,744.7999877929688,742.355712890625,3012154,0.0,0.0,0.0
2017-11-09,744.0999755859375,746.0999755859375,740.4000244140625,741.5999755859375,739.1659545898438,4244617,0.0,0.0,0.0
2017-11-10,742.5,742.9000244140625,735.2780151367188,736.2999877929688,733.883544921875,3009750,0.0,0.0,0.0
2017-11-13,739.2999877929688,740.177978515625,733.5,734.7999877929688,732.388427734375,2707618,0.0,0.0,0.0
2017-11-14,735.7000122070312,736.5,732.968017578125,734.2000122070312,731.7903442382812,2522900,0.0,0.0,0.0
2017-11-15,731.2999877929688,732.7999877929688,729.0,730.7000122070312,728.3019409179688,5845972,0.0,0.0,0.0
2017-11-16,732.0999755859375,733.780029296875,731.5,733.5999755859375,731.1922607421875,6227132,0.0,0.0,0.0
2017-11-17,731.5999755859375,734.7999877929688,730.2000122070312,732.5,730.0961303710938,3332715,0.0,0.0,0.0
2017-11-20,730.5,734.2999877929688,730.2999877929688,733.5999755859375,731.1922607421875,1263816,0.0,0.0,0.0
2017-11-21,732.2000122070312,736.5999755859375,731.2999877929688,735.7000122070312,733.2855224609375,2609570,0.0,0.0,0.0
2017-11-22,735.5,740.2999877929688,735.4000244140625,736.4000244140625,733.9833374023438,2342001,0.0,0.0,0.0
2017-11-23,734.0,737.4000244140625,732.4000244140625,736.7999877929688,734.3820190429688,2653143,0.0,0.0,0.0
2017-11-24,736.5,737.4000244140625,734.4000244140625,736.0,733.5845336914062,3242122,0.0,0.0,0.0
2017-11-27,735.5,738.5999755859375,733.4000244140625,733.4000244140625,730.9931030273438,3175951,0.0,0.0,0.0
2017-11-28,733.9000244140625,741.9000244140625,733.7999877929688,741.0,738.5681762695312,3473164,0.0,0.0,0.0
2017-11-29,737.7000122070312,739.2999877929688,733.9000244140625,734.5999755859375,732.1890258789062,3815821,0.0,0.0,0.0
2017-11-30,731.9000244140625,736.5999755859375,727.4000244140625,727.4000244140625,725.0128784179688,3691206,0.0,0.0,0.0
2017-12-01,727.5,730.7000122070312,724.2999877929688,726.0,723.6174926757812,5365047,0.0,0.0,0.0
2017-12-04,731.0999755859375,731.5999755859375,727.7000122070312,729.2000122070312,726.8067626953125,4125713,0.0,0.0,0.0
2017-12-05,730.9000244140625,732.7000122070312,728.2000122070312,728.2999877929688,725.909912109375,1977892,0.0,0.0,0.0
2017-12-06,725.0999755859375,732.2999877929688,724.7000122070312,730.5,728.1027221679688,3802272,0.0,0.0,0.0
2017-12-07,730.5999755859375,732.5999755859375,727.0,727.7999877929688,725.4114379882812,3710611,0.0,0.0,0.0
2017-12-08,728.5999755859375,737.0999755859375,727.2000122070312,734.9000244140625,732.4882202148438,28700846,0.0,0.0,0.0
2017-12-11,737.2000122070312,741.5,737.2000122070312,741.2000122070312,738.7675170898438,13091580,0.0,0.0,0.0
2017-12-12,741.9000244140625,746.0,740.5999755859375,745.7999877929688,743.3523559570312,3737145,0.0,0.0,0.0
2017-12-13,745.0999755859375,747.0999755859375,744.9000244140625,746.0,743.5516357421875,3646262,0.0,0.0,0.0
2017-12-14,738.5,740.0,735.7999877929688,735.7999877929688,733.4374389648438,4053262,5.3199997,0.0,0.0
2017-12-15,734.7000122070312,739.2000122070312,733.9000244140625,739.2000122070312,736.8265380859375,7044640,0.0,0.0,0.0
2017-12-18,741.5999755859375,744.5,741.2999877929688,744.0999755859375,741.7108764648438,3866766,0.0,0.0,0.0
2017-12-19,744.5,746.2999877929688,743.5999755859375,744.7000122070312,742.3088989257812,8230781,0.0,0.0,0.0
2017-12-20,744.5,745.2999877929688,741.7000122070312,743.4000244140625,741.0133666992188,8184718,0.0,0.0,0.0
2017-12-21,742.5999755859375,751.0999755859375,742.4000244140625,750.5,748.090087890625,4785640,0.0,0.0,0.0
2017-12-22,748.7000122070312,751.7000122070312,746.5999755859375,746.5999755859375,744.2025756835938,1853815,0.0,0.0,0.0
2017-12-27,749.2999877929688,753.2000122070312,749.2999877929688,752.0999755859375,749.685302734375,2442384,0.0,0.0,0.0
2017-12-28,753.9000244140625,753.9000244140625,752.0,752.7999877929688,750.3826904296875,2894013,0.0,0.0,0.0
2017-12-29,752.5999755859375,761.2999877929688,752.5,761.2999877929688,758.8558349609375,2262611,0.0,0.0,0.0
2018-01-02,759.5,759.5,753.0999755859375,755.7000122070312,753.2735595703125,4357031,0.0,0.0,0.0
2018-01-03,756.9000244140625,759.0999755859375,754.5,757.0999755859375,754.6691284179688,4433794,0.0,0.0,0.0
2018-01-04,759.5,760.2000122070312,757.0,759.2000122070312,756.7623291015625,4938838,0.0,0.0,0.0
2018-01-05,760.0,762.9000244140625,759.0999755859375,761.5999755859375,759.1543579101562,11376228,0.0,0.0,0.0
2018-01-08,761.5999755859375,762.2000122070312,756.7999877929688,757.7999877929688,755.3668212890625,32522135,0.0,0.0,0.0
2018-01-09,759.7999877929688,761.7999877929688,759.7999877929688,761.2000122070312,758.755859375,4862326,0.0,0.0,0.0
2018-01-10,760.7000122070312,763.7000122070312,760.0,763.2000122070312,760.7495727539062,3916541,0.0,0.0,0.0
2018-01-11,763.7999877929688,764.7999877929688,761.7999877929688,763.9000244140625,761.4471435546875,3476054,0.0,0.0,0.0
2018-01-12,765.4000244140625,768.2000122070312,764.2000122070312,767.2999877929688,764.83642578125,21252261,0.0,0.0,0.0
2018-01-15,767.0,767.0,765.2000122070312,765.9000244140625,763.4408569335938,4757708,0.0,0.0,0.0
2018-01-16,765.7000122070312,767.9000244140625,763.2000122070312,765.0,762.5437622070312,5150356,0.0,0.0,0.0
2018-01-17,763.2000122070312,764.0999755859375,760.4000244140625,761.5999755859375,759.1543579101562,7710246,0.0,0.0,0.0
2018-01-18,762.5,763.7000122070312,757.7000122070312,759.5,757.0613403320312,5219899,0.0,0.0,0.0
2018-01-19,760.2000122070312,762.5999755859375,758.9000244140625,762.5999755859375,760.1512451171875,4447592,0.0,0.0,0.0
2018-01-22,761.0,763.0999755859375,759.0,759.9000244140625,757.4600219726562,4732379,0.0,0.0,0.0
2018-01-23,762.5,763.0,760.5,761.5,759.0547485351562,9033342,0.0,0.0,0.0
2018-01-24,760.2999877929688,761.5999755859375,754.5,754.5,752.077392578125,13454073,0.0,0.0,0.0
2018-01-25,753.5999755859375,756.0,750.4000244140625,751.4000244140625,748.9873046875,3411658,0.0,0.0,0.0
2018-01-26,752.4000244140625,756.5,752.4000244140625,756.5,754.071044921875,3662414,0.0,0.0,0.0
2018-01-29,756.2000122070312,758.5,756.0,756.7000122070312,754.270263671875,2043437,0.0,0.0,0.0
2018-01-30,752.5999755859375,755.5,748.5,748.5,746.0966796875,2957715,0.0,0.0,0.0
2018-01-31,749.5999755859375,749.7999877929688,741.9000244140625,744.0,741.6110229492188,2738720,0.0,0.0,0.0
2018-02-01,744.5999755859375,745.2000122070312,738.0,739.9000244140625,737.5242309570312,4104880,0.0,0.0,0.0
2018-02-02,738.9000244140625,739.5,733.9000244140625,734.7999877929688,732.440673828125,5498886,0.0,0.0,0.0
2018-02-05,728.2999877929688,728.2999877929688,724.2000122070312,724.2000122070312,721.8746948242188,5720539,0.0,0.0,0.0
2018-02-06,703.0,717.0999755859375,702.4000244140625,705.2000122070312,702.935791015625,25769869,0.0,0.0,0.0
2018-02-07,710.7999877929688,722.2000122070312,708.0,719.4000244140625,717.090087890625,10480125,0.0,0.0,0.0
2018-02-08,714.2000122070312,717.2999877929688,707.7999877929688,708.7999877929688,706.52392578125,5805325,0.0,0.0,0.0
2018-02-09,705.2000122070312,708.2000122070312,699.0,700.2000122070312,697.9518432617188,10407611,0.0,0.0,0.0
2018-02-12,707.4000244140625,711.4000244140625,706.0,708.9000244140625,706.6237182617188,5168261,0.0,0.0,0.0
2018-02-13,709.4000244140625,711.7999877929688,708.0,708.5999755859375,706.3248901367188,4804605,0.0,0.0,0.0
2018-02-14,713.5,715.7000122070312,706.4000244140625,712.2000122070312,709.9132080078125,4559769,0.0,0.0,0.0
2018-02-15,717.4000244140625,720.2999877929688,714.5999755859375,717.7000122070312,715.3955688476562,5993469,0.0,0.0,0.0
2018-02-16,721.0,724.2999877929688,720.7999877929688,723.0,720.6785888671875,12878758,0.0,0.0,0.0
2018-02-19,723.5999755859375,724.2000122070312,718.0999755859375,718.9000244140625,716.5916748046875,2120065,0.0,0.0,0.0
2018-02-20,719.5,719.5,714.5,718.5,716.1929931640625,5567337,0.0,0.0,0.0
2018-02-21,718.2999877929688,722.9000244140625,716.0,721.9000244140625,719.58203125,2193259,0.0,0.0,0.0
2018-02-22,717.0999755859375,722.0,714.5999755859375,721.5,719.1834716796875,4984958,0.0,0.0,0.0
2018-02-23,721.9000244140625,722.0,717.9000244140625,720.2999877929688,717.987060546875,2960408,0.0,0.0,0.0
2018-02-26,723.5,726.7000122070312,721.7999877929688,724.2000122070312,721.8746948242188,2605899,0.0,0.0,0.0
2018-02-27,727.0999755859375,729.2000122070312,722.5999755859375,723.7000122070312,721.3763427734375,3455991,0.0,0.0,0.0
2018-02-28,719.5999755859375,724.5999755859375,718.4000244140625,718.4000244140625,716.0934448242188,3926539,0.0,0.0,0.0
2018-03-01,717.0999755859375,719.0,710.5999755859375,713.0,710.7107543945312,24987050,0.0,0.0,0.0
2018-03-02,708.7999877929688,711.0,702.4000244140625,703.0999755859375,700.8424072265625,12657263,0.0,0.0,0.0
2018-03-05,702.4000244140625,708.0,702.4000244140625,708.0,705.7266845703125,4864146,0.0,0.0,0.0
2018-03-06,713.7000122070312,716.0,710.7999877929688,710.9000244140625,708.6175537109375,3511108,0.0,0.0,0.0
2018-03-07,708.7000122070312,713.9000244140625,707.5,711.7000122070312,709.4147338867188,8018885,0.0,0.0,0.0
2018-03-08,711.4000244140625,717.2999877929688,711.4000244140625,716.7000122070312,714.3987426757812,5264932,0.0,0.0,0.0
2018-03-09,716.5999755859375,719.2000122070312,715.5999755859375,719.2000122070312,716.8908081054688,4713226,0.0,0.0,0.0
2018-03-12,721.2000122070312,721.7999877929688,716.2999877929688,717.7999877929688,715.4953002929688,1891515,0.0,0.0,0.0
2018-03-13,718.0999755859375,718.7999877929688,709.4000244140625,710.5,708.21875,4050810,0.0,0.0,0.0
2018-03-14,711.0,714.2999877929688,708.9000244140625,709.7999877929688,707.5210571289062,1687773,0.0,0.0,0.0
2018-03-15,705.2999877929688,707.5,704.2999877929688,705.7999877929688,703.5873413085938,2872155,5.41,0.0,0.0
2018-03-16,705.2000122070312,710.2999877929688,704.7000122070312,708.5,706.2789916992188,5832075,0.0,0.0,0.0
2018-03-19,706.0,706.0999755859375,695.2000122070312,696.5,694.3164672851562,6821370,0.0,0.0,0.0
2018-03-20,698.9000244140625,700.0999755859375,696.2000122070312,698.2000122070312,696.0112915039062,4478622,0.0,0.0,0.0
2018-03-21,698.5,698.5,694.0,696.5,694.3164672851562,13089262,0.0,0.0,0.0
2018-03-22,692.2999877929688,695.5999755859375,684.5,688.7999877929688,686.6407470703125,5153434,0.0,0.0,0.0
2018-03-23,684.9000244140625,688.0999755859375,680.7000122070312,685.0999755859375,682.9523315429688,6286753,0.0,0.0,0.0
2018-03-26,686.2999877929688,688.7999877929688,679.9000244140625,681.7999877929688,679.6627807617188,3635997,0.0,0.0,0.0
2018-03-27,691.0999755859375,697.2000122070312,690.2000122070312,693.2000122070312,691.0269165039062,5138367,0.0,0.0,0.0
2018-03-28,688.0,698.0999755859375,685.5999755859375,698.0999755859375,695.9115600585938,3782297,0.0,0.0,0.0
2018-03-29,698.0,704.2000122070312,697.5,699.0999755859375,696.9083862304688,5611424,0.0,0.0,0.0
2018-04-03,692.7000122070312,699.2999877929688,692.7000122070312,696.2999877929688,694.1173095703125,2199624,0.0,0.0,0.0
2018-04-04,695.0999755859375,697.2999877929688,690.7000122070312,696.7999877929688,694.6155395507812,3547643,0.0,0.0,0.0
2018-04-05,707.0,714.2999877929688,704.9000244140625,714.2999877929688,712.0608520507812,2543429,0.0,0.0,0.0
2018-04-06,711.7999877929688,715.0999755859375,710.2000122070312,712.0,709.7679443359375,2443174,0.0,0.0,0.0
2018-04-09,714.7999877929688,714.7999877929688,708.4000244140625,713.2000122070312,710.96435546875,2425202,0.0,0.0,0.0
2018-04-10,717.5,720.7000122070312,715.2000122070312,720.7000122070312,718.440673828125,2446650,0.0,0.0,0.0
2018-04-11,718.0999755859375,720.4000244140625,717.7999877929688,719.5,717.2445678710938,2980553,0.0,0.0,0.0
2018-04-12,718.9000244140625,720.2000122070312,717.9000244140625,719.5,717.2445678710938,5336323,0.0,0.0,0.0
2018-04-13,720.4000244140625,721.4000244140625,718.5999755859375,720.5,718.2413940429688,1979085,0.0,0.0,0.0
2018-04-16,720.2999877929688,720.7999877929688,713.5,713.5,711.2633056640625,2916491,0.0,0.0,0.0
2018-04-17,715.0999755859375,717.7999877929688,713.0999755859375,716.5999755859375,714.353515625,4412723,0.0,0.0,0.0
2018-04-18,718.0,726.0999755859375,717.7999877929688,725.4000244140625,723.1259155273438,4704123,0.0,0.0,0.0
2018-04-19,727.4000244140625,728.4000244140625,725.7000122070312,727.5999755859375,725.3189697265625,2781714,0.0,0.0,0.0
2018-04-20,729.7999877929688,731.5999755859375,728.5999755859375,731.5,729.20703125,4662545,0.0,0.0,0.0
2018-04-23,731.9000244140625,735.7999877929688,731.0,735.2999877929688,732.9949340820312,12344449,0.0,0.0,0.0
2018-04-24,736.2000122070312,738.9000244140625,735.2000122070312,738.0,735.6864624023438,3168221,0.0,0.0,0.0
2018-04-25,732.7999877929688,735.4000244140625,728.7000122070312,732.7999877929688,730.5028686523438,4451782,0.0,0.0,0.0
2018-04-26,733.0,737.7999877929688,731.7000122070312,737.5999755859375,735.28759765625,3698504,0.0,0.0,0.0
2018-04-27,739.0,746.4000244140625,738.0,746.4000244140625,744.0601196289062,4017507,0.0,0.0,0.0
2018-04-30,747.0,750.0999755859375,745.9000244140625,745.9000244140625,743.5615844726562,2032749,0.0,0.0,0.0
2018-05-01,747.2000122070312,750.0999755859375,746.0,746.7000122070312,744.3593139648438,2744305,0.0,0.0,0.0
2018-05-02,749.0999755859375,752.2000122070312,748.7000122070312,749.4000244140625,747.0508422851562,3233423,0.0,0.0,0.0
2018-05-03,748.7999877929688,750.7999877929688,744.5999755859375,745.9000244140625,743.5615844726562,2900123,0.0,0.0,0.0
2018-05-04,748.2000122070312,752.2000122070312,747.7000122070312,752.0999755859375,749.742431640625,3798177,0.0,0.0,0.0
2018-05-08,753.9000244140625,755.2000122070312,750.4000244140625,751.7999877929688,749.443115234375,2399128,0.0,0.0,0.0
2018-05-09,754.4000244140625,761.9000244140625,753.9000244140625,761.9000244140625,759.511474609375,3417060,0.0,0.0,0.0
2018-05-10,767.5,768.2999877929688,760.7999877929688,768.2000122070312,765.7919921875,3079458,0.0,0.0,0.0
2018-05-11,768.4000244140625,770.5999755859375,766.7999877929688,770.5,768.0846557617188,3140869,0.0,0.0,0.0
2018-05-14,770.0999755859375,770.4000244140625,766.5,768.7000122070312,766.2904663085938,4301307,0.0,0.0,0.0
2018-05-15,767.0,772.7000122070312,766.5999755859375,770.0,767.5862426757812,3243248,0.0,0.0,0.0
2018-05-16,770.4000244140625,772.5,769.7999877929688,771.5999755859375,769.1810913085938,3357175,0.0,0.0,0.0
2018-05-17,770.2999877929688,777.7000122070312,770.0999755859375,777.7000122070312,775.2620239257812,2729054,0.0,0.0,0.0
2018-05-18,776.2999877929688,777.4000244140625,774.0,776.7999877929688,774.3648071289062,2014717,0.0,0.0,0.0
2018-05-21,780.2999877929688,785.0,779.5,784.7000122070312,782.240234375,3024733,0.0,0.0,0.0
2018-05-22,784.2999877929688,788.9000244140625,784.2999877929688,786.5,784.0344848632812,3032327,0.0,0.0,0.0
2018-05-23,784.4000244140625,785.0,775.2000122070312,777.7999877929688,775.3617553710938,4344780,0.0,0.0,0.0
2018-05-24,779.4000244140625,779.7999877929688,770.5999755859375,770.5999755859375,768.1842041015625,1816992,0.0,0.0,0.0
2018-05-25,774.2999877929688,774.2999877929688,769.2999877929688,772.0999755859375,769.6795043945312,3366175,0.0,0.0,0.0
2018-05-29,767.5,767.5,760.7999877929688,762.5,760.1095581054688,2263156,0.0,0.0,0.0
2018-05-30,762.4000244140625,768.4000244140625,760.4000244140625,768.4000244140625,765.9911499023438,7304192,0.0,0.0,0.0
2018-05-31,770.2999877929688,771.7999877929688,764.5,766.2999877929688,763.8975830078125,2698357,0.0,0.0,0.0
2018-06-01,772.4000244140625,774.2000122070312,769.2000122070312,769.9000244140625,767.4865112304688,2149203,0.0,0.0,0.0
2018-06-04,772.5999755859375,776.5,772.2999877929688,774.2000122070312,771.7730102539062,3704054,0.0,0.0,0.0
2018-06-05,771.0,774.0,768.2999877929688,768.5,766.0907592773438,2095602,0.0,0.0,0.0
2018-06-06,769.5999755859375,772.5999755859375,767.0,771.5,769.0812377929688,1598354,0.0,0.0,0.0
2018-06-07,776.4000244140625,776.5999755859375,770.2000122070312,770.5,768.0846557617188,5791163,0.0,0.0,0.0
2018-06-08,766.7999877929688,772.0,764.5999755859375,769.2999877929688,766.8883056640625,6708191,0.0,0.0,0.0
2018-06-11,771.0,776.0,770.5999755859375,775.5,773.0690307617188,3142847,0.0,0.0,0.0
2018-06-12,776.7999877929688,776.7999877929688,770.7000122070312,771.4000244140625,768.9816284179688,3351734,0.0,0.0,0.0
2018-06-13,770.5,775.0999755859375,768.4000244140625,771.2999877929688,768.8820190429688,2530963,0.0,0.0,0.0
2018-06-14,757.2000122070312,770.7999877929688,756.7999877929688,768.4000244140625,766.084716796875,6027291,9.42,0.0,0.0
2018-06-15,768.4000244140625,769.5,755.2999877929688,755.2999877929688,753.0241088867188,3699596,0.0,0.0,0.0
2018-06-18,755.5,756.4000244140625,752.2000122070312,755.2999877929688,753.0241088867188,2348687,0.0,0.0,0.0
2018-06-19,749.4000244140625,753.5,747.0999755859375,752.2999877929688,750.0332641601562,2337289,0.0,0.0,0.0
2018-06-20,757.0,762.2999877929688,755.2000122070312,755.2000122070312,752.9246826171875,2867536,0.0,0.0,0.0
2018-06-21,758.2999877929688,758.9000244140625,747.0999755859375,747.9000244140625,745.646484375,2668506,0.0,0.0,0.0
2018-06-22,749.7000122070312,760.7999877929688,749.0999755859375,760.7000122070312,758.4080200195312,2871732,0.0,0.0,0.0
2018-06-25,757.2999877929688,758.4000244140625,743.0,743.0,740.7611694335938,4121751,0.0,0.0,0.0
2018-06-26,745.5999755859375,748.4000244140625,743.9000244140625,746.4000244140625,744.1509399414062,3158104,0.0,0.0,0.0
2018-06-27,747.9000244140625,755.4000244140625,743.7999877929688,754.2999877929688,752.0272216796875,3411510,0.0,0.0,0.0
2018-06-28,751.4000244140625,755.2000122070312,750.0,754.7000122070312,752.426025390625,2288350,0.0,0.0,0.0
2018-06-29,759.7999877929688,763.0999755859375,756.5999755859375,756.5999755859375,754.3201904296875,4773753,0.0,0.0,0.0
2018-07-02,750.7000122070312,751.0999755859375,746.7000122070312,747.9000244140625,745.646484375,3188460,0.0,0.0,0.0
2018-07-03,750.7000122070312,755.9000244140625,747.5999755859375,752.2000122070312,749.9336547851562,2840919,0.0,0.0,0.0
2018-07-04,750.0,751.2999877929688,749.4000244140625,750.2000122070312,747.9396362304688,705861,0.0,0.0,0.0
2018-07-05,750.7999877929688,755.0999755859375,750.7000122070312,753.4000244140625,751.1300048828125,1822040,0.0,0.0,0.0
2018-07-06,755.7000122070312,755.9000244140625,750.0,754.5999755859375,752.3263549804688,1961312,0.0,0.0,0.0
2018-07-09,757.2999877929688,762.4000244140625,755.7999877929688,761.5999755859375,759.3051147460938,3266668,0.0,0.0,0.0
2018-07-10,762.5,764.2000122070312,760.9000244140625,761.5999755859375,759.3051147460938,3544352,0.0,0.0,0.0
2018-07-11,755.7999877929688,755.7999877929688,750.7999877929688,752.5,750.2326049804688,2997553,0.0,0.0,0.0
2018-07-12,753.9000244140625,759.0999755859375,752.7000122070312,757.7999877929688,755.5166625976562,1857394,0.0,0.0,0.0
2018-07-13,762.0,764.2999877929688,758.7999877929688,758.7999877929688,756.5136108398438,2096748,0.0,0.0,0.0
2018-07-16,759.5999755859375,759.5999755859375,749.5,752.0999755859375,749.8340454101562,2313742,0.0,0.0,0.0
2018-07-17,752.7000122070312,756.9000244140625,751.0,755.7000122070312,753.4232177734375,1404436,0.0,0.0,0.0
2018-07-18,758.5999755859375,761.0,757.7999877929688,760.7000122070312,758.4080200195312,1870149,0.0,0.0,0.0
2018-07-19,759.7000122070312,763.0,759.2000122070312,761.0,758.7069702148438,2683858,0.0,0.0,0.0
2018-07-20,759.7000122070312,763.0,756.0,760.2000122070312,757.909423828125,1826753,0.0,0.0,0.0
2018-07-23,757.5999755859375,760.5,754.7999877929688,758.0,755.716064453125,2329751,0.0,0.0,0.0
2018-07-24,760.5999755859375,766.5999755859375,757.5999755859375,763.7000122070312,761.3991088867188,4390327,0.0,0.0,0.0
2018-07-25,763.0,763.0999755859375,756.2000122070312,758.0999755859375,755.8157958984375,3125461,0.0,0.0,0.0
2018-07-26,759.2999877929688,760.5,756.7999877929688,758.4000244140625,756.1150512695312,1602065,0.0,0.0,0.0
2018-07-27,761.2999877929688,764.2000122070312,760.0999755859375,762.7000122070312,760.4019165039062,6004894,0.0,0.0,0.0
2018-07-30,758.5,764.2999877929688,758.5,762.7000122070312,760.4019165039062,6368527,0.0,0.0,0.0
2018-07-31,762.0999755859375,770.7999877929688,762.0999755859375,767.7000122070312,765.386962890625,1729892,0.0,0.0,0.0
2018-08-01,767.4000244140625,767.4000244140625,756.5,758.0999755859375,755.8157958984375,2464179,0.0,0.0,0.0
2018-08-02,755.9000244140625,756.2999877929688,747.0999755859375,751.0,748.7371826171875,3196840,0.0,0.0,0.0
2018-08-03,753.7999877929688,759.7000122070312,752.7999877929688,759.2000122070312,756.9124755859375,2678882,0.0,0.0,0.0
2018-08-06,759.9000244140625,761.2000122070312,756.7000122070312,759.2000122070312,756.9124755859375,2069043,0.0,0.0,0.0
2018-08-07,760.7999877929688,767.7999877929688,760.7000122070312,764.9000244140625,762.5953369140625,4026409,0.0,0.0,0.0
2018-08-08,764.7000122070312,771.5999755859375,764.0,770.4000244140625,768.0787353515625,2978117,0.0,0.0,0.0
2018-08-09,771.2000122070312,771.2000122070312,767.7000122070312,770.0,767.679931640625,6452075,0.0,0.0,0.0
2018-08-10,767.2000122070312,767.2999877929688,762.0999755859375,762.7999877929688,760.5015258789062,3857819,0.0,0.0,0.0
2018-08-13,760.5999755859375,761.9000244140625,757.7999877929688,760.7999877929688,758.5076904296875,1465378,0.0,0.0,0.0
2018-08-14,762.7000122070312,762.7999877929688,756.0,757.2999877929688,755.0181884765625,2194309,0.0,0.0,0.0
2018-08-15,759.2999877929688,759.2999877929688,744.0,746.2999877929688,744.0513305664062,4957409,0.0,0.0,0.0
2018-08-16,750.0,754.4000244140625,748.7000122070312,753.5999755859375,751.3292846679688,1766476,0.0,0.0,0.0
2018-08-17,753.4000244140625,755.0999755859375,749.2000122070312,754.5999755859375,752.3263549804688,1881985,0.0,0.0,0.0
2018-08-20,755.4000244140625,759.5,754.7999877929688,757.2999877929688,755.0181884765625,1996354,0.0,0.0,0.0
2018-08-21,755.2999877929688,758.0999755859375,753.7999877929688,754.9000244140625,752.6253051757812,1119519,0.0,0.0,0.0
2018-08-22,751.7999877929688,758.9000244140625,751.2000122070312,755.9000244140625,753.622314453125,3172858,0.0,0.0,0.0
2018-08-23,755.5999755859375,758.5999755859375,754.7000122070312,755.4000244140625,753.1238403320312,2470214,0.0,0.0,0.0
2018-08-24,754.5999755859375,757.4000244140625,754.5999755859375,756.7000122070312,754.420166015625,2121234,0.0,0.0,0.0
2018-08-28,761.2999877929688,762.2999877929688,757.9000244140625,760.0999755859375,757.8097534179688,4263659,0.0,0.0,0.0
2018-08-29,760.7000122070312,761.7999877929688,752.7999877929688,754.7999877929688,752.525634765625,3918805,0.0,0.0,0.0
2018-08-30,752.7000122070312,752.7000122070312,748.4000244140625,749.9000244140625,747.6405029296875,3402638,0.0,0.0,0.0
2018-08-31,749.5,749.5,741.7000122070312,741.7999877929688,739.5650024414062,5298414,0.0,0.0,0.0
2018-09-03,744.0999755859375,750.4000244140625,744.0999755859375,749.5999755859375,747.3413696289062,2230863,0.0,0.0,0.0
2018-09-04,750.9000244140625,752.0999755859375,742.7000122070312,744.2999877929688,742.0574340820312,2729231,0.0,0.0,0.0
2018-09-05,741.2000122070312,743.4000244140625,734.5,736.9000244140625,734.6797485351562,4224950,0.0,0.0,0.0
2018-09-06,736.2999877929688,739.4000244140625,730.7000122070312,731.0,728.7974853515625,4310838,0.0,0.0,0.0
2018-09-07,731.5999755859375,732.2000122070312,722.2000122070312,726.7999877929688,724.6101684570312,5016558,0.0,0.0,0.0
2018-09-10,728.2000122070312,730.4000244140625,725.9000244140625,727.7000122070312,725.50732421875,2567571,0.0,0.0,0.0
2018-09-11,727.0,727.2000122070312,721.7999877929688,727.0,724.8096313476562,2706840,0.0,0.0,0.0
2018-09-12,726.2999877929688,731.9000244140625,724.5999755859375,730.5999755859375,728.3986206054688,2838235,0.0,0.0,0.0
2018-09-13,721.0,722.4000244140625,718.2999877929688,719.0,716.9220581054688,2192860,9.01,0.0,0.0
2018-09-14,721.9000244140625,722.7999877929688,719.2000122070312,720.9000244140625,718.8167114257812,2664294,0.0,0.0,0.0
2018-09-17,719.9000244140625,722.4000244140625,717.5999755859375,720.5999755859375,718.5172119140625,2759975,0.0,0.0,0.0
2018-09-18,719.7000122070312,722.7000122070312,718.9000244140625,720.7999877929688,718.716796875,2783372,0.0,0.0,0.0
2018-09-19,721.2999877929688,725.0999755859375,718.7999877929688,723.5,721.4088745117188,4372113,0.0,0.0,0.0
2018-09-20,723.5999755859375,727.5,723.2000122070312,727.5,725.3975219726562,4454888,0.0,0.0,0.0
2018-09-21,731.2000122070312,740.0999755859375,730.7999877929688,739.4000244140625,737.262939453125,3401856,0.0,0.0,0.0
2018-09-24,736.7999877929688,739.2999877929688,735.7000122070312,736.4000244140625,734.271728515625,1617705,0.0,0.0,0.0
2018-09-25,736.7999877929688,742.0,736.0999755859375,741.0,738.8583374023438,2669677,0.0,0.0,0.0
2018-09-26,740.5999755859375,742.7000122070312,739.4000244140625,742.2999877929688,740.1546630859375,1775787,0.0,0.0,0.0
2018-09-27,739.7000122070312,745.7000122070312,739.5,744.9000244140625,742.7471923828125,2527074,0.0,0.0,0.0
2018-09-28,742.7999877929688,745.0999755859375,738.0999755859375,741.7000122070312,739.5565795898438,3954608,0.0,0.0,0.0
2018-10-01,738.5999755859375,743.0,737.0999755859375,740.2000122070312,738.0609130859375,4873229,0.0,0.0,0.0
2018-10-02,737.2000122070312,739.2999877929688,735.2000122070312,738.0,735.866943359375,5092926,0.0,0.0,0.0
2018-10-03,740.0,743.0,738.4000244140625,741.7999877929688,739.6561889648438,1774000,0.0,0.0,0.0
2018-10-04,740.2999877929688,740.5999755859375,732.7999877929688,733.5,731.3800048828125,5388932,0.0,0.0,0.0
2018-10-05,732.7000122070312,733.0,723.2999877929688,723.2999877929688,721.2095336914062,3399628,0.0,0.0,0.0
2018-10-08,723.0,723.7999877929688,715.0999755859375,715.0999755859375,713.0333862304688,2251777,0.0,0.0,0.0
2018-10-09,716.0999755859375,716.7000122070312,710.4000244140625,715.9000244140625,713.8308715820312,3849092,0.0,0.0,0.0
2018-10-10,714.9000244140625,716.0,706.5999755859375,706.5999755859375,704.5576782226562,2946570,0.0,0.0,0.0
2018-10-11,698.2999877929688,700.7000122070312,692.9000244140625,694.2000122070312,692.1936645507812,6723267,0.0,0.0,0.0
2018-10-12,697.5,700.2999877929688,692.2999877929688,692.4000244140625,690.3988647460938,7565492,0.0,0.0,0.0
2018-10-15,692.9000244140625,696.7999877929688,689.0999755859375,695.5,693.489990234375,4072077,0.0,0.0,0.0
2018-10-16,695.4000244140625,699.0999755859375,693.0,698.9000244140625,696.880126953125,3119556,0.0,0.0,0.0
2018-10-17,701.5,701.5,694.9000244140625,698.5999755859375,696.5808715820312,3359880,0.0,0.0,0.0
2018-10-18,697.4000244140625,701.0,695.5999755859375,695.5999755859375,693.5897216796875,4179604,0.0,0.0,0.0
2018-10-19,697.0,699.7999877929688,694.2999877929688,698.2000122070312,696.1822509765625,3725049,0.0,0.0,0.0
2018-10-22,700.2000122070312,704.2999877929688,697.2999877929688,697.7000122070312,695.6835327148438,2558902,0.0,0.0,0.0
2018-10-23,691.0,693.9000244140625,686.2000122070312,688.7999877929688,686.8093872070312,6239453,0.0,0.0,0.0
2018-10-24,691.9000244140625,697.7999877929688,689.4000244140625,689.5,687.5072021484375,3314736,0.0,0.0,0.0
2018-10-25,683.2000122070312,693.2999877929688,682.0999755859375,693.0999755859375,691.0968627929688,3470610,0.0,0.0,0.0
2018-10-26,687.5,687.7999877929688,678.7999877929688,687.0999755859375,685.1141967773438,5045809,0.0,0.0,0.0
2018-10-29,690.5999755859375,701.5,690.2999877929688,695.7999877929688,693.7888793945312,5588784,0.0,0.0,0.0
2018-10-30,697.5999755859375,698.7999877929688,692.2999877929688,696.5,694.4869995117188,3743100,0.0,0.0,0.0
2018-10-31,704.7000122070312,709.0,704.5999755859375,706.2000122070312,704.1590576171875,4906006,0.0,0.0,0.0
2018-11-01,701.7999877929688,709.5999755859375,701.7999877929688,704.4000244140625,702.3643188476562,4927256,0.0,0.0,0.0
2018-11-02,712.2999877929688,712.7000122070312,702.0,702.0,699.9710693359375,4831601,0.0,0.0,0.0
2018-11-05,701.0999755859375,707.2999877929688,700.9000244140625,703.4000244140625,701.3671264648438,5234216,0.0,0.0,0.0
2018-11-06,704.4000244140625,704.5999755859375,696.2000122070312,698.0,695.9827270507812,3985381,0.0,0.0,0.0
2018-11-07,701.9000244140625,706.5999755859375,701.5,705.0999755859375,703.062255859375,3089718,0.0,0.0,0.0
2018-11-08,707.5999755859375,710.5999755859375,705.2999877929688,708.0999755859375,706.0535888671875,2597195,0.0,0.0,0.0
2018-11-09,704.0,705.0999755859375,701.0,704.4000244140625,702.3643188476562,2805067,0.0,0.0,0.0
2018-11-12,709.2999877929688,710.4000244140625,699.7999877929688,700.0,697.9769897460938,8630538,0.0,0.0,0.0
2018-11-13,702.0999755859375,704.0,695.5999755859375,698.9000244140625,696.880126953125,11668637,0.0,0.0,0.0
2018-11-14,696.0,705.0999755859375,691.9000244140625,697.2000122070312,695.1849975585938,3479806,0.0,0.0,0.0
2018-11-15,700.9000244140625,703.2999877929688,693.4000244140625,699.4000244140625,697.3787231445312,9517388,0.0,0.0,0.0
2018-11-16,702.0,704.4000244140625,692.4000244140625,696.5,694.4869995117188,5985195,0.0,0.0,0.0
2018-11-19,698.5999755859375,702.4000244140625,695.2999877929688,696.0,693.9884643554688,1941384,0.0,0.0,0.0
2018-11-20,693.4000244140625,695.9000244140625,686.0,690.0999755859375,688.1055297851562,3235159,0.0,0.0,0.0
2018-11-21,691.9000244140625,701.2999877929688,691.2000122070312,700.4000244140625,698.3758544921875,5230901,0.0,0.0,0.0
2018-11-22,699.2999877929688,699.5999755859375,691.0,692.5999755859375,690.5982666015625,2439355,0.0,0.0,0.0
2018-11-23,691.7000122070312,695.0999755859375,687.7000122070312,692.0,690.0000610351562,3257821,0.0,0.0,0.0
2018-11-26,696.0,701.0,696.0,699.9000244140625,697.877197265625,2912058,0.0,0.0,0.0
2018-11-27,700.7999877929688,700.9000244140625,695.0,698.0999755859375,696.0823974609375,2880011,0.0,0.0,0.0
2018-11-28,700.5,702.0999755859375,695.2999877929688,697.0999755859375,695.0853881835938,2941428,0.0,0.0,0.0
2018-11-29,701.2000122070312,704.2000122070312,698.5,700.2999877929688,698.2760620117188,3818134,0.0,0.0,0.0
2018-11-30,700.2999877929688,700.4000244140625,692.5999755859375,694.2000122070312,692.1936645507812,3699933,0.0,0.0,0.0
2018-12-03,707.5999755859375,710.5,701.5,702.5999755859375,700.5693359375,3073918,0.0,0.0,0.0
2018-12-04,705.0999755859375,705.0999755859375,696.7999877929688,699.0999755859375,697.0795288085938,2906103,0.0,0.0,0.0
2018-12-05,693.4000244140625,693.5,688.7000122070312,688.7000122070312,686.709716796875,3200556,0.0,0.0,0.0
2018-12-06,683.0999755859375,683.2000122070312,664.4000244140625,667.2000122070312,665.2716064453125,8824749,0.0,0.0,0.0
2018-12-07,671.0,682.9000244140625,671.0,673.9000244140625,671.9523315429688,4629144,0.0,0.0,0.0
2018-12-10,672.2999877929688,678.0999755859375,668.5999755859375,669.4000244140625,667.4653930664062,4716594,0.0,0.0,0.0
2018-12-11,673.5999755859375,682.0,670.7999877929688,677.9000244140625,675.94091796875,4380140,0.0,0.0,0.0
2018-12-12,679.9000244140625,686.9000244140625,679.5,684.5999755859375,682.6213989257812,2421289,0.0,0.0,0.0
2018-12-13,680.9000244140625,681.5999755859375,676.2999877929688,679.0999755859375,677.1940307617188,2368239,5.73,0.0,0.0
2018-12-14,673.5,677.7999877929688,670.2000122070312,675.7000122070312,673.8035888671875,2348072,0.0,0.0,0.0
2018-12-17,674.5999755859375,675.0999755859375,667.2000122070312,667.9000244140625,666.0252685546875,7221299,0.0,0.0,0.0
2018-12-18,665.7000122070312,667.0,661.4000244140625,661.4000244140625,659.5436401367188,5621744,0.0,0.0,0.0
2018-12-19,662.0,669.7000122070312,661.9000244140625,667.7999877929688,665.9257202148438,4111676,0.0,0.0,0.0
2018-12-20,658.7000122070312,667.5,656.0,662.7999877929688,660.939697265625,4571830,0.0,0.0,0.0
2018-12-21,663.5,664.7000122070312,656.7000122070312,662.0999755859375,660.2416381835938,3172267,0.0,0.0,0.0
2018-12-24,659.5,660.9000244140625,657.2999877929688,660.0,658.1474609375,868777,0.0,0.0,0.0
2018-12-27,656.5,664.4000244140625,646.0999755859375,651.5999755859375,649.7711791992188,3368170,0.0,0.0,0.0
2018-12-28,656.7000122070312,666.2999877929688,655.0999755859375,666.2999877929688,664.429931640625,2221736,0.0,0.0,0.0
2018-12-31,666.7000122070312,667.2999877929688,664.0,665.4000244140625,663.5324096679688,1018948,0.0,0.0,0.0
2019-01-02,654.7000122070312,667.0,652.2000122070312,665.4000244140625,663.5324096679688,5107996,0.0,0.0,0.0
2019-01-03,661.0,666.9000244140625,660.2999877929688,661.0,659.144775390625,8575653,0.0,0.0,0.0
2019-01-04,666.9000244140625,676.2000122070312,664.0,674.5999755859375,672.706787109375,4431171,0.0,0.0,0.0
2019-01-07,677.5999755859375,678.0999755859375,669.2999877929688,672.7000122070312,670.8120727539062,4629466,0.0,0.0,0.0
2019-01-08,672.0,681.7000122070312,672.0,677.5,675.5985107421875,7461453,0.0,0.0,0.0
2019-01-09,683.2999877929688,685.4000244140625,681.0999755859375,682.5999755859375,680.6841430664062,3490112,0.0,0.0,0.0
2019-01-10,680.0999755859375,686.2999877929688,677.7000122070312,686.0,684.074462890625,3626108,0.0,0.0,0.0
2019-01-11,688.0,691.7000122070312,682.0,683.5999755859375,681.681396484375,4915198,0.0,0.0,0.0
2019-01-14,679.2000122070312,680.9000244140625,676.0,676.9000244140625,675.0001220703125,4778911,0.0,0.0,0.0
2019-01-15,681.5,682.5999755859375,676.7000122070312,681.4000244140625,679.4874267578125,1941115,0.0,0.0,0.0
2019-01-16,682.4000244140625,683.0,676.5,678.4000244140625,676.4959716796875,2775512,0.0,0.0,0.0
2019-01-17,675.0,677.0,671.7000122070312,675.9000244140625,674.0029296875,4254041,0.0,0.0,0.0
2019-01-18,679.2999877929688,690.4000244140625,679.2999877929688,688.5999755859375,686.6673583984375,6197414,0.0,0.0,0.0
2019-01-21,688.9000244140625,690.5999755859375,687.5,689.2999877929688,687.3653564453125,2173468,0.0,0.0,0.0
2019-01-22,685.7000122070312,688.2000122070312,680.2000122070312,682.4000244140625,680.484619140625,7186494,0.0,0.0,0.0
2019-01-23,679.4000244140625,681.7000122070312,675.7000122070312,676.2999877929688,674.4019165039062,6128242,0.0,0.0,0.0
2019-01-24,676.7000122070312,677.0999755859375,672.5,673.7999877929688,671.9087524414062,2708160,0.0,0.0,0.0
2019-01-25,673.9000244140625,677.7999877929688,673.0,673.0,671.1110229492188,7037079,0.0,0.0,0.0
2019-01-28,671.9000244140625,673.2999877929688,665.7999877929688,666.7999877929688,664.9284057617188,3783741,0.0,0.0,0.0
2019-01-29,669.5999755859375,677.9000244140625,669.5999755859375,674.9000244140625,673.0056762695312,4014664,0.0,0.0,0.0
2019-01-30,679.5999755859375,688.5,679.0,686.4000244140625,684.4736328125,3009141,0.0,0.0,0.0
2019-01-31,687.9000244140625,691.0,686.2999877929688,688.7999877929688,686.86669921875,3149105,0.0,0.0,0.0
2019-02-01,690.0,694.0,689.0,693.5999755859375,691.6531372070312,2240146,0.0,0.0,0.0
2019-02-04,693.4000244140625,696.2000122070312,692.5,695.7000122070312,693.7473754882812,2756145,0.0,0.0,0.0
2019-02-05,697.5,709.5999755859375,697.5,709.2999877929688,707.3092041015625,4410486,0.0,0.0,0.0
2019-02-06,708.0,710.0999755859375,706.5,708.7000122070312,706.7108764648438,7423597,0.0,0.0,0.0
2019-02-07,707.5999755859375,710.0999755859375,700.9000244140625,700.9000244140625,698.9327392578125,2327964,0.0,0.0,0.0
2019-02-08,700.4000244140625,702.9000244140625,698.2000122070312,698.7999877929688,696.8386840820312,4075304,0.0,0.0,0.0
2019-02-11,702.5,706.5999755859375,700.7999877929688,704.7000122070312,702.7220458984375,2175914,0.0,0.0,0.0
2019-02-12,707.7000122070312,708.4000244140625,703.2999877929688,704.5999755859375,702.622314453125,12504323,0.0,0.0,0.0
2019-02-13,707.4000244140625,711.7000122070312,705.9000244140625,710.0,708.0072631835938,3093376,0.0,0.0,0.0
2019-02-14,714.4000244140625,716.0,711.5,712.9000244140625,710.899169921875,3405769,0.0,0.0,0.0
2019-02-15,711.7999877929688,718.9000244140625,711.7000122070312,716.5999755859375,714.5888671875,2326160,0.0,0.0,0.0
2019-02-18,716.5999755859375,717.0999755859375,714.4000244140625,714.9000244140625,712.8934936523438,1704651,0.0,0.0,0.0
2019-02-19,714.4000244140625,714.4000244140625,709.7999877929688,711.0,709.0043334960938,8540240,0.0,0.0,0.0
2019-02-20,712.5999755859375,716.7000122070312,711.2999877929688,716.2999877929688,714.2894897460938,3775175,0.0,0.0,0.0
2019-02-21,716.7000122070312,716.7000122070312,709.7000122070312,712.5,710.5001831054688,3069416,0.0,0.0,0.0
2019-02-22,713.2999877929688,717.5,712.2000122070312,713.4000244140625,711.3978271484375,3728073,0.0,0.0,0.0
2019-02-25,715.0999755859375,716.2000122070312,711.4000244140625,713.9000244140625,711.8963623046875,2951370,0.0,0.0,0.0
2019-02-26,709.7000122070312,712.2000122070312,704.5999755859375,710.0999755859375,708.1069946289062,4899420,0.0,0.0,0.0
2019-02-27,707.2000122070312,707.4000244140625,703.0999755859375,705.7000122070312,703.7192993164062,6249736,0.0,0.0,0.0
2019-02-28,703.9000244140625,705.4000244140625,700.5,703.5,701.5254516601562,4268683,0.0,0.0,0.0
2019-03-01,707.4000244140625,708.9000244140625,704.5999755859375,706.0,704.0184936523438,11789505,0.0,0.0,0.0
2019-03-04,708.4000244140625,712.0,707.2000122070312,708.7999877929688,706.8104858398438,2616696,0.0,0.0,0.0
2019-03-05,709.2999877929688,714.4000244140625,708.2000122070312,713.7000122070312,711.6968383789062,6023289,0.0,0.0,0.0
2019-03-06,713.4000244140625,716.7000122070312,713.2999877929688,715.2000122070312,713.19287109375,2721567,0.0,0.0,0.0
2019-03-07,713.0,716.0999755859375,709.7999877929688,712.7000122070312,710.69970703125,2214411,0.0,0.0,0.0
2019-03-08,708.5999755859375,709.7000122070312,704.7999877929688,707.7000122070312,705.713623046875,4403037,0.0,0.0,0.0
2019-03-11,712.2999877929688,715.2000122070312,708.2000122070312,709.9000244140625,707.9074096679688,2597254,0.0,0.0,0.0
2019-03-12,710.5,713.9000244140625,705.7000122070312,712.4000244140625,710.400390625,3892137,0.0,0.0,0.0
2019-03-13,711.5,715.9000244140625,710.5,713.2000122070312,711.1983032226562,2880032,0.0,0.0,0.0
2019-03-14,707.0,712.0,705.7999877929688,709.5999755859375,707.6788940429688,3064074,7.12,0.0,0.0
2019-03-15,712.0,714.2000122070312,711.0,712.7999877929688,710.8703002929688,23048020,0.0,0.0,0.0
2019-03-18,714.7999877929688,720.2000122070312,714.7000122070312,720.2000122070312,718.2504272460938,2728073,0.0,0.0,0.0
2019-03-19,720.0,725.0,719.5,722.4000244140625,720.4442749023438,3176987,0.0,0.0,0.0
2019-03-20,721.0,724.0999755859375,719.5999755859375,719.5999755859375,717.6519165039062,2711194,0.0,0.0,0.0
2019-03-21,721.9000244140625,728.0999755859375,721.4000244140625,726.7999877929688,724.83251953125,5022695,0.0,0.0,0.0
2019-03-22,725.7000122070312,725.9000244140625,709.5,710.7999877929688,708.8756713867188,20596874,0.0,0.0,0.0
2019-03-25,707.2000122070312,711.0999755859375,705.0,708.4000244140625,706.4822998046875,3300017,0.0,0.0,0.0
2019-03-26,710.0,712.2999877929688,707.4000244140625,710.2999877929688,708.377197265625,2808325,0.0,0.0,0.0
2019-03-27,712.5999755859375,712.5999755859375,706.0,709.2999877929688,707.3798217773438,3435542,0.0,0.0,0.0
2019-03-28,711.5,717.2000122070312,711.5,714.4000244140625,712.466064453125,4462019,0.0,0.0,0.0
2019-03-29,717.9000244140625,719.2999877929688,714.7000122070312,719.0,717.0536499023438,3604649,0.0,0.0,0.0
2019-04-01,721.0999755859375,726.0,721.0999755859375,723.0999755859375,721.142578125,4673200,0.0,0.0,0.0
2019-04-02,725.7000122070312,731.2000122070312,724.5999755859375,730.0999755859375,728.1235961914062,3100549,0.0,0.0,0.0
2019-04-03,730.5999755859375,732.9000244140625,729.4000244140625,732.7000122070312,730.7163696289062,2505692,0.0,0.0,0.0
2019-04-04,730.2000122070312,732.9000244140625,728.9000244140625,732.7000122070312,730.7163696289062,2875555,0.0,0.0,0.0
2019-04-05,733.5999755859375,738.2000122070312,732.4000244140625,736.7999877929688,734.8053588867188,2495949,0.0,0.0,0.0
2019-04-08,736.5999755859375,738.0999755859375,734.4000244140625,736.7999877929688,734.8053588867188,2987848,0.0,0.0,0.0
2019-04-09,734.9000244140625,739.5999755859375,733.5,734.9000244140625,732.9107055664062,3213213,0.0,0.0,0.0
2019-04-10,734.7000122070312,736.2999877929688,733.4000244140625,734.9000244140625,732.9107055664062,2212840,0.0,0.0,0.0
2019-04-11,735.0999755859375,737.0999755859375,732.0,734.7000122070312,732.7111206054688,5150536,0.0,0.0,0.0
2019-04-12,735.5,738.5,735.0,736.5999755859375,734.60595703125,2053110,0.0,0.0,0.0
2019-04-15,738.0999755859375,738.0999755859375,735.0,736.7000122070312,734.7058715820312,2097702,0.0,0.0,0.0
2019-04-16,737.9000244140625,741.5,736.9000244140625,739.5999755859375,737.5979614257812,5202013,0.0,0.0,0.0
2019-04-17,738.2999877929688,740.9000244140625,737.7999877929688,739.5999755859375,737.5979614257812,2983891,0.0,0.0,0.0
2019-04-18,739.0999755859375,740.7000122070312,736.9000244140625,739.7000122070312,737.6974487304688,2496272,0.0,0.0,0.0
2019-04-23,742.5,745.9000244140625,740.0999755859375,745.4000244140625,743.3822631835938,3156846,0.0,0.0,0.0
2019-04-24,744.5,744.7999877929688,739.0,740.7999877929688,738.7944946289062,3887682,0.0,0.0,0.0
2019-04-25,740.0,740.0,734.7999877929688,737.7999877929688,735.8026733398438,3174722,0.0,0.0,0.0
2019-04-26,735.4000244140625,737.5,734.2999877929688,736.4000244140625,734.4064331054688,4905758,0.0,0.0,0.0
2019-04-29,737.7000122070312,739.7000122070312,735.0999755859375,738.5999755859375,736.6004638671875,3769706,0.0,0.0,0.0
2019-04-30,738.2999877929688,740.2999877929688,733.7000122070312,736.9000244140625,734.9050903320312,2844928,0.0,0.0,0.0
2019-05-01,737.5,739.0,732.5999755859375,733.2999877929688,731.3146362304688,1856550,0.0,0.0,0.0
2019-05-02,730.2000122070312,734.2000122070312,728.7999877929688,730.0,728.0238037109375,5855183,0.0,0.0,0.0
2019-05-03,731.2999877929688,736.2000122070312,730.9000244140625,732.9000244140625,730.9158325195312,2941610,0.0,0.0,0.0
2019-05-07,728.2000122070312,732.0,720.0,720.5999755859375,718.6491088867188,4223804,0.0,0.0,0.0
2019-05-08,720.0999755859375,722.2999877929688,717.2999877929688,721.7999877929688,719.8461303710938,4403607,0.0,0.0,0.0
2019-05-09,717.5,721.5999755859375,715.0,715.9000244140625,713.9619140625,2721091,0.0,0.0,0.0
2019-05-10,720.2000122070312,722.2000122070312,714.2999877929688,714.9000244140625,712.9647216796875,5451330,0.0,0.0,0.0
2019-05-13,717.0999755859375,717.2000122070312,710.9000244140625,711.7999877929688,709.8729248046875,4623761,0.0,0.0,0.0
2019-05-14,714.0999755859375,720.2000122070312,714.0999755859375,720.2000122070312,718.2504272460938,3135134,0.0,0.0,0.0
2019-05-15,721.5,726.4000244140625,718.2000122070312,725.0999755859375,723.1371459960938,3345564,0.0,0.0,0.0
2019-05-16,725.2999877929688,733.5,724.2000122070312,733.5,731.5142822265625,3368266,0.0,0.0,0.0
2019-05-17,731.2999877929688,733.2000122070312,728.5999755859375,732.4000244140625,730.4172973632812,3214725,0.0,0.0,0.0
2019-05-20,733.2999877929688,733.5,724.2999877929688,729.0,727.0264282226562,2324231,0.0,0.0,0.0
2019-05-21,731.2000122070312,734.5999755859375,729.4000244140625,731.2999877929688,729.3203735351562,3680166,0.0,0.0,0.0
2019-05-22,733.2999877929688,735.0,729.7000122070312,731.2999877929688,729.3203735351562,3091196,0.0,0.0,0.0
2019-05-23,728.0999755859375,728.5,719.2999877929688,721.0999755859375,719.1477661132812,4371042,0.0,0.0,0.0
2019-05-24,724.0,728.2000122070312,723.5,725.7999877929688,723.835205078125,2544401,0.0,0.0,0.0
2019-05-28,727.5,729.5999755859375,724.0,724.0,722.040283203125,2050649,0.0,0.0,0.0
2019-05-29,720.2000122070312,720.7000122070312,713.2999877929688,716.9000244140625,714.9592895507812,4026178,0.0,0.0,0.0
2019-05-30,717.9000244140625,722.0999755859375,717.9000244140625,720.9000244140625,718.9486083984375,3497922,0.0,0.0,0.0
2019-05-31,715.9000244140625,715.9000244140625,711.7999877929688,714.7999877929688,712.8649291992188,3957182,0.0,0.0,0.0
2019-06-03,710.0,717.4000244140625,706.7000122070312,717.2000122070312,715.2584228515625,3365451,0.0,0.0,0.0
2019-06-04,714.0999755859375,721.0,713.0,720.2000122070312,718.2504272460938,2917136,0.0,0.0,0.0
2019-06-05,720.7000122070312,724.5999755859375,718.7999877929688,720.5999755859375,718.6491088867188,4217628,0.0,0.0,0.0
2019-06-06,722.4000244140625,727.0,722.0999755859375,725.5999755859375,723.6356201171875,3593173,0.0,0.0,0.0
2019-06-07,727.0,734.2999877929688,726.7000122070312,732.7999877929688,730.816162109375,3216709,0.0,0.0,0.0
2019-06-10,736.4000244140625,737.7000122070312,735.5,737.2999877929688,735.303955078125,2923706,0.0,0.0,0.0
2019-06-11,739.2999877929688,741.4000244140625,739.0,739.0,736.9996337890625,3865580,0.0,0.0,0.0
2019-06-12,736.2999877929688,737.4000244140625,732.5,735.9000244140625,733.9078369140625,4051076,0.0,0.0,0.0
2019-06-13,726.7999877929688,728.5999755859375,724.9000244140625,725.9000244140625,724.0388793945312,1901812,10.559999,0.0,0.0
2019-06-14,725.0,725.4000244140625,721.2999877929688,724.2000122070312,722.343017578125,2896921,0.0,0.0,0.0
2019-06-17,724.9000244140625,726.5,722.0999755859375,725.2000122070312,723.340576171875,4070771,0.0,0.0,0.0
2019-06-18,726.0999755859375,736.0,724.0999755859375,733.7000122070312,731.8189697265625,5601925,0.0,0.0,0.0
2019-06-19,734.5,735.0,729.5,729.5,727.6295166015625,2208408,0.0,0.0,0.0
2019-06-20,732.7999877929688,735.4000244140625,731.2000122070312,732.2000122070312,730.3226318359375,3395032,0.0,0.0,0.0
2019-06-21,732.2000122070312,735.2999877929688,728.5999755859375,730.5999755859375,728.7265625,3716859,0.0,0.0,0.0
2019-06-24,729.7999877929688,733.4000244140625,729.7999877929688,731.7000122070312,729.823974609375,2488174,0.0,0.0,0.0
2019-06-25,728.7999877929688,732.5999755859375,727.5,732.0999755859375,730.2227783203125,1879946,0.0,0.0,0.0
2019-06-26,730.7000122070312,733.5,730.7000122070312,731.4000244140625,729.5248413085938,2420619,0.0,0.0,0.0
2019-06-27,733.0,734.0999755859375,728.2999877929688,730.5,728.6268310546875,1880377,0.0,0.0,0.0
2019-06-28,730.2999877929688,733.9000244140625,730.2000122070312,733.4000244140625,731.5194702148438,3405087,0.0,0.0,0.0
2019-07-01,739.7000122070312,743.7000122070312,739.5,740.5999755859375,738.7009887695312,3660791,0.0,0.0,0.0
2019-07-02,743.4000244140625,747.0,741.7000122070312,746.0999755859375,744.1869506835938,2221474,0.0,0.0,0.0
2019-07-03,749.0,752.4000244140625,747.5999755859375,751.2000122070312,749.2738647460938,3491554,0.0,0.0,0.0
2019-07-04,751.7999877929688,752.7000122070312,750.5,751.0999755859375,749.174072265625,1480523,0.0,0.0,0.0
2019-07-05,750.5999755859375,750.5999755859375,744.7999877929688,745.9000244140625,743.9874877929688,3688139,0.0,0.0,0.0
2019-07-08,744.7000122070312,747.7000122070312,744.7000122070312,745.2999877929688,743.38916015625,1981112,0.0,0.0,0.0
2019-07-09,744.2999877929688,745.5999755859375,742.2999877929688,743.7000122070312,741.7931518554688,2767313,0.0,0.0,0.0
2019-07-10,742.7999877929688,746.0999755859375,742.0999755859375,743.7999877929688,741.8930053710938,1713016,0.0,0.0,0.0
2019-07-11,745.5,746.2999877929688,740.5999755859375,741.7000122070312,739.7982177734375,2508630,0.0,0.0,0.0
2019-07-12,743.2000122070312,744.2000122070312,740.2000122070312,741.2999877929688,739.3992919921875,2063462,0.0,0.0,0.0
2019-07-15,741.2999877929688,745.4000244140625,739.4000244140625,744.2000122070312,742.2918701171875,2108372,0.0,0.0,0.0
2019-07-16,744.2999877929688,749.5999755859375,744.2000122070312,748.0,746.0821533203125,5792558,0.0,0.0,0.0
2019-07-17,746.4000244140625,748.0,742.7999877929688,743.7999877929688,741.8930053710938,7638304,0.0,0.0,0.0
2019-07-18,740.4000244140625,742.4000244140625,738.9000244140625,739.5,737.6038818359375,3401922,0.0,0.0,0.0
2019-07-19,742.9000244140625,745.2000122070312,738.5999755859375,741.4000244140625,739.4992065429688,3974245,0.0,0.0,0.0
2019-07-22,741.4000244140625,745.4000244140625,740.0,742.4000244140625,740.49658203125,2990511,0.0,0.0,0.0
2019-07-23,746.2000122070312,750.2999877929688,745.0999755859375,746.0999755859375,744.1869506835938,1661751,0.0,0.0,0.0
2019-07-24,745.9000244140625,745.9000244140625,738.9000244140625,741.2999877929688,739.3992919921875,4577438,0.0,0.0,0.0
2019-07-25,744.4000244140625,745.2000122070312,737.5999755859375,740.2000122070312,738.3021240234375,5656963,0.0,0.0,0.0
2019-07-26,742.0,746.5999755859375,740.2999877929688,746.5999755859375,744.6857299804688,3415082,0.0,0.0,0.0
2019-07-29,746.4000244140625,762.1439819335938,746.4000244140625,759.9000244140625,757.9517211914062,7028629,0.0,0.0,0.0
2019-07-30,761.7999877929688,762.9000244140625,755.5999755859375,755.5999755859375,753.6626586914062,11560758,0.0,0.0,0.0
2019-07-31,754.7000122070312,755.0999755859375,748.5,749.7000122070312,747.77783203125,4128020,0.0,0.0,0.0
2019-08-01,746.0999755859375,752.2000122070312,744.9949951171875,749.7000122070312,747.77783203125,4706966,0.0,0.0,0.0
2019-08-02,739.9000244140625,739.9000244140625,731.2000122070312,731.5999755859375,729.7240600585938,8197610,0.0,0.0,0.0
2019-08-05,722.7000122070312,725.5999755859375,711.7680053710938,713.7999877929688,711.9698486328125,8413729,0.0,0.0,0.0
2019-08-06,711.0,715.833984375,708.6370239257812,709.2000122070312,707.3815307617188,6871517,0.0,0.0,0.0
2019-08-07,710.7000122070312,715.5999755859375,707.2999877929688,711.5,709.67578125,4972917,0.0,0.0,0.0
2019-08-08,719.4000244140625,724.2999877929688,714.6580200195312,724.2999877929688,722.4428100585938,4442502,0.0,0.0,0.0
2019-08-09,723.0999755859375,724.9000244140625,718.7999877929688,720.9000244140625,719.0518798828125,2627465,0.0,0.0,0.0
2019-08-12,721.0,725.3259887695312,715.8560180664062,718.2000122070312,716.3583984375,2629622,0.0,0.0,0.0
2019-08-13,716.7000122070312,723.1090087890625,712.2559814453125,720.7999877929688,718.9519653320312,7313301,0.0,0.0,0.0
2019-08-14,721.4000244140625,722.0880126953125,706.7000122070312,710.2000122070312,708.3790893554688,3679568,0.0,0.0,0.0
2019-08-15,709.0,712.4459838867188,699.8319702148438,704.5,702.6935424804688,7438512,0.0,0.0,0.0
2019-08-16,708.2999877929688,710.4520263671875,706.2999877929688,710.2000122070312,708.3790893554688,4094661,0.0,0.0,0.0
2019-08-19,713.0,719.2000122070312,713.0,717.0,715.1615600585938,2650536,0.0,0.0,0.0
2019-08-20,715.5,720.9249877929688,710.0,710.5999755859375,708.7780151367188,3626384,0.0,0.0,0.0
2019-08-21,712.9000244140625,719.2000122070312,711.114013671875,718.5,716.6578979492188,3037383,0.0,0.0,0.0
2019-08-22,717.5,717.5,708.7999877929688,711.0,709.1768798828125,4735690,0.0,0.0,0.0
2019-08-23,714.5999755859375,717.0999755859375,708.4000244140625,708.4000244140625,706.583740234375,4587815,0.0,0.0,0.0
2019-08-27,706.0,709.469970703125,703.0999755859375,707.4000244140625,705.586181640625,4286464,0.0,0.0,0.0
2019-08-28,707.2000122070312,711.6519775390625,703.4000244140625,710.5,708.678466796875,3188477,0.0,0.0,0.0
2019-08-29,709.2000122070312,718.5700073242188,709.2000122070312,717.5999755859375,715.760009765625,3631532,0.0,0.0,0.0
2019-08-30,718.2999877929688,722.7000122070312,717.0,719.0999755859375,717.2561645507812,3276783,0.0,0.0,0.0
2019-09-02,720.2999877929688,730.114990234375,720.2999877929688,727.2999877929688,725.4352416992188,4134298,0.0,0.0,0.0
2019-09-03,728.2999877929688,728.7000122070312,722.1329956054688,724.9000244140625,723.0414428710938,13875155,0.0,0.0,0.0
2019-09-04,728.9000244140625,731.6489868164062,726.5999755859375,729.7000122070312,727.8289794921875,4640427,0.0,0.0,0.0
2019-09-05,731.5,732.7000122070312,724.5,726.9000244140625,725.0361938476562,4570299,0.0,0.0,0.0
2019-09-06,726.0999755859375,728.0999755859375,724.2449951171875,728.0999755859375,726.2330932617188,2513128,0.0,0.0,0.0
2019-09-09,732.0999755859375,732.2000122070312,720.2000122070312,723.2000122070312,721.3456420898438,4478603,0.0,0.0,0.0
2019-09-10,721.5999755859375,726.635986328125,719.7000122070312,726.4000244140625,724.5374755859375,5720561,0.0,0.0,0.0
2019-09-11,730.0,734.2219848632812,729.0999755859375,733.2000122070312,731.3200073242188,3804340,0.0,0.0,0.0
2019-09-12,726.5,726.9439697265625,720.5999755859375,724.2000122070312,722.436767578125,2746159,9.51,0.0,0.0
2019-09-13,723.9000244140625,728.2999877929688,721.7999877929688,727.0,725.2301635742188,31273115,0.0,0.0,0.0
2019-09-16,725.0,726.7000122070312,722.5,722.5,720.7410278320312,2353994,0.0,0.0,0.0
2019-09-17,721.2999877929688,725.2000122070312,719.4000244140625,722.0999755859375,720.3419189453125,3685318,0.0,0.0,0.0
2019-09-18,720.5,725.0540161132812,720.2999877929688,721.2000122070312,719.4440307617188,2437815,0.0,0.0,0.0
2019-09-19,718.7999877929688,727.2999877929688,718.7999877929688,726.2999877929688,724.5316162109375,5150719,0.0,0.0,0.0
2019-09-20,722.9000244140625,727.5999755859375,722.0759887695312,723.9000244140625,722.1376953125,3872980,0.0,0.0,0.0
2019-09-23,725.9000244140625,726.2000122070312,718.4000244140625,723.0,721.2398681640625,4443343,0.0,0.0,0.0
2019-09-24,723.5,724.9000244140625,717.9600219726562,718.7999877929688,717.0499267578125,3637350,0.0,0.0,0.0
2019-09-25,714.5,719.0,711.4580078125,719.0,717.2494506835938,3627469,0.0,0.0,0.0
2019-09-26,717.4000244140625,728.7459716796875,717.4000244140625,725.2000122070312,723.4343872070312,4801840,0.0,0.0,0.0
2019-09-27,727.5999755859375,734.06201171875,727.2000122070312,732.7999877929688,731.0158081054688,3557882,0.0,0.0,0.0
2019-09-30,731.9000244140625,733.9190063476562,730.1439819335938,731.0,729.22021484375,1867226,0.0,0.0,0.0
2019-10-01,733.0999755859375,733.2000122070312,725.4420166015625,725.7000122070312,723.93310546875,3268979,0.0,0.0,0.0
2019-10-02,723.2000122070312,723.5919799804688,702.0999755859375,702.0999755859375,700.3907470703125,5355295,0.0,0.0,0.0
2019-10-03,702.0,702.7410278320312,691.8499755859375,698.7000122070312,696.9989013671875,7654811,0.0,0.0,0.0
2019-10-04,701.5,707.0,698.875,707.0,705.2787475585938,3418282,0.0,0.0,0.0
2019-10-07,705.5,711.7479858398438,704.5499877929688,710.7999877929688,709.0694580078125,4175705,0.0,0.0,0.0
2019-10-08,712.7000122070312,713.1439819335938,705.4000244140625,705.4000244140625,703.6826171875,3088931,0.0,0.0,0.0
2019-10-09,705.7000122070312,710.7459716796875,705.4000244140625,707.7999877929688,706.0767822265625,3050163,0.0,0.0,0.0
2019-10-10,708.7000122070312,713.0999755859375,704.9000244140625,710.2999877929688,708.5706176757812,5925839,0.0,0.0,0.0
2019-10-11,708.2000122070312,716.7440185546875,706.2000122070312,716.4000244140625,714.6559448242188,6844044,0.0,0.0,0.0
2019-10-14,716.4000244140625,716.7440185546875,706.5150146484375,713.2999877929688,711.563232421875,4708287,0.0,0.0,0.0
2019-10-15,715.0,716.052001953125,709.5999755859375,712.9000244140625,711.1644897460938,5819102,0.0,0.0,0.0
2019-10-16,712.7999877929688,713.6599731445312,706.8400268554688,708.0,706.2763061523438,5133748,0.0,0.0,0.0
2019-10-17,710.5,715.9000244140625,708.447998046875,710.0,708.2713623046875,6439348,0.0,0.0,0.0
2019-10-18,709.2000122070312,711.9000244140625,706.9000244140625,707.0999755859375,705.37841796875,4931358,0.0,0.0,0.0
2019-10-21,707.9000244140625,712.0,706.5640258789062,708.0999755859375,706.3758544921875,4170565,0.0,0.0,0.0
2019-10-22,708.5999755859375,715.2999877929688,707.0020141601562,713.7999877929688,712.0620727539062,8924434,0.0,0.0,0.0
2019-10-23,712.0999755859375,718.5999755859375,711.5999755859375,717.5999755859375,715.8529052734375,4670076,0.0,0.0,0.0
2019-10-24,718.9000244140625,725.8699951171875,718.7999877929688,725.4000244140625,723.6339721679688,3863782,0.0,0.0,0.0
2019-10-25,724.9000244140625,725.5,719.9149780273438,724.0,722.2373657226562,5744187,0.0,0.0,0.0
2019-10-28,722.7999877929688,726.7000122070312,719.9149780273438,725.0,723.2348022460938,3441340,0.0,0.0,0.0
2019-10-29,724.5999755859375,724.5999755859375,718.5999755859375,722.5,720.7410278320312,3347662,0.0,0.0,0.0
2019-10-30,721.2999877929688,725.5999755859375,719.85400390625,725.5999755859375,723.8334350585938,2980010,0.0,0.0,0.0
2019-10-31,724.7999877929688,725.2000122070312,716.8499755859375,717.4000244140625,715.6534423828125,4171698,0.0,0.0,0.0
2019-11-01,719.2000122070312,723.0,718.5,722.5,720.7410278320312,3076529,0.0,0.0,0.0
2019-11-04,724.7000122070312,731.2999877929688,723.9180297851562,729.0,727.2252807617188,4607631,0.0,0.0,0.0
2019-11-05,729.4000244140625,732.2750244140625,729.0,730.7999877929688,729.0208740234375,3472859,0.0,0.0,0.0
2019-11-06,728.7000122070312,731.7999877929688,728.7000122070312,731.5,729.718994140625,4684104,0.0,0.0,0.0
2019-11-07,734.2999877929688,735.7249755859375,732.2999877929688,733.0,731.215576171875,4026235,0.0,0.0,0.0
2019-11-08,730.5999755859375,732.0999755859375,728.2000122070312,728.7999877929688,727.025634765625,4191851,0.0,0.0,0.0
2019-11-11,726.2000122070312,726.2000122070312,717.864013671875,724.2999877929688,722.5364990234375,10566908,0.0,0.0,0.0
2019-11-12,726.7000122070312,730.5499877929688,725.2000122070312,728.0,726.2275390625,3111461,0.0,0.0,0.0
2019-11-13,724.5,727.177978515625,721.9539794921875,727.0999755859375,725.3296508789062,4619721,0.0,0.0,0.0
2019-11-14,727.0,727.4879760742188,722.7999877929688,722.7999877929688,721.0403442382812,5464694,0.0,0.0,0.0
2019-11-15,726.0,726.5750122070312,717.5819702148438,723.2999877929688,721.5389404296875,2262812,0.0,0.0,0.0
2019-11-18,724.7999877929688,727.0,723.0479736328125,724.2000122070312,722.436767578125,2352523,0.0,0.0,0.0
2019-11-19,726.5,734.0999755859375,724.7440185546875,725.9000244140625,724.1328125,5049731,0.0,0.0,0.0
2019-11-20,723.5999755859375,723.5999755859375,715.7000122070312,720.2999877929688,718.5463256835938,7401029,0.0,0.0,0.0
2019-11-21,716.9000244140625,718.3369750976562,713.7579956054688,717.5999755859375,715.8529052734375,6269591,0.0,0.0,0.0
2019-11-22,720.2000122070312,728.2000122070312,720.10302734375,726.7999877929688,725.0304565429688,7348169,0.0,0.0,0.0
2019-11-25,729.4000244140625,734.2000122070312,729.0759887695312,733.5,731.7142944335938,3547913,0.0,0.0,0.0
2019-11-26,735.5999755859375,735.5999755859375,732.5999755859375,734.4000244140625,732.612060546875,3825238,0.0,0.0,0.0
2019-11-27,737.7000122070312,738.5999755859375,734.2039794921875,736.7999877929688,735.0062255859375,3856431,0.0,0.0,0.0
2019-11-28,734.2000122070312,736.7000122070312,733.468994140625,736.4000244140625,734.6071166992188,4564656,0.0,0.0,0.0
2019-11-29,733.0999755859375,736.864013671875,729.2999877929688,729.2999877929688,727.5244140625,4061661,0.0,0.0,0.0
2019-12-02,728.9000244140625,734.760009765625,722.3839721679688,723.2999877929688,721.5389404296875,6351806,0.0,0.0,0.0
2019-12-03,721.7999877929688,723.0,708.2459716796875,710.7000122070312,708.9696655273438,12098113,0.0,0.0,0.0
2019-12-04,709.4000244140625,713.4459838867188,708.7999877929688,713.4000244140625,711.6630859375,12823797,0.0,0.0,0.0
2019-12-05,713.2999877929688,714.27001953125,707.9000244140625,707.9000244140625,706.1766967773438,4454252,0.0,0.0,0.0
2019-12-06,710.4000244140625,718.7000122070312,710.3400268554688,718.7000122070312,716.9503173828125,4636455,0.0,0.0,0.0
2019-12-09,717.7000122070312,720.364013671875,716.5,717.9000244140625,716.1522827148438,2682330,0.0,0.0,0.0
2019-12-10,718.2000122070312,718.5,708.5339965820312,716.0,714.2566528320312,7040218,0.0,0.0,0.0
2019-12-11,717.7000122070312,720.0999755859375,714.2000122070312,715.9000244140625,714.1571044921875,6850903,0.0,0.0,0.0
2019-12-12,711.5999755859375,719.3489990234375,710.8200073242188,715.9000244140625,714.2175903320312,6773179,6.0699997,0.0,0.0
2019-12-13,721.7000122070312,731.4000244140625,718.0,723.2000122070312,721.5003662109375,28363787,0.0,0.0,0.0
2019-12-16,727.5999755859375,743.7999877929688,726.8599853515625,740.2000122070312,738.4606323242188,12965697,0.0,0.0,0.0
2019-12-17,738.9000244140625,742.1599731445312,738.030029296875,740.0999755859375,738.3606567382812,8384509,0.0,0.0,0.0
2019-12-18,739.5,743.9000244140625,739.5,742.4000244140625,740.6554565429688,4121761,0.0,0.0,0.0
2019-12-19,743.0999755859375,746.0,740.969970703125,746.0,744.246826171875,7565764,0.0,0.0,0.0
2019-12-20,746.9000244140625,748.7000122070312,744.5,746.4000244140625,744.6461181640625,8707630,0.0,0.0,0.0
2019-12-23,745.9000244140625,751.4249877929688,744.1199951171875,750.2999877929688,748.5368041992188,3788505,0.0,0.0,0.0
2019-12-24,752.5,752.8250122070312,749.2000122070312,752.0999755859375,750.3324584960938,1265018,0.0,0.0,0.0
2019-12-27,755.7999877929688,756.5999755859375,751.5,753.7999877929688,752.0285034179688,2004737,0.0,0.0,0.0
2019-12-30,752.9000244140625,753.7899780273438,748.0,748.0,746.2421875,3429048,0.0,0.0,0.0
2019-12-31,745.0,747.739013671875,742.7000122070312,744.2000122070312,742.4512329101562,1492786,0.0,0.0,0.0
2020-01-02,746.7999877929688,751.885009765625,745.2000122070312,749.4000244140625,747.6390380859375,2383590,0.0,0.0,0.0
2020-01-03,746.5,752.2999877929688,744.7000122070312,752.0,750.232666015625,4271324,0.0,0.0,0.0
2020-01-06,748.2999877929688,749.5700073242188,742.3800048828125,746.7999877929688,745.0451049804688,6094542,0.0,0.0,0.0
2020-01-07,748.7999877929688,749.8280029296875,745.5999755859375,746.7000122070312,744.9452514648438,2924267,0.0,0.0,0.0
2020-01-08,743.9000244140625,747.1699829101562,741.7999877929688,746.5,744.7457275390625,4249016,0.0,0.0,0.0
2020-01-09,749.5,751.9000244140625,748.2999877929688,748.5,746.7409057617188,7354349,0.0,0.0,0.0
2020-01-10,751.9000244140625,752.5499877929688,747.5999755859375,747.5999755859375,745.8432006835938,5236108,0.0,0.0,0.0
2020-01-13,750.2000122070312,752.5499877929688,747.5,750.7000122070312,748.9359130859375,3104159,0.0,0.0,0.0
2020-01-14,751.2999877929688,754.2000122070312,748.2000122070312,751.5999755859375,749.8338012695312,4756099,0.0,0.0,0.0
2020-01-15,751.5999755859375,753.5,750.0999755859375,753.5,751.7293090820312,4612413,0.0,0.0,0.0
2020-01-16,753.9000244140625,754.7999877929688,749.2000122070312,751.0,749.2349853515625,8800128,0.0,0.0,0.0
2020-01-17,752.0,758.0999755859375,752.0,756.2999877929688,754.5226440429688,8312951,0.0,0.0,0.0
2020-01-20,757.2999877929688,757.739990234375,753.0,754.5,752.726806640625,5159816,0.0,0.0,0.0
2020-01-21,750.5999755859375,750.7999877929688,744.4660034179688,750.7999877929688,749.0357055664062,8717910,0.0,0.0,0.0
2020-01-22,752.2000122070312,753.2000122070312,745.9660034179688,746.4000244140625,744.6461181640625,6704222,0.0,0.0,0.0
2020-01-23,746.0999755859375,746.2000122070312,739.7000122070312,740.2000122070312,738.4606323242188,7683526,0.0,0.0,0.0
2020-01-24,745.9000244140625,753.64697265625,745.6630249023438,748.2999877929688,746.54150390625,5738384,0.0,0.0,0.0
2020-01-27,736.4000244140625,738.7000122070312,728.9000244140625,731.5,729.7809448242188,9809319,0.0,0.0,0.0
2020-01-28,733.7000122070312,738.8599853515625,730.656982421875,737.9000244140625,736.1660766601562,8183046,0.0,0.0,0.0
2020-01-29,739.2999877929688,741.3309936523438,736.0999755859375,738.0999755859375,736.3655395507812,4180217,0.0,0.0,0.0
2020-01-30,731.7000122070312,735.2999877929688,725.77001953125,728.5,726.7879638671875,8047197,0.0,0.0,0.0
2020-01-31,730.0,730.2999877929688,717.7000122070312,718.7000122070312,717.0111083984375,7305189,0.0,0.0,0.0
2020-02-03,721.2000122070312,726.4970092773438,718.5999755859375,723.0999755859375,721.4006958007812,6705177,0.0,0.0,0.0
2020-02-04,730.2999877929688,734.2999877929688,730.0,733.7000122070312,731.975830078125,6148320,0.0,0.0,0.0
2020-02-05,730.9000244140625,741.010009765625,730.5250244140625,737.2999877929688,735.5673828125,9121439,0.0,0.0,0.0
2020-02-06,742.7999877929688,743.2999877929688,738.5,740.7999877929688,739.0590209960938,6931691,0.0,0.0,0.0
2020-02-07,739.5999755859375,739.6079711914062,734.4240112304688,736.7000122070312,734.9688110351562,3571179,0.0,0.0,0.0
2020-02-10,735.9000244140625,735.9000244140625,732.7999877929688,734.7000122070312,732.973388671875,4102528,0.0,0.0,0.0
2020-02-11,739.7999877929688,742.7000122070312,738.5,739.2999877929688,737.562744140625,5146813,0.0,0.0,0.0
2020-02-12,741.5,744.4000244140625,734.4240112304688,743.0999755859375,741.3536376953125,3479479,0.0,0.0,0.0
2020-02-13,741.0,750.0,710.5,737.0,735.2679443359375,6841764,0.0,0.0,0.0
2020-02-14,736.7000122070312,738.7000122070312,731.969970703125,732.4000244140625,730.6787719726562,3697336,0.0,0.0,0.0
2020-02-17,734.7999877929688,736.5120239257812,733.60498046875,734.5999755859375,732.8737182617188,2914084,0.0,0.0,0.0
2020-02-18,728.7000122070312,733.3759765625,726.989990234375,729.5,727.7855834960938,3804326,0.0,0.0,0.0
2020-02-19,733.9000244140625,737.6959838867188,733.0079956054688,737.0,735.2679443359375,5022276,0.0,0.0,0.0
2020-02-20,738.4000244140625,740.280029296875,736.0999755859375,736.0999755859375,734.3700561523438,3934850,0.0,0.0,0.0
2020-02-21,733.4000244140625,735.9000244140625,729.2999877929688,733.2999877929688,731.57666015625,7474825,0.0,0.0,0.0
2020-02-24,718.4000244140625,718.4000244140625,703.7000122070312,708.2999877929688,706.6354370117188,15959477,0.0,0.0,0.0
2020-02-25,710.0999755859375,712.0999755859375,692.9000244140625,693.7999877929688,692.1697387695312,11019161,0.0,0.0,0.0
2020-02-26,690.7000122070312,697.0,679.7670288085938,696.5999755859375,694.962890625,12190592,0.0,0.0,0.0
2020-02-27,686.0,690.1719970703125,668.9000244140625,676.7000122070312,675.1098022460938,12110961,0.0,0.0,0.0
2020-02-28,656.4000244140625,660.6900024414062,641.0,653.7999877929688,652.2636108398438,25251672,0.0,0.0,0.0
2020-03-02,669.9000244140625,672.8909912109375,645.0,661.7000122070312,660.1450805664062,12101479,0.0,0.0,0.0
2020-03-03,667.7999877929688,680.3930053710938,665.5050048828125,668.2999877929688,666.7293701171875,12405770,0.0,0.0,0.0
2020-03-04,668.7999877929688,681.2999877929688,665.4749755859375,677.5999755859375,676.0076293945312,8360454,0.0,0.0,0.0
2020-03-05,680.5,680.8720092773438,647.5999755859375,668.2999877929688,666.7293701171875,8667241,0.0,0.0,0.0
2020-03-06,655.7000122070312,659.2000122070312,640.6199951171875,644.4000244140625,642.8856811523438,10556591,0.0,0.0,0.0
2020-03-09,588.2999877929688,614.2869873046875,586.0999755859375,594.2999877929688,592.9033813476562,23203025,0.0,0.0,0.0
2020-03-10,603.4000244140625,621.0,590.7760009765625,593.0999755859375,591.7061157226562,14073022,0.0,0.0,0.0
2020-03-11,603.5,606.7919921875,583.7999877929688,585.0999755859375,583.7249145507812,11591976,0.0,0.0,0.0
2020-03-12,549.7999877929688,552.4000244140625,516.0,517.7000122070312,516.5393676757812,22383931,6.3500004,0.0,0.0
2020-03-13,546.5,562.18701171875,520.0,529.0999755859375,527.9140014648438,25944742,0.0,0.0,0.0
2020-03-16,506.0,512.5999755859375,482.25,508.1000061035156,506.96099853515625,17570262,0.0,0.0,0.0
2020-03-17,525.5999755859375,529.8820190429688,491.0270080566406,520.0,518.8343505859375,13678828,0.0,0.0,0.0
2020-03-18,506.29998779296875,510.3599853515625,493.25,500.3999938964844,499.2781677246094,12176391,0.0,0.0,0.0
2020-03-19,498.79998779296875,512.0,487.27301025390625,508.5,507.3600769042969,14793629,0.0,0.0,0.0
2020-03-20,530.0,535.4400024414062,507.20001220703125,512.2000122070312,511.05169677734375,20786120,0.0,0.0,0.0
2020-03-23,488.04998779296875,512.2000122070312,483.114990234375,492.79998779296875,491.6952819824219,9544478,0.0,0.0,0.0
2020-03-24,510.20001220703125,537.0,503.79998779296875,537.0,535.7963256835938,12868985,0.0,0.0,0.0
2020-03-25,548.5,567.14501953125,531.7999877929688,561.4000244140625,560.1414184570312,25541324,0.0,0.0,0.0
2020-03-26,540.9000244140625,573.4000244140625,540.2999877929688,573.4000244140625,572.1145629882812,11695876,0.0,0.0,0.0
2020-03-27,555.9000244140625,557.9000244140625,533.4000244140625,544.7999877929688,543.5786743164062,12970385,0.0,0.0,0.0
2020-03-30,545.7999877929688,557.9000244140625,528.4000244140625,549.2999877929688,548.068603515625,9619813,0.0,0.0,0.0
2020-03-31,556.2000122070312,563.5399780273438,528.7050170898438,558.0,556.7492065429688,12483748,0.0,0.0,0.0
2020-04-01,539.7000122070312,542.864013671875,533.7000122070312,536.7000122070312,535.4969482421875,12219809,0.0,0.0,0.0
2020-04-02,540.7000122070312,546.2000122070312,531.2999877929688,539.2999877929688,538.0910034179688,9614003,0.0,0.0,0.0
2020-04-03,537.5,538.0150146484375,530.739990234375,533.0999755859375,531.9048461914062,8821524,0.0,0.0,0.0
2020-04-06,547.4000244140625,550.323974609375,540.072021484375,549.5,548.26806640625,6280214,0.0,0.0,0.0
2020-04-07,562.7000122070312,569.3599853515625,556.3599853515625,561.2000122070312,559.9420776367188,11085880,0.0,0.0,0.0
2020-04-08,556.0,559.5,550.1480102539062,559.5,558.2457885742188,6800416,0.0,0.0,0.0
2020-04-09,567.5,575.4000244140625,559.5390014648438,574.5999755859375,573.3119506835938,8777416,0.0,0.0,0.0
2020-04-14,579.2999877929688,580.0,568.9000244140625,569.9000244140625,568.6224365234375,10079070,0.0,0.0,0.0
2020-04-15,567.0999755859375,569.22802734375,548.5919799804688,549.9000244140625,548.6673583984375,7949109,0.0,0.0,0.0
2020-04-16,556.2000122070312,557.6199951171875,549.2999877929688,554.9000244140625,553.6561279296875,4617950,0.0,0.0,0.0
2020-04-17,569.2000122070312,574.97998046875,566.2000122070312,570.2999877929688,569.021484375,9578528,0.0,0.0,0.0
2020-04-20,573.5,573.6599731445312,561.9000244140625,573.4000244140625,572.1145629882812,5497066,0.0,0.0,0.0
2020-04-21,563.7999877929688,566.469970703125,555.0,555.0,553.755859375,5227746,0.0,0.0,0.0
2020-04-22,560.4000244140625,569.135986328125,558.9249877929688,568.9000244140625,567.624755859375,6405769,0.0,0.0,0.0
2020-04-23,568.7000122070312,575.7000122070312,565.2999877929688,574.2999877929688,573.0123901367188,7182302,0.0,0.0,0.0
2020-04-24,567.0,572.8400268554688,564.3599853515625,567.0999755859375,565.8286743164062,7115190,0.0,0.0,0.0
2020-04-27,574.4000244140625,577.4000244140625,571.0139770507812,576.2000122070312,574.9082641601562,4897774,0.0,0.0,0.0
2020-04-28,577.0999755859375,589.5,575.2559814453125,587.2000122070312,585.8837890625,8894330,0.0,0.0,0.0
2020-04-29,587.4000244140625,604.4000244140625,586.9000244140625,602.2000122070312,600.8501586914062,8947467,0.0,0.0,0.0
2020-04-30,605.9000244140625,607.0999755859375,580.4000244140625,581.7999877929688,580.4959106445312,32498088,0.0,0.0,0.0
2020-05-01,575.0,575.0,565.2000122070312,567.2999877929688,566.0281982421875,7332681,0.0,0.0,0.0
2020-05-04,566.5999755859375,570.0999755859375,561.02001953125,565.5,564.2322998046875,33552413,0.0,0.0,0.0
2020-05-05,573.2999877929688,577.7999877929688,569.7999877929688,575.5999755859375,574.3096313476562,8739700,0.0,0.0,0.0
2020-05-06,576.2999877929688,581.2999877929688,574.5999755859375,575.5999755859375,574.3096313476562,12331872,0.0,0.0,0.0
2020-05-07,578.0999755859375,585.7999877929688,576.760009765625,584.7999877929688,583.489013671875,6192139,0.0,0.0,0.0
2020-05-11,589.0999755859375,591.5,581.4000244140625,585.4000244140625,584.087646484375,9521373,0.0,0.0,0.0
2020-05-12,583.5999755859375,592.85498046875,583.176025390625,590.5999755859375,589.2761840820312,11272297,0.0,0.0,0.0
2020-05-13,585.2999877929688,586.9000244140625,580.5,581.0999755859375,579.7973022460938,11318088,0.0,0.0,0.0
2020-05-14,574.0999755859375,576.2999877929688,558.6840209960938,566.9000244140625,565.6293334960938,22985286,0.0,0.0,0.0
2020-05-15,571.4000244140625,577.0540161132812,568.3359985351562,572.7999877929688,571.5158081054688,8468544,0.0,0.0,0.0
2020-05-18,583.0,597.7999877929688,583.0,596.9000244140625,595.5619506835938,9313800,0.0,0.0,0.0
2020-05-19,602.5,603.2750244140625,588.4000244140625,592.5999755859375,591.2714233398438,9381959,0.0,0.0,0.0
2020-05-20,588.7999877929688,599.0999755859375,588.0880126953125,598.7000122070312,597.3579711914062,8540115,0.0,0.0,0.0
2020-05-21,593.9000244140625,601.4000244140625,592.2360229492188,593.7000122070312,592.3690185546875,5691660,0.0,0.0,0.0
2020-05-22,584.7000122070312,593.0,581.0,591.2000122070312,589.8746948242188,6465427,0.0,0.0,0.0
2020-05-26,602.7999877929688,605.5,596.0999755859375,598.9000244140625,597.5574951171875,7546967,0.0,0.0,0.0
2020-05-27,601.0999755859375,608.7680053710938,600.8400268554688,605.9000244140625,604.5418090820312,8162980,0.0,0.0,0.0
2020-05-28,611.5,615.2999877929688,607.3480224609375,613.7999877929688,612.4240112304688,9316375,0.0,0.0,0.0
2020-05-29,608.5,610.8900146484375,597.89501953125,598.7999877929688,597.4576416015625,6537105,0.0,0.0,0.0
2020-06-01,608.2999877929688,609.5609741210938,602.5999755859375,608.9000244140625,607.5349731445312,8830479,0.0,0.0,0.0
2020-06-02,611.2999877929688,615.5999755859375,609.4000244140625,613.7000122070312,612.3242797851562,7221794,0.0,0.0,0.0
2020-06-03,619.5,631.0,618.1840209960938,629.7000122070312,628.2883911132812,7839926,0.0,0.0,0.0
2020-06-04,627.5,631.8939819335938,622.9089965820312,625.5,624.0979614257812,7260038,0.0,0.0,0.0
2020-06-05,629.9000244140625,640.0999755859375,629.5150146484375,639.5999755859375,638.1663208007812,11792532,0.0,0.0,0.0
2020-06-08,635.0999755859375,642.4000244140625,633.2999877929688,638.0,636.56982421875,7167628,0.0,0.0,0.0
2020-06-09,637.0,637.5679931640625,623.5999755859375,624.7000122070312,623.299560546875,9178197,0.0,0.0,0.0
2020-06-10,625.4000244140625,629.9760131835938,620.9000244140625,623.2999877929688,621.902587890625,14116645,0.0,0.0,0.0
2020-06-11,606.5,608.9879760742188,595.5999755859375,595.5999755859375,594.3054809570312,11983796,4.2599998,0.0,0.0
2020-06-12,588.0999755859375,606.5,587.2239990234375,598.0,596.7003173828125,15096915,0.0,0.0,0.0
2020-06-15,586.5,604.6339721679688,583.8759765625,594.2000122070312,592.9085083007812,12839750,0.0,0.0,0.0
2020-06-16,608.5,617.4000244140625,606.0999755859375,612.2000122070312,610.8695678710938,8591618,0.0,0.0,0.0
2020-06-17,614.0999755859375,618.4000244140625,610.9000244140625,613.5,612.1666870117188,8416306,0.0,0.0,0.0
2020-06-18,609.2999877929688,616.0,606.4089965820312,609.5999755859375,608.2750854492188,6284745,0.0,0.0,0.0
2020-06-19,612.5999755859375,619.47802734375,612.0,616.7000122070312,615.3595581054688,6822389,0.0,0.0,0.0
2020-06-22,611.4000244140625,618.5,609.9000244140625,612.0,610.6697998046875,11720229,0.0,0.0,0.0
2020-06-23,614.0999755859375,621.5999755859375,613.4550170898438,619.2000122070312,617.8541259765625,8430984,0.0,0.0,0.0
2020-06-24,616.2999877929688,616.9000244140625,600.5,600.5,599.1947021484375,13337148,0.0,0.0,0.0
2020-06-25,598.0999755859375,604.2999877929688,591.0,602.7999877929688,601.4896850585938,12866800,0.0,0.0,0.0
2020-06-26,609.7000122070312,613.9000244140625,603.4240112304688,604.0999755859375,602.7869873046875,7770391,0.0,0.0,0.0
2020-06-29,602.2000122070312,612.5540161132812,600.0750122070312,610.2999877929688,608.9735107421875,7913628,0.0,0.0,0.0
2020-06-30,610.2000122070312,612.1699829101562,602.64501953125,604.4000244140625,603.0863647460938,7989079,0.0,0.0,0.0
2020-07-01,605.0999755859375,608.2000122070312,596.2999877929688,603.9000244140625,602.58740234375,10161922,0.0,0.0,0.0
2020-07-02,609.0999755859375,614.1580200195312,607.4140014648438,612.0999755859375,610.7697143554688,10111630,0.0,0.0,0.0
2020-07-03,613.2999877929688,614.7000122070312,602.0,604.4000244140625,603.0863647460938,5992313,0.0,0.0,0.0
2020-07-06,613.7999877929688,618.676025390625,613.2999877929688,616.7000122070312,615.3595581054688,6005381,0.0,0.0,0.0
2020-07-07,613.7999877929688,614.4600219726562,606.2119750976562,607.5,606.1795043945312,5537447,0.0,0.0,0.0
2020-07-08,603.0,609.4000244140625,602.7000122070312,603.7000122070312,602.3878784179688,5628013,0.0,0.0,0.0
2020-07-09,606.5,606.9000244140625,593.0999755859375,594.4000244140625,593.1080322265625,8140431,0.0,0.0,0.0
2020-07-10,589.5,600.0,589.5,598.5999755859375,597.2989501953125,6771968,0.0,0.0,0.0
2020-07-13,605.2000122070312,607.676025390625,602.676025390625,606.9000244140625,605.5809326171875,3666280,0.0,0.0,0.0
2020-07-14,601.2000122070312,606.7999877929688,598.0999755859375,606.7999877929688,605.4810791015625,9284518,0.0,0.0,0.0
2020-07-15,611.5999755859375,621.0,609.5999755859375,618.0999755859375,616.7565307617188,8292480,0.0,0.0,0.0
2020-07-16,616.2999877929688,617.2000122070312,611.5679931640625,613.9000244140625,612.5657348632812,5140675,0.0,0.0,0.0
2020-07-17,615.5,618.0999755859375,611.8900146484375,617.5999755859375,616.2576904296875,4777695,0.0,0.0,0.0
2020-07-20,617.2999877929688,617.7000122070312,610.8900146484375,614.9000244140625,613.5634765625,7145605,0.0,0.0,0.0
2020-07-21,618.4000244140625,620.4860229492188,614.0,615.5,614.162109375,6475308,0.0,0.0,0.0
2020-07-22,615.7999877929688,616.0,608.6480102539062,609.9000244140625,608.574462890625,10105181,0.0,0.0,0.0
2020-07-23,613.5999755859375,616.7319946289062,609.7999877929688,610.4000244140625,609.0731201171875,7246409,0.0,0.0,0.0
2020-07-24,602.9000244140625,605.8920288085938,599.5,602.0999755859375,600.7913818359375,9862599,0.0,0.0,0.0
2020-07-27,601.2000122070312,602.2999877929688,598.3699951171875,600.2000122070312,598.8955688476562,5092541,0.0,0.0,0.0
2020-07-28,602.5,604.7000122070312,598.280029296875,602.9000244140625,601.589599609375,4969566,0.0,0.0,0.0
2020-07-29,603.2000122070312,605.27001953125,601.5999755859375,603.2000122070312,601.888916015625,6220796,0.0,0.0,0.0
2020-07-30,603.5999755859375,604.0999755859375,582.4199829101562,589.5999755859375,588.3185424804688,11312243,0.0,0.0,0.0
2020-07-31,591.2000122070312,594.833984375,580.7999877929688,580.7999877929688,579.53759765625,8683355,0.0,0.0,0.0
2020-08-03,581.0,594.0,576.0700073242188,593.4000244140625,592.1102905273438,10240162,0.0,0.0,0.0
2020-08-04,593.9000244140625,596.2000122070312,588.9000244140625,593.9000244140625,592.6090698242188,5746171,0.0,0.0,0.0
2020-08-05,597.5,601.2000122070312,596.9660034179688,600.5,599.1947021484375,6353305,0.0,0.0,0.0
2020-08-06,597.0,598.2999877929688,589.2080078125,594.2000122070312,592.9085083007812,7650825,0.0,0.0,0.0
2020-08-07,594.0,595.7050170898438,591.0,594.5,593.2078857421875,6148450,0.0,0.0,0.0
2020-08-10,598.2000122070312,601.2000122070312,594.0,596.5,595.2035522460938,8450190,0.0,0.0,0.0
2020-08-11,600.7000122070312,611.4000244140625,600.2000122070312,606.0,604.682861328125,9160462,0.0,0.0,0.0
2020-08-12,606.5999755859375,620.06201171875,606.2999877929688,618.5,617.15576171875,11035454,0.0,0.0,0.0
2020-08-13,615.0999755859375,615.7000122070312,611.2000122070312,611.2000122070312,609.8713989257812,6644058,0.0,0.0,0.0
2020-08-14,609.5,609.7999877929688,596.5,602.0999755859375,600.7913818359375,12066016,0.0,0.0,0.0
2020-08-17,600.7000122070312,606.7000122070312,598.7999877929688,605.2999877929688,603.9843139648438,6743769,0.0,0.0,0.0
2020-08-18,601.9000244140625,608.7999877929688,598.7999877929688,600.4000244140625,599.0950317382812,6178205,0.0,0.0,0.0
2020-08-19,599.5,603.8300170898438,597.5,603.7000122070312,602.3878784179688,8289568,0.0,0.0,0.0
2020-08-20,598.0,600.989990234375,594.5050048828125,595.2000122070312,593.9061889648438,8664900,0.0,0.0,0.0
2020-08-21,595.4000244140625,597.2000122070312,588.52001953125,594.2000122070312,592.9085083007812,7394179,0.0,0.0,0.0
2020-08-24,599.5,605.0999755859375,588.52001953125,603.4000244140625,602.0886840820312,13174516,0.0,0.0,0.0
2020-08-25,606.2000122070312,610.6400146484375,596.2999877929688,596.5,595.2035522460938,7929175,0.0,0.0,0.0
2020-08-26,596.2999877929688,598.4000244140625,592.4400024414062,598.0,596.7003173828125,6543848,0.0,0.0,0.0
2020-08-27,597.9000244140625,599.760009765625,594.0,594.0,592.7088623046875,6241556,0.0,0.0,0.0
2020-08-28,596.5999755859375,597.0,589.760009765625,590.0,588.717529296875,10217145,0.0,0.0,0.0
2020-09-01,589.5,590.3599853515625,576.0999755859375,580.4000244140625,579.1385498046875,14920917,0.0,0.0,0.0
2020-09-02,584.7000122070312,591.4000244140625,583.0,588.0999755859375,586.8217163085938,8718277,0.0,0.0,0.0
2020-09-03,591.0999755859375,594.0,578.0399780273438,579.2999877929688,578.0408935546875,7754479,0.0,0.0,0.0
2020-09-04,575.0,584.7999877929688,572.2000122070312,574.4000244140625,573.1514282226562,14242905,0.0,0.0,0.0
2020-09-07,577.0,589.0999755859375,576.0540161132812,588.2000122070312,586.921630859375,9441959,0.0,0.0,0.0
2020-09-08,591.0,592.97998046875,581.780029296875,586.7000122070312,585.4248657226562,8528626,0.0,0.0,0.0
2020-09-09,587.5999755859375,597.280029296875,586.9299926757812,595.5,594.2057495117188,7157450,0.0,0.0,0.0
2020-09-10,594.9000244140625,597.0,589.22998046875,594.5,593.2078857421875,8321197,0.0,0.0,0.0
2020-09-11,593.9000244140625,600.0,593.4760131835938,596.7999877929688,595.5028686523438,6409367,0.0,0.0,0.0
2020-09-14,600.5,602.0239868164062,595.2000122070312,597.0,595.702392578125,6296878,0.0,0.0,0.0
2020-09-15,598.5999755859375,606.2999877929688,597.031005859375,604.5,603.1862182617188,11226780,0.0,0.0,0.0
2020-09-16,602.7000122070312,605.8759765625,599.7160034179688,601.9000244140625,600.5919189453125,6495188,0.0,0.0,0.0
2020-09-17,588.9000244140625,595.5999755859375,588.2999877929688,593.5,592.2665405273438,8387885,5.73,0.0,0.0
2020-09-18,592.5999755859375,595.0,588.7000122070312,588.7000122070312,587.4762573242188,8502241,0.0,0.0,0.0
2020-09-21,583.4000244140625,583.4000244140625,566.9000244140625,569.7000122070312,568.5159301757812,15422301,0.0,0.0,0.0
2020-09-22,572.2000122070312,575.7999877929688,568.2059936523438,571.2999877929688,570.112548828125,8447892,0.0,0.0,0.0
2020-09-23,579.9000244140625,586.0969848632812,576.0,578.2000122070312,576.998291015625,7554029,0.0,0.0,0.0
2020-09-24,571.9000244140625,578.2999877929688,569.4840087890625,571.7000122070312,570.51171875,8180123,0.0,0.0,0.0
2020-09-25,572.0999755859375,573.2000122070312,565.9940185546875,573.2000122070312,572.0087280273438,9295016,0.0,0.0,0.0
2020-09-28,580.2999877929688,584.0,578.9000244140625,581.4000244140625,580.1915283203125,6315444,0.0,0.0,0.0
2020-09-29,580.7999877929688,581.5,574.9920043945312,578.4000244140625,577.1978149414062,10143895,0.0,0.0,0.0
2020-09-30,575.0999755859375,581.7880249023438,574.5,575.9000244140625,574.7031860351562,9572536,0.0,0.0,0.0
2020-10-01,578.7999877929688,582.7919921875,575.0,577.9000244140625,576.69873046875,10184395,0.0,0.0,0.0
2020-10-02,571.7999877929688,579.9000244140625,570.5,579.9000244140625,578.6946411132812,11680773,0.0,0.0,0.0
2020-10-05,585.7000122070312,587.5,581.39697265625,584.0999755859375,582.8858642578125,8124049,0.0,0.0,0.0
2020-10-06,584.7999877929688,587.0999755859375,580.0999755859375,585.0999755859375,583.8838500976562,10625491,0.0,0.0,0.0
2020-10-07,585.7999877929688,587.9849853515625,583.3150024414062,585.2000122070312,583.9837036132812,6466587,0.0,0.0,0.0
2020-10-08,586.9000244140625,590.7999877929688,583.2000122070312,588.0,586.7777099609375,8492188,0.0,0.0,0.0
2020-10-09,590.0,594.3900146484375,589.5150146484375,591.7999877929688,590.5699462890625,6190104,0.0,0.0,0.0
2020-10-12,590.7000122070312,593.9140014648438,589.614990234375,590.4000244140625,589.1727905273438,6987626,0.0,0.0,0.0
2020-10-13,590.9000244140625,590.9940185546875,585.4000244140625,587.4000244140625,586.17919921875,8897486,0.0,0.0,0.0
2020-10-14,590.4000244140625,591.2999877929688,583.0999755859375,584.0999755859375,582.8858642578125,9167185,0.0,0.0,0.0
2020-10-15,577.7999877929688,577.7999877929688,569.5,574.2999877929688,573.1061401367188,11811456,0.0,0.0,0.0
2020-10-16,578.5,583.9929809570312,577.0,582.7999877929688,581.5887451171875,10253019,0.0,0.0,0.0
2020-10-19,583.7999877929688,586.9000244140625,578.0,580.0,578.7944946289062,4693754,0.0,0.0,0.0
2020-10-20,577.5999755859375,582.18798828125,577.010009765625,579.2999877929688,578.0958862304688,3848709,0.0,0.0,0.0
2020-10-21,580.9000244140625,581.0,567.97998046875,568.7999877929688,567.6177368164062,8872097,0.0,0.0,0.0
2020-10-22,566.9000244140625,570.6959838867188,562.7999877929688,569.7000122070312,568.5159301757812,4465267,0.0,0.0,0.0
2020-10-23,569.7000122070312,579.4000244140625,569.5819702148438,577.0,575.8007202148438,6871624,0.0,0.0,0.0
2020-10-26,569.5,579.302001953125,569.0,570.2999877929688,569.1146240234375,6702181,0.0,0.0,0.0
2020-10-27,571.5999755859375,571.7999877929688,563.9000244140625,563.9000244140625,562.7279663085938,6891952,0.0,0.0,0.0
2020-10-28,557.5,558.9000244140625,544.0,550.2999877929688,549.1561279296875,14997039,0.0,0.0,0.0
2020-10-29,548.5999755859375,564.5670166015625,545.2000122070312,549.7999877929688,548.6571655273438,7198594,0.0,0.0,0.0
2020-10-30,546.5,551.0,545.0,549.7999877929688,548.6571655273438,5309781,0.0,0.0,0.0
2020-11-02,550.0999755859375,558.0999755859375,547.406005859375,557.5,556.34130859375,4309240,0.0,0.0,0.0
2020-11-03,562.4000244140625,570.2760009765625,561.4249877929688,569.7000122070312,568.5159301757812,4908831,0.0,0.0,0.0
2020-11-04,562.5999755859375,579.7999877929688,561.2999877929688,579.7999877929688,578.5947875976562,11179040,0.0,0.0,0.0
2020-11-05,582.0999755859375,585.0,579.8140258789062,581.5,580.2913208007812,6255575,0.0,0.0,0.0
2020-11-06,581.9000244140625,586.5,577.2999877929688,582.5,581.2890625,6293727,0.0,0.0,0.0
2020-11-09,589.5,617.4500122070312,589.2999877929688,610.0,608.7322387695312,16676446,0.0,0.0,0.0
2020-11-10,610.5,621.5,609.0819702148438,619.9000244140625,618.6116333007812,12828187,0.0,0.0,0.0
2020-11-11,620.9000244140625,630.0,620.2659912109375,628.9000244140625,627.5928955078125,22400548,0.0,0.0,0.0
2020-11-12,624.2999877929688,627.2219848632812,620.2239990234375,624.0,622.7031860351562,15018998,0.0,0.0,0.0
2020-11-13,620.2000122070312,625.2000122070312,618.97998046875,621.9000244140625,620.6075439453125,7433809,0.0,0.0,0.0
2020-11-16,627.0999755859375,636.9879760742188,623.8599853515625,632.2999877929688,630.9859008789062,24305793,0.0,0.0,0.0
2020-11-17,630.0,632.5,621.6630249023438,627.0,625.6967163085938,13517709,0.0,0.0,0.0
2020-11-18,624.2999877929688,630.5,623.2000122070312,628.4000244140625,627.0939331054688,12678359,0.0,0.0,0.0
2020-11-19,623.2000122070312,625.5549926757812,622.0,624.2000122070312,622.9025268554688,9344122,0.0,0.0,0.0
2020-11-20,623.5,629.844970703125,622.7999877929688,625.7000122070312,624.3994140625,8845075,0.0,0.0,0.0
2020-11-23,629.4000244140625,630.2000122070312,623.0,624.4000244140625,623.1022338867188,11051593,0.0,0.0,0.0
2020-11-24,629.7000122070312,633.9000244140625,627.3560180664062,633.2999877929688,631.9837646484375,10221599,0.0,0.0,0.0
2020-11-25,636.9000244140625,637.4520263671875,628.2839965820312,629.5999755859375,628.2914428710938,14900503,0.0,0.0,0.0
2020-11-26,632.2000122070312,632.7999877929688,626.4000244140625,627.5999755859375,626.2955322265625,6025012,0.0,0.0,0.0
2020-11-27,626.7999877929688,629.7999877929688,622.0,629.7999877929688,628.490966796875,9631051,0.0,0.0,0.0
2020-11-30,625.9000244140625,632.5,618.0999755859375,618.0999755859375,616.8153076171875,12387102,0.0,0.0,0.0
2020-12-01,621.2000122070312,631.2000122070312,620.5,630.2999877929688,628.9899291992188,8668450,0.0,0.0,0.0
2020-12-02,628.2999877929688,638.5980224609375,628.0,638.0,636.6740112304688,9569714,0.0,0.0,0.0
2020-12-03,637.2999877929688,640.8900146484375,634.9299926757812,640.4000244140625,639.0690307617188,5505012,0.0,0.0,0.0
2020-12-04,643.5999755859375,647.885009765625,643.0,646.5,645.15625,7226682,0.0,0.0,0.0
2020-12-07,649.5999755859375,652.1849975585938,644.1939697265625,647.0999755859375,645.7550659179688,10248648,0.0,0.0,0.0
2020-12-08,644.5,648.2999877929688,643.4000244140625,647.5999755859375,646.25390625,4925548,0.0,0.0,0.0
2020-12-09,650.0999755859375,653.9000244140625,648.2000122070312,648.2000122070312,646.8526611328125,8497841,0.0,0.0,0.0
2020-12-10,648.9000244140625,652.5139770507812,644.7000122070312,648.5999755859375,647.2861938476562,11659949,3.4499998,0.0,0.0
2020-12-11,648.5999755859375,648.5999755859375,640.614990234375,643.2000122070312,641.8972778320312,11641351,0.0,0.0,0.0
2020-12-14,643.2999877929688,646.89599609375,641.9000244140625,641.9000244140625,640.5999145507812,9957038,0.0,0.0,0.0
2020-12-15,639.9000244140625,644.7000122070312,637.2999877929688,640.4000244140625,639.10302734375,10582146,0.0,0.0,0.0
2020-12-16,642.7999877929688,648.5,641.5999755859375,645.7999877929688,644.4918823242188,13554271,0.0,0.0,0.0
2020-12-17,649.2000122070312,649.7999877929688,644.4000244140625,644.4000244140625,643.0949096679688,12233567,0.0,0.0,0.0
2020-12-18,645.2000122070312,650.083984375,641.9000244140625,642.0999755859375,640.799560546875,11728867,0.0,0.0,0.0
2020-12-21,633.2000122070312,650.083984375,621.4000244140625,631.4000244140625,630.1211547851562,13799266,0.0,0.0,0.0
2020-12-22,628.2000122070312,635.9000244140625,628.0999755859375,635.5999755859375,634.3126831054688,6099413,0.0,0.0,0.0
2020-12-23,633.9000244140625,639.7999877929688,632.906982421875,639.4000244140625,638.10498046875,8375982,0.0,0.0,0.0
2020-12-24,642.7000122070312,643.6599731445312,638.02001953125,641.0,639.7017211914062,5310903,0.0,0.0,0.0
2020-12-29,650.2999877929688,657.7000122070312,648.7999877929688,650.2000122070312,648.8831176757812,9710225,0.0,0.0,0.0
2020-12-30,650.2000122070312,652.2999877929688,645.3820190429688,646.0999755859375,644.7914428710938,8897636,0.0,0.0,0.0
2020-12-31,638.2999877929688,640.9119873046875,634.0250244140625,636.2000122070312,634.9114990234375,5925124,0.0,0.0,0.0
2021-01-04,645.5,656.0,645.2999877929688,646.7999877929688,645.4898681640625,10061651,0.0,0.0,0.0
2021-01-05,643.4000244140625,651.9000244140625,643.0700073242188,651.0,649.681396484375,10811957,0.0,0.0,0.0
2021-01-06,656.0,674.9000244140625,653.2059936523438,673.0,671.636962890625,11071390,0.0,0.0,0.0
2021-01-07,678.9000244140625,679.4039916992188,668.9539794921875,675.4000244140625,674.0321044921875,10463919,0.0,0.0,0.0
2021-01-08,677.9000244140625,678.5999755859375,673.0999755859375,677.2000122070312,675.828369140625,10035948,0.0,0.0,0.0
2021-01-11,675.5999755859375,676.9000244140625,666.489990234375,669.0999755859375,667.7447509765625,7087556,0.0,0.0,0.0
2021-01-12,671.4000244140625,671.4000244140625,663.4000244140625,665.2999877929688,663.9522094726562,7507750,0.0,0.0,0.0
2021-01-13,665.7999877929688,667.0,663.2000122070312,664.0999755859375,662.7549438476562,6443812,0.0,0.0,0.0
2021-01-14,664.7999877929688,670.0,663.4769897460938,670.0,668.6431274414062,6111164,0.0,0.0,0.0
2021-01-15,667.5,668.0960083007812,657.5,663.0,661.6571655273438,8807340,0.0,0.0,0.0
2021-01-18,661.2999877929688,664.0,660.7000122070312,661.7000122070312,660.3597412109375,5788502,0.0,0.0,0.0
2021-01-19,665.4000244140625,666.5,659.4000244140625,661.0999755859375,659.760986328125,4732220,0.0,0.0,0.0
2021-01-20,662.0,665.0,659.4000244140625,664.2000122070312,662.8548583984375,7838432,0.0,0.0,0.0
2021-01-21,667.2999877929688,667.5449829101562,661.5,661.5,660.1602172851562,6082606,0.0,0.0,0.0
2021-01-22,660.0,660.4000244140625,655.1420288085938,659.0,657.665283203125,6348930,0.0,0.0,0.0
2021-01-25,660.7999877929688,661.2999877929688,651.0,653.9000244140625,652.5756225585938,6235266,0.0,0.0,0.0
2021-01-26,654.7000122070312,659.9959716796875,653.6010131835938,655.2000122070312,653.8729248046875,4021939,0.0,0.0,0.0
2021-01-27,652.9000244140625,655.89599609375,640.9000244140625,646.5999755859375,645.2902221679688,13054924,0.0,0.0,0.0
2021-01-28,640.2000122070312,644.6640014648438,633.7999877929688,643.0999755859375,641.797607421875,7166471,0.0,0.0,0.0
2021-01-29,632.7000122070312,638.6939697265625,629.448974609375,630.0,628.7239990234375,10588372,0.0,0.0,0.0
2021-02-01,633.5,639.4000244140625,632.3599853515625,636.0999755859375,634.8116455078125,6647321,0.0,0.0,0.0
2021-02-02,638.7000122070312,642.3610229492188,637.4000244140625,641.2999877929688,640.0011596679688,8323424,0.0,0.0,0.0
2021-02-03,646.7999877929688,647.3880004882812,638.5,640.4000244140625,639.10302734375,15661619,0.0,0.0,0.0
2021-02-04,642.2999877929688,645.0,637.5,640.5,639.2028198242188,4769148,0.0,0.0,0.0
2021-02-05,640.2000122070312,641.2000122070312,635.2260131835938,638.7999877929688,637.5059814453125,9826467,0.0,0.0,0.0
2021-02-08,641.5999755859375,646.4000244140625,639.7999877929688,641.7999877929688,640.5000610351562,4942282,0.0,0.0,0.0
2021-02-09,643.2999877929688,643.7000122070312,639.5999755859375,642.7999877929688,641.498046875,4577264,0.0,0.0,0.0
2021-02-10,647.0999755859375,647.2999877929688,638.0,641.9000244140625,640.5999145507812,5705931,0.0,0.0,0.0
2021-02-11,643.5,645.2000122070312,641.2000122070312,642.5,641.1986694335938,5458320,0.0,0.0,0.0
2021-02-12,639.9000244140625,648.2999877929688,638.2000122070312,648.2999877929688,646.987060546875,8972996,0.0,0.0,0.0
2021-02-15,653.7999877929688,667.02001953125,652.2999877929688,665.0999755859375,663.7529907226562,9669182,0.0,0.0,0.0
2021-02-16,667.5,669.4000244140625,663.0,663.7999877929688,662.4556274414062,9132980,0.0,0.0,0.0
2021-02-17,663.4000244140625,663.9000244140625,659.2059936523438,660.0999755859375,658.7630615234375,8715600,0.0,0.0,0.0
2021-02-18,658.7999877929688,662.5999755859375,649.7969970703125,652.7999877929688,651.47802734375,8887780,0.0,0.0,0.0
2021-02-19,652.4000244140625,655.2979736328125,650.5040283203125,653.0,651.67724609375,4784318,0.0,0.0,0.0
2021-02-22,650.7999877929688,652.6749877929688,645.5050048828125,651.5,650.1804809570312,11799380,0.0,0.0,0.0
2021-02-23,654.5,657.9000244140625,646.2000122070312,653.2000122070312,651.8770141601562,16476118,0.0,0.0,0.0
2021-02-24,650.0,657.458984375,647.6270141601562,656.5,655.1702880859375,11457083,0.0,0.0,0.0
2021-02-25,660.9000244140625,662.2000122070312,656.1240234375,656.9000244140625,655.5694580078125,6945687,0.0,0.0,0.0
2021-02-26,650.0,656.468017578125,638.7760009765625,640.2000122070312,638.9032592773438,12182241,0.0,0.0,0.0
2021-03-01,647.5,653.3200073242188,646.5999755859375,650.4000244140625,649.0827026367188,6548701,0.0,0.0,0.0
2021-03-02,648.0,657.8900146484375,647.8200073242188,652.9000244140625,651.5776977539062,7182912,0.0,0.0,0.0
2021-03-03,657.9000244140625,662.2960205078125,653.5999755859375,659.2000122070312,657.8649291992188,7384353,0.0,0.0,0.0
2021-03-04,655.7000122070312,658.9940185546875,651.2999877929688,658.5999755859375,657.26611328125,8479990,0.0,0.0,0.0
2021-03-05,653.0,664.0,649.2999877929688,656.0,654.67138671875,13188312,0.0,0.0,0.0
2021-03-08,660.5999755859375,665.4329833984375,654.2039794921875,664.5999755859375,663.25390625,11792113,0.0,0.0,0.0
2021-03-09,662.9000244140625,671.7000122070312,662.0999755859375,665.9000244140625,664.5513916015625,10689738,0.0,0.0,0.0
2021-03-10,662.9000244140625,667.2000122070312,660.8330078125,665.5999755859375,664.2518920898438,8438060,0.0,0.0,0.0
2021-03-11,664.5,664.5,658.4979858398438,661.7999877929688,660.515380859375,10877413,5.6200004,0.0,0.0
2021-03-12,660.2000122070312,664.8510131835938,659.4329833984375,664.4000244140625,663.1102294921875,6233097,0.0,0.0,0.0
2021-03-15,666.2999877929688,668.7940063476562,660.5999755859375,662.7000122070312,661.4137573242188,8751302,0.0,0.0,0.0
2021-03-16,667.0,669.0999755859375,665.0999755859375,667.9000244140625,666.603759765625,19377098,0.0,0.0,0.0
2021-03-17,667.0,668.4000244140625,663.5,664.2000122070312,662.9107055664062,9775811,0.0,0.0,0.0
2021-03-18,666.5999755859375,667.7999877929688,662.780029296875,666.2000122070312,664.9069213867188,8019559,0.0,0.0,0.0
2021-03-19,660.0999755859375,664.1959838867188,655.2999877929688,659.0,657.7208251953125,16572941,0.0,0.0,0.0
2021-03-22,655.5999755859375,662.2329711914062,653.7319946289062,661.5,660.2160034179688,5488926,0.0,0.0,0.0
2021-03-23,657.0999755859375,661.0640258789062,655.364013671875,659.2000122070312,657.9205322265625,9520797,0.0,0.0,0.0
2021-03-24,654.7000122070312,661.0850219726562,653.7449951171875,660.2000122070312,658.9185791015625,11604888,0.0,0.0,0.0
2021-03-25,657.7999877929688,662.5,651.3060302734375,656.7999877929688,655.5250244140625,12689167,0.0,0.0,0.0
2021-03-26,661.2000122070312,663.7000122070312,660.02001953125,663.5,662.2120971679688,7832083,0.0,0.0,0.0
2021-03-29,663.5,665.0,659.9000244140625,662.7000122070312,661.4137573242188,8006855,0.0,0.0,0.0
2021-03-30,666.7000122070312,668.2999877929688,662.0,666.0999755859375,664.8070068359375,7614452,0.0,0.0,0.0
2021-03-31,664.5999755859375,666.2940063476562,660.302001953125,660.9000244140625,659.6171875,7034189,0.0,0.0,0.0
2021-04-01,662.7000122070312,665.7000122070312,661.7080078125,662.9000244140625,661.6132202148438,7006047,0.0,0.0,0.0
2021-04-06,671.5999755859375,673.0,668.5999755859375,670.7000122070312,669.3980712890625,11375582,0.0,0.0,0.0
2021-04-07,673.7999877929688,678.0999755859375,672.6300048828125,676.5999755859375,675.28662109375,10061826,0.0,0.0,0.0
2021-04-08,679.4000244140625,683.2999877929688,677.5999755859375,683.2999877929688,681.9736328125,9748153,0.0,0.0,0.0
2021-04-09,684.0999755859375,684.0999755859375,679.7470092773438,680.5,679.1790771484375,5663503,0.0,0.0,0.0
2021-04-12,678.5,679.8679809570312,674.406005859375,678.2999877929688,676.9833374023438,7566879,0.0,0.0,0.0
2021-04-13,677.2999877929688,678.7000122070312,675.5,677.9000244140625,676.584228515625,5975405,0.0,0.0,0.0
2021-04-14,677.9000244140625,683.1640014648438,677.7000122070312,682.7000122070312,681.3748168945312,7762424,0.0,0.0,0.0
2021-04-15,685.2999877929688,688.9000244140625,684.7000122070312,688.2000122070312,686.8640747070312,7615764,0.0,0.0,0.0
2021-04-16,690.2000122070312,693.0,689.0,691.4000244140625,690.05810546875,8515811,0.0,0.0,0.0
2021-04-19,691.0,693.39599609375,687.3040161132812,689.0999755859375,687.7623291015625,7088356,0.0,0.0,0.0
2021-04-20,688.7000122070312,688.7000122070312,675.2000122070312,675.4000244140625,674.0889282226562,9133358,0.0,0.0,0.0
2021-04-21,678.4000244140625,681.0980224609375,676.0,679.0,677.6820068359375,5250861,0.0,0.0,0.0
2021-04-22,681.5,684.0,679.094970703125,683.2999877929688,681.9736328125,6032299,0.0,0.0,0.0
2021-04-23,681.7000122070312,683.9000244140625,679.2410278320312,683.9000244140625,682.5725708007812,6772258,0.0,0.0,0.0
2021-04-26,683.2999877929688,687.2000122070312,681.2000122070312,686.0999755859375,684.7682495117188,16069311,0.0,0.0,0.0
2021-04-27,687.0999755859375,687.2999877929688,683.0,684.0999755859375,682.7720947265625,8342682,0.0,0.0,0.0
2021-04-28,686.5,688.4000244140625,685.2000122070312,685.9000244140625,684.568603515625,5343037,0.0,0.0,0.0
2021-04-29,689.2000122070312,691.85400390625,685.5999755859375,686.0,684.6683959960938,7997395,0.0,0.0,0.0
2021-04-30,686.0999755859375,691.2000122070312,684.7059936523438,687.5,686.16552734375,7525202,0.0,0.0,0.0
2021-05-04,690.0,693.6599731445312,681.4609985351562,682.7999877929688,681.474609375,8999336,0.0,0.0,0.0
2021-05-05,686.7000122070312,694.6959838867188,685.9000244140625,694.0999755859375,692.7525634765625,7638173,0.0,0.0,0.0
2021-05-06,696.4000244140625,697.7999877929688,693.0059814453125,697.7999877929688,696.445556640625,6230570,0.0,0.0,0.0
2021-05-07,701.2000122070312,704.7999877929688,699.0269775390625,703.2999877929688,701.9347534179688,7915689,0.0,0.0,0.0
2021-05-10,707.0999755859375,707.4000244140625,700.760009765625,702.9000244140625,701.5357666015625,5855662,0.0,0.0,0.0
2021-05-11,694.9000244140625,696.0,682.0,685.4000244140625,684.0696411132812,15187779,0.0,0.0,0.0
2021-05-12,685.7000122070312,693.2000122070312,685.2999877929688,690.2000122070312,688.8602294921875,11834559,0.0,0.0,0.0
2021-05-13,684.4000244140625,689.1840209960938,673.4660034179688,687.5,686.16552734375,12302312,0.0,0.0,0.0
2021-05-14,692.7999877929688,695.9840087890625,690.3099975585938,695.5999755859375,694.2495727539062,5138825,0.0,0.0,0.0
2021-05-17,696.0,697.6110229492188,689.7999877929688,694.0,692.6529541015625,7333156,0.0,0.0,0.0
2021-05-18,699.9000244140625,700.9000244140625,694.0,694.2999877929688,692.9522705078125,6600179,0.0,0.0,0.0
2021-05-19,687.7000122070312,689.7999877929688,680.7999877929688,686.5999755859375,685.2671508789062,9768938,0.0,0.0,0.0
2021-05-20,691.7000122070312,694.7000122070312,685.0,694.7000122070312,693.3515625,9646652,0.0,0.0,0.0
2021-05-21,694.5,695.2000122070312,689.60498046875,694.0999755859375,692.7525634765625,8321187,0.0,0.0,0.0
2021-05-24,696.2000122070312,697.7999877929688,693.5999755859375,697.2000122070312,695.8466186523438,6611726,0.0,0.0,0.0
2021-05-25,698.7000122070312,699.0,695.2999877929688,695.2999877929688,693.9502563476562,4595864,0.0,0.0,0.0
2021-05-26,695.9000244140625,697.2999877929688,692.2000122070312,694.9000244140625,693.55126953125,6744347,0.0,0.0,0.0
2021-05-27,693.7999877929688,696.5999755859375,693.0,694.2999877929688,692.9522705078125,6665925,0.0,0.0,0.0
2021-05-28,696.7999877929688,697.6939697265625,694.2160034179688,695.0,693.6510009765625,5814585,0.0,0.0,0.0
2021-06-01,697.4000244140625,703.7000122070312,696.2999877929688,699.7000122070312,698.3417358398438,9175476,0.0,0.0,0.0
2021-06-02,699.7999877929688,703.9879760742188,698.9000244140625,702.4000244140625,701.0365600585938,3431961,0.0,0.0,0.0
2021-06-03,702.9000244140625,703.3510131835938,693.7000122070312,698.2000122070312,696.8448486328125,7568830,0.0,0.0,0.0
2021-06-04,699.0999755859375,699.5,696.2000122070312,699.2000122070312,697.8427734375,5802195,0.0,0.0,0.0
2021-06-07,700.4000244140625,702.2999877929688,696.4000244140625,700.2999877929688,698.9407348632812,7702096,0.0,0.0,0.0
2021-06-08,700.0999755859375,704.5999755859375,699.9000244140625,701.9000244140625,700.5377807617188,6729494,0.0,0.0,0.0
2021-06-09,700.5,701.2940063476562,697.0170288085938,699.9000244140625,698.5416259765625,10247825,0.0,0.0,0.0
2021-06-10,701.9000244140625,704.0,700.3289794921875,701.0999755859375,699.7389526367188,4587958,0.0,0.0,0.0
2021-06-11,701.9000244140625,706.2999877929688,701.9000244140625,705.5,704.1304321289062,5115262,0.0,0.0,0.0
2021-06-14,708.0,711.1849975585938,706.2000122070312,707.0999755859375,705.7273559570312,5607513,0.0,0.0,0.0
2021-06-15,710.4000244140625,711.8980102539062,707.8350219726562,709.7000122070312,708.3223876953125,8465410,0.0,0.0,0.0
2021-06-16,711.4000244140625,714.5999755859375,709.5999755859375,711.7999877929688,710.41845703125,7537365,0.0,0.0,0.0
2021-06-17,699.0999755859375,702.5999755859375,698.7999877929688,701.2000122070312,699.9189453125,7717764,8.13,0.0,0.0
2021-06-18,700.0,701.2999877929688,686.2999877929688,687.0,685.74462890625,10933491,0.0,0.0,0.0
2021-06-21,682.5999755859375,692.0999755859375,680.8280029296875,691.7999877929688,690.5359497070312,4747522,0.0,0.0,0.0
2021-06-22,693.7000122070312,695.2999877929688,691.7780151367188,694.4000244140625,693.13134765625,3299856,0.0,0.0,0.0
2021-06-23,695.4000244140625,698.0,692.7000122070312,692.7000122070312,691.4343872070312,5330125,0.0,0.0,0.0
2021-06-24,694.2999877929688,697.4959716796875,693.5549926757812,696.7000122070312,695.4271240234375,3458217,0.0,0.0,0.0
2021-06-25,698.0999755859375,699.2940063476562,696.5040283203125,698.4000244140625,697.1239624023438,5525871,0.0,0.0,0.0
2021-06-28,696.2999877929688,698.6740112304688,692.0999755859375,692.7999877929688,691.5341796875,5541134,0.0,0.0,0.0
2021-06-29,693.0,697.0,692.3779907226562,694.2000122070312,692.9315185546875,5845202,0.0,0.0,0.0
2021-06-30,694.0999755859375,695.4000244140625,686.4039916992188,688.5999755859375,687.3418579101562,12416122,0.0,0.0,0.0
2021-07-01,693.9000244140625,698.2999877929688,691.406005859375,697.5,696.2255859375,12739599,0.0,0.0,0.0
2021-07-02,699.2000122070312,701.0999755859375,695.8040161132812,697.0999755859375,695.8262329101562,5111871,0.0,0.0,0.0
2021-07-05,697.9000244140625,701.9000244140625,696.0,701.0999755859375,699.8189086914062,3913676,0.0,0.0,0.0
2021-07-06,699.5,702.0700073242188,692.9959716796875,695.5,694.2293090820312,7011519,0.0,0.0,0.0
2021-07-07,698.0999755859375,700.9000244140625,697.0,700.7999877929688,699.5197143554688,9083438,0.0,0.0,0.0
2021-07-08,696.4000244140625,696.7000122070312,684.7000122070312,690.0,688.7393188476562,11670477,0.0,0.0,0.0
2021-07-09,692.0,697.7999877929688,690.9450073242188,697.7999877929688,696.5250854492188,9869942,0.0,0.0,0.0
2021-07-12,696.2999877929688,699.0999755859375,692.5999755859375,698.0,696.7245483398438,9081921,0.0,0.0,0.0
2021-07-13,699.7000122070312,700.6229858398438,696.9000244140625,697.9000244140625,696.6249389648438,6705448,0.0,0.0,0.0
2021-07-14,695.5,697.1300048828125,692.9019775390625,695.0,693.7301635742188,4112162,0.0,0.0,0.0
2021-07-15,694.0,696.9299926757812,686.2999877929688,687.5,686.243896484375,7605723,0.0,0.0,0.0
2021-07-16,691.0999755859375,692.0999755859375,684.0040283203125,686.9000244140625,685.6448974609375,4890196,0.0,0.0,0.0
2021-07-19,680.5,680.5919799804688,667.5999755859375,671.0,669.7739868164062,10436943,0.0,0.0,0.0
2021-07-20,675.4000244140625,679.4000244140625,669.22998046875,674.7000122070312,673.46728515625,7579428,0.0,0.0,0.0
2021-07-21,678.0,686.5999755859375,677.7999877929688,685.5999755859375,684.3472900390625,5267081,0.0,0.0,0.0
2021-07-22,687.0,688.1959838867188,681.7000122070312,683.0999755859375,681.8518676757812,2099353,0.0,0.0,0.0
2021-07-23,687.0999755859375,689.5,686.0999755859375,689.0999755859375,687.8408813476562,2795977,0.0,0.0,0.0
2021-07-26,685.5,690.0,684.2999877929688,688.9000244140625,687.6414184570312,1944039,0.0,0.0,0.0
2021-07-27,685.4000244140625,687.3699951171875,679.2999877929688,685.2000122070312,683.9481811523438,5363685,0.0,0.0,0.0
2021-07-28,685.2999877929688,689.0150146484375,684.5,688.0999755859375,686.8425903320312,4855203,0.0,0.0,0.0
2021-07-29,690.7999877929688,696.5,690.2999877929688,694.7000122070312,693.4307861328125,4446574,0.0,0.0,0.0
2021-07-30,688.5999755859375,692.4959716796875,686.7039794921875,690.5,689.2384033203125,5417608,0.0,0.0,0.0
2021-08-02,695.7000122070312,698.0,693.2039794921875,695.0,693.7301635742188,3641921,0.0,0.0,0.0
2021-08-03,694.9000244140625,698.614990234375,694.0999755859375,697.5,696.2255859375,4703442,0.0,0.0,0.0
2021-08-04,700.2999877929688,700.9500122070312,697.8800048828125,698.7000122070312,697.4234008789062,3984305,0.0,0.0,0.0
2021-08-05,697.5999755859375,700.5999755859375,697.5999755859375,699.7999877929688,698.5214233398438,3158418,0.0,0.0,0.0
2021-08-06,699.7000122070312,701.0,697.8309936523438,699.4000244140625,698.1221313476562,2896895,0.0,0.0,0.0
2021-08-09,698.5,701.2210083007812,696.2999877929688,700.4000244140625,699.120361328125,5913254,0.0,0.0,0.0
2021-08-10,700.5999755859375,703.7000122070312,698.9959716796875,702.9000244140625,701.6158447265625,3940798,0.0,0.0,0.0
2021-08-11,704.9000244140625,709.2000122070312,704.219970703125,709.0,707.70458984375,4256815,0.0,0.0,0.0
2021-08-12,709.7999877929688,711.2000122070312,708.0020141601562,708.9000244140625,707.604736328125,3107894,0.0,0.0,0.0
2021-08-13,710.0999755859375,711.968994140625,709.989990234375,711.2999877929688,710.0003051757812,2814594,0.0,0.0,0.0
2021-08-16,706.5999755859375,707.7000122070312,701.4219970703125,705.0999755859375,703.8117065429688,5361572,0.0,0.0,0.0
2021-08-17,702.7000122070312,708.4920043945312,701.8670043945312,707.5999755859375,706.3070678710938,4051544,0.0,0.0,0.0
2021-08-18,708.5,709.5999755859375,703.7000122070312,706.2999877929688,705.0095825195312,4756940,0.0,0.0,0.0
2021-08-19,695.9000244140625,699.4000244140625,690.5999755859375,697.0999755859375,695.8262329101562,12403758,0.0,0.0,0.0
2021-08-20,698.5,700.9000244140625,694.7000122070312,700.2000122070312,698.9207153320312,4927138,0.0,0.0,0.0
2021-08-23,706.0999755859375,706.5999755859375,701.0999755859375,702.0,700.7174682617188,4700047,0.0,0.0,0.0
2021-08-24,703.2999877929688,704.2999877929688,698.5999755859375,703.2000122070312,701.9151000976562,4938431,0.0,0.0,0.0
2021-08-25,703.5,706.0999755859375,703.2999877929688,706.0,704.7100219726562,3307600,0.0,0.0,0.0
2021-08-26,703.2999877929688,706.0999755859375,701.22998046875,704.4000244140625,703.113037109375,4512483,0.0,0.0,0.0
2021-08-27,704.0,707.5,702.5,706.7000122070312,705.4087524414062,2375294,0.0,0.0,0.0
2021-08-31,707.0,707.5999755859375,700.5999755859375,703.5999755859375,702.3143920898438,4350456,0.0,0.0,0.0
2021-09-01,707.9000244140625,710.2960205078125,705.9979858398438,706.7000122070312,705.4087524414062,6391000,0.0,0.0,0.0
2021-09-02,706.0,709.4180297851562,705.5,709.4000244140625,708.1038208007812,4096853,0.0,0.0,0.0
2021-09-03,709.7999877929688,710.9940185546875,705.0,707.0,705.7081298828125,3651632,0.0,0.0,0.0
2021-09-06,709.0999755859375,712.4000244140625,708.14599609375,711.7000122070312,710.3997192382812,2443478,0.0,0.0,0.0
2021-09-07,710.7999877929688,710.7999877929688,707.5,707.9000244140625,706.6065673828125,4074491,0.0,0.0,0.0
2021-09-08,703.0,705.7999877929688,698.9450073242188,702.4000244140625,701.1166381835938,8368262,0.0,0.0,0.0
2021-09-09,696.2000122070312,697.7000122070312,693.0390014648438,696.0,694.7283325195312,9533009,0.0,0.0,0.0
2021-09-10,698.4000244140625,698.7999877929688,694.5269775390625,696.0,694.7283325195312,6877290,0.0,0.0,0.0
2021-09-13,699.2000122070312,701.9110107421875,698.7000122070312,699.5,698.221923828125,399237,0.0,0.0,0.0
2021-09-14,698.0999755859375,699.469970703125,694.8300170898438,696.5999755859375,695.3272705078125,6820808,0.0,0.0,0.0
2021-09-15,696.2000122070312,697.7999877929688,694.5,694.5,693.2310180664062,1928619,0.0,0.0,0.0
2021-09-16,688.5999755859375,690.166015625,686.7999877929688,687.0999755859375,685.9290161132812,2423836,8.55,0.0,0.0
2021-09-17,688.7999877929688,693.2100219726562,678.3460083007812,680.5,679.3402099609375,10000193,0.0,0.0,0.0
2021-09-20,672.5,676.0,667.5999755859375,674.9000244140625,673.7498779296875,6753404,0.0,0.0,0.0
2021-09-21,678.2999877929688,685.2000122070312,678.2999877929688,682.0999755859375,680.9374389648438,5467947,0.0,0.0,0.0
2021-09-22,688.0,693.2999877929688,686.7999877929688,692.5,691.3198852539062,5517331,0.0,0.0,0.0
2021-09-23,696.5999755859375,697.5999755859375,691.4000244140625,691.7999877929688,690.6210327148438,6098364,0.0,0.0,0.0
2021-09-24,691.2999877929688,692.0999755859375,688.4000244140625,689.2999877929688,688.1253051757812,10914797,0.0,0.0,0.0
2021-09-27,695.5999755859375,696.4000244140625,688.5999755859375,690.7000122070312,689.5228271484375,4962857,0.0,0.0,0.0
2021-09-28,689.7000122070312,691.2999877929688,685.7999877929688,686.7999877929688,685.6295166015625,8115702,0.0,0.0,0.0
2021-09-29,689.2999877929688,695.5,688.5999755859375,694.2000122070312,693.0169067382812,7420633,0.0,0.0,0.0
2021-09-30,697.9000244140625,700.0,691.5269775390625,692.5999755859375,691.4196166992188,6857349,0.0,0.0,0.0
2021-10-01,685.0,690.6439819335938,683.7000122070312,687.4000244140625,686.2285766601562,9781976,0.0,0.0,0.0
2021-10-04,684.7999877929688,691.8519897460938,684.6950073242188,685.5999755859375,684.4315795898438,8319653,0.0,0.0,0.0
2021-10-05,687.0,693.0999755859375,686.39599609375,692.5999755859375,691.4196166992188,3771345,0.0,0.0,0.0
2021-10-06,687.5999755859375,687.7000122070312,679.447998046875,684.5,683.33349609375,9137943,0.0,0.0,0.0
2021-10-07,691.7000122070312,694.0120239257812,688.7509765625,692.5,691.3198852539062,7192381,0.0,0.0,0.0
2021-10-08,694.0,695.7000122070312,692.0,694.2999877929688,693.1167602539062,2284170,0.0,0.0,0.0
2021-10-11,693.2000122070312,699.0,693.0,699.0,697.8087158203125,3080757,0.0,0.0,0.0
2021-10-12,691.4000244140625,697.9000244140625,690.9000244140625,697.5999755859375,696.4111938476562,5542083,0.0,0.0,0.0
2021-10-13,695.0999755859375,700.0,693.5,698.7000122070312,697.5093383789062,8514622,0.0,0.0,0.0
2021-10-14,703.5999755859375,706.2750244140625,701.7999877929688,705.4000244140625,704.19775390625,6663818,0.0,0.0,0.0
2021-10-15,707.9000244140625,708.9840087890625,706.0,708.4000244140625,707.1927490234375,5652129,0.0,0.0,0.0
2021-10-18,706.5,708.0,702.8150024414062,705.0999755859375,703.8983764648438,3062540,0.0,0.0,0.0
2021-10-19,706.7000122070312,707.0,703.7000122070312,706.4000244140625,705.1961669921875,3296972,0.0,0.0,0.0
2021-10-20,705.5,707.3839721679688,704.3179931640625,706.5999755859375,705.3958129882812,4159505,0.0,0.0,0.0
2021-10-21,703.2999877929688,705.2999877929688,702.5250244140625,703.7999877929688,702.6006469726562,3914449,0.0,0.0,0.0
2021-10-22,705.0999755859375,708.0079956054688,703.6799926757812,705.0999755859375,703.8983764648438,6992159,0.0,0.0,0.0
2021-10-25,707.9000244140625,709.1099853515625,706.1099853515625,706.9000244140625,705.6952514648438,2951155,0.0,0.0,0.0
2021-10-26,708.2999877929688,712.4000244140625,707.7999877929688,711.5999755859375,710.38720703125,5147452,0.0,0.0,0.0
2021-10-27,710.7999877929688,712.27197265625,709.22802734375,709.5999755859375,708.3907470703125,3971150,0.0,0.0,0.0
2021-10-28,708.5,709.7999877929688,706.5859985351562,709.4000244140625,708.1909790039062,2925974,0.0,0.0,0.0
2021-10-29,705.2000122070312,709.2999877929688,703.7579956054688,708.7000122070312,707.4923706054688,5896728,0.0,0.0,0.0
2021-11-01,711.7000122070312,714.780029296875,703.7579956054688,713.4000244140625,712.1842041015625,3432997,0.0,0.0,0.0
2021-11-02,711.9000244140625,712.7249755859375,708.7219848632812,712.0999755859375,710.8862915039062,6378144,0.0,0.0,0.0
2021-11-03,710.4000244140625,712.0,708.0750122070312,709.0999755859375,707.8915405273438,3320178,0.0,0.0,0.0
2021-11-04,712.2999877929688,713.97802734375,709.4219970703125,712.9000244140625,711.68505859375,6853083,0.0,0.0,0.0
2021-11-05,711.5999755859375,717.7999877929688,711.5,715.4000244140625,714.1807861328125,2272743,0.0,0.0,0.0
2021-11-08,715.0,716.4000244140625,713.9450073242188,715.2000122070312,713.9812622070312,4320477,0.0,0.0,0.0
2021-11-09,713.2000122070312,716.0999755859375,711.7000122070312,712.4000244140625,711.1859130859375,4572385,0.0,0.0,0.0
2021-11-10,712.0999755859375,717.7999877929688,712.0,717.7999877929688,716.57666015625,3336845,0.0,0.0,0.0
2021-11-11,719.0,724.5,717.6400146484375,723.4000244140625,722.167236328125,3078009,0.0,0.0,0.0
2021-11-12,721.7999877929688,722.6669921875,719.323974609375,719.9000244140625,718.6731567382812,4427434,0.0,0.0,0.0
2021-11-15,718.7000122070312,721.5999755859375,718.2050170898438,720.4000244140625,719.1723022460938,3232375,0.0,0.0,0.0
2021-11-16,720.5999755859375,722.2360229492188,718.0,718.5,717.2755737304688,4740868,0.0,0.0,0.0
2021-11-17,716.5,717.7639770507812,714.5999755859375,714.5999755859375,713.3822021484375,3309663,0.0,0.0,0.0
2021-11-18,713.9000244140625,714.5,710.323974609375,711.9000244140625,710.6868896484375,2981847,0.0,0.0,0.0
2021-11-19,713.9000244140625,715.0999755859375,706.2000122070312,708.9000244140625,707.69189453125,3704174,0.0,0.0,0.0
2021-11-22,710.9000244140625,713.2999877929688,706.9000244140625,711.7000122070312,710.4871826171875,4475074,0.0,0.0,0.0
2021-11-23,708.7000122070312,715.2000122070312,706.4000244140625,713.0,711.7848510742188,3818769,0.0,0.0,0.0
2021-11-24,713.4000244140625,716.7999877929688,710.7000122070312,715.2000122070312,713.9812622070312,5634366,0.0,0.0,0.0
2021-11-25,716.7000122070312,717.5,715.447998046875,717.2000122070312,715.9778442382812,2955153,0.0,0.0,0.0
2021-11-26,696.7000122070312,702.5,691.4249877929688,692.0,690.8206787109375,13056996,0.0,0.0,0.0
2021-11-29,699.5999755859375,703.0,695.7459716796875,698.4000244140625,697.2097778320312,7502605,0.0,0.0,0.0
2021-11-30,691.0,697.8670043945312,687.0,692.5,691.3198852539062,10714429,0.0,0.0,0.0
2021-12-01,696.0,704.9000244140625,696.0,703.5999755859375,702.40087890625,5670740,0.0,0.0,0.0
2021-12-02,695.0,701.5,695.0,699.5,698.307861328125,7433556,0.0,0.0,0.0
2021-12-03,704.7000122070312,706.385986328125,697.2000122070312,699.4000244140625,698.2080078125,5498870,0.0,0.0,0.0
2021-12-06,703.5,711.2689819335938,702.780029296875,709.9000244140625,708.690185546875,8019410,0.0,0.0,0.0
2021-12-07,714.5,720.9000244140625,714.4000244140625,720.5,719.272216796875,6930823,0.0,0.0,0.0
2021-12-08,721.0,724.2000122070312,719.5999755859375,719.5999755859375,718.3736572265625,12194220,0.0,0.0,0.0
2021-12-09,723.0999755859375,723.0999755859375,716.7999877929688,718.5999755859375,717.3753051757812,2353411,0.0,0.0,0.0
2021-12-10,714.9000244140625,719.7760009765625,714.60302734375,715.7999877929688,714.5799560546875,2690690,0.0,0.0,0.0
2021-12-13,716.7000122070312,717.4959716796875,709.0159912109375,709.5,708.2908325195312,3817802,0.0,0.0,0.0
2021-12-14,713.7999877929688,715.0,708.2999877929688,708.2999877929688,707.0929565429688,3601662,0.0,0.0,0.0
2021-12-15,708.4000244140625,708.7000122070312,703.2030029296875,703.9000244140625,702.7003784179688,3474887,0.0,0.0,0.0
2021-12-16,708.0,708.7999877929688,704.5,707.4000244140625,706.24267578125,4759191,4.8,0.0,0.0
2021-12-17,707.7000122070312,710.0,704.9920043945312,708.0999755859375,706.94140625,5995667,0.0,0.0,0.0
2021-12-20,697.0,702.4000244140625,692.3809814453125,701.5,700.3521118164062,8063946,0.0,0.0,0.0
2021-12-21,707.2999877929688,710.7000122070312,706.2999877929688,710.7000122070312,709.5371704101562,4966773,0.0,0.0,0.0
2021-12-22,711.4000244140625,714.9000244140625,708.7999877929688,714.9000244140625,713.7303466796875,3023740,0.0,0.0,0.0
2021-12-23,716.5999755859375,719.9000244140625,714.4000244140625,718.7000122070312,717.5240478515625,7613828,0.0,0.0,0.0
2021-12-24,719.5999755859375,722.0280151367188,718.0999755859375,718.7999877929688,717.6239624023438,1729281,0.0,0.0,0.0
2021-12-29,723.7000122070312,727.1690063476562,722.7000122070312,722.9000244140625,721.71728515625,3209811,0.0,0.0,0.0
2021-12-30,722.7000122070312,724.760009765625,721.5999755859375,722.0999755859375,720.9183349609375,2500039,0.0,0.0,0.0
2021-12-31,719.2999877929688,720.3599853515625,716.989990234375,719.9000244140625,718.72216796875,1471702,0.0,0.0,0.0
2022-01-04,729.5999755859375,733.155029296875,726.489990234375,731.2999877929688,730.1034545898438,9370508,0.0,0.0,0.0
2022-01-05,730.5,734.2000122070312,729.697998046875,733.0,731.8006591796875,2456619,0.0,0.0,0.0
2022-01-06,724.5,731.4000244140625,723.2659912109375,726.7999877929688,725.6107788085938,8107638,0.0,0.0,0.0
2022-01-07,726.7000122070312,729.9000244140625,724.9000244140625,729.7000122070312,728.5061645507812,3391303,0.0,0.0,0.0
2022-01-10,730.5999755859375,731.1439819335938,724.1060180664062,726.5,725.3113403320312,4852972,0.0,0.0,0.0
2022-01-11,729.7999877929688,731.5,727.77001953125,731.0,729.803955078125,3755721,0.0,0.0,0.0
2022-01-12,734.0,738.2000122070312,733.5999755859375,736.7000122070312,735.4946899414062,4188220,0.0,0.0,0.0
2022-01-13,735.0999755859375,738.0999755859375,734.7000122070312,737.5,736.2933349609375,9303562,0.0,0.0,0.0
2022-01-14,733.9000244140625,738.2000122070312,733.9000244140625,736.2999877929688,735.0952758789062,4452378,0.0,0.0,0.0
2022-01-17,738.2000122070312,743.239013671875,738.2000122070312,742.5999755859375,741.3848876953125,3512975,0.0,0.0,0.0
2022-01-18,741.0,741.0,735.0,738.5999755859375,737.3914794921875,11041469,0.0,0.0,0.0
2022-01-19,735.0999755859375,743.4760131835938,734.7249755859375,741.2999877929688,740.0870971679688,3390943,0.0,0.0,0.0
2022-01-20,742.9000244140625,744.0759887695312,737.4000244140625,740.5,739.288330078125,6131418,0.0,0.0,0.0
2022-01-21,732.0999755859375,735.7000122070312,727.5999755859375,731.7999877929688,730.6026000976562,5693985,0.0,0.0,0.0
2022-01-24,728.9000244140625,733.0,711.1179809570312,712.5,711.3341674804688,7731860,0.0,0.0,0.0
2022-01-25,717.7000122070312,721.2000122070312,713.7150268554688,720.2000122070312,719.0216674804688,4953258,0.0,0.0,0.0
2022-01-26,727.2000122070312,735.1259765625,726.2000122070312,730.2000122070312,729.0053100585938,6571101,0.0,0.0,0.0
2022-01-27,721.7999877929688,741.7119750976562,721.2999877929688,737.9000244140625,736.6928100585938,6393269,0.0,0.0,0.0
2022-01-28,736.2999877929688,736.6719970703125,725.0,729.2000122070312,728.0068969726562,8014594,0.0,0.0,0.0
2022-01-31,734.5,734.9000244140625,728.1309814453125,730.0999755859375,728.9054565429688,16038188,0.0,0.0,0.0
2022-02-01,733.2999877929688,737.97998046875,732.8090209960938,736.2999877929688,735.0952758789062,5734990,0.0,0.0,0.0
2022-02-02,739.2999877929688,743.3800048828125,738.8200073242188,741.2000122070312,739.9873046875,4360055,0.0,0.0,0.0
2022-02-03,741.9000244140625,743.3599853515625,736.0,736.2000122070312,734.9954223632812,5004667,0.0,0.0,0.0
2022-02-04,740.9000244140625,742.969970703125,733.0,735.2000122070312,733.9971313476562,7282491,0.0,0.0,0.0
2022-02-07,737.0,742.5999755859375,734.1849975585938,740.7000122070312,739.4879760742188,4493972,0.0,0.0,0.0
2022-02-08,742.0999755859375,746.2999877929688,738.4199829101562,740.0,738.789306640625,5982628,0.0,0.0,0.0
2022-02-09,744.2000122070312,749.2000122070312,742.7999877929688,747.7000122070312,746.4766845703125,8107504,0.0,0.0,0.0
2022-02-10,748.5,751.9000244140625,745.7999877929688,750.7000122070312,749.4718017578125,18150153,0.0,0.0,0.0
2022-02-11,744.7999877929688,750.2999877929688,743.0780029296875,749.5999755859375,748.3734130859375,5571110,0.0,0.0,0.0
2022-02-14,740.4000244140625,741.5,731.9000244140625,737.2999877929688,736.093505859375,14325052,0.0,0.0,0.0
2022-02-15,735.0999755859375,744.2999877929688,734.2999877929688,744.2999877929688,743.0821533203125,6657343,0.0,0.0,0.0
2022-02-16,744.2000122070312,746.0700073242188,739.5999755859375,743.2000122070312,741.984130859375,4666312,0.0,0.0,0.0
2022-02-17,744.0,744.3300170898438,734.7000122070312,738.0,736.7926025390625,5377903,0.0,0.0,0.0
2022-02-18,739.0999755859375,741.5,735.2999877929688,736.2000122070312,734.9954223632812,7642081,0.0,0.0,0.0
2022-02-21,740.2000122070312,741.8699951171875,729.35400390625,733.2999877929688,732.1001586914062,6991482,0.0,0.0,0.0
2022-02-22,722.0999755859375,737.5999755859375,720.72802734375,734.7000122070312,733.4979858398438,6484974,0.0,0.0,0.0
2022-02-23,734.7000122070312,740.0,733.8889770507812,734.5999755859375,733.3980102539062,4454883,0.0,0.0,0.0
2022-02-24,715.0,721.5,707.8410034179688,708.7999877929688,707.6403198242188,12572737,0.0,0.0,0.0
2022-02-25,714.5,736.75,713.3300170898438,735.9000244140625,734.6959228515625,10156131,0.0,0.0,0.0
2022-02-28,725.7999877929688,734.2999877929688,723.1500244140625,731.9000244140625,730.7024536132812,14894236,0.0,0.0,0.0
2022-03-01,732.0999755859375,736.5999755859375,720.0999755859375,720.0999755859375,718.9217529296875,12112179,0.0,0.0,0.0
2022-03-02,721.5999755859375,733.3809814453125,721.2369995117188,730.0999755859375,728.9054565429688,10498125,0.0,0.0,0.0
2022-03-03,731.0,734.375,711.0,712.0,710.8350219726562,8245750,0.0,0.0,0.0
2022-03-04,708.4000244140625,709.5,686.0999755859375,687.0,685.8758544921875,12210995,0.0,0.0,0.0
2022-03-07,675.2000122070312,691.2919921875,666.9210205078125,683.9000244140625,682.7809448242188,11240781,0.0,0.0,0.0
2022-03-08,678.2000122070312,690.0869750976562,677.0859985351562,685.4000244140625,684.2786254882812,7943342,0.0,0.0,0.0
2022-03-09,698.5999755859375,708.7999877929688,693.7210083007812,708.7999877929688,707.6403198242188,8223035,0.0,0.0,0.0
2022-03-10,708.2000122070312,708.7999877929688,697.9149780273438,701.5999755859375,700.4519653320312,5723051,0.0,0.0,0.0
2022-03-11,705.5999755859375,716.6810302734375,702.2000122070312,706.0,704.844970703125,7508304,0.0,0.0,0.0
2022-03-14,709.0,713.3779907226562,705.9329833984375,710.2999877929688,709.1376953125,3877609,0.0,0.0,0.0
2022-03-15,702.9000244140625,709.2999877929688,699.14501953125,709.2999877929688,708.1393432617188,7899631,0.0,0.0,0.0
2022-03-16,720.5,722.2000122070312,715.3300170898438,720.4000244140625,719.2213745117188,9133477,0.0,0.0,0.0
2022-03-17,720.2999877929688,725.9000244140625,713.1489868164062,725.9000244140625,724.7551879882812,5530617,4.27,0.0,0.0
2022-03-18,727.0,728.3870239257812,718.7999877929688,728.0999755859375,726.9517822265625,3225774,0.0,0.0,0.0
2022-03-21,728.5999755859375,733.5,727.260009765625,730.7000122070312,729.5477294921875,4259189,0.0,0.0,0.0
2022-03-22,733.2999877929688,735.7579956054688,732.5,734.9000244140625,733.7410888671875,4279007,0.0,0.0,0.0
2022-03-23,736.4000244140625,738.9639892578125,732.7999877929688,732.7999877929688,731.644287109375,6075226,0.0,0.0,0.0
2022-03-24,734.2999877929688,736.9000244140625,733.0,734.0999755859375,732.9423828125,3953818,0.0,0.0,0.0
2022-03-25,733.7999877929688,737.77001953125,731.6400146484375,735.4000244140625,734.240234375,3601971,0.0,0.0,0.0
2022-03-28,737.5,741.5,734.9000244140625,735.0,733.8409423828125,4442735,0.0,0.0,0.0
2022-03-29,740.2999877929688,746.0,738.5,741.2999877929688,740.1309814453125,7399188,0.0,0.0,0.0
2022-03-30,741.9000244140625,745.4000244140625,740.0,745.4000244140625,744.224609375,2927895,0.0,0.0,0.0
2022-03-31,746.2000122070312,747.0,739.5999755859375,739.7000122070312,738.533447265625,2787873,0.0,0.0,0.0
2022-04-01,740.7000122070312,743.0999755859375,738.6480102539062,741.7000122070312,740.5302734375,4922204,0.0,0.0,0.0
2022-04-04,744.2000122070312,745.3200073242188,741.0,743.4000244140625,742.2277221679688,4369056,0.0,0.0,0.0
2022-04-05,743.5999755859375,749.0999755859375,741.5,749.0999755859375,747.9187622070312,3662095,0.0,0.0,0.0
2022-04-06,747.5999755859375,749.2000122070312,741.5269775390625,747.0,745.8219604492188,5623819,0.0,0.0,0.0
2022-04-07,747.9000244140625,749.2999877929688,742.5,744.0,742.8267822265625,3485822,0.0,0.0,0.0
2022-04-08,750.5,755.5,749.7360229492188,755.0,753.8094482421875,6534070,0.0,0.0,0.0
2022-04-11,753.2000122070312,754.3839721679688,749.8400268554688,751.2000122070312,750.0154418945312,5982520,0.0,0.0,0.0
2022-04-12,744.7000122070312,747.780029296875,742.5999755859375,746.0999755859375,744.9234008789062,5001184,0.0,0.0,0.0
2022-04-13,743.7000122070312,747.7000122070312,742.5999755859375,745.9000244140625,744.7237548828125,4780250,0.0,0.0,0.0
2022-04-14,746.2999877929688,750.469970703125,743.4000244140625,749.7999877929688,748.6174926757812,3684121,0.0,0.0,0.0
2022-04-19,749.5,751.0,744.7999877929688,748.7999877929688,747.6190795898438,4599857,0.0,0.0,0.0
2022-04-20,749.5999755859375,752.5,747.7080078125,751.9000244140625,750.7141723632812,3316924,0.0,0.0,0.0
2022-04-21,753.0999755859375,755.5,749.5,752.4000244140625,751.2135620117188,4260611,0.0,0.0,0.0
2022-04-22,746.0,751.0999755859375,742.4000244140625,742.4000244140625,741.2293090820312,4899583,0.0,0.0,0.0
2022-04-25,729.0999755859375,732.64697265625,724.0,728.4000244140625,727.2512817382812,7468873,0.0,0.0,0.0
2022-04-26,736.0999755859375,736.2999877929688,728.0999755859375,728.7999877929688,727.650634765625,3294304,0.0,0.0,0.0
2022-04-27,729.2000122070312,735.2520141601562,724.5,731.7000122070312,730.546142578125,4286397,0.0,0.0,0.0
2022-04-28,737.5999755859375,741.7000122070312,735.2999877929688,740.5999755859375,739.4319458007812,4490033,0.0,0.0,0.0
2022-04-29,745.4000244140625,746.9119873046875,740.7999877929688,744.7000122070312,743.525634765625,3917993,0.0,0.0,0.0
2022-05-03,740.5999755859375,746.0999755859375,737.4000244140625,745.7000122070312,744.5240478515625,7032094,0.0,0.0,0.0
2022-05-04,746.2000122070312,747.0,739.739013671875,739.9000244140625,738.7332153320312,4339527,0.0,0.0,0.0
2022-05-05,750.5,752.2059936523438,739.6519775390625,741.5,740.3306274414062,5421552,0.0,0.0,0.0
2022-05-06,738.9000244140625,739.5,726.0999755859375,729.2000122070312,728.050048828125,7284142,0.0,0.0,0.0
2022-05-09,727.4000244140625,729.7999877929688,712.4000244140625,712.4000244140625,711.276611328125,5476369,0.0,0.0,0.0
2022-05-10,718.0999755859375,721.9000244140625,714.9000244140625,714.9000244140625,713.7726440429688,2635987,0.0,0.0,0.0
2022-05-11,719.5,725.4000244140625,714.2999877929688,724.7999877929688,723.6571044921875,7572453,0.0,0.0,0.0
2022-05-12,713.0,717.9000244140625,706.843994140625,714.2000122070312,713.07373046875,6940247,0.0,0.0,0.0
2022-05-13,719.2999877929688,732.7000122070312,719.0,732.2999877929688,731.1451416015625,6428281,0.0,0.0,0.0
2022-05-16,728.7999877929688,737.0,727.010986328125,737.0,735.8378295898438,6426137,0.0,0.0,0.0
2022-05-17,738.4000244140625,744.2000122070312,738.0,742.0,740.8299560546875,4687307,0.0,0.0,0.0
2022-05-18,742.7000122070312,743.2999877929688,735.4000244140625,735.4000244140625,734.240234375,4499388,0.0,0.0,0.0
2022-05-19,731.0,731.7000122070312,715.4520263671875,723.0,721.8596801757812,8804372,0.0,0.0,0.0
2022-05-20,730.0,737.8699951171875,729.9949951171875,731.0999755859375,729.947021484375,7460107,0.0,0.0,0.0
2022-05-23,737.9000244140625,743.2000122070312,735.3900146484375,743.2000122070312,742.0281372070312,3547880,0.0,0.0,0.0
2022-05-24,736.4000244140625,744.6699829101562,734.583984375,740.4000244140625,739.2325439453125,11350283,0.0,0.0,0.0
2022-05-25,744.0999755859375,746.5999755859375,741.166015625,744.5999755859375,743.4256591796875,2957140,0.0,0.0,0.0
2022-05-26,744.0,749.7000122070312,743.2999877929688,748.5999755859375,747.41943359375,5405677,0.0,0.0,0.0
2022-05-27,748.2000122070312,752.0,746.2999877929688,750.9000244140625,749.7157592773438,3762963,0.0,0.0,0.0
2022-05-30,753.9000244140625,754.7849731445312,749.5,751.7999877929688,750.6143798828125,5847987,0.0,0.0,0.0
2022-05-31,753.0,756.4940185546875,751.4000244140625,752.2999877929688,751.11376953125,6031154,0.0,0.0,0.0
2022-06-01,755.7999877929688,756.5,745.5,745.7000122070312,744.5240478515625,3536926,0.0,0.0,0.0
2022-06-06,753.5,756.9840087890625,752.0999755859375,752.7999877929688,751.6128540039062,4389332,0.0,0.0,0.0
2022-06-07,752.2999877929688,753.9520263671875,748.7440185546875,751.9000244140625,750.7141723632812,2816791,0.0,0.0,0.0
2022-06-08,752.9000244140625,753.5,746.5,750.7000122070312,749.5161743164062,4566179,0.0,0.0,0.0
2022-06-09,747.0,749.0999755859375,738.969970703125,739.2000122070312,738.0343017578125,5611330,0.0,0.0,0.0
2022-06-10,736.0,737.1240234375,721.8699951171875,724.0,722.8582153320312,6677156,0.0,0.0,0.0
2022-06-13,717.5999755859375,719.5399780273438,710.0,713.5,712.3748779296875,6083904,0.0,0.0,0.0
2022-06-14,717.7000122070312,719.7999877929688,705.97998046875,710.9000244140625,709.7789306640625,5486465,0.0,0.0,0.0
2022-06-15,716.0,723.2999877929688,712.2999877929688,719.4000244140625,718.2655029296875,7198143,0.0,0.0,0.0
2022-06-16,707.9000244140625,708.4000244140625,687.9000244140625,688.2000122070312,687.20263671875,4354228,9.2,0.0,0.0
2022-06-17,689.7000122070312,697.0,683.2000122070312,685.2999877929688,684.3067626953125,3113892,0.0,0.0,0.0
2022-06-20,686.4000244140625,696.7000122070312,685.9000244140625,695.7999877929688,694.7915649414062,1797021,0.0,0.0,0.0
2022-06-21,696.7000122070312,703.0,695.64599609375,699.0,697.9869995117188,1567453,0.0,0.0,0.0
2022-06-22,689.5,695.0999755859375,687.0,692.9000244140625,691.8956298828125,3160330,0.0,0.0,0.0
2022-06-23,690.7000122070312,695.5999755859375,685.4219970703125,686.0,685.0057373046875,8494658,0.0,0.0,0.0
2022-06-24,688.0,704.9000244140625,687.5999755859375,704.5999755859375,703.5789184570312,4641227,0.0,0.0,0.0
2022-06-27,707.2999877929688,711.7999877929688,705.2000122070312,709.0999755859375,708.072265625,7039536,0.0,0.0,0.0
2022-06-28,714.5999755859375,719.2999877929688,714.5,715.5999755859375,714.562744140625,5253989,0.0,0.0,0.0
2022-06-29,708.9000244140625,717.7999877929688,708.9000244140625,715.2000122070312,714.1636352539062,1850247,0.0,0.0,0.0
2022-06-30,703.7000122070312,704.4000244140625,695.0479736328125,700.9000244140625,699.8842163085938,6651363,0.0,0.0,0.0
2022-07-01,696.5,705.2000122070312,694.5,701.4000244140625,700.383544921875,2327104,0.0,0.0,0.0
2022-07-04,705.7000122070312,710.2000122070312,705.7000122070312,706.9000244140625,705.8755493164062,2164451,0.0,0.0,0.0
2022-07-05,709.9000244140625,710.0999755859375,685.7999877929688,686.5,685.5050659179688,4861891,0.0,0.0,0.0
2022-07-06,695.4000244140625,703.5380249023438,694.4000244140625,694.5999755859375,693.5933837890625,20351146,0.0,0.0,0.0
2022-07-07,701.2000122070312,706.2000122070312,699.7109985351562,703.2999877929688,702.2806396484375,3503177,0.0,0.0,0.0
2022-07-08,703.0999755859375,705.5999755859375,697.97802734375,704.5999755859375,703.5789184570312,3274261,0.0,0.0,0.0
2022-07-11,696.0999755859375,705.0040283203125,695.0,704.5999755859375,703.5789184570312,2957692,0.0,0.0,0.0
2022-07-12,700.2000122070312,706.4970092773438,699.4000244140625,705.2999877929688,704.2777709960938,3656818,0.0,0.0,0.0
2022-07-13,702.7000122070312,704.0,695.4000244140625,700.2999877929688,699.2850341796875,4828267,0.0,0.0,0.0
2022-07-14,698.9000244140625,700.4000244140625,686.2999877929688,689.0999755859375,688.1011962890625,3406449,0.0,0.0,0.0
2022-07-15,692.0,701.5999755859375,690.0,701.0,699.984130859375,3085126,0.0,0.0,0.0
2022-07-18,707.0,711.39599609375,705.7000122070312,707.0,705.9754028320312,1010857,0.0,0.0,0.0
2022-07-19,703.4000244140625,715.4990234375,702.2000122070312,713.7000122070312,712.6656494140625,3981153,0.0,0.0,0.0
2022-07-20,718.0,719.2999877929688,710.2000122070312,711.7000122070312,710.6685791015625,925092,0.0,0.0,0.0
2022-07-21,710.7999877929688,712.5999755859375,705.0,712.0999755859375,711.06787109375,1820858,0.0,0.0,0.0
2022-07-22,712.0,716.2000122070312,710.5999755859375,712.2000122070312,711.1678466796875,878043,0.0,0.0,0.0
2022-07-25,710.5,715.5,709.1079711914062,715.5,714.462890625,1351362,0.0,0.0,0.0
2022-07-26,717.4000244140625,721.0,714.5,714.9000244140625,713.864013671875,10037398,0.0,0.0,0.0
2022-07-27,718.2000122070312,720.7999877929688,717.0,719.2000122070312,718.15771484375,4697388,0.0,0.0,0.0
2022-07-28,723.0,723.4000244140625,715.2999877929688,719.0,717.9579467773438,1762395,0.0,0.0,0.0
2022-07-29,722.2000122070312,728.2919921875,719.7999877929688,726.9000244140625,725.8464965820312,3221283,0.0,0.0,0.0
2022-08-01,726.4000244140625,731.0999755859375,725.5,725.7000122070312,724.6483764648438,2036533,0.0,0.0,0.0
2022-08-02,724.2999877929688,727.4000244140625,723.0,725.5999755859375,724.54833984375,1401942,0.0,0.0,0.0
2022-08-03,723.4000244140625,729.0,721.7000122070312,729.0,727.9434204101562,846870,0.0,0.0,0.0
2022-08-04,729.2000122070312,734.52197265625,727.2000122070312,730.2999877929688,729.2416381835938,1294028,0.0,0.0,0.0
2022-08-05,730.2999877929688,732.5,727.9000244140625,729.4000244140625,728.3428955078125,4471040,0.0,0.0,0.0
2022-08-08,732.4000244140625,737.0999755859375,730.2000122070312,733.9000244140625,732.83642578125,9834255,0.0,0.0,0.0
2022-08-09,733.5999755859375,735.4000244140625,732.7999877929688,734.2999877929688,733.2357788085938,4715754,0.0,0.0,0.0
2022-08-10,733.2000122070312,737.7000122070312,732.2000122070312,737.2000122070312,736.1315307617188,4198471,0.0,0.0,0.0
2022-08-11,739.7000122070312,739.7000122070312,734.4000244140625,735.2000122070312,734.1345825195312,4470567,0.0,0.0,0.0
2022-08-12,735.7999877929688,740.010009765625,735.5999755859375,738.7999877929688,737.7293701171875,2711760,0.0,0.0,0.0
2022-08-15,740.5999755859375,742.0,734.9000244140625,739.5999755859375,738.5280151367188,2510909,0.0,0.0,0.0
2022-08-16,741.2000122070312,744.7000122070312,740.7999877929688,742.0,740.9246826171875,3120567,0.0,0.0,0.0
2022-08-17,743.0999755859375,744.0999755859375,738.7219848632812,740.0,738.9275512695312,1759071,0.0,0.0,0.0
2022-08-18,740.7999877929688,744.2000122070312,739.5,744.2000122070312,743.12158203125,2551891,0.0,0.0,0.0
2022-08-19,742.0999755859375,747.5,741.5,744.7999877929688,743.7205810546875,5041199,0.0,0.0,0.0
2022-08-22,741.5999755859375,744.2249755859375,738.8040161132812,743.4000244140625,742.3225708007812,3103211,0.0,0.0,0.0
2022-08-23,739.7000122070312,742.0,736.780029296875,738.7000122070312,737.6294555664062,1717482,0.0,0.0,0.0
2022-08-24,736.0,738.2000122070312,731.0999755859375,737.5,736.4312133789062,3901863,0.0,0.0,0.0
2022-08-25,741.2000122070312,743.9000244140625,737.5,738.9000244140625,737.8292236328125,2632604,0.0,0.0,0.0
2022-08-26,742.0,743.7000122070312,732.9000244140625,733.5999755859375,732.5368041992188,2286432,0.0,0.0,0.0
2022-08-30,731.5,739.0,725.9000244140625,727.5999755859375,726.5454711914062,3977995,0.0,0.0,0.0
2022-08-31,728.0,728.8599853515625,717.4000244140625,719.0999755859375,718.0576782226562,3000290,0.0,0.0,0.0
2022-09-01,715.9000244140625,718.0999755859375,705.0,706.9000244140625,705.8755493164062,4532318,0.0,0.0,0.0
2022-09-02,708.7999877929688,720.5,707.5999755859375,719.4000244140625,718.3573608398438,3632740,0.0,0.0,0.0
2022-09-05,713.4000244140625,720.7999877929688,710.9000244140625,720.5,719.455810546875,2903253,0.0,0.0,0.0
2022-09-06,719.0,724.094970703125,717.7000122070312,722.2000122070312,721.1533203125,3000295,0.0,0.0,0.0
2022-09-07,717.0,719.1199951171875,710.7000122070312,716.5,715.461669921875,3018966,0.0,0.0,0.0
2022-09-08,717.2999877929688,719.5,709.9000244140625,718.4000244140625,717.35888671875,4503249,0.0,0.0,0.0
2022-09-09,720.9000244140625,730.7000122070312,720.7899780273438,727.2999877929688,726.245849609375,3431133,0.0,0.0,0.0
2022-09-12,734.0,740.2999877929688,734.0,739.5,738.4281616210938,2443447,0.0,0.0,0.0
2022-09-13,739.9000244140625,743.5,730.7999877929688,730.7999877929688,729.7406616210938,4690259,0.0,0.0,0.0
2022-09-14,726.2999877929688,727.4000244140625,718.2000122070312,720.4000244140625,719.35595703125,5185201,0.0,0.0,0.0
2022-09-15,712.5,716.7999877929688,709.5999755859375,712.2000122070312,711.2549438476562,1483302,8.820001,0.0,0.0
2022-09-16,709.0,713.4000244140625,707.5,707.9000244140625,706.9605712890625,5179098,0.0,0.0,0.0
2022-09-20,710.2000122070312,716.3060302734375,700.7999877929688,703.0999755859375,702.1669311523438,2510260,0.0,0.0,0.0
2022-09-21,700.4000244140625,709.2000122070312,700.2000122070312,707.7000122070312,706.7609252929688,2441768,0.0,0.0,0.0
2022-09-22,700.2000122070312,708.2999877929688,698.7999877929688,699.7000122070312,698.7714233398438,3892108,0.0,0.0,0.0
2022-09-23,699.2999877929688,701.5999755859375,682.5999755859375,686.5,685.5890502929688,4833918,0.0,0.0,0.0
2022-09-26,685.0,691.0,678.4149780273438,686.4000244140625,685.4892578125,3177754,0.0,0.0,0.0
2022-09-27,687.5999755859375,691.5399780273438,682.5,682.5,681.5943603515625,2631000,0.0,0.0,0.0
2022-09-28,675.7000122070312,685.4940185546875,668.6400146484375,684.7999877929688,683.8911743164062,4261179,0.0,0.0,0.0
2022-09-29,679.7000122070312,681.7999877929688,668.2000122070312,673.5999755859375,672.7061767578125,3664487,0.0,0.0,0.0
2022-09-30,673.0,680.7000122070312,669.5,675.0,674.104248046875,4327443,0.0,0.0,0.0
2022-10-03,666.7999877929688,677.5999755859375,665.0,675.5999755859375,674.7035522460938,5691463,0.0,0.0,0.0
2022-10-04,680.9000244140625,693.5999755859375,679.927978515625,692.7999877929688,691.8805541992188,3280246,0.0,0.0,0.0
2022-10-05,689.0,691.0,682.7249755859375,689.7999877929688,688.8845825195312,1715589,0.0,0.0,0.0
2022-10-06,691.2000122070312,693.0,681.5999755859375,685.0999755859375,684.1908569335938,2326199,0.0,0.0,0.0
2022-10-07,681.5999755859375,687.2000122070312,681.405029296875,684.0999755859375,683.1921997070312,891554,0.0,0.0,0.0
2022-10-10,678.9000244140625,685.0999755859375,678.0,681.5999755859375,680.6954345703125,3096086,0.0,0.0,0.0
2022-10-11,677.5,678.864990234375,671.6099853515625,674.0,673.10546875,2366710,0.0,0.0,0.0
2022-10-12,674.5,677.0999755859375,664.6849975585938,668.0,667.1135864257812,2953472,0.0,0.0,0.0
2022-10-13,666.4000244140625,672.7999877929688,656.7000122070312,671.2999877929688,670.4091796875,2472834,0.0,0.0,0.0
2022-10-14,678.0999755859375,682.9840087890625,670.5999755859375,671.7000122070312,670.8087158203125,2243098,0.0,0.0,0.0
2022-10-17,671.7000122070312,681.4000244140625,670.5999755859375,677.4000244140625,676.5011596679688,1973994,0.0,0.0,0.0
2022-10-18,682.9000244140625,687.0999755859375,678.9000244140625,678.9000244140625,677.9990844726562,2760554,0.0,0.0,0.0
2022-10-19,680.9000244140625,682.0,674.844970703125,677.7999877929688,676.900390625,1855212,0.0,0.0,0.0
2022-10-20,677.0999755859375,680.9000244140625,675.2000122070312,679.5,678.5982666015625,5772790,0.0,0.0,0.0
2022-10-21,675.7000122070312,682.4650268554688,671.4000244140625,682.2000122070312,681.294677734375,1775910,0.0,0.0,0.0
2022-10-24,683.2999877929688,689.5999755859375,676.9000244140625,686.2999877929688,685.3894653320312,1817078,0.0,0.0,0.0
2022-10-25,686.0,686.5,679.9000244140625,686.0,685.089599609375,2211843,0.0,0.0,0.0
2022-10-26,686.5999755859375,690.2000122070312,680.5999755859375,689.7999877929688,688.8845825195312,2777043,0.0,0.0,0.0
2022-10-27,689.9000244140625,693.9000244140625,685.2999877929688,691.9000244140625,690.9817504882812,4703135,0.0,0.0,0.0
2022-10-28,685.2999877929688,691.68798828125,684.2260131835938,689.2999877929688,688.3853149414062,4661760,0.0,0.0,0.0
2022-10-31,689.7000122070312,697.5999755859375,687.4000244140625,694.0,693.0789794921875,3731738,0.0,0.0,0.0
2022-11-01,700.5,707.2000122070312,700.4000244140625,702.7000122070312,701.7674560546875,1880240,0.0,0.0,0.0
2022-11-02,703.9000244140625,704.9000244140625,697.5,698.5,697.5731201171875,3399096,0.0,0.0,0.0
2022-11-03,693.7000122070312,702.7000122070312,691.9000244140625,702.7000122070312,701.7674560546875,3438408,0.0,0.0,0.0
2022-11-04,705.9000244140625,721.0,705.7999877929688,717.9000244140625,716.9473876953125,3201631,0.0,0.0,0.0
2022-11-07,713.7000122070312,718.2000122070312,712.0999755859375,713.5999755859375,712.6529541015625,1729247,0.0,0.0,0.0
2022-11-08,709.7000122070312,714.7999877929688,708.1840209960938,714.4000244140625,713.4519653320312,1777683,0.0,0.0,0.0
2022-11-09,711.2999877929688,714.5999755859375,710.3200073242188,713.0999755859375,712.1536865234375,1696729,0.0,0.0,0.0
2022-11-10,710.7000122070312,725.2000122070312,709.7000122070312,722.5,721.5413818359375,4314489,0.0,0.0,0.0
2022-11-11,726.2000122070312,727.7000122070312,715.7000122070312,716.5,715.5491943359375,6042625,0.0,0.0,0.0
2022-11-14,718.2999877929688,725.5,717.7000122070312,722.5,721.5413818359375,1804746,0.0,0.0,0.0
2022-11-15,722.4000244140625,725.0,719.0,721.2999877929688,720.3428344726562,1972835,0.0,0.0,0.0
2022-11-16,721.4000244140625,723.5999755859375,718.5,719.5,718.5452880859375,1184963,0.0,0.0,0.0
2022-11-17,719.5,720.4000244140625,714.5,719.9000244140625,718.9446411132812,1008476,0.0,0.0,0.0
2022-11-18,721.7999877929688,727.1649780273438,720.4000244140625,723.2999877929688,722.3401489257812,2074331,0.0,0.0,0.0
2022-11-21,721.7000122070312,724.9000244140625,719.594970703125,722.9000244140625,721.9407348632812,3130903,0.0,0.0,0.0
2022-11-22,725.2999877929688,730.9000244140625,725.2999877929688,729.7999877929688,728.8314819335938,2062699,0.0,0.0,0.0
2022-11-23,732.2999877929688,734.5,730.2000122070312,731.2999877929688,730.32958984375,1983994,0.0,0.0,0.0
2022-11-24,733.0999755859375,734.2999877929688,730.4000244140625,732.0999755859375,731.1284790039062,1178437,0.0,0.0,0.0
2022-11-25,732.2999877929688,734.7999877929688,731.9000244140625,734.4000244140625,733.4254760742188,1473186,0.0,0.0,0.0
2022-11-28,731.0999755859375,735.2680053710938,728.2999877929688,733.5,732.5267333984375,1974037,0.0,0.0,0.0
2022-11-29,734.5,739.6799926757812,734.5,737.2000122070312,736.2216796875,3669306,0.0,0.0,0.0
2022-11-30,740.7999877929688,745.0800170898438,738.2000122070312,742.7999877929688,741.8142700195312,4809290,0.0,0.0,0.0
2022-12-01,745.5,745.6270141601562,740.7999877929688,741.5,740.5159301757812,2844987,0.0,0.0,0.0
2022-12-02,740.0999755859375,742.7999877929688,736.7000122070312,741.5,740.5159301757812,1485902,0.0,0.0,0.0
2022-12-05,741.7000122070312,745.7999877929688,740.7999877929688,742.7000122070312,741.7144775390625,1930803,0.0,0.0,0.0
2022-12-06,741.5999755859375,742.5999755859375,736.7999877929688,736.7999877929688,735.8222045898438,2841283,0.0,0.0,0.0
2022-12-07,738.5,740.7999877929688,734.2000122070312,734.2000122070312,733.2257080078125,3099861,0.0,0.0,0.0
2022-12-08,736.4000244140625,736.4000244140625,732.10498046875,732.5999755859375,731.6278076171875,996458,0.0,0.0,0.0
2022-12-09,734.9000244140625,735.2999877929688,728.2000122070312,733.2000122070312,732.22705078125,1535802,0.0,0.0,0.0
2022-12-12,731.0,732.5999755859375,729.4000244140625,730.0,729.0313110351562,2602975,0.0,0.0,0.0
2022-12-13,731.2999877929688,740.7000122070312,728.5,736.0,735.0234375,5503221,0.0,0.0,0.0
2022-12-14,734.5999755859375,735.9000244140625,731.9000244140625,735.0999755859375,734.1244506835938,2174808,0.0,0.0,0.0
2022-12-15,726.0,730.2999877929688,722.1859741210938,724.2000122070312,723.2880249023438,3807394,4.98,0.0,0.0
2022-12-16,722.7000122070312,724.5999755859375,711.9000244140625,715.2000122070312,714.2994384765625,6868516,0.0,0.0,0.0
2022-12-19,716.5,719.9000244140625,715.375,717.7000122070312,716.7962036132812,4009486,0.0,0.0,0.0
2022-12-20,712.7999877929688,720.2000122070312,711.9249877929688,718.9000244140625,717.9946899414062,2571610,0.0,0.0,0.0
2022-12-21,719.5999755859375,730.4000244140625,719.0,730.4000244140625,729.480224609375,3816256,0.0,0.0,0.0
2022-12-22,732.0999755859375,735.0,727.2999877929688,728.2000122070312,727.2830200195312,4372984,0.0,0.0,0.0
2022-12-23,728.2000122070312,730.9000244140625,727.2999877929688,728.2000122070312,727.2830200195312,836319,0.0,0.0,0.0
2022-12-28,732.7999877929688,736.0999755859375,730.2000122070312,730.5999755859375,729.679931640625,2179943,0.0,0.0,0.0
2022-12-29,728.0999755859375,732.5050048828125,724.0999755859375,732.2999877929688,731.3778076171875,2608682,0.0,0.0,0.0
2022-12-30,729.7999877929688,731.2999877929688,726.5999755859375,726.5999755859375,725.6849975585938,2690596,0.0,0.0,0.0
2023-01-03,731.5,743.5,729.7000122070312,736.5,735.5725708007812,2742787,0.0,0.0,0.0
2023-01-04,738.5999755859375,741.9000244140625,736.5,739.7000122070312,738.7684936523438,2577486,0.0,0.0,0.0
2023-01-05,739.7999877929688,746.5,736.7999877929688,743.9000244140625,742.9631958007812,3453324,0.0,0.0,0.0
2023-01-06,746.2000122070312,750.9000244140625,745.1060180664062,750.7999877929688,749.8544311523438,2432027,0.0,0.0,0.0
2023-01-09,751.5999755859375,753.2000122070312,749.594970703125,752.7999877929688,751.85205078125,4491004,0.0,0.0,0.0
2023-01-10,749.9000244140625,752.2000122070312,749.5999755859375,750.4000244140625,749.4550170898438,1775754,0.0,0.0,0.0
2023-01-11,751.2000122070312,758.0,750.7999877929688,753.5999755859375,752.65087890625,3928475,0.0,0.0,0.0
2023-01-12,755.9000244140625,761.7999877929688,755.7000122070312,760.5999755859375,759.64208984375,2031796,0.0,0.0,0.0
2023-01-13,761.5,767.4000244140625,761.5,765.2999877929688,764.3362426757812,2552414,0.0,0.0,0.0
2023-01-16,765.7999877929688,767.5,765.5,766.7999877929688,765.8344116210938,1603786,0.0,0.0,0.0
2023-01-17,765.5,768.5,763.9000244140625,765.9000244140625,764.9356079101562,976948,0.0,0.0,0.0
2023-01-18,765.5,767.5999755859375,763.5,764.2999877929688,763.3375244140625,3255675,0.0,0.0,0.0
2023-01-19,760.9000244140625,763.4019775390625,754.0999755859375,756.4000244140625,755.4475708007812,2365922,0.0,0.0,0.0
2023-01-20,760.2999877929688,760.5999755859375,756.2000122070312,758.0,757.0454711914062,5630576,0.0,0.0,0.0
2023-01-23,759.2999877929688,761.9000244140625,758.2000122070312,759.5,758.54345703125,1672865,0.0,0.0,0.0
2023-01-24,760.9000244140625,761.0999755859375,755.2999877929688,756.9000244140625,755.9468383789062,1539703,0.0,0.0,0.0
2023-01-25,758.2999877929688,758.4000244140625,752.2999877929688,755.2999877929688,754.3488159179688,1835739,0.0,0.0,0.0
2023-01-26,757.5999755859375,759.5,756.0,757.4000244140625,756.4461059570312,2072108,0.0,0.0,0.0
2023-01-27,758.7999877929688,759.2000122070312,755.4000244140625,757.5999755859375,756.64599609375,1780526,0.0,0.0,0.0
2023-01-30,753.5999755859375,759.7000122070312,752.97998046875,759.0999755859375,758.1439819335938,2459867,0.0,0.0,0.0
2023-01-31,757.2999877929688,758.5,751.7999877929688,758.0999755859375,757.1453247070312,3727938,0.0,0.0,0.0
2023-02-01,758.7000122070312,760.7999877929688,755.3800048828125,757.0999755859375,756.1465454101562,1624693,0.0,0.0,0.0
2023-02-02,759.0999755859375,764.4000244140625,758.1799926757812,762.5,761.539794921875,2327201,0.0,0.0,0.0
2023-02-03,762.2999877929688,771.0399780273438,761.7000122070312,770.9000244140625,769.9292602539062,2162681,0.0,0.0,0.0
2023-02-06,767.4000244140625,767.7000122070312,761.2999877929688,764.0,763.037841796875,2006115,0.0,0.0,0.0
2023-02-07,765.2999877929688,769.2009887695312,764.7420043945312,766.4000244140625,765.4349975585938,2485388,0.0,0.0,0.0
2023-02-08,770.9000244140625,773.6010131835938,768.0,768.4000244140625,767.4322509765625,3338212,0.0,0.0,0.0
2023-02-09,771.4000244140625,775.0670166015625,771.0,771.2000122070312,770.2288208007812,1525874,0.0,0.0,0.0
2023-02-10,769.2000122070312,771.5,765.2999877929688,768.0999755859375,767.1326293945312,4872951,0.0,0.0,0.0
2023-02-13,769.7999877929688,774.5999755859375,768.7000122070312,774.5999755859375,773.6245727539062,2541937,0.0,0.0,0.0
2023-02-14,776.0,779.5999755859375,775.0999755859375,775.2999877929688,774.3236083984375,2043981,0.0,0.0,0.0
2023-02-15,774.7999877929688,780.0659790039062,772.4000244140625,779.2000122070312,778.2188110351562,2655582,0.0,0.0,0.0
2023-02-16,783.5999755859375,785.4000244140625,778.7999877929688,782.0,781.0152587890625,3359098,0.0,0.0,0.0
2023-02-17,778.5999755859375,781.8499755859375,776.7999877929688,780.7999877929688,779.8167114257812,2988555,0.0,0.0,0.0
2023-02-20,782.4000244140625,782.9000244140625,780.2899780273438,781.9000244140625,780.9153442382812,1931175,0.0,0.0,0.0
2023-02-21,780.2000122070312,782.583984375,776.2750244140625,778.0999755859375,777.1200561523438,2865877,0.0,0.0,0.0
2023-02-22,774.2000122070312,775.489990234375,769.2000122070312,774.0,773.0253295898438,3185626,0.0,0.0,0.0
2023-02-23,774.0999755859375,776.5,772.0,774.2000122070312,773.2250366210938,2899730,0.0,0.0,0.0
2023-02-24,775.2999877929688,777.0,770.0999755859375,770.4000244140625,769.4298706054688,2491226,0.0,0.0,0.0
2023-02-27,774.2999877929688,777.9400024414062,774.0,776.2000122070312,775.2225341796875,1149633,0.0,0.0,0.0
2023-02-28,773.2000122070312,774.2160034179688,768.4000244140625,770.0,769.0303344726562,4568042,0.0,0.0,0.0
2023-03-01,772.7999877929688,777.9000244140625,772.2000122070312,774.5,773.5247192382812,1533265,0.0,0.0,0.0
2023-03-02,773.4000244140625,779.0,772.0780029296875,778.9000244140625,777.9190673828125,2299410,0.0,0.0,0.0
2023-03-03,780.0999755859375,781.9000244140625,776.9000244140625,779.0,778.0189208984375,2258734,0.0,0.0,0.0
2023-03-06,778.9000244140625,779.6220092773438,774.489990234375,777.2000122070312,776.2212524414062,2539049,0.0,0.0,0.0
2023-03-07,777.0999755859375,780.7000122070312,775.7000122070312,776.2999877929688,775.3223266601562,2511180,0.0,0.0,0.0
2023-03-08,773.9000244140625,779.5,773.7999877929688,777.7000122070312,776.720703125,5754615,0.0,0.0,0.0
2023-03-09,776.5999755859375,776.7000122070312,772.0,773.5,772.52587890625,4192742,0.0,0.0,0.0
2023-03-10,760.9000244140625,763.7000122070312,756.7999877929688,760.2000122070312,759.2426147460938,5284339,0.0,0.0,0.0
2023-03-13,759.9000244140625,760.9000244140625,741.0,741.0,740.0669555664062,3535097,0.0,0.0,0.0
2023-03-14,741.5,750.5,736.7369995117188,750.2000122070312,749.25537109375,2962284,0.0,0.0,0.0
2023-03-15,748.5999755859375,748.5999755859375,720.7890014648438,721.5999755859375,720.6912841796875,8607854,0.0,0.0,0.0
2023-03-16,728.0,730.2999877929688,717.0999755859375,724.9000244140625,724.0300903320312,4794246,4.28,0.0,0.0
2023-03-17,730.5999755859375,734.9000244140625,715.4000244140625,717.9000244140625,717.0385131835938,3638998,0.0,0.0,0.0
2023-03-20,712.9000244140625,726.5,705.1740112304688,724.7999877929688,723.9302368164062,3411033,0.0,0.0,0.0
2023-03-21,728.5,739.1790161132812,727.0999755859375,737.2000122070312,736.3152465820312,3082746,0.0,0.0,0.0
2023-03-22,734.9000244140625,742.2000122070312,734.2999877929688,740.2999877929688,739.4115600585938,1998211,0.0,0.0,0.0
2023-03-23,739.4000244140625,739.5700073242188,732.0780029296875,734.5,733.6185913085938,2143373,0.0,0.0,0.0
2023-03-24,731.0,731.7999877929688,718.5750122070312,726.0,725.1288452148438,5795166,0.0,0.0,0.0
2023-03-27,732.2000122070312,733.780029296875,728.0,731.7999877929688,730.9216918945312,2090371,0.0,0.0,0.0
2023-03-28,736.5999755859375,737.2750244140625,731.0999755859375,732.7999877929688,731.9205932617188,3578697,0.0,0.0,0.0
2023-03-29,734.7000122070312,740.7999877929688,734.2999877929688,740.5999755859375,739.7111206054688,1520710,0.0,0.0,0.0
2023-03-30,742.2000122070312,748.47998046875,741.97998046875,747.5,746.60302734375,1834697,0.0,0.0,0.0
2023-03-31,747.2999877929688,750.0,746.5,748.7000122070312,747.801513671875,2602679,0.0,0.0,0.0
2023-04-03,751.5,754.5,750.9000244140625,751.5999755859375,750.697998046875,3444876,0.0,0.0,0.0
2023-04-04,755.7999877929688,757.0,747.4000244140625,747.7999877929688,746.9025268554688,4629319,0.0,0.0,0.0
2023-04-05,749.2000122070312,751.9000244140625,747.927978515625,750.4000244140625,749.4994506835938,3871759,0.0,0.0,0.0
2023-04-06,751.7000122070312,758.5999755859375,751.5599975585938,758.2999877929688,757.389892578125,2472615,0.0,0.0,0.0
2023-04-11,762.2000122070312,765.260009765625,759.9000244140625,762.0,761.0855102539062,3409007,0.0,0.0,0.0
2023-04-12,762.9000244140625,769.7999877929688,762.7999877929688,766.0999755859375,765.1804809570312,2117438,0.0,0.0,0.0
2023-04-13,766.0999755859375,769.7000122070312,765.5999755859375,769.0999755859375,768.1770629882812,2908718,0.0,0.0,0.0
2023-04-14,770.5999755859375,774.77001953125,769.7000122070312,771.7000122070312,770.7739868164062,1434580,0.0,0.0,0.0
2023-04-17,774.7000122070312,775.9000244140625,771.7999877929688,772.5999755859375,771.6728515625,1589278,0.0,0.0,0.0
2023-04-18,774.5999755859375,775.9000244140625,772.5999755859375,775.2000122070312,774.269775390625,1105936,0.0,0.0,0.0
2023-04-19,772.9000244140625,774.5460205078125,771.4000244140625,774.0999755859375,773.1710205078125,1176551,0.0,0.0,0.0
2023-04-20,774.0,775.5,772.2999877929688,775.5,774.5693969726562,1630466,0.0,0.0,0.0
2023-04-21,773.5999755859375,779.0,773.0,776.2999877929688,775.3683471679688,2363259,0.0,0.0,0.0
2023-04-24,773.5,777.7999877929688,772.4000244140625,776.2999877929688,775.3683471679688,1499534,0.0,0.0,0.0
2023-04-25,773.7000122070312,776.2000122070312,771.7000122070312,774.0,773.0711669921875,1844869,0.0,0.0,0.0
2023-04-26,772.2000122070312,774.5,768.0,770.5999755859375,769.6751708984375,2349759,0.0,0.0,0.0
2023-04-27,769.7000122070312,772.2000122070312,767.5999755859375,768.9000244140625,767.9772338867188,1944149,0.0,0.0,0.0
2023-04-28,770.0999755859375,773.2000122070312,765.0800170898438,773.2000122070312,772.27197265625,1465269,0.0,0.0,0.0
2023-05-02,773.0,776.0,763.0999755859375,763.0999755859375,762.18408203125,2025453,0.0,0.0,0.0
2023-05-03,765.4000244140625,767.9000244140625,763.2999877929688,764.7999877929688,763.8822021484375,1477053,0.0,0.0,0.0
2023-05-04,763.5999755859375,765.5,756.0999755859375,756.7999877929688,755.8917846679688,2395019,0.0,0.0,0.0
2023-05-05,760.5999755859375,764.7000122070312,758.6119995117188,764.4000244140625,763.4826049804688,1539315,0.0,0.0,0.0
2023-05-09,764.2999877929688,766.2000122070312,759.97998046875,762.5999755859375,761.684814453125,2093208,0.0,0.0,0.0
2023-05-10,763.4000244140625,764.64501953125,759.0650024414062,760.7000122070312,759.787109375,2399806,0.0,0.0,0.0
2023-05-11,761.9000244140625,766.0960083007812,755.7999877929688,760.9000244140625,759.9868774414062,3607140,0.0,0.0,0.0
2023-05-12,762.7999877929688,764.9000244140625,761.5999755859375,763.0999755859375,762.18408203125,2739711,0.0,0.0,0.0
2023-05-15,766.0999755859375,767.4000244140625,763.5999755859375,765.2000122070312,764.28173828125,1736684,0.0,0.0,0.0
2023-05-16,764.2999877929688,767.7360229492188,761.5,762.4000244140625,761.4850463867188,2858300,0.0,0.0,0.0
2023-05-17,760.0,763.5679931640625,758.7000122070312,760.4000244140625,759.4874877929688,2910724,0.0,0.0,0.0
2023-05-18,764.7000122070312,766.4359741210938,761.5999755859375,763.0999755859375,762.18408203125,3339914,0.0,0.0,0.0
2023-05-19,765.7000122070312,767.9349975585938,763.7000122070312,764.7000122070312,763.7824096679688,1625405,0.0,0.0,0.0
2023-05-22,765.5999755859375,767.2999877929688,763.7999877929688,766.2999877929688,765.38037109375,5187872,0.0,0.0,0.0
2023-05-23,764.7999877929688,768.9000244140625,763.2000122070312,764.7999877929688,763.8822021484375,1787299,0.0,0.0,0.0
2023-05-24,758.2000122070312,758.7999877929688,748.39501953125,751.7000122070312,750.7979736328125,6267116,0.0,0.0,0.0
2023-05-25,751.5999755859375,751.9299926757812,746.2999877929688,746.2999877929688,745.4044189453125,4117869,0.0,0.0,0.0
2023-05-26,750.2000122070312,753.7999877929688,745.0,752.2000122070312,751.2973022460938,1531203,0.0,0.0,0.0
2023-05-30,752.7000122070312,752.968017578125,740.77001953125,741.7000122070312,740.8098754882812,2769615,0.0,0.0,0.0
2023-05-31,737.2000122070312,741.5999755859375,734.2000122070312,734.2000122070312,733.31884765625,3265109,0.0,0.0,0.0
2023-06-01,736.5999755859375,740.2999877929688,734.9010009765625,739.7000122070312,738.8123168945312,1470614,0.0,0.0,0.0
2023-06-02,742.5999755859375,751.7999877929688,742.0999755859375,750.5999755859375,749.6991577148438,1892067,0.0,0.0,0.0
2023-06-05,754.7999877929688,755.7000122070312,749.7999877929688,750.2999877929688,749.3994750976562,2480476,0.0,0.0,0.0
2023-06-06,749.4000244140625,753.9000244140625,746.0999755859375,753.5999755859375,752.6954956054688,4712601,0.0,0.0,0.0
2023-06-07,752.5,754.2050170898438,750.5999755859375,753.2000122070312,752.296142578125,1934413,0.0,0.0,0.0
2023-06-08,754.2000122070312,755.1079711914062,749.9000244140625,750.7999877929688,749.89892578125,1931446,0.0,0.0,0.0
2023-06-09,753.0,753.0,745.5999755859375,747.0,746.103515625,1569703,0.0,0.0,0.0
2023-06-12,751.4000244140625,751.7000122070312,746.4000244140625,747.5999755859375,746.702880859375,1383441,0.0,0.0,0.0
2023-06-13,749.7000122070312,751.9000244140625,746.6400146484375,750.0999755859375,749.1997680664062,5034315,0.0,0.0,0.0
2023-06-14,749.7000122070312,754.760009765625,748.280029296875,751.0999755859375,750.1986083984375,2358054,0.0,0.0,0.0
2023-06-15,740.7999877929688,743.5,738.7999877929688,743.0999755859375,742.3109741210938,1892512,10.400001,0.0,0.0
2023-06-16,744.0,749.0999755859375,744.0,744.0,743.2100830078125,2682132,0.0,0.0,0.0
2023-06-19,739.7999877929688,742.7999877929688,738.5,738.7999877929688,738.015625,3100171,0.0,0.0,0.0
2023-06-20,737.4000244140625,741.2559814453125,736.7999877929688,737.2000122070312,736.4171752929688,1680723,0.0,0.0,0.0
2023-06-21,733.7999877929688,738.2559814453125,732.1209716796875,736.7000122070312,735.9177856445312,1588537,0.0,0.0,0.0
2023-06-22,730.4000244140625,731.4600219726562,726.5999755859375,731.4000244140625,730.62353515625,6022045,0.0,0.0,0.0
2023-06-23,728.7999877929688,730.7999877929688,725.2999877929688,727.5999755859375,726.8274536132812,1955296,0.0,0.0,0.0
2023-06-26,728.4000244140625,729.4000244140625,721.4600219726562,726.7999877929688,726.0283203125,2504326,0.0,0.0,0.0
2023-06-27,729.2000122070312,731.2999877929688,724.0999755859375,727.5,726.7274780273438,2649669,0.0,0.0,0.0
2023-06-28,729.2000122070312,732.9000244140625,728.9400024414062,731.4000244140625,730.62353515625,1610226,0.0,0.0,0.0
2023-06-29,731.4000244140625,732.2999877929688,727.4000244140625,728.7000122070312,727.9263305664062,1589956,0.0,0.0,0.0
2023-06-30,730.4000244140625,736.1599731445312,729.6060180664062,734.2000122070312,733.4204711914062,1968560,0.0,0.0,0.0
2023-07-03,734.5999755859375,737.0999755859375,732.4000244140625,733.9000244140625,733.1207275390625,1735471,0.0,0.0,0.0
2023-07-04,733.5,735.7999877929688,732.7000122070312,733.2000122070312,732.4214477539062,2503926,0.0,0.0,0.0
2023-07-05,730.5,732.5999755859375,724.7999877929688,726.0999755859375,725.3291015625,4123442,0.0,0.0,0.0
2023-07-06,721.2999877929688,721.4000244140625,708.5999755859375,709.9000244140625,709.1463012695312,3179831,0.0,0.0,0.0
2023-07-07,707.9000244140625,709.4600219726562,704.8400268554688,707.4000244140625,706.6488647460938,2259809,0.0,0.0,0.0
2023-07-10,706.0,712.4000244140625,705.0,709.4000244140625,708.6467895507812,2716856,0.0,0.0,0.0
2023-07-11,709.0999755859375,711.4000244140625,706.0,710.4000244140625,709.645751953125,3947217,0.0,0.0,0.0
2023-07-12,712.0999755859375,724.5,710.4000244140625,723.7999877929688,723.0316162109375,3789199,0.0,0.0,0.0
2023-07-13,723.9000244140625,728.0499877929688,723.2999877929688,726.2999877929688,725.52880859375,3427178,0.0,0.0,0.0
2023-07-14,724.5999755859375,729.9879760742188,723.0,725.5,724.7296752929688,2912866,0.0,0.0,0.0
2023-07-17,722.0999755859375,725.9000244140625,721.1690063476562,723.0999755859375,722.3321533203125,1963670,0.0,0.0,0.0
2023-07-18,722.0,728.0,721.2999877929688,727.4000244140625,726.627685546875,2056558,0.0,0.0,0.0
2023-07-19,732.2999877929688,744.0,731.0999755859375,740.4000244140625,739.6138916015625,1998756,0.0,0.0,0.0
2023-07-20,741.0999755859375,747.5999755859375,740.77001953125,746.0999755859375,745.3077392578125,1572948,0.0,0.0,0.0
2023-07-21,746.9000244140625,748.9010009765625,745.2999877929688,747.5,746.7063598632812,802169,0.0,0.0,0.0
2023-07-24,745.0,749.9000244140625,745.0,749.5,748.7041625976562,1349933,0.0,0.0,0.0
2023-07-25,750.4000244140625,751.7000122070312,748.9000244140625,750.2999877929688,749.5032958984375,3067852,0.0,0.0,0.0
2023-07-26,748.9000244140625,751.4000244140625,744.2000122070312,749.0,748.2047119140625,1986824,0.0,0.0,0.0
2023-07-27,749.4000244140625,752.4000244140625,747.9099731445312,750.9000244140625,750.102783203125,1513243,0.0,0.0,0.0
2023-07-28,750.4000244140625,753.2000122070312,749.5999755859375,750.7000122070312,749.9028930664062,1267068,0.0,0.0,0.0
2023-07-31,750.2000122070312,753.9010009765625,748.239990234375,751.4000244140625,750.6021728515625,1927964,0.0,0.0,0.0
2023-08-01,750.5,753.0999755859375,746.666015625,748.5,747.705322265625,1887330,0.0,0.0,0.0
2023-08-02,741.2999877929688,742.719970703125,734.0,738.2000122070312,737.4163208007812,2037160,0.0,0.0,0.0
2023-08-03,733.7999877929688,737.010009765625,726.906005859375,735.5999755859375,734.8189086914062,3444345,0.0,0.0,0.0
2023-08-04,736.5999755859375,740.0,732.2999877929688,739.5999755859375,738.814697265625,1181606,0.0,0.0,0.0
2023-08-07,737.0999755859375,739.0,733.7559814453125,738.5,737.7158203125,1820977,0.0,0.0,0.0
2023-08-08,734.2999877929688,738.3939819335938,731.989990234375,735.7999877929688,735.0186767578125,1242496,0.0,0.0,0.0
2023-08-09,740.2000122070312,743.0,738.7000122070312,741.9000244140625,741.1123046875,1676917,0.0,0.0,0.0
2023-08-10,746.2000122070312,748.2999877929688,743.7000122070312,747.9000244140625,747.1060180664062,2789167,0.0,0.0,0.0
2023-08-11,743.7999877929688,744.7000122070312,737.0040283203125,738.7000122070312,737.9157104492188,2082390,0.0,0.0,0.0
2023-08-14,737.4000244140625,739.2940063476562,733.9149780273438,736.9000244140625,736.1175537109375,957223,0.0,0.0,0.0
2023-08-15,736.0999755859375,736.5999755859375,723.4039916992188,725.4000244140625,724.6298217773438,2584673,0.0,0.0,0.0
2023-08-16,723.4000244140625,726.2000122070312,720.4039916992188,722.4000244140625,721.6331176757812,1688310,0.0,0.0,0.0
2023-08-17,717.5999755859375,722.5960083007812,717.5999755859375,718.2999877929688,717.5372924804688,1801459,0.0,0.0,0.0
2023-08-18,715.0,720.0,709.239990234375,714.0,713.241943359375,2754851,0.0,0.0,0.0
2023-08-21,713.7000122070312,719.1959838867188,712.7000122070312,713.7999877929688,713.0421142578125,1851121,0.0,0.0,0.0
2023-08-22,715.0999755859375,718.7039794921875,713.7039794921875,714.5999755859375,713.8412475585938,2126640,0.0,0.0,0.0
2023-08-23,715.7999877929688,722.5880126953125,715.5999755859375,719.9000244140625,719.1356811523438,1296591,0.0,0.0,0.0
2023-08-24,724.7000122070312,726.7999877929688,721.0020141601562,721.7999877929688,721.0336303710938,1770181,0.0,0.0,0.0
2023-08-25,721.9000244140625,727.5,721.0999755859375,722.2999877929688,721.5330810546875,2302358,0.0,0.0,0.0
2023-08-29,729.9000244140625,735.4000244140625,727.9730224609375,734.9000244140625,734.1197509765625,2548855,0.0,0.0,0.0
2023-08-30,737.5,739.2999877929688,734.7999877929688,735.7999877929688,735.0186767578125,1119805,0.0,0.0,0.0
2023-08-31,735.0,739.1959838867188,733.0,733.0,732.2217407226562,1887594,0.0,0.0,0.0
2023-09-01,735.5,738.5,734.2999877929688,735.9000244140625,735.1187133789062,1144975,0.0,0.0,0.0
2023-09-04,739.4000244140625,741.52001953125,733.8599853515625,734.5,733.7201538085938,1261280,0.0,0.0,0.0
2023-09-05,729.4000244140625,737.1400146484375,728.0999755859375,733.0999755859375,732.321533203125,1988395,0.0,0.0,0.0
2023-09-06,728.0999755859375,733.4000244140625,726.0999755859375,731.2999877929688,730.5236206054688,2209453,0.0,0.0,0.0
2023-09-07,727.2000122070312,735.0,727.2000122070312,733.0,732.2217407226562,2996646,0.0,0.0,0.0
2023-09-08,734.0999755859375,736.7999877929688,728.8060302734375,736.5,735.7181396484375,2047782,0.0,0.0,0.0
2023-09-11,738.7000122070312,743.5,735.4000244140625,738.7000122070312,737.9157104492188,3350432,0.0,0.0,0.0
2023-09-12,740.2999877929688,743.7999877929688,739.2999877929688,741.7999877929688,741.0123901367188,1774150,0.0,0.0,0.0
2023-09-13,741.0999755859375,743.4000244140625,737.9000244140625,741.4000244140625,740.6129150390625,3063734,0.0,0.0,0.0
2023-09-14,735.5999755859375,749.0999755859375,732.9000244140625,747.4000244140625,746.690673828125,3173994,8.36,0.0,0.0
2023-09-15,750.9000244140625,755.0499877929688,750.7000122070312,750.7999877929688,750.08740234375,3674334,0.0,0.0,0.0
2023-09-18,750.4000244140625,751.4000244140625,743.9669799804688,745.4000244140625,744.6924438476562,4939541,0.0,0.0,0.0
2023-09-19,744.4000244140625,747.89599609375,743.7000122070312,745.9000244140625,745.1920166015625,1321770,0.0,0.0,0.0
2023-09-20,748.2000122070312,754.0,748.0,752.9000244140625,752.1854248046875,4234306,0.0,0.0,0.0
2023-09-21,747.7000122070312,754.2000122070312,747.2999877929688,747.5999755859375,746.890380859375,3318433,0.0,0.0,0.0
2023-09-22,744.4000244140625,753.1959838867188,743.2999877929688,747.7999877929688,747.0902709960938,3331392,0.0,0.0,0.0
2023-09-25,745.5999755859375,747.9000244140625,738.4000244140625,743.4000244140625,742.694580078125,6647331,0.0,0.0,0.0
2023-09-26,740.2000122070312,746.2000122070312,739.2999877929688,742.9000244140625,742.1949462890625,3504892,0.0,0.0,0.0
2023-09-27,742.5999755859375,745.1220092773438,738.2999877929688,740.2000122070312,739.4974975585938,2481825,0.0,0.0,0.0
2023-09-28,741.4000244140625,741.9000244140625,733.7999877929688,741.7999877929688,741.0960083007812,3674087,0.0,0.0,0.0
2023-09-29,743.9000244140625,748.7999877929688,742.0,742.2000122070312,741.4955444335938,2708303,0.0,0.0,0.0
2023-10-02,743.2999877929688,744.5,730.8759765625,732.5999755859375,731.9047241210938,4474057,0.0,0.0,0.0
2023-10-03,731.4000244140625,736.4000244140625,728.7000122070312,728.7999877929688,728.1082763671875,2988654,0.0,0.0,0.0
2023-10-04,725.7999877929688,731.0880126953125,720.697998046875,723.4000244140625,722.7134399414062,2379868,0.0,0.0,0.0
2023-10-05,724.7999877929688,731.0,723.1699829101562,727.5,726.8095092773438,3223546,0.0,0.0,0.0
2023-10-06,730.0,731.4000244140625,724.3250122070312,731.2000122070312,730.506103515625,3970748,0.0,0.0,0.0
2023-10-09,732.2000122070312,735.9000244140625,729.0,731.0999755859375,730.4060668945312,2806919,0.0,0.0,0.0
2023-10-10,736.9000244140625,745.0,735.2999877929688,744.0,743.2939453125,4639869,0.0,0.0,0.0
2023-10-11,743.0999755859375,746.4000244140625,742.0,743.5,742.79443359375,3892002,0.0,0.0,0.0
2023-10-12,747.4000244140625,751.0,745.7899780273438,746.5,745.7915649414062,1813088,0.0,0.0,0.0
2023-10-13,746.5999755859375,747.9000244140625,741.0,742.2999877929688,741.595458984375,2864817,0.0,0.0,0.0
2023-10-16,744.7999877929688,747.0,740.5,745.0,744.2929077148438,1593626,0.0,0.0,0.0
2023-10-17,745.0,750.260009765625,741.5,749.5,748.7886352539062,4042683,0.0,0.0,0.0
2023-10-18,749.2999877929688,750.2000122070312,740.2000122070312,740.7999877929688,740.0968627929688,2408243,0.0,0.0,0.0
2023-10-19,737.0,738.2000122070312,731.9249877929688,733.2000122070312,732.5040893554688,1658204,0.0,0.0,0.0
2023-10-20,729.2999877929688,731.7999877929688,722.5,723.4000244140625,722.7134399414062,3485186,0.0,0.0,0.0
2023-10-23,722.0,723.0,717.0,720.5999755859375,719.9160766601562,2333686,0.0,0.0,0.0
2023-10-24,720.0,723.7999877929688,715.7000122070312,722.0,721.3146362304688,1776309,0.0,0.0,0.0
2023-10-25,721.5,725.9000244140625,720.0,724.0999755859375,723.41259765625,1812366,0.0,0.0,0.0
2023-10-26,720.2999877929688,722.7999877929688,717.5999755859375,718.7999877929688,718.1177368164062,1521737,0.0,0.0,0.0
2023-10-27,719.9000244140625,721.4000244140625,711.5,712.5999755859375,711.9237060546875,3736211,0.0,0.0,0.0
2023-10-30,718.5999755859375,743.7999877929688,713.2999877929688,715.9000244140625,715.2206420898438,2157925,0.0,0.0,0.0
2023-10-31,716.5,720.5,714.3599853515625,715.5999755859375,714.9207153320312,1218621,0.0,0.0,0.0
2023-11-01,718.4000244140625,721.7999877929688,713.9000244140625,717.7999877929688,717.1187133789062,2974973,0.0,0.0,0.0
2023-11-02,723.0,730.0,721.2000122070312,728.2000122070312,727.5089111328125,1791296,0.0,0.0,0.0
2023-11-03,730.7999877929688,732.2000122070312,722.9459838867188,723.7999877929688,723.1131591796875,2901870,0.0,0.0,0.0
2023-11-06,725.2999877929688,728.2000122070312,723.5,724.7999877929688,724.1121215820312,1878900,0.0,0.0,0.0
2023-11-07,723.4000244140625,726.5,722.9000244140625,724.2000122070312,723.5126342773438,1304974,0.0,0.0,0.0
2023-11-08,722.2999877929688,727.2000122070312,721.7000122070312,723.0999755859375,722.4136352539062,2576044,0.0,0.0,0.0
2023-11-09,725.0,730.1199951171875,720.8499755859375,729.5,728.8076171875,2808537,0.0,0.0,0.0
2023-11-10,725.2999877929688,725.9000244140625,715.9000244140625,719.9000244140625,719.2168579101562,1957915,0.0,0.0,0.0
2023-11-13,723.0999755859375,726.5,722.3209838867188,726.0999755859375,725.4107666015625,1003633,0.0,0.0,0.0
2023-11-14,726.9000244140625,729.0999755859375,722.4000244140625,727.7000122070312,727.0094604492188,2992023,0.0,0.0,0.0
2023-11-15,732.2999877929688,736.7999877929688,730.9000244140625,731.9000244140625,731.2053833007812,8537347,0.0,0.0,0.0
2023-11-16,731.9199829101562,733.9000244140625,725.5,725.7000122070312,725.01123046875,1482815,0.0,0.0,0.0
2023-11-17,728.5,735.2999877929688,727.5,734.9000244140625,734.2025146484375,2916268,0.0,0.0,0.0
2023-11-20,733.0,735.0,731.7999877929688,734.0,733.30322265625,2416099,0.0,0.0,0.0
2023-11-21,732.7000122070312,733.7999877929688,729.2000122070312,732.5,731.8047485351562,3697649,0.0,0.0,0.0
2023-11-22,734.4000244140625,736.7000122070312,729.6220092773438,731.2000122070312,730.506103515625,1742989,0.0,0.0,0.0
2023-11-23,733.0999755859375,734.9000244140625,730.3699951171875,733.5,732.803955078125,1967321,0.0,0.0,0.0
2023-11-24,732.4000244140625,734.5,730.2000122070312,734.0999755859375,733.4031982421875,2439242,0.0,0.0,0.0
2023-11-27,732.5,733.7999877929688,730.2000122070312,731.2000122070312,730.506103515625,3835576,0.0,0.0,0.0
2023-11-28,729.0999755859375,731.5999755859375,725.3480224609375,730.7999877929688,730.1062622070312,3121609,0.0,0.0,0.0
2023-11-29,728.5,731.2000122070312,725.7000122070312,727.2000122070312,726.5098266601562,1847271,0.0,0.0,0.0
2023-11-30,727.9000244140625,734.4019775390625,723.9000244140625,729.9000244140625,729.2073364257812,3641482,0.0,0.0,0.0
2023-12-01,732.7999877929688,738.448974609375,731.7000122070312,737.5999755859375,736.89990234375,2308429,0.0,0.0,0.0
2023-12-04,733.0,738.0,732.2999877929688,735.7000122070312,735.001708984375,2918406,0.0,0.0,0.0
2023-12-05,731.5,735.5999755859375,729.7999877929688,733.7999877929688,733.103515625,3342534,0.0,0.0,0.0
2023-12-06,735.7000122070312,739.0020141601562,733.4000244140625,736.0999755859375,735.4013061523438,3174417,0.0,0.0,0.0
2023-12-07,734.2999877929688,737.4000244140625,732.2000122070312,736.2999877929688,735.6011352539062,2650971,0.0,0.0,0.0
2023-12-08,738.0,743.2000122070312,736.0999755859375,740.5999755859375,739.89697265625,2339390,0.0,0.0,0.0
2023-12-11,739.2999877929688,741.5,735.0,740.2999877929688,739.5973510742188,5719673,0.0,0.0,0.0
2023-12-12,743.2000122070312,746.2999877929688,740.2000122070312,740.4000244140625,739.6973876953125,4023617,0.0,0.0,0.0
2023-12-13,739.7000122070312,744.2000122070312,739.7000122070312,740.7000122070312,739.9968872070312,4752669,0.0,0.0,0.0
2023-12-14,746.7000122070312,752.0,734.5999755859375,744.5999755859375,743.95361328125,4722105,6.01,0.0,0.0
2023-12-15,745.7000122070312,747.7999877929688,737.2000122070312,738.0,737.3593139648438,2517429,0.0,0.0,0.0
2023-12-18,736.7999877929688,743.2999877929688,735.5999755859375,741.5,740.8562622070312,2536900,0.0,0.0,0.0
2023-12-19,741.7000122070312,744.4000244140625,740.4000244140625,743.2999877929688,742.65478515625,3896136,0.0,0.0,0.0
2023-12-20,751.0,755.7000122070312,747.2050170898438,751.7000122070312,751.0475463867188,5964805,0.0,0.0,0.0
2023-12-21,748.5999755859375,751.2999877929688,746.7999877929688,749.2999877929688,748.6495971679688,2914459,0.0,0.0,0.0
2023-12-22,748.0,775.5,745.5999755859375,750.0,749.3489990234375,2511040,0.0,0.0,0.0
2023-12-27,753.2999877929688,755.7000122070312,750.0,752.2000122070312,751.547119140625,2040865,0.0,0.0,0.0
2023-12-28,752.5999755859375,754.5,725.9000244140625,751.9000244140625,751.2471923828125,4989178,0.0,0.0,0.0
2023-12-29,752.2000122070312,755.4000244140625,749.5,753.0999755859375,752.4462280273438,3395009,0.0,0.0,0.0
2024-01-02,753.5,756.0,748.0,751.4000244140625,750.7477416992188,1072068,0.0,0.0,0.0
2024-01-03,750.7000122070312,753.5999755859375,744.22998046875,747.5999755859375,746.9509887695312,1348109,0.0,0.0,0.0
2024-01-04,747.9000244140625,751.7999877929688,747.0999755859375,751.2000122070312,750.5480346679688,2365405,0.0,0.0,0.0
2024-01-05,746.0,749.4199829101562,743.7999877929688,747.9000244140625,747.2508544921875,3537435,0.0,0.0,0.0
2024-01-08,745.0999755859375,748.5,743.1699829101562,748.5,747.8502197265625,2176082,0.0,0.0,0.0
2024-01-09,749.7000122070312,750.7000122070312,746.7000122070312,747.7000122070312,747.051025390625,2845464,0.0,0.0,0.0
2024-01-10,746.2000122070312,747.5,744.2000122070312,744.4000244140625,743.7538452148438,2875631,0.0,0.0,0.0
2024-01-11,747.9000244140625,749.02001953125,738.0,738.0999755859375,737.4592895507812,1432009,0.0,0.0,0.0
2024-01-12,741.5999755859375,745.7000122070312,740.9000244140625,742.5999755859375,741.955322265625,1597584,0.0,0.0,0.0
2024-01-15,741.2000122070312,744.4000244140625,737.968017578125,739.7999877929688,739.1577758789062,2441589,0.0,0.0,0.0
2024-01-16,736.4000244140625,738.0999755859375,734.0059814453125,735.9000244140625,735.2612915039062,1791022,0.0,0.0,0.0
2024-01-17,727.2999877929688,727.7999877929688,721.2999877929688,725.4000244140625,724.7703247070312,3511377,0.0,0.0,0.0
2024-01-18,724.7999877929688,728.0,724.5,727.0,726.368896484375,1536854,0.0,0.0,0.0
2024-01-19,730.9000244140625,732.7999877929688,726.2000122070312,727.0999755859375,726.4688110351562,5010649,0.0,0.0,0.0
2024-01-22,729.7000122070312,731.5,726.7999877929688,729.9000244140625,729.2664794921875,5774477,0.0,0.0,0.0
2024-01-23,733.0,733.7000122070312,727.8469848632812,729.7000122070312,729.0665893554688,2037008,0.0,0.0,0.0
2024-01-24,734.2999877929688,735.0,730.5999755859375,733.5999755859375,732.9632568359375,2292118,0.0,0.0,0.0
2024-01-25,733.0,735.2100219726562,731.5,733.7999877929688,733.1630249023438,1642751,0.0,0.0,0.0
2024-01-26,738.0,745.9000244140625,737.8250122070312,744.4000244140625,743.7538452148438,1435379,0.0,0.0,0.0
2024-01-29,744.4000244140625,747.2000122070312,743.7000122070312,744.2000122070312,743.5540771484375,1119818,0.0,0.0,0.0
2024-01-30,746.2000122070312,748.9000244140625,745.0999755859375,747.0,746.3515625,3693653,0.0,0.0,0.0
2024-01-31,747.5,748.9000244140625,743.2000122070312,743.2000122070312,742.5548706054688,1390897,0.0,0.0,0.0
2024-02-01,742.9000244140625,747.5,741.0,742.5999755859375,741.955322265625,1024501,0.0,0.0,0.0
2024-02-02,747.0,747.3889770507812,741.0,741.7999877929688,741.1561279296875,3194330,0.0,0.0,0.0
2024-02-05,742.5999755859375,746.7420043945312,740.0,741.5,740.8562622070312,3836683,0.0,0.0,0.0
2024-02-06,746.2999877929688,749.0,743.2999877929688,747.9000244140625,747.2508544921875,4994435,0.0,0.0,0.0
2024-02-07,748.4000244140625,749.5,742.7000122070312,743.0,742.3550415039062,1899466,0.0,0.0,0.0
2024-02-08,743.9000244140625,745.0999755859375,739.0999755859375,739.4000244140625,738.7581787109375,2100957,0.0,0.0,0.0
2024-02-09,739.0999755859375,740.7000122070312,735.5159912109375,736.9000244140625,736.2603759765625,1828317,0.0,0.0,0.0
2024-02-12,737.9000244140625,738.9000244140625,735.4000244140625,737.5,736.85986328125,1831608,0.0,0.0,0.0
2024-02-13,737.2999877929688,738.2000122070312,729.5,731.2000122070312,730.5653686523438,1538903,0.0,0.0,0.0
2024-02-14,734.9000244140625,739.2999877929688,733.2999877929688,737.2000122070312,736.5599975585938,1176516,0.0,0.0,0.0
2024-02-15,739.5,742.5999755859375,737.5999755859375,741.2000122070312,740.556640625,1612824,0.0,0.0,0.0
2024-02-16,746.0,753.0,744.844970703125,752.2000122070312,751.547119140625,3163205,0.0,0.0,0.0
2024-02-19,751.0999755859375,754.2000122070312,751.0,753.9000244140625,753.2456665039062,867551,0.0,0.0,0.0
2024-02-20,753.0,755.7000122070312,751.5,752.7999877929688,752.146484375,1967785,0.0,0.0,0.0
2024-02-21,749.9000244140625,750.0999755859375,745.2239990234375,747.0999755859375,746.451416015625,2145596,0.0,0.0,0.0
2024-02-22,751.5999755859375,752.5999755859375,747.6199951171875,750.5999755859375,749.9484252929688,4938241,0.0,0.0,0.0
2024-02-23,752.0,753.4000244140625,749.9000244140625,752.7000122070312,752.0466918945312,1263068,0.0,0.0,0.0
2024-02-26,751.5,753.2999877929688,749.7999877929688,750.9000244140625,750.2481689453125,1028046,0.0,0.0,0.0
2024-02-27,750.5999755859375,752.2000122070312,749.0999755859375,750.2999877929688,749.6486206054688,1069945,0.0,0.0,0.0
2024-02-28,749.2000122070312,749.7000122070312,744.2999877929688,744.5999755859375,743.95361328125,2455261,0.0,0.0,0.0
2024-02-29,746.4000244140625,750.5,745.7039794921875,745.7999877929688,745.152587890625,2159070,0.0,0.0,0.0
2024-03-01,750.2000122070312,752.1840209960938,747.4000244140625,751.2999877929688,750.6478271484375,1825672,0.0,0.0,0.0
2024-03-04,749.7999877929688,750.7000122070312,745.0999755859375,746.7999877929688,746.1517333984375,2110013,0.0,0.0,0.0
2024-03-05,743.9000244140625,748.0,742.6840209960938,747.4000244140625,746.7512817382812,3211770,0.0,0.0,0.0
2024-03-06,747.2999877929688,752.5999755859375,746.2000122070312,750.4000244140625,749.74853515625,2575333,0.0,0.0,0.0
2024-03-07,750.5,756.7000122070312,750.0,754.9000244140625,754.2446899414062,1608171,0.0,0.0,0.0
2024-03-08,754.7000122070312,755.0,750.2999877929688,751.7999877929688,751.1473999023438,3653151,0.0,0.0,0.0
2024-03-11,748.9000244140625,752.5,747.0,752.5,751.8467407226562,7033756,0.0,0.0,0.0
2024-03-12,758.0,761.9000244140625,757.2999877929688,760.4000244140625,759.7399291992188,3159336,0.0,0.0,0.0
2024-03-13,761.0,763.7999877929688,759.0999755859375,762.7000122070312,762.0379028320312,1282861,0.0,0.0,0.0
2024-03-14,760.7000122070312,760.7000122070312,752.7000122070312,755.2999877929688,754.6913452148438,1787311,4.75,0.0,0.0
2024-03-15,754.9000244140625,757.2000122070312,753.7000122070312,753.7000122070312,753.0927124023438,2913381,0.0,0.0,0.0
2024-03-18,754.5,756.2000122070312,752.5239868164062,753.2000122070312,752.5930786132812,1851168,0.0,0.0,0.0
2024-03-19,753.2000122070312,754.7999877929688,751.0,754.7999877929688,754.1917114257812,2681825,0.0,0.0,0.0
2024-03-20,754.0,755.5999755859375,752.0999755859375,754.5999755859375,753.9920043945312,2662627,0.0,0.0,0.0
2024-03-21,762.4000244140625,771.2000122070312,761.5999755859375,768.9000244140625,768.2804565429688,2862400,0.0,0.0,0.0
2024-03-22,770.9000244140625,777.0999755859375,770.0,774.0999755859375,773.4762573242188,2455516,0.0,0.0,0.0
2024-03-25,773.4000244140625,775.0999755859375,770.0999755859375,772.7999877929688,772.1773071289062,1271587,0.0,0.0,0.0
2024-03-26,770.5,774.2999877929688,770.2000122070312,773.7000122070312,773.0764770507812,2693776,0.0,0.0,0.0
2024-03-27,772.7999877929688,774.968017578125,770.2000122070312,774.2000122070312,773.576171875,2105895,0.0,0.0,0.0
2024-03-28,777.0,778.8980102539062,776.0,777.2000122070312,776.5737915039062,3409713,0.0,0.0,0.0
2024-04-02,779.7000122070312,782.7999877929688,774.0999755859375,774.7999877929688,774.1756591796875,2140436,0.0,0.0,0.0
2024-04-03,773.5,774.7000122070312,769.7000122070312,774.5,773.8759155273438,3067641,0.0,0.0,0.0
2024-04-04,775.4000244140625,780.5,775.2000122070312,779.2999877929688,778.6720581054688,2622343,0.0,0.0,0.0
2024-04-05,770.5999755859375,773.0999755859375,769.9000244140625,772.2999877929688,771.6776733398438,1505025,0.0,0.0,0.0
2024-04-08,771.7000122070312,776.7000122070312,770.4030151367188,775.5999755859375,774.9749145507812,2568942,0.0,0.0,0.0
2024-04-09,774.5,777.5999755859375,773.2000122070312,774.9000244140625,774.275634765625,2687270,0.0,0.0,0.0
2024-04-10,779.5999755859375,781.2999877929688,773.2999877929688,777.0,776.3739013671875,3495684,0.0,0.0,0.0
2024-04-11,775.0999755859375,779.7000122070312,771.4030151367188,774.7000122070312,774.0757446289062,1706511,0.0,0.0,0.0
2024-04-12,779.2999877929688,786.7000122070312,779.2000122070312,781.9000244140625,781.2698974609375,3068320,0.0,0.0,0.0
2024-04-15,778.9000244140625,783.4000244140625,777.5999755859375,778.7999877929688,778.17236328125,2143716,0.0,0.0,0.0
2024-04-16,767.2000122070312,770.2999877929688,762.5,764.7999877929688,764.1836547851562,5205495,0.0,0.0,0.0
2024-04-17,762.7999877929688,772.0,762.4000244140625,768.0,767.381103515625,2086037,0.0,0.0,0.0
2024-04-18,771.2999877929688,773.0,768.0,771.0,770.3787841796875,2479176,0.0,0.0,0.0
2024-04-19,767.4000244140625,773.2999877929688,764.2000122070312,772.7999877929688,772.1773071289062,3887282,0.0,0.0,0.0
2024-04-22,779.9000244140625,787.0999755859375,779.9000244140625,785.2999877929688,784.6671752929688,3079873,0.0,0.0,0.0
2024-04-23,788.2000122070312,790.4000244140625,785.0999755859375,787.2000122070312,786.5657348632812,7299009,0.0,0.0,0.0
2024-04-24,790.7999877929688,792.2000122070312,785.9000244140625,786.5,785.8661499023438,4155809,0.0,0.0,0.0
2024-04-25,791.7000122070312,793.5,787.10302734375,791.2000122070312,790.5624389648438,1985808,0.0,0.0,0.0
2024-04-26,794.2000122070312,797.5999755859375,793.2999877929688,796.7000122070312,796.0579833984375,1475858,0.0,0.0,0.0
2024-04-29,800.7999877929688,804.7000122070312,797.5999755859375,797.7999877929688,797.1571655273438,2556924,0.0,0.0,0.0
2024-04-30,799.2000122070312,803.0999755859375,796.5,796.7999877929688,796.157958984375,2812548,0.0,0.0,0.0
2024-05-01,800.9000244140625,795.0,793.7999877929688,794.5,793.8597412109375,564856,0.0,0.0,0.0
2024-05-02,797.7999877929688,801.2999877929688,796.9000244140625,800.7000122070312,800.0547485351562,2953658,0.0,0.0,0.0
2024-05-03,802.5999755859375,808.2999877929688,801.7999877929688,804.9000244140625,804.2514038085938,5609254,0.0,0.0,0.0
2024-05-07,813.0,816.9000244140625,811.0,814.5999755859375,813.9435424804688,7318953,0.0,0.0,0.0
2024-05-08,817.2999877929688,819.7999877929688,815.9000244140625,818.7999877929688,818.1401977539062,2005612,0.0,0.0,0.0
2024-05-09,819.0999755859375,823.5,817.5999755859375,821.7999877929688,821.1377563476562,1709620,0.0,0.0,0.0
2024-05-10,824.2000122070312,829.5,820.9000244140625,827.0,826.3336181640625,3684561,0.0,0.0,0.0
2024-05-13,826.7000122070312,828.5,824.510009765625,824.7000122070312,824.0354614257812,3430105,0.0,0.0,0.0
2024-05-14,824.7999877929688,828.5,821.7999877929688,826.2000122070312,825.5342407226562,1110132,0.0,0.0,0.0
2024-05-15,830.0,831.2000122070312,826.8699951171875,828.2999877929688,827.6324462890625,2056592,0.0,0.0,0.0
2024-05-16,829.5999755859375,831.4000244140625,825.9000244140625,829.7999877929688,829.13134765625,2770768,0.0,0.0,0.0
2024-05-17,828.7000122070312,830.2999877929688,825.698974609375,827.4000244140625,826.7333374023438,1917038,0.0,0.0,0.0
2024-05-20,829.0,831.2000122070312,827.2000122070312,827.9000244140625,827.2329711914062,2482988,0.0,0.0,0.0
2024-05-21,824.9000244140625,827.9949951171875,823.4000244140625,827.0999755859375,826.4334106445312,1870921,0.0,0.0,0.0
2024-05-22,822.7000122070312,826.0999755859375,819.7999877929688,822.5999755859375,821.9371948242188,2014572,0.0,0.0,0.0
2024-05-23,822.5999755859375,825.5,819.0,819.4000244140625,818.7396850585938,3874705,0.0,0.0,0.0
2024-05-24,813.7000122070312,833.0,810.0,817.5,816.8412475585938,1727344,0.0,0.0,0.0
2024-05-28,818.4000244140625,820.7000122070312,810.4000244140625,811.9000244140625,811.2457885742188,2265202,0.0,0.0,0.0
2024-05-29,810.7000122070312,813.4000244140625,803.5999755859375,804.5,803.8516845703125,3684984,0.0,0.0,0.0
2024-05-30,801.5999755859375,810.0,798.2000122070312,809.4000244140625,808.7477416992188,2316805,0.0,0.0,0.0
2024-05-31,810.9000244140625,815.2000122070312,807.4000244140625,813.7999877929688,813.144287109375,1301456,0.0,0.0,0.0
2024-06-03,822.4000244140625,822.7999877929688,812.2999877929688,812.2999877929688,811.6453857421875,2271049,0.0,0.0,0.0
2024-06-04,810.4000244140625,812.2999877929688,806.4000244140625,809.5,808.84765625,1384222,0.0,0.0,0.0
2024-06-05,812.7999877929688,814.7999877929688,809.7570190429688,811.0999755859375,810.4464111328125,2645998,0.0,0.0,0.0
2024-06-06,813.7000122070312,816.0999755859375,812.0999755859375,816.0,815.342529296875,2059467,0.0,0.0,0.0
2024-06-07,816.9000244140625,819.2999877929688,808.5,811.5999755859375,810.9461059570312,1707238,0.0,0.0,0.0
2024-06-10,806.0,810.5,805.0999755859375,810.5,809.8468627929688,2953944,0.0,0.0,0.0
2024-06-11,813.0,814.2999877929688,798.9000244140625,802.2000122070312,801.5536499023438,8057351,0.0,0.0,0.0
2024-06-12,806.7000122070312,811.1790161132812,804.9000244140625,809.2999877929688,808.6477661132812,3512024,0.0,0.0,0.0
2024-06-13,796.7000122070312,798.0,791.4000244140625,793.2000122070312,792.6715698242188,3027018,11.3,0.0,0.0
2024-06-14,794.2999877929688,794.7000122070312,787.947998046875,791.5999755859375,791.072509765625,1141599,0.0,0.0,0.0
2024-06-17,794.4000244140625,795.5999755859375,788.7000122070312,790.5999755859375,790.0731811523438,2201092,0.0,0.0,0.0
2024-06-18,793.9000244140625,796.3939819335938,792.2999877929688,795.9000244140625,795.3697509765625,2122710,0.0,0.0,0.0
2024-06-19,794.2000122070312,797.5,793.0,796.7000122070312,796.169189453125,3139889,0.0,0.0,0.0
2024-06-20,797.4000244140625,804.0,794.9000244140625,803.7999877929688,803.2644653320312,2076188,0.0,0.0,0.0
2024-06-21,802.5,805.2000122070312,795.5,800.5999755859375,800.0665283203125,2725053,0.0,0.0,0.0
2024-06-24,800.2000122070312,807.7000122070312,797.2000122070312,804.7000122070312,804.1638793945312,2886270,0.0,0.0,0.0
2024-06-25,804.7999877929688,807.0999755859375,801.0,801.5999755859375,801.0659790039062,1574674,0.0,0.0,0.0
2024-06-26,804.5999755859375,806.7000122070312,797.0999755859375,799.2999877929688,798.7673950195312,5791954,0.0,0.0,0.0
2024-06-27,799.2000122070312,802.2000122070312,795.4000244140625,795.4000244140625,794.8699951171875,5603350,0.0,0.0,0.0
2024-06-28,798.9000244140625,801.2000122070312,793.4000244140625,793.9000244140625,793.37109375,2168518,0.0,0.0,0.0
2024-07-01,798.4000244140625,800.2000122070312,794.0999755859375,794.2000122070312,793.6708984375,1589932,0.0,0.0,0.0
2024-07-02,791.4000244140625,793.7000122070312,786.7999877929688,789.2000122070312,788.6742553710938,2257565,0.0,0.0,0.0
2024-07-03,794.9000244140625,796.2000122070312,791.9000244140625,794.0999755859375,793.5708618164062,3175493,0.0,0.0,0.0
2024-07-04,797.5999755859375,803.0999755859375,796.5,801.2000122070312,800.6661987304688,1549136,0.0,0.0,0.0
2024-07-05,804.0,805.4000244140625,795.4000244140625,797.5,796.9686279296875,1974980,0.0,0.0,0.0
2024-07-08,795.2000122070312,800.9000244140625,794.4000244140625,796.9000244140625,796.369140625,2376755,0.0,0.0,0.0
2024-07-09,796.7000122070312,799.2000122070312,790.7999877929688,791.4000244140625,790.8728637695312,4779541,0.0,0.0,0.0
2024-07-10,793.5999755859375,797.0999755859375,791.5,797.0999755859375,796.5689086914062,2320767,0.0,0.0,0.0
2024-07-11,798.7000122070312,800.5999755859375,796.5,799.7000122070312,799.167236328125,895042,0.0,0.0,0.0
2024-07-12,804.7000122070312,805.2000122070312,800.4000244140625,802.5,801.96533203125,906107,0.0,0.0,0.0
2024-07-15,798.9000244140625,802.5,794.7000122070312,795.4000244140625,794.8699951171875,4036606,0.0,0.0,0.0
2024-07-16,792.2000122070312,795.5999755859375,790.0999755859375,793.7999877929688,793.2711181640625,4012603,0.0,0.0,0.0
2024-07-17,792.9000244140625,798.0999755859375,790.7999877929688,796.4000244140625,795.869384765625,987036,0.0,0.0,0.0
2024-07-18,802.7999877929688,804.5,798.0,798.0,797.4683837890625,4943268,0.0,0.0,0.0
2024-07-19,793.2000122070312,795.9000244140625,790.7999877929688,792.7999877929688,792.2719116210938,1704826,0.0,0.0,0.0
2024-07-22,797.2999877929688,801.4359741210938,795.5999755859375,797.2000122070312,796.6689453125,2633234,0.0,0.0,0.0
2024-07-23,795.5,800.2979736328125,792.5,793.7999877929688,793.2711181640625,4752959,0.0,0.0,0.0
2024-07-24,789.0999755859375,794.4949951171875,788.2999877929688,793.0,792.4715576171875,6561917,0.0,0.0,0.0
2024-07-25,788.5,796.7000122070312,783.3699951171875,796.0,795.4696655273438,2749469,0.0,0.0,0.0
2024-07-26,797.5,806.5,794.4000244140625,806.2999877929688,805.7628173828125,3540498,0.0,0.0,0.0
2024-07-29,809.7999877929688,814.1640014648438,806.0999755859375,806.7000122070312,806.1624755859375,2544742,0.0,0.0,0.0
2024-07-30,805.4000244140625,807.2000122070312,801.0,804.9000244140625,804.36376953125,3379801,0.0,0.0,0.0
2024-07-31,812.5999755859375,817.0999755859375,811.4000244140625,814.0,813.4576416015625,3817744,0.0,0.0,0.0
2024-08-01,816.7999877929688,818.2999877929688,804.2000122070312,806.0,805.4630126953125,4667313,0.0,0.0,0.0
2024-08-02,800.9000244140625,805.8599853515625,793.93798828125,795.4000244140625,794.8699951171875,4359628,0.0,0.0,0.0
2024-08-05,781.5,783.5,770.2999877929688,779.5,778.9806518554688,7858391,0.0,0.0,0.0
2024-08-06,781.7000122070312,795.7000122070312,771.9000244140625,780.9000244140625,780.3797607421875,3419139,0.0,0.0,0.0
2024-08-07,785.7999877929688,795.9000244140625,784.4439697265625,794.7000122070312,794.1705322265625,3425554,0.0,0.0,0.0
2024-08-08,791.0999755859375,795.5999755859375,786.5,794.5,793.9706420898438,1201665,0.0,0.0,0.0
2024-08-09,794.7000122070312,800.4000244140625,793.9000244140625,796.7999877929688,796.2691040039062,940761,0.0,0.0,0.0
2024-08-12,799.7000122070312,802.4000244140625,798.2999877929688,801.0,800.4664306640625,2476625,0.0,0.0,0.0
2024-08-13,803.7000122070312,804.5999755859375,798.5999755859375,803.5999755859375,803.0645751953125,5323073,0.0,0.0,0.0
2024-08-14,807.7999877929688,809.7999877929688,799.5999755859375,807.9000244140625,807.36181640625,4114862,0.0,0.0,0.0
2024-08-15,811.5,818.7000122070312,809.8779907226562,817.0,816.4556274414062,2090039,0.0,0.0,0.0
2024-08-16,817.0999755859375,818.0,811.5999755859375,813.2999877929688,812.7581176757812,2470896,0.0,0.0,0.0
2024-08-19,811.5999755859375,819.7999877929688,809.0999755859375,818.0999755859375,817.5548095703125,3789839,0.0,0.0,0.0
2024-08-20,816.2999877929688,818.0,809.2999877929688,809.7000122070312,809.1605834960938,5160601,0.0,0.0,0.0
2024-08-21,810.2000122070312,812.0999755859375,808.5999755859375,810.9000244140625,810.35986328125,3724552,0.0,0.0,0.0
2024-08-22,811.7000122070312,815.0999755859375,809.7999877929688,811.5,810.9594116210938,1905024,0.0,0.0,0.0
2024-08-23,813.9000244140625,816.0,812.5999755859375,815.7000122070312,815.1566162109375,1783176,0.0,0.0,0.0
2024-08-27,819.2999877929688,822.7000122070312,814.7999877929688,817.0999755859375,816.5555419921875,2676524,0.0,0.0,0.0
2024-08-28,818.7999877929688,820.7999877929688,815.0,817.0999755859375,816.5555419921875,1632575,0.0,0.0,0.0
2024-08-29,817.2999877929688,822.4000244140625,814.5,821.5,820.9526977539062,4004150,0.0,0.0,0.0
2024-08-30,823.7999877929688,824.9000244140625,819.5999755859375,820.5999755859375,820.05322265625,2945623,0.0,0.0,0.0
2024-09-02,821.7999877929688,823.2000122070312,818.4000244140625,819.5999755859375,819.0538940429688,2103998,0.0,0.0,0.0
2024-09-03,821.4000244140625,824.0999755859375,808.9000244140625,813.0,812.4583129882812,3879812,0.0,0.0,0.0
2024-09-04,806.5999755859375,811.5,803.0999755859375,810.0999755859375,809.5602416992188,3267759,0.0,0.0,0.0
2024-09-05,808.2000122070312,812.4000244140625,807.7000122070312,807.7999877929688,807.2618408203125,1463687,0.0,0.0,0.0
2024-09-06,806.2999877929688,809.9000244140625,800.97802734375,802.2000122070312,801.66552734375,3574210,0.0,0.0,0.0
2024-09-09,807.2000122070312,811.2160034179688,805.7999877929688,810.9000244140625,810.35986328125,3255932,0.0,0.0,0.0
2024-09-10,805.7000122070312,809.3369750976562,803.4000244140625,804.5,803.9639892578125,11705671,0.0,0.0,0.0
2024-09-11,805.2999877929688,808.7999877929688,801.0,803.7000122070312,803.16455078125,3102900,0.0,0.0,0.0
2024-09-12,805.0999755859375,806.2999877929688,797.60400390625,800.0,799.5503540039062,1709322,8.37,0.0,0.0
2024-09-13,800.4000244140625,804.2999877929688,798.5999755859375,802.7999877929688,802.3486328125,2324907,0.0,0.0,0.0
2024-09-16,800.5,804.5,800.0999755859375,803.2999877929688,802.848388671875,3524770,0.0,0.0,0.0
2024-09-17,809.2999877929688,810.5,804.9000244140625,806.4000244140625,805.94677734375,3435798,0.0,0.0,0.0
2024-09-18,805.5999755859375,805.7000122070312,800.0999755859375,800.7999877929688,800.3497924804688,4596881,0.0,0.0,0.0
2024-09-19,808.5999755859375,812.7999877929688,805.0999755859375,808.4000244140625,807.945556640625,4427578,0.0,0.0,0.0
2024-09-20,803.5,805.2999877929688,797.780029296875,797.9000244140625,797.4514770507812,5304143,0.0,0.0,0.0
2024-09-23,798.2000122070312,801.5999755859375,796.7000122070312,801.2000122070312,800.74951171875,1422545,0.0,0.0,0.0
2024-09-24,805.4000244140625,807.948974609375,801.4000244140625,803.5,803.0482788085938,4175092,0.0,0.0,0.0
2024-09-25,799.7999877929688,806.7999877929688,799.3690185546875,802.2000122070312,801.7490234375,4115643,0.0,0.0,0.0
2024-09-26,807.7000122070312,808.7000122070312,801.5390014648438,804.2000122070312,803.7478637695312,8202617,0.0,0.0,0.0
2024-09-27,805.0999755859375,809.2000122070312,804.5,807.7999877929688,807.3458862304688,1644927,0.0,0.0,0.0
2024-09-30,805.2000122070312,808.2000122070312,799.1160278320312,799.2999877929688,798.8505859375,6503768,0.0,0.0,0.0
2024-10-01,800.9000244140625,804.9039916992188,798.2999877929688,803.5,803.0482788085938,6264036,0.0,0.0,0.0
2024-10-02,805.7000122070312,807.9000244140625,802.4000244140625,804.5999755859375,804.1476440429688,5481695,0.0,0.0,0.0
2024-10-03,806.7000122070312,809.1649780273438,802.1519775390625,804.0999755859375,803.6478881835938,3096868,0.0,0.0,0.0
2024-10-04,802.0999755859375,806.0999755859375,799.5,804.0999755859375,803.6478881835938,3331979,0.0,0.0,0.0
2024-10-07,807.2000122070312,808.2999877929688,802.0,806.0999755859375,805.646728515625,5232980,0.0,0.0,0.0
2024-10-08,799.5,800.0,794.7999877929688,795.0999755859375,794.6530151367188,7239844,0.0,0.0,0.0
2024-10-09,796.5999755859375,800.760009765625,794.7999877929688,800.5999755859375,800.1498413085938,5488349,0.0,0.0,0.0
2024-10-10,802.0,803.5999755859375,798.2999877929688,800.4000244140625,799.9500732421875,3446543,0.0,0.0,0.0
2024-10-11,800.0999755859375,802.9000244140625,797.5,802.0,801.5491333007812,3964957,0.0,0.0,0.0
2024-10-14,800.5999755859375,805.5,800.0,805.5,805.0471801757812,4032437,0.0,0.0,0.0
2024-10-15,805.7999877929688,806.5999755859375,800.5,801.0,800.5497436523438,6448264,0.0,0.0,0.0
2024-10-16,804.9000244140625,810.7999877929688,803.7739868164062,809.2000122070312,808.7451171875,5578559,0.0,0.0,0.0
2024-10-17,809.9000244140625,815.7000122070312,808.5,814.5999755859375,814.14208984375,3025844,0.0,0.0,0.0
2024-10-18,811.7999877929688,814.0999755859375,807.9000244140625,812.0,811.5433959960938,3528171,0.0,0.0,0.0
2024-10-21,812.0999755859375,815.364990234375,807.9000244140625,807.9000244140625,807.4458618164062,5723490,0.0,0.0,0.0
2024-10-22,806.0,808.2000122070312,801.5999755859375,806.9000244140625,806.4464721679688,6470028,0.0,0.0,0.0
2024-10-23,805.5999755859375,808.7000122070312,801.8790283203125,802.2999877929688,801.8489379882812,5308326,0.0,0.0,0.0
2024-10-24,805.4000244140625,810.5999755859375,803.5999755859375,803.5999755859375,803.148193359375,4455812,0.0,0.0,0.0
2024-10-25,803.5999755859375,805.0,801.64501953125,802.2000122070312,801.7490234375,2808488,0.0,0.0,0.0
2024-10-28,803.0,806.5,798.208984375,805.7000122070312,805.2470092773438,7426203,0.0,0.0,0.0
2024-10-29,809.0999755859375,809.5,798.5999755859375,798.9000244140625,798.4509887695312,6690972,0.0,0.0,0.0
2024-10-30,795.5,797.9299926757812,792.7000122070312,793.2999877929688,792.8539428710938,5130653,0.0,0.0,0.0
2024-10-31,790.0999755859375,790.2000122070312,784.9299926757812,788.2999877929688,787.8568115234375,8580241,0.0,0.0,0.0
2024-11-01,790.2999877929688,797.7000122070312,790.0,795.0999755859375,794.6530151367188,2826367,0.0,0.0,0.0
2024-11-04,794.7999877929688,801.4000244140625,794.7999877929688,796.2999877929688,795.852294921875,2522743,0.0,0.0,0.0
2024-11-05,795.5999755859375,799.0999755859375,791.7000122070312,794.7000122070312,794.2532958984375,3265500,0.0,0.0,0.0
2024-11-06,801.0,807.4000244140625,792.25,794.2999877929688,793.8533935546875,6079845,0.0,0.0,0.0
2024-11-07,797.7999877929688,798.4580078125,793.2000122070312,793.2000122070312,792.7540893554688,4100881,0.0,0.0,0.0
2024-11-08,794.2000122070312,795.0,785.2999877929688,786.5999755859375,786.15771484375,3980753,0.0,0.0,0.0
2024-11-11,790.0,794.0,789.7999877929688,791.9000244140625,791.4547729492188,2157483,0.0,0.0,0.0
2024-11-12,789.5999755859375,789.5999755859375,781.4299926757812,782.0999755859375,781.6602783203125,3531251,0.0,0.0,0.0
2024-11-13,783.0,785.0999755859375,778.7000122070312,782.0999755859375,781.6602783203125,2867300,0.0,0.0,0.0
2024-11-14,782.4000244140625,788.2000122070312,781.2000122070312,786.7999877929688,786.3577270507812,2483103,0.0,0.0,0.0
2024-11-15,783.0999755859375,789.0999755859375,782.7999877929688,786.2000122070312,785.7581176757812,2217483,0.0,0.0,0.0
2024-11-18,787.2000122070312,790.5999755859375,785.3499755859375,790.5999755859375,790.155517578125,1953257,0.0,0.0,0.0
2024-11-19,792.2999877929688,794.4000244140625,785.0,789.5999755859375,789.156005859375,2105427,0.0,0.0,0.0
2024-11-20,791.2000122070312,792.7000122070312,787.2999877929688,788.2000122070312,787.7569580078125,5109467,0.0,0.0,0.0
2024-11-21,789.9000244140625,795.5,786.9329833984375,794.9000244140625,794.4531860351562,1975008,0.0,0.0,0.0
2024-11-22,800.5999755859375,807.5,797.4000244140625,806.0999755859375,805.646728515625,4046854,0.0,0.0,0.0
2024-11-25,808.7999877929688,810.2919921875,806.468017578125,808.4000244140625,807.945556640625,2339788,0.0,0.0,0.0
2024-11-26,806.2999877929688,808.2999877929688,804.2999877929688,805.9000244140625,805.447021484375,4899635,0.0,0.0,0.0
2024-11-27,806.2999877929688,807.7999877929688,803.5999755859375,807.2999877929688,806.8461303710938,4828339,0.0,0.0,0.0
2024-11-28,808.5,810.4000244140625,807.1240234375,808.5999755859375,808.1454467773438,2407693,0.0,0.0,0.0
2024-11-29,806.9000244140625,809.4000244140625,805.5999755859375,808.5999755859375,808.1454467773438,2924285,0.0,0.0,0.0
2024-12-02,808.7000122070312,813.4030151367188,807.0999755859375,811.5,811.0438232421875,4431856,0.0,0.0,0.0
2024-12-03,812.7999877929688,819.4000244140625,812.5999755859375,816.5,816.041015625,8654116,0.0,0.0,0.0
2024-12-04,815.9000244140625,816.2999877929688,812.6890258789062,814.2999877929688,813.8421630859375,2477199,0.0,0.0,0.0
2024-12-05,814.0,815.7000122070312,811.9000244140625,815.7000122070312,815.241455078125,2670434,0.0,0.0,0.0
2024-12-06,815.9000244140625,817.7000122070312,811.2000122070312,811.5,811.0438232421875,3169826,0.0,0.0,0.0
2024-12-09,814.7999877929688,817.9000244140625,813.2000122070312,815.7000122070312,815.241455078125,1790498,0.0,0.0,0.0
2024-12-10,812.5999755859375,813.2999877929688,808.0,808.5,808.0454711914062,3172234,0.0,0.0,0.0
2024-12-11,805.7999877929688,811.7999877929688,805.2000122070312,810.0,809.5446166992188,4204826,0.0,0.0,0.0
2024-12-12,807.0,808.0999755859375,805.0,805.7999877929688,805.3966064453125,3180970,4.99,0.0,0.0
2024-12-13,805.9000244140625,808.177001953125,803.2000122070312,804.7999877929688,804.3971557617188,2213207,0.0,0.0,0.0
2024-12-16,804.7000122070312,806.5999755859375,800.2000122070312,801.0,800.5990600585938,1995404,0.0,0.0,0.0
2024-12-17,796.2999877929688,797.5999755859375,793.9000244140625,794.7999877929688,794.402099609375,2598973,0.0,0.0,0.0
2024-12-18,796.2999877929688,798.4000244140625,794.2000122070312,795.0,794.6021118164062,1750576,0.0,0.0,0.0
2024-12-19,786.9000244140625,788.9000244140625,784.0,786.7999877929688,786.4061889648438,3549354,0.0,0.0,0.0
2024-12-20,785.5,787.5,777.5,785.5,785.106689453125,3906700,0.0,0.0,0.0
2024-12-23,784.0999755859375,787.9000244140625,781.7000122070312,786.7000122070312,786.3062133789062,4422673,0.0,0.0,0.0
2024-12-24,790.4000244140625,791.7999877929688,787.9000244140625,789.7000122070312,789.3046875,747154,0.0,0.0,0.0
2024-12-27,789.2999877929688,791.6749877929688,786.4000244140625,791.2000122070312,790.8040161132812,1296041,0.0,0.0,0.0
2024-12-30,788.0,791.2000122070312,785.7999877929688,788.7999877929688,788.4051513671875,1102117,0.0,0.0,0.0
2024-12-31,785.7999877929688,794.5,785.2999877929688,793.0999755859375,792.7029418945312,1695470,0.0,0.0,0.0
2025-01-02,797.2999877929688,809.9000244140625,778.2000122070312,802.0999755859375,801.698486328125,1916181,0.0,0.0,0.0
2025-01-03,801.4000244140625,804.0,799.5999755859375,799.7999877929688,799.3995971679688,3914325,0.0,0.0,0.0
2025-01-06,799.7999877929688,803.5,796.2000122070312,803.2999877929688,802.8978881835938,3283876,0.0,0.0,0.0
2025-01-07,801.2000122070312,803.7999877929688,797.6400146484375,802.7999877929688,802.3980712890625,5697974,0.0,0.0,0.0
2025-01-08,803.0,805.030029296875,797.5,802.9000244140625,802.498046875,3883370,0.0,0.0,0.0
2025-01-09,803.4000244140625,809.3499755859375,802.2999877929688,808.7000122070312,808.295166015625,4621251,0.0,0.0,0.0
2025-01-10,807.2999877929688,809.7000122070312,801.9000244140625,801.9000244140625,801.4986572265625,2011640,0.0,0.0,0.0
2025-01-13,800.9000244140625,801.5999755859375,796.2999877929688,798.9000244140625,798.5001831054688,4521059,0.0,0.0,0.0
2025-01-14,798.7999877929688,801.0999755859375,796.0999755859375,797.0999755859375,796.7009887695312,4586348,0.0,0.0,0.0
2025-01-15,799.7999877929688,807.2999877929688,799.7000122070312,806.4000244140625,805.9964599609375,3495049,0.0,0.0,0.0
2025-01-16,811.0999755859375,815.7000122070312,810.9140014648438,815.7000122070312,815.2916870117188,3015475,0.0,0.0,0.0
2025-01-17,823.0999755859375,828.9630126953125,821.7000122070312,826.2000122070312,825.786376953125,4627755,0.0,0.0,0.0
2025-01-20,826.0,830.2999877929688,825.5,828.2999877929688,827.8853149414062,4471406,0.0,0.0,0.0
2025-01-21,829.0,831.4000244140625,827.5,831.0,830.5841064453125,2773619,0.0,0.0,0.0
2025-01-22,831.7999877929688,834.625,828.7999877929688,830.5,830.084228515625,3106165,0.0,0.0,0.0
2025-01-23,830.0999755859375,833.2999877929688,829.2000122070312,832.4000244140625,831.9833374023438,1573368,0.0,0.0,0.0
2025-01-24,834.5999755859375,835.5999755859375,826.1480102539062,827.0999755859375,826.6859130859375,2360047,0.0,0.0,0.0
2025-01-27,824.4000244140625,828.2999877929688,823.2000122070312,827.0999755859375,826.6859130859375,2095019,0.0,0.0,0.0
2025-01-28,828.5999755859375,834.0,828.2100219726562,829.7000122070312,829.28466796875,2460930,0.0,0.0,0.0
2025-01-29,830.0,834.9000244140625,828.9000244140625,832.2000122070312,831.783447265625,1058802,0.0,0.0,0.0
2025-01-30,833.0,842.0,831.875,841.0999755859375,840.6788940429688,1849328,0.0,0.0,0.0
2025-01-31,843.0999755859375,845.4609985351562,842.2999877929688,843.2999877929688,842.8777465820312,3700944,0.0,0.0,0.0
2025-02-03,833.7000122070312,835.4099731445312,826.7000122070312,835.0,834.5819702148438,2841833,0.0,0.0,0.0
2025-02-04,832.9000244140625,834.9000244140625,829.0999755859375,833.2999877929688,832.8828735351562,2031598,0.0,0.0,0.0
2025-02-05,832.5999755859375,840.3200073242188,831.5,838.7000122070312,838.2802124023438,2435679,0.0,0.0,0.0
2025-02-06,844.2999877929688,852.7999877929688,844.0999755859375,848.7999877929688,848.3750610351562,3852398,0.0,0.0,0.0
2025-02-07,847.7000122070312,849.4000244140625,844.5,846.5,846.0762329101562,1822402,0.0,0.0,0.0
2025-02-10,847.2000122070312,854.5999755859375,847.0,853.0999755859375,852.6728515625,1623381,0.0,0.0,0.0
2025-02-11,854.2999877929688,855.0999755859375,850.7999877929688,853.7000122070312,853.2726440429688,4435655,0.0,0.0,0.0
2025-02-12,854.7000122070312,856.9000244140625,852.0999755859375,856.5,856.0712890625,1152008,0.0,0.0,0.0
2025-02-13,856.0999755859375,856.5999755859375,849.6669921875,853.4000244140625,852.9728393554688,1129328,0.0,0.0,0.0
2025-02-14,852.7000122070312,852.9000244140625,848.4000244140625,849.7000122070312,849.2745971679688,2658661,0.0,0.0,0.0
2025-02-17,850.2000122070312,853.7000122070312,849.9000244140625,853.7000122070312,853.2726440429688,822059,0.0,0.0,0.0
2025-02-18,855.2999877929688,855.4000244140625,852.4000244140625,852.7999877929688,852.3731079101562,2311602,0.0,0.0,0.0
2025-02-19,853.7000122070312,854.0,846.2000122070312,847.5,847.0758056640625,3692023,0.0,0.0,0.0
2025-02-20,848.2000122070312,848.5999755859375,843.2100219726562,844.5,844.0772094726562,3398048,0.0,0.0,0.0
2025-02-21,843.2999877929688,846.9000244140625,842.0999755859375,844.7000122070312,844.2771606445312,1262477,0.0,0.0,0.0
2025-02-24,844.5,847.1400146484375,839.7000122070312,843.9000244140625,843.4776000976562,1994315,0.0,0.0,0.0
2025-02-25,841.2999877929688,849.2000122070312,841.0,844.9000244140625,844.4771118164062,2969326,0.0,0.0,0.0
2025-02-26,849.4000244140625,851.9000244140625,848.0349731445312,851.4000244140625,850.9738159179688,2661390,0.0,0.0,0.0
2025-02-27,850.0,855.7000122070312,849.0989990234375,854.2999877929688,853.872314453125,2574023,0.0,0.0,0.0
2025-02-28,850.2000122070312,859.5900268554688,850.0999755859375,859.2000122070312,858.7698974609375,2870693,0.0,0.0,0.0
2025-03-03,862.5,869.0999755859375,860.5999755859375,865.4000244140625,864.9668579101562,2337733,0.0,0.0,0.0
2025-03-04,859.2000122070312,863.4749755859375,852.9000244140625,854.5,854.072265625,3472361,0.0,0.0,0.0
2025-03-05,858.0,861.5999755859375,851.7000122070312,853.4000244140625,852.9728393554688,1912058,0.0,0.0,0.0
2025-03-06,856.5,857.5,845.7999877929688,849.0,848.5750732421875,2804423,0.0,0.0,0.0
2025-03-07,845.9000244140625,851.0999755859375,843.7999877929688,849.4000244140625,848.974853515625,2774752,0.0,0.0,0.0
2025-03-10,851.0,852.0999755859375,840.5999755859375,841.4000244140625,840.9788208007812,1452552,0.0,0.0,0.0
2025-03-11,843.2000122070312,843.2000122070312,829.7000122070312,831.4000244140625,830.9838256835938,2105498,0.0,0.0,0.0
2025-03-12,833.2999877929688,839.0399780273438,831.8900146484375,836.2000122070312,835.781494140625,3350908,0.0,0.0,0.0
2025-03-13,830.2000122070312,835.9000244140625,828.9979858398438,832.9000244140625,832.5303955078125,4749639,4.75,0.0,0.0
2025-03-14,833.0999755859375,843.6199951171875,832.0999755859375,841.9000244140625,841.5263671875,1542787,0.0,0.0,0.0
2025-03-17,842.7999877929688,847.2000122070312,840.9500122070312,846.5,846.1243286132812,2467617,0.0,0.0,0.0
2025-03-18,849.0,850.5999755859375,847.0999755859375,848.7999877929688,848.4232788085938,2963472,0.0,0.0,0.0
2025-03-19,846.7999877929688,850.5,844.9000244140625,849.2000122070312,848.8230590820312,2196792,0.0,0.0,0.0
2025-03-20,849.7000122070312,852.9000244140625,845.2899780273438,849.0,848.623291015625,1828063,0.0,0.0,0.0
2025-03-21,846.5,847.9000244140625,840.4000244140625,842.9000244140625,842.5259399414062,1613538,0.0,0.0,0.0
2025-03-24,847.5999755859375,849.4000244140625,840.2999877929688,842.7000122070312,842.3260498046875,3606491,0.0,0.0,0.0
2025-03-25,844.4000244140625,850.2999877929688,843.656005859375,845.4000244140625,845.0247802734375,2813758,0.0,0.0,0.0
2025-03-26,847.5999755859375,850.2000122070312,844.2999877929688,847.7999877929688,847.4237060546875,2915672,0.0,0.0,0.0
2025-03-27,845.0999755859375,846.0999755859375,841.2000122070312,846.0999755859375,845.7245483398438,5737133,0.0,0.0,0.0
2025-03-28,842.7999877929688,848.9000244140625,842.5999755859375,845.2999877929688,844.9249267578125,2248772,0.0,0.0,0.0
2025-03-31,839.4000244140625,839.7000122070312,832.5999755859375,834.9000244140625,834.529541015625,5201777,0.0,0.0,0.0
2025-04-01,843.0,846.4000244140625,838.2000122070312,842.5,842.1260986328125,2567617,0.0,0.0,0.0
2025-04-02,840.0999755859375,841.7000122070312,834.2849731445312,840.0999755859375,839.7271728515625,3421173,0.0,0.0,0.0
2025-04-03,828.5999755859375,833.2000122070312,825.2999877929688,827.4000244140625,827.0328979492188,5598716,0.0,0.0,0.0
2025-04-04,823.4000244140625,823.5,782.5999755859375,786.7999877929688,786.4508056640625,8162852,0.0,0.0,0.0
2025-04-07,736.2000122070312,780.4000244140625,730.5999755859375,752.7000122070312,752.3659057617188,8645562,0.0,0.0,0.0
2025-04-08,759.5,780.7999877929688,758.5,773.0999755859375,772.7568969726562,5000992,0.0,0.0,0.0
2025-04-09,756.7000122070312,762.405029296875,742.5,751.2999877929688,750.966552734375,4739752,0.0,0.0,0.0
2025-04-10,796.4000244140625,798.7999877929688,775.4000244140625,775.4000244140625,775.0558471679688,5892367,0.0,0.0,0.0
2025-04-11,781.5999755859375,784.2000122070312,770.2000122070312,781.2000122070312,780.8533325195312,3005622,0.0,0.0,0.0
2025-04-14,791.9000244140625,799.7999877929688,790.2000122070312,797.7000122070312,797.3460083007812,3298386,0.0,0.0,0.0
2025-04-15,798.2999877929688,809.8699951171875,798.0,809.2000122070312,808.8408813476562,1820759,0.0,0.0,0.0
2025-04-16,806.7999877929688,812.4000244140625,801.5999755859375,811.5,811.1398315429688,2622036,0.0,0.0,0.0
2025-04-17,808.7000122070312,814.5999755859375,804.5,812.5,812.139404296875,1550826,0.0,0.0,0.0
2025-04-22,814.5,818.9000244140625,810.7999877929688,818.2000122070312,817.8369140625,7066046,0.0,0.0,0.0
2025-04-23,827.7000122070312,831.5,823.7000122070312,825.2999877929688,824.9337158203125,4285079,0.0,0.0,0.0
2025-04-24,824.5,826.7999877929688,821.2999877929688,825.9000244140625,825.5335083007812,2858450,0.0,0.0,0.0
2025-04-25,828.4000244140625,829.4000244140625,824.8790283203125,826.4000244140625,826.0333251953125,1729667,0.0,0.0,0.0
2025-04-28,829.0,830.7000122070312,826.7999877929688,826.7999877929688,826.4329833984375,2068764,0.0,0.0,0.0
2025-04-29,827.9000244140625,832.2999877929688,825.5040283203125,831.5999755859375,831.2308959960938,4036462,0.0,0.0,0.0
2025-04-30,833.0999755859375,834.5,828.2020263671875,833.0,832.6303100585938,2757552,0.0,0.0,0.0
2025-05-01,835.2000122070312,835.7999877929688,831.2999877929688,834.5,834.1295776367188,2313973,0.0,0.0,0.0
2025-05-02,841.4000244140625,847.4000244140625,839.5,844.0999755859375,843.7254028320312,3070466,0.0,0.0,0.0
2025-05-06,848.5,849.9000244140625,841.5999755859375,844.7000122070312,844.3251342773438,2742431,0.0,0.0,0.0
2025-05-07,843.2999877929688,843.7000122070312,838.4000244140625,841.4000244140625,841.026611328125,2093777,0.0,0.0,0.0
2025-05-08,844.2999877929688,846.4000244140625,837.2999877929688,838.7999877929688,838.427734375,3395954,0.0,0.0,0.0
2025-05-09,843.4000244140625,844.2000122070312,840.5,841.2999877929688,840.9265747070312,2071669,0.0,0.0,0.0
2025-05-12,846.4000244140625,850.0,840.427001953125,845.9000244140625,845.5245971679688,3943382,0.0,0.0,0.0
2025-05-13,844.4000244140625,847.7119750976562,844.0750122070312,845.4000244140625,845.0247802734375,4153182,0.0,0.0,0.0
2025-05-14,844.5999755859375,846.7999877929688,841.281982421875,844.0,843.6254272460938,3224984,0.0,0.0,0.0
2025-05-15,842.2000122070312,850.9000244140625,841.0,850.5999755859375,850.2224731445312,6584884,0.0,0.0,0.0
2025-05-16,854.5999755859375,857.0,850.2999877929688,855.4000244140625,855.0204467773438,1417277,0.0,0.0,0.0
2025-05-19,853.0999755859375,856.9000244140625,848.5,856.9000244140625,856.5197143554688,2145130,0.0,0.0,0.0
2025-05-20,859.7999877929688,865.7000122070312,858.4920043945312,864.7999877929688,864.4161987304688,2026819,0.0,0.0,0.0
2025-05-21,863.0,866.4000244140625,862.7000122070312,865.0999755859375,864.7160034179688,1270711,0.0,0.0,0.0
2025-05-22,860.9000244140625,864.4000244140625,851.4000244140625,860.9000244140625,860.5179443359375,3411937,0.0,0.0,0.0
2025-05-23,862.5,865.0999755859375,847.7999877929688,858.5,858.1189575195312,1799470,0.0,0.0,0.0
2025-05-27,865.2000122070312,869.2999877929688,863.7000122070312,864.7000122070312,864.3162841796875,1461496,0.0,0.0,0.0
2025-05-28,864.2000122070312,866.7999877929688,859.9530029296875,860.0,859.6183471679688,1397610,0.0,0.0,0.0
2025-05-29,864.7999877929688,865.0,859.1430053710938,860.2999877929688,859.9182739257812,2870814,0.0,0.0,0.0
2025-05-30,862.0999755859375,867.6680297851562,861.2999877929688,865.7999877929688,865.4157104492188,1690884,0.0,0.0,0.0
2025-06-02,863.9000244140625,868.2000122070312,861.9030151367188,865.9000244140625,865.5157470703125,1622008,0.0,0.0,0.0
2025-06-03,869.2000122070312,869.9000244140625,862.9000244140625,867.5999755859375,867.2149658203125,2208283,0.0,0.0,0.0
2025-06-04,870.2000122070312,871.2000122070312,867.0,869.0,868.6143798828125,1510092,0.0,0.0,0.0
2025-06-05,868.7999877929688,872.7999877929688,867.593994140625,870.2999877929688,869.9137573242188,1795157,0.0,0.0,0.0
2025-06-06,870.7000122070312,874.4000244140625,869.5999755859375,873.0,872.6126098632812,2829642,0.0,0.0,0.0
2025-06-09,873.4000244140625,874.7000122070312,869.9000244140625,872.5999755859375,872.2127685546875,2807111,0.0,0.0,0.0
2025-06-10,874.5,879.9949951171875,874.0,874.7000122070312,874.311767578125,1777653,0.0,0.0,0.0
2025-06-11,876.2000122070312,878.2999877929688,874.5,875.7999877929688,875.4113159179688,1687858,0.0,0.0,0.0
2025-06-12,861.9000244140625,867.0,861.0999755859375,865.7000122070312,865.43115234375,1923608,11.68,0.0,0.0
2025-06-13,861.2000122070312,865.5999755859375,859.2999877929688,862.4000244140625,862.1322631835938,1844407,0.0,0.0,0.0
2025-06-16,862.9000244140625,869.2000122070312,862.9000244140625,864.0,863.7317504882812,2939714,0.0,0.0,0.0
2025-06-17,859.7999877929688,862.7999877929688,857.5,860.4000244140625,860.1328125,5563194,0.0,0.0,0.0
2025-06-18,861.7000122070312,863.0,859.135009765625,861.2999877929688,861.0325317382812,3402741,0.0,0.0,0.0
2025-06-19,858.7999877929688,861.0999755859375,856.5999755859375,856.9000244140625,856.6339111328125,3978347,0.0,0.0,0.0
2025-06-20,859.2999877929688,862.2999877929688,855.0,855.2000122070312,854.9344482421875,3233590,0.0,0.0,0.0
2025-06-23,852.2000122070312,856.5999755859375,851.0,854.4000244140625,854.1346435546875,1251551,0.0,0.0,0.0
2025-06-24,860.2000122070312,862.573974609375,854.5,854.7999877929688,854.5346069335938,1703347,0.0,0.0,0.0
2025-06-25,855.7999877929688,857.9000244140625,850.5,850.7999877929688,850.5357666015625,2089375,0.0,0.0,0.0
2025-06-26,850.0999755859375,855.0,848.7000122070312,853.0999755859375,852.8350219726562,2879265,0.0,0.0,0.0
2025-06-27,855.2999877929688,859.2000122070312,854.5,859.2000122070312,858.9332275390625,3673671,0.0,0.0,0.0
2025-06-30,859.4000244140625,860.9000244140625,854.2999877929688,854.2999877929688,854.0347290039062,7299291,0.0,0.0,0.0
2025-07-01,856.0,857.5,851.0,856.7999877929688,856.533935546875,2477480,0.0,0.0,0.0
2025-07-02,860.4000244140625,861.2000122070312,852.5,855.7999877929688,855.5343017578125,4189000,0.0,0.0,0.0
2025-07-03,858.7000122070312,862.5999755859375,857.947021484375,860.2000122070312,859.9329833984375,8217148,0.0,0.0,0.0
2025-07-04,857.0,860.8079833984375,855.0999755859375,860.0999755859375,859.8329467773438,1636049,0.0,0.0,0.0
2025-07-07,859.9000244140625,861.718017578125,857.9000244140625,858.5999755859375,858.3333740234375,2357229,0.0,0.0,0.0
2025-07-08,859.2999877929688,863.5999755859375,858.0999755859375,863.2999877929688,863.0319213867188,1808438,0.0,0.0,0.0
2025-07-09,865.5,867.0,863.5999755859375,865.0,864.7313842773438,1614661,0.0,0.0,0.0
2025-07-10,870.4000244140625,875.7999877929688,870.0,875.5999755859375,875.3280639648438,2320120,0.0,0.0,0.0
2025-07-11,875.5999755859375,876.4000244140625,869.5999755859375,872.2999877929688,872.0291748046875,1919543,0.0,0.0,0.0
2025-07-14,871.2000122070312,877.5,870.5999755859375,877.2999877929688,877.027587890625,1883511,0.0,0.0,0.0
2025-07-15,878.2999877929688,879.2000122070312,871.2000122070312,871.2000122070312,870.9295043945312,1916126,0.0,0.0,0.0
2025-07-16,870.0,874.7000122070312,869.4000244140625,870.2999877929688,870.02978515625,1390616,0.0,0.0,0.0
2025-07-17,874.7999877929688,875.5,871.7000122070312,874.5,874.2284545898438,3504722,0.0,0.0,0.0
2025-07-18,877.4000244140625,878.5999755859375,874.0999755859375,876.2000122070312,875.9279174804688,2586114,0.0,0.0,0.0
2025-07-21,877.1900024414062,878.2999877929688,874.5,878.2999877929688,878.0272827148438,1848527,0.0,0.0,0.0
2025-07-22,878.0,880.2000122070312,876.4000244140625,879.0,878.7271118164062,2103862,0.0,0.0,0.0
2025-07-23,883.2999877929688,884.7999877929688,881.7239990234375,882.7000122070312,882.4259643554688,1314322,0.0,0.0,0.0
2025-07-24,887.9000244140625,892.7000122070312,886.7000122070312,890.4000244140625,890.12353515625,3808792,0.0,0.0,0.0
2025-07-25,890.5999755859375,890.9000244140625,886.2999877929688,888.7000122070312,888.424072265625,2250086,0.0,0.0,0.0
2025-07-28,894.0999755859375,894.4000244140625,882.9149780273438,885.2999877929688,885.0250854492188,1646276,0.0,0.0,0.0
2025-07-29,886.7999877929688,893.2999877929688,885.5999755859375,890.2999877929688,890.0235595703125,2664003,0.0,0.0,0.0
2025-07-30,888.4000244140625,891.2000122070312,886.0999755859375,890.2000122070312,889.923583984375,3548327,0.0,0.0,0.0
2025-07-31,891.7999877929688,898.0,889.4000244140625,890.2999877929688,890.0235595703125,5262698,0.0,0.0,0.0
2025-08-01,886.5999755859375,887.5999755859375,880.2999877929688,884.2999877929688,884.025390625,5268446,0.0,0.0,0.0
2025-08-04,887.0,890.0,883.906005859375,889.5,889.2238159179688,2340915,0.0,0.0,0.0
2025-08-05,894.9000244140625,895.9000244140625,890.0,891.2000122070312,890.9232788085938,1736415,0.0,0.0,0.0
2025-08-06,894.9000244140625,895.5999755859375,892.0999755859375,893.2999877929688,893.0226440429688,1226665,0.0,0.0,0.0
2025-08-07,893.4000244140625,894.2999877929688,885.0,889.0999755859375,888.8239135742188,2644609,0.0,0.0,0.0
2025-08-08,890.7999877929688,892.0,887.14501953125,888.5999755859375,888.3240966796875,1185317,0.0,0.0,0.0
2025-08-11,890.4000244140625,892.7999877929688,889.5,891.4000244140625,891.1232299804688,2168326,0.0,0.0,0.0
2025-08-12,894.4000244140625,895.5,891.0,893.7000122070312,893.4224853515625,2552616,0.0,0.0,0.0
2025-08-13,896.0999755859375,897.4000244140625,893.4000244140625,895.5999755859375,895.32177734375,2465238,0.0,0.0,0.0
2025-08-14,896.5999755859375,899.9000244140625,895.5999755859375,899.4000244140625,899.1207275390625,4169481,0.0,0.0,0.0
2025-08-15,903.5999755859375,904.9000244140625,894.947998046875,895.9000244140625,895.621826171875,2114497,0.0,0.0,0.0
2025-08-18,898.2999877929688,899.0,894.5700073242188,897.2000122070312,896.92138671875,1690202,0.0,0.0,0.0
2025-08-19,898.2999877929688,901.4000244140625,897.1119995117188,901.0,900.72021484375,1949614,0.0,0.0,0.0
2025-08-20,900.0,911.5999755859375,898.2000122070312,910.2000122070312,909.9174194335938,2581274,0.0,0.0,0.0
2025-08-21,911.0,915.7999877929688,907.4000244140625,913.0,912.716552734375,1776296,0.0,0.0,0.0
2025-08-22,911.2999877929688,917.1920166015625,910.2000122070312,913.7000122070312,913.416259765625,1779412,0.0,0.0,0.0
2025-08-26,909.4000244140625,910.5999755859375,905.2000122070312,908.2000122070312,907.9180297851562,3300528,0.0,0.0,0.0
2025-08-27,910.4000244140625,913.2999877929688,904.7319946289062,907.4000244140625,907.1182861328125,2763193,0.0,0.0,0.0
2025-08-28,908.7999877929688,909.0999755859375,903.0,904.4000244140625,904.119140625,2543076,0.0,0.0,0.0
2025-08-29,903.4000244140625,904.9000244140625,900.4149780273438,901.4000244140625,901.1201782226562,2146744,0.0,0.0,0.0
2025-09-01,902.9000244140625,905.2999877929688,897.5,902.0,901.7199096679688,1607034,0.0,0.0,0.0
2025-09-02,900.9000244140625,901.7999877929688,893.6840209960938,894.5999755859375,894.3221435546875,1876379,0.0,0.0,0.0
2025-09-03,895.7000122070312,900.7999877929688,893.5999755859375,900.7000122070312,900.4203491210938,2062401,0.0,0.0,0.0
2025-09-04,900.0999755859375,908.5999755859375,898.4000244140625,904.5,904.2191162109375,1778928,0.0,0.0,0.0
2025-09-05,906.5,908.0999755859375,902.2999877929688,903.5999755859375,903.3193969726562,2294022,0.0,0.0,0.0
2025-09-08,905.7999877929688,906.0999755859375,901.5,902.9000244140625,902.6197509765625,1663569,0.0,0.0,0.0
2025-09-09,906.2999877929688,907.5999755859375,904.7999877929688,906.0,905.7186889648438,3285116,0.0,0.0,0.0
2025-09-10,907.7999877929688,910.9000244140625,903.7999877929688,904.2999877929688,904.0192260742188,2708646,0.0,0.0,0.0
2025-09-11,900.0999755859375,904.739990234375,899.8040161132812,904.5,904.2927856445312,2170011,7.3700004,0.0,0.0
2025-09-12,905.5999755859375,908.5,902.9000244140625,903.0,902.7931518554688,2977478,0.0,0.0,0.0
2025-09-15,904.2000122070312,904.7999877929688,901.0999755859375,902.5999755859375,902.3932495117188,1668698,0.0,0.0,0.0
2025-09-16,902.5999755859375,902.7999877929688,894.0999755859375,894.0999755859375,893.8952026367188,4545923,0.0,0.0,0.0
2025-09-17,896.4000244140625,899.2999877929688,894.7999877929688,895.5999755859375,895.394775390625,1796321,0.0,0.0,0.0
2025-09-18,896.4000244140625,899.0,895.5999755859375,897.7999877929688,897.5943603515625,3320664,0.0,0.0,0.0
2025-09-19,898.7999877929688,899.2999877929688,894.5999755859375,896.0,895.7947387695312,3043238,0.0,0.0,0.0
2025-09-22,896.7000122070312,897.2000122070312,893.7000122070312,895.9000244140625,895.69482421875,12108223,0.0,0.0,0.0
2025-09-23,897.7999877929688,900.2000122070312,896.0,896.0,895.7947387695312,3294861,0.0,0.0,0.0
2025-09-24,895.7999877929688,900.2999877929688,891.2000122070312,898.2000122070312,897.9942626953125,3118203,0.0,0.0,0.0
2025-09-25,896.2999877929688,898.2999877929688,893.9639892578125,895.2999877929688,895.094970703125,3760626,0.0,0.0,0.0
2025-09-26,896.0999755859375,902.9000244140625,894.9000244140625,901.7000122070312,901.4934692382812,4028394,0.0,0.0,0.0
2025-09-29,905.0,909.0,903.3300170898438,903.7999877929688,903.593017578125,3872043,0.0,0.0,0.0
2025-09-30,903.0,910.0380249023438,900.5,908.4000244140625,908.1919555664062,4375586,0.0,0.0,0.0
2025-10-01,910.0999755859375,920.0,909.2999877929688,918.2000122070312,917.9896850585938,2250681,0.0,0.0,0.0
2025-10-02,921.2000122070312,921.7000122070312,916.0999755859375,916.9000244140625,916.6900024414062,3586653,0.0,0.0,0.0
2025-10-03,918.9000244140625,923.5,918.9000244140625,922.4000244140625,922.1887817382812,2428716,0.0,0.0,0.0
2025-10-06,922.5999755859375,1015.0,920.4000244140625,921.9000244140625,921.6888427734375,1818247,0.0,0.0,0.0
2025-10-07,923.0999755859375,925.0,921.7000122070312,922.5,922.2886962890625,2847831,0.0,0.0,0.0
2025-10-08,924.7000122070312,936.7999877929688,923.9000244140625,928.9000244140625,928.687255859375,2720862,0.0,0.0,0.0
2025-10-09,926.2000122070312,927.7999877929688,924.4000244140625,924.7999877929688,924.5881958007812,3230204,0.0,0.0,0.0
2025-10-10,924.5,926.4000244140625,916.0,917.5999755859375,917.3897705078125,2093239,0.0,0.0,0.0
2025-10-13,918.7999877929688,1009.2000122070312,911.0,918.7999877929688,918.5895385742188,2815928,0.0,0.0,0.0
2025-10-14,915.7999877929688,920.0,913.2999877929688,919.5999755859375,919.3893432617188,2538104,0.0,0.0,0.0
2025-10-15,922.5,922.9000244140625,911.0,916.5999755859375,916.3900146484375,3241779,0.0,0.0,0.0
2025-10-16,917.4000244140625,918.7000122070312,913.7999877929688,918.7000122070312,918.4895629882812,2448587,0.0,0.0,0.0
2025-10-17,906.2999877929688,913.7999877929688,902.7000122070312,910.7000122070312,910.4913940429688,3725857,0.0,0.0,0.0
2025-10-20,913.5,918.5999755859375,912.780029296875,917.4000244140625,917.18994140625,7267954,0.0,0.0,0.0
2025-10-21,919.9000244140625,920.9000244140625,917.093017578125,919.0999755859375,918.8894653320312,5801241,0.0,0.0,0.0
2025-10-22,924.0,930.9000244140625,923.0,927.7000122070312,927.487548828125,4424801,0.0,0.0,0.0
2025-10-23,930.0,936.2000122070312,928.4000244140625,934.7000122070312,934.4859008789062,4094687,0.0,0.0,0.0
2025-10-24,,,,,,0,0.0,0.0,0.0
2025-10-27,940.0,943.2000122070312,939.0999755859375,940.9000244140625,940.6845092773438,4123077,0.0,0.0,0.0
2025-10-28,942.7000122070312,948.2999877929688,940.6370239257812,946.2000122070312,945.9832763671875,3923572,0.0,0.0,0.0
2025-10-29,947.9000244140625,954.0999755859375,947.2999877929688,951.2999877929688,951.0821533203125,1995558,0.0,0.0,0.0
2025-10-30,949.5,951.7000122070312,944.5,951.2000122070312,950.982177734375,4107612,0.0,0.0,0.0
2025-10-31,949.7999877929688,950.7999877929688,945.2000122070312,947.2999877929688,947.0830078125,4176172,0.0,0.0,0.0
2025-11-03,948.4000244140625,949.7000122070312,944.9000244140625,945.5,945.283447265625,3150325,0.0,0.0,0.0
2025-11-04,941.7000122070312,946.7000122070312,933.0,946.7000122070312,946.4832153320312,3592403,0.0,0.0,0.0
2025-11-05,944.2000122070312,954.0999755859375,942.9000244140625,952.7000122070312,952.4818115234375,3566718,0.0,0.0,0.0
2025-11-06,953.5999755859375,954.4000244140625,947.9000244140625,948.4000244140625,948.1828002929688,3819905,0.0,0.0,0.0
2025-11-07,948.0999755859375,948.2000122070312,939.5999755859375,943.7999877929688,943.5838012695312,2060613,0.0,0.0,0.0
2025-11-10,951.2000122070312,955.5999755859375,947.9000244140625,953.9000244140625,953.6815185546875,2271134,0.0,0.0,0.0
2025-11-11,962.7000122070312,966.0999755859375,960.4000244140625,964.5999755859375,964.3789672851562,2330387,0.0,0.0,0.0
2025-11-12,966.4000244140625,967.89697265625,962.594970703125,965.7999877929688,965.5787353515625,1617717,0.0,0.0,0.0
2025-11-13,965.7999877929688,966.0999755859375,957.0,957.2999877929688,957.0806884765625,2759536,0.0,0.0,0.0
2025-11-14,949.0,949.2999877929688,938.2000122070312,947.4000244140625,947.1830444335938,4312597,0.0,0.0,0.0
2025-11-17,945.7999877929688,948.2000122070312,944.0999755859375,944.7000122070312,944.483642578125,2795311,0.0,0.0,0.0
2025-11-18,934.5,937.9000244140625,928.5999755859375,932.4000244140625,932.1864624023438,3692816,0.0,0.0,0.0
2025-11-19,933.5,934.2999877929688,928.2999877929688,928.4000244140625,928.1873168945312,1447291,0.0,0.0,0.0
2025-11-20,933.9000244140625,937.2999877929688,930.9000244140625,930.9000244140625,930.686767578125,3141382,0.0,0.0,0.0
2025-11-21,921.5999755859375,931.9669799804688,920.0999755859375,931.7999877929688,931.5865478515625,3552946,0.0,0.0,0.0
2025-11-24,935.4000244140625,936.9000244140625,930.2999877929688,931.2999877929688,931.086669921875,4111453,0.0,0.0,0.0
2025-11-25,932.7999877929688,939.4210205078125,930.1599731445312,939.2000122070312,938.9849243164062,1905464,0.0,0.0,0.0
2025-11-26,941.2000122070312,948.5999755859375,937.4000244140625,947.7000122070312,947.4829711914062,3040573,0.0,0.0,0.0
2025-11-27,946.7000122070312,948.5,944.4000244140625,947.7999877929688,947.5829467773438,1573426,0.0,0.0,0.0
2025-11-28,950.0,954.0999755859375,948.2000122070312,950.5999755859375,950.3822631835938,1715607,0.0,0.0,0.0
2025-12-01,949.0,952.5,947.2000122070312,949.0999755859375,948.8826293945312,2357560,0.0,0.0,0.0
2025-12-02,948.7000122070312,953.2000122070312,947.1799926757812,949.0,948.7826538085938,4171555,0.0,0.0,0.0
2025-12-03,949.0999755859375,950.4000244140625,946.7000122070312,948.2999877929688,948.082763671875,2567017,0.0,0.0,0.0
2025-12-04,950.4000244140625,952.9000244140625,946.7999877929688,951.0,950.7821655273438,3552413,0.0,0.0,0.0
2025-12-05,952.5,954.0,947.0999755859375,947.0999755859375,946.8829956054688,1717399,0.0,0.0,0.0
2025-12-08,947.2999877929688,948.5999755859375,943.5,945.2000122070312,944.9835205078125,3426415,0.0,0.0,0.0
2025-12-09,944.9000244140625,948.7000122070312,940.7999877929688,944.9000244140625,944.68359375,1858642,0.0,0.0,0.0
2025-12-10,942.9000244140625,949.4000244140625,942.4000244140625,945.9000244140625,945.683349609375,2450948,0.0,0.0,0.0
2025-12-11,941.0999755859375,946.9000244140625,938.5759887695312,945.5999755859375,945.4361572265625,1733579,5.2799997,0.0,0.0
2025-12-12,949.0,951.4000244140625,939.0999755859375,940.0,939.8372192382812,2730770,0.0,0.0,0.0
2025-12-15,944.0999755859375,952.0999755859375,943.5,950.4000244140625,950.2354125976562,3299709,0.0,0.0,0.0
2025-12-16,949.7999877929688,951.2000122070312,940.7999877929688,943.7000122070312,943.5365600585938,2700697,0.0,0.0,0.0
2025-12-17,949.0999755859375,960.0999755859375,949.0999755859375,951.7000122070312,951.5352172851562,4124537,0.0,0.0,0.0
2025-12-18,953.5999755859375,958.7000122070312,949.4000244140625,957.5999755859375,957.4341430664062,5067515,0.0,0.0,0.0
2025-12-19,956.2999877929688,963.5999755859375,955.5999755859375,963.0999755859375,962.9331665039062,3404602,0.0,0.0,0.0
2025-12-22,959.4000244140625,963.7999877929688,956.5,959.5999755859375,959.4337768554688,3393212,0.0,0.0,0.0
2025-12-23,958.5,963.5999755859375,957.7000122070312,961.9000244140625,961.7333984375,2063476,0.0,0.0,0.0
2025-12-24,961.5999755859375,963.0999755859375,959.0,960.7000122070312,960.5335693359375,1836845,0.0,0.0,0.0
2025-12-29,961.4000244140625,962.7999877929688,959.2000122070312,960.4000244140625,960.2337036132812,3009846,0.0,0.0,0.0
2025-12-30,960.7000122070312,968.7999877929688,957.5999755859375,967.4000244140625,967.2324829101562,2761372,0.0,0.0,0.0
2025-12-31,968.9000244140625,969.2999877929688,965.0999755859375,966.7000122070312,966.5325927734375,1375920,0.0,0.0,0.0
2026-01-02,968.2000122070312,978.0,966.7000122070312,968.7999877929688,968.6322021484375,2276945,0.0,0.0,0.0
2026-01-05,974.7999877929688,974.9000244140625,968.5,973.2999877929688,973.1314086914062,2211794,0.0,0.0,0.0
2026-01-06,977.2999877929688,988.0999755859375,976.2000122070312,984.2999877929688,984.1295166015625,4555179,0.0,0.0,0.0
2026-01-07,981.5999755859375,983.2000122070312,975.7999877929688,976.7000122070312,976.5308837890625,5960302,0.0,0.0,0.0
2026-01-08,974.5,978.4550170898438,972.448974609375,977.0,976.8307495117188,3392720,0.0,0.0,0.0
2026-01-09,978.7999877929688,989.2999877929688,978.5,984.7000122070312,984.5294189453125,2977655,0.0,0.0,0.0
2026-01-12,982.7999877929688,987.5999755859375,982.0,986.5999755859375,986.4290771484375,1753050,0.0,0.0,0.0
2026-01-13,986.5,987.7999877929688,982.6849975585938,986.4000244140625,986.2291870117188,3660736,0.0,0.0,0.0
2026-01-14,988.5999755859375,990.5,987.7999877929688,990.2999877929688,990.1284790039062,2447199,0.0,0.0,0.0
2026-01-15,993.0999755859375,997.6209716796875,989.7999877929688,996.0,995.8274536132812,1497695,0.0,0.0,0.0
2026-01-16,994.5,998.9000244140625,994.0,997.0,996.8273315429688,8078487,0.0,0.0,0.0
2026-01-19,993.0,996.7639770507812,990.0,993.0,992.8280029296875,4650425,0.0,0.0,0.0
2026-01-20,986.7000122070312,987.0999755859375,979.0999755859375,986.4000244140625,986.2291870117188,4940935,0.0,0.0,0.0
2026-01-21,986.2000122070312,990.2999877929688,983.7000122070312,987.5999755859375,987.4288940429688,3902361,0.0,0.0,0.0
2026-01-22,994.0,996.5999755859375,988.2000122070312,988.5,988.3287963867188,5101126,0.0,0.0,0.0
2026-01-23,989.2999877929688,992.4000244140625,986.9000244140625,988.0999755859375,987.9288330078125,3209174,0.0,0.0,0.0
2026-01-26,989.7000122070312,992.5,986.5,988.5999755859375,988.4287109375,2154386,0.0,0.0,0.0
2026-01-27,992.9000244140625,996.4000244140625,989.7999877929688,994.2999877929688,994.1278076171875,2431422,0.0,0.0,0.0
2026-01-28,994.7999877929688,996.4000244140625,988.7000122070312,989.0,988.8287353515625,3327652,0.0,0.0,0.0
2026-01-29,994.2000122070312,1001.5999755859375,990.5,990.9000244140625,990.7283935546875,2503434,0.0,0.0,0.0
2026-01-30,988.0,997.0999755859375,987.4000244140625,996.5999755859375,996.4273681640625,5433226,0.0,0.0,0.0
2026-02-02,988.5999755859375,1008.2999877929688,988.2999877929688,1008.0,1007.825439453125,2703738,0.0,0.0,0.0
2026-02-03,1009.2000122070312,1010.5999755859375,996.9000244140625,1004.5999755859375,1004.4259643554688,3713227,0.0,0.0,0.0
2026-02-04,1006.5999755859375,1021.4000244140625,1006.0819702148438,1013.4000244140625,1013.2244873046875,3020584,0.0,0.0,0.0
2026-02-05,1010.4000244140625,1014.0,1002.4000244140625,1004.2000122070312,1004.026123046875,5873622,0.0,0.0,0.0
2026-02-06,999.2999877929688,1011.5999755859375,999.0999755859375,1010.2000122070312,1010.0250244140625,3391950,0.0,0.0,0.0
2026-02-09,1013.7999877929688,1015.5999755859375,1005.5460205078125,1012.2000122070312,1012.024658203125,5747010,0.0,0.0,0.0
2026-02-10,1012.7999877929688,1013.5999755859375,1007.0,1009.4000244140625,1009.2252197265625,3856331,0.0,0.0,0.0
2026-02-11,1013.4000244140625,1110.199951171875,1011.2000122070312,1020.4000244140625,1020.2232666015625,3423097,0.0,0.0,0.0
2026-02-12,1027.0,1028.0,1012.5999755859375,1013.5999755859375,1013.4243774414062,2939247,0.0,0.0,0.0
2026-02-13,1016.7999877929688,1019.0380249023438,1010.0,1018.2000122070312,1018.023681640625,2908906,0.0,0.0,0.0
2026-02-16,1020.2000122070312,1022.7999877929688,1019.0,1020.4000244140625,1020.2232666015625,2297526,0.0,0.0,0.0
2026-02-17,1023.0,1028.199951171875,1021.7999877929688,1028.199951171875,1028.0218505859375,3351934,0.0,0.0,0.0
2026-02-18,1031.5999755859375,1044.800048828125,1031.4000244140625,1042.199951171875,1042.0194091796875,4521033,0.0,0.0,0.0
2026-02-19,1044.4000244140625,1045.199951171875,1035.612060546875,1039.0,1038.820068359375,1961615,0.0,0.0,0.0
2026-02-20,1042.800048828125,1050.43896484375,1040.199951171875,1045.0,1044.819091796875,1859348,0.0,0.0,0.0
2026-02-23,1044.4000244140625,1050.0,1042.0,1044.5999755859375,1044.4190673828125,3151601,0.0,0.0,0.0
2026-02-24,1044.5999755859375,1047.5999755859375,1040.800048828125,1044.0,1043.8192138671875,3248505,0.0,0.0,0.0
2026-02-25,1049.0,1148.4000244140625,1048.199951171875,1056.0,1055.8170166015625,1610017,0.0,0.0,0.0
2026-02-26,1058.5999755859375,1062.0,1056.0,1061.0,1060.816162109375,5787943,0.0,0.0,0.0
2026-02-27,1062.800048828125,1069.5999755859375,1061.5579833984375,1067.5999755859375,1067.4151611328125,4122591,0.0,0.0,0.0
2026-03-02,1061.4000244140625,1059.199951171875,1049.199951171875,1053.4000244140625,1053.217529296875,3417799,0.0,0.0,0.0
2026-03-03,1046.800048828125,1047.5999755859375,1016.5999755859375,1025.0,1024.822509765625,5693596,0.0,0.0,0.0
2026-03-04,1022.5999755859375,1035.4000244140625,1020.4000244140625,1033.4000244140625,1033.220947265625,6453746,0.0,0.0,0.0
2026-03-05,1034.800048828125,1041.0,1017.7960205078125,1018.5999755859375,1018.4235229492188,3613179,0.0,0.0,0.0
2026-03-06,1022.7999877929688,1025.800048828125,1001.5399780273438,1006.5999755859375,1006.4256591796875,4099444,0.0,0.0,0.0
2026-03-09,991.4000244140625,1004.5999755859375,986.0999755859375,1003.0,1002.8262939453125,4764860,0.0,0.0,0.0
2026-03-10,1017.0,1022.4000244140625,1013.4000244140625,1019.4000244140625,1019.2234497070312,4900819,0.0,0.0,0.0
2026-03-11,1014.0,1016.4000244140625,1006.7999877929688,1013.2000122070312,1013.0245361328125,8318559,0.0,0.0,0.0
2026-03-12,1010.2000122070312,1015.0,1005.7999877929688,1010.7999877929688,1010.6249389648438,3192775,0.0,0.0,0.0
2026-03-13,1003.7999877929688,1016.4000244140625,999.0999755859375,1005.7999877929688,1005.6257934570312,10262954,0.0,0.0,0.0
2026-03-16,1006.4000244140625,1017.2000122070312,1005.0,1011.2000122070312,1011.0248413085938,5739000,0.0,0.0,0.0
2026-03-17,1011.5999755859375,1023.5999755859375,1011.2000122070312,1020.2000122070312,1020.0233154296875,4767817,0.0,0.0,0.0
2026-03-18,1021.2000122070312,1024.4000244140625,1007.9609985351562,1011.0,1010.8248901367188,6955734,0.0,0.0,0.0
2026-03-19,993.9000244140625,999.2000122070312,975.2000122070312,983.0999755859375,982.9774780273438,4931974,4.92,0.0,0.0
2026-03-20,986.7999877929688,990.0999755859375,968.7999877929688,968.7999877929688,968.6793212890625,3219554,0.0,0.0,0.0
2026-03-23,955.7000122070312,981.7999877929688,945.5,968.7000122070312,968.579345703125,6580891,0.0,0.0,0.0
2026-03-24,968.4000244140625,975.0,961.9000244140625,973.5999755859375,973.4786987304688,4362928,0.0,0.0,0.0
2026-03-25,980.5999755859375,989.2999877929688,979.7260131835938,987.9000244140625,987.7769775390625,5214719,0.0,0.0,0.0
2026-03-26,982.2000122070312,983.7999877929688,974.2999877929688,975.5,975.3784790039062,4275396,0.0,0.0,0.0
2026-03-27,979.2000122070312,981.0999755859375,967.0999755859375,975.4000244140625,975.2785034179688,8056695,0.0,0.0,0.0
2026-03-30,974.5,991.2000122070312,974.0,990.5,990.3765869140625,4515215,0.0,0.0,0.0
2026-03-31,988.9000244140625,1001.1840209960938,988.5999755859375,995.7000122070312,995.5759887695312,5956080,0.0,0.0,0.0
2026-04-01,1012.4000244140625,1019.2000122070312,1007.7999877929688,1015.2000122070312,1015.0735473632812,4950884,0.0,0.0,0.0
2026-04-02,998.9000244140625,1024.800048828125,998.9000244140625,1021.5999755859375,1021.4727172851562,3924982,0.0,0.0,0.0
2026-04-07,1022.7999877929688,1026.4000244140625,1011.2000122070312,1013.4000244140625,1013.2738037109375,8740731,0.0,0.0,0.0
2026-04-08,1040.0,1046.199951171875,1034.8199462890625,1038.800048828125,1038.670654296875,5415620,0.0,0.0,0.0
2026-04-09,1042.199951171875,1043.5999755859375,1034.199951171875,1039.0,1038.87060546875,3313927,0.0,0.0,0.0
2026-04-10,1037.800048828125,1044.800048828125,1037.199951171875,1039.0,1038.87060546875,2569185,0.0,0.0,0.0
2026-04-13,1034.800048828125,1038.800048828125,1032.0,1036.800048828125,1036.6708984375,5848590,0.0,0.0,0.0
2026-04-14,1037.5999755859375,1042.4000244140625,1036.4000244140625,1040.4000244140625,1040.2703857421875,6778809,0.0,0.0,0.0
2026-04-15,1041.4000244140625,1043.199951171875,1035.5999755859375,1035.800048828125,1035.6710205078125,6381726,0.0,0.0,0.0
2026-04-16,1036.5999755859375,1045.0,1036.199951171875,1038.4000244140625,1038.2706298828125,2462268,0.0,0.0,0.0
2026-04-17,1038.4000244140625,1045.800048828125,1034.4000244140625,1045.800048828125,1045.6697998046875,3915968,0.0,0.0,0.0
2026-04-20,1041.4000244140625,1045.5999755859375,1036.5760498046875,1040.0,1039.8704833984375,3794351,0.0,0.0,0.0
2026-04-21,1041.5999755859375,1043.0,1028.5589599609375,1029.199951171875,1029.07177734375,7579738,0.0,0.0,0.0
2026-04-22,1029.0,1032.0,1026.4449462890625,1027.5999755859375,1027.471923828125,4653572,0.0,0.0,0.0
2026-04-23,1022.7999877929688,1028.0,1017.0,1026.0,1025.8721923828125,3719438,0.0,0.0,0.0
2026-04-24,1021.5999755859375,1025.5999755859375,1017.2000122070312,1019.0,1018.873046875,4395986,0.0,0.0,0.0
2026-04-27,1018.4000244140625,1022.0,1012.7999877929688,1013.2000122070312,1013.0737915039062,3613861,0.0,0.0,0.0
2026-04-28,1013.7999877929688,1019.2000122070312,1010.0,1013.5999755859375,1013.4736938476562,6752908,0.0,0.0,0.0
2026-04-29,1013.4000244140625,1014.4000244140625,1000.0,1002.2000122070312,1002.0751342773438,6173880,0.0,0.0,0.0
2026-04-30,1002.0,1019.7999877929688,1001.5819702148438,1017.7999877929688,1017.6732177734375,2942430,0.0,0.0,0.0
2026-05-01,1014.7999877929688,1019.0,1009.7999877929688,1017.2000122070312,1017.0733032226562,3028373,0.0,0.0,0.0
2026-05-05,1011.4000244140625,1011.5999755859375,997.9000244140625,1003.4000244140625,1003.2750244140625,5981775,0.0,0.0,0.0
2026-05-06,1014.4000244140625,1029.5999755859375,1013.7999877929688,1024.199951171875,1024.0723876953125,4823941,0.0,0.0,0.0
2026-05-07,1025.800048828125,1025.800048828125,1009.4000244140625,1009.4000244140625,1009.2742919921875,5035190,0.0,0.0,0.0
2026-05-08,1003.0,1009.7999877929688,1000.2000122070312,1005.0,1004.8748168945312,5014522,0.0,0.0,0.0
2026-05-11,1008.0,1010.7999877929688,1004.4000244140625,1008.2000122070312,1008.0744018554688,5711418,0.0,0.0,0.0
2026-05-12,1000.2000122070312,1007.5999755859375,995.5,1007.5999755859375,1007.4744262695312,3934617,0.0,0.0,0.0
2026-05-13,1014.2000122070312,1017.5999755859375,1005.5999755859375,1014.2000122070312,1014.0736694335938,4848669,0.0,0.0,0.0
2026-05-14,1016.5999755859375,1021.0,1014.5999755859375,1020.4000244140625,1020.2728881835938,3925566,0.0,0.0,0.0
2026-05-15,1013.4000244140625,1015.2000122070312,1000.3599853515625,1003.4000244140625,1003.2750244140625,7692594,0.0,0.0,0.0
2026-05-18,999.4000244140625,1017.5999755859375,998.5,1015.5999755859375,1015.4734497070312,7495633,0.0,0.0,0.0
2026-05-19,1018.7999877929688,1024.199951171875,1015.2000122070312,1016.0,1015.8734130859375,6500599,0.0,0.0,0.0
2026-05-20,1012.7999877929688,1029.199951171875,1011.2839965820312,1026.4000244140625,1026.272216796875,5758103,0.0,0.0,0.0
2026-05-21,1022.0,1031.199951171875,1019.5999755859375,1028.4000244140625,1028.27197265625,3030286,0.0,0.0,0.0
2026-05-22,1033.4000244140625,1034.0,1026.800048828125,1030.800048828125,1030.671630859375,2386463,0.0,0.0,0.0
2026-05-26,1038.0,1039.800048828125,1033.199951171875,1033.199951171875,1033.0712890625,3960877,0.0,0.0,0.0
2026-05-27,1032.5999755859375,1036.52001953125,1030.4000244140625,1034.0,1033.8712158203125,6649666,0.0,0.0,0.0
2026-05-28,1028.800048828125,1030.0,1023.4000244140625,1027.800048828125,1027.6719970703125,2796684,0.0,0.0,0.0
2026-05-29,1029.0,1030.5999755859375,1025.199951171875,1025.4000244140625,1025.2723388671875,27359220,0.0,0.0,0.0
2026-06-01,1022.4000244140625,1024.800048828125,1012.6599731445312,1017.5999755859375,1017.4732055664062,7991419,0.0,0.0,0.0
2026-06-02,1020.7999877929688,1024.199951171875,1018.0750122070312,1021.7999877929688,1021.6726684570312,5910414,0.0,0.0,0.0
2026-06-03,1020.7999877929688,1023.0,1016.9630126953125,1018.4000244140625,1018.2731323242188,6825480,0.0,0.0,0.0
2026-06-04,1017.0,1021.5999755859375,1009.2000122070312,1021.0,1020.872802734375,2384405,0.0,0.0,0.0
2026-06-05,1023.5999755859375,1025.800048828125,1018.4749755859375,1019.7999877929688,1019.6729736328125,20186370,0.0,0.0,0.0
2026-06-08,1017.2000122070312,1024.199951171875,1015.4000244140625,1020.2000122070312,1020.0729370117188,6952821,0.0,0.0,0.0
2026-06-09,1018.7999877929688,1020.0,1005.7999877929688,1005.7999877929688,1005.6746826171875,7720113,0.0,0.0,0.0
2026-06-10,1009.0,1009.5999755859375,996.2999877929688,1008.7999877929688,1008.67431640625,8038912,0.0,0.0,0.0
2026-06-11,1008.5999755859375,1020.7999877929688,1005.4000244140625,1014.7999877929688,1014.673583984375,7296476,0.0,0.0,0.0
2026-06-12,1020.7999877929688,1031.0,1020.7999877929688,1030.0,1029.8717041015625,3690964,0.0,0.0,0.0
2026-06-15,1038.5999755859375,1041.199951171875,1025.5999755859375,1026.5999755859375,1026.4720458984375,4057584,0.0,0.0,0.0
2026-06-16,1028.199951171875,1035.5999755859375,1026.199951171875,1033.4000244140625,1033.271240234375,14770206,0.0,0.0,0.0
2026-06-17,1033.4000244140625,1034.4000244140625,1030.4000244140625,1034.0,1033.8712158203125,4754820,0.0,0.0,0.0
2026-06-18,1018.4000244140625,1020.2000122070312,1009.2000122070312,1011.2000122070312,1011.2000122070312,6379383,12.88,0.0,0.0
2026-06-19,1010.5999755859375,1013.3400268554688,1007.2000122070312,1008.0,1008.0,2296721,0.0,0.0,0.0
2026-06-22,1009.4000244140625,1015.5999755859375,1006.2000122070312,1014.7999877929688,1014.7999877929688,6488018,0.0,0.0,0.0
2026-06-23,1007.2000122070312,1017.7999877929688,1005.2000122070312,1014.4000244140625,1014.4000244140625,12435996,0.0,0.0,0.0
2026-06-24,1015.5999755859375,1018.2000122070312,1012.2869873046875,1016.7999877929688,1016.7999877929688,6252068,0.0,0.0,0.0
2026-06-25,1015.5999755859375,1028.656982421875,1013.77197265625,1025.199951171875,1025.199951171875,4448719,0.0,0.0,0.0
2026-06-26,1022.0,1022.9500122070312,1012.5999755859375,1022.4000244140625,1022.4000244140625,3158441,0.0,0.0,0.0
2026-06-29,1021.2000122070312,1025.4000244140625,1018.9299926757812,1020.2000122070312,1020.2000122070312,3708157,0.0,0.0,0.0
2026-06-30,1022.7999877929688,1032.800048828125,1021.0,1021.5999755859375,1021.5999755859375,6297068,0.0,0.0,0.0
2026-07-01,1020.4000244140625,1022.4000244140625,1014.7960205078125,1019.4000244140625,1019.4000244140625,6316670,0.0,0.0,0.0
2026-07-02,1016.2000122070312,1040.800048828125,1015.4000244140625,1037.5999755859375,1037.5999755859375,4896158,0.0,0.0,0.0
2026-07-03,1040.800048828125,1046.199951171875,1031.800048828125,1039.4000244140625,1039.4000244140625,3654665,0.0,0.0,0.0
2026-07-06,1039.4000244140625,1044.800048828125,1033.4300537109375,1036.5999755859375,1036.5999755859375,3402234,0.0,0.0,0.0
2026-07-07,1036.800048828125,1046.0,1036.199951171875,1038.199951171875,1038.199951171875,6450274,0.0,0.0,0.0
2026-07-08,1035.4000244140625,1035.800048828125,1019.5800170898438,1021.4000244140625,1021.4000244140625,17047375,0.0,0.0,0.0
2026-07-09,1018.7999877929688,1021.7999877929688,1013.2000122070312,1021.2000122070312,1021.2000122070312,8203377,0.0,0.0,0.0
2026-07-10,1022.7999877929688,1025.5999755859375,1020.10400390625,1023.5999755859375,1023.5999755859375,5297722,0.0,0.0,0.0
2026-07-13,1023.5999755859375,1027.0,1020.0,1022.7999877929688,1022.7999877929688,6233032,0.0,0.0,0.0
2026-07-14,1020.2000122070312,1028.800048828125,1015.8880004882812,1026.0,1026.0,8948665,0.0,0.0,0.0
2026-07-15,1020.7999877929688,1028.5999755859375,1018.0,1025.4000244140625,1025.4000244140625,11552485,0.0,0.0,0.0
2026-07-16,1021.0,1030.5999755859375,1018.7999877929688,1030.5999755859375,1030.5999755859375,6036213,0.0,0.0,0.0
2026-07-17,1028.4000244140625,1036.0,1024.4000244140625,1033.0,1033.0,5294175,0.0,0.0,0.0
2026-07-20,1027.800048828125,1033.0,1024.800048828125,1025.4000244140625,1025.4000244140625,7367643,0.0,0.0,0.0
2026-07-21,1023.0,1032.199951171875,1022.2000122070312,1032.199951171875,1032.199951171875,9355861,0.0,0.0,0.0
2026-07-22,1032.0,1049.3399658203125,1030.199951171875,1043.4000244140625,1043.4000244140625,15849719,0.0,0.0,0.0
2026-07-23,1042.4000244140625,1044.4000244140625,1033.739990234375,1036.5999755859375,1036.5999755859375,6136745,0.0,0.0,0.0
2026-07-24,1032.800048828125,1046.199951171875,1032.199951171875,1046.0,1046.0,4996306,0.0,0.0,0.0
2026-07-27,1053.5999755859375,1054.4000244140625,1047.5999755859375,1050.199951171875,1050.199951171875,4754844,0.0,0.0,0.0
2026-07-28,1053.0,1060.030029296875,1049.3800048828125,1058.5999755859375,1058.5999755859375,6144953,0.0,0.0,0.0
2026-07-29,1062.5999755859375,1066.800048828125,1058.199951171875,1062.4000244140625,1062.4000244140625,6423024,0.0,0.0,0.0
2026-07-30,1059.800048828125,1071.0,1057.5999755859375,1061.199951171875,1061.199951171875,2543020,0.0,0.0,0.0
2026-07-31,1060.0,1070.5999755859375,1052.0,1059.0,1059.0,3157856,0.0,0.0,0.0
2026-08-03,1060.0,1062.5999755859375,1055.4000244140625,1057.199951171875,1057.199951171875,5640067,0.0,0.0,0.0
2026-08-04,1059.5999755859375,1065.199951171875,1058.8399658203125,1060.4000244140625,1060.4000244140625,4810232,0.0,0.0,0.0
2026-08-05,1064.0,1067.0,1055.7149658203125,1060.5999755859375,1060.5999755859375,9953018,0.0,0.0,0.0
2026-08-06,1065.0,1068.5999755859375,1060.9019775390625,1061.0,1061.0,4389956,0.0,0.0,0.0
2026-08-07,1061.5999755859375,1069.800048828125,1061.2120361328125,1064.0,1064.0,3923773,0.0,0.0,0.0
2026-08-10,1062.5999755859375,1064.199951171875,1056.0,1059.0,1059.0,20986705,0.0,0.0,0.0
2026-08-11,1059.800048828125,1062.800048828125,1055.5999755859375,1057.5999755859375,1057.5999755859375,5732092,0.0,0.0,0.0
2026-08-12,1057.800048828125,1064.4000244140625,1054.5999755859375,1057.0,1057.0,3051097,0.0,0.0,0.0
2026-08-13,1060.0,1061.5999755859375,1052.4000244140625,1053.5999755859375,1053.5999755859375,5171332,0.0,0.0,0.0
2026-08-14,1056.0,1061.4000244140625,1049.3690185546875,1051.199951171875,1051.199951171875,2564999,0.0,0.0,0.0
2026-08-17,1054.800048828125,1056.4000244140625,1048.4000244140625,1048.4000244140625,1048.4000244140625,1988166,0.0,0.0,0.0
2026-08-18,1051.0,1055.5999755859375,1047.199951171875,1049.800048828125,1049.800048828125,6529311,0.0,0.0,0.0
2026-08-19,1051.0,1054.199951171875,1047.800048828125,1051.800048828125,1051.800048828125,6602609,0.0,0.0,0.0
2026-08-20,1052.0,1055.0,1044.800048828125,1052.199951171875,1052.199951171875,2964574,0.0,0.0,0.0
2026-08-21,1053.4000244140625,1061.5999755859375,1052.0,1060.0,1060.0,4756795,0.0,0.0,0.0
2026-08-24,1059.199951171875,1064.800048828125,1057.800048828125,1063.0,1063.0,2169925,0.0,0.0,0.0
2026-08-25,1066.0,1067.5999755859375,1060.800048828125,1066.4000244140625,1066.4000244140625,3233060,0.0,0.0,0.0
2026-08-26,1068.5999755859375,1070.199951171875,1064.0,1066.4000244140625,1066.4000244140625,3943273,0.0,0.0,0.0
2026-08-27,1062.0,1063.5999755859375,1055.800048828125,1058.4000244140625,1058.4000244140625,2973614,0.0,0.0,0.0
2026-08-28,1063.199951171875,1063.5999755859375,1058.800048828125,1061.0,1061.0,1956499,0.0,0.0,0.0
