Date,Open,High,Low,Close,Adj Close,Volume,Dividends,Stock Splits,Capital Gains
2008-01-02,129.85800170898438,129.85800170898438,129.85800170898438,129.85800170898438,83.17174530029297,0,0.0,0.0,0.0
2008-01-03,129.85800170898438,129.85800170898438,129.85800170898438,129.85800170898438,83.17174530029297,0,0.0,0.0,0.0
2008-01-04,130.25,130.25,130.25,130.25,83.42280578613281,0,0.0,0.0,0.0
2008-01-07,130.1649932861328,130.1649932861328,130.1649932861328,130.1649932861328,83.36835479736328,0,0.0,0.0,0.0
2008-01-08,129.78500366210938,129.78500366210938,129.78500366210938,129.78500366210938,83.1249771118164,0,0.0,0.0,0.0
2008-01-09,130.06399536132812,130.06399536132812,130.06399536132812,130.06399536132812,83.30365753173828,0,0.0,0.0,0.0
2008-01-10,129.66000366210938,129.66000366210938,129.66000366210938,129.66000366210938,83.044921875,0,0.0,0.0,0.0
2008-01-11,129.0570068359375,129.0570068359375,129.0570068359375,129.0570068359375,82.6587142944336,0,0.0,0.0,0.0
2008-01-14,129.031005859375,129.031005859375,129.031005859375,129.031005859375,82.64205169677734,0,0.0,0.0,0.0
2008-01-15,129.25100708007812,129.25100708007812,129.25100708007812,129.25100708007812,82.78296661376953,0,0.0,0.0,0.0
2008-01-16,129.38299560546875,129.38299560546875,129.38299560546875,129.38299560546875,82.86747741699219,0,0.0,0.0,0.0
2008-01-17,129.10400390625,129.10400390625,129.10400390625,129.10400390625,82.68879699707031,0,0.0,0.0,0.0
2008-01-18,128.72300720214844,128.72300720214844,128.72300720214844,128.72300720214844,82.44477844238281,0,0.0,0.0,0.0
2008-01-21,128.97900390625,128.97900390625,128.97900390625,128.97900390625,82.60871887207031,0,0.0,0.0,0.0
2008-01-22,127.59600067138672,127.59600067138672,127.59600067138672,127.59600067138672,81.72295379638672,0,0.0,0.0,0.0
2008-01-23,128.02699279785156,128.02699279785156,128.02699279785156,128.02699279785156,81.99899291992188,0,0.0,0.0,0.0
2008-01-24,127.06199645996094,127.06199645996094,127.06199645996094,127.06199645996094,81.38094329833984,0,0.0,0.0,0.0
2008-01-25,127.23999786376953,127.23999786376953,127.23999786376953,127.23999786376953,81.49494934082031,0,0.0,0.0,0.0
2008-01-28,127.55000305175781,127.55000305175781,127.55000305175781,127.55000305175781,81.69349670410156,0,0.0,0.0,0.0
2008-01-29,126.78700256347656,126.78700256347656,126.78700256347656,126.78700256347656,81.20479583740234,0,0.0,0.0,0.0
2008-01-30,126.86799621582031,126.86799621582031,126.86799621582031,126.86799621582031,81.25667572021484,0,0.0,0.0,0.0
2008-01-31,127.46099853515625,127.46099853515625,127.46099853515625,127.46099853515625,81.6364974975586,0,0.0,0.0,0.0
2008-02-01,127.38500213623047,127.38500213623047,127.38500213623047,127.38500213623047,81.58782196044922,0,0.0,0.0,0.0
2008-02-04,127.29399871826172,127.29399871826172,127.29399871826172,127.29399871826172,81.52952575683594,0,0.0,0.0,0.0
2008-02-05,127.93800354003906,127.93800354003906,127.93800354003906,127.93800354003906,81.94197845458984,0,0.0,0.0,0.0
2008-02-06,127.44100189208984,127.44100189208984,127.44100189208984,127.44100189208984,81.62366485595703,0,0.0,0.0,0.0
2008-02-07,127.61900329589844,127.61900329589844,127.61900329589844,127.61900329589844,81.73768615722656,0,0.0,0.0,0.0
2008-02-08,127.27799987792969,127.27799987792969,127.27799987792969,127.27799987792969,81.51927947998047,0,0.0,0.0,0.0
2008-02-11,126.7959976196289,126.7959976196289,126.7959976196289,126.7959976196289,81.2105712890625,0,0.0,0.0,0.0
2008-02-12,125.31400299072266,125.31400299072266,125.31400299072266,125.31400299072266,80.26138305664062,0,0.0,0.0,0.0
2008-02-13,125.10199737548828,125.10199737548828,125.10199737548828,125.10199737548828,80.12557983398438,0,0.0,0.0,0.0
2008-02-14,124.83599853515625,124.83599853515625,124.83599853515625,124.83599853515625,79.95523071289062,0,0.0,0.0,0.0
2008-02-15,125.04299926757812,125.04299926757812,125.04299926757812,125.04299926757812,80.0877914428711,0,0.0,0.0,0.0
2008-02-18,124.6240005493164,124.6240005493164,124.6240005493164,124.6240005493164,79.81945037841797,0,0.0,0.0,0.0
2008-02-19,124.302001953125,124.302001953125,124.302001953125,124.302001953125,79.61321258544922,0,0.0,0.0,0.0
2008-02-20,123.95899963378906,123.95899963378906,123.95899963378906,123.95899963378906,79.3935317993164,0,0.0,0.0,0.0
2008-02-21,123.83899688720703,123.83899688720703,123.83899688720703,123.83899688720703,79.31666564941406,0,0.0,0.0,0.0
2008-02-22,123.69499969482422,123.69499969482422,123.69499969482422,123.69499969482422,79.22444152832031,0,0.0,0.0,0.0
2008-02-25,123.27400207519531,123.27400207519531,123.27400207519531,123.27400207519531,78.95478057861328,0,0.0,0.0,0.0
2008-02-26,123.14900207519531,123.14900207519531,123.14900207519531,123.14900207519531,78.87474060058594,0,0.0,0.0,0.0
2008-02-27,120.947998046875,120.947998046875,120.947998046875,120.947998046875,77.46501922607422,0,0.0,0.0,0.0
2008-02-28,121.4729995727539,121.4729995727539,121.4729995727539,121.4729995727539,77.80128479003906,0,0.0,0.0,0.0
2008-02-29,122.30000305175781,122.30000305175781,122.30000305175781,122.30000305175781,78.33097076416016,0,0.0,0.0,0.0
2008-03-03,121.72200012207031,121.72200012207031,121.72200012207031,121.72200012207031,77.96074676513672,0,0.0,0.0,0.0
2008-03-04,121.94200134277344,121.94200134277344,121.94200134277344,121.94200134277344,78.10163116455078,0,0.0,0.0,0.0
2008-03-05,121.38300323486328,121.38300323486328,121.38300323486328,121.38300323486328,77.7436294555664,0,0.0,0.0,0.0
2008-03-06,121.66100311279297,121.66100311279297,121.66100311279297,121.66100311279297,77.92171478271484,0,0.0,0.0,0.0
2008-03-07,121.7030029296875,121.7030029296875,121.7030029296875,121.7030029296875,77.94860076904297,0,0.0,0.0,0.0
2008-03-10,121.85700225830078,121.85700225830078,121.85700225830078,121.85700225830078,78.0472183227539,0,0.0,0.0,0.0
2008-03-11,121.11900329589844,121.11900329589844,121.11900329589844,121.11900329589844,77.5745620727539,0,0.0,0.0,0.0
2008-03-12,120.11799621582031,120.11799621582031,120.11799621582031,120.11799621582031,76.93342590332031,0,0.0,0.0,0.0
2008-03-13,119.94100189208984,119.94100189208984,119.94100189208984,119.94100189208984,76.820068359375,0,0.0,0.0,0.0
2008-03-14,119.76200103759766,119.76200103759766,119.76200103759766,119.76200103759766,76.70541381835938,0,0.0,0.0,0.0
2008-03-17,119.8479995727539,119.8479995727539,119.8479995727539,119.8479995727539,76.76050567626953,0,0.0,0.0,0.0
2008-03-18,119.37200164794922,119.37200164794922,119.37200164794922,119.37200164794922,76.45564270019531,0,0.0,0.0,0.0
2008-03-19,119.55799865722656,119.55799865722656,119.55799865722656,119.55799865722656,76.57476806640625,0,0.0,0.0,0.0
2008-03-20,119.9280014038086,119.9280014038086,119.9280014038086,119.9280014038086,76.8117446899414,0,0.0,0.0,0.0
2008-03-25,119.51399993896484,119.51399993896484,119.51399993896484,119.51399993896484,76.54659271240234,0,0.0,0.0,0.0
2008-03-26,119.55400085449219,119.55400085449219,119.55400085449219,119.55400085449219,76.57220458984375,0,0.0,0.0,0.0
2008-03-27,119.33000183105469,119.33000183105469,119.33000183105469,119.33000183105469,76.42876434326172,0,0.0,0.0,0.0
2008-03-28,119.8489990234375,119.8489990234375,119.8489990234375,119.8489990234375,76.7611083984375,0,0.0,0.0,0.0
2008-03-31,120.3280029296875,120.3280029296875,120.3280029296875,120.3280029296875,77.06790924072266,0,0.0,0.0,0.0
2008-04-01,119.95500183105469,119.95500183105469,119.95500183105469,119.95500183105469,76.82901000976562,0,0.0,0.0,0.0
2008-04-02,120.23200225830078,120.23200225830078,120.23200225830078,120.23200225830078,77.00645446777344,0,0.0,0.0,0.0
2008-04-03,120.34400177001953,120.34400177001953,120.34400177001953,120.34400177001953,77.07820129394531,0,0.0,0.0,0.0
2008-04-04,120.55999755859375,120.55999755859375,120.55999755859375,120.55999755859375,77.21652221679688,0,0.0,0.0,0.0
2008-04-07,120.38999938964844,120.38999938964844,120.38999938964844,120.38999938964844,77.1076431274414,0,0.0,0.0,0.0
2008-04-08,120.6500015258789,120.6500015258789,120.6500015258789,120.6500015258789,77.274169921875,0,0.0,0.0,0.0
2008-04-09,120.76799774169922,120.76799774169922,120.76799774169922,120.76799774169922,77.3497543334961,0,0.0,0.0,0.0
2008-04-10,121.19000244140625,121.19000244140625,121.19000244140625,121.19000244140625,77.6200180053711,0,0.0,0.0,0.0
2008-04-11,121.5999984741211,121.5999984741211,121.5999984741211,121.5999984741211,77.88261413574219,0,0.0,0.0,0.0
2008-04-14,121.46099853515625,121.46099853515625,121.46099853515625,121.46099853515625,77.79361724853516,0,0.0,0.0,0.0
2008-04-15,121.53299713134766,121.53299713134766,121.53299713134766,121.53299713134766,77.83970642089844,0,0.0,0.0,0.0
2008-04-16,121.1520004272461,121.1520004272461,121.1520004272461,121.1520004272461,77.59568786621094,0,0.0,0.0,0.0
2008-04-17,120.64900207519531,120.64900207519531,120.64900207519531,120.64900207519531,77.27352142333984,0,0.0,0.0,0.0
2008-04-18,120.58499908447266,120.58499908447266,120.58499908447266,120.58499908447266,77.2325210571289,0,0.0,0.0,0.0
2008-04-21,121.08699798583984,121.08699798583984,121.08699798583984,121.08699798583984,77.5540542602539,0,0.0,0.0,0.0
2008-04-22,121.13700103759766,121.13700103759766,121.13700103759766,121.13700103759766,77.58612060546875,0,0.0,0.0,0.0
2008-04-23,121.66300201416016,121.66300201416016,121.66300201416016,121.66300201416016,77.9229736328125,0,0.0,0.0,0.0
2008-04-24,121.34300231933594,121.34300231933594,121.34300231933594,121.34300231933594,77.7179946899414,0,0.0,0.0,0.0
2008-04-25,121.4229965209961,121.4229965209961,121.4229965209961,121.4229965209961,77.76927947998047,0,0.0,0.0,0.0
2008-04-28,122.05000305175781,122.05000305175781,122.05000305175781,122.05000305175781,78.17085266113281,0,0.0,0.0,0.0
2008-04-29,122.62300109863281,122.62300109863281,122.62300109863281,122.62300109863281,78.53783416748047,0,0.0,0.0,0.0
2008-04-30,123.2509994506836,123.2509994506836,123.2509994506836,123.2509994506836,78.94005584716797,0,0.0,0.0,0.0
2008-05-01,123.84300231933594,123.84300231933594,123.84300231933594,123.84300231933594,79.31924438476562,0,0.0,0.0,0.0
2008-05-02,123.61199951171875,123.61199951171875,123.61199951171875,123.61199951171875,79.17127227783203,0,0.0,0.0,0.0
2008-05-06,124.28299713134766,124.28299713134766,124.28299713134766,124.28299713134766,79.60103607177734,0,0.0,0.0,0.0
2008-05-07,124.54199981689453,124.54199981689453,124.54199981689453,124.54199981689453,79.76692962646484,0,0.0,0.0,0.0
2008-05-08,125.30500030517578,125.30500030517578,125.30500030517578,125.30500030517578,80.2556381225586,0,0.0,0.0,0.0
2008-05-09,125.56099700927734,125.56099700927734,125.56099700927734,125.56099700927734,80.41959381103516,0,0.0,0.0,0.0
2008-05-12,125.52200317382812,125.52200317382812,125.52200317382812,125.52200317382812,80.39459228515625,0,0.0,0.0,0.0
2008-05-13,125.10800170898438,125.10800170898438,125.10800170898438,125.10800170898438,80.12940216064453,0,0.0,0.0,0.0
2008-05-14,124.54000091552734,124.54000091552734,124.54000091552734,124.54000091552734,79.7656478881836,0,0.0,0.0,0.0
2008-05-15,124.31800079345703,124.31800079345703,124.31800079345703,124.31800079345703,79.62346649169922,0,0.0,0.0,0.0
2008-05-16,124.85199737548828,124.85199737548828,124.85199737548828,124.85199737548828,79.96548461914062,0,0.0,0.0,0.0
2008-05-19,124.72100067138672,124.72100067138672,124.72100067138672,124.72100067138672,79.88156127929688,0,0.0,0.0,0.0
2008-05-20,124.8010025024414,124.8010025024414,124.8010025024414,124.8010025024414,79.93282318115234,0,0.0,0.0,0.0
2008-05-21,124.40399932861328,124.40399932861328,124.40399932861328,124.40399932861328,79.67854309082031,0,0.0,0.0,0.0
2008-05-22,123.5,123.5,123.5,123.5,79.09954071044922,0,0.0,0.0,0.0
2008-05-23,123.76000213623047,123.76000213623047,123.76000213623047,123.76000213623047,79.26608276367188,0,0.0,0.0,0.0
2008-05-27,123.61100006103516,123.61100006103516,123.61100006103516,123.61100006103516,79.1706314086914,0,0.0,0.0,0.0
2008-05-28,121.18399810791016,121.18399810791016,121.18399810791016,121.18399810791016,77.61620330810547,0,0.0,0.0,0.0
2008-05-29,120.87300109863281,120.87300109863281,120.87300109863281,120.87300109863281,77.41702270507812,0,0.0,0.0,0.0
2008-05-30,121.16100311279297,121.16100311279297,121.16100311279297,121.16100311279297,77.60144805908203,0,0.0,0.0,0.0
2008-06-02,120.80699920654297,120.80699920654297,120.80699920654297,120.80699920654297,77.3747329711914,0,0.0,0.0,0.0
2008-06-03,120.21600341796875,120.21600341796875,120.21600341796875,120.21600341796875,76.9962158203125,0,0.0,0.0,0.0
2008-06-04,120.87200164794922,120.87200164794922,120.87200164794922,120.87200164794922,77.41634368896484,0,0.0,0.0,0.0
2008-06-05,120.23600006103516,120.23600006103516,120.23600006103516,120.23600006103516,77.00900268554688,0,0.0,0.0,0.0
2008-06-06,120.41500091552734,120.41500091552734,120.41500091552734,120.41500091552734,77.12362670898438,0,0.0,0.0,0.0
2008-06-09,119.41100311279297,119.41100311279297,119.41100311279297,119.41100311279297,76.4806137084961,0,0.0,0.0,0.0
2008-06-10,119.43599700927734,119.43599700927734,119.43599700927734,119.43599700927734,76.49661254882812,0,0.0,0.0,0.0
2008-06-11,119.38200378417969,119.38200378417969,119.38200378417969,119.38200378417969,76.46204376220703,0,0.0,0.0,0.0
2008-06-12,119.18699645996094,119.18699645996094,119.18699645996094,119.18699645996094,76.33714294433594,0,0.0,0.0,0.0
2008-06-13,118.3740005493164,118.3740005493164,118.3740005493164,118.3740005493164,75.8164291381836,0,0.0,0.0,0.0
2008-06-16,118.80999755859375,118.80999755859375,118.80999755859375,118.80999755859375,76.0956802368164,0,0.0,0.0,0.0
2008-06-17,119.13700103759766,119.13700103759766,119.13700103759766,119.13700103759766,76.30510711669922,0,0.0,0.0,0.0
2008-06-18,119.25399780273438,119.25399780273438,119.25399780273438,119.25399780273438,76.3800277709961,0,0.0,0.0,0.0
2008-06-19,118.68800354003906,118.68800354003906,118.68800354003906,118.68800354003906,76.01754760742188,0,0.0,0.0,0.0
2008-06-20,119.12200164794922,119.12200164794922,119.12200164794922,119.12200164794922,76.2955322265625,0,0.0,0.0,0.0
2008-06-23,119.21600341796875,119.21600341796875,119.21600341796875,119.21600341796875,76.35572814941406,0,0.0,0.0,0.0
2008-06-24,119.08999633789062,119.08999633789062,119.08999633789062,119.08999633789062,76.2750244140625,0,0.0,0.0,0.0
2008-06-25,119.33100128173828,119.33100128173828,119.33100128173828,119.33100128173828,76.42938995361328,0,0.0,0.0,0.0
2008-06-26,120.06600189208984,120.06600189208984,120.06600189208984,120.06600189208984,76.900146484375,0,0.0,0.0,0.0
2008-06-27,119.67900085449219,119.67900085449219,119.67900085449219,119.67900085449219,76.65225219726562,0,0.0,0.0,0.0
2008-06-30,119.07599639892578,119.07599639892578,119.07599639892578,119.07599639892578,76.26606750488281,0,0.0,0.0,0.0
2008-07-01,118.78299713134766,118.78299713134766,118.78299713134766,118.78299713134766,76.07839965820312,0,0.0,0.0,0.0
2008-07-02,119.00700378417969,119.00700378417969,119.00700378417969,119.00700378417969,76.22187805175781,0,0.0,0.0,0.0
2008-07-03,119.4469985961914,119.4469985961914,119.4469985961914,119.4469985961914,76.50364685058594,0,0.0,0.0,0.0
2008-07-04,119.94300079345703,119.94300079345703,119.94300079345703,119.94300079345703,76.82135009765625,0,0.0,0.0,0.0
2008-07-07,120.24400329589844,120.24400329589844,120.24400329589844,120.24400329589844,77.01412963867188,0,0.0,0.0,0.0
2008-07-08,120.16600036621094,120.16600036621094,120.16600036621094,120.16600036621094,76.96416473388672,0,0.0,0.0,0.0
2008-07-09,120.37899780273438,120.37899780273438,120.37899780273438,120.37899780273438,77.10057830810547,0,0.0,0.0,0.0
2008-07-10,120.43499755859375,120.43499755859375,120.43499755859375,120.43499755859375,77.136474609375,0,0.0,0.0,0.0
2008-07-11,120.1729965209961,120.1729965209961,120.1729965209961,120.1729965209961,76.96865844726562,0,0.0,0.0,0.0
2008-07-14,120.11199951171875,120.11199951171875,120.11199951171875,120.11199951171875,76.92958068847656,0,0.0,0.0,0.0
2008-07-15,120.45700073242188,120.45700073242188,120.45700073242188,120.45700073242188,77.1505355834961,0,0.0,0.0,0.0
2008-07-16,120.19100189208984,120.19100189208984,120.19100189208984,120.19100189208984,76.98020935058594,0,0.0,0.0,0.0
2008-07-17,120.08200073242188,120.08200073242188,120.08200073242188,120.08200073242188,76.91039276123047,0,0.0,0.0,0.0
2008-07-18,119.11000061035156,119.11000061035156,119.11000061035156,119.11000061035156,76.28782653808594,0,0.0,0.0,0.0
2008-07-21,119.0530014038086,119.0530014038086,119.0530014038086,119.0530014038086,76.25132751464844,0,0.0,0.0,0.0
2008-07-22,119.48500061035156,119.48500061035156,119.48500061035156,119.48500061035156,76.52801513671875,0,0.0,0.0,0.0
2008-07-23,119.38999938964844,119.38999938964844,119.38999938964844,119.38999938964844,76.46717071533203,0,0.0,0.0,0.0
2008-07-24,119.9469985961914,119.9469985961914,119.9469985961914,119.9469985961914,76.82392120361328,0,0.0,0.0,0.0
2008-07-25,119.90599822998047,119.90599822998047,119.90599822998047,119.90599822998047,76.79765319824219,0,0.0,0.0,0.0
2008-07-28,120.26799774169922,120.26799774169922,120.26799774169922,120.26799774169922,77.02950286865234,0,0.0,0.0,0.0
2008-07-29,120.6050033569336,120.6050033569336,120.6050033569336,120.6050033569336,77.24535369873047,0,0.0,0.0,0.0
2008-07-30,121.04900360107422,121.04900360107422,121.04900360107422,121.04900360107422,77.52972412109375,0,0.0,0.0,0.0
2008-07-31,121.2300033569336,121.2300033569336,121.2300033569336,121.2300033569336,77.64566040039062,0,0.0,0.0,0.0
2008-08-01,120.86100006103516,120.86100006103516,120.86100006103516,120.86100006103516,77.40929412841797,0,0.0,0.0,0.0
2008-08-04,121.05400085449219,121.05400085449219,121.05400085449219,121.05400085449219,77.5329360961914,0,0.0,0.0,0.0
2008-08-05,121.30699920654297,121.30699920654297,121.30699920654297,121.30699920654297,77.69496154785156,0,0.0,0.0,0.0
2008-08-06,121.56700134277344,121.56700134277344,121.56700134277344,121.56700134277344,77.86150360107422,0,0.0,0.0,0.0
2008-08-07,121.97100067138672,121.97100067138672,121.97100067138672,121.97100067138672,78.1202163696289,0,0.0,0.0,0.0
2008-08-08,122.02999877929688,122.02999877929688,122.02999877929688,122.02999877929688,78.15801239013672,0,0.0,0.0,0.0
2008-08-11,121.90799713134766,121.90799713134766,121.90799713134766,121.90799713134766,78.07987976074219,0,0.0,0.0,0.0
2008-08-12,122.4729995727539,122.4729995727539,122.4729995727539,122.4729995727539,78.4417953491211,0,0.0,0.0,0.0
2008-08-13,122.64900207519531,122.64900207519531,122.64900207519531,122.64900207519531,78.55449676513672,0,0.0,0.0,0.0
2008-08-14,122.28199768066406,122.28199768066406,122.28199768066406,122.28199768066406,78.31941986083984,0,0.0,0.0,0.0
2008-08-15,122.68499755859375,122.68499755859375,122.68499755859375,122.68499755859375,78.57754516601562,0,0.0,0.0,0.0
2008-08-18,122.6729965209961,122.6729965209961,122.6729965209961,122.6729965209961,78.5698471069336,0,0.0,0.0,0.0
2008-08-19,122.75599670410156,122.75599670410156,122.75599670410156,122.75599670410156,78.62300872802734,0,0.0,0.0,0.0
2008-08-20,122.8270034790039,122.8270034790039,122.8270034790039,122.8270034790039,78.66848754882812,0,0.0,0.0,0.0
2008-08-21,122.77400207519531,122.77400207519531,122.77400207519531,122.77400207519531,78.63458251953125,0,0.0,0.0,0.0
2008-08-22,122.48300170898438,122.48300170898438,122.48300170898438,122.48300170898438,78.44818878173828,0,0.0,0.0,0.0
2008-08-26,123.21700286865234,123.21700286865234,123.21700286865234,123.21700286865234,78.91828155517578,0,0.0,0.0,0.0
2008-08-27,120.9219970703125,120.9219970703125,120.9219970703125,120.9219970703125,77.44837951660156,0,0.0,0.0,0.0
2008-08-28,120.91000366210938,120.91000366210938,120.91000366210938,120.91000366210938,77.44068908691406,0,0.0,0.0,0.0
2008-08-29,120.96499633789062,120.96499633789062,120.96499633789062,120.96499633789062,77.47589111328125,0,0.0,0.0,0.0
2008-09-01,120.8280029296875,120.8280029296875,120.8280029296875,120.8280029296875,77.38816833496094,0,0.0,0.0,0.0
2008-09-02,120.41899871826172,120.41899871826172,120.41899871826172,120.41899871826172,77.126220703125,0,0.0,0.0,0.0
2008-09-03,120.29299926757812,120.29299926757812,120.29299926757812,120.29299926757812,77.04549407958984,0,0.0,0.0,0.0
2008-09-04,120.37100219726562,120.37100219726562,120.37100219726562,120.37100219726562,77.09548950195312,0,0.0,0.0,0.0
2008-09-05,120.76200103759766,120.76200103759766,120.76200103759766,120.76200103759766,77.34590148925781,0,0.0,0.0,0.0
2008-09-08,119.9229965209961,119.9229965209961,119.9229965209961,119.9229965209961,76.80853271484375,0,0.0,0.0,0.0
2008-09-09,119.74099731445312,119.74099731445312,119.74099731445312,119.74099731445312,76.69196319580078,0,0.0,0.0,0.0
2008-09-10,119.51699829101562,119.51699829101562,119.51699829101562,119.51699829101562,76.54849243164062,0,0.0,0.0,0.0
2008-09-11,119.23200225830078,119.23200225830078,119.23200225830078,119.23200225830078,76.36595153808594,0,0.0,0.0,0.0
2008-09-12,117.99600219726562,117.99600219726562,117.99600219726562,117.99600219726562,75.57435607910156,0,0.0,0.0,0.0
2008-09-15,117.99099731445312,117.99099731445312,117.99099731445312,117.99099731445312,75.57115173339844,0,0.0,0.0,0.0
2008-09-16,117.08100128173828,117.08100128173828,117.08100128173828,117.08100128173828,74.98828125,0,0.0,0.0,0.0
2008-09-17,115.177001953125,115.177001953125,115.177001953125,115.177001953125,73.76879119873047,0,0.0,0.0,0.0
2008-09-18,114.08999633789062,114.08999633789062,114.08999633789062,114.08999633789062,73.0726318359375,0,0.0,0.0,0.0
2008-09-19,112.8489990234375,112.8489990234375,112.8489990234375,112.8489990234375,72.27776336669922,0,0.0,0.0,0.0
2008-09-22,112.9469985961914,112.9469985961914,112.9469985961914,112.9469985961914,72.34053039550781,0,0.0,0.0,0.0
2008-09-23,113.06199645996094,113.06199645996094,113.06199645996094,113.06199645996094,72.41419982910156,0,0.0,0.0,0.0
2008-09-24,113.41899871826172,113.41899871826172,113.41899871826172,113.41899871826172,72.64286804199219,0,0.0,0.0,0.0
2008-09-25,112.7239990234375,112.7239990234375,112.7239990234375,112.7239990234375,72.19770812988281,0,0.0,0.0,0.0
2008-09-26,112.9739990234375,112.9739990234375,112.9739990234375,112.9739990234375,72.35784149169922,0,0.0,0.0,0.0
2008-09-29,112.61100006103516,112.61100006103516,112.61100006103516,112.61100006103516,72.12532806396484,0,0.0,0.0,0.0
2008-09-30,111.62000274658203,111.62000274658203,111.62000274658203,111.62000274658203,71.49061584472656,0,0.0,0.0,0.0
2008-10-01,111.06700134277344,111.06700134277344,111.06700134277344,111.06700134277344,71.13643646240234,0,0.0,0.0,0.0
2008-10-02,110.66600036621094,110.66600036621094,110.66600036621094,110.66600036621094,70.87960815429688,0,0.0,0.0,0.0
2008-10-03,110.46099853515625,110.46099853515625,110.46099853515625,110.46099853515625,70.74829864501953,0,0.0,0.0,0.0
2008-10-06,111.14800262451172,111.14800262451172,111.14800262451172,111.14800262451172,71.18831634521484,0,0.0,0.0,0.0
2008-10-07,110.20999908447266,110.20999908447266,110.20999908447266,110.20999908447266,70.5875244140625,0,0.0,0.0,0.0
2008-10-08,109.83399963378906,109.83399963378906,109.83399963378906,109.83399963378906,70.34672546386719,0,0.0,0.0,0.0
2008-10-09,109.24700164794922,109.24700164794922,109.24700164794922,109.24700164794922,69.97074890136719,0,0.0,0.0,0.0
2008-10-10,107.46600341796875,107.46600341796875,107.46600341796875,107.46600341796875,68.83007049560547,0,0.0,0.0,0.0
2008-10-13,105.93800354003906,105.93800354003906,105.93800354003906,105.93800354003906,67.85140228271484,0,0.0,0.0,0.0
2008-10-14,106.88700103759766,106.88700103759766,106.88700103759766,106.88700103759766,68.45919799804688,0,0.0,0.0,0.0
2008-10-15,106.68000030517578,106.68000030517578,106.68000030517578,106.68000030517578,68.32664489746094,0,0.0,0.0,0.0
2008-10-16,106.96099853515625,106.96099853515625,106.96099853515625,106.96099853515625,68.5066146850586,0,0.0,0.0,0.0
2008-10-17,107.48999786376953,107.48999786376953,107.48999786376953,107.48999786376953,68.84541320800781,0,0.0,0.0,0.0
2008-10-20,107.78600311279297,107.78600311279297,107.78600311279297,107.78600311279297,69.03500366210938,0,0.0,0.0,0.0
2008-10-21,107.8499984741211,107.8499984741211,107.8499984741211,107.8499984741211,69.07600402832031,0,0.0,0.0,0.0
2008-10-22,108.47899627685547,108.47899627685547,108.47899627685547,108.47899627685547,69.47885131835938,0,0.0,0.0,0.0
2008-10-23,108.64099884033203,108.64099884033203,108.64099884033203,108.64099884033203,69.5826187133789,0,0.0,0.0,0.0
2008-10-24,108.88700103759766,108.88700103759766,108.88700103759766,108.88700103759766,69.74017333984375,0,0.0,0.0,0.0
2008-10-27,108.68800354003906,108.68800354003906,108.68800354003906,108.68800354003906,69.61271667480469,0,0.0,0.0,0.0
2008-10-28,108.18099975585938,108.18099975585938,108.18099975585938,108.18099975585938,69.28800964355469,0,0.0,0.0,0.0
2008-10-29,108.12100219726562,108.12100219726562,108.12100219726562,108.12100219726562,69.24957275390625,0,0.0,0.0,0.0
2008-10-30,108.05799865722656,108.05799865722656,108.05799865722656,108.05799865722656,69.2092056274414,0,0.0,0.0,0.0
2008-10-31,107.80599975585938,107.80599975585938,107.80599975585938,107.80599975585938,69.04781341552734,0,0.0,0.0,0.0
2008-11-03,107.822998046875,107.822998046875,107.822998046875,107.822998046875,69.05867767333984,0,0.0,0.0,0.0
2008-11-04,107.86900329589844,107.86900329589844,107.86900329589844,107.86900329589844,69.08814239501953,0,0.0,0.0,0.0
2008-11-05,108.06400299072266,108.06400299072266,108.06400299072266,108.06400299072266,69.21304321289062,0,0.0,0.0,0.0
2008-11-06,108.89299774169922,108.89299774169922,108.89299774169922,108.89299774169922,69.7440185546875,0,0.0,0.0,0.0
2008-11-07,109.16200256347656,109.16200256347656,109.16200256347656,109.16200256347656,69.91629791259766,0,0.0,0.0,0.0
2008-11-10,109.0979995727539,109.0979995727539,109.0979995727539,109.0979995727539,69.87533569335938,0,0.0,0.0,0.0
2008-11-11,109.08300018310547,109.08300018310547,109.08300018310547,109.08300018310547,69.8656997680664,0,0.0,0.0,0.0
2008-11-12,109.59500122070312,109.59500122070312,109.59500122070312,109.59500122070312,70.19363403320312,0,0.0,0.0,0.0
2008-11-13,109.63899993896484,109.63899993896484,109.63899993896484,109.63899993896484,70.22183990478516,0,0.0,0.0,0.0
2008-11-14,109.80799865722656,109.80799865722656,109.80799865722656,109.80799865722656,70.33004760742188,0,0.0,0.0,0.0
2008-11-17,109.50399780273438,109.50399780273438,109.50399780273438,109.50399780273438,70.13536834716797,0,0.0,0.0,0.0
2008-11-18,109.47100067138672,109.47100067138672,109.47100067138672,109.47100067138672,70.11421203613281,0,0.0,0.0,0.0
2008-11-19,109.2229995727539,109.2229995727539,109.2229995727539,109.2229995727539,69.95539093017578,0,0.0,0.0,0.0
2008-11-20,109.78199768066406,109.78199768066406,109.78199768066406,109.78199768066406,70.31336975097656,0,0.0,0.0,0.0
2008-11-21,110.05999755859375,110.05999755859375,110.05999755859375,110.05999755859375,70.49147033691406,0,0.0,0.0,0.0
2008-11-24,109.79000091552734,109.79000091552734,109.79000091552734,109.79000091552734,70.31852722167969,0,0.0,0.0,0.0
2008-11-25,109.64600372314453,109.64600372314453,109.64600372314453,109.64600372314453,70.226318359375,0,0.0,0.0,0.0
2008-11-26,108.18299865722656,108.18299865722656,108.18299865722656,108.18299865722656,69.28929901123047,0,0.0,0.0,0.0
2008-11-27,107.78399658203125,107.78399658203125,107.78399658203125,107.78399658203125,69.03373718261719,0,0.0,0.0,0.0
2008-11-28,107.6709976196289,107.6709976196289,107.6709976196289,107.6709976196289,68.96136474609375,0,0.0,0.0,0.0
2008-12-01,108.01300048828125,108.01300048828125,108.01300048828125,108.01300048828125,69.18038940429688,0,0.0,0.0,0.0
2008-12-02,108.96499633789062,108.96499633789062,108.96499633789062,108.96499633789062,69.79014587402344,0,0.0,0.0,0.0
2008-12-03,109.70099639892578,109.70099639892578,109.70099639892578,109.70099639892578,70.26151275634766,0,0.0,0.0,0.0
2008-12-04,109.5009994506836,109.5009994506836,109.5009994506836,109.5009994506836,70.1334457397461,0,0.0,0.0,0.0
2008-12-05,109.44200134277344,109.44200134277344,109.44200134277344,109.44200134277344,70.09566497802734,0,0.0,0.0,0.0
2008-12-08,108.05400085449219,108.05400085449219,108.05400085449219,108.05400085449219,69.20662689208984,0,0.0,0.0,0.0
2008-12-09,107.98999786376953,107.98999786376953,107.98999786376953,107.98999786376953,69.16567993164062,0,0.0,0.0,0.0
2008-12-10,107.47699737548828,107.47699737548828,107.47699737548828,107.47699737548828,68.83709716796875,0,0.0,0.0,0.0
2008-12-11,106.95899963378906,106.95899963378906,106.95899963378906,106.95899963378906,68.50531768798828,0,0.0,0.0,0.0
2008-12-12,107.00700378417969,107.00700378417969,107.00700378417969,107.00700378417969,68.53604888916016,0,0.0,0.0,0.0
2008-12-15,107.54900360107422,107.54900360107422,107.54900360107422,107.54900360107422,68.88321685791016,0,0.0,0.0,0.0
2008-12-16,108.01399993896484,108.01399993896484,108.01399993896484,108.01399993896484,69.1810073852539,0,0.0,0.0,0.0
2008-12-17,109.10900115966797,109.10900115966797,109.10900115966797,109.10900115966797,69.88236999511719,0,0.0,0.0,0.0
2008-12-18,109.29499816894531,109.29499816894531,109.29499816894531,109.29499816894531,70.0014877319336,0,0.0,0.0,0.0
2008-12-19,109.3489990234375,109.3489990234375,109.3489990234375,109.3489990234375,70.03606414794922,0,0.0,0.0,0.0
2008-12-22,109.3949966430664,109.3949966430664,109.3949966430664,109.3949966430664,70.06553649902344,0,0.0,0.0,0.0
2008-12-23,109.54399871826172,109.54399871826172,109.54399871826172,109.54399871826172,70.1609878540039,0,0.0,0.0,0.0
2008-12-24,109.6760025024414,109.6760025024414,109.6760025024414,109.6760025024414,70.24549102783203,0,0.0,0.0,0.0
2008-12-29,109.66799926757812,109.66799926757812,109.66799926757812,109.66799926757812,70.24038696289062,0,0.0,0.0,0.0
2008-12-30,109.84400177001953,109.84400177001953,109.84400177001953,109.84400177001953,70.3531265258789,0,0.0,0.0,0.0
2008-12-31,109.2699966430664,109.2699966430664,109.2699966430664,109.2699966430664,69.9854736328125,0,0.0,0.0,0.0
2009-01-02,115.5,115.9000015258789,114.8499984741211,115.5,73.97565460205078,25395,0.0,0.0,0.0
2009-01-05,115.16999816894531,115.16999816894531,113.4000015258789,113.43000030517578,72.64990234375,122037,0.0,0.0,0.0
2009-01-06,114.05000305175781,114.05000305175781,111.0999984741211,111.30999755859375,71.29207611083984,193966,0.0,0.0,0.0
2009-01-07,112.1500015258789,112.1500015258789,110.8499984741211,111.44000244140625,71.3753433227539,151512,0.0,0.0,0.0
2009-01-08,111.48999786376953,113.77999877929688,111.26000213623047,111.83999633789062,71.63151550292969,198936,0.0,0.0,0.0
2009-01-09,111.94000244140625,111.94000244140625,111.5,111.61000061035156,71.48420715332031,163694,0.0,0.0,0.0
2009-01-12,111.61000061035156,112.31999969482422,111.61000061035156,111.8499984741211,71.63792419433594,150597,0.0,0.0,0.0
2009-01-13,112.33000183105469,112.44000244140625,112.0,112.16999816894531,71.8428955078125,110570,0.0,0.0,0.0
2009-01-14,112.3499984741211,112.80000305175781,111.70999908447266,112.41999816894531,72.00298309326172,68581,0.0,0.0,0.0
2009-01-15,112.69999694824219,112.69999694824219,111.72000122070312,111.72000122070312,71.55465698242188,79261,0.0,0.0,0.0
2009-01-16,111.94000244140625,112.18000030517578,111.30000305175781,111.33999633789062,71.31126403808594,58870,0.0,0.0,0.0
2009-01-19,111.75,111.75,109.4000015258789,109.4000015258789,70.06874084472656,144779,0.0,0.0,0.0
2009-01-20,108.5,110.44999694824219,107.20999908447266,108.55000305175781,69.52434539794922,107322,0.0,0.0,0.0
2009-01-21,110.0,110.0,107.43000030517578,108.01000213623047,69.178466796875,130283,0.0,0.0,0.0
2009-01-22,109.5,110.48999786376953,106.08999633789062,106.7300033569336,68.358642578125,57903,0.0,0.0,0.0
2009-01-23,107.4000015258789,108.19000244140625,106.3499984741211,106.3499984741211,68.1152572631836,81075,0.0,0.0,0.0
2009-01-26,106.0,106.0,106.0,106.2300033569336,68.03839874267578,78587,0.0,0.0,0.0
2009-01-27,106.5,106.5,105.58000183105469,105.87999725341797,67.81423950195312,93546,0.0,0.0,0.0
2009-01-28,106.51000213623047,106.75,106.0999984741211,106.30000305175781,68.08323669433594,190795,0.0,0.0,0.0
2009-01-29,106.98999786376953,107.0,106.30000305175781,106.68000030517578,68.32664489746094,86845,0.0,0.0,0.0
2009-01-30,106.98999786376953,106.98999786376953,106.3499984741211,106.9000015258789,68.46752166748047,45472,0.0,0.0,0.0
2009-02-02,106.5999984741211,107.25,106.55000305175781,106.97000122070312,68.51237487792969,48535,0.0,0.0,0.0
2009-02-03,107.5,107.5,106.26000213623047,106.44000244140625,68.17292022705078,62847,0.0,0.0,0.0
2009-02-04,106.73999786376953,106.73999786376953,105.80000305175781,105.68000030517578,67.6861572265625,46033,0.0,0.0,0.0
2009-02-05,106.0,106.6500015258789,105.69999694824219,106.16999816894531,68.00000762939453,45089,0.0,0.0,0.0
2009-02-06,106.55000305175781,106.69999694824219,105.55000305175781,106.38999938964844,68.14090728759766,82289,0.0,0.0,0.0
2009-02-09,106.91999816894531,106.91999816894531,106.0,106.3499984741211,68.1152572631836,77992,0.0,0.0,0.0
2009-02-10,107.48999786376953,107.48999786376953,106.0999984741211,106.30000305175781,68.08323669433594,77365,0.0,0.0,0.0
2009-02-11,106.0199966430664,107.3499984741211,106.0199966430664,107.0199966430664,68.54440307617188,87877,0.0,0.0,0.0
2009-02-12,107.8499984741211,107.8499984741211,107.29000091552734,107.29000091552734,68.71732330322266,78697,0.0,0.0,0.0
2009-02-13,107.61000061035156,107.61000061035156,107.3499984741211,107.41000366210938,68.79418182373047,57791,0.0,0.0,0.0
2009-02-16,108.0,108.0,107.0,107.27999877929688,68.7109146118164,40629,0.0,0.0,0.0
2009-02-17,107.48999786376953,107.48999786376953,106.97000122070312,107.1500015258789,68.62765502929688,29327,0.0,0.0,0.0
2009-02-18,107.13999938964844,107.13999938964844,106.20999908447266,106.36000061035156,68.12166595458984,109543,0.0,0.0,0.0
2009-02-19,106.5,106.98999786376953,106.18000030517578,106.31999969482422,68.0960693359375,41195,0.0,0.0,0.0
2009-02-20,106.75,106.75,105.5999984741211,105.87999725341797,67.81423950195312,35338,0.0,0.0,0.0
2009-02-23,105.5,106.2699966430664,105.5,106.02999877929688,67.91033172607422,67078,0.0,0.0,0.0
2009-02-24,106.19999694824219,106.30000305175781,105.68000030517578,106.12000274658203,67.96794891357422,64950,0.0,0.0,0.0
2009-02-25,104.63999938964844,104.63999938964844,103.0999984741211,103.0999984741211,66.03370666503906,87728,0.0,0.0,0.0
2009-02-26,104.9000015258789,104.9000015258789,102.44999694824219,102.4800033569336,65.6366195678711,27718,0.0,0.0,0.0
2009-02-27,102.5,102.73999786376953,101.11000061035156,101.43000030517578,64.9640884399414,154602,0.0,0.0,0.0
2009-03-02,100.55000305175781,101.4000015258789,100.0,100.0,64.0482177734375,49026,0.0,0.0,0.0
2009-03-03,100.30000305175781,100.91999816894531,99.75,100.38999938964844,64.29800415039062,28230,0.0,0.0,0.0
2009-03-04,101.5,101.5,99.55000305175781,100.2699966430664,64.22115325927734,35971,0.0,0.0,0.0
2009-03-05,95.5,101.30000305175781,95.5,100.5,64.36845397949219,78289,0.0,0.0,0.0
2009-03-06,100.56999969482422,101.9000015258789,100.45999908447266,100.63999938964844,64.4581069946289,172029,0.0,0.0,0.0
2009-03-09,102.0,102.0,99.30000305175781,99.22000122070312,63.548622131347656,202106,0.0,0.0,0.0
2009-03-10,99.5,100.98999786376953,98.5199966430664,98.80000305175781,63.279632568359375,72718,0.0,0.0,0.0
2009-03-11,94.56999969482422,98.87000274658203,94.56999969482422,97.68000030517578,62.56229019165039,54334,0.0,0.0,0.0
2009-03-12,98.0,98.0,96.30000305175781,96.51000213623047,61.812931060791016,32104,0.0,0.0,0.0
2009-03-13,96.30999755859375,96.69999694824219,96.01000213623047,96.31999969482422,61.69123077392578,37926,0.0,0.0,0.0
2009-03-16,97.3499984741211,98.19999694824219,96.19999694824219,96.63999938964844,61.89619064331055,43385,0.0,0.0,0.0
2009-03-17,95.72000122070312,97.0,95.72000122070312,96.62999725341797,61.88978958129883,95665,0.0,0.0,0.0
2009-03-18,96.5,98.38999938964844,95.76000213623047,96.44000244140625,61.76811599731445,50458,0.0,0.0,0.0
2009-03-19,95.0,96.6500015258789,95.0,96.55000305175781,61.838539123535156,49235,0.0,0.0,0.0
2009-03-20,99.12000274658203,99.12000274658203,95.80000305175781,96.5,61.806522369384766,28242,0.0,0.0,0.0
2009-03-23,96.19999694824219,96.55000305175781,95.9000015258789,96.48999786376953,61.80012130737305,30001,0.0,0.0,0.0
2009-03-24,95.0,96.6500015258789,95.0,95.58999633789062,61.22368621826172,59001,0.0,0.0,0.0
2009-03-25,95.0999984741211,95.9000015258789,95.0999984741211,95.75,61.32615661621094,50659,0.0,0.0,0.0
2009-03-26,95.26000213623047,96.11000061035156,95.04000091552734,95.5999984741211,61.23009490966797,33314,0.0,0.0,0.0
2009-03-27,95.01000213623047,95.80000305175781,94.69999694824219,95.75,61.32615661621094,49193,0.0,0.0,0.0
2009-03-30,94.6500015258789,94.80000305175781,92.69000244140625,94.01000213623047,60.211734771728516,160456,0.0,0.0,0.0
2009-03-31,97.94000244140625,97.94000244140625,94.04000091552734,94.38999938964844,60.455116271972656,68691,0.0,0.0,0.0
2009-04-01,95.48999786376953,95.48999786376953,94.44000244140625,95.0999984741211,60.90985107421875,35992,0.0,0.0,0.0
2009-04-02,97.83999633789062,97.83999633789062,94.83999633789062,95.5,61.166015625,76562,0.0,0.0,0.0
2009-04-03,95.94000244140625,96.44999694824219,95.36000061035156,95.9800033569336,61.473472595214844,76937,0.0,0.0,0.0
2009-04-06,97.3499984741211,97.3499984741211,96.25,96.73999786376953,61.96022415161133,80361,0.0,0.0,0.0
2009-04-07,97.3499984741211,97.3499984741211,96.5,96.69999694824219,61.93463134765625,61737,0.0,0.0,0.0
2009-04-08,97.08999633789062,97.30999755859375,96.6500015258789,97.11000061035156,62.19721603393555,78528,0.0,0.0,0.0
2009-04-09,96.66999816894531,97.30000305175781,96.66999816894531,96.86000061035156,62.037113189697266,31773,0.0,0.0,0.0
2009-04-14,97.3499984741211,98.0,97.3499984741211,97.9000015258789,62.703182220458984,62136,0.0,0.0,0.0
2009-04-15,98.0,98.69999694824219,97.41000366210938,98.44999694824219,63.05546188354492,81511,0.0,0.0,0.0
2009-04-16,97.5,99.0199966430664,97.5,99.0,63.407737731933594,42108,0.0,0.0,0.0
2009-04-17,99.5,99.51000213623047,98.80999755859375,98.80999755859375,63.28605651855469,90390,0.0,0.0,0.0
2009-04-20,98.80000305175781,99.56999969482422,98.80000305175781,99.41999816894531,63.67672348022461,45030,0.0,0.0,0.0
2009-04-21,100.0,100.0,99.25,99.44000244140625,63.689552307128906,51998,0.0,0.0,0.0
2009-04-22,99.54000091552734,99.54000091552734,99.0,99.38999938964844,63.65752410888672,86351,0.0,0.0,0.0
2009-04-23,99.2699966430664,99.30000305175781,98.48999786376953,98.48999786376953,63.08110046386719,143052,0.0,0.0,0.0
2009-04-24,99.30000305175781,99.66999816894531,98.55000305175781,99.44999694824219,63.69593811035156,44314,0.0,0.0,0.0
2009-04-27,100.0,100.1500015258789,99.75,99.9800033569336,64.03538513183594,19631,0.0,0.0,0.0
2009-04-28,100.5,100.5,99.8499984741211,100.0,64.0482177734375,52148,0.0,0.0,0.0
2009-04-29,100.25,100.4000015258789,99.7699966430664,99.87999725341797,63.97136688232422,32385,0.0,0.0,0.0
2009-04-30,101.5,101.5,99.8499984741211,100.12000274658203,64.12506866455078,73182,0.0,0.0,0.0
2009-05-01,100.80000305175781,101.0,100.55999755859375,100.83000183105469,64.57981872558594,35676,0.0,0.0,0.0
2009-05-05,104.98999786376953,104.98999786376953,101.0999984741211,101.5199966430664,65.02175903320312,62220,0.0,0.0,0.0
2009-05-06,100.56999969482422,102.0999984741211,100.56999969482422,102.0999984741211,65.3932113647461,62634,0.0,0.0,0.0
2009-05-07,102.22000122070312,103.2300033569336,101.5,102.41999816894531,65.59813690185547,140580,0.0,0.0,0.0
2009-05-08,103.0,103.73999786376953,102.88999938964844,103.58000183105469,66.34114837646484,83093,0.0,0.0,0.0
2009-05-11,103.69999694824219,104.19999694824219,102.47000122070312,104.06999969482422,66.65498352050781,80109,0.0,0.0,0.0
2009-05-12,103.8499984741211,104.69999694824219,103.8499984741211,104.27999877929688,66.78947448730469,62636,0.0,0.0,0.0
2009-05-13,105.2699966430664,106.4000015258789,104.1500015258789,105.41999816894531,67.51959991455078,65429,0.0,0.0,0.0
2009-05-14,106.9800033569336,106.9800033569336,105.41999816894531,106.12000274658203,67.96794891357422,72672,0.0,0.0,0.0
2009-05-15,106.30999755859375,106.47000122070312,105.8499984741211,105.98999786376953,67.88469696044922,77422,0.0,0.0,0.0
2009-05-18,104.5999984741211,107.08999633789062,104.5999984741211,106.91999816894531,68.4803237915039,85711,0.0,0.0,0.0
2009-05-19,106.8499984741211,107.37999725341797,106.4000015258789,107.0,68.53157806396484,132839,0.0,0.0,0.0
2009-05-20,107.98999786376953,107.98999786376953,106.8499984741211,107.08000183105469,68.58283233642578,52108,0.0,0.0,0.0
2009-05-21,107.48999786376953,107.48999786376953,106.5999984741211,107.12000274658203,68.60842895507812,62490,0.0,0.0,0.0
2009-05-22,106.5,107.5,106.5,106.69999694824219,68.33943939208984,93136,0.0,0.0,0.0
2009-05-26,107.5,107.51000213623047,106.69999694824219,106.8499984741211,68.43550109863281,45919,0.0,0.0,0.0
2009-05-27,106.0,106.0,105.30000305175781,105.5999984741211,67.6349105834961,150329,0.0,0.0,0.0
2009-05-28,105.62999725341797,105.62999725341797,104.8499984741211,105.19999694824219,67.37871551513672,30756,0.0,0.0,0.0
2009-05-29,105.80999755859375,105.83000183105469,105.01000213623047,105.72000122070312,67.71177673339844,53470,0.0,0.0,0.0
2009-06-01,106.5,106.5,104.94999694824219,104.81999969482422,67.13532257080078,87816,0.0,0.0,0.0
2009-06-02,108.58999633789062,108.58999633789062,104.51000213623047,104.70999908447266,67.06490325927734,50657,0.0,0.0,0.0
2009-06-03,105.5,105.7300033569336,104.94999694824219,105.69000244140625,67.69254302978516,54165,0.0,0.0,0.0
2009-06-04,107.25,107.25,104.79000091552734,105.4000015258789,67.50684356689453,66887,0.0,0.0,0.0
2009-06-05,106.30000305175781,106.5,104.75,105.72000122070312,67.71177673339844,77226,0.0,0.0,0.0
2009-06-08,105.0,106.77999877929688,105.0,106.51000213623047,68.2177505493164,37439,0.0,0.0,0.0
2009-06-09,106.68000030517578,107.31999969482422,106.25,107.0999984741211,68.59564971923828,121367,0.0,0.0,0.0
2009-06-10,104.51000213623047,107.16000366210938,104.51000213623047,106.56999969482422,68.25616455078125,51945,0.0,0.0,0.0
2009-06-11,108.5,108.5,105.5,106.0,67.89110565185547,39308,0.0,0.0,0.0
2009-06-12,106.0,106.47000122070312,105.80000305175781,106.26000213623047,68.05764770507812,71768,0.0,0.0,0.0
2009-06-15,106.25,107.47000122070312,106.25,106.9800033569336,68.518798828125,19487,0.0,0.0,0.0
2009-06-16,107.6500015258789,107.7300033569336,106.9000015258789,107.25,68.69171142578125,79477,0.0,0.0,0.0
2009-06-17,107.69999694824219,107.69999694824219,107.0999984741211,107.25,68.69171142578125,56657,0.0,0.0,0.0
2009-06-18,107.5,107.5,106.70999908447266,106.55000305175781,68.24337005615234,27451,0.0,0.0,0.0
2009-06-19,107.23999786376953,107.23999786376953,107.23999786376953,107.0,68.53157806396484,76737,0.0,0.0,0.0
2009-06-22,106.63999938964844,106.63999938964844,106.63999938964844,107.0999984741211,68.59564971923828,42132,0.0,0.0,0.0
2009-06-23,108.5,108.5,108.5,108.0,69.17205810546875,43167,0.0,0.0,0.0
2009-06-24,107.4000015258789,108.94000244140625,107.4000015258789,108.3499984741211,69.396240234375,44741,0.0,0.0,0.0
2009-06-25,108.05000305175781,109.0,108.0,108.66000366210938,69.59477996826172,70970,0.0,0.0,0.0
2009-06-26,109.9000015258789,109.9000015258789,108.30000305175781,108.70999908447266,69.6268310546875,57344,0.0,0.0,0.0
2009-06-29,109.5199966430664,110.05999755859375,108.9000015258789,109.79000091552734,70.31852722167969,41340,0.0,0.0,0.0
2009-06-30,109.80000305175781,110.08000183105469,109.0,109.41000366210938,70.07513427734375,32126,0.0,0.0,0.0
2009-07-01,110.9800033569336,110.9800033569336,108.75,109.02999877929688,69.8317642211914,97378,0.0,0.0,0.0
2009-07-02,113.0,113.0,108.69000244140625,109.19999694824219,69.94065856933594,70024,0.0,0.0,0.0
2009-07-03,109.91999816894531,109.91999816894531,108.5,109.18000030517578,69.92784881591797,49479,0.0,0.0,0.0
2009-07-06,110.25,110.44999694824219,108.5,108.5,69.49230194091797,232977,0.0,0.0,0.0
2009-07-07,110.5,110.5,108.73999786376953,109.0999984741211,69.8765869140625,60340,0.0,0.0,0.0
2009-07-08,109.05999755859375,109.69999694824219,109.0,109.11000061035156,69.88300323486328,170196,0.0,0.0,0.0
2009-07-09,109.19999694824219,109.66000366210938,108.2300033569336,108.2300033569336,69.31938171386719,36625,0.0,0.0,0.0
2009-07-10,109.0999984741211,109.0999984741211,108.25,108.86000061035156,69.7228775024414,42230,0.0,0.0,0.0
2009-07-13,108.75,109.72000122070312,108.75,109.72000122070312,70.27369689941406,102284,0.0,0.0,0.0
2009-07-14,109.88999938964844,109.88999938964844,109.30000305175781,109.51000213623047,70.13917541503906,27403,0.0,0.0,0.0
2009-07-15,109.9000015258789,109.9000015258789,109.19999694824219,109.37999725341797,70.05594635009766,93261,0.0,0.0,0.0
2009-07-16,109.30000305175781,109.5999984741211,108.88999938964844,109.25,69.97265625,109557,0.0,0.0,0.0
2009-07-17,108.9800033569336,110.25,108.9800033569336,109.70999908447266,70.26730346679688,63385,0.0,0.0,0.0
2009-07-20,109.87999725341797,109.9000015258789,109.5,109.77999877929688,70.31211853027344,85455,0.0,0.0,0.0
2009-07-21,110.19999694824219,110.62999725341797,109.94999694824219,110.44999694824219,70.74124908447266,36152,0.0,0.0,0.0
2009-07-22,111.5,111.5,110.05000305175781,110.63999938964844,70.86294555664062,72655,0.0,0.0,0.0
2009-07-23,110.44000244140625,110.87000274658203,109.9000015258789,110.41000366210938,70.71563720703125,31254,0.0,0.0,0.0
2009-07-24,110.80000305175781,111.0999984741211,110.13999938964844,110.80000305175781,70.96541595458984,35460,0.0,0.0,0.0
2009-07-27,111.05999755859375,111.3499984741211,110.68000030517578,111.1500015258789,71.18956756591797,30729,0.0,0.0,0.0
2009-07-28,111.80000305175781,112.1500015258789,111.30000305175781,112.1500015258789,71.8300552368164,58188,0.0,0.0,0.0
2009-07-29,112.44000244140625,112.5,111.23999786376953,112.05999755859375,71.77244567871094,93888,0.0,0.0,0.0
2009-07-30,113.0,113.0999984741211,112.05000305175781,112.5,72.05423736572266,29290,0.0,0.0,0.0
2009-07-31,113.08999633789062,114.44999694824219,112.70999908447266,114.12999725341797,73.09820556640625,59709,0.0,0.0,0.0
2009-08-03,118.0,118.0,113.75,113.75,72.85484313964844,39625,0.0,0.0,0.0
2009-08-04,114.13999938964844,114.9000015258789,113.69999694824219,114.23999786376953,73.16865539550781,40260,0.0,0.0,0.0
2009-08-05,113.91000366210938,115.19000244140625,113.75,114.6500015258789,73.4312744140625,148464,0.0,0.0,0.0
2009-08-06,114.94000244140625,116.69999694824219,114.6500015258789,115.80000305175781,74.1678237915039,63402,0.0,0.0,0.0
2009-08-07,117.26000213623047,117.30999755859375,115.94999694824219,116.38999938964844,74.54569244384766,42847,0.0,0.0,0.0
2009-08-10,113.5,117.16999816894531,113.5,116.87999725341797,74.85955810546875,35966,0.0,0.0,0.0
2009-08-11,115.0,117.0199966430664,115.0,116.1500015258789,74.3919906616211,58880,0.0,0.0,0.0
2009-08-12,116.19999694824219,116.75,115.91999816894531,116.5,74.61617279052734,55672,0.0,0.0,0.0
2009-08-13,116.72000122070312,116.72000122070312,116.0999984741211,116.19999694824219,74.42401885986328,61575,0.0,0.0,0.0
2009-08-14,117.44999694824219,117.8499984741211,116.75,117.66999816894531,75.36552429199219,65693,0.0,0.0,0.0
2009-08-17,117.05000305175781,118.1500015258789,117.05000305175781,117.62999725341797,75.33992004394531,60005,0.0,0.0,0.0
2009-08-18,117.69999694824219,118.0999984741211,117.69999694824219,117.94000244140625,75.53846740722656,72777,0.0,0.0,0.0
2009-08-19,117.69000244140625,118.31999969482422,117.44999694824219,117.54000091552734,75.28227233886719,32402,0.0,0.0,0.0
2009-08-20,117.9000015258789,117.94999694824219,117.23999786376953,117.88999938964844,75.50643920898438,48588,0.0,0.0,0.0
2009-08-21,118.0,118.0,116.25,116.62999725341797,74.69943237304688,146333,0.0,0.0,0.0
2009-08-24,116.25,116.94999694824219,116.25,116.80000305175781,74.80829620361328,91576,0.0,0.0,0.0
2009-08-25,117.5999984741211,117.66999816894531,116.80000305175781,116.93000030517578,74.89157104492188,38435,0.0,0.0,0.0
2009-08-26,116.1500015258789,116.31999969482422,115.2699966430664,115.79000091552734,74.16143798828125,42555,0.0,0.0,0.0
2009-08-27,116.05000305175781,116.05000305175781,114.9800033569336,115.25,73.8155517578125,131026,0.0,0.0,0.0
2009-08-28,115.91999816894531,115.98999786376953,115.0199966430664,115.8499984741211,74.1998519897461,45439,0.0,0.0,0.0
2009-09-01,116.0,116.0,115.44000244140625,115.75,74.13579559326172,107176,0.0,0.0,0.0
2009-09-02,115.94999694824219,116.52999877929688,115.45999908447266,115.6500015258789,74.07176971435547,84736,0.0,0.0,0.0
2009-09-03,116.02999877929688,116.0999984741211,115.30000305175781,115.62999725341797,74.05895233154297,54636,0.0,0.0,0.0
2009-09-04,114.86000061035156,116.33000183105469,114.86000061035156,115.6500015258789,74.07176971435547,60085,0.0,0.0,0.0
2009-09-07,116.0,116.69999694824219,115.8499984741211,116.55000305175781,74.64818572998047,40596,0.0,0.0,0.0
2009-09-08,116.44999694824219,116.44999694824219,115.75,116.08999633789062,74.35356140136719,56068,0.0,0.0,0.0
2009-09-09,116.0,116.62000274658203,115.95999908447266,116.33000183105469,74.50728607177734,34344,0.0,0.0,0.0
2009-09-10,116.2699966430664,116.66999816894531,115.55000305175781,116.22000122070312,74.43684387207031,47210,0.0,0.0,0.0
2009-09-11,116.69999694824219,117.4000015258789,115.86000061035156,117.26000213623047,75.10293579101562,46214,0.0,0.0,0.0
2009-09-14,116.80999755859375,117.5,116.80999755859375,117.2699966430664,75.10932922363281,33531,0.0,0.0,0.0
2009-09-15,118.18000030517578,118.18000030517578,117.06999969482422,117.47000122070312,75.23741912841797,48239,0.0,0.0,0.0
2009-09-16,118.48999786376953,118.48999786376953,117.37000274658203,117.4800033569336,75.24384307861328,72419,0.0,0.0,0.0
2009-09-17,117.44999694824219,117.72000122070312,116.94999694824219,117.30999755859375,75.13497924804688,121720,0.0,0.0,0.0
2009-09-18,117.3499984741211,117.55999755859375,117.20999908447266,117.27999877929688,75.11572265625,62885,0.0,0.0,0.0
2009-09-21,117.2699966430664,117.4000015258789,116.77999877929688,117.19999694824219,75.06449890136719,75768,0.0,0.0,0.0
2009-09-22,117.3499984741211,117.37000274658203,117.0,117.27999877929688,75.11572265625,56334,0.0,0.0,0.0
2009-09-23,117.3499984741211,117.4800033569336,117.01000213623047,117.36000061035156,75.16698455810547,60066,0.0,0.0,0.0
2009-09-24,117.4000015258789,117.75,117.4000015258789,117.69999694824219,75.3847427368164,33580,0.0,0.0,0.0
2009-09-25,117.19000244140625,117.9000015258789,117.19000244140625,117.9000015258789,75.51282501220703,96008,0.0,0.0,0.0
2009-09-28,117.62000274658203,117.98999786376953,117.05000305175781,117.3499984741211,75.16056823730469,117581,0.0,0.0,0.0
2009-09-29,117.5999984741211,118.11000061035156,117.0,117.75,75.4167709350586,45278,0.0,0.0,0.0
2009-09-30,118.23999786376953,118.23999786376953,117.69999694824219,118.04000091552734,75.6025161743164,39849,0.0,0.0,0.0
2009-10-01,118.25,118.95999908447266,117.87999725341797,118.87999725341797,76.14051055908203,27038,0.0,0.0,0.0
2009-10-02,118.7699966430664,118.80000305175781,118.06999969482422,118.19999694824219,75.7049789428711,80006,0.0,0.0,0.0
2009-10-05,119.06999969482422,119.06999969482422,118.29000091552734,118.58000183105469,75.9483642578125,36920,0.0,0.0,0.0
2009-10-06,119.22000122070312,119.22000122070312,118.5,118.5,75.89714050292969,46967,0.0,0.0,0.0
2009-10-07,119.19000244140625,119.37999725341797,118.63999938964844,119.16000366210938,76.31983947753906,54708,0.0,0.0,0.0
2009-10-08,119.19999694824219,121.83999633789062,119.0,121.83999633789062,78.03633117675781,77695,0.0,0.0,0.0
2009-10-09,116.5,119.5999984741211,116.5,118.01000213623047,75.58330535888672,100389,0.0,0.0,0.0
2009-10-12,117.9800033569336,119.52999877929688,117.9800033569336,118.80999755859375,76.0956802368164,74818,0.0,0.0,0.0
2009-10-13,119.5999984741211,119.5999984741211,118.5,118.80000305175781,76.0892562866211,44444,0.0,0.0,0.0
2009-10-14,118.80000305175781,118.80000305175781,117.9000015258789,118.25,75.73701477050781,41797,0.0,0.0,0.0
2009-10-15,117.5,118.63999938964844,117.5,117.97000122070312,75.55767822265625,43577,0.0,0.0,0.0
2009-10-16,118.79000091552734,118.79000091552734,117.75,118.0199966430664,75.58968353271484,24854,0.0,0.0,0.0
2009-10-19,118.4000015258789,118.4000015258789,117.4000015258789,117.55000305175781,75.2886734008789,17464,0.0,0.0,0.0
2009-10-20,118.4000015258789,118.5999984741211,117.83999633789062,118.0,75.5768814086914,53564,0.0,0.0,0.0
2009-10-21,118.9000015258789,118.9000015258789,117.5,117.5,75.25662994384766,64417,0.0,0.0,0.0
2009-10-22,117.52999877929688,118.02999877929688,116.83000183105469,117.44999694824219,75.22465515136719,23656,0.0,0.0,0.0
2009-10-23,117.3499984741211,118.0199966430664,117.1500015258789,117.31999969482422,75.14136505126953,37153,0.0,0.0,0.0
2009-10-26,116.70999908447266,117.66000366210938,116.70999908447266,117.06999969482422,74.98121643066406,38398,0.0,0.0,0.0
2009-10-27,117.22000122070312,117.91000366210938,117.12000274658203,117.75,75.4167709350586,120046,0.0,0.0,0.0
2009-10-28,117.5999984741211,118.19999694824219,117.5999984741211,117.69000244140625,75.37834930419922,31715,0.0,0.0,0.0
2009-10-29,117.8499984741211,117.94999694824219,117.0,117.4000015258789,75.19257354736328,23069,0.0,0.0,0.0
2009-10-30,117.27999877929688,117.9800033569336,117.27999877929688,117.76000213623047,75.42318725585938,25206,0.0,0.0,0.0
2009-11-02,117.41000366210938,117.68000030517578,116.9800033569336,117.33999633789062,75.1541519165039,41327,0.0,0.0,0.0
2009-11-03,117.19000244140625,117.9000015258789,117.19000244140625,117.43000030517578,75.2118148803711,43253,0.0,0.0,0.0
2009-11-04,116.9000015258789,117.30000305175781,116.19000244140625,116.19000244140625,74.41763305664062,25110,0.0,0.0,0.0
2009-11-05,116.7699966430664,116.9000015258789,115.33000183105469,115.48999786376953,73.96929931640625,63195,0.0,0.0,0.0
2009-11-06,116.0,116.0,115.19999694824219,115.41000366210938,73.91805267333984,69637,0.0,0.0,0.0
2009-11-09,115.5,116.33999633789062,115.5,115.95999908447266,74.2702865600586,102334,0.0,0.0,0.0
2009-11-10,116.8499984741211,116.8499984741211,115.6500015258789,116.5999984741211,74.6801986694336,67259,0.0,0.0,0.0
2009-11-11,116.30000305175781,117.1500015258789,116.25,116.88999938964844,74.86595916748047,55380,0.0,0.0,0.0
2009-11-12,116.9000015258789,117.55999755859375,115.5,116.66999816894531,74.72505187988281,69869,0.0,0.0,0.0
2009-11-13,116.47000122070312,117.25,116.20999908447266,116.5,74.61617279052734,58972,0.0,0.0,0.0
2009-11-16,115.66000366210938,117.4000015258789,115.66000366210938,117.30000305175781,75.12857055664062,65347,0.0,0.0,0.0
2009-11-17,117.23999786376953,118.2300033569336,116.41000366210938,118.2300033569336,75.72420501708984,81463,0.0,0.0,0.0
2009-11-18,117.52999877929688,118.9000015258789,117.4000015258789,117.91999816894531,75.52565002441406,36200,0.0,0.0,0.0
2009-11-19,118.44000244140625,118.58000183105469,117.08999633789062,118.33000183105469,75.78826141357422,18447,0.0,0.0,0.0
2009-11-20,118.05000305175781,118.87000274658203,117.94999694824219,118.4000015258789,75.83307647705078,13734,0.0,0.0,0.0
2009-11-23,118.79000091552734,118.83999633789062,117.9000015258789,118.31999969482422,75.78184509277344,62332,0.0,0.0,0.0
2009-11-24,117.87000274658203,118.9000015258789,117.87000274658203,118.26000213623047,75.7434310913086,24511,0.0,0.0,0.0
2009-11-25,116.61000061035156,117.61000061035156,116.4800033569336,116.97000122070312,74.91718292236328,22070,0.0,0.0,0.0
2009-11-26,117.12000274658203,117.33000183105469,116.0,117.12999725341797,75.01966857910156,52451,0.0,0.0,0.0
2009-11-27,117.06999969482422,117.95999908447266,116.2300033569336,116.38999938964844,74.54569244384766,56574,0.0,0.0,0.0
2009-11-30,116.55000305175781,117.30000305175781,116.55000305175781,116.91999816894531,74.88516998291016,31903,0.0,0.0,0.0
2009-12-01,116.12999725341797,117.30000305175781,116.12999725341797,117.02999877929688,74.95560455322266,55547,0.0,0.0,0.0
2009-12-02,116.8499984741211,117.58999633789062,116.8499984741211,117.08000183105469,74.98765563964844,95728,0.0,0.0,0.0
2009-12-03,117.29000091552734,117.47000122070312,116.19000244140625,117.05999755859375,74.97484588623047,43941,0.0,0.0,0.0
2009-12-04,117.30000305175781,118.5,116.0,117.01000213623047,74.94281768798828,74870,0.0,0.0,0.0
2009-12-07,118.5,118.5,116.19999694824219,116.8499984741211,74.84033966064453,146130,0.0,0.0,0.0
2009-12-08,117.20999908447266,117.6500015258789,116.4000015258789,116.9000015258789,74.87238311767578,72877,0.0,0.0,0.0
2009-12-09,116.8499984741211,117.87999725341797,116.75,117.38999938964844,75.18621826171875,28744,0.0,0.0,0.0
2009-12-10,118.0,118.0,116.30000305175781,116.63999938964844,74.70584106445312,39694,0.0,0.0,0.0
2009-12-11,116.05000305175781,116.55000305175781,115.05000305175781,116.2300033569336,74.4432373046875,54837,0.0,0.0,0.0
2009-12-14,115.75,116.5,115.75,116.25,74.4560546875,60203,0.0,0.0,0.0
2009-12-15,116.41000366210938,116.48999786376953,115.95999908447266,115.95999908447266,74.2702865600586,49116,0.0,0.0,0.0
2009-12-16,116.5,117.27999877929688,115.11000061035156,116.83000183105469,74.82752990722656,55206,0.0,0.0,0.0
2009-12-17,116.44000244140625,117.72000122070312,116.44000244140625,116.98999786376953,74.93000030517578,73658,0.0,0.0,0.0
2009-12-18,117.11000061035156,118.1500015258789,117.11000061035156,117.91999816894531,75.52565002441406,46195,0.0,0.0,0.0
2009-12-21,117.31999969482422,118.19000244140625,117.31999969482422,117.62000274658203,75.33351135253906,86752,0.0,0.0,0.0
2009-12-22,115.37000274658203,117.75,115.37000274658203,116.80999755859375,74.814697265625,30315,0.0,0.0,0.0
2009-12-23,117.0,117.16999816894531,116.25,116.25,74.4560546875,52643,0.0,0.0,0.0
2009-12-24,116.66999816894531,116.66999816894531,115.73999786376953,115.62999725341797,74.05895233154297,10008,0.0,0.0,0.0
2009-12-29,115.69999694824219,116.0999984741211,115.08000183105469,115.52999877929688,73.99490356445312,34879,0.0,0.0,0.0
2009-12-30,116.0,116.0,115.4000015258789,115.6500015258789,74.07176971435547,29996,0.0,0.0,0.0
2009-12-31,115.9000015258789,116.44999694824219,115.6500015258789,115.91000366210938,74.23828887939453,3500,0.0,0.0,0.0
2010-01-04,115.9000015258789,116.9000015258789,115.88999938964844,116.70999908447266,74.75065612792969,42904,0.0,0.0,0.0
2010-01-05,116.66000366210938,117.0,116.38999938964844,116.51000213623047,74.62255096435547,42057,0.0,0.0,0.0
2010-01-06,118.48999786376953,118.48999786376953,116.5,116.87000274658203,74.85314178466797,40163,0.0,0.0,0.0
2010-01-07,117.19000244140625,117.58000183105469,116.87000274658203,117.23999786376953,75.09012603759766,66634,0.0,0.0,0.0
2010-01-08,117.48999786376953,117.81999969482422,117.04000091552734,117.23999786376953,75.09012603759766,66846,0.0,0.0,0.0
2010-01-11,117.4000015258789,118.06999969482422,117.33999633789062,118.05000305175781,75.6089096069336,54599,0.0,0.0,0.0
2010-01-12,118.4800033569336,118.79000091552734,118.30000305175781,118.54000091552734,75.92276000976562,46862,0.0,0.0,0.0
2010-01-13,118.7699966430664,118.7699966430664,118.20999908447266,118.52999877929688,75.91634368896484,84939,0.0,0.0,0.0
2010-01-14,118.26000213623047,118.45999908447266,117.68000030517578,118.2300033569336,75.72420501708984,85106,0.0,0.0,0.0
2010-01-15,118.7699966430664,118.7699966430664,117.77999877929688,118.02999877929688,75.59611511230469,68904,0.0,0.0,0.0
2010-01-18,118.75,118.88999938964844,118.0199966430664,118.52999877929688,75.91634368896484,44806,0.0,0.0,0.0
2010-01-19,118.08000183105469,118.44000244140625,117.37000274658203,117.80999755859375,75.4552001953125,53285,0.0,0.0,0.0
2010-01-20,118.5,118.5,117.22000122070312,117.3499984741211,75.16056823730469,92692,0.0,0.0,0.0
2010-01-21,117.69999694824219,117.79000091552734,116.87000274658203,117.79000091552734,75.4423828125,38591,0.0,0.0,0.0
2010-01-22,118.11000061035156,118.27999877929688,117.19999694824219,117.08000183105469,74.98765563964844,19190,0.0,0.0,0.0
2010-01-25,117.80000305175781,117.80000305175781,116.94999694824219,117.38999938964844,75.18621826171875,29593,0.0,0.0,0.0
2010-01-26,117.16999816894531,118.16000366210938,117.01000213623047,117.6500015258789,75.35269165039062,27590,0.0,0.0,0.0
2010-01-27,118.4000015258789,118.48999786376953,117.66000366210938,118.05999755859375,75.61534881591797,75108,0.0,0.0,0.0
2010-01-28,118.48999786376953,118.48999786376953,117.19999694824219,117.56999969482422,75.30148315429688,26824,0.0,0.0,0.0
2010-01-29,117.30000305175781,117.8499984741211,117.23999786376953,117.72000122070312,75.39754486083984,28508,0.0,0.0,0.0
2010-02-01,118.13999938964844,118.13999938964844,117.22000122070312,117.44000244140625,75.21824645996094,19802,0.0,0.0,0.0
2010-02-02,117.75,117.75,117.30000305175781,117.55999755859375,75.29508209228516,31363,0.0,0.0,0.0
2010-02-03,117.73999786376953,117.9000015258789,117.13999938964844,117.63999938964844,75.34629821777344,30128,0.0,0.0,0.0
2010-02-04,117.94999694824219,118.0,117.51000213623047,117.80000305175781,75.44877624511719,23199,0.0,0.0,0.0
2010-02-05,118.0999984741211,118.3499984741211,117.55000305175781,117.63999938964844,75.34629821777344,30247,0.0,0.0,0.0
2010-02-08,118.05000305175781,118.05000305175781,117.01000213623047,117.36000061035156,75.16698455810547,23870,0.0,0.0,0.0
2010-02-09,117.45999908447266,117.45999908447266,116.75,117.02999877929688,74.95560455322266,34723,0.0,0.0,0.0
2010-02-10,117.1500015258789,117.9000015258789,116.5,117.29000091552734,75.12214660644531,18163,0.0,0.0,0.0
2010-02-11,117.25,117.45999908447266,116.75,116.98999786376953,74.93000030517578,33936,0.0,0.0,0.0
2010-02-12,117.3499984741211,117.61000061035156,116.41999816894531,116.87999725341797,74.85955810546875,15855,0.0,0.0,0.0
2010-02-15,117.12999725341797,117.30000305175781,116.2300033569336,116.38999938964844,74.54569244384766,238421,0.0,0.0,0.0
2010-02-16,116.80000305175781,116.94999694824219,116.01000213623047,116.56999969482422,74.66098022460938,73723,0.0,0.0,0.0
2010-02-17,117.12000274658203,117.12000274658203,116.19999694824219,116.68000030517578,74.73146057128906,81881,0.0,0.0,0.0
2010-02-18,116.26000213623047,116.7699966430664,115.9000015258789,116.30000305175781,74.48807525634766,31257,0.0,0.0,0.0
2010-02-19,116.55000305175781,116.55000305175781,115.75,116.30000305175781,74.48807525634766,105890,0.0,0.0,0.0
2010-02-22,116.4000015258789,116.5,115.5999984741211,116.05000305175781,74.32794952392578,51839,0.0,0.0,0.0
2010-02-23,116.54000091552734,116.79000091552734,115.75,116.4000015258789,74.55210876464844,32518,0.0,0.0,0.0
2010-02-24,114.95999908447266,115.44999694824219,114.41999816894531,115.22000122070312,73.79635620117188,43418,0.0,0.0,0.0
2010-02-25,115.80000305175781,115.80000305175781,115.0,115.5999984741211,74.03971862792969,31467,0.0,0.0,0.0
2010-02-26,115.69000244140625,115.95999908447266,115.06999969482422,115.44999694824219,73.94365692138672,67662,0.0,0.0,0.0
2010-03-01,115.0,115.29000091552734,114.55000305175781,114.76000213623047,73.5017318725586,63089,0.0,0.0,0.0
2010-03-02,115.05999755859375,115.62999725341797,114.76000213623047,115.44999694824219,73.94365692138672,55316,0.0,0.0,0.0
2010-03-03,115.75,115.75,115.12999725341797,115.5999984741211,74.03971862792969,28856,0.0,0.0,0.0
2010-03-04,116.22000122070312,116.6500015258789,115.37999725341797,116.6500015258789,74.7122573852539,66986,0.0,0.0,0.0
2010-03-05,116.4000015258789,116.75,115.98999786376953,116.01000213623047,74.30233001708984,63181,0.0,0.0,0.0
2010-03-08,116.16000366210938,116.2699966430664,115.70999908447266,116.05000305175781,74.32794952392578,37925,0.0,0.0,0.0
2010-03-09,115.55000305175781,116.93000030517578,115.55000305175781,116.61000061035156,74.68661499023438,39110,0.0,0.0,0.0
2010-03-10,116.8499984741211,116.8499984741211,116.33000183105469,116.43000030517578,74.57132720947266,58835,0.0,0.0,0.0
2010-03-11,116.72000122070312,116.72000122070312,115.8499984741211,116.18000030517578,74.41119384765625,46245,0.0,0.0,0.0
2010-03-12,115.80999755859375,116.63999938964844,115.80000305175781,116.4000015258789,74.55210876464844,26310,0.0,0.0,0.0
2010-03-15,116.54000091552734,116.73999786376953,116.37999725341797,116.58000183105469,74.66740417480469,38090,0.0,0.0,0.0
2010-03-16,117.0,117.13999938964844,116.44999694824219,117.02999877929688,74.95560455322266,95043,0.0,0.0,0.0
2010-03-17,117.5,117.5999984741211,116.80999755859375,117.5199966430664,75.26944732666016,59764,0.0,0.0,0.0
2010-03-18,117.05000305175781,117.97000122070312,117.0,117.3499984741211,75.16056823730469,49869,0.0,0.0,0.0
2010-03-19,117.61000061035156,117.61000061035156,117.25,117.43000030517578,75.2118148803711,31360,0.0,0.0,0.0
2010-03-22,117.9000015258789,117.97000122070312,117.51000213623047,117.69999694824219,75.3847427368164,59993,0.0,0.0,0.0
2010-03-23,117.9000015258789,117.9000015258789,117.69000244140625,117.79000091552734,75.4423828125,49546,0.0,0.0,0.0
2010-03-24,117.80000305175781,117.9000015258789,117.19000244140625,117.19000244140625,75.0580825805664,33585,0.0,0.0,0.0
2010-03-25,116.79000091552734,117.6500015258789,116.58999633789062,117.6500015258789,75.35269165039062,112717,0.0,0.0,0.0
2010-03-26,117.05000305175781,117.30000305175781,116.7300033569336,117.4000015258789,75.19257354736328,45212,0.0,0.0,0.0
2010-03-29,117.83000183105469,117.93000030517578,117.05000305175781,117.91000366210938,75.51923370361328,38545,0.0,0.0,0.0
2010-03-30,117.98999786376953,118.18000030517578,117.75,117.87999725341797,75.5000228881836,34952,0.0,0.0,0.0
2010-03-31,118.29000091552734,118.5,117.72000122070312,118.13999938964844,75.66655731201172,56020,0.0,0.0,0.0
2010-04-01,118.9000015258789,118.9000015258789,118.0999984741211,118.69999694824219,76.02523040771484,51287,0.0,0.0,0.0
2010-04-06,118.5,118.5,117.69000244140625,117.91999816894531,75.52565002441406,53949,0.0,0.0,0.0
2010-04-07,118.25,118.25,117.58999633789062,117.69999694824219,75.3847427368164,63341,0.0,0.0,0.0
2010-04-08,118.0999984741211,118.22000122070312,117.5,118.06999969482422,75.62171173095703,38755,0.0,0.0,0.0
2010-04-09,118.05000305175781,118.13999938964844,117.33999633789062,117.76000213623047,75.42318725585938,43878,0.0,0.0,0.0
2010-04-12,117.55000305175781,117.87999725341797,117.3499984741211,117.77999877929688,75.43598937988281,50401,0.0,0.0,0.0
2010-04-13,117.45999908447266,118.33999633789062,117.45999908447266,118.19000244140625,75.69859313964844,29167,0.0,0.0,0.0
2010-04-14,117.80999755859375,118.52999877929688,117.80999755859375,118.18000030517578,75.6921615600586,24566,0.0,0.0,0.0
2010-04-15,118.30000305175781,118.62999725341797,118.0999984741211,118.4000015258789,75.83307647705078,52838,0.0,0.0,0.0
2010-04-16,118.33999633789062,118.98999786376953,118.33999633789062,118.75,76.0572280883789,24581,0.0,0.0,0.0
2010-04-19,118.05000305175781,118.69999694824219,118.05000305175781,118.6500015258789,75.99320983886719,30812,0.0,0.0,0.0
2010-04-20,118.77999877929688,118.77999877929688,118.20999908447266,118.68000030517578,76.0124282836914,22505,0.0,0.0,0.0
2010-04-21,118.5,118.91000366210938,118.33999633789062,118.79000091552734,76.08285522460938,33064,0.0,0.0,0.0
2010-04-22,118.83999633789062,119.08000183105469,118.54000091552734,118.9000015258789,76.15333557128906,16160,0.0,0.0,0.0
2010-04-23,118.88999938964844,118.88999938964844,118.05000305175781,118.62000274658203,75.9739761352539,21370,0.0,0.0,0.0
2010-04-26,118.98999786376953,118.98999786376953,118.36000061035156,118.44000244140625,75.85868835449219,20805,0.0,0.0,0.0
2010-04-27,118.37000274658203,118.55000305175781,118.12000274658203,118.66000366210938,75.9996109008789,36195,0.0,0.0,0.0
2010-04-28,119.7699966430664,119.7699966430664,117.83999633789062,118.55000305175781,75.92916870117188,24860,0.0,0.0,0.0
2010-04-29,118.58999633789062,118.87999725341797,118.19999694824219,118.58000183105469,75.9483642578125,58498,0.0,0.0,0.0
2010-04-30,119.12000274658203,119.51000213623047,118.52999877929688,119.47000122070312,76.51837921142578,51538,0.0,0.0,0.0
2010-05-04,119.6500015258789,120.19999694824219,119.41000366210938,119.58000183105469,76.58885192871094,57748,0.0,0.0,0.0
2010-05-05,119.70999908447266,119.70999908447266,119.0199966430664,119.2300033569336,76.36469268798828,35429,0.0,0.0,0.0
2010-05-06,119.0,119.0199966430664,118.12000274658203,118.69000244140625,76.01884460449219,29787,0.0,0.0,0.0
2010-05-07,117.44000244140625,119.5,116.08000183105469,116.9000015258789,74.87238311767578,42269,0.0,0.0,0.0
2010-05-10,118.0,118.27999877929688,116.66000366210938,117.91000366210938,75.51923370361328,65926,0.0,0.0,0.0
2010-05-11,118.0,118.11000061035156,117.11000061035156,117.97000122070312,75.55767822265625,32448,0.0,0.0,0.0
2010-05-12,118.05000305175781,118.75,117.55000305175781,118.06999969482422,75.62171173095703,47842,0.0,0.0,0.0
2010-05-13,118.05000305175781,118.66000366210938,117.87000274658203,118.26000213623047,75.7434310913086,31875,0.0,0.0,0.0
2010-05-14,118.98999786376953,119.5,118.79000091552734,119.0999984741211,76.2813949584961,21128,0.0,0.0,0.0
2010-05-17,119.16000366210938,119.19000244140625,118.30000305175781,118.87000274658203,76.13410186767578,58504,0.0,0.0,0.0
2010-05-18,119.25,119.25,118.5199966430664,118.93000030517578,76.17253112792969,31814,0.0,0.0,0.0
2010-05-19,119.1500015258789,119.54000091552734,119.1500015258789,119.5999984741211,76.6016616821289,53607,0.0,0.0,0.0
2010-05-20,119.5,120.37000274658203,119.04000091552734,119.76000213623047,76.70415496826172,29499,0.0,0.0,0.0
2010-05-21,120.0,120.1500015258789,119.45999908447266,119.56999969482422,76.58245086669922,102497,0.0,0.0,0.0
2010-05-24,119.72000122070312,119.91999816894531,119.30000305175781,119.30000305175781,76.40951538085938,57304,0.0,0.0,0.0
2010-05-25,119.77999877929688,119.77999877929688,119.0,119.1500015258789,76.31343841552734,49509,0.0,0.0,0.0
2010-05-26,117.20999908447266,117.20999908447266,116.41000366210938,116.7699966430664,74.78910064697266,55344,0.0,0.0,0.0
2010-05-27,116.5999984741211,116.9800033569336,116.38999938964844,116.7699966430664,74.78910064697266,25692,0.0,0.0,0.0
2010-05-28,117.29000091552734,117.29000091552734,116.76000213623047,116.9800033569336,74.92359161376953,74571,0.0,0.0,0.0
2010-06-01,117.20999908447266,117.33999633789062,116.58000183105469,116.91000366210938,74.87877655029297,33249,0.0,0.0,0.0
2010-06-02,117.19999694824219,117.19999694824219,116.66000366210938,116.91000366210938,74.87877655029297,19418,0.0,0.0,0.0
2010-06-03,117.08000183105469,117.08000183105469,116.45999908447266,116.87999725341797,74.85955810546875,51088,0.0,0.0,0.0
2010-06-04,116.5,117.19999694824219,116.2699966430664,117.0199966430664,74.94923400878906,21252,0.0,0.0,0.0
2010-06-07,117.30000305175781,117.69999694824219,117.0,117.08000183105469,74.98765563964844,37053,0.0,0.0,0.0
2010-06-08,115.51000213623047,117.20999908447266,115.51000213623047,116.55999755859375,74.65460205078125,96373,0.0,0.0,0.0
2010-06-09,116.73999786376953,116.80000305175781,116.20999908447266,116.41999816894531,74.5649185180664,25787,0.0,0.0,0.0
2010-06-10,116.66999816894531,116.66999816894531,115.70999908447266,115.75,74.13579559326172,24869,0.0,0.0,0.0
2010-06-11,116.13999938964844,116.45999908447266,115.79000091552734,116.5199966430664,74.62899017333984,19088,0.0,0.0,0.0
2010-06-14,116.25,116.61000061035156,116.13999938964844,116.16000366210938,74.39840698242188,18779,0.0,0.0,0.0
2010-06-15,116.56999969482422,116.58000183105469,115.72000122070312,115.72000122070312,74.11658477783203,64079,0.0,0.0,0.0
2010-06-16,116.94999694824219,116.94999694824219,116.05000305175781,115.91999816894531,74.24466705322266,41025,0.0,0.0,0.0
2010-06-17,116.16000366210938,116.69000244140625,115.93000030517578,116.4000015258789,74.55210876464844,78468,0.0,0.0,0.0
2010-06-18,116.38999938964844,116.4800033569336,116.06999969482422,116.33999633789062,74.51367950439453,19989,0.0,0.0,0.0
2010-06-21,115.51000213623047,116.87000274658203,115.51000213623047,116.72000122070312,74.75708770751953,42120,0.0,0.0,0.0
2010-06-22,117.1500015258789,117.73999786376953,116.98999786376953,117.2300033569336,75.08372497558594,29614,0.0,0.0,0.0
2010-06-23,117.83000183105469,117.83000183105469,116.80999755859375,116.91000366210938,74.87877655029297,44413,0.0,0.0,0.0
2010-06-24,117.43000030517578,117.76000213623047,117.05999755859375,117.55999755859375,75.29508209228516,20564,0.0,0.0,0.0
2010-06-25,117.04000091552734,117.83999633789062,117.04000091552734,117.45999908447266,75.23101043701172,13768,0.0,0.0,0.0
2010-06-28,117.44000244140625,117.61000061035156,117.12000274658203,117.41999816894531,75.20540618896484,17095,0.0,0.0,0.0
2010-06-29,118.06999969482422,118.06999969482422,117.55000305175781,117.26000213623047,75.10293579101562,33224,0.0,0.0,0.0
2010-06-30,116.48999786376953,118.5999984741211,116.48999786376953,118.23999786376953,75.73060607910156,73238,0.0,0.0,0.0
2010-07-01,118.38999938964844,119.16999816894531,118.25,118.9000015258789,76.15333557128906,68294,0.0,0.0,0.0
2010-07-02,119.22000122070312,119.22000122070312,118.44999694824219,118.88999938964844,76.14692687988281,37999,0.0,0.0,0.0
2010-07-05,118.0,119.16000366210938,118.0,118.8499984741211,76.12130737304688,18154,0.0,0.0,0.0
2010-07-06,119.0,119.55000305175781,118.73999786376953,118.80999755859375,76.0956802368164,36238,0.0,0.0,0.0
2010-07-07,119.4000015258789,119.4000015258789,118.80000305175781,118.94000244140625,76.17891693115234,27617,0.0,0.0,0.0
2010-07-08,118.80000305175781,119.36000061035156,118.41999816894531,118.80000305175781,76.0892562866211,14947,0.0,0.0,0.0
2010-07-09,118.44999694824219,119.41000366210938,118.41000366210938,119.02999877929688,76.236572265625,37880,0.0,0.0,0.0
2010-07-12,119.75,119.75,118.25,118.98999786376953,76.21098327636719,31286,0.0,0.0,0.0
2010-07-13,119.4000015258789,119.4800033569336,118.75,118.80999755859375,76.0956802368164,23071,0.0,0.0,0.0
2010-07-14,118.83000183105469,119.4000015258789,118.83000183105469,118.75,76.0572280883789,80453,0.0,0.0,0.0
2010-07-15,119.05999755859375,119.4000015258789,118.70999908447266,118.97000122070312,76.1981430053711,45688,0.0,0.0,0.0
2010-07-16,119.0199966430664,119.56999969482422,119.01000213623047,119.44000244140625,76.49920654296875,24890,0.0,0.0,0.0
2010-07-19,119.73999786376953,119.73999786376953,119.31999969482422,119.33999633789062,76.43517303466797,36215,0.0,0.0,0.0
2010-07-20,118.6500015258789,119.33999633789062,118.6500015258789,119.23999786376953,76.3710708618164,46584,0.0,0.0,0.0
2010-07-21,119.2699966430664,119.41999816894531,119.0999984741211,119.19999694824219,76.34547424316406,85768,0.0,0.0,0.0
2010-07-22,120.37999725341797,120.37999725341797,119.01000213623047,119.04000091552734,76.24297332763672,60641,0.0,0.0,0.0
2010-07-23,119.55999755859375,119.55999755859375,118.62000274658203,119.05000305175781,76.2493896484375,74734,0.0,0.0,0.0
2010-07-26,119.02999877929688,119.29000091552734,118.6500015258789,118.83000183105469,76.10848999023438,29997,0.0,0.0,0.0
2010-07-27,118.69999694824219,119.1500015258789,118.4000015258789,118.69000244140625,76.01884460449219,43342,0.0,0.0,0.0
2010-07-28,119.45999908447266,119.45999908447266,118.69000244140625,118.9000015258789,76.15333557128906,70477,0.0,0.0,0.0
2010-07-29,119.41000366210938,119.47000122070312,118.80000305175781,119.51000213623047,76.54400634765625,87044,0.0,0.0,0.0
2010-07-30,120.0999984741211,120.55000305175781,120.0,120.31999969482422,77.06282806396484,16356,0.0,0.0,0.0
2010-08-02,120.94999694824219,120.94999694824219,120.04000091552734,120.66999816894531,77.28699493408203,28481,0.0,0.0,0.0
2010-08-03,120.98999786376953,121.80999755859375,120.66999816894531,121.6500015258789,77.9146499633789,26097,0.0,0.0,0.0
2010-08-04,121.94000244140625,121.98999786376953,121.51000213623047,121.7300033569336,77.96588897705078,44651,0.0,0.0,0.0
2010-08-05,122.01000213623047,122.58999633789062,121.69000244140625,122.30000305175781,78.33097076416016,47079,0.0,0.0,0.0
2010-08-06,122.12999725341797,122.73999786376953,122.12999725341797,122.44999694824219,78.42701721191406,342346,0.0,0.0,0.0
2010-08-09,122.23999786376953,122.77999877929688,122.22000122070312,122.33000183105469,78.35016632080078,339485,0.0,0.0,0.0
2010-08-10,122.08999633789062,122.6500015258789,122.02999877929688,122.30000305175781,78.33097076416016,89403,0.0,0.0,0.0
2010-08-11,126.0,126.0,122.43000030517578,122.66999816894531,78.56791687011719,34794,0.0,0.0,0.0
2010-08-12,124.0,124.0,122.44999694824219,122.9000015258789,78.71526336669922,30967,0.0,0.0,0.0
2010-08-13,122.9000015258789,123.16000366210938,122.69000244140625,122.9000015258789,78.71526336669922,31810,0.0,0.0,0.0
2010-08-16,123.08000183105469,123.9800033569336,122.69999694824219,124.04000091552734,79.44538116455078,39573,0.0,0.0,0.0
2010-08-17,123.5999984741211,123.9000015258789,123.3499984741211,123.3499984741211,79.00346374511719,116714,0.0,0.0,0.0
2010-08-18,123.5,124.16999816894531,123.5,123.95999908447266,79.3941650390625,31064,0.0,0.0,0.0
2010-08-19,123.87000274658203,124.55999755859375,123.75,124.37000274658203,79.65677642822266,16378,0.0,0.0,0.0
2010-08-20,124.08000183105469,124.7300033569336,124.08000183105469,124.5999984741211,79.8040771484375,29677,0.0,0.0,0.0
2010-08-23,125.0,125.0,124.19000244140625,124.4800033569336,79.7271957397461,74357,0.0,0.0,0.0
2010-08-24,125.0,125.86000061035156,125.0,125.56999969482422,80.42534637451172,19796,0.0,0.0,0.0
2010-08-25,124.31999969482422,124.73999786376953,123.80000305175781,124.30999755859375,79.61831665039062,124135,0.0,0.0,0.0
2010-08-26,124.30000305175781,124.58000183105469,123.91000366210938,124.2699966430664,79.59271240234375,25427,0.0,0.0,0.0
2010-08-27,124.18000030517578,124.30000305175781,123.76000213623047,123.7699966430664,79.27249908447266,22765,0.0,0.0,0.0
2010-08-31,125.9000015258789,125.9000015258789,124.0999984741211,124.23999786376953,79.57351684570312,15349,0.0,0.0,0.0
2010-09-01,124.01000213623047,124.2300033569336,123.08999633789062,123.2699966430664,78.95222473144531,23978,0.0,0.0,0.0
2010-09-02,123.9000015258789,123.9000015258789,122.75,122.75,78.61919403076172,17587,0.0,0.0,0.0
2010-09-03,126.0,126.0,121.1500015258789,122.05999755859375,78.17723846435547,165628,0.0,0.0,0.0
2010-09-06,122.6500015258789,122.6500015258789,122.02999877929688,122.16999816894531,78.24771881103516,227610,0.0,0.0,0.0
2010-09-07,122.4800033569336,122.94999694824219,122.30999755859375,122.30999755859375,78.33736419677734,35503,0.0,0.0,0.0
2010-09-08,122.87999725341797,122.98999786376953,121.83999633789062,122.19999694824219,78.26691436767578,32324,0.0,0.0,0.0
2010-09-09,120.5,122.55000305175781,120.5,121.62000274658203,77.89545440673828,48659,0.0,0.0,0.0
2010-09-10,121.83999633789062,121.83999633789062,120.94999694824219,120.91999816894531,77.4471206665039,62484,0.0,0.0,0.0
2010-09-13,120.9000015258789,121.0,120.61000061035156,120.9000015258789,77.43429565429688,23792,0.0,0.0,0.0
2010-09-14,121.4000015258789,121.87000274658203,121.30999755859375,121.37000274658203,77.73532104492188,26264,0.0,0.0,0.0
2010-09-15,120.0,121.9000015258789,120.0,121.9000015258789,78.07477569580078,13333,0.0,0.0,0.0
2010-09-16,121.6500015258789,121.6500015258789,120.61000061035156,120.93000030517578,77.4535140991211,28933,0.0,0.0,0.0
2010-09-17,121.48999786376953,121.48999786376953,120.69999694824219,120.7699966430664,77.35101318359375,53857,0.0,0.0,0.0
2010-09-20,120.88999938964844,121.11000061035156,120.55999755859375,120.7300033569336,77.3254165649414,10210,0.0,0.0,0.0
2010-09-21,120.01000213623047,121.33000183105469,119.0999984741211,120.98999786376953,77.49192810058594,31187,0.0,0.0,0.0
2010-09-22,121.91999816894531,122.41000366210938,121.4000015258789,122.30000305175781,78.33097076416016,59579,0.0,0.0,0.0
2010-09-23,125.5,125.5,121.77999877929688,122.43000030517578,78.41423034667969,49890,0.0,0.0,0.0
2010-09-24,123.08000183105469,123.08000183105469,121.83000183105469,121.91999816894531,78.08757019042969,40705,0.0,0.0,0.0
2010-09-27,120.01000213623047,122.69999694824219,120.01000213623047,122.5,78.45906066894531,16219,0.0,0.0,0.0
2010-09-28,123.20999908447266,123.20999908447266,122.16999816894531,122.88999938964844,78.70884704589844,36789,0.0,0.0,0.0
2010-09-29,123.12999725341797,123.5999984741211,122.81999969482422,123.58999633789062,79.15717315673828,81291,0.0,0.0,0.0
2010-09-30,124.0,124.16999816894531,122.45999908447266,122.77999877929688,78.63838195800781,106967,0.0,0.0,0.0
2010-10-01,123.48999786376953,123.48999786376953,122.26000213623047,122.7300033569336,78.60636901855469,48921,0.0,0.0,0.0
2010-10-04,123.4000015258789,123.4000015258789,122.58000183105469,122.69000244140625,78.58075714111328,17632,0.0,0.0,0.0
2010-10-05,123.88999938964844,123.88999938964844,122.1500015258789,122.4000015258789,78.39501190185547,37039,0.0,0.0,0.0
2010-10-06,122.80000305175781,123.1500015258789,122.36000061035156,122.98999786376953,78.77289581298828,21516,0.0,0.0,0.0
2010-10-07,122.72000122070312,122.95999908447266,122.54000091552734,122.7699966430664,78.63196563720703,26174,0.0,0.0,0.0
2010-10-08,123.1500015258789,123.56999969482422,122.80000305175781,123.41999816894531,79.04829406738281,19867,0.0,0.0,0.0
2010-10-11,122.98999786376953,123.47000122070312,122.98999786376953,123.05999755859375,78.81773376464844,22400,0.0,0.0,0.0
2010-10-12,123.68000030517578,123.83999633789062,123.5,123.66999816894531,79.20842742919922,26518,0.0,0.0,0.0
2010-10-13,123.73999786376953,123.75,123.25,123.75,79.25967407226562,28073,0.0,0.0,0.0
2010-10-14,123.30000305175781,123.75,123.30000305175781,123.44000244140625,79.06112670898438,10213,0.0,0.0,0.0
2010-10-15,123.61000061035156,123.61000061035156,122.80999755859375,122.87999725341797,78.70243835449219,24942,0.0,0.0,0.0
2010-10-18,122.9800033569336,122.9800033569336,122.3499984741211,122.55000305175781,78.49107360839844,11905,0.0,0.0,0.0
2010-10-19,122.5999984741211,122.7699966430664,122.04000091552734,122.2699966430664,78.31173706054688,37667,0.0,0.0,0.0
2010-10-20,122.25,122.72000122070312,122.08000183105469,122.45999908447266,78.43347930908203,31539,0.0,0.0,0.0
2010-10-21,122.94000244140625,123.33000183105469,122.5,123.02999877929688,78.79850769042969,33114,0.0,0.0,0.0
2010-10-22,123.25,123.2699966430664,122.91999816894531,122.83000183105469,78.6704330444336,21789,0.0,0.0,0.0
2010-10-25,123.05999755859375,123.56999969482422,123.05999755859375,123.44000244140625,79.06112670898438,47244,0.0,0.0,0.0
2010-10-26,122.76000213623047,122.83999633789062,122.1500015258789,122.5,78.45906066894531,18593,0.0,0.0,0.0
2010-10-27,122.0,122.26000213623047,121.25,121.45999908447266,77.7929458618164,47569,0.0,0.0,0.0
2010-10-28,122.0,122.0,121.30000305175781,121.54000091552734,77.84420013427734,30686,0.0,0.0,0.0
2010-10-29,121.5,122.19000244140625,121.0,122.0199966430664,78.151611328125,27079,0.0,0.0,0.0
2010-11-01,122.1500015258789,122.63999938964844,122.13999938964844,122.25,78.2989273071289,35073,0.0,0.0,0.0
2010-11-02,122.5,122.5,121.7300033569336,122.0,78.13882446289062,11170,0.0,0.0,0.0
2010-11-03,122.4000015258789,122.56999969482422,122.18000030517578,122.41999816894531,78.40782928466797,75217,0.0,0.0,0.0
2010-11-04,122.66999816894531,122.94999694824219,121.43000030517578,122.58000183105469,78.51029968261719,44554,0.0,0.0,0.0
2010-11-05,122.37000274658203,122.72000122070312,122.30999755859375,122.31999969482422,78.34376525878906,17579,0.0,0.0,0.0
2010-11-08,123.16000366210938,123.16000366210938,121.77999877929688,122.22000122070312,78.27972412109375,22929,0.0,0.0,0.0
2010-11-09,122.80000305175781,122.80000305175781,121.37999725341797,121.55000305175781,77.8506088256836,34623,0.0,0.0,0.0
2010-11-10,121.58999633789062,121.58999633789062,120.18000030517578,120.33999633789062,77.07560729980469,63268,0.0,0.0,0.0
2010-11-11,121.0999984741211,121.0999984741211,119.55999755859375,119.66999816894531,76.64651489257812,61963,0.0,0.0,0.0
2010-11-12,119.69999694824219,119.83999633789062,119.12000274658203,119.54000091552734,76.56324005126953,45952,0.0,0.0,0.0
2010-11-15,119.06999969482422,119.30000305175781,118.61000061035156,118.77999877929688,76.07647705078125,35201,0.0,0.0,0.0
2010-11-16,119.81999969482422,121.5999984741211,118.55999755859375,118.70999908447266,76.03162384033203,24035,0.0,0.0,0.0
2010-11-17,119.05999755859375,119.31999969482422,118.7300033569336,118.87000274658203,76.13410186767578,43415,0.0,0.0,0.0
2010-11-18,118.69999694824219,118.69999694824219,118.0,118.08999633789062,75.6345443725586,27963,0.0,0.0,0.0
2010-11-19,118.25,118.52999877929688,117.9000015258789,118.52999877929688,75.91634368896484,24670,0.0,0.0,0.0
2010-11-22,117.93000030517578,118.83999633789062,117.93000030517578,118.45999908447266,75.87150573730469,36245,0.0,0.0,0.0
2010-11-23,118.58000183105469,118.9000015258789,118.41999816894531,118.75,76.0572280883789,27332,0.0,0.0,0.0
2010-11-24,115.9800033569336,117.38999938964844,115.9800033569336,116.1500015258789,74.3919906616211,86422,0.0,0.0,0.0
2010-11-25,115.5,116.58000183105469,115.5,116.37000274658203,74.53290557861328,35409,0.0,0.0,0.0
2010-11-26,116.01000213623047,116.18000030517578,115.58000183105469,115.91000366210938,74.23828887939453,30022,0.0,0.0,0.0
2010-11-29,115.80000305175781,116.06999969482422,115.31999969482422,115.76000213623047,74.1422119140625,174025,0.0,0.0,0.0
2010-11-30,120.0,120.0,115.26000213623047,115.80000305175781,74.1678237915039,94291,0.0,0.0,0.0
2010-12-01,115.3499984741211,115.3499984741211,114.7300033569336,114.87999725341797,73.57857513427734,40956,0.0,0.0,0.0
2010-12-02,114.0,115.56999969482422,114.0,114.5199966430664,73.3479995727539,59586,0.0,0.0,0.0
2010-12-03,114.5,115.36000061035156,114.43000030517578,115.1500015258789,73.75150299072266,25216,0.0,0.0,0.0
2010-12-06,115.44000244140625,115.44000244140625,114.20999908447266,114.72000122070312,73.47611999511719,26078,0.0,0.0,0.0
2010-12-07,114.19999694824219,114.69000244140625,114.04000091552734,114.31999969482422,73.21991729736328,32659,0.0,0.0,0.0
2010-12-08,114.0,114.2699966430664,113.54499816894531,114.0999984741211,73.07901000976562,29769,0.0,0.0,0.0
2010-12-09,113.43000030517578,114.62999725341797,113.43000030517578,114.5,73.33518981933594,57101,0.0,0.0,0.0
2010-12-10,114.05000305175781,114.6500015258789,114.05000305175781,114.47000122070312,73.31598663330078,25054,0.0,0.0,0.0
2010-12-13,114.0199966430664,114.54000091552734,113.76000213623047,113.94000244140625,72.97652435302734,35432,0.0,0.0,0.0
2010-12-14,114.68000030517578,114.69999694824219,113.80999755859375,114.0199966430664,73.02777099609375,33518,0.0,0.0,0.0
2010-12-15,113.72000122070312,114.6500015258789,113.72000122070312,114.19999694824219,73.14306640625,34093,0.0,0.0,0.0
2010-12-16,113.72000122070312,114.6500015258789,113.72000122070312,114.1500015258789,73.11103057861328,0,0.0,0.0,0.0
2010-12-17,114.70999908447266,115.08000183105469,114.30999755859375,114.5,73.33518981933594,77544,0.0,0.0,0.0
2010-12-20,115.5,115.5,114.13999938964844,114.95999908447266,73.62983703613281,61652,0.0,0.0,0.0
2010-12-21,114.9800033569336,115.0,114.58999633789062,114.68000030517578,73.45049285888672,176967,0.0,0.0,0.0
2010-12-22,114.80000305175781,115.47000122070312,114.5,114.62000274658203,73.41206359863281,107490,0.0,0.0,0.0
2010-12-23,115.0199966430664,115.43000030517578,114.55000305175781,115.43000030517578,73.93083953857422,91062,0.0,0.0,0.0
2010-12-24,115.69999694824219,115.69999694824219,114.66000366210938,114.88999938964844,73.5849838256836,4155,0.0,0.0,0.0
2010-12-29,113.5,115.5,113.43000030517578,114.29000091552734,73.20072937011719,60365,0.0,0.0,0.0
2010-12-30,113.43000030517578,115.76000213623047,113.43000030517578,115.76000213623047,74.1422119140625,35129,0.0,0.0,0.0
2010-12-31,115.93000030517578,116.12999725341797,115.91999816894531,116.12999725341797,74.37918090820312,4049,0.0,0.0,0.0
2011-01-04,118.0,118.0,115.23999786376953,115.66000366210938,74.07817840576172,19093,0.0,0.0,0.0
2011-01-05,116.0,116.12000274658203,114.73999786376953,114.80999755859375,73.53372192382812,61699,0.0,0.0,0.0
2011-01-06,115.33000183105469,115.43000030517578,114.66999816894531,115.43000030517578,73.93083953857422,70475,0.0,0.0,0.0
2011-01-07,115.73999786376953,115.73999786376953,114.9000015258789,115.30000305175781,73.84757232666016,64809,0.0,0.0,0.0
2011-01-10,115.5999984741211,115.5999984741211,114.58000183105469,115.22000122070312,73.79635620117188,46661,0.0,0.0,0.0
2011-01-11,115.0,115.31999969482422,114.4800033569336,114.69999694824219,73.4632797241211,80578,0.0,0.0,0.0
2011-01-12,114.55999755859375,114.5999984741211,114.19000244140625,114.2699966430664,73.1878890991211,35493,0.0,0.0,0.0
2011-01-13,114.2699966430664,115.08000183105469,114.2699966430664,115.08000183105469,73.7066879272461,30664,0.0,0.0,0.0
2011-01-14,115.4000015258789,115.4000015258789,114.5199966430664,115.0,73.65544128417969,41854,0.0,0.0,0.0
2011-01-17,115.4000015258789,115.4000015258789,114.58999633789062,114.9000015258789,73.59139251708984,22902,0.0,0.0,0.0
2011-01-18,114.83999633789062,114.94000244140625,114.44999694824219,114.62000274658203,73.41206359863281,19884,0.0,0.0,0.0
2011-01-19,115.0,115.27999877929688,114.30000305175781,115.27999877929688,73.83477020263672,91147,0.0,0.0,0.0
2011-01-20,115.4000015258789,115.4000015258789,114.55000305175781,114.9800033569336,73.64262390136719,73206,0.0,0.0,0.0
2011-01-21,115.4000015258789,115.4000015258789,114.55000305175781,114.98999786376953,73.64904022216797,0,0.0,0.0,0.0
2011-01-24,114.87999725341797,115.4000015258789,114.87999725341797,115.4000015258789,73.91165924072266,26754,0.0,0.0,0.0
2011-01-25,115.4000015258789,116.33000183105469,114.93000030517578,115.79000091552734,74.16143798828125,56717,0.0,0.0,0.0
2011-01-26,115.58000183105469,115.75,115.11000061035156,115.4800033569336,73.96289825439453,82603,0.0,0.0,0.0
2011-01-27,116.01000213623047,116.01000213623047,115.0,115.19999694824219,73.78353118896484,44430,0.0,0.0,0.0
2011-01-28,115.43000030517578,115.62000274658203,114.83000183105469,115.62000274658203,74.05254364013672,151765,0.0,0.0,0.0
2011-01-31,115.0199966430664,115.4000015258789,115.0199966430664,115.05999755859375,73.6938705444336,26481,0.0,0.0,0.0
2011-02-01,115.58999633789062,115.58999633789062,114.81999969482422,115.25,73.8155517578125,28581,0.0,0.0,0.0
2011-02-02,115.0,115.33999633789062,114.72000122070312,115.06999969482422,73.70027923583984,59981,0.0,0.0,0.0
2011-02-03,114.94999694824219,114.94999694824219,114.2699966430664,114.81999969482422,73.5401611328125,16422,0.0,0.0,0.0
2011-02-04,114.80000305175781,114.91000366210938,114.56999969482422,114.54000091552734,73.36082458496094,33481,0.0,0.0,0.0
2011-02-07,114.16000366210938,114.66999816894531,114.16000366210938,114.56999969482422,73.3800277709961,10412,0.0,0.0,0.0
2011-02-08,114.6500015258789,115.01000213623047,114.41999816894531,114.5999984741211,73.39923858642578,22848,0.0,0.0,0.0
2011-02-09,115.20999908447266,115.20999908447266,114.22000122070312,114.22000122070312,73.15587615966797,30235,0.0,0.0,0.0
2011-02-10,115.11000061035156,115.11000061035156,114.44000244140625,114.5199966430664,73.3479995727539,26335,0.0,0.0,0.0
2011-02-11,114.80000305175781,115.22000122070312,114.5999984741211,114.75,73.49533081054688,236163,0.0,0.0,0.0
2011-02-14,114.52999877929688,115.2020034790039,114.5,115.05999755859375,73.6938705444336,13902,0.0,0.0,0.0
2011-02-15,115.29000091552734,115.29000091552734,114.56300354003906,114.83999633789062,73.552978515625,28776,0.0,0.0,0.0
2011-02-16,115.0,115.59200286865234,114.97000122070312,115.16000366210938,73.75790405273438,46993,0.0,0.0,0.0
2011-02-17,115.19999694824219,115.7300033569336,114.73999786376953,115.2699966430664,73.8283462524414,41760,0.0,0.0,0.0
2011-02-18,115.5,118.16000366210938,11.621000289916992,115.5999984741211,74.03971862792969,81261,0.0,0.0,0.0
2011-02-21,114.13999938964844,116.3499984741211,114.13999938964844,116.25,74.4560546875,22761,0.0,0.0,0.0
2011-02-22,116.79000091552734,116.79000091552734,114.85549926757812,115.9000015258789,74.23185729980469,29876,0.0,0.0,0.0
2011-02-23,114.77999877929688,115.28600311279297,114.3499984741211,115.01000213623047,73.66184997558594,34379,0.0,0.0,0.0
2011-02-24,115.0999984741211,115.51100158691406,114.7979965209961,115.08499908447266,73.70987701416016,51378,0.0,0.0,0.0
2011-02-25,115.19999694824219,115.33000183105469,114.65299987792969,115.17500305175781,73.76750946044922,20495,0.0,0.0,0.0
2011-02-28,115.3499984741211,115.73100280761719,115.04199981689453,115.5999984741211,74.03971862792969,20575,0.0,0.0,0.0
2011-03-01,117.0,117.0,114.66999816894531,115.31500244140625,73.8572006225586,29868,0.0,0.0,0.0
2011-03-02,115.30000305175781,115.9000015258789,114.88999938964844,115.18000030517578,73.7707290649414,13154,0.0,0.0,0.0
2011-03-03,115.1765365600586,115.21048736572266,114.6500015258789,114.76000213623047,73.5017318725586,17018,0.0,0.0,0.0
2011-03-04,115.16000366210938,115.98999786376953,114.75199890136719,115.70999908447266,74.11019897460938,16542,0.0,0.0,0.0
2011-03-07,115.08999633789062,115.46199798583984,114.78600311279297,115.1050033569336,73.72268676757812,106116,0.0,0.0,0.0
2011-03-08,115.05000305175781,115.66999816894531,115.05000305175781,115.20500183105469,73.78675079345703,25661,0.0,0.0,0.0
2011-03-09,115.13999938964844,115.38999938964844,114.86000061035156,115.17500305175781,73.76750946044922,24195,0.0,0.0,0.0
2011-03-10,115.58999633789062,116.19999694824219,115.2699966430664,115.67500305175781,74.0877685546875,35182,0.0,0.0,0.0
2011-03-11,116.51000213623047,116.51000213623047,115.38300323486328,115.7750015258789,74.15184020996094,23963,0.0,0.0,0.0
2011-03-14,115.8499984741211,116.30999755859375,115.5199966430664,116.19999694824219,74.42401885986328,42797,0.0,0.0,0.0
2011-03-15,116.37000274658203,116.75,115.68199920654297,116.0,74.29593658447266,59785,0.0,0.0,0.0
2011-03-16,115.81999969482422,116.75,115.81999969482422,116.20500183105469,74.42721557617188,34939,0.0,0.0,0.0
2011-03-17,116.79000091552734,116.79000091552734,115.6500015258789,115.6500015258789,74.07176971435547,47668,0.0,0.0,0.0
2011-03-18,116.38999938964844,116.77999877929688,116.0250015258789,116.29000091552734,74.4816665649414,76622,0.0,0.0,0.0
2011-03-21,115.83000183105469,116.31999969482422,115.14900207519531,116.0,74.29593658447266,22818,0.0,0.0,0.0
2011-03-22,116.79000091552734,116.79000091552734,115.4000015258789,115.58499908447266,74.0301284790039,37127,0.0,0.0,0.0
2011-03-23,116.0999984741211,116.63999938964844,115.80999755859375,116.23999786376953,74.44963073730469,81184,0.0,0.0,0.0
2011-03-24,116.2699966430664,116.5999984741211,115.87000274658203,116.55000305175781,74.64818572998047,160888,0.0,0.0,0.0
2011-03-25,115.80999755859375,116.72000122070312,115.80999755859375,116.3499984741211,74.52006530761719,24851,0.0,0.0,0.0
2011-03-28,115.25,116.79000091552734,115.25,116.46499633789062,74.59375762939453,23857,0.0,0.0,0.0
2011-03-29,116.47000122070312,116.79000091552734,116.22000122070312,116.4000015258789,74.55210876464844,43577,0.0,0.0,0.0
2011-03-30,116.16000366210938,116.68199920654297,115.61000061035156,116.43499755859375,74.57451629638672,26270,0.0,0.0,0.0
2011-03-31,116.79000091552734,116.95999908447266,115.66000366210938,116.28500366210938,74.47847747802734,130655,0.0,0.0,0.0
2011-04-01,115.66000366210938,116.75,115.43000030517578,116.19499969482422,74.42081451416016,68459,0.0,0.0,0.0
2011-04-04,116.79000091552734,116.79000091552734,115.91999816894531,116.59500122070312,74.67700958251953,28688,0.0,0.0,0.0
2011-04-05,116.76000213623047,116.76000213623047,115.93199920654297,116.0999984741211,74.35997772216797,115564,0.0,0.0,0.0
2011-04-06,115.4800033569336,116.30999755859375,115.4800033569336,115.96499633789062,74.27350616455078,88182,0.0,0.0,0.0
2011-04-07,115.43000030517578,117.58999633789062,115.43000030517578,116.58000183105469,74.66740417480469,31009,0.0,0.0,0.0
2011-04-08,116.23999786376953,116.69000244140625,115.81999969482422,115.8499984741211,74.1998519897461,18952,0.0,0.0,0.0
2011-04-11,116.0999984741211,126.0,115.5999984741211,115.92500305175781,74.2479019165039,23637,0.0,0.0,0.0
2011-04-12,116.4000015258789,117.2300033569336,115.94200134277344,116.76000213623047,74.78270721435547,34290,0.0,0.0,0.0
2011-04-13,116.79000091552734,117.18699645996094,116.41999816894531,117.13500213623047,75.0228500366211,23262,0.0,0.0,0.0
2011-04-14,117.0,117.93800354003906,116.88700103759766,117.4000015258789,75.19257354736328,72334,0.0,0.0,0.0
2011-04-15,117.75,118.0999984741211,117.13999938964844,118.0,75.5768814086914,37792,0.0,0.0,0.0
2011-04-18,118.0999984741211,119.08000183105469,118.02999877929688,118.38999938964844,75.8266830444336,50609,0.0,0.0,0.0
2011-04-19,118.0999984741211,118.5790023803711,117.30000305175781,118.08000183105469,75.62814331054688,46543,0.0,0.0,0.0
2011-04-20,117.9000015258789,118.19000244140625,117.80999755859375,117.87999725341797,75.5000228881836,39938,0.0,0.0,0.0
2011-04-21,118.0,118.58999633789062,117.84100341796875,118.4800033569336,75.88433074951172,25730,0.0,0.0,0.0
2011-04-26,118.4800033569336,119.0,117.9175033569336,118.94499969482422,76.18213653564453,35460,0.0,0.0,0.0
2011-04-27,119.1500015258789,119.47200012207031,118.29399871826172,118.5,75.89714050292969,29492,0.0,0.0,0.0
2011-04-28,118.12000274658203,119.76000213623047,118.12000274658203,119.4800033569336,76.52481079101562,47117,0.0,0.0,0.0
2011-04-29,119.43599700927734,119.43599700927734,119.43599700927734,119.43599700927734,76.49661254882812,0,0.0,0.0,0.0
2011-05-03,120.0,120.0,116.8499984741211,119.87999725341797,76.78097534179688,24411,0.0,0.0,0.0
2011-05-04,120.25,120.45999908447266,119.21800231933594,120.09500122070312,76.918701171875,30947,0.0,0.0,0.0
2011-05-05,119.5999984741211,120.08999633789062,119.30999755859375,119.74500274658203,76.69454193115234,10331,0.0,0.0,0.0
2011-05-06,120.08999633789062,120.2300033569336,119.46499633789062,119.86499786376953,76.7713851928711,15067,0.0,0.0,0.0
2011-05-09,120.30000305175781,126.0,119.13999938964844,120.11000061035156,76.92831420898438,26177,0.0,0.0,0.0
2011-05-10,119.9000015258789,120.69100189208984,119.70999908447266,120.0,76.85784912109375,12378,0.0,0.0,0.0
2011-05-11,119.76000213623047,120.4260025024414,119.0,119.30000305175781,76.40951538085938,35431,0.0,0.0,0.0
2011-05-12,119.6500015258789,120.58000183105469,119.58000183105469,120.125,76.93789672851562,42560,0.0,0.0,0.0
2011-05-13,119.94999694824219,120.25,119.6729965209961,120.0,76.85784912109375,66835,0.0,0.0,0.0
2011-05-16,120.0,121.19000244140625,119.95999908447266,120.13999938964844,76.94754028320312,71718,0.0,0.0,0.0
2011-05-17,120.1507568359375,120.48999786376953,119.6500015258789,120.12999725341797,76.94113159179688,15842,0.0,0.0,0.0
2011-05-18,119.86000061035156,120.4800033569336,119.7699966430664,119.83999633789062,76.75537109375,17304,0.0,0.0,0.0
2011-05-19,119.8499984741211,122.22000122070312,119.47000122070312,119.76000213623047,76.70415496826172,45906,0.0,0.0,0.0
2011-05-20,119.97000122070312,120.19999694824219,119.23999786376953,120.01000213623047,76.86424255371094,56089,0.0,0.0,0.0
2011-05-23,122.0,122.0,119.92400360107422,119.98999786376953,76.8514633178711,33050,0.0,0.0,0.0
2011-05-24,120.1500015258789,120.1500015258789,119.41999816894531,119.76000213623047,76.70415496826172,32333,0.0,0.0,0.0
2011-05-25,118.56999969482422,119.16000366210938,118.08999633789062,118.08999633789062,75.6345443725586,24191,0.0,0.0,0.0
2011-05-26,117.73999786376953,118.44999694824219,117.58300018310547,118.12000274658203,75.65373229980469,32475,0.0,0.0,0.0
2011-05-27,118.23999786376953,118.27999877929688,117.81500244140625,118.12000274658203,75.65373229980469,18941,0.0,0.0,0.0
2011-05-31,117.52999877929688,118.1500015258789,117.52999877929688,118.1500015258789,75.67296600341797,14919,0.0,0.0,0.0
2011-06-01,118.06199645996094,118.65699768066406,117.68000030517578,118.42500305175781,75.84910583496094,28671,0.0,0.0,0.0
2011-06-02,118.73999786376953,118.73999786376953,118.0,118.2699966430664,75.74981689453125,37718,0.0,0.0,0.0
2011-06-03,118.4000015258789,118.69999694824219,118.0,118.125,75.65693664550781,14784,0.0,0.0,0.0
2011-06-06,120.29000091552734,120.29000091552734,117.86000061035156,118.19000244140625,75.69859313964844,12487,0.0,0.0,0.0
2011-06-07,117.77999877929688,118.38999938964844,117.18000030517578,117.44999694824219,75.22465515136719,69928,0.0,0.0,0.0
2011-06-08,117.1500015258789,117.94000244140625,117.1500015258789,117.88999938964844,75.50643920898438,12888,0.0,0.0,0.0
2011-06-09,117.6500015258789,118.0199966430664,117.33000183105469,117.43000030517578,75.2118148803711,21038,0.0,0.0,0.0
2011-06-10,117.5,117.77999877929688,116.51000213623047,117.58999633789062,75.31430053710938,42335,0.0,0.0,0.0
2011-06-13,117.58999633789062,117.69999694824219,116.88999938964844,117.16999816894531,75.04529571533203,28830,0.0,0.0,0.0
2011-06-14,117.0199966430664,118.61599731445312,116.63999938964844,116.7699966430664,74.78910064697266,29241,0.0,0.0,0.0
2011-06-15,116.80000305175781,117.01000213623047,116.44400024414062,116.78500366210938,74.7987060546875,15680,0.0,0.0,0.0
2011-06-16,117.25,117.4000015258789,116.55000305175781,116.95999908447266,74.91079711914062,36400,0.0,0.0,0.0
2011-06-17,117.12000274658203,117.26799774169922,116.51000213623047,116.9000015258789,74.87238311767578,41189,0.0,0.0,0.0
2011-06-20,117.5,117.5,116.38999938964844,116.5999984741211,74.6801986694336,15859,0.0,0.0,0.0
2011-06-21,116.83999633789062,116.83999633789062,116.26599884033203,116.54000091552734,74.64177703857422,18836,0.0,0.0,0.0
2011-06-22,116.55999755859375,117.56999969482422,116.55999755859375,117.00499725341797,74.93961334228516,46642,0.0,0.0,0.0
2011-06-23,119.7699966430664,119.7699966430664,116.47563934326172,117.125,75.01646423339844,32368,0.0,0.0,0.0
2011-06-24,121.0,121.0,116.58999633789062,117.28500366210938,75.11893463134766,29957,0.0,0.0,0.0
2011-06-27,116.87000274658203,118.0,116.58000183105469,116.83999633789062,74.83391571044922,13167,0.0,0.0,0.0
2011-06-28,117.55999755859375,118.94400024414062,115.87000274658203,116.01000213623047,74.30233001708984,17913,0.0,0.0,0.0
2011-06-29,115.5999984741211,116.22000122070312,115.30000305175781,115.58999633789062,74.0333251953125,94304,0.0,0.0,0.0
2011-06-30,115.91000366210938,116.69000244140625,115.77400207519531,115.96499633789062,74.27350616455078,17216,0.0,0.0,0.0
2011-07-01,116.07527923583984,116.44999694824219,115.68000030517578,116.1050033569336,74.3631591796875,18312,0.0,0.0,0.0
2011-07-04,116.58999633789062,116.6500015258789,116.0199966430664,116.2750015258789,74.47206115722656,34936,0.0,0.0,0.0
2011-07-05,116.72000122070312,116.8499984741211,116.08480834960938,116.8499984741211,74.84033966064453,15022,0.0,0.0,0.0
2011-07-06,116.69000244140625,117.1500015258789,116.45999908447266,116.90499877929688,74.8755874633789,20132,0.0,0.0,0.0
2011-07-07,117.43000030517578,117.43000030517578,116.21499633789062,116.57499694824219,74.66423034667969,24250,0.0,0.0,0.0
2011-07-08,116.2300033569336,117.66999816894531,116.2300033569336,117.44000244140625,75.21824645996094,15528,0.0,0.0,0.0
2011-07-11,117.05999755859375,118.08000183105469,117.0,117.4000015258789,75.19257354736328,55863,0.0,0.0,0.0
2011-07-12,117.80000305175781,118.80999755859375,116.4800033569336,117.2249984741211,75.08053588867188,24991,0.0,0.0,0.0
2011-07-13,117.4800033569336,117.94000244140625,116.822998046875,117.03500366210938,74.95885467529297,68108,0.0,0.0,0.0
2011-07-14,116.61000061035156,117.6500015258789,116.58999633789062,116.91500091552734,74.88195037841797,12622,0.0,0.0,0.0
2011-07-15,116.47000122070312,117.56999969482422,116.47000122070312,117.30999755859375,75.13497924804688,7437,0.0,0.0,0.0
2011-07-18,117.94999694824219,117.94999694824219,117.12000274658203,117.16000366210938,75.03889465332031,21644,0.0,0.0,0.0
2011-07-19,117.41999816894531,117.56999969482422,116.87999725341797,117.16000366210938,75.03889465332031,21780,0.0,0.0,0.0
2011-07-20,117.44000244140625,117.62999725341797,116.80999755859375,117.2750015258789,75.11254119873047,15753,0.0,0.0,0.0
2011-07-21,117.75,117.78800201416016,116.54000091552734,116.8499984741211,74.84033966064453,48376,0.0,0.0,0.0
2011-07-22,117.0999984741211,117.98999786376953,116.51200103759766,117.95999908447266,75.55126953125,16996,0.0,0.0,0.0
2011-07-25,118.0,118.55999755859375,117.0790023803711,118.4000015258789,75.83307647705078,9452,0.0,0.0,0.0
2011-07-26,117.75,119.3499984741211,117.47000122070312,117.88999938964844,75.50643920898438,22910,0.0,0.0,0.0
2011-07-27,117.9800033569336,118.80000305175781,117.83999633789062,118.2750015258789,75.75303649902344,13758,0.0,0.0,0.0
2011-07-28,117.83999633789062,118.82499694824219,117.56500244140625,118.23500061035156,75.7273941040039,15593,0.0,0.0,0.0
2011-07-29,119.0,119.06199645996094,117.49600219726562,119.12999725341797,76.30065155029297,21225,0.0,0.0,0.0
2011-08-01,120.91000366210938,120.91000366210938,118.59400177001953,119.44499969482422,76.50240325927734,18045,0.0,0.0,0.0
2011-08-02,119.2300033569336,119.80699920654297,118.74500274658203,119.31999969482422,76.42235565185547,21374,0.0,0.0,0.0
2011-08-03,120.0,120.14700317382812,119.13099670410156,119.4800033569336,76.52481079101562,34786,0.0,0.0,0.0
2011-08-04,119.80000305175781,121.48999786376953,119.052001953125,120.13999938964844,76.94754028320312,27009,0.0,0.0,0.0
2011-08-05,120.5,120.77999877929688,117.30500030517578,119.6449966430664,76.6304702758789,70331,0.0,0.0,0.0
2011-08-08,119.19000244140625,120.39600372314453,118.94000244140625,119.31999969482422,76.42235565185547,31910,0.0,0.0,0.0
2011-08-09,118.44999694824219,119.3499984741211,117.0,117.375,75.1766128540039,84964,0.0,0.0,0.0
2011-08-10,118.0,119.05999755859375,117.62999725341797,118.76000213623047,76.06365203857422,96157,0.0,0.0,0.0
2011-08-11,118.13999938964844,118.36000061035156,115.08499908447266,117.20999908447266,75.07091522216797,106725,0.0,0.0,0.0
2011-08-12,117.5,118.61000061035156,117.0,117.34500122070312,75.1573715209961,11187,0.0,0.0,0.0
2011-08-15,117.27999877929688,117.77999877929688,116.95600128173828,117.66500091552734,75.36234283447266,46634,0.0,0.0,0.0
2011-08-16,117.05000305175781,117.91000366210938,116.96299743652344,117.33000183105469,75.14775848388672,14213,0.0,0.0,0.0
2011-08-17,117.98999786376953,118.9800033569336,116.95700073242188,118.69999694824219,76.02523040771484,9021,0.0,0.0,0.0
2011-08-18,119.25,121.13999938964844,118.9219970703125,119.80999755859375,76.73615264892578,26817,0.0,0.0,0.0
2011-08-19,119.25,120.0,118.19999694824219,118.93499755859375,76.17572784423828,36535,0.0,0.0,0.0
2011-08-22,119.6500015258789,119.6500015258789,118.23999786376953,118.8949966430664,76.15013122558594,13768,0.0,0.0,0.0
2011-08-23,118.29000091552734,118.95999908447266,117.84100341796875,118.2300033569336,75.72420501708984,42116,0.0,0.0,0.0
2011-08-24,117.5,117.9000015258789,115.0999984741211,115.0999984741211,73.71946716308594,23837,0.0,0.0,0.0
2011-08-25,115.23999786376953,116.18699645996094,114.63999938964844,115.53500366210938,73.99810791015625,11852,0.0,0.0,0.0
2011-08-26,116.22000122070312,116.2750015258789,115.0,115.18000030517578,73.7707290649414,161313,0.0,0.0,0.0
2011-08-30,114.54000091552734,121.5,114.20999908447266,115.5,73.97565460205078,215286,0.0,0.0,0.0
2011-08-31,115.62999725341797,115.87999725341797,113.90499877929688,114.6500015258789,73.4312744140625,17535,0.0,0.0,0.0
2011-09-01,114.5,115.86000061035156,105.01000213623047,115.59500122070312,74.0365219116211,36652,0.0,0.0,0.0
2011-09-02,115.80999755859375,116.97000122070312,113.63999938964844,116.28500366210938,74.47847747802734,8122,0.0,0.0,0.0
2011-09-05,116.33999633789062,124.88700103759766,114.86699676513672,117.13500213623047,75.0228500366211,13327,0.0,0.0,0.0
2011-09-06,116.86000061035156,116.9219970703125,115.91000366210938,116.33000183105469,74.50728607177734,53081,0.0,0.0,0.0
2011-09-07,115.7300033569336,116.69499969482422,115.7300033569336,116.19999694824219,74.42401885986328,12180,0.0,0.0,0.0
2011-09-08,115.9000015258789,116.88999938964844,115.68399810791016,116.29000091552734,74.4816665649414,11732,0.0,0.0,0.0
2011-09-09,116.72000122070312,116.9800033569336,116.19599914550781,116.80999755859375,74.814697265625,21946,0.0,0.0,0.0
2011-09-12,117.31999969482422,117.31999969482422,116.27999877929688,116.55000305175781,74.64818572998047,26015,0.0,0.0,0.0
2011-09-13,117.11000061035156,117.36000061035156,115.9000015258789,116.18000030517578,74.41119384765625,13548,0.0,0.0,0.0
2011-09-14,115.62000274658203,116.55500030517578,115.5999984741211,115.88500213623047,74.22225952148438,51304,0.0,0.0,0.0
2011-09-15,115.44999694824219,116.0,114.6449966430664,115.6500015258789,74.07176971435547,19994,0.0,0.0,0.0
2011-09-16,115.44999694824219,116.56999969482422,115.44999694824219,116.41999816894531,74.5649185180664,5585,0.0,0.0,0.0
2011-09-19,116.33000183105469,117.43000030517578,116.33000183105469,116.8949966430664,74.86917114257812,13211,0.0,0.0,0.0
2011-09-20,115.0,117.55999755859375,115.0,116.91999816894531,74.88516998291016,7688,0.0,0.0,0.0
2011-09-21,116.91999816894531,117.4000015258789,115.91999816894531,116.5250015258789,74.6321792602539,31706,0.0,0.0,0.0
2011-09-22,116.9000015258789,117.33899688720703,116.58200073242188,117.30000305175781,75.12857055664062,108307,0.0,0.0,0.0
2011-09-23,117.0,117.69000244140625,116.5459976196289,116.83499908447266,74.8307113647461,20752,0.0,0.0,0.0
2011-09-26,116.44000244140625,117.62699890136719,116.04000091552734,116.3499984741211,74.52006530761719,28231,0.0,0.0,0.0
2011-09-27,116.0,116.16999816894531,115.19999694824219,115.51499938964844,73.98530578613281,65736,0.0,0.0,0.0
2011-09-28,115.94000244140625,116.33999633789062,115.52100372314453,115.5999984741211,74.03971862792969,24564,0.0,0.0,0.0
2011-09-29,116.0,117.37000274658203,115.55000305175781,115.63999938964844,74.06535339355469,20402,0.0,0.0,0.0
2011-09-30,115.86000061035156,116.88999938964844,115.68299865722656,116.50499725341797,74.61936950683594,9306,0.0,0.0,0.0
2011-10-03,116.80000305175781,117.38999938964844,116.47000122070312,117.16000366210938,75.03889465332031,32944,0.0,0.0,0.0
2011-10-04,117.80000305175781,118.72899627685547,117.16000366210938,117.58499908447266,75.31108856201172,34425,0.0,0.0,0.0
2011-10-05,117.22000122070312,117.73300170898438,116.43900299072266,116.8499984741211,74.84033966064453,36874,0.0,0.0,0.0
2011-10-06,116.75,118.3499984741211,116.68199920654297,116.80000305175781,74.80829620361328,17750,0.0,0.0,0.0
2011-10-07,116.33999633789062,117.33300018310547,115.84500122070312,116.69999694824219,74.7442398071289,8218,0.0,0.0,0.0
2011-10-10,116.2300033569336,116.90399932861328,115.69999694824219,115.69999694824219,74.10376739501953,14197,0.0,0.0,0.0
2011-10-11,115.56999969482422,116.45999908447266,115.52400207519531,115.88999938964844,74.22547149658203,8982,0.0,0.0,0.0
2011-10-12,115.91999816894531,116.39099884033203,115.16999816894531,115.44999694824219,73.94365692138672,19466,0.0,0.0,0.0
2011-10-13,115.5999984741211,116.62999725341797,115.04399871826172,116.05999755859375,74.33435821533203,29924,0.0,0.0,0.0
2011-10-14,116.70999908447266,116.70999908447266,115.08300018310547,115.66999816894531,74.08456420898438,19071,0.0,0.0,0.0
2011-10-17,116.06999969482422,117.37999725341797,115.37799835205078,117.27999877929688,75.11572265625,140696,0.0,0.0,0.0
2011-10-18,117.81999969482422,118.66000366210938,117.27999877929688,118.13999938964844,75.66655731201172,9624,0.0,0.0,0.0
2011-10-19,117.83999633789062,118.25,117.31999969482422,117.99500274658203,75.57369232177734,38851,0.0,0.0,0.0
2011-10-20,118.41999816894531,118.41999816894531,117.44499969482422,117.9800033569336,75.5640869140625,21153,0.0,0.0,0.0
2011-10-21,117.31999969482422,118.16999816894531,117.05000305175781,117.44999694824219,75.22465515136719,36353,0.0,0.0,0.0
2011-10-24,117.62999725341797,117.98100280761719,117.19999694824219,117.30500030517578,75.13177490234375,16169,0.0,0.0,0.0
2011-10-25,117.7300033569336,118.62699890136719,116.91799926757812,118.19999694824219,75.7049789428711,54666,0.0,0.0,0.0
2011-10-26,118.5999984741211,119.41999816894531,118.23999786376953,118.93000030517578,76.17253112792969,41614,0.0,0.0,0.0
2011-10-27,121.0,121.0,118.0199966430664,118.31999969482422,75.78184509277344,19364,0.0,0.0,0.0
2011-10-28,117.69999694824219,118.97799682617188,117.69999694824219,118.4000015258789,75.83307647705078,20782,0.0,0.0,0.0
2011-10-31,119.19999694824219,120.0199966430664,118.37999725341797,119.73500061035156,76.6881103515625,30867,0.0,0.0,0.0
2011-11-01,121.0,121.48999786376953,119.76000213623047,121.04000091552734,77.52394104003906,20252,0.0,0.0,0.0
2011-11-02,120.45999908447266,120.87000274658203,119.83999633789062,120.58999633789062,77.23577117919922,9882,0.0,0.0,0.0
2011-11-03,120.58999633789062,120.99299621582031,119.5,120.02999877929688,76.87705993652344,24851,0.0,0.0,0.0
2011-11-04,120.63999938964844,121.08999633789062,119.58000183105469,120.55000305175781,77.21011352539062,9151,0.0,0.0,0.0
2011-11-07,120.27999877929688,121.2959976196289,120.06999969482422,120.70500183105469,77.30940246582031,16035,0.0,0.0,0.0
2011-11-08,120.5,121.44999694824219,119.94999694824219,120.79000091552734,77.36385345458984,19774,0.0,0.0,0.0
2011-11-09,121.47000122070312,121.87799835205078,120.61799621582031,121.31999969482422,77.70328521728516,34672,0.0,0.0,0.0
2011-11-10,121.26000213623047,121.69999694824219,120.08999633789062,120.71499633789062,77.31581115722656,55055,0.0,0.0,0.0
2011-11-11,120.05999755859375,121.01499938964844,119.58000183105469,119.93000030517578,76.81303405761719,14136,0.0,0.0,0.0
2011-11-14,120.54000091552734,121.05000305175781,119.98699951171875,120.9000015258789,77.43429565429688,16187,0.0,0.0,0.0
2011-11-15,121.0,121.37000274658203,120.5479965209961,121.05500030517578,77.53355407714844,20838,0.0,0.0,0.0
2011-11-16,120.5999984741211,121.47000122070312,120.5999984741211,120.9749984741211,77.48233032226562,20423,0.0,0.0,0.0
2011-11-17,121.2300033569336,121.30000305175781,119.66999816894531,119.9749984741211,76.84185028076172,17615,0.0,0.0,0.0
2011-11-18,120.02999877929688,120.8030014038086,119.01000213623047,119.44499969482422,76.50240325927734,13484,0.0,0.0,0.0
2011-11-21,120.0,120.39800262451172,119.25,119.59500122070312,76.59847259521484,32856,0.0,0.0,0.0
2011-11-22,119.66000366210938,120.02999877929688,119.03399658203125,119.53500366210938,76.56005096435547,38957,0.0,0.0,0.0
2011-11-23,118.47000122070312,118.47699737548828,117.44000244140625,118.13999938964844,75.66655731201172,54912,0.0,0.0,0.0
2011-11-24,117.5,118.31600189208984,117.20999908447266,117.66999816894531,75.36552429199219,12926,0.0,0.0,0.0
2011-11-25,117.66999816894531,117.83999633789062,116.22000122070312,116.88999938964844,74.86595916748047,12674,0.0,0.0,0.0
2011-11-28,116.63999938964844,117.29000091552734,115.75,116.93499755859375,74.89479064941406,15773,0.0,0.0,0.0
2011-11-29,116.80000305175781,117.7030029296875,116.03700256347656,117.11499786376953,75.01005554199219,20634,0.0,0.0,0.0
2011-11-30,117.0,117.73999786376953,116.11499786376953,115.98999786376953,74.28954315185547,13397,0.0,0.0,0.0
2011-12-01,116.0,116.52999877929688,115.25,116.37999725341797,74.53931427001953,25726,0.0,0.0,0.0
2011-12-02,117.0199966430664,117.0199966430664,115.33999633789062,115.78500366210938,74.15821075439453,54671,0.0,0.0,0.0
2011-12-05,115.98999786376953,116.19999694824219,115.21399688720703,115.93000030517578,74.25110626220703,353794,0.0,0.0,0.0
2011-12-06,115.8499984741211,117.76000213623047,115.69999694824219,117.58999633789062,75.31430053710938,41330,0.0,0.0,0.0
2011-12-07,117.70999908447266,118.33000183105469,116.83399963378906,117.5,75.25662994384766,28330,0.0,0.0,0.0
2011-12-08,117.69000244140625,118.45899963378906,117.15699768066406,118.19499969482422,75.70177459716797,125479,0.0,0.0,0.0
2011-12-09,118.26000213623047,118.37999725341797,117.66999816894531,117.88999938964844,75.50643920898438,61741,0.0,0.0,0.0
2011-12-12,118.08000183105469,118.76000213623047,116.88279724121094,118.21499633789062,75.71458435058594,39994,0.0,0.0,0.0
2011-12-13,117.37999725341797,118.7300033569336,117.0790023803711,117.86499786376953,75.49040222167969,44071,0.0,0.0,0.0
2011-12-14,118.08000183105469,118.38999938964844,117.5,118.40499877929688,75.8363037109375,121658,0.0,0.0,0.0
2011-12-15,117.69000244140625,118.66000366210938,116.72000122070312,116.81999969482422,74.82112884521484,750584,0.0,0.0,0.0
2011-12-16,116.91999816894531,118.28600311279297,116.80000305175781,118.5,75.89714050292969,22311,0.0,0.0,0.0
2011-12-19,117.79000091552734,118.70999908447266,117.4800033569336,118.3550033569336,75.80426788330078,57687,0.0,0.0,0.0
2011-12-20,117.72000122070312,118.75,117.62999725341797,118.55000305175781,75.92916870117188,19197,0.0,0.0,0.0
2011-12-21,117.93000030517578,119.19200134277344,117.72000122070312,118.23500061035156,75.7273941040039,14566,0.0,0.0,0.0
2011-12-22,118.5999984741211,119.05000305175781,118.0,118.69499969482422,76.02203369140625,22192,0.0,0.0,0.0
2011-12-23,118.9000015258789,119.44999694824219,118.44999694824219,118.82499694824219,76.10527038574219,6526,0.0,0.0,0.0
2011-12-28,119.3499984741211,119.66699981689453,118.37000274658203,119.13999938964844,76.30705261230469,7400,0.0,0.0,0.0
2011-12-29,118.94999694824219,119.8499984741211,118.6500015258789,119.61499786376953,76.61127471923828,5951,0.0,0.0,0.0
2011-12-30,119.44999694824219,120.30000305175781,119.0,119.41000366210938,76.47997283935547,3878,0.0,0.0,0.0
2012-01-03,119.88999938964844,119.88999938964844,118.16799926757812,119.2699966430664,76.39028930664062,58653,0.0,0.0,0.0
2012-01-04,118.80999755859375,120.03399658203125,118.63999938964844,119.5,76.53761291503906,17482,0.0,0.0,0.0
2012-01-05,119.9000015258789,120.08999633789062,119.08000183105469,119.58999633789062,76.59525299072266,20962,0.0,0.0,0.0
2012-01-06,119.75,120.44999694824219,119.38999938964844,120.1050033569336,76.92510223388672,27854,0.0,0.0,0.0
2012-01-09,119.5999984741211,120.5260009765625,119.48999786376953,120.25499725341797,77.02115631103516,14795,0.0,0.0,0.0
2012-01-10,120.7699966430664,120.7699966430664,119.76300048828125,120.01499938964844,76.86746978759766,10765,0.0,0.0,0.0
2012-01-11,119.80000305175781,120.87000274658203,119.61000061035156,120.66000366210938,77.28055572509766,22585,0.0,0.0,0.0
2012-01-12,121.0,121.0,119.83999633789062,120.25499725341797,77.02115631103516,12408,0.0,0.0,0.0
2012-01-13,120.62999725341797,121.26000213623047,119.81600189208984,120.81500244140625,77.37986755371094,11563,0.0,0.0,0.0
2012-01-16,120.94999694824219,121.2699966430664,120.52999877929688,120.95500183105469,77.46949768066406,6105,0.0,0.0,0.0
2012-01-17,121.30999755859375,121.4800033569336,120.44349670410156,121.03500366210938,77.520751953125,24021,0.0,0.0,0.0
2012-01-18,121.19999694824219,121.94300079345703,119.87999725341797,119.9000015258789,76.79379272460938,379297,0.0,0.0,0.0
2012-01-19,120.02999877929688,120.71399688720703,119.5999984741211,119.92500305175781,76.8098373413086,27366,0.0,0.0,0.0
2012-01-20,119.5199966430664,120.35299682617188,119.322998046875,119.9000015258789,76.79379272460938,42803,0.0,0.0,0.0
2012-01-23,119.5,120.15339660644531,119.01000213623047,119.34500122070312,76.43836212158203,16419,0.0,0.0,0.0
2012-01-24,119.83999633789062,120.02999877929688,119.09500122070312,119.6050033569336,76.60486602783203,12191,0.0,0.0,0.0
2012-01-25,119.94999694824219,120.2699966430664,119.41000366210938,119.99500274658203,76.85468292236328,51127,0.0,0.0,0.0
2012-01-26,119.9000015258789,120.91999816894531,119.80000305175781,120.69499969482422,77.30296325683594,36362,0.0,0.0,0.0
2012-01-27,120.94999694824219,122.34100341796875,120.70999908447266,120.95500183105469,77.46949768066406,29779,0.0,0.0,0.0
2012-01-30,120.76000213623047,121.99199676513672,120.76000213623047,121.4749984741211,77.80256652832031,40196,0.0,0.0,0.0
2012-01-31,121.83999633789062,122.10700225830078,120.75,121.88999938964844,78.0683822631836,31137,0.0,0.0,0.0
2012-02-01,122.16000366210938,122.16000366210938,121.1500015258789,121.88999938964844,78.0683822631836,27578,0.0,0.0,0.0
2012-02-02,121.68000030517578,121.9800033569336,120.61699676513672,121.05999755859375,77.53677368164062,29040,0.0,0.0,0.0
2012-02-03,121.11000061035156,121.70999908447266,120.23999786376953,120.55500030517578,77.21334075927734,62702,0.0,0.0,0.0
2012-02-06,120.0,121.4229965209961,120.0,121.12000274658203,77.57520294189453,72293,0.0,0.0,0.0
2012-02-07,121.5,121.71700286865234,120.7300033569336,120.97000122070312,77.47911071777344,123613,0.0,0.0,0.0
2012-02-08,119.9800033569336,121.81999969482422,119.9800033569336,121.66999816894531,77.9274673461914,189835,0.0,0.0,0.0
2012-02-09,121.45999908447266,122.05999755859375,120.4000015258789,120.76499938964844,77.34783172607422,49706,0.0,0.0,0.0
2012-02-10,120.98999786376953,121.69999694824219,120.3499984741211,121.30000305175781,77.69050598144531,13903,0.0,0.0,0.0
2012-02-13,121.52999877929688,121.7300033569336,120.5989990234375,121.31500244140625,77.7000961303711,25390,0.0,0.0,0.0
2012-02-14,121.52999877929688,122.04000091552734,120.88400268554688,121.79000091552734,78.00432586669922,55892,0.0,0.0,0.0
2012-02-15,121.94999694824219,122.30999755859375,121.2979965209961,121.875,78.05876922607422,63651,0.0,0.0,0.0
2012-02-16,122.5,122.5,121.02999877929688,121.21499633789062,77.63603210449219,32320,0.0,0.0,0.0
2012-02-17,121.2300033569336,121.2699966430664,120.16000366210938,120.5999984741211,77.24214935302734,99254,0.0,0.0,0.0
2012-02-20,120.97000122070312,120.9800033569336,120.0,120.0999984741211,76.9218978881836,21518,0.0,0.0,0.0
2012-02-21,120.5999984741211,121.30000305175781,120.0,121.09500122070312,77.5591812133789,43874,0.0,0.0,0.0
2012-02-22,120.0,120.69000244140625,119.0999984741211,120.3949966430664,77.11084747314453,54263,0.0,0.0,0.0
2012-02-23,120.02999877929688,121.30000305175781,120.0199966430664,120.75,77.33820343017578,17094,0.0,0.0,0.0
2012-02-24,120.54000091552734,121.88999938964844,120.5,121.37999725341797,77.74171447753906,61661,0.0,0.0,0.0
2012-02-27,120.94000244140625,122.25,120.75900268554688,121.8550033569336,78.04598236083984,14639,0.0,0.0,0.0
2012-02-28,121.13999938964844,122.52100372314453,121.13999938964844,122.22000122070312,78.27972412109375,38278,0.0,0.0,0.0
2012-02-29,122.41000366210938,122.44999694824219,121.34300231933594,122.05000305175781,78.17085266113281,28338,0.0,0.0,0.0
2012-03-01,120.33999633789062,122.26200103759766,120.33999633789062,121.01499938964844,77.5079574584961,58742,0.0,0.0,0.0
2012-03-02,121.5,122.30000305175781,120.9489974975586,122.08999633789062,78.19646453857422,36535,0.0,0.0,0.0
2012-03-05,122.0,122.56400299072266,121.37999725341797,121.68499755859375,77.93706512451172,156450,0.0,0.0,0.0
2012-03-06,122.08999633789062,122.13800048828125,121.44000244140625,121.80500030517578,78.01392364501953,23594,0.0,0.0,0.0
2012-03-07,121.80999755859375,122.38999938964844,121.5999984741211,121.82499694824219,78.02674102783203,9655,0.0,0.0,0.0
2012-03-08,121.55000305175781,122.08999633789062,121.15599822998047,121.6500015258789,77.9146499633789,24955,0.0,0.0,0.0
2012-03-09,121.43000030517578,122.02999877929688,121.41000366210938,121.65499877929688,77.91785430908203,24811,0.0,0.0,0.0
2012-03-12,120.9800033569336,122.37799835205078,120.9800033569336,122.19499969482422,78.2636947631836,32122,0.0,0.0,0.0
2012-03-13,122.0999984741211,122.31400299072266,121.5,121.5999984741211,77.88261413574219,37302,0.0,0.0,0.0
2012-03-14,121.5,121.80000305175781,119.77999877929688,119.77999877929688,76.71694946289062,32870,0.0,0.0,0.0
2012-03-15,118.98999786376953,120.2791976928711,118.98999786376953,119.69999694824219,76.66568756103516,49735,0.0,0.0,0.0
2012-03-16,119.69999694824219,120.58999633789062,118.63500213623047,119.30000305175781,76.40951538085938,24306,0.0,0.0,0.0
2012-03-19,120.13999938964844,120.19999694824219,119.0999984741211,119.80999755859375,76.73615264892578,122007,0.0,0.0,0.0
2012-03-20,119.94999694824219,120.35600280761719,119.04000091552734,119.58499908447266,76.592041015625,75107,0.0,0.0,0.0
2012-03-21,120.0,120.44999694824219,119.20999908447266,120.05999755859375,76.89628601074219,10101,0.0,0.0,0.0
2012-03-22,120.80000305175781,120.93000030517578,120.12000274658203,120.56999969482422,77.22294616699219,33007,0.0,0.0,0.0
2012-03-23,119.63999938964844,120.77400207519531,119.61299896240234,120.24500274658203,77.0147933959961,70541,0.0,0.0,0.0
2012-03-26,120.4000015258789,120.77999877929688,119.55999755859375,119.55999755859375,76.57605743408203,27646,0.0,0.0,0.0
2012-03-27,120.69999694824219,120.69999694824219,119.82599639892578,120.2699966430664,77.03077697753906,38925,0.0,0.0,0.0
2012-03-28,120.97000122070312,121.0,120.02999877929688,120.5999984741211,77.24214935302734,67041,0.0,0.0,0.0
2012-03-29,120.51000213623047,120.92500305175781,120.31999969482422,120.63500213623047,77.26454162597656,38828,0.0,0.0,0.0
2012-03-30,120.01000213623047,121.0,120.01000213623047,120.53500366210938,77.20050811767578,18336,0.0,0.0,0.0
2012-04-02,120.58000183105469,120.87999725341797,120.01000213623047,120.67500305175781,77.2901840209961,60023,0.0,0.0,0.0
2012-04-03,120.33000183105469,121.33999633789062,120.25,121.13999938964844,77.58800506591797,14778,0.0,0.0,0.0
2012-04-04,121.5,121.5,120.20999908447266,120.44999694824219,77.14607238769531,23512,0.0,0.0,0.0
2012-04-05,120.94999694824219,121.33999633789062,120.28399658203125,121.0,77.4983139038086,23388,0.0,0.0,0.0
2012-04-10,120.68000030517578,121.5,120.55999755859375,121.38999938964844,77.74813079833984,19897,0.0,0.0,0.0
2012-04-11,121.5,122.04100036621094,120.51000213623047,120.875,77.41828155517578,88801,0.0,0.0,0.0
2012-04-12,121.77999877929688,121.77999877929688,120.44999694824219,120.73999786376953,77.33181762695312,77735,0.0,0.0,0.0
2012-04-13,121.0,121.1449966430664,120.4739990234375,120.94999694824219,77.46629333496094,80299,0.0,0.0,0.0
2012-04-16,121.19999694824219,121.6353988647461,120.5,120.81999969482422,77.38304138183594,9711,0.0,0.0,0.0
2012-04-17,121.30000305175781,121.30000305175781,119.81700134277344,120.16500091552734,76.96353149414062,17455,0.0,0.0,0.0
2012-04-18,119.94000244140625,120.78199768066406,119.56999969482422,120.03500366210938,76.88027954101562,26294,0.0,0.0,0.0
2012-04-19,120.25,120.27999877929688,119.2300033569336,119.71499633789062,76.6753158569336,20084,0.0,0.0,0.0
2012-04-20,120.05000305175781,120.41699981689453,119.052001953125,119.5,76.53761291503906,81422,0.0,0.0,0.0
2012-04-23,119.9000015258789,120.31999969482422,119.3239974975586,119.69499969482422,76.66253662109375,14177,0.0,0.0,0.0
2012-04-24,119.87999725341797,120.38529968261719,119.23100280761719,119.76499938964844,76.70735168457031,17160,0.0,0.0,0.0
2012-04-25,120.4000015258789,120.89900207519531,119.56900024414062,119.9000015258789,76.79379272460938,17014,0.0,0.0,0.0
2012-04-26,119.9000015258789,120.9739990234375,119.75,120.2699966430664,77.03077697753906,46984,0.0,0.0,0.0
2012-04-27,120.69999694824219,120.69999694824219,119.83000183105469,120.0,76.85784912109375,40660,0.0,0.0,0.0
2012-04-30,120.1500015258789,120.69300079345703,119.70999908447266,119.93000030517578,76.81303405761719,46782,0.0,0.0,0.0
2012-05-01,120.19999694824219,120.62899780273438,119.80000305175781,120.12999725341797,76.94113159179688,31161,0.0,0.0,0.0
2012-05-02,121.37000274658203,121.37000274658203,120.06999969482422,120.8949966430664,77.43108367919922,16640,0.0,0.0,0.0
2012-05-03,121.12999725341797,121.97699737548828,120.7699966430664,121.07499694824219,77.54638671875,22967,0.0,0.0,0.0
2012-05-04,121.9000015258789,121.9000015258789,119.31400299072266,121.46499633789062,77.79617309570312,31818,0.0,0.0,0.0
2012-05-08,121.66000366210938,122.27999877929688,121.37000274658203,122.18000030517578,78.2541275024414,36043,0.0,0.0,0.0
2012-05-09,122.05000305175781,122.4990005493164,121.1500015258789,122.0999984741211,78.20287322998047,55382,0.0,0.0,0.0
2012-05-10,122.0,122.22000122070312,120.6500015258789,121.36000061035156,77.72891998291016,109597,0.0,0.0,0.0
2012-05-11,121.4000015258789,122.47100067138672,121.33999633789062,121.54000091552734,77.84420013427734,19855,0.0,0.0,0.0
2012-05-14,121.5,122.49299621582031,121.5,122.01000213623047,78.14521789550781,21082,0.0,0.0,0.0
2012-05-15,121.62999725341797,122.06400299072266,121.44999694824219,121.86000061035156,78.04915618896484,7678,0.0,0.0,0.0
2012-05-16,121.54000091552734,122.52320098876953,121.39600372314453,121.76499938964844,77.98832702636719,137969,0.0,0.0,0.0
2012-05-17,122.01000213623047,122.16000366210938,121.44499969482422,121.65499877929688,77.91785430908203,22343,0.0,0.0,0.0
2012-05-18,121.58999633789062,122.05000305175781,121.5,121.76499938964844,77.98832702636719,13977,0.0,0.0,0.0
2012-05-21,121.44999694824219,122.13600158691406,121.11699676513672,121.30999755859375,77.69686889648438,62404,0.0,0.0,0.0
2012-05-22,121.05999755859375,122.10700225830078,120.7300033569336,121.19499969482422,77.62322998046875,124296,0.0,0.0,0.0
2012-05-23,120.0199966430664,120.69999694824219,119.52999877929688,120.38999938964844,77.1076431274414,20241,0.0,0.0,0.0
2012-05-24,120.08000183105469,120.88999938964844,119.91000366210938,120.1500015258789,76.95394134521484,38419,0.0,0.0,0.0
2012-05-25,120.0199966430664,120.66000366210938,119.75,120.30000305175781,77.04998779296875,83183,0.0,0.0,0.0
2012-05-29,120.33999633789062,120.83000183105469,119.95500183105469,120.40499877929688,77.11723327636719,74084,0.0,0.0,0.0
2012-05-30,120.63999938964844,121.43000030517578,120.38999938964844,121.12999725341797,77.58161926269531,12968,0.0,0.0,0.0
2012-05-31,122.0199966430664,122.0199966430664,120.30999755859375,121.63500213623047,77.90504455566406,26345,0.0,0.0,0.0
2012-06-01,121.83000183105469,122.6719970703125,121.19999694824219,121.83000183105469,78.02996063232422,89499,0.0,0.0,0.0
2012-06-06,120.66000366210938,122.72000122070312,120.5999984741211,120.77999877929688,77.35745239257812,29701,0.0,0.0,0.0
2012-06-07,121.69000244140625,121.69000244140625,119.87999725341797,120.1500015258789,76.95394134521484,17250,0.0,0.0,0.0
2012-06-08,121.06999969482422,121.48999786376953,120.75,120.92500305175781,77.4502944946289,70753,0.0,0.0,0.0
2012-06-11,120.5,121.63999938964844,120.5,121.30000305175781,77.69050598144531,55164,0.0,0.0,0.0
2012-06-12,121.0,121.35600280761719,120.48999786376953,121.05000305175781,77.53033447265625,31360,0.0,0.0,0.0
2012-06-13,120.47000122070312,121.14700317382812,119.86000061035156,120.3550033569336,77.0852279663086,9431,0.0,0.0,0.0
2012-06-14,119.9000015258789,121.18000030517578,119.87200164794922,120.11000061035156,76.92831420898438,11262,0.0,0.0,0.0
2012-06-15,121.19999694824219,121.66000366210938,120.25,121.02999877929688,77.51754760742188,22732,0.0,0.0,0.0
2012-06-18,121.33000183105469,121.86000061035156,120.7979965209961,121.29499816894531,77.6872787475586,11016,0.0,0.0,0.0
2012-06-19,121.79000091552734,121.98999786376953,120.61199951171875,121.04000091552734,77.52394104003906,23115,0.0,0.0,0.0
2012-06-20,120.51000213623047,121.95999908447266,120.48899841308594,121.13999938964844,77.58800506591797,11471,0.0,0.0,0.0
2012-06-21,120.94000244140625,122.08000183105469,120.88999938964844,121.83499908447266,78.03314208984375,18864,0.0,0.0,0.0
2012-06-22,122.62000274658203,122.62000274658203,121.7300033569336,121.87999725341797,78.06196594238281,7928,0.0,0.0,0.0
2012-06-25,121.87000274658203,122.9800033569336,121.87000274658203,122.13500213623047,78.22526550292969,14838,0.0,0.0,0.0
2012-06-26,122.68000030517578,122.68000030517578,121.33999633789062,121.83499908447266,78.03314208984375,15566,0.0,0.0,0.0
2012-06-27,122.02999877929688,122.3740005493164,121.44999694824219,121.66500091552734,77.92425537109375,66295,0.0,0.0,0.0
2012-06-28,122.56999969482422,122.7300033569336,121.94599914550781,122.51499938964844,78.46866607666016,22423,0.0,0.0,0.0
2012-06-29,120.7300033569336,122.22000122070312,120.7300033569336,121.99500274658203,78.1356201171875,55442,0.0,0.0,0.0
2012-07-02,122.0,122.7300033569336,121.5999984741211,122.51499938964844,78.46866607666016,11900,0.0,0.0,0.0
2012-07-03,122.27999877929688,123.31999969482422,121.88999938964844,122.16000366210938,78.24129486083984,30698,0.0,0.0,0.0
2012-07-04,122.94999694824219,123.0,121.29000091552734,122.68000030517578,78.57435607910156,11131,0.0,0.0,0.0
2012-07-05,122.0,123.37000274658203,122.0,122.86000061035156,78.68964385986328,14618,0.0,0.0,0.0
2012-07-06,123.5,123.98999786376953,122.88999938964844,123.72000122070312,79.24044799804688,26031,0.0,0.0,0.0
2012-07-09,124.0,124.37000274658203,123.41000366210938,123.91500091552734,79.36534118652344,21916,0.0,0.0,0.0
2012-07-10,124.29000091552734,124.58000183105469,123.71800231933594,124.3949966430664,79.67278289794922,57616,0.0,0.0,0.0
2012-07-11,124.20999908447266,125.23999786376953,124.20999908447266,124.91500091552734,80.00581359863281,28977,0.0,0.0,0.0
2012-07-12,125.4800033569336,125.9000015258789,125.0530014038086,125.68000030517578,80.49580383300781,94241,0.0,0.0,0.0
2012-07-13,126.36000061035156,126.38200378417969,125.08999633789062,125.9749984741211,80.68473815917969,19502,0.0,0.0,0.0
2012-07-16,126.44999694824219,126.77100372314453,125.75599670410156,126.5250015258789,81.03702545166016,44210,0.0,0.0,0.0
2012-07-17,126.18000030517578,127.0,125.91699981689453,126.81500244140625,81.22273254394531,50628,0.0,0.0,0.0
2012-07-18,126.75,127.88600158691406,126.2770004272461,127.62999725341797,81.74472045898438,41067,0.0,0.0,0.0
2012-07-19,127.51000213623047,127.78199768066406,126.55000305175781,127.55000305175781,81.69349670410156,16737,0.0,0.0,0.0
2012-07-20,127.25,128.1999969482422,127.25,127.92500305175781,81.93368530273438,45441,0.0,0.0,0.0
2012-07-23,127.02999877929688,128.7899932861328,127.02999877929688,127.80500030517578,81.85684204101562,16774,0.0,0.0,0.0
2012-07-24,127.95999908447266,128.02999877929688,126.5,127.54499816894531,81.69029998779297,18757,0.0,0.0,0.0
2012-07-25,127.30000305175781,127.79499816894531,127.15799713134766,127.54000091552734,81.68708801269531,26821,0.0,0.0,0.0
2012-07-26,127.44999694824219,128.01100158691406,126.4800033569336,127.55999755859375,81.69991302490234,91875,0.0,0.0,0.0
2012-07-27,127.36000061035156,127.86000061035156,127.02400207519531,127.28500366210938,81.52375030517578,23497,0.0,0.0,0.0
2012-07-30,127.69000244140625,127.69100189208984,126.66999816894531,127.37999725341797,81.58460998535156,15307,0.0,0.0,0.0
2012-07-31,127.8499984741211,128.3699951171875,127.33599853515625,128.13999938964844,82.07137298583984,20640,0.0,0.0,0.0
2012-08-01,128.22999572753906,128.46449279785156,127.37000274658203,127.94999694824219,81.94967651367188,45845,0.0,0.0,0.0
2012-08-02,128.25,128.66000366210938,127.65799713134766,128.46499633789062,82.27952575683594,355191,0.0,0.0,0.0
2012-08-03,127.33000183105469,128.61000061035156,127.33000183105469,127.69999694824219,81.78958129882812,28024,0.0,0.0,0.0
2012-08-06,126.97000122070312,128.69000244140625,126.97000122070312,128.39999389648438,82.2378921508789,31041,0.0,0.0,0.0
2012-08-07,128.60000610351562,128.77000427246094,127.66100311279297,127.78500366210938,81.8440170288086,25150,0.0,0.0,0.0
2012-08-08,128.47999572753906,128.5399932861328,127.98999786376953,128.3000030517578,82.1738510131836,25111,0.0,0.0,0.0
2012-08-09,128.00999450683594,128.39500427246094,127.44999694824219,127.53500366210938,81.68390655517578,281801,0.0,0.0,0.0
2012-08-10,128.1999969482422,128.75,127.88400268554688,128.57000732421875,82.34681701660156,73046,0.0,0.0,0.0
2012-08-13,128.24000549316406,129.02999877929688,128.02000427246094,128.39999389648438,82.2378921508789,26430,0.0,0.0,0.0
2012-08-14,128.16000366210938,128.6999969482422,128.10000610351562,128.19500732421875,82.10659790039062,19019,0.0,0.0,0.0
2012-08-15,128.2899932861328,128.2899932861328,127.3499984741211,127.63500213623047,81.74793243408203,53284,0.0,0.0,0.0
2012-08-16,127.75,127.84600067138672,126.97000122070312,127.41999816894531,81.61023712158203,15004,0.0,0.0,0.0
2012-08-17,127.23999786376953,128.02999877929688,127.23999786376953,128.02999877929688,82.00093078613281,16188,0.0,0.0,0.0
2012-08-20,127.69999694824219,128.4199981689453,127.0979995727539,127.91999816894531,81.93050384521484,11704,0.0,0.0,0.0
2012-08-21,128.13999938964844,128.13999938964844,127.4800033569336,127.44000244140625,81.62303161621094,44121,0.0,0.0,0.0
2012-08-22,126.73999786376953,127.02999877929688,126.26399993896484,126.87000274658203,81.25794982910156,13806,0.0,0.0,0.0
2012-08-23,126.9000015258789,127.4800033569336,126.5094985961914,127.30500030517578,81.53659057617188,42706,0.0,0.0,0.0
2012-08-24,127.80999755859375,127.97000122070312,127.0,127.58000183105469,81.71271514892578,45156,0.0,0.0,0.0
2012-08-28,126.87000274658203,128.3000030517578,126.87000274658203,128.0800018310547,82.03294372558594,18505,0.0,0.0,0.0
2012-08-29,128.3699951171875,128.3699951171875,127.30500030517578,127.8949966430664,81.91446685791016,17227,0.0,0.0,0.0
2012-08-30,128.16000366210938,128.42999267578125,126.94999694824219,128.15499877929688,82.08101654052734,14314,0.0,0.0,0.0
2012-08-31,128.0,128.37399291992188,127.50299835205078,127.97000122070312,81.96248626708984,83902,0.0,0.0,0.0
2012-09-03,127.80000305175781,128.1199951171875,127.52999877929688,127.67500305175781,81.77356719970703,34565,0.0,0.0,0.0
2012-09-04,127.69999694824219,128.2899932861328,127.11199951171875,127.69999694824219,81.78958129882812,16416,0.0,0.0,0.0
2012-09-05,128.17999267578125,128.22000122070312,127.56999969482422,127.88500213623047,81.90806579589844,25073,0.0,0.0,0.0
2012-09-06,128.22000122070312,128.22000122070312,127.40699768066406,127.5999984741211,81.72550964355469,19003,0.0,0.0,0.0
2012-09-07,127.19999694824219,128.27000427246094,126.88200378417969,128.13999938964844,82.07137298583984,44248,0.0,0.0,0.0
2012-09-10,127.79000091552734,128.1999969482422,127.4800033569336,127.69000244140625,81.78317260742188,50803,0.0,0.0,0.0
2012-09-11,127.76000213623047,128.0,127.52300262451172,127.7300033569336,81.80879974365234,25425,0.0,0.0,0.0
2012-09-12,128.02999877929688,128.02999877929688,127.0979995727539,127.375,81.5814208984375,155660,0.0,0.0,0.0
2012-09-13,127.66000366210938,128.0500030517578,127.43299865722656,127.76499938964844,81.83119201660156,16882,0.0,0.0,0.0
2012-09-14,126.80000305175781,127.80999755859375,126.625,126.80000305175781,81.21311950683594,88734,0.0,0.0,0.0
2012-09-17,127.20999908447266,127.4749984741211,126.06999969482422,127.3550033569336,81.56863403320312,7939,0.0,0.0,0.0
2012-09-18,127.75,128.06500244140625,127.3499984741211,127.91500091552734,81.9272689819336,30138,0.0,0.0,0.0
2012-09-19,128.02999877929688,128.59500122070312,127.22000122070312,128.30499267578125,82.17704772949219,27909,0.0,0.0,0.0
2012-09-20,128.4499969482422,128.906005859375,128.20700073242188,128.7449951171875,82.4588623046875,8929,0.0,0.0,0.0
2012-09-21,128.57000732421875,128.6269989013672,128.0,128.42999267578125,82.25711822509766,30180,0.0,0.0,0.0
2012-09-24,128.5399932861328,128.86000061035156,128.11500549316406,128.52499389648438,82.31795501708984,21471,0.0,0.0,0.0
2012-09-25,128.13999938964844,129.02499389648438,128.13999938964844,128.48500061035156,82.29234313964844,117361,0.0,0.0,0.0
2012-09-26,130.61000061035156,130.61000061035156,128.6219940185547,129.3000030517578,82.8143310546875,32458,0.0,0.0,0.0
2012-09-27,129.82000732421875,129.82000732421875,128.66000366210938,128.9250030517578,82.57418060302734,118150,0.0,0.0,0.0
2012-09-28,128.9499969482422,129.5,128.4149932861328,129.1999969482422,82.75027465820312,449367,0.0,0.0,0.0
2012-10-01,128.5,129.06300354003906,128.4600067138672,128.7899932861328,82.48770904541016,69167,0.0,0.0,0.0
2012-10-02,129.3800048828125,129.3800048828125,128.531005859375,129.16000366210938,82.72467041015625,47973,0.0,0.0,0.0
2012-10-03,129.3000030517578,129.8249969482422,129.27999877929688,129.5749969482422,82.99047088623047,49343,0.0,0.0,0.0
2012-10-04,130.0,130.0,129.35000610351562,129.68499755859375,83.0609130859375,20534,0.0,0.0,0.0
2012-10-05,129.6300048828125,129.6300048828125,128.94000244140625,129.1199951171875,82.69906616210938,35865,0.0,0.0,0.0
2012-10-08,129.1199951171875,129.86349487304688,129.10699462890625,129.77000427246094,83.11537170410156,12865,0.0,0.0,0.0
2012-10-09,129.89999389648438,130.1699981689453,129.47500610351562,130.02999877929688,83.28189086914062,72560,0.0,0.0,0.0
2012-10-10,130.0500030517578,130.0500030517578,129.3800048828125,129.71499633789062,83.08012390136719,30279,0.0,0.0,0.0
2012-10-11,129.9499969482422,129.9499969482422,129.1999969482422,129.58999633789062,83.00008392333984,9336,0.0,0.0,0.0
2012-10-12,129.22999572753906,130.3699951171875,129.22999572753906,130.25,83.42280578613281,19036,0.0,0.0,0.0
2012-10-15,130.49000549316406,130.49000549316406,129.98199462890625,130.0749969482422,83.31070709228516,7623,0.0,0.0,0.0
2012-10-16,130.32000732421875,130.32000732421875,129.5800018310547,129.6699981689453,83.05132293701172,74613,0.0,0.0,0.0
2012-10-17,129.67999267578125,129.72000122070312,129.1300048828125,129.2550048828125,82.78553771972656,28670,0.0,0.0,0.0
2012-10-18,129.1999969482422,129.7729949951172,129.14999389648438,129.5749969482422,82.99047088623047,21229,0.0,0.0,0.0
2012-10-19,129.5800018310547,129.9810028076172,129.0500030517578,129.77999877929688,83.12177276611328,32749,0.0,0.0,0.0
2012-10-22,130.1300048828125,130.1300048828125,129.32000732421875,129.59500122070312,83.00328063964844,75756,0.0,0.0,0.0
2012-10-23,129.5,130.4199981689453,129.3300018310547,130.27499389648438,83.43881225585938,65790,0.0,0.0,0.0
2012-10-24,130.58999633789062,130.63999938964844,129.78700256347656,129.9499969482422,83.23062896728516,19354,0.0,0.0,0.0
2012-10-25,129.61000061035156,130.11000061035156,129.10000610351562,129.52000427246094,82.95525360107422,36441,0.0,0.0,0.0
2012-10-26,129.66000366210938,129.9600067138672,129.50599670410156,129.72000122070312,83.08332824707031,15470,0.0,0.0,0.0
2012-10-29,130.24000549316406,130.41000366210938,129.8419952392578,130.27499389648438,83.43881225585938,26937,0.0,0.0,0.0
2012-10-30,130.08999633789062,130.27000427246094,129.7570037841797,129.91000366210938,83.2050552368164,102619,0.0,0.0,0.0
2012-10-31,130.0,130.08299255371094,129.56700134277344,129.7899932861328,83.12815856933594,37081,0.0,0.0,0.0
2012-11-01,129.36000061035156,129.85699462890625,129.27999877929688,129.30999755859375,82.82074737548828,166280,0.0,0.0,0.0
2012-11-02,129.30999755859375,129.9499969482422,129.19000244140625,129.80999755859375,83.14100646972656,85064,0.0,0.0,0.0
2012-11-05,130.11000061035156,130.36399841308594,129.5570068359375,130.17999267578125,83.37796783447266,37311,0.0,0.0,0.0
2012-11-06,130.30999755859375,130.38600158691406,129.97999572753906,130.2050018310547,83.39398956298828,10888,0.0,0.0,0.0
2012-11-07,130.25,131.17999267578125,130.1300048828125,131.16000366210938,84.00562286376953,14452,0.0,0.0,0.0
2012-11-08,131.1999969482422,131.33700561523438,130.6199951171875,131.02499389648438,83.9191665649414,9839,0.0,0.0,0.0
2012-11-09,131.35000610351562,131.8300018310547,131.17750549316406,131.3699951171875,84.14013671875,92002,0.0,0.0,0.0
2012-11-12,131.3699951171875,131.8489990234375,131.05999755859375,131.28500366210938,84.08570098876953,22542,0.0,0.0,0.0
2012-11-13,131.63999938964844,131.63999938964844,130.9080047607422,131.34500122070312,84.1241455078125,42102,0.0,0.0,0.0
2012-11-14,131.00999450683594,131.25,130.43580627441406,130.9149932861328,83.84869384765625,30464,0.0,0.0,0.0
2012-11-15,130.6999969482422,131.0,130.52000427246094,130.77000427246094,83.75587463378906,27495,0.0,0.0,0.0
2012-11-16,130.89999389648438,131.00100708007812,130.50999450683594,130.72999572753906,83.73021697998047,17658,0.0,0.0,0.0
2012-11-19,130.5,130.98599243164062,129.94000244140625,130.22500610351562,83.40679931640625,21401,0.0,0.0,0.0
2012-11-20,130.14999389648438,130.5030059814453,129.43899536132812,129.6750030517578,83.05451965332031,26202,0.0,0.0,0.0
2012-11-21,129.25,129.25,128.09300231933594,128.46499633789062,82.27952575683594,40244,0.0,0.0,0.0
2012-11-22,128.2100067138672,128.9219970703125,128.2100067138672,128.61500549316406,82.37559509277344,88721,0.0,0.0,0.0
2012-11-23,128.2899932861328,129.13699340820312,128.22999572753906,128.80499267578125,82.497314453125,28225,0.0,0.0,0.0
2012-11-26,128.22999572753906,129.49000549316406,128.19000244140625,129.01499938964844,82.6318130493164,42330,0.0,0.0,0.0
2012-11-27,129.0,129.22500610351562,128.44000244140625,129.2100067138672,82.7566909790039,79317,0.0,0.0,0.0
2012-11-28,129.36000061035156,129.91000366210938,128.8070068359375,129.75999450683594,83.10897064208984,20016,0.0,0.0,0.0
2012-11-29,129.2100067138672,129.7010040283203,129.125,129.5800018310547,82.99368286132812,109793,0.0,0.0,0.0
2012-11-30,129.47999572753906,129.84500122070312,127.30000305175781,129.42999267578125,82.8976058959961,99303,0.0,0.0,0.0
2012-12-03,129.1300048828125,129.7899932861328,128.6699981689453,129.22999572753906,82.76951599121094,41026,0.0,0.0,0.0
2012-12-04,129.0,129.25,128.66000366210938,129.25,82.78231048583984,69046,0.0,0.0,0.0
2012-12-05,129.35000610351562,129.63999938964844,128.42300415039062,129.4600067138672,82.91683197021484,24923,0.0,0.0,0.0
2012-12-06,129.35000610351562,129.35000610351562,128.60000610351562,129.22000122070312,82.76309204101562,28376,0.0,0.0,0.0
2012-12-07,129.85000610351562,129.85000610351562,128.72000122070312,129.2050018310547,82.75349426269531,31595,0.0,0.0,0.0
2012-12-10,129.91000366210938,129.91000366210938,128.69500732421875,129.08999633789062,82.67982482910156,29602,0.0,0.0,0.0
2012-12-11,129.1199951171875,129.1699981689453,128.11000061035156,128.60000610351562,82.36601257324219,22286,0.0,0.0,0.0
2012-12-12,128.44000244140625,128.75,128.16079711914062,128.75,82.46208190917969,38349,0.0,0.0,0.0
2012-12-13,128.85000610351562,128.92999267578125,128.23599243164062,128.52000427246094,82.31474304199219,59298,0.0,0.0,0.0
2012-12-14,128.3000030517578,128.52000427246094,128.03599548339844,128.44000244140625,82.26353454589844,34983,0.0,0.0,0.0
2012-12-17,128.07000732421875,128.40199279785156,127.9749984741211,128.22000122070312,82.12265014648438,17762,0.0,0.0,0.0
2012-12-18,127.80999755859375,128.25999450683594,127.6500015258789,127.68000030517578,81.77677917480469,36449,0.0,0.0,0.0
2012-12-19,127.93000030517578,127.93000030517578,127.30000305175781,127.80000305175781,81.85359954833984,58950,0.0,0.0,0.0
2012-12-20,127.93000030517578,128.07000732421875,127.5199966430664,127.79000091552734,81.84721374511719,44316,0.0,0.0,0.0
2012-12-21,126.8499984741211,128.6300048828125,126.8499984741211,128.6300048828125,82.38520812988281,51037,0.0,0.0,0.0
2012-12-24,128.00999450683594,128.4810028076172,127.87000274658203,128.41000366210938,82.24429321289062,4359,0.0,0.0,0.0
2012-12-27,128.00999450683594,129.14999389648438,127.86299896240234,129.14999389648438,82.71827697753906,29818,0.0,0.0,0.0
2012-12-28,129.22000122070312,129.82000732421875,128.95199584960938,129.0800018310547,82.67342376708984,16337,0.0,0.0,0.0
2012-12-31,129.19000244140625,129.46499633789062,128.7469940185547,129.0749969482422,82.67023468017578,7606,0.0,0.0,0.0
2013-01-02,128.3000030517578,128.5,127.58000183105469,127.66000366210938,81.76394653320312,117549,0.0,0.0,0.0
2013-01-03,127.51000213623047,127.98999786376953,127.31500244140625,127.63999938964844,81.75113677978516,15657,0.0,0.0,0.0
2013-01-04,127.38999938964844,127.77999877929688,127.06500244140625,127.45999908447266,81.63584899902344,28939,0.0,0.0,0.0
2013-01-07,127.33000183105469,128.2689971923828,127.33000183105469,128.1999969482422,82.10981750488281,27506,0.0,0.0,0.0
2013-01-08,128.3000030517578,129.0399932861328,128.3000030517578,129.02999877929688,82.64139556884766,54818,0.0,0.0,0.0
2013-01-09,128.88999938964844,129.2899932861328,128.77499389648438,129.17999267578125,82.73745727539062,31718,0.0,0.0,0.0
2013-01-10,129.0,129.5800018310547,128.8000030517578,128.94000244140625,82.58378601074219,501969,0.0,0.0,0.0
2013-01-11,129.13999938964844,129.281005859375,128.55999755859375,128.99000549316406,82.61580657958984,33861,0.0,0.0,0.0
2013-01-14,129.22000122070312,129.5989990234375,128.66000366210938,129.5500030517578,82.97445678710938,23424,0.0,0.0,0.0
2013-01-15,129.55999755859375,129.77499389648438,129.14100646972656,129.35000610351562,82.84634399414062,68763,0.0,0.0,0.0
2013-01-16,129.42999267578125,129.61000061035156,129.22000122070312,129.47000122070312,82.92322540283203,270427,0.0,0.0,0.0
2013-01-17,129.36000061035156,129.45700073242188,128.7899932861328,129.0500030517578,82.65421295166016,73409,0.0,0.0,0.0
2013-01-18,128.97999572753906,129.3159942626953,128.72900390625,129.25,82.78231048583984,31519,0.0,0.0,0.0
2013-01-21,129.27000427246094,129.8679962158203,128.91000366210938,129.07000732421875,82.66705322265625,11881,0.0,0.0,0.0
2013-01-22,129.41000366210938,129.41000366210938,128.9199981689453,129.13999938964844,82.71185302734375,65753,0.0,0.0,0.0
2013-01-23,130.1199951171875,130.1199951171875,128.97500610351562,129.67999267578125,83.05770874023438,26447,0.0,0.0,0.0
2013-01-24,129.41000366210938,129.97000122070312,128.80999755859375,128.99000549316406,82.61580657958984,149360,0.0,0.0,0.0
2013-01-25,129.39999389648438,129.39999389648438,128.29400634765625,128.4600067138672,82.27632904052734,34515,0.0,0.0,0.0
2013-01-28,128.27000427246094,128.77999877929688,128.0,128.16000366210938,82.08419799804688,32150,0.0,0.0,0.0
2013-01-29,128.2100067138672,128.58700561523438,127.94300079345703,128.22000122070312,82.12265014648438,70554,0.0,0.0,0.0
2013-01-30,127.69999694824219,128.0019989013672,127.20999908447266,127.5,81.66146087646484,12397,0.0,0.0,0.0
2013-01-31,127.47000122070312,128.6300048828125,127.11799621582031,127.33000183105469,81.55260467529297,41484,0.0,0.0,0.0
2013-02-01,127.06999969482422,127.80000305175781,126.99500274658203,127.33000183105469,81.55260467529297,230625,0.0,0.0,0.0
2013-02-04,127.3499984741211,127.55000305175781,126.71800231933594,127.31500244140625,81.5429916381836,14791,0.0,0.0,0.0
2013-02-05,127.54000091552734,127.54000091552734,126.91999816894531,127.05000305175781,81.37323760986328,23577,0.0,0.0,0.0
2013-02-06,127.45999908447266,127.60399627685547,127.01000213623047,127.23999786376953,81.49494934082031,50789,0.0,0.0,0.0
2013-02-07,127.0,127.63099670410156,126.75,127.0999984741211,81.40528106689453,38275,0.0,0.0,0.0
2013-02-08,126.98999786376953,127.3219985961914,126.80999755859375,127.02999877929688,81.36046600341797,21246,0.0,0.0,0.0
2013-02-11,126.91000366210938,127.5,126.6500015258789,126.88999938964844,81.27079772949219,28687,0.0,0.0,0.0
2013-02-12,127.0,127.2239990234375,126.55999755859375,126.71499633789062,81.15868377685547,31817,0.0,0.0,0.0
2013-02-13,126.55000305175781,126.95999908447266,125.9000015258789,126.51000213623047,81.0273666381836,217624,0.0,0.0,0.0
2013-02-14,126.43000030517578,126.91000366210938,126.28199768066406,126.7750015258789,81.19713592529297,41139,0.0,0.0,0.0
2013-02-15,126.5999984741211,127.18000030517578,126.43000030517578,126.61499786376953,81.09464263916016,75127,0.0,0.0,0.0
2013-02-18,126.77999877929688,126.92539978027344,126.41000366210938,126.65499877929688,81.12026977539062,40993,0.0,0.0,0.0
2013-02-19,126.41999816894531,126.73400115966797,126.20999908447266,126.44999694824219,80.98896789550781,31408,0.0,0.0,0.0
2013-02-20,125.44999694824219,126.31999969482422,125.2490005493164,125.91999816894531,81.37579345703125,58752,1.1286,0.0,0.0
2013-02-21,125.7300033569336,126.44000244140625,125.56999969482422,126.44999694824219,81.71831512451172,43968,0.0,0.0,0.0
2013-02-22,126.12999725341797,126.63400268554688,125.95999908447266,126.53500366210938,81.77325439453125,12200,0.0,0.0,0.0
2013-02-25,126.12999725341797,126.62799835205078,125.53399658203125,126.62999725341797,81.83464050292969,44542,0.0,0.0,0.0
2013-02-26,127.58999633789062,127.58999633789062,126.37999725341797,127.33999633789062,82.29346466064453,28167,0.0,0.0,0.0
2013-02-27,127.05000305175781,127.55000305175781,127.05000305175781,127.37000274658203,82.31289672851562,28879,0.0,0.0,0.0
2013-02-28,127.30999755859375,127.48899841308594,126.96499633789062,127.26499938964844,82.24501037597656,79355,0.0,0.0,0.0
2013-03-01,126.80000305175781,128.15899658203125,126.80000305175781,128.0399932861328,82.745849609375,65640,0.0,0.0,0.0
2013-03-04,128.1999969482422,128.6230010986328,127.66600036621094,127.80000305175781,82.59075164794922,90224,0.0,0.0,0.0
2013-03-05,127.5199966430664,127.94000244140625,127.16999816894531,127.44999694824219,82.36456298828125,13508,0.0,0.0,0.0
2013-03-06,127.18000030517578,127.5199966430664,126.95999908447266,127.47000122070312,82.37749481201172,28121,0.0,0.0,0.0
2013-03-07,127.33000183105469,127.74700164794922,126.61000061035156,127.12000274658203,82.15129089355469,29055,0.0,0.0,0.0
2013-03-08,127.0,127.26699829101562,126.45099639892578,126.75,81.91220092773438,48550,0.0,0.0,0.0
2013-03-11,126.88999938964844,127.23200225830078,126.47000122070312,127.22000122070312,82.21591186523438,13814,0.0,0.0,0.0
2013-03-12,127.22000122070312,127.94000244140625,126.66000366210938,127.48999786376953,82.39041137695312,37433,0.0,0.0,0.0
2013-03-13,127.63999938964844,127.66000366210938,127.18399810791016,127.5,82.3968734741211,37572,0.0,0.0,0.0
2013-03-14,127.19000244140625,127.58000183105469,127.01000213623047,127.37999725341797,82.3193359375,53616,0.0,0.0,0.0
2013-03-15,127.55000305175781,127.9800033569336,126.94999694824219,127.76000213623047,82.56489562988281,21730,0.0,0.0,0.0
2013-03-18,128.74000549316406,128.74000549316406,127.69599914550781,128.3000030517578,82.91387939453125,29533,0.0,0.0,0.0
2013-03-19,127.81999969482422,128.68499755859375,127.81999969482422,128.68499755859375,83.16268157958984,39172,0.0,0.0,0.0
2013-03-20,129.0500030517578,129.0500030517578,127.90899658203125,128.52000427246094,83.05603790283203,42722,0.0,0.0,0.0
2013-03-21,128.1699981689453,128.656005859375,128.0,128.50999450683594,83.04959106445312,36426,0.0,0.0,0.0
2013-03-22,128.9600067138672,129.0,128.4499969482422,128.6699981689453,83.15301513671875,20352,0.0,0.0,0.0
2013-03-25,128.38999938964844,129.36000061035156,127.7300033569336,129.36000061035156,83.59890747070312,42119,0.0,0.0,0.0
2013-03-26,128.99000549316406,130.1199951171875,128.67799377441406,130.11000061035156,84.08361053466797,796267,0.0,0.0,0.0
2013-03-27,130.3800048828125,130.6999969482422,129.1999969482422,130.30999755859375,84.21286010742188,20349,0.0,0.0,0.0
2013-03-28,130.5,130.6699981689453,129.7429962158203,130.1699981689453,84.12236785888672,20013,0.0,0.0,0.0
2013-04-02,130.30999755859375,130.69700622558594,129.61399841308594,130.0500030517578,84.04483795166016,67416,0.0,0.0,0.0
2013-04-03,130.2100067138672,130.4239959716797,129.48199462890625,130.32000732421875,84.21932983398438,33506,0.0,0.0,0.0
2013-04-04,130.08999633789062,131.0500030517578,130.08999633789062,130.64999389648438,84.43255615234375,36050,0.0,0.0,0.0
2013-04-05,131.0,132.07000732421875,130.3699951171875,131.9600067138672,85.27916717529297,55410,0.0,0.0,0.0
2013-04-08,131.97000122070312,132.18699645996094,131.40699768066406,131.60499572753906,85.04973602294922,24768,0.0,0.0,0.0
2013-04-09,131.8699951171875,131.8699951171875,130.9199981689453,131.39999389648438,84.9172592163086,19127,0.0,0.0,0.0
2013-04-10,130.99000549316406,131.51499938964844,130.83999633789062,131.32000732421875,84.86556243896484,18799,0.0,0.0,0.0
2013-04-11,131.3800048828125,131.49000549316406,130.93899536132812,131.27999877929688,84.83973693847656,19044,0.0,0.0,0.0
2013-04-12,131.55999755859375,131.99000549316406,131.40699768066406,131.68499755859375,85.10142517089844,16485,0.0,0.0,0.0
2013-04-15,131.0500030517578,132.2100067138672,131.0500030517578,132.0500030517578,85.33733367919922,28547,0.0,0.0,0.0
2013-04-16,131.83999633789062,132.47500610351562,131.81700134277344,132.27000427246094,85.47950744628906,58040,0.0,0.0,0.0
2013-04-17,131.8699951171875,132.6540069580078,131.7469940185547,132.50999450683594,85.63458251953125,15867,0.0,0.0,0.0
2013-04-18,132.60000610351562,133.00999450683594,132.2169952392578,132.81500244140625,85.83169555664062,8182,0.0,0.0,0.0
2013-04-19,132.58999633789062,133.0500030517578,132.33999633789062,132.85499572753906,85.85755920410156,25116,0.0,0.0,0.0
2013-04-22,132.4499969482422,133.4199981689453,132.44500732421875,133.38999938964844,86.20329284667969,34368,0.0,0.0,0.0
2013-04-23,133.22999572753906,133.69000244140625,132.71499633789062,133.1300048828125,86.03527069091797,31122,0.0,0.0,0.0
2013-04-24,132.6199951171875,133.5500030517578,132.5449981689453,133.50999450683594,86.28085327148438,16085,0.0,0.0,0.0
2013-04-25,133.00999450683594,133.77999877929688,132.88900756835938,133.4499969482422,86.24209594726562,24018,0.0,0.0,0.0
2013-04-26,133.25,133.80799865722656,133.11000061035156,133.3300018310547,86.16452026367188,123317,0.0,0.0,0.0
2013-04-29,133.08999633789062,134.0,133.08999633789062,133.6999969482422,86.40364074707031,31200,0.0,0.0,0.0
2013-04-30,133.9600067138672,134.2899932861328,133.6300048828125,134.0,86.59751892089844,11762,0.0,0.0,0.0
2013-05-01,133.6699981689453,134.57000732421875,133.66400146484375,134.42999267578125,86.87540435791016,36987,0.0,0.0,0.0
2013-05-02,134.27000427246094,135.22999572753906,134.1199951171875,135.14500427246094,87.33744812011719,24825,0.0,0.0,0.0
2013-05-03,135.0,135.19900512695312,133.9929962158203,134.1199951171875,86.67507934570312,34528,0.0,0.0,0.0
2013-05-07,134.10000610351562,134.3350067138672,133.7270050048828,134.13999938964844,86.6879653930664,44232,0.0,0.0,0.0
2013-05-08,134.19000244140625,134.52099609375,133.8300018310547,134.41000366210938,86.86248016357422,54822,0.0,0.0,0.0
2013-05-09,134.2899932861328,134.75999450683594,134.13279724121094,134.31500244140625,86.80107116699219,27785,0.0,0.0,0.0
2013-05-10,134.3000030517578,134.3000030517578,133.04200744628906,133.17999267578125,86.06757354736328,35462,0.0,0.0,0.0
2013-05-13,133.25,133.3343963623047,132.7169952392578,133.22000122070312,86.09345245361328,22352,0.0,0.0,0.0
2013-05-14,132.97999572753906,133.21800231933594,132.75,133.0,85.95124816894531,21323,0.0,0.0,0.0
2013-05-15,132.88999938964844,133.14999389648438,132.39300537109375,132.8800048828125,85.87370300292969,89935,0.0,0.0,0.0
2013-05-16,132.91000366210938,133.5570068359375,132.54200744628906,133.3350067138672,86.16775512695312,22915,0.0,0.0,0.0
2013-05-17,133.44000244140625,133.61700439453125,132.88999938964844,133.0749969482422,85.99971771240234,21697,0.0,0.0,0.0
2013-05-20,132.9600067138672,133.11000061035156,132.47500610351562,132.72000122070312,85.77029418945312,62856,0.0,0.0,0.0
2013-05-21,132.7899932861328,133.33999633789062,132.3820037841797,132.77999877929688,85.80909729003906,33770,0.0,0.0,0.0
2013-05-22,132.66000366210938,133.71800231933594,132.43800354003906,133.13999938964844,86.04174041748047,21126,0.0,0.0,0.0
2013-05-23,133.0,133.49000549316406,132.39999389648438,132.4499969482422,85.5958251953125,27888,0.0,0.0,0.0
2013-05-24,132.4499969482422,133.1199951171875,132.29200744628906,132.76499938964844,85.79940795898438,140588,0.0,0.0,0.0
2013-05-28,132.3800048828125,133.11000061035156,131.9199981689453,132.13999938964844,85.3955078125,21798,0.0,0.0,0.0
2013-05-29,130.4199981689453,130.5709991455078,129.85400390625,130.3300018310547,85.04398345947266,46330,1.2713,0.0,0.0
2013-05-30,130.2899932861328,130.72000122070312,130.0290069580078,130.63999938964844,85.24626159667969,18796,0.0,0.0,0.0
2013-05-31,130.8699951171875,131.0,129.68800354003906,130.02000427246094,84.84168243408203,36442,0.0,0.0,0.0
2013-06-03,129.0500030517578,130.31399536132812,128.9499969482422,129.9199981689453,84.77641296386719,112040,0.0,0.0,0.0
2013-06-04,130.1199951171875,130.1199951171875,128.86300659179688,129.47000122070312,84.48279571533203,101871,0.0,0.0,0.0
2013-06-05,129.1999969482422,129.5449981689453,128.86599731445312,129.2899932861328,84.36532592773438,29272,0.0,0.0,0.0
2013-06-06,129.02000427246094,129.2449951171875,128.1719970703125,128.5500030517578,83.88247680664062,29708,0.0,0.0,0.0
2013-06-07,128.80999755859375,129.27999877929688,128.0500030517578,128.13999938964844,83.61492156982422,39712,0.0,0.0,0.0
2013-06-10,127.55999755859375,128.75999450683594,127.51000213623047,127.77999877929688,83.38001251220703,26543,0.0,0.0,0.0
2013-06-11,127.55000305175781,127.55000305175781,126.34400177001953,126.83999633789062,82.76663970947266,26767,0.0,0.0,0.0
2013-06-12,126.7699966430664,127.33599853515625,126.51899719238281,126.96499633789062,82.84823608398438,19065,0.0,0.0,0.0
2013-06-13,127.19000244140625,127.26499938964844,126.25599670410156,126.80000305175781,82.74054718017578,33904,0.0,0.0,0.0
2013-06-14,127.27999877929688,127.67400360107422,126.75,127.22000122070312,83.01458740234375,28057,0.0,0.0,0.0
2013-06-17,127.02999877929688,127.62000274658203,126.91000366210938,127.41999816894531,83.14509582519531,14353,0.0,0.0,0.0
2013-06-18,127.37999725341797,127.37999725341797,126.26799774169922,126.9000015258789,82.80579376220703,13407,0.0,0.0,0.0
2013-06-19,126.68000030517578,127.55000305175781,126.68000030517578,127.2699966430664,83.0472183227539,37214,0.0,0.0,0.0
2013-06-20,125.58000183105469,126.16999816894531,124.83999633789062,125.23999786376953,81.72261047363281,102585,0.0,0.0,0.0
2013-06-21,124.30999755859375,125.9739990234375,123.76599884033203,124.20999908447266,81.05050659179688,41115,0.0,0.0,0.0
2013-06-24,124.87000274658203,124.87000274658203,121.19999694824219,121.55999755859375,79.3212890625,153456,0.0,0.0,0.0
2013-06-25,122.23999786376953,122.80000305175781,121.43199920654297,122.19999694824219,79.73892211914062,48731,0.0,0.0,0.0
2013-06-26,120.47000122070312,123.3489990234375,120.24400329589844,123.1500015258789,80.35881805419922,62523,0.0,0.0,0.0
2013-06-27,123.48999786376953,123.68000030517578,122.26799774169922,123.6500015258789,80.68508911132812,16279,0.0,0.0,0.0
2013-06-28,123.75,124.73300170898438,122.80899810791016,123.5999984741211,80.6524429321289,14008,0.0,0.0,0.0
2013-07-01,122.6500015258789,124.01210021972656,122.5363998413086,123.54000091552734,80.61328125,60729,0.0,0.0,0.0
2013-07-02,123.5,124.5199966430664,123.2300033569336,124.30000305175781,81.10921478271484,23264,0.0,0.0,0.0
2013-07-03,123.66000366210938,124.83999633789062,123.38359832763672,124.02999877929688,80.93305969238281,29372,0.0,0.0,0.0
2013-07-04,124.0,124.58999633789062,123.22000122070312,123.96499633789062,80.89063262939453,37549,0.0,0.0,0.0
2013-07-05,123.38999938964844,124.4656982421875,122.71800231933594,123.51000213623047,80.59371948242188,10142,0.0,0.0,0.0
2013-07-08,123.86000061035156,123.88999938964844,122.70500183105469,123.41999816894531,80.53499603271484,19515,0.0,0.0,0.0
2013-07-09,122.79000091552734,124.19999694824219,122.7249984741211,124.0999984741211,80.97869873046875,77986,0.0,0.0,0.0
2013-07-10,124.27999877929688,124.81060028076172,123.73829650878906,124.36000061035156,81.14836883544922,21493,0.0,0.0,0.0
2013-07-11,124.80000305175781,125.08999633789062,124.41999816894531,125.05999755859375,81.60513305664062,36990,0.0,0.0,0.0
2013-07-12,125.55000305175781,125.94000244140625,125.06169891357422,125.43000030517578,81.8465805053711,9100,0.0,0.0,0.0
2013-07-15,125.5999984741211,125.83999633789062,124.9000015258789,125.2699966430664,81.74215698242188,46218,0.0,0.0,0.0
2013-07-16,124.98999786376953,126.19999694824219,124.94999694824219,126.19999694824219,82.34903717041016,355234,0.0,0.0,0.0
2013-07-17,125.94999694824219,126.27999877929688,125.08000183105469,125.83999633789062,82.11412811279297,13986,0.0,0.0,0.0
2013-07-18,126.0,126.63999938964844,125.75080108642578,126.55999755859375,82.58393096923828,381885,0.0,0.0,0.0
2013-07-19,126.19999694824219,126.90625,125.8499984741211,126.22000122070312,82.36207580566406,20898,0.0,0.0,0.0
2013-07-22,126.19999694824219,126.64849853515625,125.91069793701172,126.61499786376953,82.61983489990234,21024,0.0,0.0,0.0
2013-07-23,126.37000274658203,126.71624755859375,126.07749938964844,126.44999694824219,82.51214599609375,7942,0.0,0.0,0.0
2013-07-24,126.1500015258789,126.1500015258789,125.47000122070312,125.81500244140625,82.09778594970703,11932,0.0,0.0,0.0
2013-07-25,125.86000061035156,126.0,125.5896987915039,125.92500305175781,82.16959381103516,13693,0.0,0.0,0.0
2013-07-26,126.06999969482422,126.52999877929688,126.06999969482422,126.36000061035156,82.45341491699219,13673,0.0,0.0,0.0
2013-07-29,126.30000305175781,126.87999725341797,126.15260314941406,126.73999786376953,82.70140075683594,14482,0.0,0.0,0.0
2013-07-30,126.77999877929688,126.92780303955078,126.31999969482422,126.7300033569336,82.69487762451172,20416,0.0,0.0,0.0
2013-07-31,126.5,127.23999786376953,126.29630279541016,126.6500015258789,82.64266967773438,37651,0.0,0.0,0.0
2013-08-01,127.58000183105469,127.61000061035156,126.44000244140625,126.44000244140625,82.5056381225586,56041,0.0,0.0,0.0
2013-08-02,126.61000061035156,126.7300033569336,125.83999633789062,126.63999938964844,82.6361312866211,22730,0.0,0.0,0.0
2013-08-05,127.11000061035156,127.11000061035156,126.36419677734375,126.43499755859375,82.50238037109375,25597,0.0,0.0,0.0
2013-08-06,126.44000244140625,126.66000366210938,125.76000213623047,126.47000122070312,82.52520751953125,27015,0.0,0.0,0.0
2013-08-07,126.79000091552734,126.80860137939453,125.94000244140625,126.43000030517578,82.49911499023438,12763,0.0,0.0,0.0
2013-08-08,126.47000122070312,126.84500122070312,126.24250030517578,126.58999633789062,82.603515625,15874,0.0,0.0,0.0
2013-08-09,126.5,126.66999816894531,126.22000122070312,126.57499694824219,82.59373474121094,21979,0.0,0.0,0.0
2013-08-12,126.76000213623047,126.8595962524414,126.33200073242188,126.6500015258789,82.64266967773438,11039,0.0,0.0,0.0
2013-08-13,126.30000305175781,126.48999786376953,125.35440063476562,125.4749984741211,81.87596130371094,25608,0.0,0.0,0.0
2013-08-14,125.88999938964844,125.88999938964844,125.12799835205078,125.52999877929688,81.91183471679688,10697,0.0,0.0,0.0
2013-08-15,125.58000183105469,125.58999633789062,124.7771987915039,125.0199966430664,81.57904052734375,38834,0.0,0.0,0.0
2013-08-16,124.95999908447266,125.2300033569336,124.76480102539062,124.87000274658203,81.48115539550781,6666,0.0,0.0,0.0
2013-08-19,124.9000015258789,124.94000244140625,124.34480285644531,124.4800033569336,81.22667694091797,18784,0.0,0.0,0.0
2013-08-20,124.58999633789062,125.12000274658203,124.40959930419922,125.05000305175781,81.5986099243164,19289,0.0,0.0,0.0
2013-08-21,124.86000061035156,124.9843978881836,124.2300033569336,124.58499908447266,81.29519653320312,15812,0.0,0.0,0.0
2013-08-22,124.69000244140625,124.94999694824219,124.14959716796875,124.65499877929688,81.34085083007812,17459,0.0,0.0,0.0
2013-08-23,124.77999877929688,125.08000183105469,124.43550109863281,124.9749984741211,81.5496826171875,22742,0.0,0.0,0.0
2013-08-27,124.87999725341797,126.2208023071289,124.87999725341797,125.8499984741211,82.12063598632812,72535,0.0,0.0,0.0
2013-08-28,124.77999877929688,124.77999877929688,124.00959777832031,124.4800033569336,81.96459197998047,13818,1.133,0.0,0.0
2013-08-29,124.3499984741211,124.6803970336914,124.11959838867188,124.45500183105469,81.94816589355469,27269,0.0,0.0,0.0
2013-08-30,124.80999755859375,124.8196029663086,124.2300033569336,124.49500274658203,81.9744873046875,44064,0.0,0.0,0.0
2013-09-02,124.52999877929688,124.52999877929688,123.72000122070312,124.04000091552734,81.67487335205078,15100,0.0,0.0,0.0
2013-09-03,124.18000030517578,124.31999969482422,123.62000274658203,123.875,81.56621551513672,344722,0.0,0.0,0.0
2013-09-04,123.81999969482422,124.30999755859375,123.59429931640625,123.84500122070312,81.54647827148438,15170,0.0,0.0,0.0
2013-09-05,123.5999984741211,123.71279907226562,122.43720245361328,122.69499969482422,80.78922271728516,13480,0.0,0.0,0.0
2013-09-06,122.69999694824219,123.46720123291016,122.6500015258789,123.32499694824219,81.20406341552734,13015,0.0,0.0,0.0
2013-09-09,123.29000091552734,123.54000091552734,122.97000122070312,123.19999694824219,81.12175750732422,7620,0.0,0.0,0.0
2013-09-10,122.5,122.87000274658203,122.06800079345703,122.30999755859375,80.53575134277344,14198,0.0,0.0,0.0
2013-09-11,122.30000305175781,122.7916030883789,122.08000183105469,122.62000274658203,80.7398452758789,43354,0.0,0.0,0.0
2013-09-12,122.91999816894531,123.53199768066406,122.8583984375,123.26000213623047,81.1612777709961,18955,0.0,0.0,0.0
2013-09-13,123.44999694824219,123.83319854736328,123.05799865722656,123.6500015258789,81.41808319091797,26402,0.0,0.0,0.0
2013-09-16,123.95999908447266,124.29000091552734,123.63999938964844,123.81999969482422,81.5300064086914,53531,0.0,0.0,0.0
2013-09-17,123.73999786376953,123.95999908447266,123.3147964477539,123.37000274658203,81.23371124267578,14385,0.0,0.0,0.0
2013-09-18,122.8499984741211,123.78199768066406,122.83000183105469,123.16500091552734,81.09872436523438,20035,0.0,0.0,0.0
2013-09-19,123.98999786376953,124.64959716796875,123.09040069580078,124.2300033569336,81.79997253417969,38636,0.0,0.0,0.0
2013-09-20,124.3499984741211,124.4520034790039,123.6500015258789,124.08999633789062,81.70777893066406,27832,0.0,0.0,0.0
2013-09-23,123.83000183105469,124.30999755859375,123.45999908447266,124.19499969482422,81.77692413330078,13501,0.0,0.0,0.0
2013-09-24,124.06999969482422,125.01000213623047,124.06839752197266,125.01000213623047,82.3135757446289,14396,0.0,0.0,0.0
2013-09-25,125.06999969482422,125.23999786376953,124.8499984741211,125.27999877929688,82.4913330078125,36605,0.0,0.0,0.0
2013-09-26,125.41000366210938,125.66000366210938,125.11000061035156,125.4000015258789,82.57038116455078,58670,0.0,0.0,0.0
2013-09-27,125.22000122070312,126.1427993774414,125.17754364013672,125.74500274658203,82.79753875732422,13236,0.0,0.0,0.0
2013-09-30,125.69000244140625,126.13999938964844,125.09639739990234,125.66999816894531,82.74815368652344,13762,0.0,0.0,0.0
2013-10-01,125.69999694824219,126.01522064208984,125.41999816894531,125.88500213623047,82.88973236083984,31381,0.0,0.0,0.0
2013-10-02,125.91999816894531,126.34320068359375,125.69999694824219,125.94000244140625,82.92593383789062,28763,0.0,0.0,0.0
2013-10-03,125.7699966430664,126.52999877929688,125.55460357666016,126.15499877929688,83.0674819946289,11018,0.0,0.0,0.0
2013-10-04,126.18000030517578,126.36940002441406,125.69999694824219,125.91500091552734,82.90947723388672,13964,0.0,0.0,0.0
2013-10-07,126.0999984741211,126.27999877929688,126.06781005859375,126.0999984741211,83.03128814697266,9006,0.0,0.0,0.0
2013-10-08,126.16000366210938,126.37999725341797,125.93000030517578,126.37999725341797,83.21563720703125,19255,0.0,0.0,0.0
2013-10-09,126.3499984741211,126.72000122070312,126.2488021850586,126.43499755859375,83.25187683105469,8816,0.0,0.0,0.0
2013-10-10,126.19999694824219,126.39119720458984,125.89199829101562,125.9800033569336,82.95225524902344,17987,0.0,0.0,0.0
2013-10-11,126.01000213623047,126.26000213623047,125.88775634765625,126.04000091552734,82.99177551269531,34286,0.0,0.0,0.0
2013-10-14,125.98999786376953,126.05120086669922,125.85700225830078,125.88999938964844,82.89298248291016,12569,0.0,0.0,0.0
2013-10-15,125.63999938964844,125.93479919433594,125.43000030517578,125.73500061035156,82.79097747802734,17160,0.0,0.0,0.0
2013-10-16,125.73999786376953,125.822998046875,125.47763061523438,125.77999877929688,82.82057189941406,13634,0.0,0.0,0.0
2013-10-17,126.05999755859375,126.74919891357422,126.05999755859375,126.56999969482422,83.34076690673828,66838,0.0,0.0,0.0
2013-10-18,126.87999725341797,127.3593978881836,126.52999877929688,127.11499786376953,83.69962310791016,83365,0.0,0.0,0.0
2013-10-21,127.2300033569336,127.2300033569336,126.66580200195312,126.9000015258789,83.55804443359375,21598,0.0,0.0,0.0
2013-10-22,127.11000061035156,128.10000610351562,126.77239990234375,128.02499389648438,84.2988052368164,35066,0.0,0.0,0.0
2013-10-23,128.33999633789062,128.63760375976562,128.02999877929688,128.5500030517578,84.6445083618164,46450,0.0,0.0,0.0
2013-10-24,128.5,128.6199951171875,128.138427734375,128.23500061035156,84.43708038330078,21721,0.0,0.0,0.0
2013-10-25,128.24000549316406,128.4176025390625,128.03750610351562,128.3000030517578,84.47988891601562,15615,0.0,0.0,0.0
2013-10-28,128.32000732421875,128.55999755859375,128.1300048828125,128.39999389648438,84.54572296142578,11853,0.0,0.0,0.0
2013-10-29,128.35000610351562,128.71200561523438,128.3284912109375,128.5800018310547,84.66423034667969,14602,0.0,0.0,0.0
2013-10-30,129.0,129.35000610351562,128.92999267578125,129.35000610351562,85.17127227783203,56231,0.0,0.0,0.0
2013-10-31,129.22000122070312,129.44000244140625,128.22845458984375,128.3800048828125,84.53256225585938,25567,0.0,0.0,0.0
2013-11-01,128.6300048828125,128.69000244140625,128.03359985351562,128.33999633789062,84.50621795654297,70517,0.0,0.0,0.0
2013-11-04,128.1199951171875,128.79150390625,127.9031982421875,128.46499633789062,84.5885238647461,17876,0.0,0.0,0.0
2013-11-05,128.39999389648438,128.46640014648438,127.46730041503906,127.80500030517578,84.1539535522461,176091,0.0,0.0,0.0
2013-11-06,128.0,128.41000366210938,127.5281982421875,127.9800033569336,84.26919555664062,46363,0.0,0.0,0.0
2013-11-07,127.41999816894531,128.58631896972656,127.41999816894531,128.36000061035156,84.5194091796875,143198,0.0,0.0,0.0
2013-11-08,128.41000366210938,128.4490966796875,127.05159759521484,127.47000122070312,83.93338012695312,21105,0.0,0.0,0.0
2013-11-11,127.7699966430664,127.80359649658203,126.94000244140625,127.20999908447266,83.76217651367188,59443,0.0,0.0,0.0
2013-11-12,127.41000366210938,127.5802993774414,126.6709976196289,127.23999786376953,83.78193664550781,114906,0.0,0.0,0.0
2013-11-13,127.18000030517578,127.54000091552734,126.77999877929688,127.0999984741211,83.68973541259766,35852,0.0,0.0,0.0
2013-11-14,127.44000244140625,127.47239685058594,126.90509796142578,127.41999816894531,83.90044403076172,48619,0.0,0.0,0.0
2013-11-15,127.44000244140625,127.6990966796875,126.88469696044922,127.54000091552734,83.9794692993164,19614,0.0,0.0,0.0
2013-11-18,127.76000213623047,127.79000091552734,127.17500305175781,127.625,84.03543090820312,25850,0.0,0.0,0.0
2013-11-19,127.44999694824219,127.68350219726562,127.33999633789062,127.58000183105469,84.00579833984375,10730,0.0,0.0,0.0
2013-11-20,127.5,127.5,126.96299743652344,127.2699966430664,83.80167388916016,21066,0.0,0.0,0.0
2013-11-21,126.77999877929688,126.77999877929688,126.0999984741211,126.5199966430664,83.30784606933594,15545,0.0,0.0,0.0
2013-11-22,126.5,126.85679626464844,126.30787658691406,126.78500366210938,83.48230743408203,13597,0.0,0.0,0.0
2013-11-25,126.6500015258789,127.19000244140625,126.63999938964844,126.99500274658203,83.62059783935547,38348,0.0,0.0,0.0
2013-11-26,126.80000305175781,127.36000061035156,126.80000305175781,127.31999969482422,83.83460235595703,29519,0.0,0.0,0.0
2013-11-27,126.0999984741211,126.17479705810547,125.5707015991211,125.69499969482422,83.50581359863281,117030,1.1301,0.0,0.0
2013-11-28,125.80000305175781,125.8499984741211,125.29039764404297,125.66000366210938,83.48258209228516,17266,0.0,0.0,0.0
2013-11-29,125.81999969482422,125.8405990600586,125.38999938964844,125.62000274658203,83.45598602294922,21743,0.0,0.0,0.0
2013-12-02,125.3499984741211,125.45279693603516,124.72000122070312,124.79000091552734,82.90459442138672,64470,0.0,0.0,0.0
2013-12-03,124.79000091552734,125.16179656982422,124.64520263671875,125.13999938964844,83.1371078491211,74776,0.0,0.0,0.0
2013-12-04,124.83999633789062,125.06999969482422,124.4000015258789,124.44000244140625,82.67207336425781,110635,0.0,0.0,0.0
2013-12-05,124.5199966430664,124.76180267333984,124.28119659423828,124.41999816894531,82.65875244140625,58095,0.0,0.0,0.0
2013-12-06,124.47000122070312,124.87999725341797,124.3873062133789,124.75499725341797,82.88130187988281,14605,0.0,0.0,0.0
2013-12-09,124.41999816894531,124.77999877929688,124.41731262207031,124.4749984741211,82.69532012939453,14052,0.0,0.0,0.0
2013-12-10,124.3499984741211,125.02749633789062,124.3499984741211,124.77999877929688,82.89794158935547,39365,0.0,0.0,0.0
2013-12-11,125.11000061035156,125.19000244140625,124.87744903564453,125.19000244140625,83.17032623291016,37327,0.0,0.0,0.0
2013-12-12,126.02999877929688,126.02999877929688,124.7699966430664,124.87999725341797,82.9643783569336,30166,0.0,0.0,0.0
2013-12-13,124.80000305175781,125.33000183105469,124.77999877929688,125.0199966430664,83.05734252929688,48936,0.0,0.0,0.0
2013-12-16,125.0999984741211,125.29000091552734,124.83000183105469,125.25,83.21016693115234,15409,0.0,0.0,0.0
2013-12-17,125.0,125.4800033569336,124.88999938964844,125.4000015258789,83.30985260009766,38805,0.0,0.0,0.0
2013-12-18,125.45999908447266,125.62999725341797,124.88999938964844,125.00499725341797,83.04742431640625,39723,0.0,0.0,0.0
2013-12-19,124.83999633789062,125.16059875488281,124.55999755859375,124.76000213623047,82.88463592529297,18958,0.0,0.0,0.0
2013-12-20,124.54000091552734,125.06919860839844,124.46440124511719,125.05999755859375,83.08394622802734,45778,0.0,0.0,0.0
2013-12-23,124.83999633789062,125.12000274658203,124.73741149902344,125.04000091552734,83.07067108154297,39047,0.0,0.0,0.0
2013-12-24,125.16000366210938,125.2300033569336,124.51000213623047,124.98999786376953,83.0374526977539,3630,0.0,0.0,0.0
2013-12-27,124.56999969482422,124.87751007080078,123.96717834472656,124.01000213623047,82.38639068603516,23714,0.0,0.0,0.0
2013-12-30,123.83999633789062,124.69999694824219,123.83999633789062,124.62999725341797,82.79827117919922,9214,0.0,0.0,0.0
2013-12-31,124.69000244140625,124.7699966430664,124.27999877929688,124.68000030517578,82.83149719238281,10339,0.0,0.0,0.0
2014-01-02,123.75,124.94999694824219,123.75,124.7300033569336,82.86474609375,37039,0.0,0.0,0.0
2014-01-03,124.97000122070312,125.36000061035156,124.66999816894531,125.0,83.04409790039062,8540,0.0,0.0,0.0
2014-01-06,125.44999694824219,126.44999694824219,125.31999969482422,125.87999725341797,83.62870788574219,23282,0.0,0.0,0.0
2014-01-07,125.77999877929688,126.3499984741211,125.66768646240234,126.16999816894531,83.82138061523438,7654,0.0,0.0,0.0
2014-01-08,126.43000030517578,126.43000030517578,125.91000366210938,125.95500183105469,83.6785659790039,12448,0.0,0.0,0.0
2014-01-09,126.0199966430664,126.2770004272461,125.76000213623047,126.06500244140625,83.75162506103516,17719,0.0,0.0,0.0
2014-01-10,126.0,127.0811996459961,126.0,126.875,84.28975677490234,24025,0.0,0.0,0.0
2014-01-13,126.94999694824219,127.52999877929688,126.89939880371094,127.52999877929688,84.72489929199219,14927,0.0,0.0,0.0
2014-01-14,127.44999694824219,127.56999969482422,127.13999938964844,127.33999633789062,84.5986557006836,13697,0.0,0.0,0.0
2014-01-15,127.47000122070312,127.47000122070312,127.0,127.09500122070312,84.43592071533203,20693,0.0,0.0,0.0
2014-01-16,127.20999908447266,127.72000122070312,126.95807647705078,127.6449966430664,84.80130004882812,29430,0.0,0.0,0.0
2014-01-17,127.66000366210938,127.79499816894531,127.17500305175781,127.41000366210938,84.64518737792969,16996,0.0,0.0,0.0
2014-01-20,127.41000366210938,127.52999877929688,127.19999694824219,127.27999877929688,84.55880737304688,23371,0.0,0.0,0.0
2014-01-21,127.31999969482422,127.43499755859375,126.94999694824219,127.31999969482422,84.58538055419922,53833,0.0,0.0,0.0
2014-01-22,127.2699966430664,127.41999816894531,126.6500015258789,126.83999633789062,84.2665023803711,48589,0.0,0.0,0.0
2014-01-23,126.69000244140625,127.33000183105469,126.69000244140625,127.16000366210938,84.47909545898438,19575,0.0,0.0,0.0
2014-01-24,127.30999755859375,127.72000122070312,126.91500091552734,127.20500183105469,84.50898742675781,33909,0.0,0.0,0.0
2014-01-27,127.04000091552734,127.34249877929688,126.53794860839844,126.95500183105469,84.34291076660156,25875,0.0,0.0,0.0
2014-01-28,126.94000244140625,126.97000122070312,126.55999755859375,126.7699966430664,84.21996307373047,6731,0.0,0.0,0.0
2014-01-29,126.7300033569336,127.2699966430664,126.44000244140625,127.06999969482422,84.41929626464844,54958,0.0,0.0,0.0
2014-01-30,127.29000091552734,127.49500274658203,126.81999969482422,127.12999725341797,84.45915222167969,47729,0.0,0.0,0.0
2014-01-31,127.4000015258789,127.62979888916016,127.12000274658203,127.47000122070312,84.68504333496094,20316,0.0,0.0,0.0
2014-02-03,127.30999755859375,127.43499755859375,126.80999755859375,127.51499938964844,84.71495819091797,26190,0.0,0.0,0.0
2014-02-04,127.33000183105469,127.66000366210938,126.98500061035156,127.25,84.53887939453125,31609,0.0,0.0,0.0
2014-02-05,126.91999816894531,127.96720123291016,126.91999816894531,127.28500366210938,84.56214904785156,11467,0.0,0.0,0.0
2014-02-06,127.0199966430664,127.42500305175781,126.69000244140625,126.90499877929688,84.3096923828125,30928,0.0,0.0,0.0
2014-02-07,127.16999816894531,127.46499633789062,126.40499877929688,127.12999725341797,84.45915222167969,30566,0.0,0.0,0.0
2014-02-10,126.94000244140625,127.44000244140625,126.8499984741211,127.13500213623047,84.46249389648438,8310,0.0,0.0,0.0
2014-02-11,127.0,127.24500274658203,126.78803253173828,127.08000183105469,84.42595672607422,23018,0.0,0.0,0.0
2014-02-12,127.05000305175781,127.12000274658203,126.28500366210938,126.36499786376953,83.95091247558594,19340,0.0,0.0,0.0
2014-02-13,126.70999908447266,127.04499816894531,126.44999694824219,126.70999908447266,84.18014526367188,11152,0.0,0.0,0.0
2014-02-14,126.69999694824219,126.94000244140625,126.337890625,126.6500015258789,84.14028930664062,14751,0.0,0.0,0.0
2014-02-17,126.6500015258789,127.01499938964844,126.55000305175781,126.90499877929688,84.3096923828125,18073,0.0,0.0,0.0
2014-02-18,127.3499984741211,127.49500274658203,126.61000061035156,126.94999694824219,84.339599609375,70845,0.0,0.0,0.0
2014-02-19,127.30999755859375,127.7925033569336,126.93000030517578,127.46499633789062,84.68171691894531,61330,0.0,0.0,0.0
2014-02-20,127.63999938964844,127.78500366210938,126.65798950195312,126.83999633789062,84.2665023803711,20458,0.0,0.0,0.0
2014-02-21,126.83999633789062,127.32499694824219,126.63797760009766,127.1050033569336,84.44254302978516,35500,0.0,0.0,0.0
2014-02-24,127.11000061035156,127.56500244140625,127.00808715820312,127.37999725341797,84.62525177001953,7806,0.0,0.0,0.0
2014-02-25,127.56999969482422,127.78500366210938,127.14749908447266,127.6050033569336,84.77474212646484,57276,0.0,0.0,0.0
2014-02-26,126.52999877929688,126.87000274658203,126.19000244140625,126.66000366210938,84.90679931640625,56196,1.142,0.0,0.0
2014-02-27,127.0199966430664,127.26499938964844,126.22785949707031,126.87000274658203,85.04756927490234,27432,0.0,0.0,0.0
2014-02-28,126.75,127.21499633789062,126.23786163330078,126.75,84.96712493896484,106452,0.0,0.0,0.0
2014-03-03,127.01000213623047,127.44170379638672,126.69000244140625,127.30999755859375,85.34251403808594,45175,0.0,0.0,0.0
2014-03-04,126.95999908447266,127.4000015258789,126.62999725341797,127.11499786376953,85.21183013916016,40864,0.0,0.0,0.0
2014-03-05,127.0,127.27999877929688,126.6679916381836,127.12000274658203,85.21516418457031,7131,0.0,0.0,0.0
2014-03-06,126.7699966430664,127.1500015258789,126.32788848876953,126.80000305175781,85.00066375732422,36644,0.0,0.0,0.0
2014-03-07,126.56999969482422,127.7249984741211,126.28787994384766,126.62999725341797,84.88668823242188,14519,0.0,0.0,0.0
2014-03-10,126.69999694824219,126.91999816894531,126.34500122070312,126.61499786376953,84.87661743164062,11847,0.0,0.0,0.0
2014-03-11,126.7300033569336,126.92500305175781,126.44792175292969,126.7699966430664,84.98052215576172,23259,0.0,0.0,0.0
2014-03-12,127.13999938964844,127.32749938964844,126.8880615234375,127.05500030517578,85.17156982421875,28001,0.0,0.0,0.0
2014-03-13,127.18000030517578,127.4188003540039,126.7699966430664,127.43000030517578,85.42293548583984,19761,0.0,0.0,0.0
2014-03-14,127.5999984741211,127.80999755859375,127.1719970703125,127.44000244140625,85.4296646118164,28919,0.0,0.0,0.0
2014-03-17,127.4800033569336,128.05499267578125,126.52794647216797,127.4000015258789,85.40283966064453,23501,0.0,0.0,0.0
2014-03-18,127.23999786376953,127.7249984741211,127.05999755859375,127.54000091552734,85.49671936035156,15268,0.0,0.0,0.0
2014-03-19,127.48999786376953,127.5999984741211,127.0999984741211,127.18499755859375,85.25872802734375,12037,0.0,0.0,0.0
2014-03-20,126.3499984741211,126.74732208251953,125.90499877929688,126.2249984741211,84.61518096923828,35119,0.0,0.0,0.0
2014-03-21,126.58000183105469,126.82499694824219,126.17500305175781,126.69000244140625,84.92691040039062,150592,0.0,0.0,0.0
2014-03-24,126.95999908447266,127.33999633789062,126.337890625,127.33999633789062,85.36260986328125,340036,0.0,0.0,0.0
2014-03-25,127.33000183105469,127.46499633789062,126.625,126.80500030517578,85.00397491455078,78300,0.0,0.0,0.0
2014-03-26,126.83999633789062,127.13999938964844,126.56999969482422,126.82499694824219,85.01738739013672,50010,0.0,0.0,0.0
2014-03-27,127.19000244140625,127.29000091552734,126.58660125732422,127.11499786376953,85.21183013916016,19171,0.0,0.0,0.0
2014-03-28,127.22000122070312,127.34500122070312,126.41500091552734,126.77999877929688,84.98722839355469,31036,0.0,0.0,0.0
2014-03-31,126.72000122070312,126.8873062133789,126.08999633789062,126.52999877929688,84.81964111328125,42872,0.0,0.0,0.0
2014-04-01,126.52999877929688,126.73999786376953,126.16999816894531,126.73999786376953,84.9604263305664,68200,0.0,0.0,0.0
2014-04-02,126.69999694824219,126.7300033569336,126.25,126.50499725341797,84.80289459228516,20368,0.0,0.0,0.0
2014-04-03,126.5199966430664,1.2688000202178955,1.2639000415802002,126.8499984741211,85.0341567993164,16947,0.0,0.0,0.0
2014-04-04,126.88999938964844,127.4800033569336,126.34789276123047,127.42500305175781,85.41961669921875,16255,0.0,0.0,0.0
2014-04-07,127.45999908447266,127.68499755859375,127.2300033569336,127.5199966430664,85.48330688476562,27549,0.0,0.0,0.0
2014-04-08,127.68000030517578,127.68000030517578,127.04060363769531,127.3499984741211,85.36933898925781,47345,0.0,0.0,0.0
2014-04-09,127.18000030517578,127.48999786376953,127.08740234375,127.4000015258789,85.40283966064453,14176,0.0,0.0,0.0
2014-04-10,127.9000015258789,128.36000061035156,127.68199920654297,128.13999938964844,85.89891052246094,12209,0.0,0.0,0.0
2014-04-11,128.2899932861328,128.48500061035156,127.95800018310547,128.25999450683594,85.97937774658203,11855,0.0,0.0,0.0
2014-04-14,128.3800048828125,128.4499969482422,127.91999816894531,128.0500030517578,85.83859252929688,56473,0.0,0.0,0.0
2014-04-15,128.1999969482422,128.36000061035156,127.51439666748047,128.32000732421875,86.01959991455078,18026,0.0,0.0,0.0
2014-04-16,127.69999694824219,128.70440673828125,127.33499908447266,128.08999633789062,85.86541748046875,55557,0.0,0.0,0.0
2014-04-17,128.19000244140625,128.20159912109375,127.79000091552734,127.80000305175781,85.67101287841797,17602,0.0,0.0,0.0
2014-04-22,127.9000015258789,127.9000015258789,127.36750030517578,127.5199966430664,85.48330688476562,14231,0.0,0.0,0.0
2014-04-23,127.3499984741211,128.02000427246094,127.3499984741211,127.99500274658203,85.80171203613281,41014,0.0,0.0,0.0
2014-04-24,127.80000305175781,128.0500030517578,127.5271987915039,127.75,85.6374740600586,27847,0.0,0.0,0.0
2014-04-25,127.97000122070312,128.47039794921875,127.85639953613281,128.3249969482422,86.0229263305664,25553,0.0,0.0,0.0
2014-04-28,128.22999572753906,128.31500244140625,127.83799743652344,128.11500549316406,85.88215637207031,32510,0.0,0.0,0.0
2014-04-29,128.02999877929688,128.12559509277344,126.81600189208984,127.86000061035156,85.71121215820312,120466,0.0,0.0,0.0
2014-04-30,127.79000091552734,128.3699951171875,127.72000122070312,128.27000427246094,85.98606872558594,23605,0.0,0.0,0.0
2014-05-01,128.16000366210938,128.72000122070312,128.11000061035156,128.44000244140625,86.10003662109375,61930,0.0,0.0,0.0
2014-05-02,128.44000244140625,128.76199340820312,128.0,128.67999267578125,86.26091003417969,23097,0.0,0.0,0.0
2014-05-06,128.80999755859375,128.80999755859375,128.19000244140625,128.57000732421875,86.18716430664062,23204,0.0,0.0,0.0
2014-05-07,128.80999755859375,128.95399475097656,128.39999389648438,128.7550048828125,86.31117248535156,47609,0.0,0.0,0.0
2014-05-08,128.6999969482422,129.13499450683594,128.5063934326172,129.02999877929688,86.4955062866211,31072,0.0,0.0,0.0
2014-05-09,129.00999450683594,129.02499389648438,128.6199951171875,128.69000244140625,86.26762390136719,18812,0.0,0.0,0.0
2014-05-12,128.60000610351562,128.60000610351562,128.14999389648438,128.375,86.05643463134766,4974,0.0,0.0,0.0
2014-05-13,128.55999755859375,129.0,128.23080444335938,128.85000610351562,86.3748779296875,29949,0.0,0.0,0.0
2014-05-14,129.0500030517578,129.86000061035156,128.76861572265625,129.86000061035156,87.05191040039062,12967,0.0,0.0,0.0
2014-05-15,129.66000366210938,130.27474975585938,129.66000366210938,130.0850067138672,87.2027587890625,23586,0.0,0.0,0.0
2014-05-16,130.05999755859375,130.22439575195312,129.73519897460938,129.8249969482422,87.02848052978516,11581,0.0,0.0,0.0
2014-05-19,129.7100067138672,130.02000427246094,129.5399932861328,129.69000244140625,86.93793487548828,27783,0.0,0.0,0.0
2014-05-20,129.49000549316406,129.63999938964844,129.2404022216797,129.35499572753906,86.71339416503906,15416,0.0,0.0,0.0
2014-05-21,128.4499969482422,128.51715087890625,127.79399871826172,128.10000610351562,86.58502197265625,16552,1.0651,0.0,0.0
2014-05-22,128.17999267578125,128.32000732421875,127.75,127.83999633789062,86.40928649902344,20309,0.0,0.0,0.0
2014-05-23,128.13999938964844,128.13999938964844,127.61827087402344,127.93990325927734,86.47682189941406,27823,0.0,0.0,0.0
2014-05-27,128.38999938964844,128.38999938964844,127.55783081054688,127.93499755859375,86.47349548339844,33280,0.0,0.0,0.0
2014-05-28,127.87000274658203,128.86000061035156,127.87000274658203,128.74000549316406,87.01762390136719,83155,0.0,0.0,0.0
2014-05-29,128.64999389648438,129.16799926757812,128.5352020263672,128.9949951171875,87.1899642944336,4791,0.0,0.0,0.0
2014-05-30,128.64999389648438,128.91610717773438,128.4503936767578,128.8249969482422,87.07505798339844,31097,0.0,0.0,0.0
2014-06-02,128.82000732421875,128.88160705566406,128.30799865722656,128.47000122070312,86.83512115478516,78412,0.0,0.0,0.0
2014-06-03,128.0,128.39700317382812,127.6500015258789,128.0,86.5174560546875,51859,0.0,0.0,0.0
2014-06-04,128.05999755859375,128.15499877929688,127.60600280761719,127.6500015258789,86.28087615966797,24425,0.0,0.0,0.0
2014-06-05,127.58999633789062,128.3000030517578,127.33000183105469,127.87000274658203,86.42955017089844,42575,0.0,0.0,0.0
2014-06-06,128.13999938964844,128.3303985595703,127.77999877929688,128.0500030517578,86.55122375488281,26422,0.0,0.0,0.0
2014-06-09,127.95999908447266,128.14520263671875,127.64199829101562,127.79499816894531,86.37887573242188,9383,0.0,0.0,0.0
2014-06-10,128.08999633789062,128.08999633789062,127.46880340576172,127.56999969482422,86.22679901123047,19767,0.0,0.0,0.0
2014-06-11,127.44000244140625,127.9000015258789,127.33000183105469,127.76499938964844,86.35858917236328,10720,0.0,0.0,0.0
2014-06-12,127.88999938964844,127.88999938964844,127.47000122070312,127.68000030517578,86.30116271972656,16214,0.0,0.0,0.0
2014-06-13,127.68000030517578,127.85600280761719,127.05660247802734,127.74500274658203,86.34508514404297,184049,0.0,0.0,0.0
2014-06-16,127.91999816894531,128.02980041503906,127.44660186767578,127.63999938964844,86.27410888671875,111285,0.0,0.0,0.0
2014-06-17,127.80000305175781,127.9800033569336,127.30999755859375,127.66000366210938,86.28763580322266,83295,0.0,0.0,0.0
2014-06-18,127.47000122070312,128.08340454101562,127.39019775390625,127.9749984741211,86.50056457519531,7915,0.0,0.0,0.0
2014-06-19,128.38999938964844,128.4575958251953,127.61589813232422,127.98500061035156,86.50728607177734,40863,0.0,0.0,0.0
2014-06-20,127.6500015258789,127.8738021850586,127.4583969116211,127.5999984741211,86.2470703125,26303,0.0,0.0,0.0
2014-06-23,127.55000305175781,128.08999633789062,127.46810150146484,127.80000305175781,86.38224029541016,33367,0.0,0.0,0.0
2014-06-24,127.66000366210938,128.24749755859375,127.54824829101562,127.98500061035156,86.50728607177734,44403,0.0,0.0,0.0
2014-06-25,127.69999694824219,128.82000732421875,127.69999694824219,128.7449951171875,87.02098083496094,22295,0.0,0.0,0.0
2014-06-26,128.74000549316406,128.90750122070312,128.42999267578125,128.85499572753906,87.09534454345703,19261,0.0,0.0,0.0
2014-06-27,128.85000610351562,129.0449981689453,128.4467010498047,128.73500061035156,87.01423645019531,10242,0.0,0.0,0.0
2014-06-30,129.00999450683594,129.00999450683594,128.24070739746094,128.52499389648438,86.8722915649414,23499,0.0,0.0,0.0
2014-07-01,128.44000244140625,128.44000244140625,127.97000122070312,128.0500030517578,86.55122375488281,18210,0.0,0.0,0.0
2014-07-02,128.02000427246094,128.2899932861328,127.61419677734375,127.75,86.34844970703125,69498,0.0,0.0,0.0
2014-07-03,127.54000091552734,127.87979888916016,127.231201171875,127.63999938964844,86.27410888671875,16168,0.0,0.0,0.0
2014-07-04,127.66999816894531,127.75599670410156,127.5,127.55000305175781,86.21329498291016,84733,0.0,0.0,0.0
2014-07-07,127.45999908447266,127.80000305175781,127.27559661865234,127.68499755859375,86.30452728271484,72107,0.0,0.0,0.0
2014-07-08,127.62999725341797,128.39999389648438,127.55999755859375,128.27999877929688,86.70668029785156,15372,0.0,0.0,0.0
2014-07-09,128.4600067138672,128.49679565429688,128.11000061035156,128.1649932861328,86.62896728515625,33280,0.0,0.0,0.0
2014-07-10,128.52000427246094,128.88499450683594,128.30999755859375,128.4550018310547,86.8249740600586,14172,0.0,0.0,0.0
2014-07-11,128.4600067138672,128.74000549316406,128.22000122070312,128.61500549316406,86.93314361572266,16082,0.0,0.0,0.0
2014-07-14,129.57000732421875,129.57000732421875,128.21600341796875,128.64500427246094,86.95341491699219,8652,0.0,0.0,0.0
2014-07-15,128.86000061035156,128.8699951171875,128.13999938964844,128.2550048828125,86.68981170654297,31745,0.0,0.0,0.0
2014-07-16,128.32000732421875,128.60000610351562,128.22000122070312,128.33999633789062,86.74723052978516,97890,0.0,0.0,0.0
2014-07-17,128.60000610351562,129.0,128.35000610351562,128.94500732421875,87.15619659423828,16032,0.0,0.0,0.0
2014-07-18,128.89999389648438,129.32000732421875,128.7115020751953,129.11000061035156,87.26769256591797,17395,0.0,0.0,0.0
2014-07-21,129.1300048828125,129.32359313964844,128.81719970703125,129.25999450683594,87.36911010742188,14349,0.0,0.0,0.0
2014-07-22,129.1300048828125,129.25999450683594,128.82040405273438,129.0399932861328,87.22039794921875,20296,0.0,0.0,0.0
2014-07-23,129.02000427246094,129.5800018310547,128.97000122070312,129.3000030517578,87.39612579345703,20560,0.0,0.0,0.0
2014-07-24,129.25999450683594,129.49000549316406,128.88999938964844,128.94500732421875,87.15619659423828,20779,0.0,0.0,0.0
2014-07-25,128.8300018310547,129.39999389648438,128.82200622558594,129.27499389648438,87.37921905517578,11478,0.0,0.0,0.0
2014-07-28,129.25999450683594,129.3000030517578,128.89999389648438,129.0800018310547,87.2474365234375,44391,0.0,0.0,0.0
2014-07-29,129.2899932861328,129.60000610351562,128.98410034179688,129.4199981689453,87.47724151611328,24657,0.0,0.0,0.0
2014-07-30,129.5,129.5966033935547,129.05999755859375,129.11500549316406,87.27107238769531,4434,0.0,0.0,0.0
2014-07-31,128.9499969482422,129.19659423828125,128.66000366210938,129.00999450683594,87.2000732421875,6589,0.0,0.0,0.0
2014-08-01,128.8300018310547,129.44869995117188,128.75,129.30999755859375,87.40292358398438,92097,0.0,0.0,0.0
2014-08-04,129.61000061035156,129.74000549316406,129.4145965576172,129.6750030517578,87.64959716796875,11841,0.0,0.0,0.0
2014-08-05,129.58999633789062,129.7100067138672,129.10000610351562,129.27999877929688,87.38263702392578,10990,0.0,0.0,0.0
2014-08-06,129.36000061035156,130.00999450683594,129.36000061035156,129.83999633789062,87.76110076904297,11517,0.0,0.0,0.0
2014-08-07,130.0399932861328,130.2100067138672,129.72999572753906,130.09500122070312,87.93348693847656,34093,0.0,0.0,0.0
2014-08-08,130.7100067138672,130.83999633789062,130.14999389648438,130.35000610351562,88.10584259033203,22682,0.0,0.0,0.0
2014-08-11,130.27000427246094,130.3300018310547,129.8845977783203,129.97500610351562,87.85238647460938,14167,0.0,0.0,0.0
2014-08-12,130.1300048828125,130.19000244140625,129.6699981689453,129.91000366210938,87.80846405029297,10044,0.0,0.0,0.0
2014-08-13,129.89999389648438,130.52999877929688,129.44459533691406,130.38499450683594,88.1295166015625,31664,0.0,0.0,0.0
2014-08-14,130.52999877929688,130.82000732421875,130.3603057861328,130.6649932861328,88.31875610351562,37932,0.0,0.0,0.0
2014-08-15,130.8300018310547,131.9199981689453,130.5872039794922,131.63499450683594,88.9743881225586,29868,0.0,0.0,0.0
2014-08-18,131.99000549316406,131.99000549316406,130.94000244140625,130.94500732421875,88.50801086425781,14963,0.0,0.0,0.0
2014-08-19,131.11000061035156,131.66000366210938,130.8072052001953,131.2550048828125,88.71755981445312,48309,0.0,0.0,0.0
2014-08-20,130.07000732421875,130.3000030517578,129.82000732421875,130.0050048828125,88.66434478759766,12994,1.172,0.0,0.0
2014-08-21,129.85000610351562,130.30999755859375,129.5509033203125,130.18499755859375,88.787109375,7465,0.0,0.0,0.0
2014-08-22,130.5,130.6999969482422,130.04989624023438,130.19000244140625,88.7905502319336,36070,0.0,0.0,0.0
2014-08-26,130.14999389648438,130.97000122070312,130.14999389648438,130.9149932861328,89.28498077392578,22106,0.0,0.0,0.0
2014-08-27,130.9499969482422,131.83200073242188,130.8686981201172,131.875,89.93971252441406,22880,0.0,0.0,0.0
2014-08-28,131.60000610351562,132.10000610351562,131.60000610351562,131.8800048828125,89.943115234375,75890,0.0,0.0,0.0
2014-08-29,131.85000610351562,132.19900512695312,131.63999938964844,131.98500061035156,90.01472473144531,119369,0.0,0.0,0.0
2014-09-01,132.0,132.1300048828125,131.72030639648438,132.10000610351562,90.09315490722656,28969,0.0,0.0,0.0
2014-09-02,132.10000610351562,132.10000610351562,131.36000061035156,131.6300048828125,89.7726058959961,100217,0.0,0.0,0.0
2014-09-03,131.3300018310547,131.66000366210938,130.51780700683594,131.13999938964844,89.43846130371094,22649,0.0,0.0,0.0
2014-09-04,131.13999938964844,131.668701171875,130.7053985595703,130.89999389648438,89.27474212646484,15877,0.0,0.0,0.0
2014-09-05,130.77000427246094,131.29660034179688,130.77000427246094,131.0800018310547,89.39750671386719,8879,0.0,0.0,0.0
2014-09-08,130.97999572753906,131.17999267578125,130.77940368652344,131.0050048828125,89.3463363647461,15265,0.0,0.0,0.0
2014-09-09,130.94000244140625,130.94000244140625,130.32020568847656,130.65499877929688,89.10767364501953,108305,0.0,0.0,0.0
2014-09-10,130.6699981689453,130.78668212890625,130.52999877929688,130.64999389648438,89.10425567626953,29141,0.0,0.0,0.0
2014-09-11,130.60000610351562,130.8300018310547,130.38720703125,130.58999633789062,89.06333923339844,17711,0.0,0.0,0.0
2014-09-12,130.60000610351562,130.60000610351562,130.0500030517578,130.24000549316406,88.82461547851562,253072,0.0,0.0,0.0
2014-09-15,130.1999969482422,130.50599670410156,130.09820556640625,130.23500061035156,88.82122039794922,23350,0.0,0.0,0.0
2014-09-16,130.4499969482422,130.4499969482422,130.10760498046875,130.19000244140625,88.7905502319336,17527,0.0,0.0,0.0
2014-09-17,130.13999938964844,130.5,130.13999938964844,130.36000061035156,88.90647888183594,85327,0.0,0.0,0.0
2014-09-18,130.0800018310547,130.3000030517578,129.6663055419922,129.81500244140625,88.5347671508789,25865,0.0,0.0,0.0
2014-09-19,129.89999389648438,130.75,129.89999389648438,130.69500732421875,89.13494873046875,15753,0.0,0.0,0.0
2014-09-22,130.8000030517578,131.13999938964844,130.7144012451172,131.10000610351562,89.41116333007812,22583,0.0,0.0,0.0
2014-09-23,131.36000061035156,131.5500030517578,131.1699981689453,131.3000030517578,89.54756164550781,14026,0.0,0.0,0.0
2014-09-24,131.25,131.53880310058594,131.1817626953125,131.27999877929688,89.53390502929688,21154,0.0,0.0,0.0
2014-09-25,131.36000061035156,131.85675048828125,131.27999877929688,131.375,89.59876251220703,9319,0.0,0.0,0.0
2014-09-26,131.6699981689453,131.697998046875,131.0489044189453,131.1750030517578,89.46231079101562,82388,0.0,0.0,0.0
2014-09-29,131.24000549316406,131.5196990966797,130.99000549316406,131.35000610351562,89.58165740966797,27537,0.0,0.0,0.0
2014-09-30,131.1699981689453,131.50999450683594,131.04420471191406,131.41000366210938,89.62258911132812,10117,0.0,0.0,0.0
2014-10-01,131.27999877929688,131.94219970703125,131.27000427246094,131.8699951171875,89.9363021850586,16228,0.0,0.0,0.0
2014-10-02,131.89999389648438,132.22000122070312,131.8800048828125,132.18499755859375,90.1511459350586,99485,0.0,0.0,0.0
2014-10-03,132.1999969482422,132.27650451660156,131.5,131.625,89.76921844482422,16136,0.0,0.0,0.0
2014-10-06,131.6699981689453,132.0800018310547,131.6699981689453,132.0,90.02498626708984,29096,0.0,0.0,0.0
2014-10-07,132.0,132.8300018310547,131.92520141601562,132.8300018310547,90.59100341796875,30764,0.0,0.0,0.0
2014-10-08,132.77999877929688,133.3300018310547,132.77999877929688,133.0050048828125,90.71038818359375,73079,0.0,0.0,0.0
2014-10-09,133.3000030517578,133.5399932861328,132.80889892578125,132.86000061035156,90.61149597167969,34234,0.0,0.0,0.0
2014-10-10,132.88999938964844,133.3300018310547,132.614501953125,133.11000061035156,90.78199768066406,18852,0.0,0.0,0.0
2014-10-13,133.22000122070312,133.73159790039062,133.14999389648438,133.625,91.1332015991211,21838,0.0,0.0,0.0
2014-10-14,133.3699951171875,134.39999389648438,133.33700561523438,134.0,91.38895416259766,189634,0.0,0.0,0.0
2014-10-15,133.89999389648438,135.47999572753906,133.7498016357422,135.05999755859375,92.11190032958984,56254,0.0,0.0,0.0
2014-10-16,134.69000244140625,135.3800048828125,133.58999633789062,133.6649932861328,91.1605224609375,86202,0.0,0.0,0.0
2014-10-17,132.77999877929688,133.60769653320312,132.24000549316406,132.3249969482422,90.24661254882812,52667,0.0,0.0,0.0
2014-10-20,132.5800018310547,133.02000427246094,132.14529418945312,132.6699981689453,90.48188781738281,42700,0.0,0.0,0.0
2014-10-21,132.83999633789062,132.90719604492188,132.12527465820312,132.49000549316406,90.359130859375,19889,0.0,0.0,0.0
2014-10-22,132.82000732421875,132.97000122070312,131.9373016357422,132.3350067138672,90.25346374511719,67056,0.0,0.0,0.0
2014-10-23,132.5500030517578,132.6804962158203,131.89999389648438,132.07000732421875,90.07270812988281,10861,0.0,0.0,0.0
2014-10-24,132.16000366210938,132.5399932861328,132.00999450683594,132.22000122070312,90.17500305175781,63216,0.0,0.0,0.0
2014-10-27,132.25,132.64999389648438,131.93069458007812,132.5399932861328,90.39324951171875,14179,0.0,0.0,0.0
2014-10-28,132.5800018310547,132.6461944580078,131.89920043945312,132.19000244140625,90.15454864501953,21575,0.0,0.0,0.0
2014-10-29,132.72000122070312,132.72000122070312,131.87440490722656,132.0399932861328,90.0522232055664,87716,0.0,0.0,0.0
2014-10-30,132.02999877929688,132.49000549316406,131.8300018310547,132.17999267578125,90.14773559570312,35089,0.0,0.0,0.0
2014-10-31,132.13999938964844,132.19000244140625,131.8824005126953,132.0,90.02498626708984,23299,0.0,0.0,0.0
2014-11-03,132.1699981689453,132.5312042236328,131.73880004882812,131.82000732421875,89.90222930908203,16172,0.0,0.0,0.0
2014-11-04,132.0,132.39999389648438,131.91200256347656,132.22999572753906,90.18182373046875,26947,0.0,0.0,0.0
2014-11-05,132.14999389648438,132.47000122070312,131.92999267578125,132.0800018310547,90.07952880859375,507448,0.0,0.0,0.0
2014-11-06,132.0,132.9600067138672,131.9876251220703,132.39500427246094,90.29434967041016,76653,0.0,0.0,0.0
2014-11-07,132.5399932861328,132.88999938964844,132.08999633789062,132.80499267578125,90.57396697998047,20691,0.0,0.0,0.0
2014-11-10,132.92999267578125,133.42019653320312,132.8800048828125,133.00999450683594,90.71379089355469,31899,0.0,0.0,0.0
2014-11-11,132.75,132.93370056152344,132.5,132.60000610351562,90.43416595458984,11145,0.0,0.0,0.0
2014-11-12,132.82000732421875,133.37060546875,132.74339294433594,133.0500030517578,90.74105072021484,64483,0.0,0.0,0.0
2014-11-13,133.1999969482422,133.25,132.68780517578125,133.10499572753906,90.77857208251953,135834,0.0,0.0,0.0
2014-11-14,133.25999450683594,133.6575927734375,133.1699981689453,133.5050048828125,91.0513916015625,34674,0.0,0.0,0.0
2014-11-17,134.00999450683594,134.14920043945312,133.6140594482422,133.77000427246094,91.23213195800781,42769,0.0,0.0,0.0
2014-11-18,133.5800018310547,134.0567626953125,133.3800048828125,133.67999267578125,91.17069244384766,17888,0.0,0.0,0.0
2014-11-19,133.85000610351562,133.9691925048828,133.08999633789062,133.35499572753906,90.94905853271484,45292,0.0,0.0,0.0
2014-11-20,133.5399932861328,134.0883026123047,133.47560119628906,133.52999877929688,91.06843566894531,45946,0.0,0.0,0.0
2014-11-21,133.67999267578125,134.13999938964844,133.43896484375,134.05999755859375,91.4299087524414,52008,0.0,0.0,0.0
2014-11-24,134.0,134.22970581054688,133.9040985107422,134.06500244140625,91.43328094482422,17155,0.0,0.0,0.0
2014-11-25,134.27000427246094,134.75999450683594,134.22000122070312,134.47999572753906,91.71633911132812,26722,0.0,0.0,0.0
2014-11-26,134.6999969482422,134.99000549316406,134.57940673828125,134.89999389648438,92.0027847290039,18966,0.0,0.0,0.0
2014-11-27,133.77999877929688,134.27999877929688,133.77999877929688,134.22500610351562,92.40862274169922,27995,1.2645,0.0,0.0
2014-11-28,134.3699951171875,134.52000427246094,134.05999755859375,134.16000366210938,92.36388397216797,94496,0.0,0.0,0.0
2014-12-01,134.55999755859375,134.6999969482422,134.11309814453125,134.35000610351562,92.49468994140625,31602,0.0,0.0,0.0
2014-12-02,134.4199981689453,134.49656677246094,133.34939575195312,133.47500610351562,91.89228057861328,72532,0.0,0.0,0.0
2014-12-03,133.5399932861328,133.91000366210938,133.29080200195312,133.30999755859375,91.77867889404297,35460,0.0,0.0,0.0
2014-12-04,133.5800018310547,133.99008178710938,133.11520385742188,133.63999938964844,92.00589752197266,53137,0.0,0.0,0.0
2014-12-05,133.72000122070312,133.85000610351562,133.25,133.48500061035156,91.89916229248047,11519,0.0,0.0,0.0
2014-12-08,133.27999877929688,133.9763946533203,133.05679321289062,134.01499938964844,92.26404571533203,42616,0.0,0.0,0.0
2014-12-09,133.94000244140625,134.85760498046875,133.94000244140625,134.75999450683594,92.77693939208984,40610,0.0,0.0,0.0
2014-12-10,135.10000610351562,135.10000610351562,133.8092041015625,134.5850067138672,92.6564712524414,59784,0.0,0.0,0.0
2014-12-11,134.6300048828125,135.36000061035156,134.6300048828125,134.67999267578125,92.72187042236328,16486,0.0,0.0,0.0
2014-12-12,134.72999572753906,135.6999969482422,134.72999572753906,135.60499572753906,93.35873413085938,33544,0.0,0.0,0.0
2014-12-15,135.75,135.75,135.11000061035156,135.60000610351562,93.35527801513672,54475,0.0,0.0,0.0
2014-12-16,135.77999877929688,136.73080444335938,135.6208038330078,135.64999389648438,93.38967895507812,44407,0.0,0.0,0.0
2014-12-17,135.94000244140625,136.10899353027344,135.44000244140625,135.89999389648438,93.56180572509766,21949,0.0,0.0,0.0
2014-12-18,135.66000366210938,135.74319458007812,134.5500030517578,134.72500610351562,92.75286865234375,54041,0.0,0.0,0.0
2014-12-19,134.38999938964844,134.85000610351562,134.13999938964844,134.83999633789062,92.83203125,15402,0.0,0.0,0.0
2014-12-22,135.10000610351562,135.3000030517578,134.7436065673828,135.10499572753906,93.01448822021484,21641,0.0,0.0,0.0
2014-12-23,134.77999877929688,135.48080444335938,134.6699981689453,134.9199981689453,92.88709259033203,14247,0.0,0.0,0.0
2014-12-24,134.94000244140625,134.9499969482422,134.14999389648438,134.4949951171875,92.59452056884766,9911,0.0,0.0,0.0
2014-12-29,134.8000030517578,135.4145050048828,134.627197265625,135.17999267578125,93.06608581542969,17173,0.0,0.0,0.0
2014-12-30,134.97000122070312,135.7989959716797,134.97000122070312,135.6300048828125,93.37591552734375,20097,0.0,0.0,0.0
2014-12-31,135.2100067138672,136.49000549316406,135.2100067138672,136.13999938964844,93.72702026367188,1707,0.0,0.0,0.0
2015-01-02,135.6999969482422,136.7666015625,135.6999969482422,136.72500610351562,94.12977600097656,17637,0.0,0.0,0.0
2015-01-05,136.63999938964844,137.5,136.27679443359375,137.47999572753906,94.64958953857422,32058,0.0,0.0,0.0
2015-01-06,137.64999389648438,138.47000122070312,137.4208984375,138.4550018310547,95.32080841064453,34801,0.0,0.0,0.0
2015-01-07,138.24000549316406,138.63560485839844,137.89199829101562,138.28500366210938,95.20376586914062,18714,0.0,0.0,0.0
2015-01-08,138.25,138.27000427246094,137.80813598632812,138.07000732421875,95.0557861328125,30397,0.0,0.0,0.0
2015-01-09,138.1699981689453,138.69000244140625,138.00320434570312,138.64500427246094,95.45162200927734,31116,0.0,0.0,0.0
2015-01-12,138.49000549316406,139.04150390625,138.3699951171875,138.88499450683594,95.61685180664062,17877,0.0,0.0,0.0
2015-01-13,139.5500030517578,139.7100067138672,138.9499969482422,138.97500610351562,95.67881774902344,15110,0.0,0.0,0.0
2015-01-14,139.6199951171875,140.30999755859375,139.31118774414062,140.0449981689453,96.41545867919922,63200,0.0,0.0,0.0
2015-01-15,139.89999389648438,140.4156036376953,139.50999450683594,140.125,96.47054290771484,35130,0.0,0.0,0.0
2015-01-16,140.02000427246094,140.8520050048828,140.02000427246094,140.18499755859375,96.5118637084961,114548,0.0,0.0,0.0
2015-01-19,140.57000732421875,140.82350158691406,140.125244140625,140.60499572753906,96.80101013183594,75616,0.0,0.0,0.0
2015-01-20,140.1699981689453,141.16000366210938,140.1699981689453,141.0749969482422,97.12458038330078,47960,0.0,0.0,0.0
2015-01-21,141.24000549316406,142.0,140.66000366210938,141.75,97.58930969238281,71598,0.0,0.0,0.0
2015-01-22,141.60000610351562,142.3800048828125,140.30999755859375,141.55499267578125,97.45504760742188,21365,0.0,0.0,0.0
2015-01-23,142.10000610351562,143.13299560546875,141.76600646972656,142.8249969482422,98.32939910888672,32553,0.0,0.0,0.0
2015-01-26,142.99000549316406,143.1300048828125,142.5677947998047,142.6699981689453,98.2226791381836,67790,0.0,0.0,0.0
2015-01-27,142.9600067138672,143.3699951171875,142.7100067138672,143.02000427246094,98.46363067626953,31495,0.0,0.0,0.0
2015-01-28,142.8000030517578,143.17239379882812,142.56500244140625,143.09500122070312,98.51528930664062,38111,0.0,0.0,0.0
2015-01-29,143.1999969482422,143.72000122070312,143.00320434570312,143.4149932861328,98.73558807373047,537886,0.0,0.0,0.0
2015-01-30,143.77000427246094,144.70339965820312,143.6750030517578,144.55499267578125,99.52041625976562,88709,0.0,0.0,0.0
2015-02-02,144.72999572753906,144.72999572753906,144.06309509277344,144.38999938964844,99.40685272216797,36426,0.0,0.0,0.0
2015-02-03,144.4499969482422,144.46240234375,143.08470153808594,143.14999389648438,98.55314636230469,155946,0.0,0.0,0.0
2015-02-04,143.47999572753906,143.47999572753906,142.28309631347656,142.2949981689453,97.96449279785156,20543,0.0,0.0,0.0
2015-02-05,143.1699981689453,143.34559631347656,142.11090087890625,142.22000122070312,97.91287231445312,59398,0.0,0.0,0.0
2015-02-06,142.4499969482422,142.57369995117188,141.0240020751953,141.1199951171875,97.15556335449219,30284,0.0,0.0,0.0
2015-02-09,141.44000244140625,142.02999877929688,141.1219940185547,141.3000030517578,97.27947235107422,48553,0.0,0.0,0.0
2015-02-10,141.10000610351562,141.25,140.39649963378906,140.5500030517578,96.76314544677734,28463,0.0,0.0,0.0
2015-02-11,140.8000030517578,140.8000030517578,140.34280395507812,140.47999572753906,96.7149429321289,114331,0.0,0.0,0.0
2015-02-12,140.64999389648438,140.89219665527344,139.6999969482422,140.42999267578125,96.68054962158203,47856,0.0,0.0,0.0
2015-02-13,140.16000366210938,140.5,139.66419982910156,140.31500244140625,96.60132598876953,67433,0.0,0.0,0.0
2015-02-16,140.3800048828125,140.3800048828125,139.90359497070312,140.10000610351562,96.45335388183594,51475,0.0,0.0,0.0
2015-02-17,140.5,140.59640502929688,139.3719940185547,139.5,96.0402603149414,106113,0.0,0.0,0.0
2015-02-18,139.2899932861328,139.59559631347656,138.2899932861328,138.3800048828125,95.26919555664062,51881,0.0,0.0,0.0
2015-02-19,138.80999755859375,139.160400390625,138.50880432128906,138.7100067138672,95.49637603759766,56393,0.0,0.0,0.0
2015-02-20,138.8000030517578,139.55999755859375,138.47999572753906,139.48500061035156,96.02992248535156,71121,0.0,0.0,0.0
2015-02-23,139.07000732421875,139.5435028076172,139.00660705566406,139.13999938964844,95.79241180419922,30704,0.0,0.0,0.0
2015-02-24,139.24000549316406,139.9199981689453,138.83999633789062,139.9199981689453,96.32940673828125,68247,0.0,0.0,0.0
2015-02-25,140.1199951171875,140.72000122070312,140.0041961669922,140.08999633789062,96.44645690917969,71301,0.0,0.0,0.0
2015-02-26,140.33999633789062,140.33999633789062,138.86000061035156,139.08999633789062,96.53099822998047,283066,1.1218,0.0,0.0
2015-02-27,138.6199951171875,138.81700134277344,138.06539916992188,138.24000549316406,95.94107818603516,182740,0.0,0.0,0.0
2015-03-02,138.1199951171875,138.77000427246094,137.94650268554688,138.25,95.94799041748047,28920,0.0,0.0,0.0
2015-03-03,138.10000610351562,138.27137756347656,137.07000732421875,137.30999755859375,95.29561614990234,28760,0.0,0.0,0.0
2015-03-04,137.49000549316406,137.49000549316406,136.85699462890625,137.0749969482422,95.13253784179688,75373,0.0,0.0,0.0
2015-03-05,137.25999450683594,137.66000366210938,136.84100341796875,137.22500610351562,95.23664855957031,200833,0.0,0.0,0.0
2015-03-06,137.75,137.75,136.16360473632812,136.4149932861328,94.67449951171875,70506,0.0,0.0,0.0
2015-03-09,136.52000427246094,136.92999267578125,136.29200744628906,136.6300048828125,94.82372283935547,30284,0.0,0.0,0.0
2015-03-10,136.69000244140625,138.00999450683594,136.41200256347656,137.75999450683594,95.60795593261719,56930,0.0,0.0,0.0
2015-03-11,137.50999450683594,137.9875946044922,137.07699584960938,137.6649932861328,95.5419921875,29964,0.0,0.0,0.0
2015-03-12,137.6699981689453,138.84800720214844,137.6699981689453,138.52499389648438,96.13887023925781,16329,0.0,0.0,0.0
2015-03-13,138.89999389648438,139.00079345703125,138.0070037841797,138.72500610351562,96.27764129638672,33950,0.0,0.0,0.0
2015-03-16,138.74000549316406,139.3000030517578,138.66700744628906,138.9550018310547,96.4372787475586,32121,0.0,0.0,0.0
2015-03-17,139.1699981689453,139.6929931640625,138.7498016357422,138.8699951171875,96.37828826904297,201316,0.0,0.0,0.0
2015-03-18,139.0,139.7729949951172,138.9199981689453,139.7550048828125,96.99250793457031,100465,0.0,0.0,0.0
2015-03-19,140.11000061035156,140.90899658203125,140.0395965576172,140.65499877929688,97.61714172363281,50142,0.0,0.0,0.0
2015-03-20,140.61000061035156,140.97000122070312,140.32699584960938,140.80499267578125,97.72119903564453,19573,0.0,0.0,0.0
2015-03-23,140.8000030517578,141.1999969482422,140.49000549316406,140.9199981689453,97.80105590820312,71782,0.0,0.0,0.0
2015-03-24,140.77000427246094,141.14300537109375,140.57000732421875,140.7949981689453,97.71427917480469,169900,0.0,0.0,0.0
2015-03-25,141.1999969482422,141.37660217285156,140.7196044921875,140.88499450683594,97.7767333984375,172549,0.0,0.0,0.0
2015-03-26,140.9600067138672,140.9600067138672,139.5124969482422,139.6649932861328,96.93003845214844,23743,0.0,0.0,0.0
2015-03-27,139.8000030517578,140.23300170898438,138.927001953125,140.1750030517578,97.28398132324219,31896,0.0,0.0,0.0
2015-03-30,140.25,140.5644989013672,139.7100067138672,139.80499267578125,97.0272216796875,15562,0.0,0.0,0.0
2015-03-31,139.85000610351562,140.27000427246094,139.43960571289062,139.8699951171875,97.0722885131836,38730,0.0,0.0,0.0
2015-04-01,140.14999389648438,140.5,139.27999877929688,140.26499938964844,97.3464584350586,22762,0.0,0.0,0.0
2015-04-02,140.35000610351562,140.6300048828125,139.6999969482422,140.0050048828125,97.16598510742188,48312,0.0,0.0,0.0
2015-04-07,140.05999755859375,141.29739379882812,139.60000610351562,139.89500427246094,97.08969116210938,52775,0.0,0.0,0.0
2015-04-08,139.8800048828125,140.32000732421875,139.7969970703125,140.1300048828125,97.25276947021484,37064,0.0,0.0,0.0
2015-04-09,140.1999969482422,140.73480224609375,139.88999938964844,140.11500549316406,97.24237060546875,44250,0.0,0.0,0.0
2015-04-10,139.5500030517578,140.2216033935547,139.52999877929688,140.16000366210938,97.27356719970703,35407,0.0,0.0,0.0
2015-04-13,140.25,140.406005859375,139.4600067138672,139.86000061035156,97.06537628173828,42992,0.0,0.0,0.0
2015-04-14,140.4199981689453,140.9600067138672,139.8300018310547,140.76499938964844,97.69345092773438,18201,0.0,0.0,0.0
2015-04-15,140.52000427246094,140.7707977294922,140.16000366210938,140.34500122070312,97.40196228027344,70426,0.0,0.0,0.0
2015-04-16,140.1300048828125,140.39999389648438,139.5946044921875,139.7550048828125,96.99250793457031,143015,0.0,0.0,0.0
2015-04-17,139.89999389648438,140.50340270996094,139.45050048828125,139.6649932861328,96.93003845214844,29467,0.0,0.0,0.0
2015-04-20,139.85000610351562,140.15455627441406,139.42019653320312,139.74000549316406,96.98208618164062,19878,0.0,0.0,0.0
2015-04-21,139.49000549316406,140.0019989013672,139.36549377441406,139.77499389648438,97.00639343261719,305055,0.0,0.0,0.0
2015-04-22,139.67999267578125,140.0847930908203,138.0800018310547,138.0800018310547,95.82999420166016,25228,0.0,0.0,0.0
2015-04-23,138.4199981689453,138.75999450683594,138.04400634765625,138.55499267578125,96.15970611572266,68676,0.0,0.0,0.0
2015-04-24,138.58999633789062,139.05999755859375,138.2642059326172,139.0,96.46855163574219,29312,0.0,0.0,0.0
2015-04-27,139.0500030517578,139.10000610351562,138.27999877929688,138.4250030517578,96.0694580078125,15898,0.0,0.0,0.0
2015-04-28,138.64999389648438,138.7830047607422,137.76400756835938,138.28500366210938,95.97228240966797,60441,0.0,0.0,0.0
2015-04-29,138.0800018310547,138.3177947998047,136.59800720214844,136.7949981689453,94.93820190429688,37329,0.0,0.0,0.0
2015-04-30,136.74000549316406,136.98849487304688,136.2100067138672,136.75999450683594,94.91392517089844,62101,0.0,0.0,0.0
2015-05-01,137.0,137.22999572753906,136.41119384765625,136.6199951171875,94.81675720214844,94505,0.0,0.0,0.0
2015-05-05,136.4600067138672,136.4600067138672,133.9947967529297,135.00999450683594,93.69937896728516,38522,0.0,0.0,0.0
2015-05-06,134.9499969482422,135.58999633789062,134.57400512695312,135.25,93.86595153808594,32908,0.0,0.0,0.0
2015-05-07,135.32000732421875,135.8612060546875,134.22509765625,135.6750030517578,94.1609115600586,40856,0.0,0.0,0.0
2015-05-08,136.69000244140625,137.3000030517578,135.0863037109375,136.63999938964844,94.83064270019531,21449,0.0,0.0,0.0
2015-05-11,136.94000244140625,136.94000244140625,135.89999389648438,136.14999389648438,94.49055480957031,23969,0.0,0.0,0.0
2015-05-12,135.3300018310547,135.83639526367188,134.718505859375,135.11000061035156,93.76878356933594,149805,0.0,0.0,0.0
2015-05-13,135.3300018310547,136.1699981689453,134.91000366210938,135.26499938964844,93.87635803222656,46146,0.0,0.0,0.0
2015-05-14,135.30999755859375,135.5435028076172,134.86019897460938,135.15499877929688,93.80001831054688,14829,0.0,0.0,0.0
2015-05-15,135.24000549316406,136.47999572753906,135.24000549316406,136.44000244140625,94.69185638427734,26149,0.0,0.0,0.0
2015-05-18,136.3800048828125,136.58160400390625,135.5321044921875,135.64999389648438,94.1435546875,14200,0.0,0.0,0.0
2015-05-19,136.1199951171875,136.6300048828125,135.18539428710938,135.58999633789062,94.10193634033203,61465,0.0,0.0,0.0
2015-05-20,135.5500030517578,135.81460571289062,135.07000732421875,135.52499389648438,94.05680847167969,27542,0.0,0.0,0.0
2015-05-21,135.5,135.88099670410156,135.2834014892578,135.58999633789062,94.10193634033203,19393,0.0,0.0,0.0
2015-05-22,135.9499969482422,136.26539611816406,135.52000427246094,136.06500244140625,94.43157196044922,14359,0.0,0.0,0.0
2015-05-26,136.22000122070312,136.82899475097656,136.1237030029297,136.59500122070312,94.7994155883789,270650,0.0,0.0,0.0
2015-05-27,136.5500030517578,136.77999877929688,136.25900268554688,136.52000427246094,94.74736785888672,43675,0.0,0.0,0.0
2015-05-28,135.82000732421875,136.1699981689453,135.4833984375,135.97999572753906,95.14118194580078,32822,1.1029,0.0,0.0
2015-05-29,136.24000549316406,136.41000366210938,135.97000122070312,136.13999938964844,95.2531509399414,28925,0.0,0.0,0.0
2015-06-01,136.0399932861328,136.2136993408203,135.64999389648438,135.77000427246094,94.9942626953125,114988,0.0,0.0,0.0
2015-06-02,135.30999755859375,135.53799438476562,134.40939331054688,134.3350067138672,93.9902572631836,48905,0.0,0.0,0.0
2015-06-03,134.17999267578125,134.25970458984375,133.02650451660156,133.0850067138672,93.11566925048828,20826,0.0,0.0,0.0
2015-06-04,132.19000244140625,133.5,131.85350036621094,133.1199951171875,93.14013671875,230012,0.0,0.0,0.0
2015-06-05,133.24000549316406,133.28399658203125,132.2899932861328,132.77000427246094,92.8952865600586,49107,0.0,0.0,0.0
2015-06-08,132.69000244140625,133.09320068359375,132.6403045654297,132.85000610351562,92.95122528076172,27963,0.0,0.0,0.0
2015-06-09,133.10000610351562,133.4499969482422,132.3496856689453,132.5500030517578,92.7413101196289,506996,0.0,0.0,0.0
2015-06-10,132.44000244140625,132.44410705566406,131.6634063720703,132.35000610351562,92.60138702392578,195015,0.0,0.0,0.0
2015-06-11,132.25,132.9499969482422,131.81829833984375,132.8699951171875,92.96525573730469,106041,0.0,0.0,0.0
2015-06-12,133.38999938964844,133.9199981689453,132.8795928955078,133.52999877929688,93.42699432373047,45521,0.0,0.0,0.0
2015-06-15,133.85000610351562,133.8791961669922,132.83709716796875,132.97500610351562,93.03871154785156,14104,0.0,0.0,0.0
2015-06-16,133.0,133.5,132.8000030517578,133.02999877929688,93.07719421386719,13557,0.0,0.0,0.0
2015-06-17,133.05999755859375,133.39999389648438,132.11000061035156,132.22000122070312,92.51042938232422,33791,0.0,0.0,0.0
2015-06-18,132.97000122070312,133.14993286132812,132.02999877929688,132.1199951171875,92.44046783447266,22946,0.0,0.0,0.0
2015-06-19,132.17999267578125,132.69000244140625,132.07400512695312,132.48500061035156,92.69586944580078,13274,0.0,0.0,0.0
2015-06-22,131.9199981689453,132.27000427246094,130.74270629882812,131.58999633789062,92.06964874267578,25171,0.0,0.0,0.0
2015-06-23,130.61000061035156,132.1199951171875,130.61000061035156,131.63999938964844,92.1046142578125,64488,0.0,0.0,0.0
2015-06-24,131.41000366210938,131.5800018310547,131.00929260253906,131.40499877929688,91.94020080566406,20853,0.0,0.0,0.0
2015-06-25,131.27000427246094,131.84060668945312,131.27000427246094,131.4499969482422,91.97168731689453,15735,0.0,0.0,0.0
2015-06-26,131.17999267578125,131.82000732421875,130.5800018310547,130.9550018310547,91.62537384033203,20999,0.0,0.0,0.0
2015-06-29,131.9600067138672,133.97979736328125,130.7392120361328,131.32000732421875,91.88074493408203,23771,0.0,0.0,0.0
2015-06-30,131.08999633789062,131.8975067138672,131.08999633789062,131.22000122070312,91.8107681274414,125432,0.0,0.0,0.0
2015-07-01,131.4499969482422,131.6699981689453,130.16000366210938,130.8000030517578,91.51689910888672,19604,0.0,0.0,0.0
2015-07-02,130.75999450683594,131.4499969482422,130.1851043701172,131.27999877929688,91.85273742675781,31599,0.0,0.0,0.0
2015-07-03,131.4199981689453,131.94540405273438,130.86669921875,131.86000061035156,92.25856018066406,12961,0.0,0.0,0.0
2015-07-06,131.52000427246094,132.27999877929688,131.52000427246094,131.5850067138672,92.066162109375,60052,0.0,0.0,0.0
2015-07-07,131.5500030517578,133.6300048828125,131.5500030517578,133.52999877929688,93.42699432373047,119646,0.0,0.0,0.0
2015-07-08,133.85000610351562,133.85000610351562,132.44972229003906,132.6999969482422,92.84628295898438,10892,0.0,0.0,0.0
2015-07-09,132.5,133.02789306640625,132.21600341796875,132.3300018310547,92.58740234375,13256,0.0,0.0,0.0
2015-07-10,133.22000122070312,133.22000122070312,131.17880249023438,131.3699951171875,91.91571807861328,97583,0.0,0.0,0.0
2015-07-13,130.60000610351562,131.21290588378906,130.60000610351562,131.02499389648438,91.67432403564453,88468,0.0,0.0,0.0
2015-07-14,131.07000732421875,131.518798828125,130.57000732421875,131.00999450683594,91.66383361816406,18923,0.0,0.0,0.0
2015-07-15,131.11000061035156,131.48800659179688,130.75999450683594,131.25999450683594,91.83876037597656,57560,0.0,0.0,0.0
2015-07-16,131.47000122070312,132.02999877929688,130.99000549316406,131.85499572753906,92.25507354736328,43712,0.0,0.0,0.0
2015-07-17,131.86000061035156,132.30270385742188,131.77049255371094,132.07000732421875,92.4054946899414,30805,0.0,0.0,0.0
2015-07-20,131.9499969482422,132.58999633789062,131.49000549316406,132.1649932861328,92.47193908691406,36316,0.0,0.0,0.0
2015-07-21,132.10000610351562,132.47999572753906,131.55999755859375,132.08999633789062,92.41950225830078,26725,0.0,0.0,0.0
2015-07-22,132.22000122070312,132.80999755859375,132.12962341308594,132.80999755859375,92.9232406616211,38332,0.0,0.0,0.0
2015-07-23,132.74000549316406,133.1707000732422,132.63999938964844,132.9499969482422,93.0212173461914,98219,0.0,0.0,0.0
2015-07-24,133.32000732421875,133.99000549316406,133.2699737548828,133.7949981689453,93.61241912841797,25328,0.0,0.0,0.0
2015-07-27,134.0,134.42999267578125,133.90016174316406,134.0399932861328,93.78382873535156,124326,0.0,0.0,0.0
2015-07-28,133.69000244140625,133.92999267578125,133.35000610351562,133.85499572753906,93.65440368652344,12265,0.0,0.0,0.0
2015-07-29,133.69000244140625,133.92999267578125,133.43002319335938,133.53500366210938,93.43053436279297,57228,0.0,0.0,0.0
2015-07-30,133.5,133.8800048828125,133.32998657226562,133.68499755859375,93.53546905517578,8892,0.0,0.0,0.0
2015-07-31,133.8000030517578,134.64999389648438,133.42349243164062,134.5749969482422,94.15814971923828,133567,0.0,0.0,0.0
2015-08-03,134.4600067138672,134.7100067138672,134.1199951171875,134.68499755859375,94.23511505126953,24017,0.0,0.0,0.0
2015-08-04,134.64999389648438,135.15480041503906,134.35000610351562,134.60499572753906,94.17914581298828,40698,0.0,0.0,0.0
2015-08-05,134.3000030517578,134.41720581054688,133.3000030517578,133.44500732421875,93.3675308227539,28310,0.0,0.0,0.0
2015-08-06,133.66000366210938,134.23309326171875,133.36239624023438,134.15499877929688,93.86429595947266,19098,0.0,0.0,0.0
2015-08-07,133.86000061035156,134.9199981689453,133.68719482421875,134.9199981689453,94.39957427978516,29619,0.0,0.0,0.0
2015-08-10,134.8699951171875,134.91650390625,133.91000366210938,134.16000366210938,93.8677978515625,32526,0.0,0.0,0.0
2015-08-11,134.47000122070312,135.13999938964844,134.35000610351562,135.0050048828125,94.45903015136719,55002,0.0,0.0,0.0
2015-08-12,134.77999877929688,135.92999267578125,134.60000610351562,134.80999755859375,94.32257080078125,78708,0.0,0.0,0.0
2015-08-13,134.8800048828125,135.5800018310547,133.88999938964844,134.26499938964844,93.9412612915039,40629,0.0,0.0,0.0
2015-08-14,134.57000732421875,134.57000732421875,133.4499969482422,133.7449951171875,93.57743072509766,73285,0.0,0.0,0.0
2015-08-17,133.6999969482422,134.40269470214844,133.6580047607422,134.24000549316406,93.92378234863281,53634,0.0,0.0,0.0
2015-08-18,133.99000549316406,134.3939971923828,133.41000366210938,133.6649932861328,93.5214614868164,6991,0.0,0.0,0.0
2015-08-19,133.72999572753906,133.75999450683594,133.17999267578125,133.7050018310547,93.54944610595703,16031,0.0,0.0,0.0
2015-08-20,133.88999938964844,134.47999572753906,133.77999877929688,134.18499755859375,93.88529968261719,21454,0.0,0.0,0.0
2015-08-21,134.36000061035156,134.4499969482422,133.89039611816406,134.39999389648438,94.03571319580078,50888,0.0,0.0,0.0
2015-08-24,134.05999755859375,134.58999633789062,133.66160583496094,133.89500427246094,93.68238830566406,25083,0.0,0.0,0.0
2015-08-25,133.30999755859375,133.43960571289062,132.47999572753906,132.72000122070312,92.86028289794922,16490,0.0,0.0,0.0
2015-08-26,132.52000427246094,133.27540588378906,132.14962768554688,132.10499572753906,92.42999267578125,25298,0.0,0.0,0.0
2015-08-27,130.9199981689453,131.36940002441406,129.90960693359375,131.09500122070312,92.49038696289062,101714,1.0956,0.0,0.0
2015-08-28,131.4600067138672,131.80569458007812,130.7100067138672,130.7100067138672,92.21873474121094,81258,0.0,0.0,0.0
2015-09-01,130.5,131.4503936767578,130.2216033935547,130.8300018310547,92.30341339111328,24381,0.0,0.0,0.0
2015-09-02,131.27000427246094,131.59719848632812,130.67999267578125,131.11000061035156,92.50093841552734,24211,0.0,0.0,0.0
2015-09-03,130.97000122070312,131.6300048828125,130.83700561523438,131.35000610351562,92.67029571533203,20804,0.0,0.0,0.0
2015-09-04,131.8699951171875,132.45150756835938,131.46299743652344,132.30499267578125,93.34405517578125,27663,0.0,0.0,0.0
2015-09-07,132.1199951171875,132.64999389648438,132.1199951171875,132.625,93.56979370117188,48659,0.0,0.0,0.0
2015-09-08,132.60000610351562,132.74000549316406,132.109619140625,132.57000732421875,93.53103637695312,130504,0.0,0.0,0.0
2015-09-09,132.50999450683594,132.50999450683594,131.72999572753906,132.30499267578125,93.34405517578125,23468,0.0,0.0,0.0
2015-09-10,132.5,132.58999633789062,132.09300231933594,132.17999267578125,93.25586700439453,14606,0.0,0.0,0.0
2015-09-11,132.52000427246094,132.7100067138672,132.0800018310547,132.67999267578125,93.6086196899414,33479,0.0,0.0,0.0
2015-09-14,132.47000122070312,132.64999389648438,132.17449951171875,132.23500061035156,93.29466247558594,5946,0.0,0.0,0.0
2015-09-15,132.25,132.26966857910156,131.2552032470703,131.40499877929688,92.7090835571289,22860,0.0,0.0,0.0
2015-09-16,131.3000030517578,131.33079528808594,130.7191925048828,130.96499633789062,92.39863586425781,20487,0.0,0.0,0.0
2015-09-17,131.2899932861328,131.2899932861328,130.6699981689453,130.82000732421875,92.2963638305664,32760,0.0,0.0,0.0
2015-09-18,132.38999938964844,132.38999938964844,131.66949462890625,132.3000030517578,93.34054565429688,30002,0.0,0.0,0.0
2015-09-21,131.72000122070312,132.11000061035156,131.52040100097656,131.6999969482422,92.91720581054688,9166,0.0,0.0,0.0
2015-09-22,131.85000610351562,132.5395965576172,131.7696075439453,132.38499450683594,93.40049743652344,16051,0.0,0.0,0.0
2015-09-23,132.0500030517578,132.68499755859375,131.97909545898438,132.2949981689453,93.33698272705078,24984,0.0,0.0,0.0
2015-09-24,132.22999572753906,132.8000030517578,132.10519409179688,132.6999969482422,93.62274169921875,44849,0.0,0.0,0.0
2015-09-25,132.0399932861328,132.0399932861328,131.40060424804688,131.5,92.77609252929688,19877,0.0,0.0,0.0
2015-09-28,131.38999938964844,131.98500061035156,131.3300018310547,131.8249969482422,93.00540924072266,10304,0.0,0.0,0.0
2015-09-29,130.91000366210938,131.93479919433594,130.7792205810547,131.4600067138672,92.7479019165039,40382,0.0,0.0,0.0
2015-09-30,131.22000122070312,131.4600067138672,130.66000366210938,131.4600067138672,92.7479019165039,27953,0.0,0.0,0.0
2015-10-01,131.2100067138672,131.83999633789062,130.9199981689453,131.74000549316406,92.9454345703125,32799,0.0,0.0,0.0
2015-10-02,131.19000244140625,132.63999938964844,130.97760009765625,132.0850067138672,93.18885803222656,63781,0.0,0.0,0.0
2015-10-05,131.8699951171875,132.13499450683594,131.13999938964844,131.42999267578125,92.72671508789062,52775,0.0,0.0,0.0
2015-10-06,131.6300048828125,131.6300048828125,130.78199768066406,131.22500610351562,92.58209228515625,63804,0.0,0.0,0.0
2015-10-07,130.8800048828125,131.46499633789062,130.72921752929688,131.22000122070312,92.57855987548828,25768,0.0,0.0,0.0
2015-10-08,131.6699981689453,131.8699951171875,131.3739013671875,131.57000732421875,92.82549285888672,31672,0.0,0.0,0.0
2015-10-09,131.35000610351562,131.7476043701172,131.1820068359375,131.3699951171875,92.68437957763672,35973,0.0,0.0,0.0
2015-10-12,131.92999267578125,132.0800018310547,131.30599975585938,131.94000244140625,93.0865249633789,13788,0.0,0.0,0.0
2015-10-13,131.97000122070312,132.3350067138672,131.7550048828125,131.80999755859375,92.99480438232422,26706,0.0,0.0,0.0
2015-10-14,132.36000061035156,132.74249267578125,132.056396484375,132.64999389648438,93.58744049072266,7605,0.0,0.0,0.0
2015-10-15,132.1699981689453,133.0345001220703,132.1699981689453,132.66000366210938,93.59452819824219,44448,0.0,0.0,0.0
2015-10-16,132.60000610351562,132.64999389648438,131.96957397460938,132.22999572753906,93.29112243652344,11597,0.0,0.0,0.0
2015-10-19,132.05999755859375,132.27999877929688,131.8699951171875,131.97000122070312,93.10771942138672,19519,0.0,0.0,0.0
2015-10-20,131.9499969482422,132.05999755859375,131.54945373535156,131.8000030517578,92.98777770996094,13034,0.0,0.0,0.0
2015-10-21,131.63999938964844,132.37710571289062,131.63999938964844,132.32000732421875,93.3546371459961,11243,0.0,0.0,0.0
2015-10-22,132.27999877929688,132.64669799804688,132.04550170898438,132.33999633789062,93.36874389648438,34051,0.0,0.0,0.0
2015-10-23,132.17999267578125,132.29449462890625,131.75,131.97999572753906,93.11475372314453,23116,0.0,0.0,0.0
2015-10-26,132.41000366210938,132.50340270996094,131.77769470214844,132.42999267578125,93.4322509765625,13522,0.0,0.0,0.0
2015-10-27,132.60000610351562,133.08999633789062,132.4097137451172,132.97000122070312,93.81318664550781,23139,0.0,0.0,0.0
2015-10-28,132.9499969482422,133.11000061035156,132.44949340820312,132.8800048828125,93.7497329711914,12102,0.0,0.0,0.0
2015-10-29,132.72000122070312,132.72000122070312,131.60000610351562,131.6699981689453,92.89604949951172,13590,0.0,0.0,0.0
2015-10-30,131.36000061035156,131.9499969482422,131.36000061035156,131.60000610351562,92.84667205810547,50561,0.0,0.0,0.0
2015-11-02,131.60000610351562,131.82000732421875,131.20799255371094,131.5500030517578,92.8113784790039,68984,0.0,0.0,0.0
2015-11-03,131.72000122070312,131.877197265625,131.25320434570312,131.38999938964844,92.698486328125,9373,0.0,0.0,0.0
2015-11-04,131.5800018310547,131.5800018310547,131.0800018310547,131.25999450683594,92.60680389404297,18819,0.0,0.0,0.0
2015-11-05,131.3300018310547,131.74000549316406,130.91000366210938,131.58999633789062,92.83960723876953,41796,0.0,0.0,0.0
2015-11-06,131.44000244140625,132.13780212402344,130.82923889160156,130.93499755859375,92.3774642944336,37682,0.0,0.0,0.0
2015-11-09,131.38999938964844,131.38999938964844,130.60000610351562,131.2100067138672,92.57149505615234,54033,0.0,0.0,0.0
2015-11-10,131.39999389648438,131.5800018310547,130.88999938964844,131.32000732421875,92.64911651611328,28315,0.0,0.0,0.0
2015-11-11,131.27000427246094,131.76119995117188,131.08999633789062,131.14999389648438,92.52918243408203,22536,0.0,0.0,0.0
2015-11-12,131.2100067138672,131.80999755859375,130.9777069091797,131.61000061035156,92.8537368774414,61494,0.0,0.0,0.0
2015-11-13,131.85000610351562,132.1656036376953,131.5631561279297,132.0,93.1288833618164,20730,0.0,0.0,0.0
2015-11-16,132.07000732421875,132.5,131.91439819335938,132.5,93.48162841796875,14771,0.0,0.0,0.0
2015-11-17,132.25999450683594,132.49000549316406,132.04769897460938,132.27000427246094,93.31935119628906,17043,0.0,0.0,0.0
2015-11-18,131.74000549316406,132.88450622558594,131.74000549316406,132.82000732421875,93.70742797851562,7168,0.0,0.0,0.0
2015-11-19,133.1199951171875,133.67999267578125,133.02439880371094,133.44000244140625,94.14484405517578,16357,0.0,0.0,0.0
2015-11-20,133.64999389648438,133.95010375976562,133.27890014648438,133.8000030517578,94.3988037109375,35974,0.0,0.0,0.0
2015-11-23,133.3000030517578,133.79449462890625,133.28439331054688,133.75999450683594,94.37056732177734,13919,0.0,0.0,0.0
2015-11-24,134.0,134.17449951171875,133.65220642089844,133.9199981689453,94.48347473144531,141899,0.0,0.0,0.0
2015-11-25,133.77000427246094,134.08340454101562,133.64999389648438,133.77000427246094,94.37763977050781,129273,0.0,0.0,0.0
2015-11-26,133.82000732421875,134.3699951171875,133.72000122070312,134.3000030517578,94.7515640258789,12596,0.0,0.0,0.0
2015-11-27,134.2100067138672,134.6501007080078,134.2100067138672,134.59500122070312,94.95968627929688,45278,0.0,0.0,0.0
2015-11-30,134.25,134.6999969482422,134.25,134.49000549316406,94.8856201171875,17625,0.0,0.0,0.0
2015-12-01,134.16000366210938,135.27000427246094,134.1002197265625,135.27000427246094,95.43590545654297,15024,0.0,0.0,0.0
2015-12-02,135.1699981689453,135.5800018310547,135.0924072265625,135.5399932861328,95.62641143798828,124406,0.0,0.0,0.0
2015-12-03,135.36000061035156,135.62449645996094,133.9499969482422,134.25,94.71627807617188,31146,0.0,0.0,0.0
2015-12-04,134.0,134.5312042236328,133.35000610351562,133.74000549316406,94.35647583007812,24073,0.0,0.0,0.0
2015-12-07,133.55999755859375,135.16000366210938,133.45640563964844,135.16000366210938,95.35832214355469,92298,0.0,0.0,0.0
2015-12-08,135.0,135.20120239257812,134.55999755859375,134.8699951171875,95.15373229980469,23610,0.0,0.0,0.0
2015-12-09,135.13999938964844,135.1645965576172,133.89999389648438,134.0800018310547,94.59635162353516,80198,0.0,0.0,0.0
2015-12-10,133.14999389648438,133.68569946289062,133.0615997314453,133.1199951171875,94.7279281616211,39355,1.1449,0.0,0.0
2015-12-11,133.3300018310547,133.7845001220703,132.95669555664062,133.49000549316406,94.99124145507812,173351,0.0,0.0,0.0
2015-12-14,133.3000030517578,133.7012939453125,132.6876983642578,132.9199981689453,94.58561706542969,20073,0.0,0.0,0.0
2015-12-15,132.52999877929688,132.75999450683594,131.6750030517578,131.8000030517578,93.78863525390625,46084,0.0,0.0,0.0
2015-12-16,132.0,132.14450073242188,131.4600067138672,131.6300048828125,93.66763305664062,27481,0.0,0.0,0.0
2015-12-17,132.17999267578125,132.6199951171875,131.94329833984375,132.47000122070312,94.2654037475586,40838,0.0,0.0,0.0
2015-12-18,132.39999389648438,133.0800018310547,132.39515686035156,132.74000549316406,94.45751190185547,17345,0.0,0.0,0.0
2015-12-21,132.5800018310547,133.1300048828125,132.4600067138672,132.8699951171875,94.5500259399414,9209,0.0,0.0,0.0
2015-12-22,133.0,133.3699951171875,132.12962341308594,132.42999267578125,94.23692321777344,7639,0.0,0.0,0.0
2015-12-23,132.6300048828125,132.6300048828125,131.70889282226562,131.8300018310547,93.80997467041016,4171,0.0,0.0,0.0
2015-12-24,131.77000427246094,132.25450134277344,131.50880432128906,132.0749969482422,93.98430633544922,5468,0.0,0.0,0.0
2015-12-29,131.39999389648438,132.81790161132812,131.39999389648438,132.2100067138672,94.08038330078125,36675,0.0,0.0,0.0
2015-12-30,131.88999938964844,132.09010314941406,131.13780212402344,131.47999572753906,93.5609130859375,18718,0.0,0.0,0.0
2015-12-31,131.55999755859375,132.05230712890625,130.84100341796875,131.56500244140625,93.62139892578125,2992,0.0,0.0,0.0
2016-01-04,132.5500030517578,132.5677947998047,131.63250732421875,132.5,94.28673553466797,20304,0.0,0.0,0.0
2016-01-05,132.4600067138672,132.8144989013672,132.0699005126953,132.75,94.46463775634766,36994,0.0,0.0,0.0
2016-01-06,133.10000610351562,133.58929443359375,132.23500061035156,133.5,94.99835205078125,172176,0.0,0.0,0.0
2016-01-07,133.3000030517578,134.15679931640625,132.88999938964844,133.1999969482422,94.78485870361328,47891,0.0,0.0,0.0
2016-01-08,133.22000122070312,133.6634063720703,132.76400756835938,133.5500030517578,95.03392028808594,59064,0.0,0.0,0.0
2016-01-11,133.57000732421875,133.57000732421875,132.8300018310547,133.27499389648438,94.83821868896484,10488,0.0,0.0,0.0
2016-01-12,133.27000427246094,133.4344940185547,132.83279418945312,133.39500427246094,94.9236068725586,9891,0.0,0.0,0.0
2016-01-13,133.14999389648438,133.39999389648438,133.0500030517578,133.1699981689453,94.76348114013672,15636,0.0,0.0,0.0
2016-01-14,132.69000244140625,133.6300048828125,132.69000244140625,133.03500366210938,94.66744232177734,26146,0.0,0.0,0.0
2016-01-15,133.02999877929688,133.4156036376953,132.47000122070312,132.47000122070312,94.2654037475586,122857,0.0,0.0,0.0
2016-01-18,132.8300018310547,133.35069274902344,131.77670288085938,132.39999389648438,94.2155990600586,76777,0.0,0.0,0.0
2016-01-19,132.1699981689453,132.1699981689453,131.42999267578125,132.08999633789062,93.9949951171875,11505,0.0,0.0,0.0
2016-01-20,132.08999633789062,132.5399932861328,131.67930603027344,131.96499633789062,93.90603637695312,20129,0.0,0.0,0.0
2016-01-21,131.5,132.13999938964844,131.1699981689453,131.1699981689453,93.34030151367188,50811,0.0,0.0,0.0
2016-01-22,131.1199951171875,131.4499969482422,130.66000366210938,131.39999389648438,93.50397491455078,34540,0.0,0.0,0.0
2016-01-25,131.60000610351562,131.6999969482422,131.18490600585938,131.3699951171875,93.48262786865234,57050,0.0,0.0,0.0
2016-01-26,131.97000122070312,132.0467071533203,130.85690307617188,131.33999633789062,93.46127319335938,25910,0.0,0.0,0.0
2016-01-27,131.5,131.96189880371094,130.77999877929688,131.16000366210938,93.33321380615234,21495,0.0,0.0,0.0
2016-01-28,132.00999450683594,132.00999450683594,130.6699981689453,131.47000122070312,93.5538101196289,11126,0.0,0.0,0.0
2016-01-29,131.3800048828125,132.57949829101562,131.3800048828125,132.55499267578125,94.32588958740234,43873,0.0,0.0,0.0
2016-02-01,132.8699951171875,132.8699951171875,130.88819885253906,131.55999755859375,93.61783599853516,26591,0.0,0.0,0.0
2016-02-02,131.5800018310547,132.5467987060547,131.5800018310547,131.89999389648438,93.85980224609375,54668,0.0,0.0,0.0
2016-02-03,132.5800018310547,132.73680114746094,131.72950744628906,131.9499969482422,93.89537811279297,80882,0.0,0.0,0.0
2016-02-04,131.52999877929688,131.88999938964844,131.22000122070312,131.44000244140625,93.532470703125,24851,0.0,0.0,0.0
2016-02-05,131.52000427246094,131.89450073242188,130.8195037841797,131.1699981689453,93.34030151367188,7845,0.0,0.0,0.0
2016-02-08,130.89999389648438,132.32339477539062,130.89999389648438,132.1649932861328,94.04833221435547,20474,0.0,0.0,0.0
2016-02-09,131.94000244140625,132.13229370117188,131.16000366210938,131.22000122070312,93.37589263916016,13568,0.0,0.0,0.0
2016-02-10,131.25,131.6123046875,130.8000030517578,131.08999633789062,93.28338623046875,30251,0.0,0.0,0.0
2016-02-11,131.83999633789062,132.39999389648438,130.75,131.7100067138672,93.72457122802734,26626,0.0,0.0,0.0
2016-02-12,130.75999450683594,131.0756072998047,130.29949951171875,130.57000732421875,92.91336059570312,11956,0.0,0.0,0.0
2016-02-15,129.92999267578125,130.44009399414062,129.52999877929688,130.19000244140625,92.64293670654297,31238,0.0,0.0,0.0
2016-02-16,130.64999389648438,130.64999389648438,129.67999267578125,130.24000549316406,92.67853546142578,37677,0.0,0.0,0.0
2016-02-17,130.89999389648438,130.89999389648438,129.47950744628906,129.6199951171875,92.23735809326172,81808,0.0,0.0,0.0
2016-02-18,130.0399932861328,130.62339782714844,129.64999389648438,130.55999755859375,92.90623474121094,13070,0.0,0.0,0.0
2016-02-19,130.57000732421875,131.10450744628906,130.35000610351562,130.35000610351562,92.75680541992188,24661,0.0,0.0,0.0
2016-02-22,129.4600067138672,130.85000610351562,129.4600067138672,130.52999877929688,92.8849105834961,53717,0.0,0.0,0.0
2016-02-23,131.0800018310547,131.0800018310547,129.8144989013672,130.5,92.86355590820312,26462,0.0,0.0,0.0
2016-02-24,130.4199981689453,131.3166961669922,130.41000366210938,131.08999633789062,93.28338623046875,53175,0.0,0.0,0.0
2016-02-25,130.57000732421875,131.17999267578125,130.32000732421875,130.92999267578125,93.16951751708984,33725,0.0,0.0,0.0
2016-02-26,131.5500030517578,131.72360229492188,130.0800018310547,130.63999938964844,92.96317291259766,885882,0.0,0.0,0.0
2016-02-29,131.11000061035156,131.64559936523438,130.8155975341797,131.52999877929688,93.59646606445312,24980,0.0,0.0,0.0
2016-03-01,131.1999969482422,132.0,130.94000244140625,131.11000061035156,93.29759979248047,100307,0.0,0.0,0.0
2016-03-02,131.22000122070312,131.5399932861328,130.6199951171875,131.14999389648438,93.32608795166016,12406,0.0,0.0,0.0
2016-03-03,131.3699951171875,131.8300018310547,131.019287109375,131.8300018310547,93.80997467041016,26504,0.0,0.0,0.0
2016-03-04,131.91000366210938,132.1199951171875,131.36599731445312,131.5,93.57512664794922,131044,0.0,0.0,0.0
2016-03-07,130.92999267578125,131.99009704589844,130.92999267578125,131.75,93.75301361083984,21189,0.0,0.0,0.0
2016-03-08,132.07000732421875,133.48399353027344,131.94000244140625,133.44000244140625,94.95568084716797,97080,0.0,0.0,0.0
2016-03-09,133.08999633789062,133.08999633789062,132.17999267578125,132.52999877929688,94.30806732177734,35694,0.0,0.0,0.0
2016-03-10,131.77000427246094,132.4311981201172,131.2032928466797,131.67999267578125,94.48690032958984,41121,1.0992,0.0,0.0
2016-03-11,132.22000122070312,132.61000061035156,131.67999267578125,132.42999267578125,95.02507781982422,72064,0.0,0.0,0.0
2016-03-14,133.0500030517578,133.64999389648438,131.5886993408203,133.49000549316406,95.78567504882812,50668,0.0,0.0,0.0
2016-03-15,132.97999572753906,134.3594970703125,132.97999572753906,133.88999938964844,96.07268524169922,25216,0.0,0.0,0.0
2016-03-16,134.0399932861328,134.27999877929688,133.38150024414062,133.83999633789062,96.03680419921875,40496,0.0,0.0,0.0
2016-03-17,134.72000122070312,134.99000549316406,133.6999969482422,134.25,96.33100128173828,56038,0.0,0.0,0.0
2016-03-18,134.35000610351562,134.96449279785156,133.94000244140625,134.49000549316406,96.50322723388672,48182,0.0,0.0,0.0
2016-03-21,134.39999389648438,134.88450622558594,134.0,134.24000549316406,96.3238296508789,67476,0.0,0.0,0.0
2016-03-22,133.99000549316406,134.91000366210938,133.99000549316406,134.52999877929688,96.53192138671875,117391,0.0,0.0,0.0
2016-03-23,134.05999755859375,134.8000030517578,134.03550720214844,134.6999969482422,96.65389251708984,48091,0.0,0.0,0.0
2016-03-24,135.0500030517578,135.5,134.3804931640625,134.88999938964844,96.79021453857422,79144,0.0,0.0,0.0
2016-03-29,135.16000366210938,135.48899841308594,134.6439971923828,135.2100067138672,97.01985168457031,10805,0.0,0.0,0.0
2016-03-30,135.6199951171875,135.8780059814453,134.53050231933594,134.86000061035156,96.76873016357422,16568,0.0,0.0,0.0
2016-03-31,135.02000427246094,135.82969665527344,134.79750061035156,135.27999877929688,97.07008361816406,85851,0.0,0.0,0.0
2016-04-01,135.5,135.6699981689453,134.9635009765625,135.6699981689453,97.34991455078125,28295,0.0,0.0,0.0
2016-04-04,135.89999389648438,136.0885009765625,134.9499969482422,135.44000244140625,97.18486022949219,30625,0.0,0.0,0.0
2016-04-05,136.19000244140625,136.33999633789062,135.52999877929688,135.94000244140625,97.5436782836914,99872,0.0,0.0,0.0
2016-04-06,136.10000610351562,136.33250427246094,135.4535369873047,136.14999389648438,97.69434356689453,26458,0.0,0.0,0.0
2016-04-07,135.72999572753906,137.0500030517578,135.72999572753906,137.0500030517578,98.34015655517578,16360,0.0,0.0,0.0
2016-04-08,136.92999267578125,137.02499389648438,136.20799255371094,136.3699951171875,97.85221862792969,51643,0.0,0.0,0.0
2016-04-11,136.19000244140625,137.01400756835938,135.6300048828125,135.9600067138672,97.55799102783203,105095,0.0,0.0,0.0
2016-04-12,135.75,136.0260009765625,135.0959930419922,135.67999267578125,97.35710144042969,21274,0.0,0.0,0.0
2016-04-13,135.05999755859375,135.97000122070312,135.02850341796875,135.97000122070312,97.56519317626953,129738,0.0,0.0,0.0
2016-04-14,135.7100067138672,136.21200561523438,135.4844970703125,135.86500549316406,97.48985290527344,20138,0.0,0.0,0.0
2016-04-15,136.22000122070312,136.35400390625,135.7310028076172,136.2100067138672,97.73741149902344,66774,0.0,0.0,0.0
2016-04-18,136.42999267578125,136.85899353027344,135.3538360595703,135.52999877929688,97.24946594238281,22085,0.0,0.0,0.0
2016-04-19,135.41000366210938,135.71299743652344,135.2570037841797,135.30999755859375,97.09159088134766,24856,0.0,0.0,0.0
2016-04-20,135.82000732421875,136.2100067138672,135.6475067138672,136.13999938964844,97.68716430664062,35697,0.0,0.0,0.0
2016-04-21,135.67999267578125,135.8834991455078,135.08999633789062,135.33999633789062,97.11314392089844,19277,0.0,0.0,0.0
2016-04-22,135.36000061035156,136.0,135.33999633789062,135.60000610351562,97.29972076416016,10216,0.0,0.0,0.0
2016-04-25,135.64999389648438,136.1060028076172,135.25999450683594,135.7899932861328,97.43601989746094,17491,0.0,0.0,0.0
2016-04-26,135.8800048828125,136.05999755859375,135.14840698242188,135.25999450683594,97.05574035644531,53520,0.0,0.0,0.0
2016-04-27,135.57000732421875,136.14999389648438,135.3520050048828,135.6999969482422,97.37144470214844,18940,0.0,0.0,0.0
2016-04-28,136.58999633789062,136.9158935546875,136.14700317382812,136.35000610351562,97.8378677368164,18898,0.0,0.0,0.0
2016-04-29,136.27000427246094,136.6844940185547,136.07009887695312,136.61000061035156,98.02439880371094,59874,0.0,0.0,0.0
2016-05-03,136.86000061035156,137.62399291992188,136.1282958984375,137.52000427246094,98.67739868164062,70711,0.0,0.0,0.0
2016-05-04,137.0500030517578,137.82699584960938,137.00650024414062,137.41000366210938,98.59846496582031,35268,0.0,0.0,0.0
2016-05-05,137.30999755859375,137.92999267578125,136.75750732421875,137.92999267578125,98.97158813476562,14890,0.0,0.0,0.0
2016-05-06,138.14999389648438,138.34249877929688,137.8365020751953,138.1300048828125,99.11505889892578,38698,0.0,0.0,0.0
2016-05-09,137.83999633789062,138.718994140625,137.64039611816406,138.02999877929688,99.04330444335938,17808,0.0,0.0,0.0
2016-05-10,137.5399932861328,138.26980590820312,137.3800048828125,137.82000732421875,98.89266967773438,40913,0.0,0.0,0.0
2016-05-11,137.99000549316406,138.0399932861328,137.57000732421875,137.88999938964844,98.94290924072266,29285,0.0,0.0,0.0
2016-05-12,138.14999389648438,138.31350708007812,136.86849975585938,137.44000244140625,98.61997985839844,45476,0.0,0.0,0.0
2016-05-13,138.0,138.3280029296875,136.718994140625,137.67999267578125,98.79219818115234,49635,0.0,0.0,0.0
2016-05-16,137.67999267578125,138.38150024414062,137.1114959716797,137.5800018310547,98.7204360961914,37558,0.0,0.0,0.0
2016-05-17,137.27999877929688,137.8300018310547,136.91000366210938,137.7899932861328,98.8711166381836,12428,0.0,0.0,0.0
2016-05-18,137.5500030517578,137.71400451660156,136.6300048828125,136.83999633789062,98.18946075439453,36645,0.0,0.0,0.0
2016-05-19,136.57000732421875,137.24000549316406,136.35000610351562,136.8800048828125,98.21814727783203,20098,0.0,0.0,0.0
2016-05-20,137.00999450683594,137.15350341796875,136.36000061035156,136.7100067138672,98.0961685180664,22764,0.0,0.0,0.0
2016-05-23,136.9499969482422,137.43719482421875,136.5136260986328,136.7449951171875,98.12128448486328,14490,0.0,0.0,0.0
2016-05-24,136.99000549316406,137.2779998779297,136.47000122070312,136.47000122070312,97.92395782470703,15333,0.0,0.0,0.0
2016-05-25,136.80999755859375,137.19540405273438,136.5399932861328,137.1300048828125,98.39752197265625,11843,0.0,0.0,0.0
2016-05-26,137.10000610351562,137.9199981689453,136.7664031982422,137.82000732421875,98.89266967773438,9629,0.0,0.0,0.0
2016-05-27,137.80999755859375,137.99429321289062,137.4600067138672,137.72999572753906,98.82806396484375,45610,0.0,0.0,0.0
2016-05-31,138.1999969482422,138.1999969482422,137.02000427246094,137.8800048828125,98.93571472167969,44502,0.0,0.0,0.0
2016-06-01,138.10000610351562,139.22250366210938,137.73350524902344,139.0800018310547,99.79676818847656,181140,0.0,0.0,0.0
2016-06-02,138.49000549316406,139.3000030517578,138.49000549316406,139.25,99.91876220703125,81220,0.0,0.0,0.0
2016-06-03,139.14999389648438,140.13450622558594,138.8300018310547,139.97999572753906,100.44253540039062,40621,0.0,0.0,0.0
2016-06-06,140.00999450683594,140.6269989013672,139.4929962158203,139.9199981689453,100.39952087402344,52731,0.0,0.0,0.0
2016-06-07,139.72999572753906,140.37750244140625,139.22999572753906,139.82000732421875,100.32775115966797,18847,0.0,0.0,0.0
2016-06-08,139.82000732421875,140.298095703125,139.5594940185547,140.0749969482422,100.5107421875,72092,0.0,0.0,0.0
2016-06-09,140.44000244140625,140.7779998779297,140.1750030517578,140.60000610351562,100.887451171875,9721,0.0,0.0,0.0
2016-06-10,140.11000061035156,140.9080047607422,140.11000061035156,140.47000122070312,100.79414367675781,43908,0.0,0.0,0.0
2016-06-13,140.49000549316406,140.87750244140625,139.9864959716797,140.42999267578125,100.76544952392578,23314,0.0,0.0,0.0
2016-06-14,140.0,140.8300018310547,139.89149475097656,140.6199951171875,100.90181732177734,39131,0.0,0.0,0.0
2016-06-15,140.6199951171875,141.1862030029297,139.5605926513672,140.9149932861328,101.11348724365234,27746,0.0,0.0,0.0
2016-06-16,139.89999389648438,140.5825958251953,139.03500366210938,139.13999938964844,100.63064575195312,27927,1.1074,0.0,0.0
2016-06-17,139.0,139.53250122070312,138.24099731445312,138.52000427246094,100.18226623535156,32145,0.0,0.0,0.0
2016-06-20,137.9600067138672,138.51849365234375,137.52099609375,138.08999633789062,99.87124633789062,44372,0.0,0.0,0.0
2016-06-21,138.38999938964844,138.38999938964844,137.14999389648438,137.5500030517578,99.4806900024414,40734,0.0,0.0,0.0
2016-06-22,137.77000427246094,137.783203125,136.97000122070312,137.66000366210938,99.56025695800781,7844,0.0,0.0,0.0
2016-06-23,137.66000366210938,137.89999389648438,136.38699340820312,136.82000732421875,98.95276641845703,62066,0.0,0.0,0.0
2016-06-24,128.00999450683594,150.0,128.00999450683594,137.63999938964844,99.5457534790039,113173,0.0,0.0,0.0
2016-06-27,138.3000030517578,139.64999389648438,138.0137939453125,139.0,100.5293960571289,197524,0.0,0.0,0.0
2016-06-28,139.55999755859375,139.6280059814453,138.8000030517578,139.38999938964844,100.8114242553711,32723,0.0,0.0,0.0
2016-06-29,139.08999633789062,140.1750030517578,139.04600524902344,139.9499969482422,101.21644592285156,34132,0.0,0.0,0.0
2016-06-30,140.6999969482422,141.7899932861328,139.35000610351562,141.7899932861328,102.54718017578125,40224,0.0,0.0,0.0
2016-07-01,142.1999969482422,143.0500030517578,141.41659545898438,142.0500030517578,102.7352523803711,32425,0.0,0.0,0.0
2016-07-04,141.52999877929688,143.63999938964844,141.52999877929688,143.5449981689453,103.81647491455078,85882,0.0,0.0,0.0
2016-07-05,144.75999450683594,144.75999450683594,142.89520263671875,144.4250030517578,104.45294189453125,54482,0.0,0.0,0.0
2016-07-06,144.5,145.11000061035156,143.92269897460938,144.75,104.68798065185547,36116,0.0,0.0,0.0
2016-07-07,144.44000244140625,144.70260620117188,143.91929626464844,144.4600067138672,104.47823333740234,16089,0.0,0.0,0.0
2016-07-08,144.39999389648438,145.3800048828125,144.31829833984375,145.3800048828125,105.14361572265625,28550,0.0,0.0,0.0
2016-07-11,145.3800048828125,145.96189880371094,145.0399932861328,145.38999938964844,105.1508560180664,100673,0.0,0.0,0.0
2016-07-12,144.99000549316406,145.93699645996094,144.65480041503906,145.52999877929688,105.25212860107422,18093,0.0,0.0,0.0
2016-07-13,145.9499969482422,147.3699951171875,145.9499969482422,147.3699951171875,106.58284759521484,47822,0.0,0.0,0.0
2016-07-14,146.97999572753906,149.97999572753906,145.8784942626953,147.3300018310547,106.55390930175781,38979,0.0,0.0,0.0
2016-07-15,146.83999633789062,147.73350524902344,146.74949645996094,147.03500366210938,106.340576171875,32238,0.0,0.0,0.0
2016-07-18,146.50999450683594,147.51919555664062,146.50999450683594,147.46499633789062,106.65156555175781,13496,0.0,0.0,0.0
2016-07-19,147.66000366210938,148.1540069580078,146.94200134277344,147.39999389648438,106.60453033447266,16540,0.0,0.0,0.0
2016-07-20,147.6999969482422,147.88560485839844,146.61000061035156,146.7550048828125,106.13804626464844,23916,0.0,0.0,0.0
2016-07-21,146.75999450683594,147.27000427246094,146.3509979248047,147.07000732421875,106.36587524414062,47849,0.0,0.0,0.0
2016-07-22,146.83999633789062,147.6300048828125,146.83999633789062,147.25,106.49606323242188,188200,0.0,0.0,0.0
2016-07-25,146.6300048828125,147.6916046142578,146.43699645996094,147.27499389648438,106.51412963867188,23995,0.0,0.0,0.0
2016-07-26,147.10000610351562,148.03500366210938,146.69830322265625,147.0449981689453,106.3478012084961,37782,0.0,0.0,0.0
2016-07-27,147.02999877929688,148.47999572753906,147.02999877929688,148.47999572753906,107.38562774658203,87549,0.0,0.0,0.0
2016-07-28,148.7100067138672,149.0500030517578,148.27000427246094,148.6300048828125,107.4941177368164,28152,0.0,0.0,0.0
2016-07-29,148.92999267578125,149.25,147.9199981689453,149.1300048828125,107.8557357788086,25403,0.0,0.0,0.0
2016-08-01,149.38999938964844,149.47500610351562,148.70486450195312,149.05999755859375,107.80509185791016,177166,0.0,0.0,0.0
2016-08-02,148.0500030517578,148.53500366210938,147.52499389648438,147.85499572753906,106.93358612060547,40015,0.0,0.0,0.0
2016-08-03,147.4199981689453,148.4949951171875,147.11500549316406,148.0800018310547,107.09637451171875,148978,0.0,0.0,0.0
2016-08-04,147.64999389648438,153.11000061035156,146.9949951171875,152.33999633789062,110.17730712890625,63204,0.0,0.0,0.0
2016-08-05,152.0,154.3699951171875,151.8354949951172,153.77000427246094,111.2115478515625,127534,0.0,0.0,0.0
2016-08-08,153.0,155.00999450683594,152.92550659179688,155.00999450683594,112.10836029052734,39628,0.0,0.0,0.0
2016-08-09,154.60000610351562,155.3144989013672,153.93479919433594,154.85000610351562,111.99263763427734,25081,0.0,0.0,0.0
2016-08-10,154.25,155.97000122070312,153.80239868164062,155.69500732421875,112.60377502441406,251925,0.0,0.0,0.0
2016-08-11,155.97000122070312,156.4250030517578,155.44540405273438,155.69000244140625,112.60013580322266,33706,0.0,0.0,0.0
2016-08-12,155.5,155.8647003173828,154.8699951171875,155.6199951171875,112.54953002929688,78429,0.0,0.0,0.0
2016-08-15,155.0,155.66000366210938,154.05999755859375,154.60000610351562,111.81179809570312,59888,0.0,0.0,0.0
2016-08-16,154.44000244140625,155.52000427246094,153.45602416992188,153.6199951171875,111.10307312011719,24357,0.0,0.0,0.0
2016-08-17,154.13999938964844,154.3125,152.92999267578125,153.7100067138672,111.16813659667969,34349,0.0,0.0,0.0
2016-08-18,153.38999938964844,154.74000549316406,153.281005859375,153.89999389648438,111.3055648803711,13179,0.0,0.0,0.0
2016-08-19,154.1999969482422,154.39999389648438,152.79583740234375,152.83999633789062,110.5389175415039,33286,0.0,0.0,0.0
2016-08-22,153.16000366210938,153.85000610351562,152.60577392578125,153.64999389648438,111.12476348876953,69288,0.0,0.0,0.0
2016-08-23,154.1199951171875,154.44000244140625,152.94000244140625,154.0399932861328,111.40682220458984,52107,0.0,0.0,0.0
2016-08-24,155.24000549316406,155.24000549316406,153.77049255371094,154.27999877929688,111.58038330078125,20096,0.0,0.0,0.0
2016-08-25,154.55999755859375,154.86000061035156,153.6759033203125,154.1999969482422,111.5225601196289,22392,0.0,0.0,0.0
2016-08-26,154.1999969482422,154.85000610351562,154.07000732421875,154.4499969482422,111.70336151123047,24987,0.0,0.0,0.0
2016-08-30,154.8000030517578,155.17550659179688,153.6199951171875,154.75,111.92031860351562,31870,0.0,0.0,0.0
2016-08-31,154.6999969482422,155.2550048828125,154.0500030517578,154.27000427246094,111.57318878173828,49563,0.0,0.0,0.0
2016-09-01,154.27000427246094,154.5399932861328,152.68499755859375,154.0,111.37784576416016,75000,0.0,0.0,0.0
2016-09-02,153.83999633789062,154.4149932861328,152.79600524902344,152.88999938964844,110.57508087158203,46759,0.0,0.0,0.0
2016-09-05,154.0800018310547,154.0800018310547,153.11000061035156,153.39999389648438,110.9439468383789,17504,0.0,0.0,0.0
2016-09-06,153.5399932861328,154.30499267578125,152.68600463867188,153.85000610351562,111.2693862915039,15949,0.0,0.0,0.0
2016-09-07,154.38999938964844,154.5050048828125,153.68609619140625,154.0,111.37784576416016,92096,0.0,0.0,0.0
2016-09-08,153.60000610351562,154.51499938964844,152.58999633789062,152.58999633789062,110.358154296875,13370,0.0,0.0,0.0
2016-09-09,153.02999877929688,153.15499877929688,150.7449951171875,150.8000030517578,109.06354522705078,28639,0.0,0.0,0.0
2016-09-12,150.5,150.90350341796875,149.72410583496094,150.1199951171875,108.57176971435547,42039,0.0,0.0,0.0
2016-09-13,151.0399932861328,151.30999755859375,149.91000366210938,150.27999877929688,108.68746948242188,12820,0.0,0.0,0.0
2016-09-14,149.32000732421875,150.06300354003906,148.9080047607422,149.97999572753906,108.47047424316406,114881,0.0,0.0,0.0
2016-09-15,149.0500030517578,149.32034301757812,147.81300354003906,148.39999389648438,108.11415100097656,66811,1.0909,0.0,0.0
2016-09-16,148.52999877929688,149.47900390625,148.1269989013672,148.86000061035156,108.44927215576172,8117,0.0,0.0,0.0
2016-09-19,149.33999633789062,149.33999633789062,148.34300231933594,148.60000610351562,108.2598648071289,39457,0.0,0.0,0.0
2016-09-20,148.66000366210938,149.6417999267578,148.13780212402344,149.22000122070312,108.71158599853516,20851,0.0,0.0,0.0
2016-09-21,148.5800018310547,149.83799743652344,148.5800018310547,149.16000366210938,108.66783905029297,21272,0.0,0.0,0.0
2016-09-22,149.89999389648438,151.0449981689453,149.33999633789062,150.91000366210938,109.94276428222656,66942,0.0,0.0,0.0
2016-09-23,150.80999755859375,151.39999389648438,150.01499938964844,150.80999755859375,109.86992645263672,23963,0.0,0.0,0.0
2016-09-26,149.88999938964844,151.44180297851562,149.88999938964844,151.25,110.19046783447266,122371,0.0,0.0,0.0
2016-09-27,151.3800048828125,151.92999267578125,151.0399932861328,151.5,110.37260437011719,21030,0.0,0.0,0.0
2016-09-28,151.8800048828125,151.9149932861328,151.32000732421875,151.52000427246094,110.38719177246094,18924,0.0,0.0,0.0
2016-09-29,150.36000061035156,151.89500427246094,150.36000061035156,151.0500030517578,110.0447769165039,15596,0.0,0.0,0.0
2016-09-30,151.1999969482422,151.96499633789062,150.25999450683594,150.25999450683594,109.46923065185547,10406,0.0,0.0,0.0
2016-10-03,149.9499969482422,150.69500732421875,149.8699951171875,150.49000549316406,109.63680267333984,75436,0.0,0.0,0.0
2016-10-04,150.5,151.35499572753906,149.6999969482422,150.10000610351562,109.35264587402344,27709,0.0,0.0,0.0
2016-10-05,150.24000549316406,150.24000549316406,148.75399780273438,149.27999877929688,108.75529479980469,54111,0.0,0.0,0.0
2016-10-06,149.27999877929688,149.5919952392578,147.43600463867188,148.36000061035156,108.08505249023438,16848,0.0,0.0,0.0
2016-10-07,147.47999572753906,148.27999877929688,145.35000610351562,146.625,106.82099914550781,143147,0.0,0.0,0.0
2016-10-10,146.60000610351562,147.06199645996094,145.97999572753906,146.16000366210938,106.48223876953125,25587,0.0,0.0,0.0
2016-10-11,146.10000610351562,146.89999389648438,146.05999755859375,146.8000030517578,106.94849395751953,29600,0.0,0.0,0.0
2016-10-12,146.47999572753906,146.47999572753906,145.2655029296875,145.27999877929688,105.84112548828125,41366,0.0,0.0,0.0
2016-10-13,146.33999633789062,146.3730010986328,145.46499633789062,146.05999755859375,106.40938568115234,186518,0.0,0.0,0.0
2016-10-14,145.64999389648438,145.93600463867188,144.47999572753906,145.36000061035156,105.89940643310547,33997,0.0,0.0,0.0
2016-10-17,145.11000061035156,145.4290008544922,143.44900512695312,145.22999572753906,105.80467987060547,316302,0.0,0.0,0.0
2016-10-18,145.22999572753906,145.74000549316406,144.58099365234375,145.74000549316406,106.1762466430664,321358,0.0,0.0,0.0
2016-10-19,145.75,146.0709991455078,145.04200744628906,145.92999267578125,106.31465911865234,25012,0.0,0.0,0.0
2016-10-20,145.6999969482422,146.1320037841797,145.15199279785156,146.05999755859375,106.40938568115234,26295,0.0,0.0,0.0
2016-10-21,145.83999633789062,146.4499969482422,145.0919952392578,146.19000244140625,106.50409698486328,42594,0.0,0.0,0.0
2016-10-24,145.86000061035156,146.6300048828125,145.25999450683594,145.6199951171875,106.08879852294922,339849,0.0,0.0,0.0
2016-10-25,146.16000366210938,149.4250030517578,145.07200622558594,145.94000244140625,106.3219985961914,62118,0.0,0.0,0.0
2016-10-26,145.86000061035156,145.92860412597656,144.36444091796875,144.64999389648438,105.38215637207031,258979,0.0,0.0,0.0
2016-10-27,144.6199951171875,145.2949981689453,143.33200073242188,143.75999450683594,104.7337875366211,39105,0.0,0.0,0.0
2016-10-28,143.89999389648438,144.1820068359375,142.9219970703125,143.49000549316406,104.53706359863281,65170,0.0,0.0,0.0
2016-10-31,143.63999938964844,143.99200439453125,143.15199279785156,143.75,104.72648620605469,42431,0.0,0.0,0.0
2016-11-01,143.47999572753906,143.9219970703125,142.94000244140625,143.39999389648438,104.47150421142578,129524,0.0,0.0,0.0
2016-11-02,143.49000549316406,144.74200439453125,143.468994140625,144.42999267578125,105.22189331054688,70097,0.0,0.0,0.0
2016-11-03,144.3699951171875,144.85800170898438,143.52000427246094,144.39999389648438,105.20001220703125,196540,0.0,0.0,0.0
2016-11-04,144.33999633789062,145.3979949951172,144.0229949951172,145.14999389648438,105.74640655517578,21975,0.0,0.0,0.0
2016-11-07,145.58999633789062,145.6580047607422,143.6219940185547,144.50999450683594,105.28016662597656,37052,0.0,0.0,0.0
2016-11-08,144.74000549316406,144.8300018310547,144.1580047607422,144.3000030517578,105.12718200683594,57405,0.0,0.0,0.0
2016-11-09,145.3000030517578,145.3000030517578,142.41000366210938,143.3699951171875,104.44966125488281,63691,0.0,0.0,0.0
2016-11-10,143.27000427246094,143.49400329589844,142.0659942626953,142.38999938964844,103.7356948852539,55195,0.0,0.0,0.0
2016-11-11,141.86000061035156,142.6439971923828,141.40428161621094,142.5,103.81580352783203,37467,0.0,0.0,0.0
2016-11-14,140.88999938964844,141.89999389648438,139.9501190185547,141.47000122070312,103.0654525756836,47464,0.0,0.0,0.0
2016-11-15,141.39999389648438,142.08999633789062,141.06100463867188,141.7100067138672,103.24027252197266,56706,0.0,0.0,0.0
2016-11-16,141.0500030517578,141.9499969482422,140.49600219726562,141.82000732421875,103.32042694091797,85273,0.0,0.0,0.0
2016-11-17,141.97999572753906,142.26950073242188,141.08599853515625,141.75,103.26945495605469,51775,0.0,0.0,0.0
2016-11-18,141.00999450683594,141.489501953125,140.12600708007812,140.5,102.35873413085938,52603,0.0,0.0,0.0
2016-11-21,140.52999877929688,141.83299255371094,140.11599731445312,141.22999572753906,102.89057922363281,33253,0.0,0.0,0.0
2016-11-22,141.60000610351562,142.0590057373047,141.0500030517578,141.72000122070312,103.24756622314453,13595,0.0,0.0,0.0
2016-11-23,141.8699951171875,142.1999969482422,140.13099670410156,140.51499938964844,102.36966705322266,30409,0.0,0.0,0.0
2016-11-24,141.3000030517578,141.5590057373047,140.70407104492188,141.39999389648438,103.01441192626953,36936,0.0,0.0,0.0
2016-11-25,140.9199981689453,141.77999877929688,140.9199981689453,141.50999450683594,103.09458923339844,10390,0.0,0.0,0.0
2016-11-28,141.6999969482422,142.10279846191406,141.4929962158203,141.94000244140625,103.40782928466797,86667,0.0,0.0,0.0
2016-11-29,141.6199951171875,142.11500549316406,141.48300170898438,142.11000061035156,103.53170013427734,13214,0.0,0.0,0.0
2016-11-30,142.52000427246094,142.70970153808594,141.42999267578125,141.42999267578125,103.03631591796875,24983,0.0,0.0,0.0
2016-12-01,141.83999633789062,142.0,140.88259887695312,140.9600067138672,102.69389343261719,44439,0.0,0.0,0.0
2016-12-02,141.0800018310547,142.25,141.0800018310547,142.10000610351562,103.52442932128906,53518,0.0,0.0,0.0
2016-12-05,142.1699981689453,142.36000061035156,141.11830139160156,141.97000122070312,103.42970275878906,175041,0.0,0.0,0.0
2016-12-06,142.1199951171875,142.64320373535156,141.75,142.0,103.45155334472656,25299,0.0,0.0,0.0
2016-12-07,141.77999877929688,142.50999450683594,141.72000122070312,142.2100067138672,103.60455322265625,39271,0.0,0.0,0.0
2016-12-08,142.8300018310547,142.8300018310547,141.2899932861328,142.1999969482422,103.59725952148438,114539,0.0,0.0,0.0
2016-12-09,142.6999969482422,142.6999969482422,141.38999938964844,141.7899932861328,103.29853057861328,112878,0.0,0.0,0.0
2016-12-12,141.27000427246094,142.04800415039062,140.77999877929688,141.5,103.0873031616211,47341,0.0,0.0,0.0
2016-12-13,141.55999755859375,142.43800354003906,141.55999755859375,142.3699951171875,103.7210922241211,42369,0.0,0.0,0.0
2016-12-14,142.80999755859375,143.0800018310547,142.45599365234375,142.89999389648438,104.10723114013672,24556,0.0,0.0,0.0
2016-12-15,139.83999633789062,141.1221923828125,139.83999633789062,140.77000427246094,103.30068969726562,32953,1.0309,0.0,0.0
2016-12-16,140.6999969482422,141.64500427246094,140.6999969482422,141.27000427246094,103.66761016845703,42837,0.0,0.0,0.0
2016-12-19,141.3300018310547,142.17999267578125,141.11410522460938,141.9499969482422,104.16661834716797,136438,0.0,0.0,0.0
2016-12-20,141.97999572753906,142.0449981689453,141.3459930419922,142.0399932861328,104.23265838623047,20989,0.0,0.0,0.0
2016-12-21,142.11000061035156,143.3350067138672,141.92599487304688,143.0,104.93709564208984,29001,0.0,0.0,0.0
2016-12-22,142.67999267578125,143.25,142.6199951171875,143.19000244140625,105.07655334472656,36217,0.0,0.0,0.0
2016-12-23,142.5800018310547,143.69979858398438,142.5,143.5800018310547,105.36272430419922,77293,0.0,0.0,0.0
2016-12-28,143.75,144.7949981689453,143.47000122070312,144.2899932861328,105.88375091552734,36839,0.0,0.0,0.0
2016-12-29,144.1999969482422,145.4250030517578,144.1999969482422,144.90499877929688,106.33505249023438,142478,0.0,0.0,0.0
2016-12-30,145.64999389648438,145.64999389648438,144.50999450683594,144.65499877929688,106.151611328125,91939,0.0,0.0,0.0
2017-01-03,144.5399932861328,145.37950134277344,143.2643280029297,143.86000061035156,105.5682144165039,31280,0.0,0.0,0.0
2017-01-04,143.94000244140625,144.33799743652344,143.64100646972656,143.89999389648438,105.59754180908203,38692,0.0,0.0,0.0
2017-01-05,144.0500030517578,144.28799438476562,143.4398956298828,144.15499877929688,105.78470611572266,61832,0.0,0.0,0.0
2017-01-06,143.92999267578125,144.51499938964844,143.1802978515625,143.4499969482422,105.26734161376953,15294,0.0,0.0,0.0
2017-01-09,143.33999633789062,144.27499389648438,143.33999633789062,144.19000244140625,105.81036376953125,19867,0.0,0.0,0.0
2017-01-10,143.11000061035156,144.36000061035156,143.11000061035156,143.9199981689453,105.6122055053711,27021,0.0,0.0,0.0
2017-01-11,143.32000732421875,144.05999755859375,143.17431640625,144.05999755859375,105.71497344970703,29967,0.0,0.0,0.0
2017-01-12,143.72999572753906,144.4499969482422,143.72999572753906,144.17999267578125,105.80301666259766,17550,0.0,0.0,0.0
2017-01-13,143.86000061035156,144.1199951171875,143.03500366210938,143.11000061035156,105.01783752441406,30806,0.0,0.0,0.0
2017-01-16,144.0,144.18980407714844,143.41000366210938,143.7949981689453,105.52052307128906,33817,0.0,0.0,0.0
2017-01-17,144.4600067138672,144.49000549316406,143.46499633789062,143.74000549316406,105.4801254272461,26598,0.0,0.0,0.0
2017-01-18,143.72000122070312,143.96400451660156,143.19149780273438,143.5800018310547,105.36272430419922,122119,0.0,0.0,0.0
2017-01-19,143.1999969482422,143.2899932861328,142.52999877929688,142.92999267578125,104.8857421875,26970,0.0,0.0,0.0
2017-01-20,142.94000244140625,143.30999755859375,141.99000549316406,142.2899932861328,104.41609954833984,56194,0.0,0.0,0.0
2017-01-23,142.74000549316406,143.62899780273438,142.57000732421875,142.7550048828125,104.75731658935547,96107,0.0,0.0,0.0
2017-01-24,142.57000732421875,143.43899536132812,142.3625030517578,142.76499938964844,104.76466369628906,28287,0.0,0.0,0.0
2017-01-25,142.88999938964844,142.94900512695312,141.85000610351562,141.85000610351562,104.09324645996094,37970,0.0,0.0,0.0
2017-01-26,141.60000610351562,142.10899353027344,141.26600646972656,141.60000610351562,103.90975189208984,18418,0.0,0.0,0.0
2017-01-27,141.75,142.25399780273438,141.4971923828125,142.0500030517578,104.23997497558594,10739,0.0,0.0,0.0
2017-01-30,142.02000427246094,142.52699279785156,141.50599670410156,142.27999877929688,104.40876007080078,38684,0.0,0.0,0.0
2017-01-31,141.9499969482422,142.55960083007812,141.57699584960938,142.5500030517578,104.60685729980469,9923,0.0,0.0,0.0
2017-02-01,141.91000366210938,142.2530059814453,141.625,141.92999267578125,104.15190887451172,14171,0.0,0.0,0.0
2017-02-02,142.05999755859375,143.0399932861328,141.77879333496094,142.75,104.75365447998047,34830,0.0,0.0,0.0
2017-02-03,142.35000610351562,143.4199981689453,142.17999267578125,143.10000610351562,105.0105209350586,12894,0.0,0.0,0.0
2017-02-06,143.10000610351562,143.65049743652344,142.43499755859375,143.4499969482422,105.26734161376953,42019,0.0,0.0,0.0
2017-02-07,143.74000549316406,143.74000549316406,143.07400512695312,143.57000732421875,105.35539245605469,15559,0.0,0.0,0.0
2017-02-08,143.9499969482422,144.49000549316406,143.60000610351562,144.27499389648438,105.87274932861328,23659,0.0,0.0,0.0
2017-02-09,143.77999877929688,144.45799255371094,143.77999877929688,144.17999267578125,105.80301666259766,26951,0.0,0.0,0.0
2017-02-10,143.88999938964844,144.17799377441406,143.51199340820312,144.13999938964844,105.773681640625,37585,0.0,0.0,0.0
2017-02-13,143.83999633789062,144.23800659179688,143.14849853515625,143.3300018310547,105.17929077148438,52510,0.0,0.0,0.0
2017-02-14,143.3800048828125,144.0279998779297,142.5675048828125,143.24000549316406,105.11325073242188,170275,0.0,0.0,0.0
2017-02-15,143.22000122070312,143.60659790039062,143.0,143.3300018310547,105.17929077148438,34378,0.0,0.0,0.0
2017-02-16,143.3000030517578,143.93699645996094,142.91099548339844,143.75,105.48748779296875,96889,0.0,0.0,0.0
2017-02-17,143.85000610351562,144.62100219726562,143.4980010986328,144.61000061035156,106.11857604980469,13975,0.0,0.0,0.0
2017-02-20,143.8699951171875,144.36500549316406,143.8699951171875,144.17999267578125,105.80301666259766,47036,0.0,0.0,0.0
2017-02-21,144.08999633789062,144.17999267578125,143.60400390625,144.17999267578125,105.80301666259766,40972,0.0,0.0,0.0
2017-02-22,144.08999633789062,144.84500122070312,143.65499877929688,144.6199951171875,106.12592315673828,39328,0.0,0.0,0.0
2017-02-23,144.39999389648438,145.16099548339844,144.3300018310547,145.0,106.40479278564453,28297,0.0,0.0,0.0
2017-02-24,145.0800018310547,146.27000427246094,145.0800018310547,146.24000549316406,107.3147201538086,42327,0.0,0.0,0.0
2017-02-27,145.97999572753906,146.3990020751953,145.71719360351562,146.1699981689453,107.26333618164062,60778,0.0,0.0,0.0
2017-02-28,145.99000549316406,146.46800231933594,145.6479949951172,146.39999389648438,107.43211364746094,55962,0.0,0.0,0.0
2017-03-01,145.83999633789062,146.38279724121094,145.7615966796875,145.8699951171875,107.04316711425781,29595,0.0,0.0,0.0
2017-03-02,146.4499969482422,146.49000549316406,145.2052001953125,145.99000549316406,107.13126373291016,44457,0.0,0.0,0.0
2017-03-03,145.99000549316406,146.4127960205078,145.75399780273438,146.14999389648438,107.2486343383789,68560,0.0,0.0,0.0
2017-03-06,146.66000366210938,146.85699462890625,145.356201171875,145.97999572753906,107.1239242553711,41947,0.0,0.0,0.0
2017-03-07,145.9499969482422,146.33200073242188,145.5679931640625,146.1300048828125,107.23401641845703,43027,0.0,0.0,0.0
2017-03-08,145.83999633789062,146.23699951171875,145.24920654296875,145.8800048828125,107.05049896240234,45959,0.0,0.0,0.0
2017-03-09,145.13999938964844,146.17999267578125,145.13999938964844,145.72999572753906,106.94046020507812,52844,0.0,0.0,0.0
2017-03-10,145.6999969482422,145.97000122070312,144.75100708007812,145.50999450683594,106.77900695800781,17329,0.0,0.0,0.0
2017-03-13,145.74000549316406,146.06500244140625,145.2100067138672,145.36000061035156,106.6689224243164,19327,0.0,0.0,0.0
2017-03-14,145.22999572753906,145.6269989013672,144.72999572753906,145.47999572753906,106.75699615478516,37945,0.0,0.0,0.0
2017-03-15,145.39999389648438,145.71800231933594,145.1060028076172,145.5399932861328,106.80099487304688,39790,0.0,0.0,0.0
2017-03-16,145.3699951171875,145.3699951171875,143.77439880371094,144.50999450683594,106.78573608398438,31155,1.0093,0.0,0.0
2017-03-17,144.35000610351562,144.81399536132812,143.9832000732422,144.72000122070312,106.94094848632812,31316,0.0,0.0,0.0
2017-03-20,144.3300018310547,144.8699951171875,144.1199951171875,144.8699951171875,107.0517578125,14670,0.0,0.0,0.0
2017-03-21,144.57000732421875,144.7447967529297,143.86000061035156,144.5,106.77837371826172,53793,0.0,0.0,0.0
2017-03-22,144.66000366210938,145.3300018310547,144.33999633789062,145.3300018310547,107.39166259765625,63446,0.0,0.0,0.0
2017-03-23,145.25,145.45030212402344,144.5399932861328,144.66000366210938,106.89659118652344,60257,0.0,0.0,0.0
2017-03-24,144.07000732421875,145.10400390625,144.07000732421875,144.91000366210938,107.08135986328125,52096,0.0,0.0,0.0
2017-03-27,145.00999450683594,145.60400390625,144.8719940185547,145.16000366210938,107.26606750488281,80037,0.0,0.0,0.0
2017-03-28,145.1699981689453,145.2989959716797,144.66099548339844,144.82000732421875,107.01480865478516,27572,0.0,0.0,0.0
2017-03-29,144.7100067138672,145.35000610351562,144.42100524902344,145.0399932861328,107.17737579345703,8331,0.0,0.0,0.0
2017-03-30,145.13999938964844,145.8300018310547,145.08900451660156,145.8000030517578,107.73898315429688,63065,0.0,0.0,0.0
2017-03-31,145.9499969482422,145.9499969482422,145.19000244140625,145.19000244140625,107.2882308959961,188848,0.0,0.0,0.0
2017-04-03,145.69000244140625,146.1999969482422,145.01600646972656,146.1999969482422,108.03456115722656,98055,0.0,0.0,0.0
2017-04-04,146.41000366210938,146.64999389648438,146.16000366210938,146.27000427246094,108.08629608154297,50271,0.0,0.0,0.0
2017-04-05,146.32000732421875,146.49549865722656,145.30999755859375,145.72999572753906,107.687255859375,76286,0.0,0.0,0.0
2017-04-06,145.99000549316406,146.22900390625,145.25100708007812,145.36000061035156,107.41382598876953,415205,0.0,0.0,0.0
2017-04-07,145.6300048828125,146.24549865722656,145.4010009765625,145.80999755859375,107.7463607788086,68159,0.0,0.0,0.0
2017-04-10,145.61000061035156,145.9029998779297,145.27999877929688,145.85000610351562,107.77593231201172,18497,0.0,0.0,0.0
2017-04-11,146.1300048828125,146.35299682617188,145.4250030517578,146.17999267578125,108.01976776123047,33935,0.0,0.0,0.0
2017-04-12,146.27000427246094,146.3072967529297,145.8209991455078,146.1300048828125,107.98286437988281,107676,0.0,0.0,0.0
2017-04-13,146.27000427246094,146.6199951171875,145.87770080566406,146.13499450683594,107.98653411865234,116246,0.0,0.0,0.0
2017-04-18,146.41000366210938,146.78900146484375,145.8209991455078,146.50999450683594,108.26363372802734,36618,0.0,0.0,0.0
2017-04-19,146.50999450683594,146.52999877929688,145.8300018310547,145.9199981689453,107.82762908935547,26750,0.0,0.0,0.0
2017-04-20,146.08999633789062,146.3350067138672,145.61099243164062,146.07000732421875,107.93851470947266,34007,0.0,0.0,0.0
2017-04-21,146.17999267578125,146.49000549316406,145.91000366210938,146.09500122070312,107.95697021484375,49064,0.0,0.0,0.0
2017-04-24,145.77000427246094,146.5399932861328,145.41000366210938,146.47999572753906,108.24147033691406,34999,0.0,0.0,0.0
2017-04-25,146.30999755859375,146.4980010986328,145.531005859375,146.17999267578125,108.01976776123047,42710,0.0,0.0,0.0
2017-04-26,146.0399932861328,146.22000122070312,145.66099548339844,146.22000122070312,108.04936218261719,18804,0.0,0.0,0.0
2017-04-27,147.27000427246094,147.3000030517578,146.0030059814453,146.3350067138672,108.13428497314453,31859,0.0,0.0,0.0
2017-04-28,146.3000030517578,148.7412872314453,146.0030059814453,146.3000030517578,108.10845184326172,13104,0.0,0.0,0.0
2017-05-02,146.55999755859375,146.7100067138672,145.99000549316406,146.7100067138672,108.41143798828125,41854,0.0,0.0,0.0
2017-05-03,146.72999572753906,147.0050048828125,146.4759979248047,146.89999389648438,108.55180358886719,32253,0.0,0.0,0.0
2017-05-04,146.8800048828125,146.9550018310547,146.4499969482422,146.75999450683594,108.44840240478516,31875,0.0,0.0,0.0
2017-05-05,146.75999450683594,146.98500061035156,146.28463745117188,146.5,108.25625610351562,210446,0.0,0.0,0.0
2017-05-08,146.27999877929688,147.4250030517578,143.78860473632812,146.3000030517578,108.10845184326172,33089,0.0,0.0,0.0
2017-05-09,145.8699951171875,146.33700561523438,145.51699829101562,145.9199981689453,107.82762908935547,20000,0.0,0.0,0.0
2017-05-10,146.11000061035156,148.60870361328125,145.9080047607422,146.55999755859375,108.30057525634766,19606,0.0,0.0,0.0
2017-05-11,146.1300048828125,146.82699584960938,146.0758056640625,146.77000427246094,108.45574951171875,28812,0.0,0.0,0.0
2017-05-12,146.94000244140625,147.69000244140625,146.43209838867188,147.69000244140625,109.13558959960938,9378,0.0,0.0,0.0
2017-05-15,147.47000122070312,147.67880249023438,146.89999389648438,146.97999572753906,108.6109390258789,51800,0.0,0.0,0.0
2017-05-16,146.7100067138672,147.49029541015625,146.39100646972656,147.41000366210938,108.92867279052734,13641,0.0,0.0,0.0
2017-05-17,147.3300018310547,148.10699462890625,147.32000732421875,147.7899932861328,109.2094955444336,27409,0.0,0.0,0.0
2017-05-18,148.1199951171875,148.15939331054688,147.4429931640625,147.6649932861328,109.11712646484375,35253,0.0,0.0,0.0
2017-05-19,147.7899932861328,147.9550018310547,147.29200744628906,147.92999267578125,109.31294250488281,24631,0.0,0.0,0.0
2017-05-22,147.82000732421875,148.05799865722656,147.42300415039062,147.72500610351562,109.16146087646484,14153,0.0,0.0,0.0
2017-05-23,148.0399932861328,148.1273956298828,147.41510009765625,147.9600067138672,109.33511352539062,189460,0.0,0.0,0.0
2017-05-24,147.85000610351562,148.38800048828125,147.38070678710938,148.05999755859375,109.40901184082031,55038,0.0,0.0,0.0
2017-05-25,148.27999877929688,148.68600463867188,148.1320037841797,148.50999450683594,109.74153137207031,22442,0.0,0.0,0.0
2017-05-26,148.49000549316406,148.95799255371094,148.28199768066406,148.55999755859375,109.77849578857422,33188,0.0,0.0,0.0
2017-05-30,148.60000610351562,149.75,148.4720001220703,149.0399932861328,110.13319396972656,53383,0.0,0.0,0.0
2017-05-31,148.99000549316406,149.1699981689453,148.35000610351562,148.63999938964844,109.8376235961914,10893,0.0,0.0,0.0
2017-06-01,148.36000061035156,148.83799743652344,147.8260040283203,148.0800018310547,109.42382049560547,40890,0.0,0.0,0.0
2017-06-02,148.08999633789062,148.63800048828125,147.9759979248047,148.47000122070312,109.7120132446289,16721,0.0,0.0,0.0
2017-06-05,148.41000366210938,149.15370178222656,147.8260040283203,148.42999267578125,109.682373046875,52985,0.0,0.0,0.0
2017-06-06,147.69000244140625,149.33799743652344,147.69000244140625,149.16000366210938,110.22185516357422,27511,0.0,0.0,0.0
2017-06-07,149.13999938964844,149.32000732421875,148.55599975585938,149.16000366210938,110.22185516357422,26082,0.0,0.0,0.0
2017-06-08,149.16000366210938,149.18600463867188,148.36599731445312,148.44000244140625,109.68978881835938,14314,0.0,0.0,0.0
2017-06-09,148.0500030517578,149.19000244140625,147.92320251464844,149.14999389648438,110.21446990966797,25543,0.0,0.0,0.0
2017-06-12,149.14999389648438,149.5469970703125,148.74029541015625,149.50999450683594,110.48048400878906,24388,0.0,0.0,0.0
2017-06-13,149.0800018310547,149.41000366210938,148.26483154296875,148.7899932861328,109.94844818115234,49312,0.0,0.0,0.0
2017-06-14,148.86000061035156,150.16000366210938,148.44509887695312,150.16000366210938,110.96082305908203,18393,0.0,0.0,0.0
2017-06-15,148.9600067138672,149.25,147.69000244140625,147.86000061035156,110.00680541992188,23659,1.0177,0.0,0.0
2017-06-16,147.52999877929688,148.37899780273438,147.2899932861328,147.9499969482422,110.07373046875,11625,0.0,0.0,0.0
2017-06-19,147.94000244140625,148.38900756835938,147.75,148.07000732421875,110.16305541992188,24992,0.0,0.0,0.0
2017-06-20,148.02000427246094,148.6699981689453,148.0,148.63999938964844,110.58710479736328,23081,0.0,0.0,0.0
2017-06-21,148.63999938964844,148.98260498046875,147.92999267578125,148.22000122070312,110.27462768554688,42595,0.0,0.0,0.0
2017-06-22,148.3300018310547,148.86900329589844,148.281005859375,148.30999755859375,110.3415756225586,59660,0.0,0.0,0.0
2017-06-23,147.92999267578125,148.35000610351562,147.7364959716797,148.2050018310547,110.26345825195312,142946,0.0,0.0,0.0
2017-06-26,148.55999755859375,148.78900146484375,147.97799682617188,148.5,110.48294067382812,10211,0.0,0.0,0.0
2017-06-27,148.47000122070312,148.60000610351562,147.61000061035156,147.80349731445312,109.96479034423828,26527,0.0,0.0,0.0
2017-06-28,147.41000366210938,147.72000122070312,145.99560546875,146.80999755859375,109.22559356689453,7263,0.0,0.0,0.0
2017-06-29,146.58999633789062,146.61000061035156,145.74000549316406,145.5449981689453,108.28443908691406,9517,0.0,0.0,0.0
2017-06-30,145.66000366210938,146.10800170898438,145.5399932861328,145.75999450683594,108.44438934326172,7949,0.0,0.0,0.0
2017-07-03,145.27000427246094,145.97799682617188,145.05599975585938,145.52999877929688,108.2732925415039,69619,0.0,0.0,0.0
2017-07-04,145.8699951171875,145.9741973876953,145.5260009765625,145.75,108.43698120117188,23829,0.0,0.0,0.0
2017-07-05,146.0500030517578,146.0500030517578,145.44000244140625,145.8000030517578,108.47418212890625,41194,0.0,0.0,0.0
2017-07-06,145.8000030517578,145.8000030517578,144.89999389648438,144.99000549316406,107.87154388427734,50348,0.0,0.0,0.0
2017-07-07,144.97000122070312,145.43800354003906,144.71800231933594,145.0800018310547,107.93850708007812,48334,0.0,0.0,0.0
2017-07-10,144.97999572753906,145.6199951171875,144.9394989013672,145.6199951171875,108.3402328491211,10554,0.0,0.0,0.0
2017-07-11,145.3800048828125,145.6199951171875,144.86300659179688,145.5,108.25098419189453,35065,0.0,0.0,0.0
2017-07-12,145.58999633789062,145.82000732421875,145.1719970703125,145.75999450683594,108.44438934326172,31375,0.0,0.0,0.0
2017-07-13,145.74000549316406,146.11000061035156,145.13999938964844,145.14999389648438,107.99053955078125,19602,0.0,0.0,0.0
2017-07-14,145.75,145.8280029296875,145.13999938964844,145.22500610351562,108.04637145996094,108722,0.0,0.0,0.0
2017-07-17,145.5500030517578,145.802001953125,145.3159942626953,145.64999389648438,108.36254119873047,12034,0.0,0.0,0.0
2017-07-18,145.4600067138672,146.45899963378906,145.4499969482422,146.36000061035156,108.89080047607422,21409,0.0,0.0,0.0
2017-07-19,146.22000122070312,146.83999633789062,146.0469970703125,146.64999389648438,109.1065444946289,11459,0.0,0.0,0.0
2017-07-20,146.5800018310547,146.95799255371094,146.35000610351562,146.39999389648438,108.92057037353516,12158,0.0,0.0,0.0
2017-07-21,146.50999450683594,147.12840270996094,146.5,147.0800018310547,109.42646789550781,18596,0.0,0.0,0.0
2017-07-24,146.75,147.10899353027344,146.5511016845703,146.97000122070312,109.34465026855469,15610,0.0,0.0,0.0
2017-07-25,146.97000122070312,147.0,146.25,146.27999877929688,108.8312759399414,15615,0.0,0.0,0.0
2017-07-26,146.3800048828125,146.73399353027344,146.3800048828125,146.63999938964844,109.09909057617188,14605,0.0,0.0,0.0
2017-07-27,146.97999572753906,147.2100067138672,146.6300048828125,147.0850067138672,109.43019104003906,16799,0.0,0.0,0.0
2017-07-28,147.1699981689453,147.25999450683594,146.6999969482422,146.85499572753906,109.25907897949219,9942,0.0,0.0,0.0
2017-07-31,146.80999755859375,147.32000732421875,146.5554962158203,147.32000732421875,109.60502624511719,472230,0.0,0.0,0.0
2017-08-01,146.66000366210938,147.30999755859375,146.5,147.30999755859375,109.59761047363281,15953,0.0,0.0,0.0
2017-08-02,147.08999633789062,147.16000366210938,146.5449981689453,146.875,109.27396392822266,16829,0.0,0.0,0.0
2017-08-03,146.8699951171875,148.0,146.8000030517578,147.9149932861328,110.04769134521484,25097,0.0,0.0,0.0
2017-08-04,148.00999450683594,148.06520080566406,147.52000427246094,147.69000244140625,109.88032531738281,25792,0.0,0.0,0.0
2017-08-07,147.64999389648438,148.15199279785156,147.3249969482422,148.0399932861328,110.1407241821289,7680,0.0,0.0,0.0
2017-08-08,148.0500030517578,148.2406005859375,147.7050018310547,147.89999389648438,110.03654479980469,22261,0.0,0.0,0.0
2017-08-09,148.05999755859375,148.61399841308594,148.01499938964844,148.2899932861328,110.32670593261719,14216,0.0,0.0,0.0
2017-08-10,147.97000122070312,148.69000244140625,147.97000122070312,148.51499938964844,110.49410247802734,15020,0.0,0.0,0.0
2017-08-11,148.60000610351562,148.9470977783203,147.94500732421875,148.35000610351562,110.3713607788086,14010,0.0,0.0,0.0
2017-08-14,148.3800048828125,148.75050354003906,147.82000732421875,148.3300018310547,110.35643768310547,11755,0.0,0.0,0.0
2017-08-15,148.14999389648438,148.25999450683594,147.6551971435547,148.2100067138672,110.26721954345703,18080,0.0,0.0,0.0
2017-08-16,148.0500030517578,148.16700744628906,147.5500030517578,147.66000366210938,109.85798645019531,113315,0.0,0.0,0.0
2017-08-17,148.2100067138672,148.58999633789062,147.625,148.1999969482422,110.2597427368164,36240,0.0,0.0,0.0
2017-08-18,148.5,148.7469940185547,148.0,148.14999389648438,110.22254180908203,22316,0.0,0.0,0.0
2017-08-21,148.25999450683594,148.73699951171875,147.81500244140625,148.47000122070312,110.46060943603516,127475,0.0,0.0,0.0
2017-08-22,147.94000244140625,148.61410522460938,147.91000366210938,148.17999267578125,110.24486541748047,6550,0.0,0.0,0.0
2017-08-23,148.07000732421875,148.6999969482422,147.89500427246094,148.6999969482422,110.63175201416016,12040,0.0,0.0,0.0
2017-08-24,148.32000732421875,148.66700744628906,148.03500366210938,148.5050048828125,110.48664855957031,10450,0.0,0.0,0.0
2017-08-25,148.61000061035156,148.77999877929688,148.2449951171875,148.77999877929688,110.69127655029297,11939,0.0,0.0,0.0
2017-08-29,146.74000549316406,149.9770050048828,146.74000549316406,149.13999938964844,110.95911407470703,15410,0.0,0.0,0.0
2017-08-30,149.1199951171875,149.3070068359375,148.4550018310547,148.55999755859375,110.52759552001953,30914,0.0,0.0,0.0
2017-08-31,148.69000244140625,149.0070037841797,148.2570037841797,148.6699981689453,110.6093978881836,15545,0.0,0.0,0.0
2017-09-01,148.6999969482422,148.8800048828125,148.16160583496094,148.3699951171875,110.38623046875,12351,0.0,0.0,0.0
2017-09-04,148.7100067138672,148.91700744628906,148.2899932861328,148.6300048828125,110.57964324951172,11261,0.0,0.0,0.0
2017-09-05,148.35000610351562,149.0800018310547,147.906005859375,149.0800018310547,110.9144515991211,48383,0.0,0.0,0.0
2017-09-06,149.35000610351562,149.35000610351562,148.59500122070312,149.27000427246094,111.05581665039062,6932,0.0,0.0,0.0
2017-09-07,149.10000610351562,149.75,148.50750732421875,149.5050048828125,111.23065185546875,16897,0.0,0.0,0.0
2017-09-08,149.9199981689453,149.9364013671875,148.9600067138672,149.0500030517578,110.89215850830078,17221,0.0,0.0,0.0
2017-09-11,148.91000366210938,149.16200256347656,148.39999389648438,148.55999755859375,110.52759552001953,14700,0.0,0.0,0.0
2017-09-12,148.7899932861328,148.7899932861328,147.14999389648438,147.27000427246094,109.56785583496094,15609,0.0,0.0,0.0
2017-09-13,147.4199981689453,147.71200561523438,147.0500030517578,147.24000549316406,109.54550170898438,19684,0.0,0.0,0.0
2017-09-14,146.2899932861328,146.5290069580078,145.30099487304688,145.41000366210938,108.93510437011719,14927,1.0152,0.0,0.0
2017-09-15,145.35000610351562,145.4720001220703,143.9709930419922,144.4499969482422,108.21588134765625,16254,0.0,0.0,0.0
2017-09-18,144.4199981689453,144.72999572753906,144.1020050048828,144.6649932861328,108.3769760131836,13100,0.0,0.0,0.0
2017-09-19,144.57000732421875,144.9635009765625,144.27000427246094,144.3800048828125,108.16348266601562,138830,0.0,0.0,0.0
2017-09-20,144.3800048828125,144.8419952392578,144.2899932861328,144.4499969482422,108.21588134765625,13728,0.0,0.0,0.0
2017-09-21,143.77000427246094,144.677001953125,143.77000427246094,144.19000244140625,108.02115631103516,15569,0.0,0.0,0.0
2017-09-22,144.22000122070312,144.63499450683594,143.99099731445312,144.39500427246094,108.1747055053711,5489,0.0,0.0,0.0
2017-09-25,144.7100067138672,145.07200622558594,144.01100158691406,144.6999969482422,108.4031753540039,48752,0.0,0.0,0.0
2017-09-26,144.72999572753906,145.0,144.26100158691406,144.7449951171875,108.43692016601562,11054,0.0,0.0,0.0
2017-09-27,144.57000732421875,144.79600524902344,143.86099243164062,144.30999755859375,108.11104583740234,20618,0.0,0.0,0.0
2017-09-28,143.86000061035156,144.4600067138672,143.79879760742188,144.39999389648438,108.17842864990234,21554,0.0,0.0,0.0
2017-09-29,144.38999938964844,144.91000366210938,144.3699951171875,144.72999572753906,108.42566680908203,33340,0.0,0.0,0.0
2017-10-02,144.52999877929688,145.3699951171875,144.1044158935547,145.30999755859375,108.86019897460938,13234,0.0,0.0,0.0
2017-10-03,145.02999877929688,145.02999877929688,144.42599487304688,144.82000732421875,108.49310302734375,17994,0.0,0.0,0.0
2017-10-04,145.24000549316406,145.32049560546875,144.3699951171875,144.97999572753906,108.61298370361328,15676,0.0,0.0,0.0
2017-10-05,144.7899932861328,145.1999969482422,144.37600708007812,144.58999633789062,108.32078552246094,66887,0.0,0.0,0.0
2017-10-06,144.77999877929688,144.9600067138672,144.12600708007812,144.77999877929688,108.463134765625,23849,0.0,0.0,0.0
2017-10-09,145.33999633789062,145.33999633789062,143.42030334472656,145.02999877929688,108.6504135131836,18592,0.0,0.0,0.0
2017-10-10,144.47999572753906,145.21249389648438,144.27000427246094,144.92999267578125,108.57548522949219,27252,0.0,0.0,0.0
2017-10-11,144.4499969482422,144.99000549316406,144.33419799804688,144.82000732421875,108.49310302734375,33145,0.0,0.0,0.0
2017-10-12,144.99000549316406,145.15899658203125,144.46299743652344,144.7050018310547,108.40693664550781,120710,0.0,0.0,0.0
2017-10-13,145.10000610351562,145.1230010986328,144.35699462890625,144.99000549316406,108.62043762207031,22014,0.0,0.0,0.0
2017-10-16,144.77999877929688,145.46240234375,144.18699645996094,145.41000366210938,108.93510437011719,10548,0.0,0.0,0.0
2017-10-17,144.89999389648438,146.0679931640625,144.52699279785156,145.9600067138672,109.34715270996094,28228,0.0,0.0,0.0
2017-10-18,146.05999755859375,146.05999755859375,145.14599609375,145.5399932861328,109.03248596191406,11967,0.0,0.0,0.0
2017-10-19,145.57000732421875,146.13800048828125,145.57000732421875,145.75,109.18980407714844,14633,0.0,0.0,0.0
2017-10-20,145.80999755859375,145.9980010986328,145.0399932861328,145.09500122070312,108.69911193847656,13263,0.0,0.0,0.0
2017-10-23,145.17999267578125,145.58999633789062,144.8560028076172,145.5,109.0025405883789,50809,0.0,0.0,0.0
2017-10-24,145.32000732421875,145.34800720214844,144.75599670410156,144.92999267578125,108.57548522949219,16060,0.0,0.0,0.0
2017-10-25,144.92999267578125,145.34800720214844,144.03599548339844,144.27999877929688,108.0885238647461,29221,0.0,0.0,0.0
2017-10-26,144.22999572753906,144.5800018310547,143.93600463867188,144.3300018310547,108.1259994506836,27181,0.0,0.0,0.0
2017-10-27,144.3000030517578,145.33799743652344,144.3000030517578,144.94500732421875,108.58674621582031,28941,0.0,0.0,0.0
2017-10-30,145.0,145.3260955810547,144.77999877929688,145.19000244140625,108.77030181884766,28562,0.0,0.0,0.0
2017-10-31,145.27999877929688,145.4600067138672,145.08999633789062,145.3300018310547,108.87515258789062,9278,0.0,0.0,0.0
2017-11-01,145.27000427246094,145.4980010986328,144.85000610351562,145.36000061035156,108.89762115478516,26083,0.0,0.0,0.0
2017-11-02,145.36000061035156,146.47000122070312,145.07350158691406,146.38999938964844,109.66931915283203,21551,0.0,0.0,0.0
2017-11-03,146.77000427246094,146.77000427246094,146.00999450683594,146.02000427246094,109.3920669555664,76158,0.0,0.0,0.0
2017-11-06,146.49000549316406,146.60800170898438,146.1199951171875,146.3300018310547,109.62432861328125,25049,0.0,0.0,0.0
2017-11-07,146.25999450683594,146.6324005126953,145.89599609375,146.38999938964844,109.66931915283203,39745,0.0,0.0,0.0
2017-11-08,146.38999938964844,146.9080047607422,146.38999938964844,146.64999389648438,109.86402130126953,13207,0.0,0.0,0.0
2017-11-09,146.4600067138672,146.55799865722656,145.67999267578125,145.67999267578125,109.13738250732422,49276,0.0,0.0,0.0
2017-11-10,145.6699981689453,145.80799865722656,144.75,144.85000610351562,108.51557922363281,26249,0.0,0.0,0.0
2017-11-13,144.77000427246094,145.3679962158203,144.7519989013672,144.86500549316406,108.52681732177734,6980,0.0,0.0,0.0
2017-11-14,144.89999389648438,144.93099975585938,144.44200134277344,144.64999389648438,108.36572265625,82207,0.0,0.0,0.0
2017-11-15,144.6699981689453,145.11099243164062,144.5,144.57000732421875,108.30581665039062,99033,0.0,0.0,0.0
2017-11-16,143.08999633789062,145.10400390625,143.08999633789062,144.75,108.44068145751953,133367,0.0,0.0,0.0
2017-11-17,145.10000610351562,145.1199951171875,144.54444885253906,144.85499572753906,108.51934051513672,30265,0.0,0.0,0.0
2017-11-20,144.83999633789062,145.22999572753906,144.72000122070312,145.16000366210938,108.74781036376953,24127,0.0,0.0,0.0
2017-11-21,145.33999633789062,145.67999267578125,145.22999572753906,145.38999938964844,108.92008972167969,14937,0.0,0.0,0.0
2017-11-22,145.6300048828125,145.63999938964844,144.94000244140625,145.31500244140625,108.86395263671875,41639,0.0,0.0,0.0
2017-11-23,145.5500030517578,145.6300048828125,145.2899932861328,145.61000061035156,109.08495330810547,12657,0.0,0.0,0.0
2017-11-24,145.5800018310547,145.6999969482422,145.35000610351562,145.6199951171875,109.09242248535156,6130,0.0,0.0,0.0
2017-11-27,145.4499969482422,145.75999450683594,145.39999389648438,145.7100067138672,109.15988159179688,15262,0.0,0.0,0.0
2017-11-28,145.38999938964844,145.77000427246094,145.32000732421875,145.33999633789062,108.8826675415039,24994,0.0,0.0,0.0
2017-11-29,145.0399932861328,145.0399932861328,144.42999267578125,144.59500122070312,108.32450103759766,25098,0.0,0.0,0.0
2017-11-30,144.60000610351562,144.91000366210938,144.19000244140625,144.91000366210938,108.56053161621094,98980,0.0,0.0,0.0
2017-12-01,144.80999755859375,146.27000427246094,144.80999755859375,146.27000427246094,109.57938385009766,48560,0.0,0.0,0.0
2017-12-04,145.85000610351562,145.85000610351562,145.17999267578125,145.3350067138672,108.87889862060547,26245,0.0,0.0,0.0
2017-12-05,145.44000244140625,145.77000427246094,145.44000244140625,145.75,109.18980407714844,23339,0.0,0.0,0.0
2017-12-06,147.2100067138672,147.2100067138672,145.72000122070312,146.07000732421875,109.42958068847656,15617,0.0,0.0,0.0
2017-12-07,146.0500030517578,146.1300048828125,145.52999877929688,145.9499969482422,109.33965301513672,24809,0.0,0.0,0.0
2017-12-08,145.4199981689453,145.89999389648438,145.10000610351562,145.89999389648438,109.30220794677734,96625,0.0,0.0,0.0
2017-12-11,145.5500030517578,146.7100067138672,145.5500030517578,146.4600067138672,109.72171020507812,14655,0.0,0.0,0.0
2017-12-12,146.82000732421875,146.82000732421875,146.36000061035156,146.5800018310547,109.81163024902344,22247,0.0,0.0,0.0
2017-12-13,146.61000061035156,146.72999572753906,146.24099731445312,146.5800018310547,109.81163024902344,14948,0.0,0.0,0.0
2017-12-14,146.0800018310547,146.50999450683594,145.58999633789062,146.50999450683594,110.48326110839844,14101,0.9607,0.0,0.0
2017-12-15,146.50999450683594,146.83999633789062,146.33999633789062,146.77999877929688,110.68692779541016,34092,0.0,0.0,0.0
2017-12-18,146.8000030517578,146.97999572753906,146.60000610351562,146.86000061035156,110.74720764160156,23613,0.0,0.0,0.0
2017-12-19,146.86000061035156,146.86000061035156,146.0,146.14999389648438,110.21180725097656,197691,0.0,0.0,0.0
2017-12-20,145.8800048828125,145.8800048828125,145.32000732421875,145.5500030517578,109.75938415527344,19424,0.0,0.0,0.0
2017-12-21,145.39999389648438,145.5500030517578,145.1999969482422,145.52499389648438,109.74049377441406,21816,0.0,0.0,0.0
2017-12-22,145.77000427246094,145.99000549316406,145.69000244140625,145.72999572753906,109.89510345458984,4275,0.0,0.0,0.0
2017-12-27,146.02000427246094,146.74000549316406,146.02000427246094,146.74000549316406,110.65675354003906,9173,0.0,0.0,0.0
2017-12-28,146.25,146.74000549316406,146.24000549316406,146.5500030517578,110.51346588134766,16961,0.0,0.0,0.0
2017-12-29,145.63999938964844,146.88999938964844,145.63999938964844,146.74000549316406,110.65675354003906,4753,0.0,0.0,0.0
2018-01-02,145.94000244140625,146.27999877929688,145.74000549316406,145.86000061035156,109.99313354492188,7603,0.0,0.0,0.0
2018-01-03,147.39999389648438,147.39999389648438,145.55999755859375,147.10000610351562,110.92823028564453,11202,0.0,0.0,0.0
2018-01-04,146.77999877929688,147.08999633789062,146.64999389648438,146.96499633789062,110.82640838623047,19379,0.0,0.0,0.0
2018-01-05,147.33999633789062,147.33999633789062,146.9499969482422,147.0449981689453,110.88677978515625,11772,0.0,0.0,0.0
2018-01-08,146.69000244140625,147.41000366210938,146.69000244140625,147.1699981689453,110.98100280761719,50099,0.0,0.0,0.0
2018-01-09,147.69000244140625,147.69000244140625,146.8000030517578,146.63999938964844,110.58132934570312,56801,0.0,0.0,0.0
2018-01-10,146.25,146.77000427246094,146.25,146.6199951171875,110.56623077392578,17465,0.0,0.0,0.0
2018-01-11,146.72999572753906,146.9600067138672,146.25,146.2899932861328,110.31739807128906,15442,0.0,0.0,0.0
2018-01-12,146.69000244140625,146.69000244140625,145.82000732421875,146.3800048828125,110.38528442382812,36376,0.0,0.0,0.0
2018-01-15,146.1699981689453,146.7100067138672,146.1699981689453,146.64999389648438,110.58882904052734,16479,0.0,0.0,0.0
2018-01-16,146.47999572753906,146.97000122070312,146.4499969482422,146.6750030517578,110.60770416259766,19870,0.0,0.0,0.0
2018-01-17,146.8000030517578,146.91000366210938,146.6699981689453,146.82000732421875,110.7170639038086,15078,0.0,0.0,0.0
2018-01-18,146.66000366210938,146.77999877929688,146.41000366210938,146.61500549316406,110.56248474121094,8540,0.0,0.0,0.0
2018-01-19,146.39999389648438,146.82000732421875,146.3699951171875,146.66000366210938,110.59642028808594,12879,0.0,0.0,0.0
2018-01-22,146.3699951171875,146.60000610351562,146.17999267578125,146.4499969482422,110.43805694580078,23153,0.0,0.0,0.0
2018-01-23,146.39999389648438,146.8000030517578,146.39999389648438,146.67999267578125,110.6114730834961,23968,0.0,0.0,0.0
2018-01-24,146.3000030517578,146.5,145.89999389648438,146.01499938964844,110.11001586914062,8640,0.0,0.0,0.0
2018-01-25,145.97999572753906,146.1999969482422,145.75999450683594,146.1999969482422,110.2495346069336,15431,0.0,0.0,0.0
2018-01-26,146.1999969482422,146.47000122070312,145.94000244140625,146.0800018310547,110.15904998779297,12968,0.0,0.0,0.0
2018-01-29,146.0,146.19000244140625,145.82000732421875,146.13999938964844,110.20429229736328,30115,0.0,0.0,0.0
2018-01-30,145.88999938964844,146.4600067138672,145.77000427246094,145.9600067138672,110.06855010986328,36736,0.0,0.0,0.0
2018-01-31,146.0399932861328,146.14999389648438,145.55999755859375,145.55999755859375,109.76689910888672,24472,0.0,0.0,0.0
2018-02-01,145.3000030517578,145.5,145.0,145.38999938964844,109.63867950439453,26375,0.0,0.0,0.0
2018-02-02,145.1300048828125,145.1300048828125,144.4499969482422,144.69000244140625,109.11083984375,15293,0.0,0.0,0.0
2018-02-05,144.6199951171875,144.8300018310547,144.39999389648438,144.47999572753906,108.95246124267578,12781,0.0,0.0,0.0
2018-02-06,144.10000610351562,145.07000732421875,143.9199981689453,144.25,108.77903747558594,28664,0.0,0.0,0.0
2018-02-07,144.4499969482422,144.4600067138672,144.00999450683594,144.02999877929688,108.6131362915039,38131,0.0,0.0,0.0
2018-02-08,144.02999877929688,144.25999450683594,142.97999572753906,143.27000427246094,108.0400390625,118001,0.0,0.0,0.0
2018-02-09,143.52000427246094,143.72000122070312,142.94000244140625,143.10000610351562,107.91178894042969,33948,0.0,0.0,0.0
2018-02-12,143.14999389648438,143.24000549316406,142.82000732421875,142.91000366210938,107.7685317993164,22934,0.0,0.0,0.0
2018-02-13,142.91000366210938,143.1999969482422,141.97000122070312,142.33999633789062,107.33866882324219,21467,0.0,0.0,0.0
2018-02-14,142.33999633789062,142.47000122070312,141.75999450683594,141.75999450683594,106.90132141113281,7126,0.0,0.0,0.0
2018-02-15,141.82000732421875,142.27000427246094,141.35000610351562,142.14999389648438,107.1954116821289,26053,0.0,0.0,0.0
2018-02-16,142.47999572753906,143.3300018310547,142.27999877929688,143.3300018310547,108.08528137207031,56444,0.0,0.0,0.0
2018-02-19,143.33999633789062,143.33999633789062,143.0399932861328,143.08999633789062,107.90428161621094,24821,0.0,0.0,0.0
2018-02-20,143.13999938964844,143.25,142.75999450683594,143.11500549316406,107.92314910888672,27849,0.0,0.0,0.0
2018-02-21,143.57000732421875,143.60000610351562,143.08999633789062,143.35000610351562,108.10035705566406,15143,0.0,0.0,0.0
2018-02-22,143.16000366210938,143.32000732421875,143.13999938964844,143.3000030517578,108.06263732910156,25489,0.0,0.0,0.0
2018-02-23,143.27000427246094,143.4499969482422,143.13999938964844,143.3000030517578,108.06263732910156,11664,0.0,0.0,0.0
2018-02-26,142.97000122070312,143.5500030517578,142.92999267578125,143.39999389648438,108.13805389404297,18915,0.0,0.0,0.0
2018-02-27,143.22000122070312,143.60000610351562,142.72999572753906,143.0800018310547,107.89673614501953,34305,0.0,0.0,0.0
2018-02-28,142.77999877929688,143.67999267578125,142.77999877929688,143.67999267578125,108.34919738769531,22398,0.0,0.0,0.0
2018-03-01,143.77999877929688,144.22000122070312,143.74000549316406,143.92999267578125,108.53770446777344,18530,0.0,0.0,0.0
2018-03-02,144.25,144.3000030517578,143.5399932861328,143.5399932861328,108.24358367919922,26853,0.0,0.0,0.0
2018-03-05,144.27000427246094,144.27000427246094,143.1999969482422,143.1999969482422,107.98724365234375,12709,0.0,0.0,0.0
2018-03-06,143.22000122070312,143.22000122070312,142.52000427246094,143.00999450683594,107.84393310546875,7820,0.0,0.0,0.0
2018-03-07,143.16000366210938,143.50999450683594,143.07000732421875,143.4499969482422,108.1757583618164,15088,0.0,0.0,0.0
2018-03-08,143.5500030517578,143.89999389648438,143.19000244140625,143.89999389648438,108.51509094238281,25512,0.0,0.0,0.0
2018-03-09,143.63999938964844,143.6699981689453,143.3000030517578,143.5050048828125,108.21724700927734,11171,0.0,0.0,0.0
2018-03-12,143.5,143.7100067138672,143.25,143.5,108.21344757080078,10124,0.0,0.0,0.0
2018-03-13,143.44000244140625,143.8699951171875,143.38999938964844,143.75,108.40198516845703,12282,0.0,0.0,0.0
2018-03-14,143.9199981689453,144.10000610351562,143.61000061035156,144.08999633789062,108.65839385986328,11642,0.0,0.0,0.0
2018-03-15,143.0,143.25,142.72999572753906,142.85000610351562,108.4268569946289,30921,0.935,0.0,0.0
2018-03-16,143.0800018310547,143.14999389648438,142.58999633789062,142.94500732421875,108.49897003173828,5735,0.0,0.0,0.0
2018-03-19,142.8000030517578,142.85000610351562,142.02000427246094,142.83999633789062,108.4192886352539,23035,0.0,0.0,0.0
2018-03-20,142.17999267578125,142.8000030517578,142.1699981689453,142.1699981689453,107.9107437133789,22670,0.0,0.0,0.0
2018-03-21,142.0500030517578,142.25999450683594,141.41000366210938,141.84500122070312,107.66405487060547,5684,0.0,0.0,0.0
2018-03-22,141.8000030517578,143.02000427246094,141.8000030517578,142.8000030517578,108.38890838623047,39479,0.0,0.0,0.0
2018-03-23,143.52999877929688,143.52999877929688,141.75999450683594,142.24000549316406,107.96383666992188,12948,0.0,0.0,0.0
2018-03-26,141.38999938964844,142.4499969482422,141.38999938964844,142.4499969482422,108.12324523925781,6541,0.0,0.0,0.0
2018-03-27,142.4499969482422,142.88999938964844,142.14999389648438,142.75,108.3509521484375,25303,0.0,0.0,0.0
2018-03-28,143.14999389648438,143.24000549316406,142.83999633789062,143.13999938964844,108.64701080322266,41249,0.0,0.0,0.0
2018-03-29,142.89999389648438,143.42999267578125,142.85000610351562,143.16000366210938,108.66216278076172,14070,0.0,0.0,0.0
2018-04-03,143.75999450683594,143.75999450683594,143.0500030517578,143.24000549316406,108.72289276123047,55588,0.0,0.0,0.0
2018-04-04,143.35000610351562,143.4600067138672,142.7899932861328,142.81500244140625,108.40031433105469,20414,0.0,0.0,0.0
2018-04-05,142.80999755859375,142.80999755859375,142.3000030517578,142.5500030517578,108.19916534423828,17224,0.0,0.0,0.0
2018-04-06,142.58999633789062,143.0,142.50999450683594,142.77000427246094,108.36617279052734,8642,0.0,0.0,0.0
2018-04-09,142.60000610351562,142.92999267578125,142.49000549316406,142.6999969482422,108.31304168701172,64373,0.0,0.0,0.0
2018-04-10,142.8000030517578,142.8699951171875,142.35000610351562,142.75,108.3509521484375,34723,0.0,0.0,0.0
2018-04-11,142.77000427246094,143.38999938964844,142.6300048828125,143.10000610351562,108.61660766601562,14839,0.0,0.0,0.0
2018-04-12,142.8699951171875,143.2899932861328,142.5,142.60000610351562,108.23712158203125,22909,0.0,0.0,0.0
2018-04-13,142.85000610351562,142.8699951171875,142.33999633789062,142.83999633789062,108.4192886352539,29503,0.0,0.0,0.0
2018-04-16,142.35000610351562,142.77000427246094,142.2100067138672,142.6199951171875,108.25228881835938,7607,0.0,0.0,0.0
2018-04-17,142.5399932861328,143.11000061035156,142.41000366210938,142.9199981689453,108.48001098632812,16586,0.0,0.0,0.0
2018-04-18,143.3000030517578,143.97000122070312,143.07000732421875,143.41000366210938,108.8519515991211,89802,0.0,0.0,0.0
2018-04-19,143.36000061035156,143.36000061035156,142.33999633789062,142.4600067138672,108.13084411621094,31914,0.0,0.0,0.0
2018-04-20,142.99000549316406,143.0,142.1999969482422,142.64999389648438,108.27503204345703,55415,0.0,0.0,0.0
2018-04-23,142.44000244140625,142.44000244140625,141.88999938964844,142.02000427246094,107.79685974121094,13461,0.0,0.0,0.0
2018-04-24,142.3699951171875,142.3699951171875,141.7100067138672,141.92999267578125,107.72856903076172,13079,0.0,0.0,0.0
2018-04-25,141.32000732421875,141.94000244140625,141.32000732421875,141.94000244140625,107.73616027832031,25144,0.0,0.0,0.0
2018-04-26,142.0500030517578,142.52000427246094,141.97999572753906,142.35000610351562,108.04737091064453,35494,0.0,0.0,0.0
2018-04-27,142.42999267578125,143.22999572753906,142.42999267578125,143.17999267578125,108.67731475830078,301937,0.0,0.0,0.0
2018-04-30,142.5,143.4499969482422,142.5,143.4499969482422,108.88227844238281,7370,0.0,0.0,0.0
2018-05-01,143.25,143.5500030517578,143.25,143.52999877929688,108.94300079345703,19054,0.0,0.0,0.0
2018-05-02,143.0399932861328,143.36000061035156,142.6999969482422,142.91000366210938,108.47240447998047,13619,0.0,0.0,0.0
2018-05-03,142.72000122070312,143.6699981689453,142.64999389648438,143.6699981689453,109.04928588867188,11303,0.0,0.0,0.0
2018-05-04,143.55999755859375,143.6999969482422,143.2899932861328,143.3000030517578,108.7684326171875,14804,0.0,0.0,0.0
2018-05-08,143.3699951171875,143.3699951171875,142.5399932861328,142.8300018310547,108.41170501708984,16747,0.0,0.0,0.0
2018-05-09,142.27000427246094,142.72999572753906,142.22999572753906,142.52000427246094,108.1763687133789,19202,0.0,0.0,0.0
2018-05-10,142.8000030517578,143.1699981689453,142.39999389648438,143.0399932861328,108.57108306884766,16456,0.0,0.0,0.0
2018-05-11,142.86000061035156,143.07000732421875,142.61000061035156,142.8699951171875,108.44202423095703,26550,0.0,0.0,0.0
2018-05-14,142.6999969482422,142.6999969482422,142.27000427246094,142.63999938964844,108.26748657226562,231468,0.0,0.0,0.0
2018-05-15,142.1999969482422,142.72000122070312,142.0800018310547,142.16000366210938,107.90314483642578,17063,0.0,0.0,0.0
2018-05-16,142.5,142.60000610351562,141.99000549316406,142.1699981689453,107.9107437133789,62908,0.0,0.0,0.0
2018-05-17,141.80999755859375,142.33999633789062,141.47999572753906,141.7100067138672,107.56159973144531,11983,0.0,0.0,0.0
2018-05-18,141.97000122070312,142.13999938964844,141.66000366210938,142.13999938964844,107.88794708251953,23789,0.0,0.0,0.0
2018-05-21,142.32000732421875,142.41000366210938,141.9499969482422,142.35000610351562,108.04737091064453,11848,0.0,0.0,0.0
2018-05-22,141.6699981689453,141.89999389648438,141.3699951171875,141.3699951171875,107.30349731445312,31837,0.0,0.0,0.0
2018-05-23,141.5500030517578,142.1300048828125,141.5500030517578,141.91000366210938,107.71337127685547,28391,0.0,0.0,0.0
2018-05-24,141.97999572753906,142.41000366210938,141.75,142.19000244140625,107.92591857910156,17814,0.0,0.0,0.0
2018-05-25,142.22999572753906,143.05999755859375,142.16000366210938,142.5399932861328,108.19156646728516,5672,0.0,0.0,0.0
2018-05-29,141.74000549316406,144.5800018310547,141.74000549316406,143.05999755859375,108.58628845214844,14631,0.0,0.0,0.0
2018-05-30,142.27000427246094,142.9499969482422,142.27000427246094,142.32000732421875,108.02457427978516,18276,0.0,0.0,0.0
2018-05-31,141.8800048828125,143.1999969482422,141.8800048828125,143.00999450683594,108.54830932617188,55447,0.0,0.0,0.0
2018-06-01,142.6999969482422,143.08999633789062,142.6300048828125,143.05999755859375,108.58628845214844,26889,0.0,0.0,0.0
2018-06-04,142.42999267578125,143.1699981689453,142.42999267578125,143.05999755859375,108.58628845214844,24238,0.0,0.0,0.0
2018-06-05,143.10000610351562,143.5500030517578,142.94000244140625,143.3000030517578,108.7684326171875,17539,0.0,0.0,0.0
2018-06-06,142.8000030517578,142.86000061035156,142.02000427246094,142.11000061035156,107.86520385742188,27879,0.0,0.0,0.0
2018-06-07,141.91000366210938,142.14999389648438,141.64999389648438,141.9199981689453,107.72096252441406,39392,0.0,0.0,0.0
2018-06-08,142.5800018310547,142.94000244140625,141.85000610351562,142.07000732421875,107.83482360839844,8255,0.0,0.0,0.0
2018-06-11,142.25999450683594,142.25999450683594,141.72000122070312,142.0500030517578,107.81966400146484,7616,0.0,0.0,0.0
2018-06-12,141.52999877929688,142.16000366210938,141.52999877929688,142.0500030517578,107.81966400146484,14430,0.0,0.0,0.0
2018-06-13,141.82000732421875,142.7899932861328,141.82000732421875,142.47999572753906,108.1460189819336,47813,0.0,0.0,0.0
2018-06-14,141.61000061035156,142.38999938964844,141.52999877929688,142.3699951171875,108.813720703125,12190,0.9836,0.0,0.0
2018-06-15,142.50999450683594,142.89999389648438,142.19000244140625,142.35499572753906,108.80224609375,26040,0.0,0.0,0.0
2018-06-18,142.58999633789062,142.63999938964844,142.13999938964844,142.13999938964844,108.63792419433594,17552,0.0,0.0,0.0
2018-06-19,142.3800048828125,142.8699951171875,142.36000061035156,142.4499969482422,108.87486267089844,8224,0.0,0.0,0.0
2018-06-20,142.5800018310547,142.91000366210938,142.16000366210938,142.4600067138672,108.88252258300781,28679,0.0,0.0,0.0
2018-06-21,143.0800018310547,143.0800018310547,141.5399932861328,142.38999938964844,108.82902526855469,69207,0.0,0.0,0.0
2018-06-22,142.38999938964844,142.38999938964844,141.88999938964844,142.1199951171875,108.62265014648438,11050,0.0,0.0,0.0
2018-06-25,141.72000122070312,142.89999389648438,141.72000122070312,142.00999450683594,108.53858947753906,15298,0.0,0.0,0.0
2018-06-26,141.9499969482422,142.13999938964844,141.67999267578125,141.94000244140625,108.48507690429688,12679,0.0,0.0,0.0
2018-06-27,141.6999969482422,142.10000610351562,141.6999969482422,141.97999572753906,108.51560974121094,33309,0.0,0.0,0.0
2018-06-28,142.11000061035156,142.22000122070312,141.8699951171875,141.8699951171875,108.43156433105469,11034,0.0,0.0,0.0
2018-06-29,140.91000366210938,141.85000610351562,140.89999389648438,141.5500030517578,108.18701934814453,38455,0.0,0.0,0.0
2018-07-02,141.77999877929688,141.77999877929688,141.41000366210938,141.60499572753906,108.22901153564453,12318,0.0,0.0,0.0
2018-07-03,141.0399932861328,142.00999450683594,141.0399932861328,142.00999450683594,108.53858947753906,6558,0.0,0.0,0.0
2018-07-04,141.1999969482422,141.77000427246094,141.1999969482422,141.47500610351562,108.12965393066406,8089,0.0,0.0,0.0
2018-07-05,141.5,141.97000122070312,141.2899932861328,141.90499877929688,108.45832061767578,16859,0.0,0.0,0.0
2018-07-06,141.5800018310547,142.08999633789062,141.5800018310547,141.89500427246094,108.45066833496094,2837,0.0,0.0,0.0
2018-07-09,141.66000366210938,142.0800018310547,141.44000244140625,142.0800018310547,108.59207153320312,58288,0.0,0.0,0.0
2018-07-10,141.86000061035156,142.1300048828125,141.6999969482422,141.9499969482422,108.49268341064453,14983,0.0,0.0,0.0
2018-07-11,141.91000366210938,142.10000610351562,141.6199951171875,141.77000427246094,108.35514068603516,9650,0.0,0.0,0.0
2018-07-12,142.11000061035156,142.3000030517578,141.7100067138672,142.25,108.72200775146484,18905,0.0,0.0,0.0
2018-07-13,142.3000030517578,142.5800018310547,142.19000244140625,142.35000610351562,108.7984390258789,35053,0.0,0.0,0.0
2018-07-16,141.8699951171875,142.67979431152344,141.8699951171875,142.14999389648438,108.64556121826172,9968,0.0,0.0,0.0
2018-07-17,142.30999755859375,142.6300048828125,142.11000061035156,142.5500030517578,108.9512939453125,24013,0.0,0.0,0.0
2018-07-18,142.83999633789062,143.0800018310547,142.5,142.83999633789062,109.1729507446289,29276,0.0,0.0,0.0
2018-07-19,142.67999267578125,143.08999633789062,142.52000427246094,142.9600067138672,109.26466369628906,40235,0.0,0.0,0.0
2018-07-20,143.1199951171875,143.1199951171875,142.32000732421875,142.32000732421875,108.77549743652344,10178,0.0,0.0,0.0
2018-07-23,142.39999389648438,142.63999938964844,142.1199951171875,142.1199951171875,108.62265014648438,10578,0.0,0.0,0.0
2018-07-24,142.1199951171875,142.36000061035156,141.85000610351562,142.36000061035156,108.80606842041016,19398,0.0,0.0,0.0
2018-07-25,142.5,142.5,142.13999938964844,142.41000366210938,108.84429168701172,8491,0.0,0.0,0.0
2018-07-26,142.2100067138672,142.36000061035156,142.0800018310547,142.1300048828125,108.6302719116211,22977,0.0,0.0,0.0
2018-07-27,142.1300048828125,142.3300018310547,142.0,142.22000122070312,108.69908905029297,10806,0.0,0.0,0.0
2018-07-30,142.07000732421875,142.13999938964844,141.5,141.6199951171875,108.24051666259766,12830,0.0,0.0,0.0
2018-07-31,142.3300018310547,142.3300018310547,141.64999389648438,142.02000427246094,108.54620361328125,8219,0.0,0.0,0.0
2018-08-01,142.0,142.0,141.5399932861328,141.77999877929688,108.36278533935547,8104,0.0,0.0,0.0
2018-08-02,141.69000244140625,141.97000122070312,141.5500030517578,141.76499938964844,108.35132598876953,22033,0.0,0.0,0.0
2018-08-03,142.22000122070312,142.4600067138672,141.86000061035156,142.4600067138672,108.88252258300781,5445,0.0,0.0,0.0
2018-08-06,142.3000030517578,142.97999572753906,142.3000030517578,142.89999389648438,109.21882629394531,10312,0.0,0.0,0.0
2018-08-07,142.6699981689453,142.97999572753906,142.50999450683594,142.77999877929688,109.12709045410156,14094,0.0,0.0,0.0
2018-08-08,142.61000061035156,142.92999267578125,142.58999633789062,142.78500366210938,109.13088989257812,24713,0.0,0.0,0.0
2018-08-09,142.6999969482422,143.22999572753906,142.50999450683594,142.90499877929688,109.22261810302734,8164,0.0,0.0,0.0
2018-08-10,143.1999969482422,143.47999572753906,142.91000366210938,143.39999389648438,109.60096740722656,16553,0.0,0.0,0.0
2018-08-13,143.50999450683594,143.50999450683594,142.86000061035156,142.98500061035156,109.28376007080078,11937,0.0,0.0,0.0
2018-08-14,143.27000427246094,143.27000427246094,142.86000061035156,142.97999572753906,109.27995300292969,14331,0.0,0.0,0.0
2018-08-15,143.0,143.75,142.94000244140625,143.66000366210938,109.79969787597656,9516,0.0,0.0,0.0
2018-08-16,143.17999267578125,143.6300048828125,143.17999267578125,143.38999938964844,109.59329986572266,12116,0.0,0.0,0.0
2018-08-17,143.61000061035156,143.85000610351562,143.30999755859375,143.30999755859375,109.53217315673828,6122,0.0,0.0,0.0
2018-08-20,142.88999938964844,143.6699981689453,142.88999938964844,143.4499969482422,109.63916015625,14769,0.0,0.0,0.0
2018-08-21,143.2100067138672,143.47999572753906,143.0,143.27000427246094,109.50162506103516,8863,0.0,0.0,0.0
2018-08-22,143.08999633789062,143.4499969482422,143.0,143.2100067138672,109.45573425292969,9961,0.0,0.0,0.0
2018-08-23,143.2100067138672,143.3800048828125,142.91000366210938,143.25,109.48631286621094,20360,0.0,0.0,0.0
2018-08-24,143.27999877929688,143.27999877929688,142.89999389648438,143.0500030517578,109.33342742919922,20172,0.0,0.0,0.0
2018-08-28,142.72999572753906,143.0500030517578,142.52000427246094,142.8800048828125,109.20352172851562,15015,0.0,0.0,0.0
2018-08-29,142.6300048828125,142.94000244140625,142.16000366210938,142.27499389648438,108.74110412597656,14665,0.0,0.0,0.0
2018-08-30,142.14999389648438,142.72999572753906,142.14999389648438,142.55999755859375,108.95894622802734,10567,0.0,0.0,0.0
2018-08-31,142.6999969482422,143.0500030517578,142.5,142.9199981689453,109.23411560058594,8648,0.0,0.0,0.0
2018-09-03,142.9199981689453,143.2899932861328,142.6300048828125,142.9499969482422,109.25704193115234,11766,0.0,0.0,0.0
2018-09-04,142.86000061035156,143.22999572753906,142.6199951171875,142.7899932861328,109.13471221923828,38939,0.0,0.0,0.0
2018-09-05,142.55999755859375,142.8699951171875,141.74000549316406,142.14999389648438,108.64556121826172,42186,0.0,0.0,0.0
2018-09-06,142.5,142.58999633789062,142.10000610351562,142.41000366210938,108.84429168701172,30524,0.0,0.0,0.0
2018-09-07,142.55999755859375,142.60000610351562,142.10000610351562,142.13999938964844,108.63792419433594,18299,0.0,0.0,0.0
2018-09-10,142.1699981689453,142.38999938964844,141.92999267578125,142.1699981689453,108.6608657836914,12693,0.0,0.0,0.0
2018-09-11,141.85000610351562,142.10000610351562,141.6999969482422,142.0500030517578,108.56915283203125,18175,0.0,0.0,0.0
2018-09-12,141.52000427246094,142.17999267578125,141.52000427246094,142.0500030517578,108.56915283203125,50205,0.0,0.0,0.0
2018-09-13,141.02999877929688,141.13999938964844,140.6300048828125,141.0,108.4950180053711,8938,0.9537,0.0,0.0
2018-09-14,140.74000549316406,140.77999877929688,140.5,140.61000061035156,108.19493103027344,8249,0.0,0.0,0.0
2018-09-17,140.5800018310547,140.88999938964844,140.5500030517578,140.85000610351562,108.37964630126953,23554,0.0,0.0,0.0
2018-09-18,140.5500030517578,140.94000244140625,140.14999389648438,140.2550048828125,107.92182922363281,37947,0.0,0.0,0.0
2018-09-19,140.35000610351562,140.35000610351562,139.66000366210938,139.8249969482422,107.59091186523438,11110,0.0,0.0,0.0
2018-09-20,139.75999450683594,140.27999877929688,139.63999938964844,139.97000122070312,107.70250701904297,17417,0.0,0.0,0.0
2018-09-21,140.22999572753906,140.77000427246094,140.0500030517578,140.63999938964844,108.21805572509766,9765,0.0,0.0,0.0
2018-09-24,140.42999267578125,140.64999389648438,139.66000366210938,139.66000366210938,107.4639663696289,39768,0.0,0.0,0.0
2018-09-25,139.82000732421875,139.85000610351562,139.4499969482422,139.55999755859375,107.38701629638672,121832,0.0,0.0,0.0
2018-09-26,139.6199951171875,139.92999267578125,139.6199951171875,139.9199981689453,107.66403198242188,15400,0.0,0.0,0.0
2018-09-27,140.25999450683594,140.58999633789062,139.92999267578125,140.0,107.72557830810547,12048,0.0,0.0,0.0
2018-09-28,140.3800048828125,140.58999633789062,140.16000366210938,140.39999389648438,108.0333480834961,28245,0.0,0.0,0.0
2018-10-01,140.10000610351562,140.35000610351562,139.94000244140625,140.28500366210938,107.94488525390625,97150,0.0,0.0,0.0
2018-10-02,140.35000610351562,140.82000732421875,140.35000610351562,140.82000732421875,108.35651397705078,11238,0.0,0.0,0.0
2018-10-03,140.32000732421875,140.8000030517578,140.27000427246094,140.27000427246094,107.93334197998047,45802,0.0,0.0,0.0
2018-10-04,140.02000427246094,140.02999877929688,139.5500030517578,139.625,107.43702697753906,116395,0.0,0.0,0.0
2018-10-05,139.3699951171875,139.6699981689453,139.24000549316406,139.24000549316406,107.14079284667969,20285,0.0,0.0,0.0
2018-10-08,139.3800048828125,139.64999389648438,139.27000427246094,139.5,107.3408203125,6926,0.0,0.0,0.0
2018-10-09,139.13999938964844,139.58999633789062,138.97999572753906,139.19000244140625,107.1023178100586,28291,0.0,0.0,0.0
2018-10-10,138.8699951171875,138.9600067138672,138.6199951171875,138.8699951171875,106.85608673095703,23930,0.0,0.0,0.0
2018-10-11,139.2899932861328,139.2899932861328,138.7100067138672,138.9199981689453,106.8945541381836,25857,0.0,0.0,0.0
2018-10-12,138.77000427246094,139.5800018310547,138.77000427246094,139.3699951171875,107.24079132080078,65187,0.0,0.0,0.0
2018-10-15,139.3699951171875,139.7899932861328,139.3699951171875,139.4600067138672,107.31011199951172,17405,0.0,0.0,0.0
2018-10-16,139.6199951171875,139.75999450683594,139.39999389648438,139.64999389648438,107.45624542236328,15400,0.0,0.0,0.0
2018-10-17,140.13999938964844,140.32000732421875,139.91000366210938,140.27000427246094,107.93334197998047,9499,0.0,0.0,0.0
2018-10-18,140.0800018310547,140.33999633789062,139.63999938964844,140.33999633789062,107.98721313476562,51718,0.0,0.0,0.0
2018-10-19,140.16000366210938,140.36000061035156,140.00999450683594,140.11000061035156,107.81021118164062,13827,0.0,0.0,0.0
2018-10-22,140.16000366210938,140.5500030517578,139.9499969482422,140.44000244140625,108.06413269042969,8870,0.0,0.0,0.0
2018-10-23,140.4499969482422,140.85000610351562,140.24000549316406,140.85000610351562,108.37964630126953,7358,0.0,0.0,0.0
2018-10-24,140.91000366210938,141.22999572753906,140.77000427246094,140.88999938964844,108.410400390625,45262,0.0,0.0,0.0
2018-10-25,140.8699951171875,140.9600067138672,140.5399932861328,140.58999633789062,108.1795425415039,9620,0.0,0.0,0.0
2018-10-26,140.94000244140625,141.47999572753906,140.94000244140625,141.2550048828125,108.69124603271484,32511,0.0,0.0,0.0
2018-10-29,141.69000244140625,141.69000244140625,140.91000366210938,141.08999633789062,108.56430053710938,45593,0.0,0.0,0.0
2018-10-30,141.08999633789062,141.3000030517578,140.75,141.02000427246094,108.51044464111328,9429,0.0,0.0,0.0
2018-10-31,140.9499969482422,141.14999389648438,140.61000061035156,140.78500366210938,108.3296127319336,17789,0.0,0.0,0.0
2018-11-01,140.6699981689453,140.77000427246094,140.22999572753906,140.55999755859375,108.1564712524414,28482,0.0,0.0,0.0
2018-11-02,140.75,140.75,140.25,140.35000610351562,107.99488067626953,27328,0.0,0.0,0.0
2018-11-05,140.4499969482422,140.52999877929688,140.22000122070312,140.52999877929688,108.13340759277344,8504,0.0,0.0,0.0
2018-11-06,140.35000610351562,140.52999877929688,140.02000427246094,140.02999877929688,107.74864196777344,20473,0.0,0.0,0.0
2018-11-07,139.9199981689453,140.39999389648438,139.9199981689453,140.17999267578125,107.86406707763672,24405,0.0,0.0,0.0
2018-11-08,140.0,140.24000549316406,139.72000122070312,139.9550018310547,107.69093322753906,20528,0.0,0.0,0.0
2018-11-09,140.08999633789062,140.61000061035156,140.0399932861328,140.48500061035156,108.0987548828125,6997,0.0,0.0,0.0
2018-11-12,140.63999938964844,140.97999572753906,140.52000427246094,140.66000366210938,108.23345184326172,9271,0.0,0.0,0.0
2018-11-13,140.67999267578125,140.67999267578125,139.3699951171875,139.48500061035156,107.32931518554688,10166,0.0,0.0,0.0
2018-11-14,139.86000061035156,140.0800018310547,139.13999938964844,139.36000061035156,107.23311614990234,14193,0.0,0.0,0.0
2018-11-15,139.88999938964844,139.97000122070312,139.05999755859375,139.0800018310547,107.01766204833984,46094,0.0,0.0,0.0
2018-11-16,139.33999633789062,139.35000610351562,138.3800048828125,138.42999267578125,106.51748657226562,17641,0.0,0.0,0.0
2018-11-19,138.75999450683594,138.8300018310547,138.35000610351562,138.77000427246094,106.77909851074219,40254,0.0,0.0,0.0
2018-11-20,138.16000366210938,138.16000366210938,137.64999389648438,137.97999572753906,106.1712417602539,17900,0.0,0.0,0.0
2018-11-21,137.99000549316406,138.49000549316406,137.80999755859375,138.1999969482422,106.34051513671875,36228,0.0,0.0,0.0
2018-11-22,138.2100067138672,138.5399932861328,138.08999633789062,138.33999633789062,106.4482421875,25963,0.0,0.0,0.0
2018-11-23,138.52999877929688,139.1300048828125,138.52999877929688,138.82000732421875,106.81763458251953,31808,0.0,0.0,0.0
2018-11-26,138.86000061035156,138.9199981689453,138.5500030517578,138.75,106.76374053955078,18398,0.0,0.0,0.0
2018-11-27,138.82000732421875,139.00999450683594,138.3000030517578,138.3000030517578,106.41748809814453,11556,0.0,0.0,0.0
2018-11-28,138.75999450683594,138.77000427246094,138.1999969482422,138.47000122070312,106.54830169677734,16990,0.0,0.0,0.0
2018-11-29,138.52000427246094,138.9499969482422,138.4199981689453,138.57000732421875,106.62523651123047,17754,0.0,0.0,0.0
2018-11-30,138.61000061035156,138.61000061035156,137.83999633789062,137.83999633789062,106.0634994506836,13794,0.0,0.0,0.0
2018-12-03,137.47000122070312,138.4600067138672,137.47000122070312,138.4600067138672,106.54059600830078,12574,0.0,0.0,0.0
2018-12-04,138.17999267578125,138.61000061035156,138.05999755859375,138.4550018310547,106.5367431640625,40573,0.0,0.0,0.0
2018-12-05,138.24000549316406,138.42999267578125,138.05999755859375,138.1199951171875,106.27898406982422,9931,0.0,0.0,0.0
2018-12-06,138.14999389648438,139.19000244140625,138.14999389648438,138.97999572753906,106.94072723388672,18133,0.0,0.0,0.0
2018-12-07,138.92999267578125,139.14999389648438,138.7100067138672,138.89999389648438,106.87915802001953,25909,0.0,0.0,0.0
2018-12-10,138.66000366210938,140.5500030517578,138.66000366210938,140.02000427246094,107.74097442626953,43821,0.0,0.0,0.0
2018-12-11,140.02000427246094,140.32000732421875,139.47999572753906,139.94000244140625,107.67939758300781,39963,0.0,0.0,0.0
2018-12-12,139.9199981689453,140.0399932861328,139.36000061035156,139.50999450683594,107.3485336303711,55478,0.0,0.0,0.0
2018-12-13,138.08999633789062,139.47999572753906,138.08999633789062,138.64999389648438,107.37393951416016,10753,0.8928,0.0,0.0
2018-12-14,138.72999572753906,139.49000549316406,138.72999572753906,139.16000366210938,107.7688980102539,12760,0.0,0.0,0.0
2018-12-17,139.5,139.52999877929688,138.9499969482422,139.39999389648438,107.95478057861328,13959,0.0,0.0,0.0
2018-12-18,139.5,139.9600067138672,138.9499969482422,139.2949981689453,107.8734130859375,12735,0.0,0.0,0.0
2018-12-19,139.5,139.72999572753906,139.3300018310547,139.7100067138672,108.19482421875,46354,0.0,0.0,0.0
2018-12-20,139.97999572753906,140.16000366210938,139.10000610351562,139.16000366210938,107.7688980102539,31762,0.0,0.0,0.0
2018-12-21,139.0800018310547,139.3000030517578,138.4600067138672,138.60499572753906,107.3390884399414,21446,0.0,0.0,0.0
2018-12-24,139.27999877929688,139.55999755859375,139.08999633789062,139.55999755859375,108.0786361694336,2048,0.0,0.0,0.0
2018-12-27,139.52000427246094,139.72999572753906,138.67999267578125,138.67999267578125,107.39717102050781,11013,0.0,0.0,0.0
2018-12-28,138.72999572753906,139.4600067138672,138.72999572753906,139.14999389648438,107.76114654541016,10531,0.0,0.0,0.0
2018-12-31,139.0399932861328,139.19000244140625,138.88999938964844,138.92999267578125,107.59073638916016,1841,0.0,0.0,0.0
2019-01-02,139.25,139.74000549316406,139.25,139.64999389648438,108.1483383178711,36935,0.0,0.0,0.0
2019-01-03,139.61000061035156,140.1699981689453,139.35000610351562,139.85000610351562,108.30323791503906,39393,0.0,0.0,0.0
2019-01-04,139.61000061035156,139.66000366210938,139.11000061035156,139.22500610351562,107.81924438476562,9613,0.0,0.0,0.0
2019-01-07,139.57000732421875,139.80999755859375,139.27000427246094,139.6199951171875,108.12511444091797,12162,0.0,0.0,0.0
2019-01-08,139.13999938964844,139.47000122070312,139.07000732421875,139.3300018310547,107.90055084228516,13880,0.0,0.0,0.0
2019-01-09,138.89999389648438,139.77000427246094,138.86000061035156,139.57000732421875,108.08641815185547,7104,0.0,0.0,0.0
2019-01-10,139.52999877929688,139.64999389648438,139.1699981689453,139.36500549316406,107.92766571044922,11217,0.0,0.0,0.0
2019-01-11,139.24000549316406,139.5800018310547,138.97000122070312,139.4199981689453,107.9702377319336,7642,0.0,0.0,0.0
2019-01-14,139.24000549316406,139.69000244140625,138.9499969482422,138.9499969482422,107.60626220703125,11271,0.0,0.0,0.0
2019-01-15,139.36000061035156,140.0399932861328,139.36000061035156,139.8699951171875,108.31871032714844,34047,0.0,0.0,0.0
2019-01-16,139.9600067138672,140.1199951171875,139.4499969482422,140.1199951171875,108.5123291015625,50995,0.0,0.0,0.0
2019-01-17,139.77999877929688,140.14999389648438,139.4199981689453,139.4199981689453,107.9702377319336,4422,0.0,0.0,0.0
2019-01-18,139.6999969482422,139.99000549316406,139.27999877929688,139.60000610351562,108.1096420288086,26706,0.0,0.0,0.0
2019-01-21,139.9499969482422,140.24000549316406,139.86000061035156,140.08999633789062,108.48912048339844,25264,0.0,0.0,0.0
2019-01-22,139.5,140.24000549316406,139.5,139.6999969482422,108.18710327148438,37420,0.0,0.0,0.0
2019-01-23,140.02000427246094,140.27999877929688,139.6699981689453,140.00999450683594,108.4271469116211,13092,0.0,0.0,0.0
2019-01-24,140.10000610351562,140.99000549316406,140.10000610351562,140.7899932861328,109.03119659423828,22648,0.0,0.0,0.0
2019-01-25,140.72000122070312,141.0399932861328,140.58999633789062,140.59500122070312,108.88018798828125,8720,0.0,0.0,0.0
2019-01-28,140.83999633789062,141.3000030517578,140.58999633789062,141.1199951171875,109.28675079345703,12814,0.0,0.0,0.0
2019-01-29,141.05999755859375,141.52000427246094,141.05999755859375,141.17999267578125,109.33323669433594,30785,0.0,0.0,0.0
2019-01-30,141.1300048828125,141.69000244140625,141.1300048828125,141.5500030517578,109.61975860595703,25340,0.0,0.0,0.0
2019-01-31,141.74000549316406,142.4600067138672,141.74000549316406,142.27499389648438,110.18122100830078,16652,0.0,0.0,0.0
2019-02-01,142.47999572753906,142.47999572753906,141.9199981689453,141.94000244140625,109.92179107666016,7709,0.0,0.0,0.0
2019-02-04,141.97999572753906,142.14999389648438,141.52000427246094,141.74000549316406,109.76689910888672,8848,0.0,0.0,0.0
2019-02-05,141.60000610351562,142.60000610351562,141.60000610351562,142.60000610351562,110.43292999267578,7335,0.0,0.0,0.0
2019-02-06,142.2899932861328,142.60000610351562,142.25,142.5,110.3554458618164,29177,0.0,0.0,0.0
2019-02-07,142.80999755859375,142.99000549316406,142.5800018310547,142.80499267578125,110.59165954589844,5563,0.0,0.0,0.0
2019-02-08,142.6999969482422,143.10000610351562,142.6999969482422,142.9199981689453,110.68070983886719,24043,0.0,0.0,0.0
2019-02-11,142.94000244140625,142.94000244140625,142.57000732421875,142.8800048828125,110.64974975585938,16802,0.0,0.0,0.0
2019-02-12,142.66000366210938,142.91000366210938,142.5800018310547,142.5800018310547,110.41741180419922,16645,0.0,0.0,0.0
2019-02-13,142.52000427246094,143.02999877929688,142.4600067138672,142.77499389648438,110.56842041015625,18875,0.0,0.0,0.0
2019-02-14,142.82000732421875,143.33999633789062,142.8000030517578,143.0800018310547,110.80463409423828,6025,0.0,0.0,0.0
2019-02-15,142.89999389648438,143.2899932861328,142.8000030517578,142.9499969482422,110.70397186279297,16585,0.0,0.0,0.0
2019-02-18,143.0,143.22999572753906,142.86000061035156,143.19000244140625,110.88982391357422,17721,0.0,0.0,0.0
2019-02-19,143.2100067138672,143.3000030517578,142.9199981689453,142.92999267578125,110.68846130371094,7739,0.0,0.0,0.0
2019-02-20,143.1300048828125,143.27999877929688,142.83999633789062,142.97999572753906,110.72721099853516,11841,0.0,0.0,0.0
2019-02-21,142.8000030517578,143.00999450683594,142.58999633789062,142.76499938964844,110.56066131591797,17153,0.0,0.0,0.0
2019-02-22,142.86000061035156,143.30999755859375,142.86000061035156,143.1699981689453,110.87434387207031,54834,0.0,0.0,0.0
2019-02-25,143.14999389648438,143.2100067138672,142.9499969482422,143.1699981689453,110.87434387207031,14411,0.0,0.0,0.0
2019-02-26,143.08999633789062,143.1999969482422,142.63999938964844,142.85000610351562,110.62654113769531,103131,0.0,0.0,0.0
2019-02-27,142.77999877929688,143.14999389648438,142.16000366210938,142.42999267578125,110.3012466430664,50795,0.0,0.0,0.0
2019-02-28,142.6999969482422,142.6999969482422,142.2100067138672,142.2100067138672,110.13087463378906,49326,0.0,0.0,0.0
2019-03-01,142.27000427246094,142.7899932861328,142.27000427246094,142.7899932861328,110.58002471923828,41534,0.0,0.0,0.0
2019-03-04,142.85000610351562,143.08999633789062,142.47000122070312,142.94000244140625,110.69621276855469,16138,0.0,0.0,0.0
2019-03-05,143.1199951171875,143.27000427246094,142.80999755859375,143.1699981689453,110.87434387207031,13361,0.0,0.0,0.0
2019-03-06,143.00999450683594,143.69000244140625,142.9600067138672,143.69000244140625,111.27703857421875,10545,0.0,0.0,0.0
2019-03-07,143.4600067138672,144.32000732421875,143.3800048828125,144.02999877929688,111.54035186767578,22448,0.0,0.0,0.0
2019-03-08,142.9499969482422,143.97999572753906,142.9499969482422,143.69000244140625,111.27703857421875,9779,0.0,0.0,0.0
2019-03-11,143.10000610351562,144.0500030517578,143.10000610351562,144.02000427246094,111.5325698852539,15461,0.0,0.0,0.0
2019-03-12,143.50999450683594,144.22000122070312,143.4199981689453,143.97999572753906,111.50163269042969,28545,0.0,0.0,0.0
2019-03-13,144.13999938964844,144.13999938964844,143.6699981689453,143.80999755859375,111.36992645263672,27016,0.0,0.0,0.0
2019-03-14,142.13999938964844,143.10000610351562,142.13999938964844,142.72000122070312,111.2432861328125,13458,0.9275,0.0,0.0
2019-03-15,142.86000061035156,143.5500030517578,142.86000061035156,143.26499938964844,111.66808319091797,12836,0.0,0.0,0.0
2019-03-18,143.2899932861328,143.77000427246094,143.27999877929688,143.60000610351562,111.92922973632812,22758,0.0,0.0,0.0
2019-03-19,143.58999633789062,143.92999267578125,143.27999877929688,143.63999938964844,111.96038055419922,15702,0.0,0.0,0.0
2019-03-20,144.14999389648438,144.33999633789062,143.9199981689453,144.19000244140625,112.38910675048828,41288,0.0,0.0,0.0
2019-03-21,144.52000427246094,145.13999938964844,144.52000427246094,144.96499633789062,112.99317169189453,57179,0.0,0.0,0.0
2019-03-22,144.83999633789062,145.22000122070312,144.83999633789062,145.16000366210938,113.14514923095703,33078,0.0,0.0,0.0
2019-03-25,144.9199981689453,145.42999267578125,144.7899932861328,145.22000122070312,113.19193267822266,38987,0.0,0.0,0.0
2019-03-26,145.10000610351562,145.30999755859375,144.9199981689453,145.0749969482422,113.0788803100586,11547,0.0,0.0,0.0
2019-03-27,144.3000030517578,145.55999755859375,144.3000030517578,145.05999755859375,113.06723022460938,15605,0.0,0.0,0.0
2019-03-28,144.89999389648438,145.52999877929688,144.8800048828125,145.00999450683594,113.02825164794922,118324,0.0,0.0,0.0
2019-03-29,145.24000549316406,145.6199951171875,144.97000122070312,145.14999389648438,113.1373519897461,88614,0.0,0.0,0.0
2019-04-01,145.0399932861328,145.60000610351562,145.0399932861328,145.33999633789062,113.28546142578125,13171,0.0,0.0,0.0
2019-04-02,145.41000366210938,145.83999633789062,145.00999450683594,145.5399932861328,113.44136047363281,32337,0.0,0.0,0.0
2019-04-03,145.5500030517578,145.5500030517578,144.67999267578125,144.67999267578125,112.77100372314453,24970,0.0,0.0,0.0
2019-04-04,144.52999877929688,145.0,144.52999877929688,144.7100067138672,112.7944107055664,10264,0.0,0.0,0.0
2019-04-05,144.9499969482422,144.9499969482422,144.02999877929688,144.38999938964844,112.54497528076172,27464,0.0,0.0,0.0
2019-04-08,144.3000030517578,144.72999572753906,144.3000030517578,144.72999572753906,112.81000518798828,16503,0.0,0.0,0.0
2019-04-09,144.82000732421875,145.00999450683594,144.36000061035156,145.00999450683594,113.02825164794922,14791,0.0,0.0,0.0
2019-04-10,144.55999755859375,145.0800018310547,144.4600067138672,144.7899932861328,112.85679626464844,14715,0.0,0.0,0.0
2019-04-11,144.83999633789062,145.00999450683594,144.44000244140625,144.55499267578125,112.67362213134766,31951,0.0,0.0,0.0
2019-04-12,144.86000061035156,144.86000061035156,144.11000061035156,144.3000030517578,112.47483825683594,17512,0.0,0.0,0.0
2019-04-15,144.32000732421875,144.47000122070312,143.91000366210938,144.25999450683594,112.44367218017578,13023,0.0,0.0,0.0
2019-04-16,144.30999755859375,144.69000244140625,144.3000030517578,144.6300048828125,112.73201751708984,13800,0.0,0.0,0.0
2019-04-17,144.25999450683594,144.61000061035156,144.25999450683594,144.61000061035156,112.71646118164062,15041,0.0,0.0,0.0
2019-04-18,144.82000732421875,145.02999877929688,144.6300048828125,144.9600067138672,112.9892807006836,12095,0.0,0.0,0.0
2019-04-23,144.7899932861328,145.0,144.69000244140625,144.7550048828125,112.82950592041016,18303,0.0,0.0,0.0
2019-04-24,144.75,145.33999633789062,144.75,145.23500061035156,113.20362854003906,13110,0.0,0.0,0.0
2019-04-25,145.0399932861328,145.5399932861328,145.0399932861328,145.46499633789062,113.38290405273438,14775,0.0,0.0,0.0
2019-04-26,145.66000366210938,145.77999877929688,145.42999267578125,145.72999572753906,113.58944702148438,24189,0.0,0.0,0.0
2019-04-29,145.6699981689453,145.6699981689453,145.17999267578125,145.55999755859375,113.45694732666016,31228,0.0,0.0,0.0
2019-04-30,145.72000122070312,145.72000122070312,144.92999267578125,145.1999969482422,113.17631530761719,24442,0.0,0.0,0.0
2019-05-01,145.77000427246094,145.80999755859375,145.2899932861328,145.72999572753906,113.58944702148438,29488,0.0,0.0,0.0
2019-05-02,145.2100067138672,145.75,145.2100067138672,145.22999572753906,113.19973754882812,28840,0.0,0.0,0.0
2019-05-03,145.1699981689453,145.5800018310547,144.9499969482422,145.0749969482422,113.0788803100586,32445,0.0,0.0,0.0
2019-05-07,144.83999633789062,145.47999572753906,144.83999633789062,145.25999450683594,113.22307586669922,15516,0.0,0.0,0.0
2019-05-08,145.22999572753906,145.67999267578125,145.14999389648438,145.30999755859375,113.2620620727539,38367,0.0,0.0,0.0
2019-05-09,145.49000549316406,145.52000427246094,144.75,144.75,112.82557678222656,48202,0.0,0.0,0.0
2019-05-10,144.89999389648438,145.19000244140625,144.85000610351562,144.85000610351562,112.9035415649414,21470,0.0,0.0,0.0
2019-05-13,144.8699951171875,145.08999633789062,144.72999572753906,145.00999450683594,113.02825164794922,16511,0.0,0.0,0.0
2019-05-14,144.97999572753906,145.25999450683594,144.72000122070312,145.02999877929688,113.04383087158203,11601,0.0,0.0,0.0
2019-05-15,145.5,145.6699981689453,145.25,145.52999877929688,113.43354034423828,8356,0.0,0.0,0.0
2019-05-16,145.69000244140625,145.69000244140625,145.41000366210938,145.3699951171875,113.3088607788086,11118,0.0,0.0,0.0
2019-05-17,145.49000549316406,146.0,145.32000732421875,145.85000610351562,113.68297576904297,13878,0.0,0.0,0.0
2019-05-20,145.52999877929688,145.6999969482422,145.24000549316406,145.24000549316406,113.20752716064453,13043,0.0,0.0,0.0
2019-05-21,145.3699951171875,145.5800018310547,144.82000732421875,145.17999267578125,113.16073608398438,12614,0.0,0.0,0.0
2019-05-22,145.1999969482422,145.58999633789062,145.1999969482422,145.3249969482422,113.27379608154297,12570,0.0,0.0,0.0
2019-05-23,145.67999267578125,145.6999969482422,145.1199951171875,145.56500244140625,113.4608383178711,13245,0.0,0.0,0.0
2019-05-24,145.55999755859375,145.8800048828125,145.3000030517578,145.8800048828125,113.70638275146484,17699,0.0,0.0,0.0
2019-05-28,146.0,146.1699981689453,145.77999877929688,145.88999938964844,113.71416473388672,7562,0.0,0.0,0.0
2019-05-29,145.88999938964844,145.88999938964844,145.64999389648438,145.64999389648438,113.52706909179688,14618,0.0,0.0,0.0
2019-05-30,145.39999389648438,146.0399932861328,145.39999389648438,145.9149932861328,113.73363494873047,19774,0.0,0.0,0.0
2019-05-31,145.9499969482422,146.32000732421875,145.80999755859375,145.80999755859375,113.65177917480469,33336,0.0,0.0,0.0
2019-06-03,146.39999389648438,146.52000427246094,146.27000427246094,146.49000549316406,114.18182373046875,7124,0.0,0.0,0.0
2019-06-04,146.67999267578125,146.77999877929688,146.4600067138672,146.32000732421875,114.04933166503906,23971,0.0,0.0,0.0
2019-06-05,146.3800048828125,147.08999633789062,146.3800048828125,146.9149932861328,114.51309204101562,6588,0.0,0.0,0.0
2019-06-06,147.1699981689453,147.49000549316406,146.8800048828125,147.35000610351562,114.85216522216797,10211,0.0,0.0,0.0
2019-06-07,147.2100067138672,148.0,147.2100067138672,148.0,115.35881042480469,15412,0.0,0.0,0.0
2019-06-10,147.72000122070312,147.88999938964844,147.33999633789062,147.84500122070312,115.23795318603516,10596,0.0,0.0,0.0
2019-06-11,147.5399932861328,148.07000732421875,147.5399932861328,147.89999389648438,115.28084564208984,26446,0.0,0.0,0.0
2019-06-12,148.22999572753906,148.22999572753906,147.1300048828125,147.1300048828125,114.68067169189453,15059,0.0,0.0,0.0
2019-06-13,147.47000122070312,147.47000122070312,146.72999572753906,147.02999877929688,115.34528350830078,11017,0.9472,0.0,0.0
2019-06-14,147.49000549316406,147.49000549316406,146.8000030517578,147.02000427246094,115.33746337890625,16231,0.0,0.0,0.0
2019-06-17,146.5800018310547,147.05999755859375,146.5800018310547,146.89999389648438,115.24332427978516,21412,0.0,0.0,0.0
2019-06-18,146.5500030517578,147.7100067138672,146.5500030517578,147.61000061035156,115.80030822753906,41537,0.0,0.0,0.0
2019-06-19,147.08999633789062,147.42999267578125,147.02000427246094,147.32000732421875,115.5728530883789,20439,0.0,0.0,0.0
2019-06-20,147.94000244140625,148.52999877929688,147.6999969482422,148.07000732421875,116.16119384765625,23609,0.0,0.0,0.0
2019-06-21,147.97000122070312,148.13999938964844,147.5500030517578,147.91000366210938,116.03565216064453,9038,0.0,0.0,0.0
2019-06-24,148.38999938964844,148.4499969482422,148.10000610351562,148.3249969482422,116.36121368408203,10541,0.0,0.0,0.0
2019-06-25,148.75999450683594,148.75999450683594,148.13999938964844,148.4199981689453,116.43577575683594,34557,0.0,0.0,0.0
2019-06-26,148.42999267578125,148.42999267578125,147.92999267578125,147.97500610351562,116.08666229248047,14384,0.0,0.0,0.0
2019-06-27,147.14999389648438,148.0800018310547,147.14999389648438,148.0800018310547,116.16905212402344,32906,0.0,0.0,0.0
2019-06-28,147.9600067138672,148.33999633789062,147.75999450683594,147.9550018310547,116.07096862792969,10619,0.0,0.0,0.0
2019-07-01,147.74000549316406,148.55999755859375,147.74000549316406,148.5,116.49851989746094,13470,0.0,0.0,0.0
2019-07-02,148.8000030517578,149.47000122070312,148.72999572753906,149.49000549316406,117.27518463134766,19658,0.0,0.0,0.0
2019-07-03,149.36000061035156,150.36000061035156,149.36000061035156,150.05999755859375,117.72233581542969,22326,0.0,0.0,0.0
2019-07-04,150.8000030517578,150.80999755859375,150.24000549316406,150.5399932861328,118.09889221191406,12852,0.0,0.0,0.0
2019-07-05,150.85000610351562,150.85000610351562,149.69000244140625,149.72500610351562,117.45954132080078,9499,0.0,0.0,0.0
2019-07-08,149.64999389648438,150.5,149.64999389648438,150.28500366210938,117.89885711669922,11372,0.0,0.0,0.0
2019-07-09,150.0500030517578,150.16000366210938,149.72000122070312,150.11000061035156,117.7615737915039,42835,0.0,0.0,0.0
2019-07-10,149.4199981689453,150.0399932861328,149.19000244140625,149.72999572753906,117.46345520019531,9964,0.0,0.0,0.0
2019-07-11,150.00999450683594,150.00999450683594,148.83999633789062,148.9550018310547,116.85546112060547,10247,0.0,0.0,0.0
2019-07-12,148.75,149.1699981689453,148.75,149.1699981689453,117.02416229248047,9107,0.0,0.0,0.0
2019-07-15,148.74000549316406,149.6999969482422,148.72000122070312,149.64999389648438,117.40068054199219,14944,0.0,0.0,0.0
2019-07-16,149.5399932861328,149.82000732421875,149.22999572753906,149.4600067138672,117.25165557861328,16884,0.0,0.0,0.0
2019-07-17,149.36000061035156,150.02999877929688,149.36000061035156,149.875,117.57723999023438,14869,0.0,0.0,0.0
2019-07-18,149.7899932861328,150.05999755859375,149.61000061035156,149.77000427246094,117.49484252929688,14941,0.0,0.0,0.0
2019-07-19,150.39999389648438,150.39999389648438,149.8800048828125,150.13999938964844,117.78511047363281,10580,0.0,0.0,0.0
2019-07-22,150.1999969482422,150.61000061035156,150.17999267578125,150.41000366210938,117.99693298339844,13273,0.0,0.0,0.0
2019-07-23,150.39999389648438,150.88999938964844,150.39999389648438,150.83999633789062,118.334228515625,9040,0.0,0.0,0.0
2019-07-24,150.8699951171875,151.25,150.80999755859375,150.9199981689453,118.39701080322266,25986,0.0,0.0,0.0
2019-07-25,151.39999389648438,151.4199981689453,150.5399932861328,150.9149932861328,118.39309692382812,16240,0.0,0.0,0.0
2019-07-26,151.25999450683594,151.30999755859375,151.0500030517578,151.1649932861328,118.58921813964844,17767,0.0,0.0,0.0
2019-07-29,151.4499969482422,151.66000366210938,151.16319274902344,151.28500366210938,118.68338775634766,8524,0.0,0.0,0.0
2019-07-30,151.2899932861328,151.7453155517578,150.9029998779297,151.0449981689453,118.49508666992188,20265,0.0,0.0,0.0
2019-07-31,151.0399932861328,151.6199951171875,150.94000244140625,151.6199951171875,118.94618225097656,7714,0.0,0.0,0.0
2019-08-01,151.33999633789062,151.9320068359375,151.158203125,151.69000244140625,119.00109100341797,60461,0.0,0.0,0.0
2019-08-02,151.94000244140625,152.7548065185547,151.89599609375,151.9499969482422,119.20506286621094,8898,0.0,0.0,0.0
2019-08-05,152.3800048828125,153.02999877929688,152.07000732421875,152.17999267578125,119.38549041748047,78098,0.0,0.0,0.0
2019-08-06,151.47000122070312,152.6999969482422,151.47000122070312,152.07000732421875,119.29920196533203,17277,0.0,0.0,0.0
2019-08-07,151.9499969482422,153.15699768066406,151.9499969482422,152.4499969482422,119.5972900390625,35079,0.0,0.0,0.0
2019-08-08,151.94000244140625,152.64999389648438,151.94000244140625,152.00999450683594,119.25212860107422,17248,0.0,0.0,0.0
2019-08-09,151.91000366210938,152.87388610839844,151.91000366210938,152.5800018310547,119.69928741455078,14425,0.0,0.0,0.0
2019-08-12,152.5,152.5496063232422,152.0800018310547,152.24000549316406,119.43255615234375,5671,0.0,0.0,0.0
2019-08-13,152.6699981689453,152.83859252929688,152.1656951904297,152.4600067138672,119.60517120361328,16515,0.0,0.0,0.0
2019-08-14,152.67999267578125,153.22999572753906,152.4239044189453,153.0749969482422,120.08760833740234,5715,0.0,0.0,0.0
2019-08-15,152.9499969482422,153.78500366210938,152.85000610351562,153.69000244140625,120.57012176513672,12814,0.0,0.0,0.0
2019-08-16,153.52000427246094,154.0,152.802001953125,153.02000427246094,120.04447937011719,28362,0.0,0.0,0.0
2019-08-19,152.89999389648438,153.1387939453125,151.87899780273438,152.53500366210938,119.66399383544922,12188,0.0,0.0,0.0
2019-08-20,152.52999877929688,153.52139282226562,152.52999877929688,152.92999267578125,119.97386932373047,27075,0.0,0.0,0.0
2019-08-21,153.1999969482422,153.1999969482422,152.66000366210938,152.80999755859375,119.87970733642578,16930,0.0,0.0,0.0
2019-08-22,152.64999389648438,153.2003631591797,152.1999969482422,152.27000427246094,119.45610046386719,8505,0.0,0.0,0.0
2019-08-23,152.25999450683594,152.44000244140625,151.72999572753906,152.1750030517578,119.38156127929688,24857,0.0,0.0,0.0
2019-08-27,152.22000122070312,153.27000427246094,152.22000122070312,153.13999938964844,120.13861083984375,21285,0.0,0.0,0.0
2019-08-28,153.33999633789062,153.85000610351562,153.1320037841797,153.6999969482422,120.57794952392578,12846,0.0,0.0,0.0
2019-08-29,153.85000610351562,153.89889526367188,153.51980590820312,153.82000732421875,120.67204284667969,13099,0.0,0.0,0.0
2019-08-30,153.60000610351562,153.80999755859375,153.2899932861328,153.27999877929688,120.2484359741211,34472,0.0,0.0,0.0
2019-09-02,153.1199951171875,153.97999572753906,153.02389526367188,153.9600067138672,120.78191375732422,29690,0.0,0.0,0.0
2019-09-03,154.1199951171875,154.7899932861328,154.0399932861328,154.2100067138672,120.9780502319336,12162,0.0,0.0,0.0
2019-09-04,153.35000610351562,153.84109497070312,152.81419372558594,153.3000030517578,120.26414489746094,36496,0.0,0.0,0.0
2019-09-05,152.75999450683594,153.01730346679688,151.0800018310547,151.55499267578125,118.89518737792969,17527,0.0,0.0,0.0
2019-09-06,151.60000610351562,153.2100067138672,151.60000610351562,153.10000610351562,120.10725402832031,31088,0.0,0.0,0.0
2019-09-09,152.6300048828125,152.8386993408203,151.9152069091797,152.3699951171875,119.5345458984375,9890,0.0,0.0,0.0
2019-09-10,152.10000610351562,152.4600067138672,151.47000122070312,151.61500549316406,118.94225311279297,24023,0.0,0.0,0.0
2019-09-11,151.25999450683594,151.75999450683594,151.0760040283203,151.75999450683594,119.05598449707031,30597,0.0,0.0,0.0
2019-09-12,151.25999450683594,151.61180114746094,150.4600067138672,150.85000610351562,119.0564956665039,30211,0.9106,0.0,0.0
2019-09-13,150.6999969482422,150.6999969482422,149.55499267578125,149.6999969482422,118.14884185791016,12612,0.0,0.0,0.0
2019-09-16,149.27999877929688,151.9958038330078,149.27999877929688,150.72000122070312,118.953857421875,30731,0.0,0.0,0.0
2019-09-17,150.8699951171875,151.23599243164062,150.47000122070312,150.80999755859375,119.02493286132812,19693,0.0,0.0,0.0
2019-09-18,150.0,151.32000732421875,150.0,151.21499633789062,119.34452819824219,8865,0.0,0.0,0.0
2019-09-19,151.1199951171875,151.68099975585938,150.7541961669922,151.375,119.4708251953125,13723,0.0,0.0,0.0
2019-09-20,151.6999969482422,151.8867950439453,150.96409606933594,151.77999877929688,119.79046630859375,15506,0.0,0.0,0.0
2019-09-23,152.33999633789062,152.64999389648438,151.39019775390625,152.57000732421875,120.41397094726562,25548,0.0,0.0,0.0
2019-09-24,151.8300018310547,152.89999389648438,151.8300018310547,152.5500030517578,120.39817810058594,13279,0.0,0.0,0.0
2019-09-25,152.1999969482422,153.16749572753906,152.1999969482422,152.86000061035156,120.64282989501953,6063,0.0,0.0,0.0
2019-09-26,152.49000549316406,153.62060546875,152.1820068359375,152.6699981689453,120.49291229248047,40621,0.0,0.0,0.0
2019-09-27,152.9199981689453,153.28799438476562,152.33700561523438,152.41000366210938,120.28768920898438,46740,0.0,0.0,0.0
2019-09-30,152.2899932861328,152.54800415039062,151.77999877929688,152.3699951171875,120.25611114501953,39433,0.0,0.0,0.0
2019-10-01,151.4199981689453,152.44000244140625,151.1300048828125,152.2100067138672,120.1298599243164,13754,0.0,0.0,0.0
2019-10-02,152.2100067138672,152.67999267578125,151.72000122070312,151.8300018310547,119.82992553710938,28163,0.0,0.0,0.0
2019-10-03,151.8800048828125,152.39759826660156,151.38999938964844,151.67999267578125,119.71154022216797,29226,0.0,0.0,0.0
2019-10-04,151.3699951171875,152.189697265625,151.3699951171875,151.6999969482422,119.7273178100586,25415,0.0,0.0,0.0
2019-10-07,151.3800048828125,152.10000610351562,151.3800048828125,151.97000122070312,119.94041442871094,12988,0.0,0.0,0.0
2019-10-08,152.13999938964844,152.37319946289062,151.68649291992188,152.30499267578125,120.20479583740234,10941,0.0,0.0,0.0
2019-10-09,152.0800018310547,152.1617431640625,151.53660583496094,151.77499389648438,119.78650665283203,16063,0.0,0.0,0.0
2019-10-10,151.6300048828125,152.2100067138672,150.94000244140625,150.94000244140625,119.12749481201172,11451,0.0,0.0,0.0
2019-10-11,150.89999389648438,150.90179443359375,149.3699951171875,149.58999633789062,118.06204223632812,39395,0.0,0.0,0.0
2019-10-14,150.16000366210938,150.90199279785156,149.37100219726562,150.39999389648438,118.70132446289062,18719,0.0,0.0,0.0
2019-10-15,150.75,150.8699951171875,149.75120544433594,150.22000122070312,118.55926513671875,19534,0.0,0.0,0.0
2019-10-16,150.3300018310547,151.11773681640625,149.9936981201172,150.38999938964844,118.69342803955078,13206,0.0,0.0,0.0
2019-10-17,150.11000061035156,150.9600067138672,149.2899932861328,150.9600067138672,119.1433334350586,66867,0.0,0.0,0.0
2019-10-18,150.4499969482422,150.71499633789062,150.00999450683594,150.57000732421875,118.83549499511719,16763,0.0,0.0,0.0
2019-10-21,150.8699951171875,150.8699951171875,149.66000366210938,150.1699981689453,118.51978302001953,23834,0.0,0.0,0.0
2019-10-22,150.72000122070312,151.01150512695312,150.00650024414062,150.75,118.97756958007812,6909,0.0,0.0,0.0
2019-10-23,150.86000061035156,151.3699951171875,150.86000061035156,150.97999572753906,119.15907287597656,8897,0.0,0.0,0.0
2019-10-24,151.1199951171875,152.05999755859375,150.90939331054688,152.05999755859375,120.01146697998047,8021,0.0,0.0,0.0
2019-10-25,151.5500030517578,152.19000244140625,151.36000061035156,151.5749969482422,119.62867736816406,9249,0.0,0.0,0.0
2019-10-28,151.91000366210938,151.9199981689453,150.69000244140625,150.69000244140625,118.93022918701172,12351,0.0,0.0,0.0
2019-10-29,151.47000122070312,151.47000122070312,150.6999969482422,151.07000732421875,119.23014068603516,9736,0.0,0.0,0.0
2019-10-30,150.75,151.32000732421875,150.75,151.2949981689453,119.40772247314453,7623,0.0,0.0,0.0
2019-10-31,151.27999877929688,152.09300231933594,151.27999877929688,152.02000427246094,119.9798812866211,13059,0.0,0.0,0.0
2019-11-01,151.7899932861328,152.4499969482422,151.7899932861328,151.97999572753906,119.94833374023438,350336,0.0,0.0,0.0
2019-11-04,151.86000061035156,151.94430541992188,151.2100067138672,151.36000061035156,119.45899963378906,70090,0.0,0.0,0.0
2019-11-05,150.6999969482422,151.31869506835938,150.67999267578125,150.67999267578125,118.92231750488281,16572,0.0,0.0,0.0
2019-11-06,150.9199981689453,151.32040405273438,150.52999877929688,151.22000122070312,119.34850311279297,7516,0.0,0.0,0.0
2019-11-07,151.8300018310547,151.8300018310547,150.84640502929688,150.97999572753906,119.15907287597656,24962,0.0,0.0,0.0
2019-11-08,150.77999877929688,151.05079650878906,150.16000366210938,150.52000427246094,118.79603576660156,33770,0.0,0.0,0.0
2019-11-11,150.35000610351562,150.6699981689453,150.1199951171875,150.25,118.58291625976562,26145,0.0,0.0,0.0
2019-11-12,150.49000549316406,150.49000549316406,149.88189697265625,150.17999267578125,118.52765655517578,42939,0.0,0.0,0.0
2019-11-13,150.55999755859375,151.1999969482422,150.07569885253906,150.85000610351562,119.0564956665039,24095,0.0,0.0,0.0
2019-11-14,150.82000732421875,151.13510131835938,150.6199951171875,151.1999969482422,119.33272552490234,11463,0.0,0.0,0.0
2019-11-15,151.16000366210938,151.3656005859375,150.89999389648438,150.96499633789062,119.14723205566406,12456,0.0,0.0,0.0
2019-11-18,150.35000610351562,151.24000549316406,150.35000610351562,150.7100067138672,118.9460220336914,6946,0.0,0.0,0.0
2019-11-19,150.64999389648438,150.9499969482422,150.55709838867188,150.9499969482422,119.13538360595703,13714,0.0,0.0,0.0
2019-11-20,151.60000610351562,151.60000610351562,150.67999267578125,150.69000244140625,118.93022918701172,8710,0.0,0.0,0.0
2019-11-21,150.8300018310547,151.00140380859375,150.25999450683594,150.30999755859375,118.63029479980469,14478,0.0,0.0,0.0
2019-11-22,150.39999389648438,151.2176971435547,150.06100463867188,151.05999755859375,119.22224426269531,103995,0.0,0.0,0.0
2019-11-25,151.47000122070312,151.47000122070312,150.7899932861328,151.22000122070312,119.34850311279297,11118,0.0,0.0,0.0
2019-11-26,151.55999755859375,152.0399932861328,150.74000549316406,151.97000122070312,119.94041442871094,47434,0.0,0.0,0.0
2019-11-27,151.97000122070312,152.1436004638672,151.47000122070312,151.63999938964844,119.67998504638672,15720,0.0,0.0,0.0
2019-11-28,151.3699951171875,151.92999267578125,151.3699951171875,151.7899932861328,119.79833221435547,8136,0.0,0.0,0.0
2019-11-29,152.2100067138672,152.2100067138672,151.61000061035156,151.77000427246094,119.78255462646484,24577,0.0,0.0,0.0
2019-12-02,151.5,151.5446319580078,150.85000610351562,151.30999755859375,119.41954803466797,15904,0.0,0.0,0.0
2019-12-03,150.63999938964844,151.99000549316406,150.63999938964844,151.86500549316406,119.85755157470703,35791,0.0,0.0,0.0
2019-12-04,151.86000061035156,152.1699981689453,151.13999938964844,151.13999938964844,119.28534698486328,27058,0.0,0.0,0.0
2019-12-05,151.25,151.25,150.8000030517578,151.0399932861328,119.20642852783203,14145,0.0,0.0,0.0
2019-12-06,151.6999969482422,151.6999969482422,150.92959594726562,151.17999267578125,119.31690979003906,18342,0.0,0.0,0.0
2019-12-09,150.9199981689453,151.70640563964844,150.9199981689453,151.64999389648438,119.6878662109375,12899,0.0,0.0,0.0
2019-12-10,151.4199981689453,151.85000610351562,151.1199951171875,151.40499877929688,119.49449157714844,33693,0.0,0.0,0.0
2019-12-11,151.5,151.797607421875,151.31199645996094,151.44000244140625,119.52213287353516,12571,0.0,0.0,0.0
2019-12-12,150.30999755859375,151.10000610351562,150.0500030517578,150.22000122070312,119.26504516601562,9256,0.8962,0.0,0.0
2019-12-13,150.47000122070312,151.39999389648438,149.8560028076172,151.39999389648438,120.201904296875,127401,0.0,0.0,0.0
2019-12-16,151.1199951171875,151.7928009033203,150.64503479003906,150.93499755859375,119.8327407836914,57844,0.0,0.0,0.0
2019-12-17,150.8699951171875,151.77999877929688,150.8699951171875,151.4199981689453,120.21778869628906,46849,0.0,0.0,0.0
2019-12-18,151.66000366210938,151.73500061035156,151.19000244140625,151.47999572753906,120.26541900634766,73360,0.0,0.0,0.0
2019-12-19,151.10000610351562,151.6793975830078,150.79800415039062,151.125,119.98358154296875,31573,0.0,0.0,0.0
2019-12-20,150.9199981689453,151.58999633789062,150.8300018310547,151.39999389648438,120.201904296875,14044,0.0,0.0,0.0
2019-12-23,151.50999450683594,152.05499267578125,151.44790649414062,151.52000427246094,120.29718780517578,14917,0.0,0.0,0.0
2019-12-24,151.5,151.91110229492188,150.86000061035156,151.7449951171875,120.47578430175781,4391,0.0,0.0,0.0
2019-12-27,152.10000610351562,152.10000610351562,151.4530029296875,151.69000244140625,120.4321060180664,6328,0.0,0.0,0.0
2019-12-30,151.69000244140625,151.9940948486328,150.63819885253906,150.75,119.68584442138672,10300,0.0,0.0,0.0
2019-12-31,150.17999267578125,151.38250732421875,150.17999267578125,150.8300018310547,119.7493667602539,5084,0.0,0.0,0.0
2020-01-02,150.88999938964844,152.00619506835938,150.66600036621094,151.66000366210938,120.40831756591797,29459,0.0,0.0,0.0
2020-01-03,151.85000610351562,152.78570556640625,151.47999572753906,152.1999969482422,120.8370361328125,42979,0.0,0.0,0.0
2020-01-06,152.64999389648438,152.83949279785156,151.97999572753906,152.0500030517578,120.71794891357422,23211,0.0,0.0,0.0
2020-01-07,151.91000366210938,152.47059631347656,151.57960510253906,152.0,120.67823791503906,9237,0.0,0.0,0.0
2020-01-08,151.97999572753906,152.2949981689453,151.72479248046875,151.80499267578125,120.52342224121094,41819,0.0,0.0,0.0
2020-01-09,151.6300048828125,152.6685028076172,151.3300018310547,151.6699981689453,120.41624450683594,20534,0.0,0.0,0.0
2020-01-10,152.22999572753906,152.34129333496094,151.52392578125,152.24000549316406,120.8687973022461,44124,0.0,0.0,0.0
2020-01-13,152.72000122070312,152.8647003173828,151.5240020751953,152.52499389648438,121.09505462646484,20470,0.0,0.0,0.0
2020-01-14,152.9499969482422,153.0554962158203,152.60000610351562,152.88499450683594,121.380859375,7753,0.0,0.0,0.0
2020-01-15,152.5399932861328,154.16000366210938,152.5399932861328,153.9499969482422,122.2264404296875,26854,0.0,0.0,0.0
2020-01-16,154.0,154.3300018310547,153.56399536132812,153.86000061035156,122.15499114990234,9424,0.0,0.0,0.0
2020-01-17,153.83999633789062,154.5968017578125,153.7779998779297,154.22999572753906,122.44873046875,47648,0.0,0.0,0.0
2020-01-20,154.33999633789062,154.58750915527344,153.87559509277344,154.08999633789062,122.33757781982422,9753,0.0,0.0,0.0
2020-01-21,154.05999755859375,154.72039794921875,153.6699981689453,154.33999633789062,122.53606414794922,22064,0.0,0.0,0.0
2020-01-22,153.8300018310547,154.85000610351562,153.8300018310547,154.77999877929688,122.88541412353516,8659,0.0,0.0,0.0
2020-01-23,154.61000061035156,155.42999267578125,154.61000061035156,155.24000549316406,123.25060272216797,30123,0.0,0.0,0.0
2020-01-24,155.44000244140625,155.69400024414062,154.8415985107422,155.52499389648438,123.47687530517578,11597,0.0,0.0,0.0
2020-01-27,155.6199951171875,156.24000549316406,155.5315704345703,156.0399932861328,123.88572692871094,84317,0.0,0.0,0.0
2020-01-28,156.08999633789062,156.2100067138672,155.0395050048828,155.0500030517578,123.09977722167969,31947,0.0,0.0,0.0
2020-01-29,155.0800018310547,155.66000366210938,154.99000549316406,155.66000366210938,123.58405303955078,15855,0.0,0.0,0.0
2020-01-30,155.6999969482422,156.1217498779297,154.9499969482422,155.02999877929688,123.08389282226562,10591,0.0,0.0,0.0
2020-01-31,155.25999450683594,155.6300048828125,154.88519287109375,155.6300048828125,123.56021881103516,10801,0.0,0.0,0.0
2020-02-03,156.02999877929688,156.02999877929688,154.94009399414062,155.13999938964844,123.17119598388672,12250,0.0,0.0,0.0
2020-02-04,155.4499969482422,155.4499969482422,154.7899932861328,155.05999755859375,123.10768127441406,8048,0.0,0.0,0.0
2020-02-05,155.52999877929688,155.52999877929688,154.25070190429688,154.72000122070312,122.8377914428711,25508,0.0,0.0,0.0
2020-02-06,155.0,155.0,154.1300048828125,154.6999969482422,122.8218765258789,9757,0.0,0.0,0.0
2020-02-07,155.25,155.36439514160156,154.8000030517578,154.8000030517578,122.90128326416016,16826,0.0,0.0,0.0
2020-02-10,155.6300048828125,155.6300048828125,154.9199981689453,155.02999877929688,123.08389282226562,24592,0.0,0.0,0.0
2020-02-11,154.8699951171875,155.36000061035156,154.86000061035156,155.3300018310547,123.32206726074219,17991,0.0,0.0,0.0
2020-02-12,155.0500030517578,155.36399841308594,154.71310424804688,154.9199981689453,122.9965591430664,17774,0.0,0.0,0.0
2020-02-13,155.0399932861328,155.4315948486328,154.11000061035156,154.11000061035156,122.35350799560547,38610,0.0,0.0,0.0
2020-02-14,154.55999755859375,155.02000427246094,154.4320068359375,154.80999755859375,122.90921783447266,8422,0.0,0.0,0.0
2020-02-17,153.97000122070312,154.82159423828125,153.97000122070312,154.60000610351562,122.74250030517578,19802,0.0,0.0,0.0
2020-02-18,154.92999267578125,154.9716033935547,154.52999877929688,154.60000610351562,122.74250030517578,52429,0.0,0.0,0.0
2020-02-19,154.66000366210938,155.1414031982422,154.6367950439453,154.94000244140625,123.01241302490234,26030,0.0,0.0,0.0
2020-02-20,155.2100067138672,155.42999267578125,154.9320068359375,155.22000122070312,123.2347412109375,12243,0.0,0.0,0.0
2020-02-21,155.49000549316406,155.67919921875,155.03860473632812,155.42999267578125,123.40145111083984,22435,0.0,0.0,0.0
2020-02-24,155.2100067138672,156.47000122070312,155.2100067138672,155.33999633789062,123.32998657226562,22662,0.0,0.0,0.0
2020-02-25,155.7100067138672,155.7100067138672,154.89759826660156,155.16000366210938,123.1871109008789,31094,0.0,0.0,0.0
2020-02-26,155.3300018310547,155.4315948486328,154.50999450683594,154.8699951171875,122.95685577392578,49651,0.0,0.0,0.0
2020-02-27,154.5,155.19000244140625,154.3300018310547,154.3300018310547,122.5280990600586,15468,0.0,0.0,0.0
2020-02-28,154.60000610351562,154.82000732421875,153.22000122070312,153.22000122070312,121.6468734741211,29835,0.0,0.0,0.0
2020-03-02,152.91000366210938,154.48910522460938,152.91000366210938,153.4600067138672,121.83743286132812,18751,0.0,0.0,0.0
2020-03-03,153.9600067138672,155.10000610351562,153.24349975585938,155.10000610351562,123.13943481445312,11337,0.0,0.0,0.0
2020-03-04,154.91000366210938,155.33999633789062,1.0,154.91000366210938,122.98860931396484,29823,0.0,0.0,0.0
2020-03-05,154.82000732421875,155.39639282226562,154.3000030517578,154.6199951171875,122.75838470458984,10576,0.0,0.0,0.0
2020-03-06,154.9499969482422,156.16000366210938,154.7324981689453,155.00999450683594,123.06797790527344,22101,0.0,0.0,0.0
2020-03-09,156.7899932861328,157.42384338378906,151.42999267578125,151.42999267578125,120.22570037841797,48910,0.0,0.0,0.0
2020-03-10,152.17999267578125,154.05059814453125,151.0,151.94000244140625,120.63063049316406,50612,0.0,0.0,0.0
2020-03-11,152.10000610351562,152.8839874267578,150.78785705566406,151.22000122070312,120.05897521972656,27442,0.0,0.0,0.0
2020-03-12,148.63999938964844,150.34649658203125,139.75,139.88999938964844,111.71452331542969,119805,0.881,0.0,0.0
2020-03-13,139.7899932861328,147.51800537109375,135.0,140.86000061035156,112.4891357421875,41043,0.0,0.0,0.0
2020-03-16,138.7100067138672,145.9832763671875,131.356201171875,133.0,106.2122573852539,42492,0.0,0.0,0.0
2020-03-17,134.75,140.75,132.4552001953125,133.0,106.2122573852539,55419,0.0,0.0,0.0
2020-03-18,130.7899932861328,134.4199981689453,126.30999755859375,127.12000274658203,101.51656341552734,32173,0.0,0.0,0.0
2020-03-19,128.5,132.52999877929688,125.61000061035156,132.0,105.41365814208984,36235,0.0,0.0,0.0
2020-03-20,132.25,137.24000549316406,132.25,135.9499969482422,108.56808471679688,51818,0.0,0.0,0.0
2020-03-23,133.89999389648438,137.25,130.4199981689453,130.9499969482422,104.57514190673828,19376,0.0,0.0,0.0
2020-03-24,136.82000732421875,138.41490173339844,130.5,134.63999938964844,107.5219497680664,35131,0.0,0.0,0.0
2020-03-25,135.63999938964844,140.2899932861328,135.1199951171875,137.80999755859375,110.05348205566406,42942,0.0,0.0,0.0
2020-03-26,138.0,141.69000244140625,137.68109130859375,140.9550018310547,112.56503295898438,114982,0.0,0.0,0.0
2020-03-27,144.13999938964844,144.13999938964844,139.47000122070312,141.34500122070312,112.87648010253906,11668,0.0,0.0,0.0
2020-03-30,142.91000366210938,143.7899932861328,139.47000122070312,141.14999389648438,112.72074890136719,133816,0.0,0.0,0.0
2020-03-31,141.0,144.7642059326172,139.47000122070312,141.4600067138672,112.96830749511719,40320,0.0,0.0,0.0
2020-04-01,142.5399932861328,146.7239990234375,141.8800048828125,145.10000610351562,115.87519073486328,8560,0.0,0.0,0.0
2020-04-02,143.1699981689453,145.47000122070312,142.38999938964844,145.47000122070312,116.1706314086914,25111,0.0,0.0,0.0
2020-04-03,142.02000427246094,146.5334930419922,142.02000427246094,146.3699951171875,116.88939666748047,18894,0.0,0.0,0.0
2020-04-06,146.02999877929688,146.41000366210938,144.0,145.19000244140625,115.94707489013672,10822,0.0,0.0,0.0
2020-04-07,146.24000549316406,147.70579528808594,144.6230010986328,146.97999572753906,117.37652587890625,31529,0.0,0.0,0.0
2020-04-08,145.9199981689453,148.4499969482422,145.9199981689453,148.1999969482422,118.35076141357422,22789,0.0,0.0,0.0
2020-04-09,148.41000366210938,150.97459411621094,146.6134033203125,150.36500549316406,120.07976531982422,129758,0.0,0.0,0.0
2020-04-14,148.27999877929688,151.97000122070312,148.27999877929688,151.0,120.58684539794922,13865,0.0,0.0,0.0
2020-04-15,151.0,152.1678009033203,149.49000549316406,150.0,119.78823852539062,23097,0.0,0.0,0.0
2020-04-16,149.9499969482422,152.4416046142578,149.5,150.66000366210938,120.31534576416016,66962,0.0,0.0,0.0
2020-04-17,150.5,151.7220001220703,149.3632049560547,151.55999755859375,121.0340576171875,17098,0.0,0.0,0.0
2020-04-20,151.0800018310547,151.39120483398438,149.40780639648438,149.7949981689453,119.62455749511719,13182,0.0,0.0,0.0
2020-04-21,151.0,151.8094940185547,148.93280029296875,150.8000030517578,120.42713928222656,7084,0.0,0.0,0.0
2020-04-22,150.0,151.5823974609375,149.82000732421875,150.22500610351562,119.96796417236328,11677,0.0,0.0,0.0
2020-04-23,150.63999938964844,151.25,149.04539489746094,151.22999572753906,120.7705078125,59072,0.0,0.0,0.0
2020-04-24,151.85000610351562,151.85000610351562,150.65289306640625,150.91000366210938,120.5149917602539,80029,0.0,0.0,0.0
2020-04-27,151.4600067138672,151.5236053466797,149.91830444335938,151.3800048828125,120.89031219482422,12199,0.0,0.0,0.0
2020-04-28,150.74000549316406,151.55999755859375,150.3280029296875,151.55999755859375,121.0340576171875,23959,0.0,0.0,0.0
2020-04-29,151.6199951171875,151.97999572753906,150.97000122070312,151.7050018310547,121.14984893798828,15780,0.0,0.0,0.0
2020-04-30,153.9600067138672,153.9600067138672,151.44760131835938,152.1699981689453,121.52119445800781,11956,0.0,0.0,0.0
2020-05-01,153.0,153.0,151.5,152.11000061035156,121.47328186035156,17197,0.0,0.0,0.0
2020-05-04,151.5,152.46279907226562,151.0500030517578,151.05999755859375,120.634765625,22306,0.0,0.0,0.0
2020-05-05,151.8699951171875,151.8699951171875,151.0500030517578,151.1999969482422,120.74657440185547,89524,0.0,0.0,0.0
2020-05-06,151.47999572753906,151.71510314941406,151.0500030517578,151.16000366210938,120.71463775634766,17812,0.0,0.0,0.0
2020-05-07,151.88999938964844,151.88999938964844,150.4499969482422,150.7550048828125,120.3912124633789,12322,0.0,0.0,0.0
2020-05-11,150.19000244140625,151.02999877929688,150.19000244140625,150.60499572753906,120.27141571044922,10476,0.0,0.0,0.0
2020-05-12,150.25,151.0500030517578,150.25,150.85000610351562,120.46708679199219,12600,0.0,0.0,0.0
2020-05-13,151.47000122070312,151.5052490234375,150.60000610351562,150.9199981689453,120.52294921875,53205,0.0,0.0,0.0
2020-05-14,150.11000061035156,150.88470458984375,149.44749450683594,150.3000030517578,120.02780151367188,19712,0.0,0.0,0.0
2020-05-15,150.77000427246094,150.77000427246094,149.44700622558594,150.10000610351562,119.86811065673828,8540,0.0,0.0,0.0
2020-05-18,150.1999969482422,150.5,149.16600036621094,150.25999450683594,119.9958724975586,14915,0.0,0.0,0.0
2020-05-19,150.5,150.74000549316406,149.2899932861328,150.05999755859375,119.83617401123047,25194,0.0,0.0,0.0
2020-05-20,150.6999969482422,151.24000549316406,150.0428009033203,151.0,120.58684539794922,31277,0.0,0.0,0.0
2020-05-21,151.9499969482422,152.08920288085938,150.70199584960938,152.05999755859375,121.43336486816406,37219,0.0,0.0,0.0
2020-05-22,152.1699981689453,152.1699981689453,151.38999938964844,152.11000061035156,121.47328186035156,13635,0.0,0.0,0.0
2020-05-26,151.7899932861328,152.55999755859375,150.8800048828125,152.0800018310547,121.44932556152344,21094,0.0,0.0,0.0
2020-05-27,151.69000244140625,153.1699981689453,151.69000244140625,153.1699981689453,122.31979370117188,20032,0.0,0.0,0.0
2020-05-28,153.3000030517578,153.6300048828125,152.45550537109375,153.3699951171875,122.47949981689453,81594,0.0,0.0,0.0
2020-05-29,153.8800048828125,153.8800048828125,153.2042999267578,153.82000732421875,122.83888244628906,18587,0.0,0.0,0.0
2020-06-01,153.2100067138672,153.9008026123047,152.64320373535156,153.13999938964844,122.29582977294922,11653,0.0,0.0,0.0
2020-06-02,153.3800048828125,154.1820068359375,152.6844940185547,153.63999938964844,122.69512939453125,27235,0.0,0.0,0.0
2020-06-03,153.1999969482422,154.73770141601562,153.1999969482422,154.19000244140625,123.13436889648438,45058,0.0,0.0,0.0
2020-06-04,154.3300018310547,155.4080047607422,153.80889892578125,154.49000549316406,123.37394714355469,26009,0.0,0.0,0.0
2020-06-05,154.39999389648438,155.0800018310547,153.83999633789062,155.0800018310547,123.84510803222656,14522,0.0,0.0,0.0
2020-06-08,155.22999572753906,155.75999450683594,154.22000122070312,154.89999389648438,123.70135498046875,8505,0.0,0.0,0.0
2020-06-09,154.8000030517578,154.8000030517578,153.85000610351562,154.0050048828125,122.98664855957031,13761,0.0,0.0,0.0
2020-06-10,154.35000610351562,154.89999389648438,153.697998046875,154.89999389648438,123.70135498046875,24275,0.0,0.0,0.0
2020-06-11,154.25,155.09109497070312,154.0500030517578,154.61000061035156,124.15536499023438,21262,0.8554,0.0,0.0
2020-06-12,154.27999877929688,154.36439514160156,153.4499969482422,153.7899932861328,123.49688720703125,60348,0.0,0.0,0.0
2020-06-15,154.66000366210938,154.4720001220703,153.27999877929688,153.2899932861328,123.09536743164062,19368,0.0,0.0,0.0
2020-06-16,154.3300018310547,154.6699981689453,153.60369873046875,154.6699981689453,124.20355987548828,40674,0.0,0.0,0.0
2020-06-17,154.6699981689453,155.0500030517578,154.05369567871094,154.93499755859375,124.41634368896484,14265,0.0,0.0,0.0
2020-06-18,155.74000549316406,155.74000549316406,153.52760314941406,153.8699951171875,123.5611343383789,71896,0.0,0.0,0.0
2020-06-19,154.11000061035156,154.14999389648438,153.24301147460938,154.02499389648438,123.68562316894531,24319,0.0,0.0,0.0
2020-06-22,154.2100067138672,154.5985565185547,153.3321075439453,154.3300018310547,123.9305419921875,47278,0.0,0.0,0.0
2020-06-23,153.5,154.9521026611328,153.33680725097656,154.22999572753906,123.85025024414062,13022,0.0,0.0,0.0
2020-06-24,154.32000732421875,154.656494140625,153.87319946289062,154.55999755859375,124.115234375,30410,0.0,0.0,0.0
2020-06-25,155.00999450683594,155.41909790039062,154.08009338378906,155.08999633789062,124.54081726074219,9555,0.0,0.0,0.0
2020-06-26,155.07000732421875,155.14999389648438,154.41000366210938,154.63999938964844,124.1794662475586,12366,0.0,0.0,0.0
2020-06-29,154.61000061035156,154.87030029296875,153.9884033203125,154.86000061035156,124.35611724853516,7783,0.0,0.0,0.0
2020-06-30,153.97000122070312,154.99000549316406,153.97000122070312,154.52000427246094,124.08306121826172,8646,0.0,0.0,0.0
2020-07-01,155.27000427246094,155.27000427246094,153.80929565429688,154.4499969482422,124.02690887451172,15540,0.0,0.0,0.0
2020-07-02,154.1199951171875,155.22000122070312,153.4499969482422,155.22000122070312,124.64525604248047,21900,0.0,0.0,0.0
2020-07-03,155.02999877929688,155.31289672851562,154.7969970703125,155.09500122070312,124.54484558105469,32085,0.0,0.0,0.0
2020-07-06,155.0399932861328,155.80999755859375,154.89999389648438,155.58999633789062,124.94232177734375,20400,0.0,0.0,0.0
2020-07-07,155.52999877929688,155.8699951171875,155.0,155.17999267578125,124.61306762695312,81880,0.0,0.0,0.0
2020-07-08,155.94000244140625,155.94000244140625,155.25,155.25,124.66932678222656,14863,0.0,0.0,0.0
2020-07-09,155.57000732421875,156.1999969482422,154.98410034179688,156.1999969482422,125.43215942382812,6452,0.0,0.0,0.0
2020-07-10,156.0,156.27000427246094,155.28089904785156,156.25999450683594,125.48037719726562,13950,0.0,0.0,0.0
2020-07-13,155.9199981689453,156.02999877929688,155.35000610351562,155.9199981689453,125.20732879638672,10892,0.0,0.0,0.0
2020-07-14,155.8300018310547,156.32000732421875,155.63999938964844,155.94000244140625,125.22339630126953,5712,0.0,0.0,0.0
2020-07-15,156.4600067138672,156.4600067138672,155.4976043701172,156.0500030517578,125.31172943115234,12599,0.0,0.0,0.0
2020-07-16,155.8800048828125,156.4199981689453,155.5500030517578,156.18499755859375,125.42015075683594,17087,0.0,0.0,0.0
2020-07-17,156.9600067138672,156.9600067138672,156.1165008544922,156.4499969482422,125.6329345703125,12920,0.0,0.0,0.0
2020-07-20,156.00999450683594,156.57000732421875,155.62989807128906,156.41000366210938,125.60083770751953,28961,0.0,0.0,0.0
2020-07-21,156.52999877929688,156.9739990234375,156.30999755859375,156.85000610351562,125.95417022705078,16036,0.0,0.0,0.0
2020-07-22,156.2100067138672,157.63284301757812,156.2100067138672,157.38999938964844,126.38777160644531,19165,0.0,0.0,0.0
2020-07-23,157.67999267578125,157.67999267578125,156.8800048828125,157.6300048828125,126.58050537109375,11355,0.0,0.0,0.0
2020-07-24,157.0,157.45069885253906,156.84805297851562,157.0800018310547,126.13883972167969,44845,0.0,0.0,0.0
2020-07-27,157.0800018310547,157.52999877929688,156.99000549316406,157.4600067138672,126.44400024414062,6593,0.0,0.0,0.0
2020-07-28,157.19000244140625,157.57000732421875,156.4551544189453,157.1999969482422,126.23518371582031,33393,0.0,0.0,0.0
2020-07-29,158.1699981689453,158.1999969482422,157.22999572753906,157.52000427246094,126.49214935302734,12761,0.0,0.0,0.0
2020-07-30,157.6199951171875,158.08746337890625,156.7345428466797,157.6699981689453,126.61264038085938,21540,0.0,0.0,0.0
2020-07-31,157.10000610351562,158.05999755859375,157.10000610351562,157.85000610351562,126.7571792602539,16661,0.0,0.0,0.0
2020-08-03,157.44000244140625,157.83999633789062,157.3699951171875,157.57000732421875,126.53233337402344,9654,0.0,0.0,0.0
2020-08-04,156.80999755859375,157.89019775390625,156.80999755859375,157.625,126.57649230957031,126835,0.0,0.0,0.0
2020-08-05,157.41000366210938,157.67410278320312,156.92999267578125,157.36000061035156,126.36370086669922,18313,0.0,0.0,0.0
2020-08-06,157.74000549316406,158.0,156.85000610351562,157.94000244140625,126.8294448852539,36822,0.0,0.0,0.0
2020-08-07,157.07000732421875,158.09750366210938,157.07000732421875,157.6199951171875,126.57246398925781,9249,0.0,0.0,0.0
2020-08-10,156.97999572753906,157.85000610351562,156.97999572753906,157.6300048828125,126.58050537109375,16735,0.0,0.0,0.0
2020-08-11,157.44000244140625,157.5825958251953,156.25999450683594,156.27999877929688,125.49640655517578,69809,0.0,0.0,0.0
2020-08-12,156.77000427246094,156.77000427246094,156.27999877929688,156.49000549316406,125.66504669189453,80993,0.0,0.0,0.0
2020-08-13,156.8000030517578,156.81268310546875,156.19912719726562,156.30999755859375,125.52051544189453,14884,0.0,0.0,0.0
2020-08-14,155.75999450683594,156.96890258789062,155.75999450683594,156.2550048828125,125.47633361816406,12021,0.0,0.0,0.0
2020-08-17,156.99000549316406,156.99000549316406,155.78732299804688,156.7550048828125,125.87784576416016,9662,0.0,0.0,0.0
2020-08-18,157.1999969482422,157.1999969482422,156.60000610351562,156.77499389648438,125.89391326904297,3708,0.0,0.0,0.0
2020-08-19,156.9199981689453,157.2501983642578,156.60972595214844,156.69000244140625,125.82564544677734,37273,0.0,0.0,0.0
2020-08-20,156.0,156.98260498046875,156.0,156.75,125.87384796142578,9080,0.0,0.0,0.0
2020-08-21,155.94000244140625,157.08949279785156,155.94000244140625,156.6199951171875,125.76943969726562,6740,0.0,0.0,0.0
2020-08-24,156.82000732421875,157.1612548828125,156.20730590820312,156.8800048828125,125.97822570800781,9476,0.0,0.0,0.0
2020-08-25,157.5800018310547,157.5800018310547,155.9199981689453,156.25999450683594,125.48037719726562,38057,0.0,0.0,0.0
2020-08-26,156.74000549316406,156.74000549316406,155.27999877929688,155.27999877929688,124.69339752197266,22696,0.0,0.0,0.0
2020-08-27,155.61000061035156,156.3845977783203,155.0500030517578,155.3800048828125,124.77371215820312,81708,0.0,0.0,0.0
2020-08-28,155.25,156.0,155.04771423339844,155.9499969482422,125.2314224243164,16127,0.0,0.0,0.0
2020-09-01,155.5800018310547,156.39990234375,155.26307678222656,155.7449951171875,125.06680297851562,15780,0.0,0.0,0.0
2020-09-02,156.42999267578125,157.47999572753906,155.5561065673828,157.47999572753906,126.46006774902344,9261,0.0,0.0,0.0
2020-09-03,156.83999633789062,157.56280517578125,156.4199981689453,157.38999938964844,126.38777160644531,31891,0.0,0.0,0.0
2020-09-04,156.8800048828125,157.23719787597656,156.60000610351562,156.66000366210938,125.80158233642578,17705,0.0,0.0,0.0
2020-09-07,156.77999877929688,157.30545043945312,156.1584930419922,157.18499755859375,126.2231674194336,14121,0.0,0.0,0.0
2020-09-08,157.1999969482422,157.79315185546875,157.02699279785156,157.47000122070312,126.45195770263672,15905,0.0,0.0,0.0
2020-09-09,157.89999389648438,158.5012969970703,156.47999572753906,156.47999572753906,125.65699768066406,12962,0.0,0.0,0.0
2020-09-10,156.0399932861328,157.2046356201172,156.0399932861328,156.7100067138672,125.84175872802734,31505,0.0,0.0,0.0
2020-09-11,156.77000427246094,157.3000030517578,156.63999938964844,157.3000030517578,126.31553649902344,9996,0.0,0.0,0.0
2020-09-14,157.49000549316406,157.49000549316406,156.9499969482422,157.1699981689453,126.21111297607422,5749,0.0,0.0,0.0
2020-09-15,156.72999572753906,157.05029296875,156.34039306640625,156.86000061035156,125.96217346191406,14375,0.0,0.0,0.0
2020-09-16,155.8699951171875,157.33999633789062,155.8699951171875,156.6750030517578,125.81358337402344,12786,0.0,0.0,0.0
2020-09-17,156.49000549316406,156.75999450683594,155.46749877929688,156.33999633789062,126.22901153564453,9974,0.8495,0.0,0.0
2020-09-18,156.8000030517578,157.02999877929688,156.01950073242188,156.73500061035156,126.54791259765625,48367,0.0,0.0,0.0
2020-09-21,156.99000549316406,157.13009643554688,156.4149932861328,156.49000549316406,126.3501205444336,50956,0.0,0.0,0.0
2020-09-22,156.69000244140625,156.69000244140625,155.4199981689453,155.60000610351562,125.63153839111328,31055,0.0,0.0,0.0
2020-09-23,155.9199981689453,156.4593048095703,155.24749755859375,155.67999267578125,125.69612884521484,21671,0.0,0.0,0.0
2020-09-24,155.39999389648438,155.66409301757812,154.7926025390625,155.02000427246094,125.16329193115234,15478,0.0,0.0,0.0
2020-09-25,155.27000427246094,155.85000610351562,155.22874450683594,155.5500030517578,125.59117889404297,12900,0.0,0.0,0.0
2020-09-28,155.60000610351562,156.04867553710938,155.27000427246094,155.27000427246094,125.36509704589844,11676,0.0,0.0,0.0
2020-09-29,155.38999938964844,156.02516174316406,155.16000366210938,155.8800048828125,125.85763549804688,16310,0.0,0.0,0.0
2020-09-30,156.44000244140625,156.44000244140625,155.0796356201172,155.0800018310547,125.21171569824219,25433,0.0,0.0,0.0
2020-10-01,155.07000732421875,156.18890380859375,154.55999755859375,154.99000549316406,125.13904571533203,33274,0.0,0.0,0.0
2020-10-02,155.99000549316406,156.1923065185547,154.99000549316406,155.3699951171875,125.44584655761719,19392,0.0,0.0,0.0
2020-10-05,155.8800048828125,155.8800048828125,154.6300048828125,154.7899932861328,124.9775390625,10815,0.0,0.0,0.0
2020-10-06,154.0,155.75999450683594,154.0,155.39999389648438,125.47004699707031,13048,0.0,0.0,0.0
2020-10-07,155.5,155.7895050048828,154.67999267578125,155.0500030517578,125.18749237060547,5835,0.0,0.0,0.0
2020-10-08,155.02000427246094,155.6300048828125,154.9961395263672,155.6300048828125,125.65575408935547,47940,0.0,0.0,0.0
2020-10-09,155.22999572753906,155.86000061035156,155.10740661621094,155.5500030517578,125.59117889404297,64092,0.0,0.0,0.0
2020-10-12,156.47000122070312,156.47000122070312,155.32000732421875,155.52999877929688,125.5750503540039,11724,0.0,0.0,0.0
2020-10-13,156.4600067138672,156.4600067138672,155.47515869140625,156.0399932861328,125.98677825927734,15515,0.0,0.0,0.0
2020-10-14,156.5399932861328,157.20249938964844,156.11000061035156,156.38999938964844,126.2693862915039,54995,0.0,0.0,0.0
2020-10-15,156.6199951171875,157.36700439453125,156.2100067138672,156.92999267578125,126.70535278320312,40360,0.0,0.0,0.0
2020-10-16,157.49000549316406,157.49000549316406,156.1367950439453,156.8249969482422,126.6206283569336,9315,0.0,0.0,0.0
2020-10-19,157.0500030517578,157.5,156.3389434814453,157.33999633789062,127.03642272949219,13318,0.0,0.0,0.0
2020-10-20,156.8699951171875,157.6132049560547,156.42010498046875,156.77999877929688,126.58427429199219,16166,0.0,0.0,0.0
2020-10-21,157.52000427246094,157.52000427246094,156.10000610351562,156.6699981689453,126.49546813964844,8970,0.0,0.0,0.0
2020-10-22,157.24000549316406,157.24000549316406,155.5583953857422,156.0,125.95450592041016,7543,0.0,0.0,0.0
2020-10-23,156.02000427246094,156.66549682617188,155.45091247558594,156.52999877929688,126.38243103027344,7259,0.0,0.0,0.0
2020-10-26,157.1699981689453,157.1699981689453,155.4510040283203,156.31500244140625,126.2088394165039,22572,0.0,0.0,0.0
2020-10-27,157.39999389648438,157.41900634765625,156.0399932861328,157.0399932861328,126.79414367675781,9135,0.0,0.0,0.0
2020-10-28,156.8800048828125,157.69554138183594,156.85000610351562,157.3300018310547,127.0283203125,14264,0.0,0.0,0.0
2020-10-29,157.33999633789062,157.33999633789062,156.22999572753906,156.25,126.1563491821289,16847,0.0,0.0,0.0
2020-10-30,156.16000366210938,156.64053344726562,155.39999389648438,155.52000427246094,125.56694030761719,44686,0.0,0.0,0.0
2020-11-02,156.47999572753906,156.47999572753906,155.1199951171875,156.41000366210938,126.28551483154297,43031,0.0,0.0,0.0
2020-11-03,155.67999267578125,156.47999572753906,155.5800018310547,155.64999389648438,125.67190551757812,14225,0.0,0.0,0.0
2020-11-04,156.22000122070312,157.11000061035156,155.96800231933594,156.4949951171875,126.35418701171875,19188,0.0,0.0,0.0
2020-11-05,157.13999938964844,157.75100708007812,156.89999389648438,156.89999389648438,126.68115997314453,23902,0.0,0.0,0.0
2020-11-06,157.72999572753906,157.78604125976562,156.3699951171875,156.6999969482422,126.51971435546875,20125,0.0,0.0,0.0
2020-11-09,157.22999572753906,157.3000030517578,155.6999969482422,155.6999969482422,125.7122573852539,22894,0.0,0.0,0.0
2020-11-10,155.2100067138672,156.0355987548828,155.2100067138672,155.35000610351562,125.42970275878906,42497,0.0,0.0,0.0
2020-11-11,155.9199981689453,155.9199981689453,155.01060485839844,155.55999755859375,125.59919738769531,13833,0.0,0.0,0.0
2020-11-12,155.72999572753906,156.5500030517578,155.54425048828125,156.3000030517578,126.19671630859375,17431,0.0,0.0,0.0
2020-11-13,155.77999877929688,157.25,155.77999877929688,156.4499969482422,126.31782531738281,14922,0.0,0.0,0.0
2020-11-16,157.36000061035156,157.36000061035156,155.91000366210938,156.91000366210938,126.6892318725586,47519,0.0,0.0,0.0
2020-11-17,156.80999755859375,157.2100067138672,156.1029052734375,157.00999450683594,126.76998138427734,17716,0.0,0.0,0.0
2020-11-18,157.58999633789062,157.90199279785156,156.72000122070312,156.9199981689453,126.69732666015625,27087,0.0,0.0,0.0
2020-11-19,157.38999938964844,157.53868103027344,156.6392059326172,157.27000427246094,126.9798812866211,10921,0.0,0.0,0.0
2020-11-20,157.36000061035156,158.11669921875,157.08999633789062,158.07000732421875,127.62580871582031,29149,0.0,0.0,0.0
2020-11-23,157.2100067138672,158.42999267578125,157.2100067138672,158.22999572753906,127.75501251220703,13645,0.0,0.0,0.0
2020-11-24,157.66000366210938,158.89344787597656,157.50999450683594,158.66000366210938,128.1022186279297,17635,0.0,0.0,0.0
2020-11-25,158.60000610351562,158.8832244873047,157.70989990234375,158.61000061035156,128.06182861328125,12491,0.0,0.0,0.0
2020-11-26,158.60000610351562,159.0500030517578,158.3300018310547,159.0500030517578,128.4170684814453,44903,0.0,0.0,0.0
2020-11-27,158.85000610351562,159.32040405273438,158.6300048828125,159.0500030517578,128.4170684814453,15902,0.0,0.0,0.0
2020-11-30,159.77000427246094,159.80239868164062,158.83999633789062,159.24000549316406,128.57049560546875,19365,0.0,0.0,0.0
2020-12-01,158.8800048828125,159.3699951171875,158.25999450683594,158.4199981689453,127.9084243774414,13074,0.0,0.0,0.0
2020-12-02,159.25,159.25,158.33999633789062,158.8000030517578,128.2152099609375,11221,0.0,0.0,0.0
2020-12-03,158.72000122070312,159.3267059326172,158.39999389648438,158.63999938964844,128.08607482910156,25160,0.0,0.0,0.0
2020-12-04,158.75999450683594,159.37620544433594,158.10650634765625,158.61500549316406,128.0658721923828,13866,0.0,0.0,0.0
2020-12-07,158.25,159.83999633789062,158.25,159.67999267578125,128.9257354736328,33518,0.0,0.0,0.0
2020-12-08,159.02999877929688,160.22999572753906,159.02999877929688,160.22999572753906,129.3697967529297,16203,0.0,0.0,0.0
2020-12-09,160.5,160.5,159.6090545654297,160.38999938964844,129.49899291992188,213635,0.0,0.0,0.0
2020-12-10,159.92999267578125,160.3062744140625,159.22659301757812,160.19000244140625,130.0102081298828,8293,0.8299,0.0,0.0
2020-12-11,161.0,161.0500030517578,160.242431640625,160.39999389648438,130.18064880371094,34524,0.0,0.0,0.0
2020-12-14,160.02999877929688,160.2895050048828,159.2996063232422,159.89999389648438,129.7748565673828,15772,0.0,0.0,0.0
2020-12-15,160.02999877929688,160.36000061035156,159.25,159.4250030517578,129.38934326171875,12693,0.0,0.0,0.0
2020-12-16,159.92999267578125,159.92999267578125,158.50999450683594,158.9250030517578,128.9835662841797,18661,0.0,0.0,0.0
2020-12-17,159.8000030517578,159.97000122070312,158.4019012451172,159.67999267578125,129.59632873535156,40510,0.0,0.0,0.0
2020-12-18,160.42999267578125,160.42999267578125,159.22000122070312,160.14999389648438,129.97775268554688,18334,0.0,0.0,0.0
2020-12-21,161.17999267578125,161.17999267578125,159.4720001220703,160.35499572753906,130.1441192626953,6959,0.0,0.0,0.0
2020-12-22,160.3000030517578,160.9499969482422,159.6739044189453,160.9499969482422,130.62704467773438,6027,0.0,0.0,0.0
2020-12-23,160.72000122070312,161.00645446777344,158.97999572753906,159.1649932861328,129.17832946777344,11339,0.0,0.0,0.0
2020-12-24,159.77999877929688,160.02999877929688,158.8339385986328,160.00999450683594,129.86416625976562,2902,0.0,0.0,0.0
2020-12-29,160.67999267578125,160.93670654296875,159.50889587402344,160.67999267578125,130.40792846679688,19244,0.0,0.0,0.0
2020-12-30,160.32000732421875,160.79359436035156,159.8129119873047,160.67999267578125,130.40792846679688,7953,0.0,0.0,0.0
2020-12-31,160.89999389648438,161.3166046142578,159.77999877929688,160.86500549316406,130.55804443359375,882,0.0,0.0,0.0
2021-01-04,160.02000427246094,161.87710571289062,160.02000427246094,161.0,130.66761779785156,12796,0.0,0.0,0.0
2021-01-05,160.92999267578125,161.83755493164062,160.52000427246094,160.85499572753906,130.5499267578125,9980,0.0,0.0,0.0
2021-01-06,160.3800048828125,160.65809631347656,159.97999572753906,160.17999267578125,130.00210571289062,33676,0.0,0.0,0.0
2021-01-07,159.97000122070312,160.77999877929688,159.3800048828125,159.88999938964844,129.76673889160156,9264,0.0,0.0,0.0
2021-01-08,159.10000610351562,160.10000610351562,159.10000610351562,159.30999755859375,129.2960205078125,31981,0.0,0.0,0.0
2021-01-11,159.3699951171875,159.94000244140625,158.98460388183594,159.24000549316406,129.2391815185547,41972,0.0,0.0,0.0
2021-01-12,159.88999938964844,159.88999938964844,158.3699951171875,158.50999450683594,128.64669799804688,33693,0.0,0.0,0.0
2021-01-13,157.24000549316406,159.13999938964844,157.24000549316406,158.97999572753906,129.02818298339844,17707,0.0,0.0,0.0
2021-01-14,158.47000122070312,159.82000732421875,158.35000610351562,159.125,129.1458740234375,12650,0.0,0.0,0.0
2021-01-15,158.89999389648438,160.18930053710938,158.85000610351562,159.5500030517578,129.4907989501953,8980,0.0,0.0,0.0
2021-01-18,159.9199981689453,160.2100067138672,158.5,159.2100067138672,129.21484375,9329,0.0,0.0,0.0
2021-01-19,158.66000366210938,159.74000549316406,158.66000366210938,159.16000366210938,129.17430114746094,14218,0.0,0.0,0.0
2021-01-20,159.99000549316406,160.0,158.97250366210938,159.14999389648438,129.16615295410156,18348,0.0,0.0,0.0
2021-01-21,159.3000030517578,159.55999755859375,158.42999267578125,158.80499267578125,128.8861541748047,21476,0.0,0.0,0.0
2021-01-22,159.11000061035156,159.64581298828125,158.37429809570312,159.05999755859375,129.09312438964844,17841,0.0,0.0,0.0
2021-01-25,159.72999572753906,159.72999572753906,158.25,159.44000244140625,129.40151977539062,12245,0.0,0.0,0.0
2021-01-26,159.88999938964844,160.2899932861328,159.26089477539062,159.6999969482422,129.61253356933594,15821,0.0,0.0,0.0
2021-01-27,158.86000061035156,160.2779998779297,158.86000061035156,159.5500030517578,129.4907989501953,17766,0.0,0.0,0.0
2021-01-28,159.5,159.78887939453125,158.39999389648438,158.77999877929688,128.8658905029297,9010,0.0,0.0,0.0
2021-01-29,157.99000549316406,159.66000366210938,157.99000549316406,158.24000549316406,128.4276123046875,39197,0.0,0.0,0.0
2021-02-01,158.3699951171875,158.80999755859375,157.7899932861328,158.32000732421875,128.49256896972656,31919,0.0,0.0,0.0
2021-02-02,158.19000244140625,158.54600524902344,157.77000427246094,158.1199951171875,128.33021545410156,25518,0.0,0.0,0.0
2021-02-03,158.27000427246094,158.52769470214844,157.9234161376953,158.38999938964844,128.54934692382812,12857,0.0,0.0,0.0
2021-02-04,157.94000244140625,158.6699981689453,157.09739685058594,157.3249969482422,127.68499755859375,11411,0.0,0.0,0.0
2021-02-05,157.72999572753906,157.72999572753906,156.44000244140625,156.61000061035156,127.10469818115234,18586,0.0,0.0,0.0
2021-02-08,155.88999938964844,157.32479858398438,155.88999938964844,156.92999267578125,127.36434936523438,11088,0.0,0.0,0.0
2021-02-09,157.85000610351562,157.89309692382812,157.16879272460938,157.63999938964844,127.94066619873047,27086,0.0,0.0,0.0
2021-02-10,157.8000030517578,157.84559631347656,157.16000366210938,157.16000366210938,127.55105590820312,30802,0.0,0.0,0.0
2021-02-11,157.47000122070312,158.25999450683594,157.0,157.8249969482422,128.09075927734375,25964,0.0,0.0,0.0
2021-02-12,158.2899932861328,158.2899932861328,156.9481964111328,157.44000244140625,127.77831268310547,56692,0.0,0.0,0.0
2021-02-15,156.5500030517578,156.75999450683594,155.9705047607422,156.5399932861328,127.04786682128906,11419,0.0,0.0,0.0
2021-02-16,156.69000244140625,156.97799682617188,155.7935028076172,156.19000244140625,126.76380157470703,20941,0.0,0.0,0.0
2021-02-17,156.05999755859375,156.63999938964844,155.7135009765625,156.4550018310547,126.97888946533203,22612,0.0,0.0,0.0
2021-02-18,156.6199951171875,157.15899658203125,155.42999267578125,156.0500030517578,126.65019989013672,20730,0.0,0.0,0.0
2021-02-19,155.66000366210938,155.86050415039062,154.6929931640625,155.27000427246094,126.01718139648438,14462,0.0,0.0,0.0
2021-02-22,154.86000061035156,155.3719940185547,154.1439971923828,155.10000610351562,125.87919616699219,104217,0.0,0.0,0.0
2021-02-23,154.3800048828125,155.03610229492188,153.89999389648438,154.3249969482422,125.25015258789062,39610,0.0,0.0,0.0
2021-02-24,155.1699981689453,155.1699981689453,152.74000549316406,154.00999450683594,124.99455261230469,16776,0.0,0.0,0.0
2021-02-25,153.77999877929688,153.77999877929688,152.7100067138672,152.82000732421875,124.02872467041016,18727,0.0,0.0,0.0
2021-02-26,153.1999969482422,153.55389404296875,152.3000030517578,152.86000061035156,124.06124877929688,27748,0.0,0.0,0.0
2021-03-01,153.50999450683594,153.97000122070312,152.75999450683594,153.85000610351562,124.86468505859375,38035,0.0,0.0,0.0
2021-03-02,153.1199951171875,154.74000549316406,153.1199951171875,154.16000366210938,125.11624908447266,33523,0.0,0.0,0.0
2021-03-03,154.60000610351562,154.64453125,153.2100067138672,153.3000030517578,124.4183120727539,28419,0.0,0.0,0.0
2021-03-04,153.25999450683594,154.39999389648438,153.25999450683594,154.0500030517578,125.02700805664062,59935,0.0,0.0,0.0
2021-03-05,154.3800048828125,154.3800048828125,153.06739807128906,153.89500427246094,124.90120697021484,34231,0.0,0.0,0.0
2021-03-08,153.0399932861328,154.11000061035156,153.0399932861328,154.02000427246094,125.00264739990234,31345,0.0,0.0,0.0
2021-03-09,152.8800048828125,154.38999938964844,152.8800048828125,153.97500610351562,124.96614837646484,94773,0.0,0.0,0.0
2021-03-10,154.07000732421875,154.3070831298828,153.48060607910156,154.0399932861328,125.01890563964844,92635,0.0,0.0,0.0
2021-03-11,153.38999938964844,154.1199951171875,152.3777313232422,153.32000732421875,125.08458709716797,17373,0.8005,0.0,0.0
2021-03-12,152.89999389648438,153.26939392089844,151.60000610351562,152.01499938964844,124.01988220214844,19149,0.0,0.0,0.0
2021-03-15,152.3800048828125,152.764892578125,151.4842071533203,152.27000427246094,124.2279281616211,14130,0.0,0.0,0.0
2021-03-16,151.44000244140625,152.49899291992188,151.44000244140625,151.9550018310547,123.970947265625,25499,0.0,0.0,0.0
2021-03-17,152.02000427246094,152.47000122070312,151.02999877929688,151.35000610351562,123.4773178100586,20257,0.0,0.0,0.0
2021-03-18,150.52999877929688,151.44000244140625,150.19940185546875,150.55999755859375,122.83287048339844,38408,0.0,0.0,0.0
2021-03-19,150.74000549316406,151.55999755859375,150.5023956298828,151.0500030517578,123.23261260986328,24043,0.0,0.0,0.0
2021-03-22,151.0800018310547,151.65341186523438,150.81829833984375,151.32000732421875,123.452880859375,17140,0.0,0.0,0.0
2021-03-23,151.6999969482422,152.33670043945312,151.30999755859375,152.06500244140625,124.06070709228516,90878,0.0,0.0,0.0
2021-03-24,152.4499969482422,153.30999755859375,152.11000061035156,152.49000549316406,124.40740966796875,17088,0.0,0.0,0.0
2021-03-25,152.9600067138672,153.09939575195312,152.49349975585938,153.0,124.823486328125,21126,0.0,0.0,0.0
2021-03-26,152.72999572753906,153.47999572753906,152.0800018310547,152.4499969482422,124.37478637695312,106099,0.0,0.0,0.0
2021-03-29,152.74000549316406,153.3209991455078,152.0800018310547,152.57000732421875,124.47268676757812,18986,0.0,0.0,0.0
2021-03-30,151.72000122070312,152.576904296875,151.0800018310547,151.0800018310547,123.2571029663086,18109,0.0,0.0,0.0
2021-03-31,151.52000427246094,152.4615936279297,151.32000732421875,152.1199951171875,124.10553741455078,155019,0.0,0.0,0.0
2021-04-01,152.0,152.44239807128906,151.39706420898438,152.31500244140625,124.26463317871094,34322,0.0,0.0,0.0
2021-04-06,152.0,152.6300048828125,151.72999572753906,152.3000030517578,124.25240325927734,27323,0.0,0.0,0.0
2021-04-07,151.6300048828125,152.8691864013672,151.6300048828125,152.36000061035156,124.3013687133789,14756,0.0,0.0,0.0
2021-04-08,152.52000427246094,153.27999877929688,152.47760009765625,153.27999877929688,125.05191802978516,21575,0.0,0.0,0.0
2021-04-09,153.16000366210938,153.4199981689453,152.55999755859375,153.1199951171875,124.92137145996094,12698,0.0,0.0,0.0
2021-04-12,152.8000030517578,153.60000610351562,152.44000244140625,153.1649932861328,124.9581069946289,22641,0.0,0.0,0.0
2021-04-13,152.99000549316406,153.41000366210938,152.5500030517578,153.25999450683594,125.03561401367188,37413,0.0,0.0,0.0
2021-04-14,153.82000732421875,153.9763946533203,152.75999450683594,153.08999633789062,124.89691925048828,7349,0.0,0.0,0.0
2021-04-15,153.08999633789062,153.92999267578125,152.47000122070312,153.67999267578125,125.37823486328125,21138,0.0,0.0,0.0
2021-04-16,153.39999389648438,154.18099975585938,153.25909423828125,153.92999267578125,125.58220672607422,20470,0.0,0.0,0.0
2021-04-19,153.8300018310547,153.89776611328125,153.0800018310547,153.56500244140625,125.284423828125,11058,0.0,0.0,0.0
2021-04-20,153.64999389648438,153.8800048828125,152.99000549316406,153.8800048828125,125.54142761230469,15254,0.0,0.0,0.0
2021-04-21,153.52999877929688,154.00196838378906,153.24000549316406,153.44000244140625,125.18245697021484,14383,0.0,0.0,0.0
2021-04-22,154.02000427246094,154.4300994873047,153.2100067138672,153.83999633789062,125.50875854492188,14499,0.0,0.0,0.0
2021-04-23,153.8300018310547,154.75,153.41000366210938,153.5800018310547,125.29667663574219,13238,0.0,0.0,0.0
2021-04-26,153.7100067138672,153.80999755859375,153.1300048828125,153.52999877929688,125.25590515136719,18592,0.0,0.0,0.0
2021-04-27,153.47999572753906,153.8101806640625,153.22999572753906,153.5,125.23140716552734,20710,0.0,0.0,0.0
2021-04-28,153.39999389648438,153.99000549316406,152.65570068359375,153.2449951171875,125.02336883544922,46389,0.0,0.0,0.0
2021-04-29,153.14999389648438,153.63107299804688,152.59054565429688,152.8300018310547,124.68476867675781,54920,0.0,0.0,0.0
2021-04-30,152.8699951171875,153.38563537597656,152.60000610351562,152.74000549316406,124.61138153076172,36061,0.0,0.0,0.0
2021-05-04,153.0,153.67999267578125,152.60000610351562,153.2899932861328,125.06009674072266,20642,0.0,0.0,0.0
2021-05-05,152.80999755859375,153.72109985351562,152.80999755859375,153.22500610351562,125.0070571899414,25290,0.0,0.0,0.0
2021-05-06,154.00999450683594,154.00999450683594,152.8300018310547,153.3699951171875,125.12535858154297,9606,0.0,0.0,0.0
2021-05-07,153.3300018310547,154.24000549316406,153.14990234375,153.61000061035156,125.32113647460938,12799,0.0,0.0,0.0
2021-05-10,153.9600067138672,153.9600067138672,80.0,153.22999572753906,125.0111083984375,20392,0.0,0.0,0.0
2021-05-11,153.83999633789062,153.83999633789062,152.2764129638672,152.60000610351562,124.49716186523438,11979,0.0,0.0,0.0
2021-05-12,152.52999877929688,153.22659301757812,151.55999755859375,151.55999755859375,123.64867401123047,45131,0.0,0.0,0.0
2021-05-13,152.0,152.0,151.1371612548828,151.38999938964844,123.50997161865234,34105,0.0,0.0,0.0
2021-05-14,151.72999572753906,152.5269012451172,151.57000732421875,152.47000122070312,124.39106750488281,22173,0.0,0.0,0.0
2021-05-17,152.00999450683594,153.0,151.76983642578125,152.5,124.41555786132812,61926,0.0,0.0,0.0
2021-05-18,151.39999389648438,152.5465545654297,151.39999389648438,152.3800048828125,124.317626953125,41822,0.0,0.0,0.0
2021-05-19,152.2899932861328,152.3800048828125,151.4600067138672,152.1300048828125,124.11369323730469,74049,0.0,0.0,0.0
2021-05-20,151.9499969482422,152.58999633789062,151.5166015625,152.5,124.41555786132812,9757,0.0,0.0,0.0
2021-05-21,152.3699951171875,152.69000244140625,152.0,152.60000610351562,124.49716186523438,16362,0.0,0.0,0.0
2021-05-24,152.8300018310547,152.9499969482422,152.30252075195312,152.8800048828125,124.72559356689453,9703,0.0,0.0,0.0
2021-05-25,152.3000030517578,153.77000427246094,152.3000030517578,152.77999877929688,124.64398956298828,18945,0.0,0.0,0.0
2021-05-26,153.1699981689453,153.64999389648438,152.72190856933594,153.42999267578125,125.17430114746094,11884,0.0,0.0,0.0
2021-05-27,153.57000732421875,154.3000030517578,152.39999389648438,152.39999389648438,124.33397674560547,20797,0.0,0.0,0.0
2021-05-28,152.8300018310547,153.34800720214844,152.543212890625,153.25,125.02742767333984,10916,0.0,0.0,0.0
2021-06-01,153.1999969482422,154.0,152.5399932861328,152.86000061035156,124.70930480957031,27376,0.0,0.0,0.0
2021-06-02,152.8699951171875,153.27000427246094,152.5,153.22999572753906,125.0111083984375,6963,0.0,0.0,0.0
2021-06-03,152.8300018310547,153.07113647460938,152.35000610351562,152.39999389648438,124.33397674560547,9903,0.0,0.0,0.0
2021-06-04,152.5500030517578,153.22999572753906,152.1300048828125,152.9499969482422,124.78268432617188,22435,0.0,0.0,0.0
2021-06-07,152.8000030517578,153.88999938964844,152.69000244140625,152.74000549316406,124.61138153076172,10351,0.0,0.0,0.0
2021-06-08,152.89999389648438,153.6300048828125,152.73837280273438,153.3000030517578,125.06826782226562,18020,0.0,0.0,0.0
2021-06-09,153.10000610351562,153.9627227783203,152.9308319091797,153.72500610351562,125.41495513916016,8545,0.0,0.0,0.0
2021-06-10,153.89999389648438,154.1924285888672,153.22999572753906,153.6300048828125,125.33746337890625,14648,0.0,0.0,0.0
2021-06-11,153.67999267578125,154.41000366210938,153.0800018310547,154.2899932861328,125.87592315673828,15437,0.0,0.0,0.0
2021-06-14,154.49000549316406,154.5,153.7660369873047,153.97000122070312,125.61486053466797,8281,0.0,0.0,0.0
2021-06-15,153.9499969482422,154.17117309570312,153.63999938964844,153.82000732421875,125.49246215820312,18563,0.0,0.0,0.0
2021-06-16,153.6699981689453,154.24000549316406,153.3437957763672,153.97999572753906,125.62300872802734,290651,0.0,0.0,0.0
2021-06-17,152.32000732421875,153.3699951171875,152.09109497070312,152.75,125.26693725585938,16015,0.7958,0.0,0.0
2021-06-18,152.8300018310547,153.47999572753906,152.18983459472656,153.32000732421875,125.73441314697266,33323,0.0,0.0,0.0
2021-06-21,153.3000030517578,154.00819396972656,152.93527221679688,153.30999755859375,125.72618865966797,9209,0.0,0.0,0.0
2021-06-22,152.97999572753906,153.3508758544922,152.33956909179688,152.77999877929688,125.29154205322266,5782,0.0,0.0,0.0
2021-06-23,152.52000427246094,153.24000549316406,152.52000427246094,152.97999572753906,125.45555877685547,19694,0.0,0.0,0.0
2021-06-24,152.77999877929688,153.64999389648438,152.2123565673828,153.64999389648438,126.00498962402344,8442,0.0,0.0,0.0
2021-06-25,153.64999389648438,154.08859252929688,153.1699981689453,153.3300018310547,125.74256896972656,33192,0.0,0.0,0.0
2021-06-28,153.4499969482422,153.91000366210938,152.85000610351562,153.61000061035156,125.97217559814453,11257,0.0,0.0,0.0
2021-06-29,153.5,154.4600067138672,153.39520263671875,153.6699981689453,126.02143859863281,14935,0.0,0.0,0.0
2021-06-30,153.5800018310547,154.41000366210938,153.4429931640625,153.80999755859375,126.13623046875,14691,0.0,0.0,0.0
2021-07-01,153.6999969482422,154.7100067138672,153.50999450683594,153.97999572753906,126.2756118774414,12830,0.0,0.0,0.0
2021-07-02,153.60000610351562,154.6999969482422,153.1916046142578,154.3699951171875,126.59544372558594,27711,0.0,0.0,0.0
2021-07-05,154.3800048828125,155.02000427246094,153.92799377441406,154.25999450683594,126.50526428222656,12080,0.0,0.0,0.0
2021-07-06,154.14999389648438,155.22999572753906,154.11807250976562,155.22999572753906,127.30077362060547,18029,0.0,0.0,0.0
2021-07-07,155.24000549316406,155.7899932861328,155.0399932861328,155.4499969482422,127.48113250732422,5530,0.0,0.0,0.0
2021-07-08,155.2100067138672,156.1199951171875,155.2100067138672,155.38999938964844,127.43193817138672,14251,0.0,0.0,0.0
2021-07-09,154.77999877929688,155.8800048828125,154.25,154.47000122070312,126.67748260498047,12833,0.0,0.0,0.0
2021-07-12,154.61000061035156,155.27999877929688,154.40542602539062,155.19000244140625,127.26791381835938,8375,0.0,0.0,0.0
2021-07-13,154.7899932861328,155.4499969482422,154.77000427246094,155.2550048828125,127.32123565673828,5378,0.0,0.0,0.0
2021-07-14,155.08999633789062,155.44000244140625,154.66000366210938,155.2100067138672,127.28436279296875,22524,0.0,0.0,0.0
2021-07-15,154.99000549316406,155.99000549316406,154.3699951171875,154.4199981689453,126.63646697998047,16893,0.0,0.0,0.0
2021-07-16,154.8000030517578,155.4600067138672,154.7654571533203,155.1300048828125,127.21876525878906,4099,0.0,0.0,0.0
2021-07-19,155.27999877929688,156.49000549316406,155.10409545898438,155.75,127.72718048095703,20723,0.0,0.0,0.0
2021-07-20,155.8800048828125,156.74000549316406,155.7100067138672,155.7100067138672,127.69439697265625,14592,0.0,0.0,0.0
2021-07-21,156.05999755859375,156.22000122070312,155.3000030517578,155.3000030517578,127.35813903808594,6353,0.0,0.0,0.0
2021-07-22,155.4499969482422,156.02000427246094,155.0572052001953,155.8300018310547,127.7927474975586,7688,0.0,0.0,0.0
2021-07-23,155.5500030517578,156.36000061035156,155.42300415039062,156.02000427246094,127.94860076904297,10162,0.0,0.0,0.0
2021-07-26,156.82000732421875,156.82000732421875,155.88430786132812,156.02000427246094,127.94860076904297,5290,0.0,0.0,0.0
2021-07-27,156.22000122070312,156.8300018310547,155.6199951171875,156.1699981689453,128.0716094970703,4649,0.0,0.0,0.0
2021-07-28,156.9600067138672,156.99000549316406,156.07000732421875,156.35000610351562,128.21920776367188,278944,0.0,0.0,0.0
2021-07-29,156.38999938964844,156.6699981689453,155.8000030517578,156.1699981689453,128.0716094970703,126648,0.0,0.0,0.0
2021-07-30,155.50999450683594,156.9600067138672,155.50999450683594,156.33999633789062,128.2110137939453,7656,0.0,0.0,0.0
2021-08-02,156.10000610351562,156.75759887695312,155.8916473388672,156.5449981689453,128.37911987304688,10374,0.0,0.0,0.0
2021-08-03,155.85000610351562,157.07000732421875,155.8000030517578,156.9149932861328,128.6825714111328,21198,0.0,0.0,0.0
2021-08-04,157.49000549316406,157.5,156.8928985595703,157.22999572753906,128.9408416748047,20906,0.0,0.0,0.0
2021-08-05,157.75999450683594,157.83999633789062,156.91000366210938,157.13999938964844,128.86708068847656,20703,0.0,0.0,0.0
2021-08-06,156.8800048828125,157.5574493408203,156.170166015625,156.19000244140625,128.08799743652344,7947,0.0,0.0,0.0
2021-08-09,156.32000732421875,156.8699951171875,155.4600067138672,156.60000610351562,128.42425537109375,28235,0.0,0.0,0.0
2021-08-10,156.5500030517578,157.2899932861328,156.1300048828125,156.64999389648438,128.46522521972656,4956,0.0,0.0,0.0
2021-08-11,157.08999633789062,157.2899932861328,156.4058074951172,156.85000610351562,128.62928771972656,7331,0.0,0.0,0.0
2021-08-12,157.47999572753906,157.52000427246094,156.2899932861328,156.5050048828125,128.34637451171875,6227,0.0,0.0,0.0
2021-08-13,156.57000732421875,156.77000427246094,156.25433349609375,156.74000549316406,128.53907775878906,7267,0.0,0.0,0.0
2021-08-16,156.52000427246094,157.0457000732422,156.3542938232422,156.8000030517578,128.58828735351562,4869,0.0,0.0,0.0
2021-08-17,156.99000549316406,157.3000030517578,156.55589294433594,156.67999267578125,128.4898223876953,14012,0.0,0.0,0.0
2021-08-18,156.6699981689453,157.6300048828125,156.27000427246094,156.47999572753906,128.32579040527344,8987,0.0,0.0,0.0
2021-08-19,156.89999389648438,157.30999755859375,156.63999938964844,156.63999938964844,128.45706176757812,6028,0.0,0.0,0.0
2021-08-20,157.00999450683594,157.4499969482422,156.74000549316406,157.1300048828125,128.85887145996094,6720,0.0,0.0,0.0
2021-08-23,156.7899932861328,157.2022705078125,156.4199981689453,156.92999267578125,128.69482421875,6217,0.0,0.0,0.0
2021-08-24,156.97000122070312,157.05999755859375,156.4001007080078,156.66000366210938,128.4734344482422,5241,0.0,0.0,0.0
2021-08-25,156.94000244140625,156.9956512451172,156.05430603027344,156.3300018310547,128.20278930664062,8856,0.0,0.0,0.0
2021-08-26,156.14999389648438,156.25,155.3699951171875,156.0399932861328,127.96497344970703,9132,0.0,0.0,0.0
2021-08-27,155.9199981689453,156.52999877929688,155.5944061279297,156.11000061035156,128.0224151611328,3676,0.0,0.0,0.0
2021-08-31,155.64999389648438,157.1699981689453,155.64999389648438,156.02000427246094,127.94860076904297,8053,0.0,0.0,0.0
2021-09-01,155.24000549316406,156.36000061035156,155.24000549316406,156.1999969482422,128.09620666503906,10286,0.0,0.0,0.0
2021-09-02,156.16000366210938,156.61000061035156,155.55250549316406,156.1300048828125,128.0387725830078,20092,0.0,0.0,0.0
2021-09-03,156.42999267578125,156.42999267578125,155.50430297851562,155.75,127.72718048095703,8561,0.0,0.0,0.0
2021-09-06,155.27000427246094,156.6999969482422,155.27000427246094,156.1699981689453,128.0716094970703,6954,0.0,0.0,0.0
2021-09-07,155.8300018310547,156.45660400390625,155.5,155.5,127.52213287353516,3572,0.0,0.0,0.0
2021-09-08,155.8000030517578,156.3000030517578,155.62579345703125,155.67999267578125,127.66973876953125,17842,0.0,0.0,0.0
2021-09-09,155.77999877929688,156.50999450683594,155.50999450683594,155.85000610351562,127.8091812133789,7525,0.0,0.0,0.0
2021-09-10,156.0,156.05999755859375,155.50999450683594,155.7899932861328,127.75996398925781,9143,0.0,0.0,0.0
2021-09-13,155.9600067138672,155.97000122070312,155.7899932861328,155.97000122070312,127.9075927734375,840,0.0,0.0,0.0
2021-09-14,155.8000030517578,156.27000427246094,155.25999450683594,155.85000610351562,127.8091812133789,9894,0.0,0.0,0.0
2021-09-15,155.8699951171875,156.085205078125,155.5500030517578,155.7550048828125,127.73127746582031,14275,0.0,0.0,0.0
2021-09-16,155.39999389648438,155.39999389648438,154.1544952392578,154.35000610351562,127.2125244140625,15119,0.7756,0.0,0.0
2021-09-17,154.16000366210938,154.35980224609375,153.74000549316406,153.74000549316406,126.70975494384766,8820,0.0,0.0,0.0
2021-09-20,153.75999450683594,154.22000122070312,153.31338500976562,153.92999267578125,126.86634826660156,10961,0.0,0.0,0.0
2021-09-21,153.9499969482422,154.80999755859375,153.83999633789062,154.25999450683594,127.13835906982422,38249,0.0,0.0,0.0
2021-09-22,153.77999877929688,154.8076934814453,153.72560119628906,154.0,126.92405700683594,62780,0.0,0.0,0.0
2021-09-23,153.5399932861328,154.5399932861328,152.91000366210938,153.07000732421875,126.1575927734375,63669,0.0,0.0,0.0
2021-09-24,152.4499969482422,153.33999633789062,152.4199981689453,152.66000366210938,125.81965637207031,11844,0.0,0.0,0.0
2021-09-27,152.75,152.80999755859375,152.00999450683594,152.2100067138672,125.44876861572266,8454,0.0,0.0,0.0
2021-09-28,151.80999755859375,152.66000366210938,150.88999938964844,151.4600067138672,124.83063507080078,15408,0.0,0.0,0.0
2021-09-29,152.02999877929688,152.16810607910156,151.50999450683594,151.5399932861328,124.8965835571289,14963,0.0,0.0,0.0
2021-09-30,151.5,151.63600158691406,150.72000122070312,151.02000427246094,124.46800994873047,11495,0.0,0.0,0.0
2021-10-01,151.6699981689453,151.85336303710938,150.8542022705078,150.97999572753906,124.43502807617188,10484,0.0,0.0,0.0
2021-10-04,151.02999877929688,151.94000244140625,150.74420166015625,151.1199951171875,124.55042266845703,7717,0.0,0.0,0.0
2021-10-05,150.33999633789062,151.4199981689453,149.92999267578125,149.97000122070312,123.60260772705078,6947,0.0,0.0,0.0
2021-10-06,149.05999755859375,150.38999938964844,149.00999450683594,149.50999450683594,123.22350311279297,14231,0.0,0.0,0.0
2021-10-07,149.60000610351562,150.27000427246094,149.57766723632812,150.00999450683594,123.63558959960938,14606,0.0,0.0,0.0
2021-10-08,150.00999450683594,150.25999450683594,148.82000732421875,148.89999389648438,122.72073364257812,22066,0.0,0.0,0.0
2021-10-11,148.92999267578125,149.33999633789062,148.27999877929688,148.66000366210938,122.52291870117188,14578,0.0,0.0,0.0
2021-10-12,148.8800048828125,149.1699981689453,148.51220703125,149.16000366210938,122.93499755859375,6761,0.0,0.0,0.0
2021-10-13,149.3000030517578,150.81390380859375,149.19296264648438,150.27000427246094,123.84989166259766,21684,0.0,0.0,0.0
2021-10-14,150.33999633789062,151.0800018310547,150.20849609375,151.00999450683594,124.459716796875,23393,0.0,0.0,0.0
2021-10-15,151.1300048828125,151.52000427246094,150.36000061035156,150.60000610351562,124.12187194824219,6352,0.0,0.0,0.0
2021-10-18,150.9199981689453,150.9199981689453,149.56219482421875,149.97500610351562,123.60673522949219,6823,0.0,0.0,0.0
2021-10-19,150.07000732421875,150.73330688476562,149.84994506835938,150.08999633789062,123.70149230957031,11398,0.0,0.0,0.0
2021-10-20,149.97999572753906,150.31979370117188,149.76100158691406,150.05999755859375,123.6767349243164,4754,0.0,0.0,0.0
2021-10-21,150.0,150.45120239257812,149.0626983642578,149.47999572753906,123.19877624511719,20708,0.0,0.0,0.0
2021-10-22,149.4499969482422,150.3300018310547,149.0500030517578,150.11000061035156,123.71800231933594,26107,0.0,0.0,0.0
2021-10-25,149.75999450683594,150.6356964111328,149.75999450683594,150.3249969482422,123.89515686035156,19660,0.0,0.0,0.0
2021-10-26,150.6199951171875,150.8000030517578,150.07470703125,150.77999877929688,124.27019500732422,17579,0.0,0.0,0.0
2021-10-27,150.88999938964844,152.72000122070312,150.73524475097656,152.72000122070312,125.86913299560547,25552,0.0,0.0,0.0
2021-10-28,152.60000610351562,153.2274932861328,152.2450714111328,152.49000549316406,125.6795425415039,32549,0.0,0.0,0.0
2021-10-29,152.6699981689453,152.6699981689453,151.57000732421875,152.14999389648438,125.3992919921875,14915,0.0,0.0,0.0
2021-11-01,152.11000061035156,152.3990020751953,151.02000427246094,151.7899932861328,125.10258483886719,12028,0.0,0.0,0.0
2021-11-02,151.88999938964844,152.20289611816406,151.5,151.8800048828125,125.17682647705078,11972,0.0,0.0,0.0
2021-11-03,151.5800018310547,152.04058837890625,150.8300018310547,151.0399932861328,124.48448944091797,41555,0.0,0.0,0.0
2021-11-04,150.9199981689453,152.82310485839844,150.9199981689453,152.6999969482422,125.85264587402344,268746,0.0,0.0,0.0
2021-11-05,152.89999389648438,154.52999877929688,152.18739318847656,154.50999450683594,127.3443832397461,136935,0.0,0.0,0.0
2021-11-08,154.08999633789062,154.27999877929688,153.50999450683594,154.27999877929688,127.15486145019531,4687,0.0,0.0,0.0
2021-11-09,153.92999267578125,154.60000610351562,153.92999267578125,154.60000610351562,127.41856384277344,10171,0.0,0.0,0.0
2021-11-10,154.6300048828125,154.6300048828125,152.92999267578125,152.92999267578125,126.04216766357422,15447,0.0,0.0,0.0
2021-11-11,152.6300048828125,153.22999572753906,152.6300048828125,152.8800048828125,126.0009994506836,6486,0.0,0.0,0.0
2021-11-12,153.44000244140625,153.44000244140625,152.7371063232422,152.93499755859375,126.04630279541016,12866,0.0,0.0,0.0
2021-11-15,153.4499969482422,153.5529022216797,152.4770050048828,152.61500549316406,125.78260803222656,7652,0.0,0.0,0.0
2021-11-16,152.1699981689453,152.66000366210938,151.89999389648438,152.27999877929688,125.50647735595703,6818,0.0,0.0,0.0
2021-11-17,151.6699981689453,152.22999572753906,151.6699981689453,152.02000427246094,125.29218292236328,13163,0.0,0.0,0.0
2021-11-18,152.7899932861328,153.006103515625,152.38499450683594,152.60000610351562,125.77021026611328,33517,0.0,0.0,0.0
2021-11-19,152.35000610351562,153.65499877929688,152.3300018310547,153.5500030517578,126.55316162109375,5340,0.0,0.0,0.0
2021-11-22,153.75999450683594,153.76878356933594,152.72000122070312,152.9199981689453,126.033935546875,5523,0.0,0.0,0.0
2021-11-23,153.38999938964844,153.38999938964844,151.9770965576172,152.1999969482422,125.4405517578125,69179,0.0,0.0,0.0
2021-11-24,152.22000122070312,152.4152069091797,151.4669952392578,151.97999572753906,125.25921630859375,20534,0.0,0.0,0.0
2021-11-25,151.9199981689453,152.47000122070312,151.9199981689453,152.27499389648438,125.50237274169922,12932,0.0,0.0,0.0
2021-11-26,151.77000427246094,153.172607421875,151.61000061035156,153.05999755859375,126.1492919921875,16353,0.0,0.0,0.0
2021-11-29,152.77999877929688,153.27999877929688,152.08999633789062,153.1999969482422,126.26472473144531,16052,0.0,0.0,0.0
2021-11-30,152.4499969482422,154.11700439453125,152.4499969482422,153.6999969482422,126.67680358886719,30765,0.0,0.0,0.0
2021-12-01,153.86000061035156,154.55999755859375,153.17999267578125,153.7899932861328,126.7509994506836,8970,0.0,0.0,0.0
2021-12-02,153.52000427246094,154.1999969482422,153.3800048828125,153.6699981689453,126.65211486816406,23784,0.0,0.0,0.0
2021-12-03,154.0,154.25,153.38999938964844,154.19000244140625,127.08063507080078,8787,0.0,0.0,0.0
2021-12-06,154.4600067138672,155.0,154.22999572753906,155.0,127.74824523925781,7597,0.0,0.0,0.0
2021-12-07,154.36000061035156,155.0,153.9499969482422,154.82000732421875,127.59989929199219,146299,0.0,0.0,0.0
2021-12-08,154.82000732421875,155.42999267578125,154.49000549316406,154.49000549316406,127.32793426513672,32200,0.0,0.0,0.0
2021-12-09,154.77000427246094,155.32000732421875,154.42709350585938,154.61000061035156,127.42684173583984,12985,0.0,0.0,0.0
2021-12-10,154.13999938964844,154.9199981689453,154.09710693359375,154.9199981689453,127.68231201171875,6799,0.0,0.0,0.0
2021-12-13,154.4199981689453,155.2548065185547,154.41282653808594,155.22000122070312,127.92958068847656,8563,0.0,0.0,0.0
2021-12-14,154.69000244140625,155.5800018310547,154.1999969482422,154.72999572753906,127.52568054199219,8408,0.0,0.0,0.0
2021-12-15,153.61000061035156,154.6699981689453,153.61000061035156,154.47000122070312,127.31144714355469,10933,0.0,0.0,0.0
2021-12-16,153.82000732421875,153.82000732421875,152.4142303466797,153.39999389648438,127.03821563720703,7068,0.7401,0.0,0.0
2021-12-17,153.39999389648438,153.72340393066406,152.9716033935547,153.2899932861328,126.94712829589844,5976,0.0,0.0,0.0
2021-12-20,152.8000030517578,153.33990478515625,152.7958984375,153.05999755859375,126.75660705566406,102533,0.0,0.0,0.0
2021-12-21,152.89999389648438,153.32000732421875,151.5800018310547,151.89999389648438,125.79600524902344,89877,0.0,0.0,0.0
2021-12-22,151.17999267578125,151.9600067138672,151.17999267578125,151.59500122070312,125.54340362548828,5805,0.0,0.0,0.0
2021-12-23,151.25,151.6300048828125,151.10000610351562,151.4199981689453,125.39850616455078,10279,0.0,0.0,0.0
2021-12-24,152.5,152.5,151.1699981689453,151.67999267578125,125.61380004882812,1564,0.0,0.0,0.0
2021-12-29,151.25999450683594,151.65635681152344,150.92999267578125,150.9149932861328,124.98026275634766,10079,0.0,0.0,0.0
2021-12-30,150.07000732421875,151.52999877929688,150.07000732421875,151.25,125.2576904296875,2690,0.0,0.0,0.0
2021-12-31,150.3000030517578,151.80999755859375,150.3000030517578,151.3350067138672,125.32811737060547,2675,0.0,0.0,0.0
2022-01-04,151.85000610351562,151.85000610351562,150.07000732421875,150.4499969482422,124.59520721435547,11266,0.0,0.0,0.0
2022-01-05,150.22999572753906,150.72000122070312,150.10000610351562,150.4199981689453,124.57035827636719,16652,0.0,0.0,0.0
2022-01-06,149.47999572753906,149.94729614257812,149.24000549316406,149.5,123.80841064453125,11055,0.0,0.0,0.0
2022-01-07,149.8300018310547,149.89862060546875,149.27000427246094,149.27000427246094,123.61797332763672,9826,0.0,0.0,0.0
2022-01-10,149.44000244140625,149.59158325195312,148.74000549316406,149.19500732421875,123.55586242675781,16237,0.0,0.0,0.0
2022-01-11,149.1999969482422,149.77999877929688,148.5,149.5399932861328,123.841552734375,6536,0.0,0.0,0.0
2022-01-12,149.8000030517578,149.96119689941406,149.36000061035156,149.7550048828125,124.01962280273438,7908,0.0,0.0,0.0
2022-01-13,150.27999877929688,150.27999877929688,149.52159118652344,150.1199951171875,124.32188415527344,4900,0.0,0.0,0.0
2022-01-14,150.2899932861328,150.2899932861328,149.3800048828125,149.61500549316406,123.90365600585938,9712,0.0,0.0,0.0
2022-01-17,150.05999755859375,150.05999755859375,149.1187744140625,149.26499938964844,123.61386108398438,14750,0.0,0.0,0.0
2022-01-18,148.89999389648438,149.02000427246094,148.3699951171875,148.3699951171875,122.87260437011719,11142,0.0,0.0,0.0
2022-01-19,148.58999633789062,148.58999633789062,147.3475341796875,147.64999389648438,122.27638244628906,21093,0.0,0.0,0.0
2022-01-20,147.25,148.39999389648438,147.1300048828125,148.03500366210938,122.5951919555664,28757,0.0,0.0,0.0
2022-01-21,147.6999969482422,148.97000122070312,147.6999969482422,148.40499877929688,122.901611328125,9147,0.0,0.0,0.0
2022-01-24,148.02999877929688,149.33999633789062,148.02999877929688,148.75,123.18733215332031,10785,0.0,0.0,0.0
2022-01-25,148.27000427246094,149.04200744628906,147.9600067138672,147.9600067138672,122.5330810546875,18352,0.0,0.0,0.0
2022-01-26,146.99000549316406,148.25100708007812,146.99000549316406,147.58999633789062,122.22663116455078,23582,0.0,0.0,0.0
2022-01-27,146.86000061035156,147.2899932861328,146.610107421875,147.1199951171875,121.83741760253906,13139,0.0,0.0,0.0
2022-01-28,146.5399932861328,147.05799865722656,146.08999633789062,146.2949981689453,121.15423583984375,7650,0.0,0.0,0.0
2022-01-31,146.52999877929688,146.6220245361328,145.47999572753906,145.47999572753906,120.47926330566406,5966,0.0,0.0,0.0
2022-02-01,145.00999450683594,146.45191955566406,145.00999450683594,146.07000732421875,120.96788024902344,8199,0.0,0.0,0.0
2022-02-02,146.44000244140625,146.8000030517578,146.00999450683594,146.53500366210938,121.35297393798828,13102,0.0,0.0,0.0
2022-02-03,146.5500030517578,147.13999938964844,143.35000610351562,143.63999938964844,118.95545196533203,10824,0.0,0.0,0.0
2022-02-04,143.4199981689453,143.9321746826172,141.64999389648438,142.0,117.5973129272461,72220,0.0,0.0,0.0
2022-02-07,141.64999389648438,142.5800018310547,140.6862030029297,142.25999450683594,117.81262969970703,66835,0.0,0.0,0.0
2022-02-08,141.63999938964844,143.39999389648438,141.63999938964844,143.39999389648438,118.75672149658203,41666,0.0,0.0,0.0
2022-02-09,142.61000061035156,144.33999633789062,142.61000061035156,144.33999633789062,119.53518676757812,12789,0.0,0.0,0.0
2022-02-10,143.8000030517578,144.23951721191406,142.4033966064453,142.85000610351562,118.30123901367188,68582,0.0,0.0,0.0
2022-02-11,142.7899932861328,142.7899932861328,142.0,142.2100067138672,117.77122497558594,13338,0.0,0.0,0.0
2022-02-14,142.6199951171875,142.6199951171875,140.6999969482422,140.6999969482422,116.52072143554688,12440,0.0,0.0,0.0
2022-02-15,140.6699981689453,142.0138397216797,140.42518615722656,141.52999877929688,117.20806884765625,42119,0.0,0.0,0.0
2022-02-16,141.0399932861328,142.4199981689453,141.0399932861328,142.33999633789062,117.8788833618164,21315,0.0,0.0,0.0
2022-02-17,142.8000030517578,142.91128540039062,142.25433349609375,142.61000061035156,118.10249328613281,11215,0.0,0.0,0.0
2022-02-18,142.6999969482422,143.89999389648438,142.4966583251953,142.72999572753906,118.20182037353516,9215,0.0,0.0,0.0
2022-02-21,143.24000549316406,143.75999450683594,142.80999755859375,143.1999969482422,118.59109497070312,15379,0.0,0.0,0.0
2022-02-22,143.0500030517578,143.0500030517578,141.72999572753906,142.1699981689453,117.73809051513672,9410,0.0,0.0,0.0
2022-02-23,142.14999389648438,142.53128051757812,141.7899932861328,142.17999267578125,117.74637603759766,9024,0.0,0.0,0.0
2022-02-24,142.17999267578125,142.42999267578125,140.3300018310547,140.3300018310547,116.21431732177734,6011,0.0,0.0,0.0
2022-02-25,142.6199951171875,142.6199951171875,141.49000549316406,141.52999877929688,117.20806884765625,10600,0.0,0.0,0.0
2022-02-28,141.6999969482422,142.72999572753906,140.99000549316406,140.99000549316406,116.76091003417969,9321,0.0,0.0,0.0
2022-03-01,141.60000610351562,145.49000549316406,141.39561462402344,145.22999572753906,120.27224731445312,8805,0.0,0.0,0.0
2022-03-02,144.52999877929688,146.22000122070312,143.2100067138672,143.97000122070312,119.22876739501953,74544,0.0,0.0,0.0
2022-03-03,143.97999572753906,144.24310302734375,142.22000122070312,142.74000549316406,118.21015930175781,8608,0.0,0.0,0.0
2022-03-04,142.38999938964844,144.3061981201172,142.38999938964844,143.52999877929688,118.8643798828125,16144,0.0,0.0,0.0
2022-03-07,144.0800018310547,144.0800018310547,141.0500030517578,141.2100067138672,116.94307708740234,7741,0.0,0.0,0.0
2022-03-08,140.9499969482422,141.9169921875,139.80999755859375,139.80999755859375,115.78365325927734,15459,0.0,0.0,0.0
2022-03-09,140.36000061035156,141.05999755859375,140.0399932861328,140.3800048828125,116.2557144165039,7231,0.0,0.0,0.0
2022-03-10,140.64999389648438,140.93080139160156,139.42999267578125,139.42999267578125,115.46895599365234,8656,0.0,0.0,0.0
2022-03-11,139.6699981689453,141.2626953125,139.43125915527344,140.50999450683594,116.36334991455078,17991,0.0,0.0,0.0
2022-03-14,139.91000366210938,140.2277069091797,139.3000030517578,139.3000030517578,115.3613052368164,14984,0.0,0.0,0.0
2022-03-15,139.60000610351562,140.00999450683594,138.72750854492188,139.07000732421875,115.17084503173828,15741,0.0,0.0,0.0
2022-03-16,139.05999755859375,139.83999633789062,138.43637084960938,139.2899932861328,115.35301971435547,7732,0.0,0.0,0.0
2022-03-17,138.61000061035156,140.01629638671875,138.61000061035156,139.36500549316406,116.03858947753906,16308,0.7484,0.0,0.0
2022-03-18,139.4199981689453,140.30780029296875,139.3456268310547,140.2050018310547,116.738037109375,6605,0.0,0.0,0.0
2022-03-21,139.8300018310547,140.31582641601562,139.0,139.23500061035156,115.93036651611328,36084,0.0,0.0,0.0
2022-03-22,138.1999969482422,139.09678649902344,138.0399932861328,138.0399932861328,114.93537139892578,19678,0.0,0.0,0.0
2022-03-23,138.61000061035156,139.05799865722656,138.16903686523438,138.75,115.52653503417969,56624,0.0,0.0,0.0
2022-03-24,138.82000732421875,139.47999572753906,138.2100067138672,139.47999572753906,116.13433074951172,35212,0.0,0.0,0.0
2022-03-25,138.99000549316406,139.77850341796875,138.55999755859375,139.13999938964844,115.85126495361328,33101,0.0,0.0,0.0
2022-03-28,138.60000610351562,139.97999572753906,138.12620544433594,139.8300018310547,116.42574310302734,9444,0.0,0.0,0.0
2022-03-29,139.4600067138672,140.71890258789062,138.97000122070312,140.1649932861328,116.70470428466797,27070,0.0,0.0,0.0
2022-03-30,140.6699981689453,140.6699981689453,139.3460235595703,139.82000732421875,116.41744995117188,25947,0.0,0.0,0.0
2022-03-31,140.13999938964844,140.577392578125,139.3850555419922,140.47000122070312,116.9586410522461,15663,0.0,0.0,0.0
2022-04-01,140.22999572753906,140.89999389648438,139.6999969482422,140.3699951171875,116.87538146972656,19570,0.0,0.0,0.0
2022-04-04,140.02999877929688,141.69000244140625,140.02999877929688,141.69000244140625,117.97445678710938,13738,0.0,0.0,0.0
2022-04-05,141.3300018310547,141.50929260253906,140.00999450683594,140.55999755859375,117.0335922241211,20899,0.0,0.0,0.0
2022-04-06,140.00999450683594,140.7436981201172,139.02999877929688,139.49000549316406,116.14269256591797,16594,0.0,0.0,0.0
2022-04-07,140.08999633789062,140.08999633789062,138.72999572753906,139.27999877929688,115.96781921386719,35749,0.0,0.0,0.0
2022-04-08,138.83999633789062,139.8000030517578,138.50999450683594,138.80499267578125,115.57231903076172,17354,0.0,0.0,0.0
2022-04-11,139.39999389648438,139.39999389648438,137.8699951171875,137.97000122070312,114.87708282470703,8729,0.0,0.0,0.0
2022-04-12,138.33999633789062,138.61679077148438,137.0399932861328,138.41000366210938,115.24345397949219,32849,0.0,0.0,0.0
2022-04-13,137.32000732421875,138.52000427246094,137.302001953125,138.25,115.11022186279297,17624,0.0,0.0,0.0
2022-04-14,138.19000244140625,138.6699981689453,137.02000427246094,137.91000366210938,114.82714080810547,32072,0.0,0.0,0.0
2022-04-19,137.14999389648438,137.9459991455078,136.00999450683594,136.75999450683594,113.86959075927734,28372,0.0,0.0,0.0
2022-04-20,136.0500030517578,137.20700073242188,136.0500030517578,136.8300018310547,113.92790222167969,18684,0.0,0.0,0.0
2022-04-21,136.16000366210938,136.84564208984375,135.93719482421875,136.1750030517578,113.38255310058594,11434,0.0,0.0,0.0
2022-04-22,135.8800048828125,136.2740020751953,135.37179565429688,135.9499969482422,113.1951904296875,10719,0.0,0.0,0.0
2022-04-25,136.3699951171875,137.10000610351562,135.69000244140625,136.22999572753906,113.42833709716797,14703,0.0,0.0,0.0
2022-04-26,136.4199981689453,137.01400756835938,135.87278747558594,136.8699951171875,113.96117401123047,38633,0.0,0.0,0.0
2022-04-27,136.74000549316406,137.23899841308594,135.9600067138672,136.03500366210938,113.26595306396484,23109,0.0,0.0,0.0
2022-04-28,135.9600067138672,137.05999755859375,135.67227172851562,135.77499389648438,113.04948425292969,11621,0.0,0.0,0.0
2022-04-29,135.83999633789062,136.4759979248047,135.16000366210938,135.30499267578125,112.65814971923828,11125,0.0,0.0,0.0
2022-05-03,134.0,134.61000061035156,133.3907470703125,134.53500366210938,112.01703643798828,14589,0.0,0.0,0.0
2022-05-04,134.2100067138672,134.67999267578125,133.9499969482422,133.97000122070312,111.54659271240234,109341,0.0,0.0,0.0
2022-05-05,134.55999755859375,136.64500427246094,134.55999755859375,135.14500427246094,112.52491760253906,61306,0.0,0.0,0.0
2022-05-06,135.0500030517578,135.4320068359375,133.92999267578125,133.98500061035156,111.55909729003906,29573,0.0,0.0,0.0
2022-05-09,133.6199951171875,134.0800018310547,132.6300048828125,133.61000061035156,111.24687194824219,17934,0.0,0.0,0.0
2022-05-10,133.58999633789062,135.27999877929688,133.22000122070312,135.11000061035156,112.49578857421875,17940,0.0,0.0,0.0
2022-05-11,135.1999969482422,135.77999877929688,134.46023559570312,135.02000427246094,112.42083740234375,73188,0.0,0.0,0.0
2022-05-12,135.64999389648438,136.75,135.3004150390625,136.18499755859375,113.3908462524414,15970,0.0,0.0,0.0
2022-05-13,136.5,136.6999969482422,136.01702880859375,136.3699951171875,113.54489135742188,21088,0.0,0.0,0.0
2022-05-16,137.0,137.0,135.99964904785156,136.38999938964844,113.56155395507812,16303,0.0,0.0,0.0
2022-05-17,136.0,136.38999938964844,135.3800048828125,135.4600067138672,112.78722381591797,20877,0.0,0.0,0.0
2022-05-18,134.97999572753906,135.83900451660156,134.97999572753906,135.3800048828125,112.72061157226562,13690,0.0,0.0,0.0
2022-05-19,134.60000610351562,135.2357940673828,134.22999572753906,135.0,112.40420532226562,24276,0.0,0.0,0.0
2022-05-20,135.0,135.0,134.21658325195312,134.7550048828125,112.2002182006836,9400,0.0,0.0,0.0
2022-05-23,134.0800018310547,134.7388916015625,134.0,134.0,111.57157897949219,12724,0.0,0.0,0.0
2022-05-24,134.00999450683594,135.04495239257812,134.0,134.6199951171875,112.08778381347656,24977,0.0,0.0,0.0
2022-05-25,134.80999755859375,135.2648468017578,134.33999633789062,134.3699951171875,111.879638671875,48928,0.0,0.0,0.0
2022-05-26,135.22999572753906,135.36495971679688,134.27000427246094,134.75999450683594,112.204345703125,17888,0.0,0.0,0.0
2022-05-27,134.16000366210938,135.33787536621094,134.16000366210938,135.22999572753906,112.595703125,30837,0.0,0.0,0.0
2022-05-30,134.6300048828125,135.0800018310547,134.5083465576172,134.9149932861328,112.33343505859375,5353,0.0,0.0,0.0
2022-05-31,134.8699951171875,135.07386779785156,133.3699951171875,133.3699951171875,111.04702758789062,14881,0.0,0.0,0.0
2022-06-01,133.36000061035156,133.8159942626953,133.25999450683594,133.52000427246094,111.17191314697266,5364,0.0,0.0,0.0
2022-06-06,132.52000427246094,133.27687072753906,132.52000427246094,132.63999938964844,110.43921661376953,12511,0.0,0.0,0.0
2022-06-07,132.88999938964844,133.32000732421875,132.0,133.32000732421875,111.00541687011719,12158,0.0,0.0,0.0
2022-06-08,132.50999450683594,132.9300537109375,132.47999572753906,132.67999267578125,110.47250366210938,9255,0.0,0.0,0.0
2022-06-09,133.05999755859375,133.05999755859375,131.56124877929688,131.94000244140625,109.85637664794922,8968,0.0,0.0,0.0
2022-06-10,132.33999633789062,132.33999633789062,130.17999267578125,130.17999267578125,108.39096069335938,12235,0.0,0.0,0.0
2022-06-13,131.0,131.0,128.24099731445312,128.57000732421875,107.05044555664062,10534,0.0,0.0,0.0
2022-06-14,129.52999877929688,129.72000122070312,127.66000366210938,127.66000366210938,106.29273986816406,20913,0.0,0.0,0.0
2022-06-15,128.8800048828125,130.2012481689453,128.72000122070312,129.85000610351562,108.1161880493164,25865,0.0,0.0,0.0
2022-06-16,129.0,129.33999633789062,125.85140228271484,127.56999969482422,106.89373016357422,13710,0.8211,0.0,0.0
2022-06-17,127.9800033569336,128.2539825439453,126.91999816894531,127.23999786376953,106.61722564697266,10899,0.0,0.0,0.0
2022-06-20,127.9000015258789,128.27000427246094,126.41010284423828,126.5999984741211,106.08097076416016,7029,0.0,0.0,0.0
2022-06-21,126.5199966430664,127.13825988769531,125.9000015258789,126.13999938964844,105.69551086425781,17200,0.0,0.0,0.0
2022-06-22,126.29000091552734,127.83200073242188,126.29000091552734,127.55000305175781,106.87698364257812,10465,0.0,0.0,0.0
2022-06-23,127.75,128.95892333984375,127.09390258789062,128.85499572753906,107.97046661376953,11904,0.0,0.0,0.0
2022-06-24,129.02000427246094,129.17999267578125,128.27000427246094,129.17999267578125,108.24279022216797,7117,0.0,0.0,0.0
2022-06-27,129.1300048828125,129.27999877929688,127.83999633789062,127.95999908447266,107.22054290771484,5684,0.0,0.0,0.0
2022-06-28,127.5199966430664,127.8094711303711,126.7699966430664,127.21499633789062,106.59627532958984,8564,0.0,0.0,0.0
2022-06-29,127.18000030517578,128.2100067138672,126.36000061035156,127.4000015258789,106.75129699707031,7665,0.0,0.0,0.0
2022-06-30,127.5199966430664,128.36000061035156,127.0916519165039,128.14999389648438,107.37974548339844,18144,0.0,0.0,0.0
2022-07-01,128.38999938964844,130.72000122070312,127.96510314941406,130.11000061035156,109.02206420898438,13586,0.0,0.0,0.0
2022-07-04,129.25,129.53750610351562,128.8000030517578,128.8699951171875,107.98304748535156,11168,0.0,0.0,0.0
2022-07-05,128.5,129.79750061035156,128.5,129.55499267578125,108.55702209472656,11084,0.0,0.0,0.0
2022-07-06,129.41000366210938,130.38400268554688,128.5500030517578,129.38999938964844,108.41877746582031,20735,0.0,0.0,0.0
2022-07-07,129.5800018310547,129.6031036376953,128.37969970703125,129.47500610351562,108.49000549316406,37958,0.0,0.0,0.0
2022-07-08,129.1999969482422,129.64999389648438,128.78280639648438,128.85499572753906,107.97046661376953,11284,0.0,0.0,0.0
2022-07-11,129.1300048828125,129.65719604492188,128.66221618652344,129.2550048828125,108.30565643310547,6827,0.0,0.0,0.0
2022-07-12,130.08999633789062,130.37399291992188,129.3258819580078,130.02499389648438,108.9508285522461,12365,0.0,0.0,0.0
2022-07-13,130.10000610351562,130.10000610351562,128.57000732421875,129.60499572753906,108.59892272949219,21546,0.0,0.0,0.0
2022-07-14,129.63999938964844,129.63999938964844,128.91885375976562,129.41000366210938,108.43553161621094,15205,0.0,0.0,0.0
2022-07-15,130.2100067138672,130.25599670410156,128.9772491455078,129.55499267578125,108.55702209472656,34610,0.0,0.0,0.0
2022-07-18,128.63999938964844,129.63999938964844,128.63999938964844,129.3300018310547,108.36849212646484,4472,0.0,0.0,0.0
2022-07-19,128.6699981689453,129.9763946533203,128.61000061035156,128.97000122070312,108.06683349609375,14397,0.0,0.0,0.0
2022-07-20,128.83999633789062,130.32000732421875,128.83999633789062,129.74000549316406,108.71204376220703,5549,0.0,0.0,0.0
2022-07-21,129.25,130.91000366210938,128.97999572753906,130.60000610351562,109.43265533447266,7847,0.0,0.0,0.0
2022-07-22,131.0399932861328,132.43679809570312,131.0399932861328,132.18499755859375,110.76075744628906,5526,0.0,0.0,0.0
2022-07-25,131.67999267578125,132.44679260253906,131.38999938964844,132.33999633789062,110.89063262939453,118837,0.0,0.0,0.0
2022-07-26,132.52999877929688,132.52999877929688,131.6634979248047,131.91000366210938,110.53031921386719,14275,0.0,0.0,0.0
2022-07-27,131.8800048828125,132.17840576171875,130.97364807128906,131.7899932861328,110.42977142333984,192814,0.0,0.0,0.0
2022-07-28,130.6199951171875,133.25869750976562,130.6199951171875,132.83999633789062,111.3095932006836,97463,0.0,0.0,0.0
2022-07-29,132.97999572753906,134.02000427246094,132.55520629882812,134.02000427246094,112.29833984375,80395,0.0,0.0,0.0
2022-08-01,133.6699981689453,134.52000427246094,132.87120056152344,134.52000427246094,112.7173080444336,28539,0.0,0.0,0.0
2022-08-02,135.17999267578125,135.4243927001953,133.53500366210938,133.9499969482422,112.23968505859375,8114,0.0,0.0,0.0
2022-08-03,133.5800018310547,133.9853973388672,132.67520141601562,133.60000610351562,111.94642639160156,10513,0.0,0.0,0.0
2022-08-04,132.77000427246094,134.19000244140625,132.77000427246094,133.5,111.86262512207031,6554,0.0,0.0,0.0
2022-08-05,133.35000610351562,133.88800048828125,132.15679931640625,132.36000061035156,110.90738677978516,8253,0.0,0.0,0.0
2022-08-08,132.1199951171875,133.47560119628906,132.1199951171875,132.97000122070312,111.41854095458984,9368,0.0,0.0,0.0
2022-08-09,132.42999267578125,133.61959838867188,132.42999267578125,132.83999633789062,111.3095932006836,6648,0.0,0.0,0.0
2022-08-10,132.82000732421875,133.69703674316406,132.56700134277344,133.0800018310547,111.51069641113281,6464,0.0,0.0,0.0
2022-08-11,133.24000549316406,133.69195556640625,132.11000061035156,132.35000610351562,110.8990249633789,5402,0.0,0.0,0.0
2022-08-12,132.0,132.3800048828125,131.47291564941406,132.19000244140625,110.76493835449219,14986,0.0,0.0,0.0
2022-08-15,131.4199981689453,133.0,131.4199981689453,132.6649932861328,111.16294860839844,5194,0.0,0.0,0.0
2022-08-16,132.38999938964844,132.97000122070312,131.25999450683594,131.25999450683594,109.98566436767578,13442,0.0,0.0,0.0
2022-08-17,130.7899932861328,131.06785583496094,129.51425170898438,129.76499938964844,108.73299407958984,17303,0.0,0.0,0.0
2022-08-18,129.00999450683594,129.97329711914062,129.00999450683594,129.39999389648438,108.4271240234375,24419,0.0,0.0,0.0
2022-08-19,128.74000549316406,129.1199951171875,128.02999877929688,128.50999450683594,107.68138885498047,17755,0.0,0.0,0.0
2022-08-22,129.02999877929688,129.0800018310547,127.0199966430664,127.1449966430664,106.53762817382812,11725,0.0,0.0,0.0
2022-08-23,127.29000091552734,127.75,126.22235107421875,126.62000274658203,106.09770965576172,14480,0.0,0.0,0.0
2022-08-24,126.12999725341797,126.9146728515625,125.32424926757812,125.70500183105469,105.3310317993164,15526,0.0,0.0,0.0
2022-08-25,125.70999908447266,126.75,125.68840789794922,126.75,106.20664978027344,13150,0.0,0.0,0.0
2022-08-26,126.48999786376953,127.11006164550781,125.99030303955078,126.22000122070312,105.76254272460938,23506,0.0,0.0,0.0
2022-08-30,125.36000061035156,125.36136627197266,124.29000091552734,125.0,104.74027252197266,28454,0.0,0.0,0.0
2022-08-31,124.38999938964844,124.9800033569336,123.33866119384766,123.77999877929688,103.718017578125,23231,0.0,0.0,0.0
2022-09-01,122.72000122070312,123.4000015258789,122.5199966430664,122.61000061035156,102.73764038085938,9339,0.0,0.0,0.0
2022-09-02,123.0,123.3724594116211,122.55699920654297,122.92500305175781,103.0015869140625,23038,0.0,0.0,0.0
2022-09-05,122.0999984741211,122.56999969482422,121.40354919433594,122.37000274658203,102.53655242919922,12735,0.0,0.0,0.0
2022-09-06,122.55000305175781,122.91000366210938,120.6270980834961,121.12000274658203,101.48914337158203,30654,0.0,0.0,0.0
2022-09-07,121.0,122.12000274658203,120.81314849853516,121.7750015258789,102.0379867553711,9569,0.0,0.0,0.0
2022-09-08,121.87000274658203,122.43473052978516,121.0,121.28500366210938,101.62741088867188,14119,0.0,0.0,0.0
2022-09-09,121.44999694824219,122.51866149902344,121.19499969482422,121.94000244140625,102.1762466430664,13742,0.0,0.0,0.0
2022-09-12,121.99784851074219,122.5999984741211,121.88999938964844,122.5999984741211,102.72927856445312,24498,0.0,0.0,0.0
2022-09-13,122.19999694824219,122.70784759521484,121.67030334472656,122.08000183105469,102.2935562133789,9588,0.0,0.0,0.0
2022-09-14,121.63999938964844,123.01000213623047,121.20999908447266,122.70999908447266,102.82144927978516,5046,0.0,0.0,0.0
2022-09-15,120.58999633789062,121.83999633789062,120.58999633789062,121.27999877929688,102.28278350830078,32386,0.7913,0.0,0.0
2022-09-16,121.33999633789062,121.65467071533203,121.0294418334961,121.41999816894531,102.4008560180664,18420,0.0,0.0,0.0
2022-09-20,120.41000366210938,121.44999694824219,119.50672912597656,119.77999877929688,101.01773834228516,11920,0.0,0.0,0.0
2022-09-21,119.37999725341797,120.72174072265625,119.37999725341797,120.06999969482422,101.2623291015625,21754,0.0,0.0,0.0
2022-09-22,119.5999984741211,121.66999816894531,118.0199966430664,118.12999725341797,99.62621307373047,64550,0.0,0.0,0.0
2022-09-23,118.41000366210938,118.71865844726562,114.66053009033203,115.04499816894531,97.02442169189453,48228,0.0,0.0,0.0
2022-09-26,113.3499984741211,113.5389404296875,111.68000030517578,111.7300033569336,94.22868347167969,39721,0.0,0.0,0.0
2022-09-27,112.58999633789062,113.29985809326172,108.33999633789062,108.33999633789062,91.36970520019531,33831,0.0,0.0,0.0
2022-09-28,107.04000091552734,114.06999969482422,107.0,112.25,94.66724395751953,46711,0.0,0.0,0.0
2022-09-29,113.01000213623047,113.01000213623047,110.53267669677734,111.5,94.03473663330078,27399,0.0,0.0,0.0
2022-09-30,112.5,113.25357818603516,111.30999755859375,112.37999725341797,94.7768783569336,23774,0.0,0.0,0.0
2022-10-03,113.05999755859375,114.08999633789062,111.7300033569336,113.15499877929688,95.43047332763672,40079,0.0,0.0,0.0
2022-10-04,113.94000244140625,114.87629699707031,112.80999755859375,113.98500061035156,96.13046264648438,18888,0.0,0.0,0.0
2022-10-05,113.5999984741211,113.65049743652344,112.25,113.31999969482422,95.56961059570312,24896,0.0,0.0,0.0
2022-10-06,113.4000015258789,113.4000015258789,111.09339904785156,111.8949966430664,94.36783599853516,38669,0.0,0.0,0.0
2022-10-07,110.76000213623047,111.77999877929688,110.62999725341797,111.26000213623047,93.8322982788086,15234,0.0,0.0,0.0
2022-10-10,111.12000274658203,111.2332992553711,108.30400085449219,108.7300033569336,91.69861602783203,18571,0.0,0.0,0.0
2022-10-11,109.55000305175781,110.08869934082031,107.44000244140625,108.4749984741211,91.4835433959961,28956,0.0,0.0,0.0
2022-10-12,108.0,108.3499984741211,106.28340148925781,108.02999877929688,91.10824584960938,109302,0.0,0.0,0.0
2022-10-13,108.12000274658203,110.88999938964844,107.91242218017578,109.66999816894531,92.49137115478516,59778,0.0,0.0,0.0
2022-10-14,111.80000305175781,113.3364028930664,108.86000061035156,108.9800033569336,91.90943908691406,31924,0.0,0.0,0.0
2022-10-17,111.37000274658203,112.93000030517578,110.9884033203125,112.7699966430664,95.10578918457031,14849,0.0,0.0,0.0
2022-10-18,113.91000366210938,113.91000366210938,111.92649841308594,113.41999816894531,95.65396881103516,12163,0.0,0.0,0.0
2022-10-19,113.20999908447266,114.77999877929688,112.2874984741211,114.43000030517578,96.50576782226562,9723,0.0,0.0,0.0
2022-10-20,113.91999816894531,115.0,112.99130249023438,114.69499969482422,96.72926330566406,14786,0.0,0.0,0.0
2022-10-21,114.29000091552734,114.29000091552734,112.80999755859375,113.52999877929688,95.7467269897461,18760,0.0,0.0,0.0
2022-10-24,114.5999984741211,116.41000366210938,114.36499786376953,116.33000183105469,98.108154296875,16864,0.0,0.0,0.0
2022-10-25,116.48999786376953,117.46440124511719,115.9000015258789,117.11499786376953,98.77018737792969,26787,0.0,0.0,0.0
2022-10-26,117.98999786376953,118.19000244140625,116.34040069580078,117.30999755859375,98.93465423583984,24691,0.0,0.0,0.0
2022-10-27,117.66999816894531,119.11000061035156,117.02529907226562,119.11000061035156,100.45268249511719,21617,0.0,0.0,0.0
2022-10-28,118.18000030517578,119.29460144042969,118.125,118.66000366210938,100.07318878173828,18362,0.0,0.0,0.0
2022-10-31,117.72000122070312,118.45999908447266,117.45999908447266,118.27999877929688,99.7527084350586,16497,0.0,0.0,0.0
2022-11-01,118.8499984741211,119.19750213623047,117.89009857177734,118.5999984741211,100.02259063720703,9038,0.0,0.0,0.0
2022-11-02,118.2699966430664,119.4000015258789,118.2699966430664,119.4000015258789,100.69725799560547,4544,0.0,0.0,0.0
2022-11-03,118.37999725341797,118.89839935302734,117.49240112304688,118.0999984741211,99.60089874267578,6315,0.0,0.0,0.0
2022-11-04,118.63999938964844,118.95780181884766,117.46510314941406,118.41999816894531,99.87075805664062,3772,0.0,0.0,0.0
2022-11-07,118.19999694824219,118.87750244140625,117.19999694824219,117.95999908447266,99.48283386230469,6431,0.0,0.0,0.0
2022-11-08,118.0,118.81999969482422,117.53839874267578,118.55999755859375,99.98884582519531,17144,0.0,0.0,0.0
2022-11-09,118.6500015258789,119.85800170898438,118.31999969482422,119.36000061035156,100.66352844238281,12112,0.0,0.0,0.0
2022-11-10,118.83999633789062,122.00048828125,118.43920135498047,121.51000213623047,102.47675323486328,18719,0.0,0.0,0.0
2022-11-11,120.02999877929688,122.36000061035156,120.02999877929688,120.94000244140625,101.99604034423828,8510,0.0,0.0,0.0
2022-11-14,122.0,122.3104019165039,120.9800033569336,120.9800033569336,102.02977752685547,13259,0.0,0.0,0.0
2022-11-15,120.95999908447266,122.0792007446289,120.95999908447266,122.0,102.88999938964844,8419,0.0,0.0,0.0
2022-11-16,121.47000122070312,123.36479949951172,121.47000122070312,122.98999786376953,103.72492980957031,57251,0.0,0.0,0.0
2022-11-17,122.8499984741211,123.76000213623047,121.69000244140625,122.375,103.2062759399414,13219,0.0,0.0,0.0
2022-11-18,122.05000305175781,122.62000274658203,121.55000305175781,122.23999786376953,103.0924072265625,14883,0.0,0.0,0.0
2022-11-21,121.44999694824219,123.08000183105469,121.44999694824219,122.75,103.52251434326172,33726,0.0,0.0,0.0
2022-11-22,123.20999908447266,123.8499984741211,122.5199966430664,123.4000015258789,104.07071685791016,14209,0.0,0.0,0.0
2022-11-23,123.43000030517578,125.08999633789062,123.32066345214844,124.7699966430664,105.22611236572266,5544,0.0,0.0,0.0
2022-11-24,125.19999694824219,125.48999786376953,124.3499984741211,124.3499984741211,104.87190246582031,11182,0.0,0.0,0.0
2022-11-25,123.6500015258789,124.0407485961914,123.37000274658203,123.4800033569336,104.13816833496094,6108,0.0,0.0,0.0
2022-11-28,123.76000213623047,124.58027648925781,123.44999694824219,123.61000061035156,104.2478256225586,17108,0.0,0.0,0.0
2022-11-29,123.05000305175781,124.16999816894531,122.55491638183594,123.83000183105469,104.43335723876953,64717,0.0,0.0,0.0
2022-11-30,123.54000091552734,123.93000030517578,122.62249755859375,123.05000305175781,103.7755355834961,10189,0.0,0.0,0.0
2022-12-01,123.69999694824219,124.66000366210938,123.26544952392578,123.69999694824219,104.3237075805664,13928,0.0,0.0,0.0
2022-12-02,124.30999755859375,124.77999877929688,123.12000274658203,123.25499725341797,103.94841766357422,17599,0.0,0.0,0.0
2022-12-05,123.51000213623047,124.36579895019531,123.05928039550781,123.81999969482422,104.42491912841797,10077,0.0,0.0,0.0
2022-12-06,123.75,124.23999786376953,123.70800018310547,123.9000015258789,104.49238586425781,10989,0.0,0.0,0.0
2022-12-07,123.83000183105469,124.02999877929688,123.38269805908203,123.95999908447266,104.54298400878906,8691,0.0,0.0,0.0
2022-12-08,124.06999969482422,124.58999633789062,122.87999725341797,123.55999755859375,104.20564270019531,5217,0.0,0.0,0.0
2022-12-09,124.41000366210938,124.41000366210938,123.01000213623047,123.0199966430664,103.750244140625,18686,0.0,0.0,0.0
2022-12-12,123.5199966430664,123.9800033569336,122.93360137939453,123.06500244140625,103.78817749023438,9504,0.0,0.0,0.0
2022-12-13,122.77999877929688,124.90299987792969,122.37000274658203,122.68000030517578,103.46350860595703,99662,0.0,0.0,0.0
2022-12-14,123.37999725341797,123.53238677978516,122.66000366210938,122.66000366210938,103.44662475585938,8476,0.0,0.0,0.0
2022-12-15,122.3499984741211,123.0999984741211,122.10272216796875,122.44999694824219,104.0764389038086,26090,0.951,0.0,0.0
2022-12-16,122.06999969482422,122.6917724609375,120.84265899658203,121.375,103.1627426147461,21125,0.0,0.0,0.0
2022-12-19,121.38999938964844,121.38999938964844,120.5,120.62000274658203,102.5210189819336,16791,0.0,0.0,0.0
2022-12-20,120.2300033569336,120.2300033569336,118.87999725341797,119.54499816894531,101.6073226928711,7870,0.0,0.0,0.0
2022-12-21,120.0199966430664,120.24690246582031,119.5199966430664,120.13999938964844,102.11305236816406,27130,0.0,0.0,0.0
2022-12-22,120.08000183105469,120.37000274658203,119.83999633789062,119.83999633789062,101.85806274414062,10512,0.0,0.0,0.0
2022-12-23,120.18000030517578,120.69400024414062,119.44999694824219,120.03500366210938,102.02381134033203,4611,0.0,0.0,0.0
2022-12-28,119.94000244140625,127.23999786376953,118.91999816894531,120.09500122070312,102.07479858398438,16469,0.0,0.0,0.0
2022-12-29,120.04000091552734,120.44999694824219,119.64800262451172,120.34500122070312,102.28729248046875,7166,0.0,0.0,0.0
2022-12-30,119.94000244140625,120.0999984741211,119.83470153808594,120.37999725341797,102.3170394897461,520,0.0,0.0,0.0
2023-01-03,120.95999908447266,121.72000122070312,119.97765350341797,120.86000061035156,102.72501373291016,8475,0.0,0.0,0.0
2023-01-04,121.5999984741211,121.9800033569336,121.10163116455078,121.90499877929688,103.61321258544922,19261,0.0,0.0,0.0
2023-01-05,121.87000274658203,122.19273376464844,121.26000213623047,121.66999816894531,103.4134750366211,18756,0.0,0.0,0.0
2023-01-06,121.5,122.37000274658203,121.02999877929688,122.37000274658203,104.00843048095703,4071,0.0,0.0,0.0
2023-01-09,121.31999969482422,121.9800033569336,121.31999969482422,121.83000183105469,103.54947662353516,12196,0.0,0.0,0.0
2023-01-10,121.76000213623047,121.91000366210938,121.08999633789062,121.77999877929688,103.50696563720703,11566,0.0,0.0,0.0
2023-01-11,122.5,123.87999725341797,121.88578033447266,123.44499969482422,104.92214965820312,88242,0.0,0.0,0.0
2023-01-12,123.83000183105469,124.64972686767578,123.73999786376953,124.56999969482422,105.87833404541016,7078,0.0,0.0,0.0
2023-01-13,123.86000061035156,124.94999694824219,123.86000061035156,124.36000061035156,105.69983673095703,8957,0.0,0.0,0.0
2023-01-16,124.36000061035156,124.80000305175781,123.38999938964844,124.12999725341797,105.50434112548828,8221,0.0,0.0,0.0
2023-01-17,124.02999877929688,124.46369934082031,123.2300033569336,124.0999984741211,105.4788589477539,35289,0.0,0.0,0.0
2023-01-18,124.80000305175781,125.41999816894531,123.87000274658203,124.53500366210938,105.84858703613281,12986,0.0,0.0,0.0
2023-01-19,125.20999908447266,125.20999908447266,123.61000061035156,124.5199966430664,105.83583068847656,28016,0.0,0.0,0.0
2023-01-20,124.0999984741211,124.37000274658203,123.66999816894531,123.83000183105469,105.2493667602539,18817,0.0,0.0,0.0
2023-01-23,123.70999908447266,124.30000305175781,123.63099670410156,124.08999633789062,105.47034454345703,27888,0.0,0.0,0.0
2023-01-24,124.5999984741211,124.94999694824219,124.0999984741211,124.80000305175781,106.07380676269531,41778,0.0,0.0,0.0
2023-01-25,125.2699966430664,125.7239990234375,124.91000366210938,125.12999725341797,106.35430145263672,8643,0.0,0.0,0.0
2023-01-26,125.2300033569336,125.4000015258789,124.72229766845703,124.77999877929688,106.05680084228516,55903,0.0,0.0,0.0
2023-01-27,124.75,124.94780731201172,124.3656005859375,124.63999938964844,105.93783569335938,7978,0.0,0.0,0.0
2023-01-30,124.75,124.83999633789062,124.2300033569336,124.77999877929688,106.05680084228516,53033,0.0,0.0,0.0
2023-01-31,124.69000244140625,125.0999984741211,124.0199966430664,124.69000244140625,105.98033142089844,97384,0.0,0.0,0.0
2023-02-01,124.80000305175781,125.25,124.20999908447266,124.5999984741211,105.9038314819336,65059,0.0,0.0,0.0
2023-02-02,125.26000213623047,127.83000183105469,125.10896301269531,127.83000183105469,108.64916229248047,11811,0.0,0.0,0.0
2023-02-03,127.87000274658203,127.87000274658203,126.6500015258789,126.70999908447266,107.69722747802734,24870,0.0,0.0,0.0
2023-02-06,125.83999633789062,126.87359619140625,125.26000213623047,125.44999694824219,106.62628936767578,9153,0.0,0.0,0.0
2023-02-07,125.02999877929688,125.62000274658203,124.81999969482422,125.11000061035156,106.3373031616211,8365,0.0,0.0,0.0
2023-02-08,125.08999633789062,125.80999755859375,124.5199966430664,124.95999908447266,106.2098159790039,10954,0.0,0.0,0.0
2023-02-09,125.88999938964844,126.0,125.16000366210938,125.47000122070312,106.6432876586914,41775,0.0,0.0,0.0
2023-02-10,124.80000305175781,125.1093521118164,124.12000274658203,124.19499969482422,105.55960845947266,7997,0.0,0.0,0.0
2023-02-13,124.20999908447266,124.82479858398438,123.91000366210938,124.20999908447266,105.57234954833984,6785,0.0,0.0,0.0
2023-02-14,124.36000061035156,124.80721282958984,123.02657318115234,123.07499694824219,104.60765075683594,5473,0.0,0.0,0.0
2023-02-15,123.86000061035156,124.32440185546875,123.4800033569336,123.4800033569336,104.9518814086914,7916,0.0,0.0,0.0
2023-02-16,123.94000244140625,124.04000091552734,122.7699966430664,123.3949966430664,104.879638671875,25876,0.0,0.0,0.0
2023-02-17,122.69000244140625,123.44000244140625,122.6134033203125,123.1500015258789,104.67141723632812,26217,0.0,0.0,0.0
2023-02-20,122.5999984741211,123.81999969482422,122.5999984741211,123.30000305175781,104.79889678955078,10401,0.0,0.0,0.0
2023-02-21,123.05000305175781,123.3939437866211,121.8280029296875,122.0,103.6939468383789,16186,0.0,0.0,0.0
2023-02-22,121.80999755859375,122.29000091552734,121.26000213623047,122.29000091552734,103.94044494628906,17554,0.0,0.0,0.0
2023-02-23,121.69000244140625,122.40323638916016,121.43000030517578,122.2300033569336,103.88943481445312,7611,0.0,0.0,0.0
2023-02-24,122.63999938964844,122.63999938964844,121.2300033569336,121.57499694824219,103.33271789550781,20674,0.0,0.0,0.0
2023-02-27,121.61000061035156,121.81189727783203,120.86000061035156,120.94999694824219,102.801513671875,11725,0.0,0.0,0.0
2023-02-28,120.80000305175781,121.1500015258789,120.23999786376953,120.83000183105469,102.69952392578125,6415,0.0,0.0,0.0
2023-03-01,120.41999816894531,121.61940002441406,120.41999816894531,120.69999694824219,102.58901977539062,15729,0.0,0.0,0.0
2023-03-02,120.12999725341797,120.91400146484375,120.10440063476562,120.48999786376953,102.4105224609375,8140,0.0,0.0,0.0
2023-03-03,120.44999694824219,121.0,120.2300033569336,120.62000274658203,102.5210189819336,6317,0.0,0.0,0.0
2023-03-06,120.61000061035156,121.2699966430664,120.55000305175781,120.55000305175781,102.46153259277344,7564,0.0,0.0,0.0
2023-03-07,120.87999725341797,121.5199966430664,120.36000061035156,120.7699966430664,102.64851379394531,41878,0.0,0.0,0.0
2023-03-08,120.52999877929688,121.76000213623047,120.4800033569336,121.55999755859375,103.31997680664062,9566,0.0,0.0,0.0
2023-03-09,121.08000183105469,121.48999786376953,120.42561340332031,121.20500183105469,103.01825714111328,16728,0.0,0.0,0.0
2023-03-10,120.94999694824219,122.69400024414062,120.94999694824219,122.0,103.6939468383789,7841,0.0,0.0,0.0
2023-03-13,122.5999984741211,124.33419799804688,121.95999908447266,122.79000091552734,104.36541748046875,42238,0.0,0.0,0.0
2023-03-14,121.83000183105469,122.94999694824219,121.47000122070312,121.80000305175781,103.52396392822266,36739,0.0,0.0,0.0
2023-03-15,121.70999908447266,122.71410369873047,121.54000091552734,121.80000305175781,103.52396392822266,20498,0.0,0.0,0.0
2023-03-16,121.25,121.68080139160156,120.77999877929688,120.77999877929688,103.6218490600586,47255,1.1341,0.0,0.0
2023-03-17,120.94000244140625,121.66000366210938,120.55999755859375,120.95999908447266,103.77627563476562,50146,0.0,0.0,0.0
2023-03-20,120.9800033569336,122.00479888916016,120.1500015258789,121.06500244140625,103.86636352539062,35847,0.0,0.0,0.0
2023-03-21,121.47000122070312,122.16000366210938,121.12000274658203,121.52999877929688,104.26530456542969,11768,0.0,0.0,0.0
2023-03-22,121.5,121.5,120.55999755859375,121.44999694824219,104.19666290283203,33716,0.0,0.0,0.0
2023-03-23,121.37000274658203,122.08580017089844,120.72000122070312,121.79000091552734,104.48837280273438,7692,0.0,0.0,0.0
2023-03-24,122.31999969482422,122.839599609375,121.77999877929688,121.81500244140625,104.50981903076172,16640,0.0,0.0,0.0
2023-03-27,121.37000274658203,122.42070007324219,120.80000305175781,121.50499725341797,104.24386596679688,12572,0.0,0.0,0.0
2023-03-28,120.56999969482422,121.40328979492188,120.40277099609375,121.05000305175781,103.85350036621094,14699,0.0,0.0,0.0
2023-03-29,121.0999984741211,121.48999786376953,120.68000030517578,121.13500213623047,103.9264144897461,15967,0.0,0.0,0.0
2023-03-30,121.66999816894531,121.90239715576172,120.9636001586914,121.0,103.81060028076172,10684,0.0,0.0,0.0
2023-03-31,120.58000183105469,121.40599822998047,120.58000183105469,121.38500213623047,104.14091491699219,24306,0.0,0.0,0.0
2023-04-03,120.77999877929688,122.44999694824219,120.7699966430664,122.28500366210938,104.91305541992188,51143,0.0,0.0,0.0
2023-04-04,123.06999969482422,123.06999969482422,121.44319915771484,122.12000274658203,104.7715072631836,59490,0.0,0.0,0.0
2023-04-05,121.70999908447266,122.43443298339844,121.45999908447266,122.26000213623047,104.8916015625,8578,0.0,0.0,0.0
2023-04-06,122.44999694824219,122.62319946289062,121.76313018798828,122.19000244140625,104.83155059814453,8647,0.0,0.0,0.0
2023-04-11,122.05000305175781,122.05000305175781,121.26000213623047,121.56999969482422,104.29962921142578,8845,0.0,0.0,0.0
2023-04-12,121.54000091552734,122.2300033569336,121.16454315185547,121.41000366210938,104.16236877441406,17315,0.0,0.0,0.0
2023-04-13,121.41000366210938,121.92240142822266,120.9800033569336,121.62000274658203,104.342529296875,9345,0.0,0.0,0.0
2023-04-14,122.33999633789062,122.4800033569336,121.0,121.08999633789062,103.8878173828125,9989,0.0,0.0,0.0
2023-04-17,121.8499984741211,121.8499984741211,120.83928680419922,121.03500366210938,103.84062957763672,11245,0.0,0.0,0.0
2023-04-18,120.93000030517578,121.54000091552734,120.5,120.68000030517578,103.53605651855469,64173,0.0,0.0,0.0
2023-04-19,120.5999984741211,120.5999984741211,119.69999694824219,120.31999969482422,103.22720336914062,22668,0.0,0.0,0.0
2023-04-20,120.4800033569336,121.05000305175781,120.09100341796875,121.05000305175781,103.85350036621094,33356,0.0,0.0,0.0
2023-04-21,120.91999816894531,121.6500015258789,120.8196029663086,121.06999969482422,103.87065124511719,18322,0.0,0.0,0.0
2023-04-24,121.62000274658203,121.62000274658203,120.66000366210938,120.94999694824219,103.76770782470703,6280,0.0,0.0,0.0
2023-04-25,120.94999694824219,121.84590148925781,120.94999694824219,121.61000061035156,104.33393859863281,6549,0.0,0.0,0.0
2023-04-26,121.58999633789062,121.8499984741211,121.1500015258789,121.2750015258789,104.04653930664062,7024,0.0,0.0,0.0
2023-04-27,121.25,121.5999984741211,120.79000091552734,121.05999755859375,103.8620834350586,7711,0.0,0.0,0.0
2023-04-28,121.1500015258789,121.76000213623047,121.08999633789062,121.69999694824219,104.4111557006836,19886,0.0,0.0,0.0
2023-05-02,121.79000091552734,122.0,121.09390258789062,122.0,104.66853332519531,27161,0.0,0.0,0.0
2023-05-03,122.0,122.19000244140625,121.5999984741211,121.7300033569336,104.43690490722656,5039,0.0,0.0,0.0
2023-05-04,121.41000366210938,121.7300033569336,120.87999725341797,121.5,104.23957061767578,7566,0.0,0.0,0.0
2023-05-05,121.23999786376953,121.40357208251953,120.53125,120.8949966430664,103.72050476074219,33064,0.0,0.0,0.0
2023-05-09,121.12999725341797,121.12999725341797,120.30000305175781,120.36499786376953,103.26581573486328,51200,0.0,0.0,0.0
2023-05-10,120.68000030517578,120.97447204589844,120.32499694824219,120.65499877929688,103.51461791992188,41914,0.0,0.0,0.0
2023-05-11,120.2699966430664,121.9975814819336,120.2699966430664,121.70999908447266,104.41973876953125,24537,0.0,0.0,0.0
2023-05-12,121.72000122070312,121.72000122070312,120.91999816894531,121.04499816894531,103.8492202758789,23773,0.0,0.0,0.0
2023-05-15,120.87999725341797,121.1500015258789,120.52999877929688,120.61000061035156,103.47600555419922,44018,0.0,0.0,0.0
2023-05-16,120.9000015258789,121.76000213623047,120.55999755859375,120.76000213623047,103.60470581054688,8897,0.0,0.0,0.0
2023-05-17,120.95999908447266,121.04000091552734,120.47000122070312,120.45500183105469,103.34303283691406,36479,0.0,0.0,0.0
2023-05-18,120.36000061035156,120.39199829101562,119.60687255859375,119.62999725341797,102.63520812988281,8425,0.0,0.0,0.0
2023-05-19,119.69999694824219,119.91000366210938,118.94000244140625,119.61499786376953,102.62235260009766,13783,0.0,0.0,0.0
2023-05-22,119.91000366210938,119.9186019897461,119.12000274658203,119.27999877929688,102.33495330810547,10148,0.0,0.0,0.0
2023-05-23,118.9000015258789,119.06230163574219,118.22000122070312,118.44000244140625,101.61428833007812,24562,0.0,0.0,0.0
2023-05-24,116.72000122070312,117.95999908447266,116.72000122070312,117.84500122070312,101.10380554199219,23391,0.0,0.0,0.0
2023-05-25,117.41000366210938,117.58000183105469,116.82640075683594,116.92500305175781,100.31450653076172,438941,0.0,0.0,0.0
2023-05-26,116.51000213623047,117.28569793701172,116.5,117.16999816894531,100.52468872070312,31074,0.0,0.0,0.0
2023-05-30,117.95999908447266,117.95999908447266,117.08000183105469,117.72000122070312,100.9965591430664,30041,0.0,0.0,0.0
2023-05-31,118.12000274658203,118.27780151367188,117.73999786376953,118.2300033569336,101.43411254882812,30063,0.0,0.0,0.0
2023-06-01,118.16000366210938,118.87999725341797,117.91999816894531,118.68000030517578,101.82018280029297,20248,0.0,0.0,0.0
2023-06-02,118.45999908447266,118.66000366210938,118.2699966430664,118.61000061035156,101.76012420654297,28546,0.0,0.0,0.0
2023-06-05,118.6500015258789,118.6500015258789,117.94999694824219,118.05999755859375,101.28826141357422,7033,0.0,0.0,0.0
2023-06-06,117.69000244140625,118.81999969482422,117.69000244140625,118.41999816894531,101.59711456298828,16218,0.0,0.0,0.0
2023-06-07,118.55000305175781,118.65679931640625,118.05999755859375,118.25,101.45127868652344,5835,0.0,0.0,0.0
2023-06-08,118.12000274658203,118.55000305175781,117.66000366210938,117.93000030517578,101.1767349243164,12665,0.0,0.0,0.0
2023-06-09,118.23999786376953,118.54000091552734,118.05999755859375,118.08999633789062,101.3139877319336,28038,0.0,0.0,0.0
2023-06-12,118.44999694824219,118.4800033569336,117.62000274658203,117.69000244140625,100.9708251953125,12943,0.0,0.0,0.0
2023-06-13,117.33000183105469,117.63999938964844,116.8499984741211,116.8949966430664,100.28876495361328,15220,0.0,0.0,0.0
2023-06-14,116.76000213623047,117.5199966430664,116.76000213623047,117.5199966430664,100.8249740600586,9828,0.0,0.0,0.0
2023-06-15,116.0,116.3499984741211,115.53800201416016,116.16500091552734,100.71996307373047,227661,1.2339,0.0,0.0
2023-06-16,116.61000061035156,116.61000061035156,115.8499984741211,116.03500366210938,100.60726165771484,20494,0.0,0.0,0.0
2023-06-19,116.0,116.01000213623047,115.5,115.61499786376953,100.24310302734375,3743,0.0,0.0,0.0
2023-06-20,115.5,116.5781021118164,115.5,116.4800033569336,100.99309539794922,12223,0.0,0.0,0.0
2023-06-21,116.1500015258789,116.1500015258789,115.39189910888672,115.76499938964844,100.37315368652344,8218,0.0,0.0,0.0
2023-06-22,115.54000091552734,116.18000030517578,115.44999694824219,115.83499908447266,100.43384552001953,68872,0.0,0.0,0.0
2023-06-23,116.18000030517578,116.87120056152344,115.8864974975586,116.04000091552734,100.6115951538086,7202,0.0,0.0,0.0
2023-06-26,116.19999694824219,116.48999786376953,115.9800033569336,116.31500244140625,100.85003662109375,14418,0.0,0.0,0.0
2023-06-27,116.2300033569336,116.44999694824219,115.6364974975586,115.76000213623047,100.36881256103516,36414,0.0,0.0,0.0
2023-06-28,116.0,116.02999877929688,115.47799682617188,115.83999633789062,100.43819427490234,15879,0.0,0.0,0.0
2023-06-29,115.23999786376953,116.04000091552734,115.23999786376953,115.66000366210938,100.28211975097656,11374,0.0,0.0,0.0
2023-06-30,115.55999755859375,115.7300033569336,115.04000091552734,115.66000366210938,100.28211975097656,55943,0.0,0.0,0.0
2023-07-03,115.7699966430664,116.0,115.26000213623047,115.42500305175781,100.078369140625,12710,0.0,0.0,0.0
2023-07-04,115.55999755859375,115.94000244140625,115.1729965209961,115.62000274658203,100.2474365234375,19079,0.0,0.0,0.0
2023-07-05,115.51000213623047,115.94999694824219,115.07859802246094,115.30999755859375,99.97865295410156,9303,0.0,0.0,0.0
2023-07-06,115.08999633789062,115.08999633789062,113.72000122070312,114.18000030517578,98.99888610839844,29315,0.0,0.0,0.0
2023-07-07,114.16000366210938,114.51000213623047,113.80000305175781,114.12999725341797,98.95553588867188,248124,0.0,0.0,0.0
2023-07-10,113.56999969482422,114.62000274658203,113.56999969482422,114.62000274658203,99.38040161132812,19640,0.0,0.0,0.0
2023-07-11,114.27999877929688,114.84400177001953,114.27999877929688,114.51000213623047,99.28502655029297,9217,0.0,0.0,0.0
2023-07-12,114.80999755859375,115.81999969482422,114.660400390625,115.76000213623047,100.36881256103516,37037,0.0,0.0,0.0
2023-07-13,115.91000366210938,116.66999816894531,115.91000366210938,116.63500213623047,101.12747955322266,26476,0.0,0.0,0.0
2023-07-14,116.97000122070312,117.029296875,116.40409851074219,116.48500061035156,100.99742889404297,50344,0.0,0.0,0.0
2023-07-17,116.48999786376953,116.88999938964844,116.18000030517578,116.26499938964844,100.80667877197266,18496,0.0,0.0,0.0
2023-07-18,116.83999633789062,117.19999694824219,116.69920349121094,116.98999786376953,101.4352798461914,12580,0.0,0.0,0.0
2023-07-19,118.1500015258789,118.80999755859375,117.57479858398438,118.2300033569336,102.51040649414062,20825,0.0,0.0,0.0
2023-07-20,118.7300033569336,118.7300033569336,117.93000030517578,118.08999633789062,102.38903045654297,16009,0.0,0.0,0.0
2023-07-21,117.73999786376953,118.30999755859375,117.73999786376953,118.0,102.31098937988281,8238,0.0,0.0,0.0
2023-07-24,117.55000305175781,118.8357162475586,117.55000305175781,118.30000305175781,102.57111358642578,40048,0.0,0.0,0.0
2023-07-25,118.19000244140625,118.30000305175781,117.69000244140625,118.19000244140625,102.4757308959961,9250,0.0,0.0,0.0
2023-07-26,118.0,118.41000366210938,117.91000366210938,118.16000366210938,102.4497299194336,33217,0.0,0.0,0.0
2023-07-27,118.02999877929688,118.4800033569336,117.89869689941406,118.19999694824219,102.48440551757812,17456,0.0,0.0,0.0
2023-07-28,117.5199966430664,118.20999908447266,117.51950073242188,118.05500030517578,102.35868072509766,7799,0.0,0.0,0.0
2023-07-31,118.0,118.41999816894531,117.80000305175781,118.43499755859375,102.68816375732422,6150,0.0,0.0,0.0
2023-08-01,118.29000091552734,118.51000213623047,117.96240234375,118.02999877929688,102.33700561523438,40596,0.0,0.0,0.0
2023-08-02,118.05999755859375,118.44999694824219,117.6781997680664,118.05999755859375,102.36302185058594,10772,0.0,0.0,0.0
2023-08-03,118.27999877929688,119.4800033569336,116.81999969482422,117.54000091552734,101.91216278076172,18751,0.0,0.0,0.0
2023-08-04,117.20999908447266,118.1500015258789,117.20999908447266,118.09500122070312,102.39336395263672,10664,0.0,0.0,0.0
2023-08-07,118.0999984741211,118.19000244140625,117.43000030517578,117.7249984741211,102.07255554199219,17660,0.0,0.0,0.0
2023-08-08,118.27999877929688,118.37000274658203,118.0,117.94999694824219,102.26764678955078,8651,0.0,0.0,0.0
2023-08-09,117.9800033569336,118.32959747314453,117.81629943847656,118.16999816894531,102.4583969116211,3409,0.0,0.0,0.0
2023-08-10,118.12000274658203,118.59480285644531,117.91999816894531,118.36000061035156,102.6231460571289,11637,0.0,0.0,0.0
2023-08-11,117.6500015258789,118.15489959716797,117.07039642333984,117.12999725341797,101.55667114257812,9723,0.0,0.0,0.0
2023-08-14,117.7300033569336,117.7300033569336,116.6968002319336,116.95500183105469,101.40493774414062,6112,0.0,0.0,0.0
2023-08-15,116.1500015258789,116.79000091552734,116.1500015258789,116.69499969482422,101.17951202392578,7720,0.0,0.0,0.0
2023-08-16,116.05000305175781,117.0,116.05000305175781,116.0999984741211,100.66361999511719,71385,0.0,0.0,0.0
2023-08-17,116.47000122070312,116.47000122070312,115.29000091552734,115.29000091552734,99.96131896972656,608318,0.0,0.0,0.0
2023-08-18,115.43000030517578,116.36000061035156,115.37940216064453,115.76000213623047,100.36881256103516,16131,0.0,0.0,0.0
2023-08-21,115.88999938964844,116.0,115.13999938964844,115.16500091552734,99.85294342041016,15431,0.0,0.0,0.0
2023-08-22,115.4000015258789,115.91000366210938,115.25039672851562,115.76000213623047,100.36881256103516,7446,0.0,0.0,0.0
2023-08-23,115.69999694824219,117.33999633789062,115.69999694824219,117.16500091552734,101.58702087402344,14616,0.0,0.0,0.0
2023-08-24,117.5999984741211,117.87000274658203,117.19529724121094,117.52999877929688,101.90348052978516,3489,0.0,0.0,0.0
2023-08-25,117.77999877929688,117.77999877929688,116.98999786376953,117.38999938964844,101.78209686279297,6506,0.0,0.0,0.0
2023-08-29,117.93000030517578,117.93000030517578,117.01000213623047,117.56999969482422,101.93816375732422,39855,0.0,0.0,0.0
2023-08-30,117.38999938964844,117.83000183105469,117.19950103759766,117.53500366210938,101.90782165527344,5759,0.0,0.0,0.0
2023-08-31,117.51000213623047,118.3499984741211,117.51000213623047,117.98999786376953,102.30232238769531,4281,0.0,0.0,0.0
2023-09-01,117.95999908447266,118.79000091552734,117.8499984741211,117.93000030517578,102.25030517578125,7105,0.0,0.0,0.0
2023-09-04,117.7699966430664,117.80000305175781,117.3927993774414,117.47000122070312,101.85147857666016,2987,0.0,0.0,0.0
2023-09-05,117.62999725341797,117.62999725341797,117.0999984741211,117.12000274658203,101.5479965209961,2549,0.0,0.0,0.0
2023-09-06,116.81999969482422,117.16999816894531,116.57039642333984,116.77999877929688,101.2531967163086,4590,0.0,0.0,0.0
2023-09-07,116.98999786376953,117.5,116.18000030517578,117.45999908447266,101.84278869628906,8099,0.0,0.0,0.0
2023-09-08,117.55000305175781,117.87000274658203,117.41999816894531,117.78500366210938,102.12460327148438,13064,0.0,0.0,0.0
2023-09-11,116.80999755859375,117.5999984741211,116.80999755859375,117.34500122070312,101.74309539794922,14924,0.0,0.0,0.0
2023-09-12,117.4800033569336,117.88999938964844,117.40160369873047,117.66000366210938,102.01620483398438,11661,0.0,0.0,0.0
2023-09-13,117.68000030517578,118.33999633789062,117.27999877929688,118.19000244140625,102.4757308959961,8676,0.0,0.0,0.0
2023-09-14,117.02999877929688,117.76000213623047,116.62000274658203,117.56999969482422,103.1249008178711,3443,1.3601,0.0,0.0
2023-09-15,117.7300033569336,117.7300033569336,116.97000122070312,117.16000366210938,102.76528930664062,19859,0.0,0.0,0.0
2023-09-18,116.5999984741211,116.9800033569336,116.36824798583984,116.79000091552734,102.44072723388672,35771,0.0,0.0,0.0
2023-09-19,117.45999908447266,117.45999908447266,116.96739959716797,117.13999938964844,102.74773406982422,31083,0.0,0.0,0.0
2023-09-20,117.80999755859375,118.16000366210938,117.57039642333984,118.11499786376953,103.60293579101562,60938,0.0,0.0,0.0
2023-09-21,117.66000366210938,117.87000274658203,117.27999877929688,117.5,103.0634994506836,6326,0.0,0.0,0.0
2023-09-22,117.80999755859375,118.29000091552734,117.66999816894531,118.05500030517578,103.55030822753906,6290,0.0,0.0,0.0
2023-09-25,117.81999969482422,118.06217193603516,117.23999786376953,117.58000183105469,103.13367462158203,22240,0.0,0.0,0.0
2023-09-26,117.51000213623047,117.72000122070312,117.19999694824219,117.54000091552734,103.09859466552734,21275,0.0,0.0,0.0
2023-09-27,117.55999755859375,117.73739624023438,116.9800033569336,117.04000091552734,102.66002655029297,10416,0.0,0.0,0.0
2023-09-28,116.73999786376953,116.96269989013672,115.75,116.05000305175781,101.79166412353516,20759,0.0,0.0,0.0
2023-09-29,116.72000122070312,117.03533935546875,116.5,116.55000305175781,102.23021697998047,15500,0.0,0.0,0.0
2023-10-02,116.37000274658203,116.58999633789062,115.88359832763672,116.05999755859375,101.80043029785156,13171,0.0,0.0,0.0
2023-10-03,115.93000030517578,116.27999877929688,115.5199966430664,115.5199966430664,101.32677459716797,8555,0.0,0.0,0.0
2023-10-04,114.91000366210938,115.60726928710938,114.87159729003906,115.26000213623047,101.09871673583984,10878,0.0,0.0,0.0
2023-10-05,115.27999877929688,115.81999969482422,115.12999725341797,115.74500274658203,101.52413177490234,4127,0.0,0.0,0.0
2023-10-06,115.63999938964844,115.80999755859375,114.98799896240234,115.42500305175781,101.24346160888672,9974,0.0,0.0,0.0
2023-10-09,115.68000030517578,116.01629638671875,115.22000122070312,115.94999694824219,101.70394134521484,7470,0.0,0.0,0.0
2023-10-10,116.01000213623047,116.61000061035156,115.47000122070312,116.5999984741211,102.27407836914062,13997,0.0,0.0,0.0
2023-10-11,116.08000183105469,117.3499984741211,116.08000183105469,117.2699966430664,102.86176300048828,9179,0.0,0.0,0.0
2023-10-12,117.48999786376953,117.5199966430664,116.66470336914062,116.7300033569336,102.38811492919922,5864,0.0,0.0,0.0
2023-10-13,116.7699966430664,117.43000030517578,116.7699966430664,116.9800033569336,102.6073989868164,46314,0.0,0.0,0.0
2023-10-16,116.88999938964844,116.88999938964844,116.09293365478516,116.20999908447266,101.9320068359375,7238,0.0,0.0,0.0
2023-10-17,116.04000091552734,116.44120025634766,115.75,115.87000274658203,101.63377380371094,6365,0.0,0.0,0.0
2023-10-18,115.66000366210938,115.80000305175781,115.0,115.0,100.87068176269531,52512,0.0,0.0,0.0
2023-10-19,114.54000091552734,115.06739807128906,114.54000091552734,114.87000274658203,100.75663757324219,231100,0.0,0.0,0.0
2023-10-20,114.94000244140625,115.08000183105469,114.5199966430664,114.87000274658203,100.75663757324219,9182,0.0,0.0,0.0
2023-10-23,115.27999877929688,115.31999969482422,114.30000305175781,115.30000305175781,101.13380432128906,24372,0.0,0.0,0.0
2023-10-24,115.56999969482422,116.12000274658203,115.56999969482422,115.94000244140625,101.6951675415039,14015,0.0,0.0,0.0
2023-10-25,116.19999694824219,116.2332992553711,115.54000091552734,115.54000091552734,101.34432220458984,15008,0.0,0.0,0.0
2023-10-26,115.8499984741211,116.0199966430664,115.0199966430664,115.55000305175781,101.35309600830078,4583,0.0,0.0,0.0
2023-10-27,115.80000305175781,116.36000061035156,115.7699966430664,116.13999938964844,101.87060546875,21319,0.0,0.0,0.0
2023-10-30,116.43000030517578,116.61000061035156,115.9000015258789,116.18000030517578,101.90569305419922,3730,0.0,0.0,0.0
2023-10-31,116.55999755859375,116.97000122070312,116.37039947509766,116.41999816894531,102.1162109375,17357,0.0,0.0,0.0
2023-11-01,116.26000213623047,117.16480255126953,116.16000366210938,116.68000030517578,102.34425354003906,6343,0.0,0.0,0.0
2023-11-02,117.19000244140625,118.41000366210938,116.92759704589844,117.97000122070312,103.47576904296875,25842,0.0,0.0,0.0
2023-11-03,117.77999877929688,118.75,117.6500015258789,118.48999786376953,103.93187713623047,22156,0.0,0.0,0.0
2023-11-06,118.29000091552734,118.5,118.0199966430664,118.03500366210938,103.53278350830078,21858,0.0,0.0,0.0
2023-11-07,117.8499984741211,118.88999938964844,117.8499984741211,118.61000061035156,104.0371322631836,18807,0.0,0.0,0.0
2023-11-08,119.0,119.23999786376953,118.65189361572266,119.21499633789062,104.56779479980469,14321,0.0,0.0,0.0
2023-11-09,119.01000213623047,119.53649139404297,118.69999694824219,119.11000061035156,104.47569274902344,10030,0.0,0.0,0.0
2023-11-10,118.8499984741211,118.91000366210938,118.31999969482422,118.58499908447266,104.01519775390625,23237,0.0,0.0,0.0
2023-11-13,118.68000030517578,118.94000244140625,118.3499984741211,118.63999938964844,104.06342315673828,8902,0.0,0.0,0.0
2023-11-14,118.80999755859375,120.41999816894531,118.45999908447266,120.26000213623047,105.48439025878906,17283,0.0,0.0,0.0
2023-11-15,120.47000122070312,120.73999786376953,119.83999633789062,119.97000122070312,105.23003387451172,71117,0.0,0.0,0.0
2023-11-16,119.88999938964844,121.21199798583984,119.88999938964844,120.87999725341797,106.02822875976562,79732,0.0,0.0,0.0
2023-11-17,120.68000030517578,121.41999816894531,120.68000030517578,120.80000305175781,105.95806884765625,10480,0.0,0.0,0.0
2023-11-20,120.37999725341797,121.01000213623047,120.37999725341797,120.7300033569336,105.89665222167969,5652,0.0,0.0,0.0
2023-11-21,121.04000091552734,121.47899627685547,120.76000213623047,121.08999633789062,106.2124252319336,29643,0.0,0.0,0.0
2023-11-22,120.7300033569336,121.22000122070312,120.37000274658203,120.30500030517578,105.52387237548828,10187,0.0,0.0,0.0
2023-11-23,121.2699966430664,121.2699966430664,119.76000213623047,119.95999908447266,105.22126007080078,13736,0.0,0.0,0.0
2023-11-24,119.7699966430664,119.94999694824219,119.4728012084961,119.80999755859375,105.08968353271484,42045,0.0,0.0,0.0
2023-11-27,119.27999877929688,120.3499984741211,119.27999877929688,120.2699966430664,105.4931640625,31206,0.0,0.0,0.0
2023-11-28,120.19000244140625,120.79000091552734,120.06999969482422,120.69000244140625,105.861572265625,8541,0.0,0.0,0.0
2023-11-29,120.83000183105469,121.55999755859375,120.66999816894531,121.43000030517578,106.51065063476562,8802,0.0,0.0,0.0
2023-11-30,120.94999694824219,121.25,120.6500015258789,120.83999633789062,105.99313354492188,6529,0.0,0.0,0.0
2023-12-01,120.7699966430664,121.36000061035156,120.66999816894531,121.26000213623047,106.3615493774414,44271,0.0,0.0,0.0
2023-12-04,120.62999725341797,121.33293914794922,120.62999725341797,120.83499908447266,105.9887466430664,8757,0.0,0.0,0.0
2023-12-05,121.48999786376953,122.20999908447266,120.94999694824219,122.20999908447266,107.19481658935547,14702,0.0,0.0,0.0
2023-12-06,121.94000244140625,122.5999984741211,121.69560241699219,122.41000366210938,107.3702392578125,33630,0.0,0.0,0.0
2023-12-07,122.16999816894531,122.47000122070312,122.12799835205078,122.37999725341797,107.34392547607422,23751,0.0,0.0,0.0
2023-12-08,122.4000015258789,122.41999816894531,121.86000061035156,122.18000030517578,107.16850280761719,5822,0.0,0.0,0.0
2023-12-11,122.02999877929688,122.09639739990234,121.66000366210938,121.66000366210938,106.71239471435547,4535,0.0,0.0,0.0
2023-12-12,122.22000122070312,122.83999633789062,122.22000122070312,122.76000213623047,107.67723846435547,24041,0.0,0.0,0.0
2023-12-13,122.72000122070312,123.72059631347656,122.72000122070312,123.51000213623047,108.33509063720703,25830,0.0,0.0,0.0
2023-12-14,123.54000091552734,124.12999725341797,123.01000213623047,123.08000183105469,109.16008758544922,23845,1.3602,0.0,0.0
2023-12-15,123.33000183105469,124.0,123.0199966430664,123.88999938964844,109.87847900390625,18195,0.0,0.0,0.0
2023-12-18,123.25,124.31390380859375,123.25,123.91000366210938,109.8962173461914,22709,0.0,0.0,0.0
2023-12-19,123.98999786376953,124.52999877929688,123.76349639892578,124.52999877929688,110.44608306884766,4814,0.0,0.0,0.0
2023-12-20,124.80999755859375,125.35082244873047,124.80999755859375,125.17500305175781,111.01815795898438,71386,0.0,0.0,0.0
2023-12-21,125.33999633789062,125.61000061035156,125.12999725341797,125.47000122070312,111.27978515625,17075,0.0,0.0,0.0
2023-12-22,125.63999938964844,125.81999969482422,125.4176025390625,125.7699966430664,111.54586029052734,13878,0.0,0.0,0.0
2023-12-27,125.12000274658203,126.05000305175781,125.08999633789062,126.05000305175781,111.79418182373047,15456,0.0,0.0,0.0
2023-12-28,125.5,125.98999786376953,125.5,125.77999877929688,111.55471801757812,8892,0.0,0.0,0.0
2023-12-29,125.0999984741211,125.725341796875,125.0999984741211,125.22000122070312,111.05807495117188,2534,0.0,0.0,0.0
2024-01-02,124.79000091552734,125.06999969482422,124.2300033569336,124.69000244140625,110.58800506591797,10908,0.0,0.0,0.0
2024-01-03,124.30999755859375,124.73999786376953,123.66999816894531,124.01000213623047,109.98490905761719,13997,0.0,0.0,0.0
2024-01-04,123.70999908447266,124.44000244140625,123.33999633789062,123.53500366210938,109.56362915039062,7112,0.0,0.0,0.0
2024-01-05,123.55999755859375,123.6500015258789,122.5199966430664,122.7699966430664,108.88514709472656,10741,0.0,0.0,0.0
2024-01-08,122.26000213623047,123.05999755859375,122.26000213623047,122.98999786376953,109.08027648925781,5815,0.0,0.0,0.0
2024-01-09,122.7300033569336,123.16000366210938,122.48999786376953,122.9800033569336,109.07140350341797,5677,0.0,0.0,0.0
2024-01-10,123.02999877929688,123.28820037841797,122.88999938964844,123.05000305175781,109.13349151611328,5518,0.0,0.0,0.0
2024-01-11,123.16000366210938,123.5,122.8499984741211,122.91999816894531,109.0181884765625,8490,0.0,0.0,0.0
2024-01-12,123.05999755859375,123.55999755859375,123.05999755859375,123.31999969482422,109.37294006347656,6659,0.0,0.0,0.0
2024-01-15,123.2300033569336,123.47000122070312,122.75,123.1449966430664,109.21774291992188,5353,0.0,0.0,0.0
2024-01-16,122.87000274658203,123.44000244140625,122.83999633789062,123.06500244140625,109.14678955078125,47783,0.0,0.0,0.0
2024-01-17,122.25,122.5,121.33000183105469,121.33000183105469,107.60802459716797,17089,0.0,0.0,0.0
2024-01-18,122.19999694824219,122.33000183105469,121.62000274658203,122.01000213623047,108.21109771728516,5389,0.0,0.0,0.0
2024-01-19,122.54000091552734,122.5905990600586,121.7300033569336,122.15499877929688,108.3396987915039,285930,0.0,0.0,0.0
2024-01-22,122.5999984741211,122.83000183105469,121.81999969482422,122.6050033569336,108.73880004882812,94896,0.0,0.0,0.0
2024-01-23,122.5999984741211,122.7300033569336,122.05999755859375,122.05999755859375,108.25544738769531,29433,0.0,0.0,0.0
2024-01-24,122.08000183105469,122.4822006225586,121.70159912109375,122.01499938964844,108.21553802490234,8634,0.0,0.0,0.0
2024-01-25,121.76000213623047,122.4000015258789,121.62000274658203,122.4000015258789,108.5570068359375,15856,0.0,0.0,0.0
2024-01-26,122.55999755859375,122.7300033569336,122.27999877929688,122.45999908447266,108.6102066040039,7261,0.0,0.0,0.0
2024-01-29,122.5,123.097900390625,122.4000015258789,122.69999694824219,108.82305908203125,2762,0.0,0.0,0.0
2024-01-30,122.69999694824219,123.5199966430664,122.63999938964844,123.13999938964844,109.21330261230469,15258,0.0,0.0,0.0
2024-01-31,123.38999938964844,123.83999633789062,123.18000030517578,123.69999694824219,109.70996856689453,17190,0.0,0.0,0.0
2024-02-01,123.62999725341797,124.2739028930664,123.36000061035156,124.0999984741211,110.06472778320312,12364,0.0,0.0,0.0
2024-02-02,123.86000061035156,124.05999755859375,122.92379760742188,123.0199966430664,109.10687255859375,12504,0.0,0.0,0.0
2024-02-05,123.37999725341797,123.37999725341797,122.12999725341797,122.16999816894531,108.35301208496094,5583,0.0,0.0,0.0
2024-02-06,122.5,123.16999816894531,122.42890167236328,123.1050033569336,109.18225860595703,7761,0.0,0.0,0.0
2024-02-07,122.88999938964844,123.27999877929688,122.7699966430664,123.01499938964844,109.1024398803711,8563,0.0,0.0,0.0
2024-02-08,122.81999969482422,123.27999877929688,122.51640319824219,122.56500244140625,108.7033462524414,9484,0.0,0.0,0.0
2024-02-09,122.30000305175781,122.85240173339844,122.30000305175781,122.49500274658203,108.64125061035156,31952,0.0,0.0,0.0
2024-02-12,122.36000061035156,123.01000213623047,122.3499984741211,122.8499984741211,108.95610046386719,6838,0.0,0.0,0.0
2024-02-13,122.66999816894531,122.94999694824219,121.93000030517578,121.93000030517578,108.1401596069336,13190,0.0,0.0,0.0
2024-02-14,122.91000366210938,123.05000305175781,122.55000305175781,123.05000305175781,109.13349151611328,5777,0.0,0.0,0.0
2024-02-15,123.08000183105469,123.4800033569336,122.94999694824219,122.94999694824219,109.04479217529297,5467,0.0,0.0,0.0
2024-02-16,122.45999908447266,122.97000122070312,122.27999877929688,122.80999755859375,108.92061614990234,4854,0.0,0.0,0.0
2024-02-19,122.30000305175781,122.7699966430664,122.30000305175781,122.76000213623047,108.87628173828125,9689,0.0,0.0,0.0
2024-02-20,122.58000183105469,123.29280090332031,122.2300033569336,123.25,109.31086730957031,9515,0.0,0.0,0.0
2024-02-21,123.08000183105469,123.20999908447266,122.9800033569336,122.91500091552734,109.01374816894531,15187,0.0,0.0,0.0
2024-02-22,123.16000366210938,123.31600189208984,122.62000274658203,123.04000091552734,109.12462615966797,3991,0.0,0.0,0.0
2024-02-23,122.80999755859375,123.45999908447266,122.65560150146484,123.53500366210938,109.56362915039062,1082393,0.0,0.0,0.0
2024-02-26,123.47000122070312,123.75920104980469,123.25260162353516,123.37000274658203,109.41728973388672,4636,0.0,0.0,0.0
2024-02-27,123.22000122070312,123.5999984741211,122.77999877929688,122.86499786376953,108.96939849853516,11625,0.0,0.0,0.0
2024-02-28,122.81999969482422,122.83999633789062,122.48999786376953,122.48999786376953,108.63680267333984,15673,0.0,0.0,0.0
2024-02-29,122.86000061035156,122.95999908447266,121.8499984741211,122.77999877929688,108.89401245117188,14149,0.0,0.0,0.0
2024-03-01,122.5999984741211,123.13999938964844,122.52999877929688,123.0999984741211,109.17782592773438,5296,0.0,0.0,0.0
2024-03-04,123.0,123.28849792480469,122.76000213623047,122.95500183105469,109.0492172241211,15403,0.0,0.0,0.0
2024-03-05,122.69000244140625,123.84449768066406,122.69000244140625,123.80999755859375,109.80752563476562,13027,0.0,0.0,0.0
2024-03-06,123.6500015258789,124.02189636230469,123.29000091552734,123.80999755859375,109.80752563476562,10928,0.0,0.0,0.0
2024-03-07,123.7300033569336,124.35240173339844,123.62000274658203,124.05999755859375,110.02926635742188,17456,0.0,0.0,0.0
2024-03-08,124.4800033569336,124.66000366210938,124.20539855957031,124.36000061035156,110.29531860351562,6126,0.0,0.0,0.0
2024-03-11,124.9800033569336,124.9800033569336,124.22560119628906,124.54000091552734,110.45496368408203,10543,0.0,0.0,0.0
2024-03-12,124.69999694824219,125.29547882080078,124.69999694824219,124.91000366210938,110.78312683105469,9170,0.0,0.0,0.0
2024-03-13,125.47000122070312,125.47000122070312,124.52999877929688,124.5999984741211,110.5081787109375,11189,0.0,0.0,0.0
2024-03-14,123.36000061035156,123.58000183105469,122.80000305175781,122.81999969482422,110.15042877197266,11973,1.3811,0.0,0.0
2024-03-15,122.87000274658203,122.908203125,122.5199966430664,122.76000213623047,110.09661865234375,7361,0.0,0.0,0.0
2024-03-18,122.6500015258789,122.92169952392578,122.56999969482422,122.81500244140625,110.14595031738281,4195,0.0,0.0,0.0
2024-03-19,122.95999908447266,123.16000366210938,122.4929428100586,122.79000091552734,110.12353515625,7808,0.0,0.0,0.0
2024-03-20,123.22000122070312,123.45587158203125,123.01000213623047,123.26499938964844,110.54953002929688,11366,0.0,0.0,0.0
2024-03-21,123.33000183105469,124.0,123.33000183105469,123.63999938964844,110.8858413696289,10617,0.0,0.0,0.0
2024-03-22,123.76000213623047,123.99400329589844,123.56999969482422,123.77999877929688,111.01139831542969,10281,0.0,0.0,0.0
2024-03-25,123.77999877929688,123.88279724121094,123.08000183105469,123.18000030517578,110.4732894897461,15617,0.0,0.0,0.0
2024-03-26,123.19999694824219,123.53690338134766,123.19999694824219,123.45999908447266,110.72440338134766,22395,0.0,0.0,0.0
2024-03-27,123.55000305175781,123.66999816894531,123.22799682617188,123.58000183105469,110.83203887939453,11429,0.0,0.0,0.0
2024-03-28,123.22000122070312,123.82430267333984,123.16999816894531,123.62000274658203,110.8678970336914,32375,0.0,0.0,0.0
2024-04-02,123.55999755859375,123.55999755859375,122.38999938964844,122.47000122070312,109.83654022216797,22536,0.0,0.0,0.0
2024-04-03,122.44999694824219,122.95999908447266,122.44526672363281,122.72000122070312,110.06075286865234,27912,0.0,0.0,0.0
2024-04-04,122.9000015258789,123.37000274658203,122.6356201171875,123.01000213623047,110.3208236694336,14903,0.0,0.0,0.0
2024-04-05,122.5,123.15235137939453,122.0,122.74500274658203,110.08316802978516,37337,0.0,0.0,0.0
2024-04-08,122.68000030517578,122.68000030517578,122.30899047851562,122.52999877929688,109.89034271240234,24050,0.0,0.0,0.0
2024-04-09,122.7300033569336,123.08000183105469,122.62999725341797,123.0,110.31187438964844,16276,0.0,0.0,0.0
2024-04-10,122.41999816894531,123.5,122.2300033569336,122.25,109.63922119140625,52397,0.0,0.0,0.0
2024-04-11,121.91999816894531,122.0999984741211,121.05619049072266,121.625,109.07869720458984,13163,0.0,0.0,0.0
2024-04-12,121.77999877929688,122.44410705566406,121.77999877929688,122.1500015258789,109.54954528808594,17768,0.0,0.0,0.0
2024-04-15,122.4800033569336,122.4800033569336,121.3499984741211,121.41000366210938,108.88587951660156,5380,0.0,0.0,0.0
2024-04-16,121.18000030517578,121.55805206298828,1.2100000381469727,120.81999969482422,108.35674285888672,19702,0.0,0.0,0.0
2024-04-17,120.66000366210938,121.20999908447266,120.62000274658203,121.07499694824219,108.58543395996094,18151,0.0,0.0,0.0
2024-04-18,121.4000015258789,121.58760070800781,121.11000061035156,121.12000274658203,108.62580108642578,22920,0.0,0.0,0.0
2024-04-19,121.33999633789062,121.52999877929688,121.08999633789062,121.52999877929688,108.9935073852539,6070,0.0,0.0,0.0
2024-04-22,121.43000030517578,121.9000015258789,121.37840270996094,121.66000366210938,109.1100845336914,6488,0.0,0.0,0.0
2024-04-23,121.30000305175781,122.16000366210938,121.30000305175781,121.6500015258789,109.10112762451172,21267,0.0,0.0,0.0
2024-04-24,121.16000366210938,121.62999725341797,120.87000274658203,120.97000122070312,108.49126434326172,20813,0.0,0.0,0.0
2024-04-25,121.20999908447266,121.35144805908203,120.65740966796875,120.77999877929688,108.32086181640625,20162,0.0,0.0,0.0
2024-04-26,120.69000244140625,121.61280059814453,120.69000244140625,121.18000030517578,108.67961120605469,47959,0.0,0.0,0.0
2024-04-29,121.54000091552734,121.69999694824219,121.3499984741211,121.5999984741211,109.0562744140625,15323,0.0,0.0,0.0
2024-04-30,121.5999984741211,121.66824340820312,121.0999984741211,121.12999725341797,108.63475799560547,13206,0.0,0.0,0.0
2024-05-01,120.63999938964844,121.48500061035156,120.58100128173828,121.2300033569336,108.72444915771484,11914,0.0,0.0,0.0
2024-05-02,120.55999755859375,121.80999755859375,120.55999755859375,121.6500015258789,109.10112762451172,30002,0.0,0.0,0.0
2024-05-03,122.30999755859375,122.56546020507812,121.60903930664062,122.27999877929688,109.66614532470703,26603,0.0,0.0,0.0
2024-05-07,122.12999725341797,123.12999725341797,121.9800033569336,123.11000061035156,110.41051483154297,21488,0.0,0.0,0.0
2024-05-08,123.30000305175781,123.37999725341797,122.98320007324219,123.2699966430664,110.55400848388672,16019,0.0,0.0,0.0
2024-05-09,123.08999633789062,123.36000061035156,122.90535736083984,123.33499908447266,110.6123046875,12416,0.0,0.0,0.0
2024-05-10,122.77999877929688,123.70999908447266,122.77999877929688,123.16999816894531,110.46432495117188,11016,0.0,0.0,0.0
2024-05-13,123.30000305175781,123.44640350341797,123.05000305175781,123.26000213623047,110.54505157470703,11198,0.0,0.0,0.0
2024-05-14,123.01000213623047,123.33824157714844,122.90322875976562,123.16999816894531,110.46432495117188,13173,0.0,0.0,0.0
2024-05-15,123.3499984741211,124.03279876708984,123.16871643066406,123.9000015258789,111.1190185546875,25621,0.0,0.0,0.0
2024-05-16,124.6500015258789,124.6500015258789,123.91175842285156,123.95999908447266,111.17283630371094,13485,0.0,0.0,0.0
2024-05-17,123.9000015258789,124.0011978149414,123.56999969482422,123.56999969482422,110.82305908203125,12415,0.0,0.0,0.0
2024-05-20,123.73999786376953,124.11000061035156,123.30999755859375,123.41999816894531,110.68853759765625,16275,0.0,0.0,0.0
2024-05-21,123.6500015258789,123.66000366210938,123.03231048583984,123.4800033569336,110.74234771728516,21278,0.0,0.0,0.0
2024-05-22,123.5,123.87724304199219,122.71186828613281,122.7300033569336,110.06971740722656,11339,0.0,0.0,0.0
2024-05-23,122.93000030517578,123.00450134277344,122.497802734375,122.5999984741211,109.95311737060547,16062,0.0,0.0,0.0
2024-05-24,122.68000030517578,122.73999786376953,122.29000091552734,122.45999908447266,109.82756042480469,15230,0.0,0.0,0.0
2024-05-28,123.08999633789062,123.08999633789062,122.19999694824219,122.44000244140625,109.80963897705078,24432,0.0,0.0,0.0
2024-05-29,122.3499984741211,122.3499984741211,121.5,121.55999755859375,109.02040100097656,10677,0.0,0.0,0.0
2024-05-30,121.51000213623047,121.93000030517578,121.51000213623047,121.87999725341797,109.30740356445312,17568,0.0,0.0,0.0
2024-05-31,121.86000061035156,122.27439880371094,121.58000183105469,122.12999725341797,109.53160858154297,11827,0.0,0.0,0.0
2024-06-03,121.58999633789062,122.81999969482422,121.58999633789062,122.81500244140625,110.14595031738281,25000,0.0,0.0,0.0
2024-06-04,122.66000366210938,123.28790283203125,122.66000366210938,123.0,110.31187438964844,22640,0.0,0.0,0.0
2024-06-05,122.55000305175781,123.19000244140625,122.4800033569336,122.91999816894531,110.24011993408203,17174,0.0,0.0,0.0
2024-06-06,123.45999908447266,123.45999908447266,122.8208999633789,123.00499725341797,110.31632995605469,13911,0.0,0.0,0.0
2024-06-07,123.16999816894531,123.16999816894531,122.16000366210938,122.32499694824219,109.70648956298828,9025,0.0,0.0,0.0
2024-06-10,121.79000091552734,122.23999786376953,121.56999969482422,121.8499984741211,109.28048706054688,12733,0.0,0.0,0.0
2024-06-11,122.36000061035156,122.36000061035156,121.7488021850586,121.87000274658203,109.29842376708984,11554,0.0,0.0,0.0
2024-06-12,122.33999633789062,123.05000305175781,121.94966888427734,122.8499984741211,110.1773452758789,23681,0.0,0.0,0.0
2024-06-13,121.5,121.52216339111328,121.06999969482422,121.25,110.02225494384766,15798,1.4291,0.0,0.0
2024-06-14,121.47000122070312,121.79000091552734,121.37999725341797,121.69999694824219,110.43057250976562,28997,0.0,0.0,0.0
2024-06-17,121.48999786376953,121.92266082763672,121.0999984741211,121.2300033569336,110.00411224365234,9005,0.0,0.0,0.0
2024-06-18,121.01000213623047,121.85449981689453,121.01000213623047,121.55000305175781,110.29448699951172,15480,0.0,0.0,0.0
2024-06-19,121.54000091552734,121.9571304321289,121.28260040283203,121.7300033569336,110.45781707763672,39832,0.0,0.0,0.0
2024-06-20,121.58000183105469,122.18000030517578,121.37592315673828,121.98999786376953,110.69373321533203,7915,0.0,0.0,0.0
2024-06-21,122.19999694824219,122.4000015258789,121.73999786376953,121.81999969482422,110.53947448730469,16649,0.0,0.0,0.0
2024-06-24,122.29000091552734,122.37834167480469,121.79000091552734,121.8550033569336,110.57125091552734,10488,0.0,0.0,0.0
2024-06-25,121.87000274658203,122.27999877929688,121.87000274658203,122.0999984741211,110.79354095458984,41897,0.0,0.0,0.0
2024-06-26,121.6500015258789,122.18360137939453,121.6500015258789,121.9000015258789,110.61206817626953,79112,0.0,0.0,0.0
2024-06-27,121.55000305175781,122.05999755859375,121.48999786376953,121.87000274658203,110.5848388671875,6008,0.0,0.0,0.0
2024-06-28,121.58000183105469,122.22480010986328,121.38011932373047,121.66000366210938,110.39429473876953,5823,0.0,0.0,0.0
2024-07-01,121.23999786376953,122.07164001464844,121.23999786376953,121.19499969482422,109.97234344482422,8599,0.0,0.0,0.0
2024-07-02,121.66999816894531,121.70999908447266,121.25350189208984,121.52999877929688,110.27633666992188,33258,0.0,0.0,0.0
2024-07-03,121.0199966430664,122.47000122070312,121.0199966430664,122.16999816894531,110.85707092285156,21663,0.0,0.0,0.0
2024-07-04,122.12000274658203,122.28079986572266,121.73188018798828,122.16000366210938,110.8479995727539,5188,0.0,0.0,0.0
2024-07-05,122.43000030517578,122.7640380859375,122.2300033569336,122.58000183105469,111.22909545898438,27802,0.0,0.0,0.0
2024-07-08,122.51000213623047,123.04000091552734,122.42829895019531,122.87999725341797,111.50131225585938,8474,0.0,0.0,0.0
2024-07-09,122.75,123.2303237915039,122.3656997680664,122.43000030517578,111.0929946899414,122429,0.0,0.0,0.0
2024-07-10,121.94999694824219,122.93399810791016,121.94999694824219,122.5999984741211,111.24724578857422,47330,0.0,0.0,0.0
2024-07-11,122.2300033569336,123.28263092041016,122.2300033569336,123.16999816894531,111.76446533203125,12305,0.0,0.0,0.0
2024-07-12,122.87000274658203,123.08000183105469,122.5967025756836,123.0,111.6102066040039,17771,0.0,0.0,0.0
2024-07-15,123.55000305175781,123.55000305175781,122.79000091552734,123.0199966430664,111.62835693359375,9688,0.0,0.0,0.0
2024-07-16,123.12000274658203,123.29109954833984,122.97351837158203,123.13999938964844,111.73724365234375,10849,0.0,0.0,0.0
2024-07-17,122.9000015258789,123.37692260742188,122.9000015258789,123.12999725341797,111.72816467285156,11053,0.0,0.0,0.0
2024-07-18,123.79000091552734,123.80000305175781,123.08999633789062,123.375,111.95049285888672,4797,0.0,0.0,0.0
2024-07-19,123.11000061035156,123.32579803466797,122.81230163574219,122.97000122070312,111.5829849243164,6714,0.0,0.0,0.0
2024-07-22,123.36000061035156,123.45999908447266,122.54000091552734,122.54000091552734,111.19281005859375,6332,0.0,0.0,0.0
2024-07-23,122.19000244140625,122.93000030517578,122.16999816894531,122.7300033569336,111.3652114868164,22128,0.0,0.0,0.0
2024-07-24,122.72000122070312,123.30599975585938,122.31999969482422,122.45999908447266,111.12020111083984,14130,0.0,0.0,0.0
2024-07-25,121.91000366210938,123.04000091552734,121.91000366210938,122.67500305175781,111.3153076171875,8277,0.0,0.0,0.0
2024-07-26,122.47000122070312,123.29000091552734,122.40499877929688,123.29000091552734,111.87335205078125,4648,0.0,0.0,0.0
2024-07-29,123.45999908447266,123.54000091552734,123.05000305175781,123.13999938964844,111.73724365234375,23636,0.0,0.0,0.0
2024-07-30,122.6500015258789,123.49252319335938,122.6500015258789,123.2300033569336,111.81890869140625,10136,0.0,0.0,0.0
2024-07-31,123.05999755859375,123.80000305175781,123.05999755859375,123.70999908447266,112.25446319580078,5196,0.0,0.0,0.0
2024-08-01,124.38999938964844,124.47000122070312,123.25,124.21499633789062,112.71269989013672,31731,0.0,0.0,0.0
2024-08-02,124.69999694824219,124.7699966430664,124.01000213623047,124.27999877929688,112.77167510986328,13016,0.0,0.0,0.0
2024-08-05,123.55000305175781,124.68000030517578,123.51000213623047,123.77999877929688,112.31797790527344,22267,0.0,0.0,0.0
2024-08-06,123.36000061035156,124.26779174804688,123.22000122070312,123.22000122070312,111.8098373413086,13310,0.0,0.0,0.0
2024-08-07,123.05000305175781,123.48834991455078,123.0,123.38999938964844,111.96409606933594,20911,0.0,0.0,0.0
2024-08-08,123.36000061035156,123.77999877929688,123.08000183105469,123.22000122070312,111.8098373413086,19699,0.0,0.0,0.0
2024-08-09,123.4000015258789,123.78800201416016,123.33309936523438,123.5199966430664,112.0820541381836,22648,0.0,0.0,0.0
2024-08-12,123.23999786376953,123.79319763183594,123.23999786376953,123.75,112.29075622558594,3696,0.0,0.0,0.0
2024-08-13,123.66999816894531,124.12000274658203,123.61000061035156,123.83999633789062,112.3724136352539,26405,0.0,0.0,0.0
2024-08-14,124.27999877929688,124.62999725341797,124.16999816894531,124.55000305175781,113.01668548583984,17139,0.0,0.0,0.0
2024-08-15,124.30000305175781,124.57849884033203,123.97000122070312,124.19000244140625,112.69001007080078,10263,0.0,0.0,0.0
2024-08-16,124.18000030517578,124.43000030517578,123.94999694824219,123.94999694824219,112.47222900390625,12938,0.0,0.0,0.0
2024-08-19,124.16000366210938,124.5199966430664,123.80999755859375,123.9800033569336,112.49945831298828,7609,0.0,0.0,0.0
2024-08-20,123.91000366210938,124.26000213623047,123.91000366210938,124.26000213623047,112.75353240966797,12953,0.0,0.0,0.0
2024-08-21,124.0999984741211,124.4800033569336,123.99829864501953,124.33000183105469,112.81705474853516,10328,0.0,0.0,0.0
2024-08-22,124.29000091552734,124.75,123.83000183105469,123.90499877929688,112.43140411376953,7493,0.0,0.0,0.0
2024-08-23,124.0199966430664,124.43000030517578,123.93820190429688,124.3499984741211,112.835205078125,19125,0.0,0.0,0.0
2024-08-27,124.4000015258789,124.4000015258789,123.7300033569336,123.83000183105469,112.36334991455078,5880,0.0,0.0,0.0
2024-08-28,124.26000213623047,124.33999633789062,123.7699966430664,123.7699966430664,112.30889892578125,15895,0.0,0.0,0.0
2024-08-29,124.4000015258789,124.4000015258789,123.67160034179688,123.79499816894531,112.33158111572266,31019,0.0,0.0,0.0
2024-08-30,124.0999984741211,124.33000183105469,123.62000274658203,124.08999633789062,112.5992660522461,8125,0.0,0.0,0.0
2024-09-02,124.38999938964844,124.38999938964844,123.42186737060547,123.55999755859375,112.11835479736328,69681,0.0,0.0,0.0
2024-09-03,123.63999938964844,124.2759017944336,123.05999755859375,124.125,112.63103485107422,6888,0.0,0.0,0.0
2024-09-04,124.0999984741211,124.45999908447266,124.08000183105469,124.45999908447266,112.93501281738281,21322,0.0,0.0,0.0
2024-09-05,124.41000366210938,124.9800033569336,124.33001708984375,124.41000366210938,112.8896484375,7471,0.0,0.0,0.0
2024-09-06,124.97000122070312,124.97000122070312,124.36000061035156,124.78500366210938,113.22991943359375,26411,0.0,0.0,0.0
2024-09-09,124.5,124.90480041503906,123.95999908447266,124.9000015258789,113.33427429199219,7255,0.0,0.0,0.0
2024-09-10,125.0,125.04000091552734,124.6500015258789,125.05999755859375,113.47944641113281,47710,0.0,0.0,0.0
2024-09-11,125.44999694824219,125.6500015258789,125.13999938964844,125.41999816894531,113.80611419677734,48069,0.0,0.0,0.0
2024-09-12,124.80999755859375,124.80999755859375,123.44999694824219,123.87000274658203,113.69927215576172,15257,1.4336,0.0,0.0
2024-09-13,124.16000366210938,124.16000366210938,123.83000183105469,123.96499633789062,113.78646087646484,5117,0.0,0.0,0.0
2024-09-16,124.05999755859375,124.22000122070312,123.91000366210938,124.22000122070312,114.02054595947266,7172,0.0,0.0,0.0
2024-09-17,124.33000183105469,124.33000183105469,123.79000091552734,123.86000061035156,113.6900863647461,10439,0.0,0.0,0.0
2024-09-18,123.87000274658203,124.12999725341797,123.31999969482422,123.3499984741211,113.22196197509766,12494,0.0,0.0,0.0
2024-09-19,122.93000030517578,123.83000183105469,122.93000030517578,123.30000305175781,113.17607879638672,33373,0.0,0.0,0.0
2024-09-20,123.51000213623047,123.98999786376953,123.20469665527344,123.44000244140625,113.30458068847656,24251,0.0,0.0,0.0
2024-09-23,123.93000030517578,123.93000030517578,122.9000015258789,123.19999694824219,113.08428192138672,12544,0.0,0.0,0.0
2024-09-24,122.55999755859375,123.42479705810547,122.55999755859375,123.16500091552734,113.05215454101562,11351,0.0,0.0,0.0
2024-09-25,123.0999984741211,123.19999694824219,122.75499725341797,122.88999938964844,112.79973602294922,180277,0.0,0.0,0.0
2024-09-26,122.98999786376953,123.0999984741211,122.47540283203125,122.7300033569336,112.65287780761719,96893,0.0,0.0,0.0
2024-09-27,122.69999694824219,123.41000366210938,122.69999694824219,122.7699966430664,112.6895980834961,41616,0.0,0.0,0.0
2024-09-30,122.91000366210938,123.26000213623047,122.69000244140625,122.9000015258789,112.80891418457031,6574,0.0,0.0,0.0
2024-10-01,123.22000122070312,123.69000244140625,122.93000030517578,123.37000274658203,113.24031829833984,18309,0.0,0.0,0.0
2024-10-02,123.6500015258789,123.6500015258789,122.68990325927734,122.87000274658203,112.78137969970703,10651,0.0,0.0,0.0
2024-10-03,123.30000305175781,123.44000244140625,122.88999938964844,123.12999725341797,113.02003479003906,12695,0.0,0.0,0.0
2024-10-04,122.94999694824219,123.26000213623047,122.2699966430664,122.56999969482422,112.50601959228516,19115,0.0,0.0,0.0
2024-10-07,122.38999938964844,122.86000061035156,122.0,122.09500122070312,112.07001495361328,34876,0.0,0.0,0.0
2024-10-08,122.25,122.28379821777344,121.92510223388672,122.16500091552734,112.13427734375,19397,0.0,0.0,0.0
2024-10-09,122.45999908447266,122.62000274658203,122.19930267333984,122.33000183105469,112.28572082519531,16411,0.0,0.0,0.0
2024-10-10,123.05000305175781,123.05000305175781,122.05000305175781,122.25499725341797,112.21687316894531,14696,0.0,0.0,0.0
2024-10-11,122.05000305175781,122.80000305175781,122.04000091552734,122.29000091552734,112.2490005493164,23874,0.0,0.0,0.0
2024-10-14,122.76000213623047,122.94000244140625,122.05000305175781,122.1500015258789,112.12049865722656,21051,0.0,0.0,0.0
2024-10-15,122.61000061035156,122.91000366210938,122.4095230102539,122.87000274658203,112.78137969970703,18632,0.0,0.0,0.0
2024-10-16,123.5,123.91000366210938,122.80999755859375,123.91000366210938,113.73599243164062,33814,0.0,0.0,0.0
2024-10-17,124.05000305175781,124.05000305175781,123.5199966430664,123.54000091552734,113.39636993408203,24455,0.0,0.0,0.0
2024-10-18,123.54000091552734,124.0,123.54000091552734,123.94000244140625,113.7635269165039,21736,0.0,0.0,0.0
2024-10-21,123.95999908447266,123.98999786376953,123.30000305175781,123.30000305175781,113.17607879638672,29284,0.0,0.0,0.0
2024-10-22,123.9000015258789,123.9000015258789,122.9000015258789,123.30999755859375,113.18525695800781,23333,0.0,0.0,0.0
2024-10-23,122.97000122070312,123.20040130615234,122.83000183105469,122.83000183105469,112.74466705322266,22388,0.0,0.0,0.0
2024-10-24,122.6500015258789,123.05999755859375,122.59739685058594,122.8550033569336,112.76762390136719,28509,0.0,0.0,0.0
2024-10-25,123.29000091552734,123.43000030517578,122.43000030517578,122.94000244140625,112.84563446044922,14903,0.0,0.0,0.0
2024-10-28,122.36000061035156,123.20079803466797,122.36000061035156,122.79000091552734,112.70794677734375,26226,0.0,0.0,0.0
2024-10-29,122.69999694824219,123.19999694824219,122.33999633789062,122.4800033569336,112.42340087890625,12580,0.0,0.0,0.0
2024-10-30,122.20999908447266,123.29000091552734,121.69000244140625,122.31999969482422,112.27653503417969,9835,0.0,0.0,0.0
2024-10-31,122.4000015258789,122.4000015258789,120.80000305175781,121.2699966430664,111.312744140625,20871,0.0,0.0,0.0
2024-11-01,121.06999969482422,121.97000122070312,120.9375,121.58000183105469,111.5972900390625,21639,0.0,0.0,0.0
2024-11-04,121.29000091552734,122.01000213623047,121.01000213623047,121.01000213623047,111.0740966796875,20708,0.0,0.0,0.0
2024-11-05,121.16999816894531,121.62000274658203,120.76000213623047,120.76000213623047,110.84461975097656,35981,0.0,0.0,0.0
2024-11-06,120.5999984741211,121.125,120.33999633789062,120.55000305175781,110.6518783569336,22482,0.0,0.0,0.0
2024-11-07,120.3499984741211,121.43900299072266,120.3499984741211,121.21499633789062,111.26226043701172,37914,0.0,0.0,0.0
2024-11-08,121.69000244140625,121.91999816894531,121.41000366210938,121.80000305175781,111.79924011230469,14832,0.0,0.0,0.0
2024-11-11,121.80000305175781,122.33000183105469,121.61000061035156,121.7699966430664,111.77169799804688,11135,0.0,0.0,0.0
2024-11-12,122.25,122.26000213623047,121.37999725341797,121.41000366210938,111.44125366210938,12219,0.0,0.0,0.0
2024-11-13,121.41000366210938,121.83999633789062,121.15619659423828,121.37999725341797,111.4137191772461,22109,0.0,0.0,0.0
2024-11-14,121.18000030517578,121.6500015258789,120.73999786376953,121.55500030517578,111.5743408203125,10344,0.0,0.0,0.0
2024-11-15,121.5999984741211,121.87999725341797,121.36180114746094,121.61499786376953,111.6294174194336,15805,0.0,0.0,0.0
2024-11-18,121.62000274658203,122.1500015258789,121.35800170898438,121.5999984741211,111.61566162109375,22687,0.0,0.0,0.0
2024-11-19,121.4000015258789,122.25,121.4000015258789,121.66500091552734,111.67532348632812,21333,0.0,0.0,0.0
2024-11-20,121.19000244140625,121.88999938964844,121.19000244140625,121.37999725341797,111.4137191772461,9186,0.0,0.0,0.0
2024-11-21,122.16999816894531,122.16999816894531,121.4937973022461,121.56999969482422,111.58811950683594,8659,0.0,0.0,0.0
2024-11-22,121.94999694824219,122.27786254882812,121.08000183105469,121.98999786376953,111.9736328125,8985,0.0,0.0,0.0
2024-11-25,122.02999877929688,122.64620208740234,122.0199966430664,122.5199966430664,112.46012115478516,16725,0.0,0.0,0.0
2024-11-26,122.0199966430664,122.68000030517578,122.0199966430664,122.36499786376953,112.31784057617188,18385,0.0,0.0,0.0
2024-11-27,123.11000061035156,123.11000061035156,122.5,122.66500091552734,112.59320831298828,10985,0.0,0.0,0.0
2024-11-28,122.12999725341797,122.97339630126953,122.12999725341797,122.83000183105469,112.74466705322266,11014,0.0,0.0,0.0
2024-11-29,123.4000015258789,123.45999908447266,122.94000244140625,123.45999908447266,113.32292938232422,9420,0.0,0.0,0.0
2024-12-02,123.62000274658203,123.76000213623047,123.05999755859375,123.4800033569336,113.34130859375,12576,0.0,0.0,0.0
2024-12-03,123.77999877929688,123.77999877929688,123.06999969482422,123.4000015258789,113.26786804199219,18584,0.0,0.0,0.0
2024-12-04,123.79000091552734,123.79000091552734,122.95390319824219,123.2300033569336,113.11182403564453,38821,0.0,0.0,0.0
2024-12-05,123.62999725341797,123.68000030517578,123.07080078125,123.11000061035156,113.00167083740234,33370,0.0,0.0,0.0
2024-12-06,123.2300033569336,123.76000213623047,123.1666030883789,123.30999755859375,113.18525695800781,33761,0.0,0.0,0.0
2024-12-09,123.44999694824219,123.8499984741211,123.02999877929688,123.6449966430664,113.49273681640625,22685,0.0,0.0,0.0
2024-12-10,124.16999816894531,124.16999816894531,123.18000030517578,123.52999877929688,113.3871841430664,34035,0.0,0.0,0.0
2024-12-11,123.87999725341797,123.87999725341797,123.31999969482422,123.3499984741211,113.22196197509766,17828,0.0,0.0,0.0
2024-12-12,122.56999969482422,122.69000244140625,121.16999816894531,122.01000213623047,113.31902313232422,13785,1.4445,0.0,0.0
2024-12-13,122.5,122.5,121.36000061035156,121.62999725341797,112.9660873413086,24494,0.0,0.0,0.0
2024-12-16,122.04000091552734,122.08000183105469,121.44000244140625,121.43000030517578,112.78033447265625,13924,0.0,0.0,0.0
2024-12-17,121.9000015258789,121.9000015258789,120.93000030517578,121.02999877929688,112.40882873535156,13341,0.0,0.0,0.0
2024-12-18,121.36000061035156,121.69000244140625,120.64600372314453,120.94499969482422,112.32988739013672,17517,0.0,0.0,0.0
2024-12-19,120.93000030517578,121.13999938964844,120.0199966430664,120.6500015258789,112.055908203125,28884,0.0,0.0,0.0
2024-12-20,120.80000305175781,121.44619750976562,120.76000213623047,121.1500015258789,112.5202865600586,20103,0.0,0.0,0.0
2024-12-23,121.05000305175781,121.5999984741211,120.80000305175781,120.95999908447266,112.34381866455078,14397,0.0,0.0,0.0
2024-12-24,121.23999786376953,121.73999786376953,120.6500015258789,121.54000091552734,112.88250732421875,2330,0.0,0.0,0.0
2024-12-27,120.4000015258789,121.19999694824219,120.4000015258789,120.86499786376953,112.25558471679688,13762,0.0,0.0,0.0
2024-12-30,121.26000213623047,121.30999755859375,120.5999984741211,121.19999694824219,112.56672668457031,16961,0.0,0.0,0.0
2024-12-31,121.0,121.5199966430664,120.9800033569336,121.48500061035156,112.83142852783203,17561,0.0,0.0,0.0
2025-01-02,121.41999816894531,121.80000305175781,120.9989013671875,121.20500183105469,112.57136535644531,70640,0.0,0.0,0.0
2025-01-03,121.7300033569336,121.7300033569336,121.22000122070312,121.27999877929688,112.64102935791016,14508,0.0,0.0,0.0
2025-01-06,121.88999938964844,121.88999938964844,120.7699966430664,121.16500091552734,112.53421783447266,123912,0.0,0.0,0.0
2025-01-07,121.55999755859375,121.55999755859375,120.54000091552734,120.54000091552734,111.9537353515625,10334,0.0,0.0,0.0
2025-01-08,120.87000274658203,121.16999816894531,119.63600158691406,119.8550033569336,111.3175277709961,23865,0.0,0.0,0.0
2025-01-09,119.38999938964844,119.73999786376953,119.26000213623047,119.70999908447266,111.18285369873047,24770,0.0,0.0,0.0
2025-01-10,120.04000091552734,120.04000091552734,119.01000213623047,119.47000122070312,110.95995330810547,28793,0.0,0.0,0.0
2025-01-13,119.5,119.75849914550781,118.972900390625,119.19499969482422,110.70454406738281,16405,0.0,0.0,0.0
2025-01-14,119.62000274658203,119.73999786376953,119.08699798583984,119.2249984741211,110.73240661621094,24475,0.0,0.0,0.0
2025-01-15,119.63999938964844,120.6937026977539,119.53240203857422,120.5,111.91658020019531,22506,0.0,0.0,0.0
2025-01-16,120.61000061035156,120.9000015258789,120.30999755859375,120.80999755859375,112.20450592041016,24502,0.0,0.0,0.0
2025-01-17,121.5199966430664,121.5199966430664,120.94999694824219,121.02999877929688,112.40882873535156,5518,0.0,0.0,0.0
2025-01-20,121.72000122070312,121.73999786376953,120.5999984741211,121.19000244140625,112.55743408203125,19416,0.0,0.0,0.0
2025-01-21,121.11000061035156,121.69000244140625,120.58000183105469,121.44999694824219,112.79891204833984,47486,0.0,0.0,0.0
2025-01-22,122.08999633789062,122.08999633789062,120.98999786376953,121.33999633789062,112.69673919677734,38765,0.0,0.0,0.0
2025-01-23,121.31999969482422,122.0199966430664,121.2300033569336,121.73999786376953,113.06824493408203,40687,0.0,0.0,0.0
2025-01-24,121.55000305175781,121.9800033569336,121.18000793457031,121.69000244140625,113.02182006835938,22863,0.0,0.0,0.0
2025-01-27,121.68000030517578,122.2699966430664,121.5199966430664,121.79000091552734,113.11470031738281,15354,0.0,0.0,0.0
2025-01-28,121.75,122.12999725341797,121.5374984741211,121.83999633789062,113.16112518310547,22051,0.0,0.0,0.0
2025-01-29,121.97000122070312,122.18000030517578,121.56999969482422,121.91000366210938,113.22614288330078,7957,0.0,0.0,0.0
2025-01-30,122.13999938964844,122.41999816894531,121.83110046386719,122.29000091552734,113.5790786743164,24933,0.0,0.0,0.0
2025-01-31,122.12000274658203,122.69000244140625,122.12000274658203,122.33000183105469,113.6162338256836,12119,0.0,0.0,0.0
2025-02-03,121.80000305175781,122.95999908447266,121.80000305175781,122.69999694824219,113.95986938476562,20895,0.0,0.0,0.0
2025-02-04,122.13999938964844,122.79000091552734,122.12000274658203,122.52999877929688,113.80198669433594,20888,0.0,0.0,0.0
2025-02-05,123.05999755859375,123.30999755859375,122.61589813232422,123.18000030517578,114.40568542480469,15734,0.0,0.0,0.0
2025-02-06,123.48999786376953,123.62000274658203,123.00700378417969,123.11499786376953,114.3453140258789,11475,0.0,0.0,0.0
2025-02-07,123.66999816894531,123.66999816894531,122.56999969482422,122.87000274658203,114.11776733398438,8837,0.0,0.0,0.0
2025-02-10,123.37999725341797,123.44000244140625,122.44999694824219,123.0199966430664,114.25708770751953,14480,0.0,0.0,0.0
2025-02-11,122.9000015258789,123.05999755859375,122.62000274658203,122.62000274658203,113.88557434082031,14853,0.0,0.0,0.0
2025-02-12,122.83000183105469,123.14649963378906,122.285400390625,122.62000274658203,113.88557434082031,9119,0.0,0.0,0.0
2025-02-13,122.62000274658203,123.13999938964844,122.45130157470703,122.83999633789062,114.08990478515625,14743,0.0,0.0,0.0
2025-02-14,122.83000183105469,123.18000030517578,122.39800262451172,122.79000091552734,114.04346466064453,9785,0.0,0.0,0.0
2025-02-17,122.44999694824219,122.88999938964844,122.12999725341797,122.7699966430664,114.02489471435547,13038,0.0,0.0,0.0
2025-02-18,122.43000030517578,122.66999816894531,122.16000366210938,122.48500061035156,113.76019287109375,8087,0.0,0.0,0.0
2025-02-19,122.0,122.7300033569336,121.91999816894531,122.1500015258789,113.44905090332031,9900,0.0,0.0,0.0
2025-02-20,122.05999755859375,122.63999938964844,121.86000061035156,121.98999786376953,113.30044555664062,67809,0.0,0.0,0.0
2025-02-21,122.12999725341797,122.62999725341797,121.956298828125,122.34500122070312,113.63016510009766,131181,0.0,0.0,0.0
2025-02-24,122.33999633789062,122.87000274658203,121.73999786376953,122.66999816894531,113.9320068359375,38987,0.0,0.0,0.0
2025-02-25,122.69000244140625,123.05000305175781,122.30999755859375,122.9000015258789,114.1456298828125,79936,0.0,0.0,0.0
2025-02-26,122.8499984741211,123.13580322265625,122.36000061035156,123.05000305175781,114.28495025634766,57279,0.0,0.0,0.0
2025-02-27,122.80999755859375,123.5,122.47000122070312,122.87000274658203,114.11776733398438,17791,0.0,0.0,0.0
2025-02-28,123.08000183105469,123.2300033569336,122.68000030517578,122.91999816894531,114.1642074584961,17969,0.0,0.0,0.0
2025-03-03,122.41000366210938,123.23999786376953,122.30000305175781,122.54000091552734,113.81127166748047,17691,0.0,0.0,0.0
2025-03-04,122.58999633789062,123.06999969482422,122.11000061035156,122.63999938964844,113.9041519165039,15979,0.0,0.0,0.0
2025-03-05,122.48999786376953,122.48999786376953,121.39350128173828,121.63999938964844,112.97537231445312,20498,0.0,0.0,0.0
2025-03-06,121.5,121.91999816894531,121.11000061035156,121.61000061035156,112.94752502441406,8931,0.0,0.0,0.0
2025-03-07,121.97000122070312,122.44999694824219,121.38999938964844,121.93000030517578,113.2447280883789,59327,0.0,0.0,0.0
2025-03-10,121.93000030517578,122.68000030517578,121.69999694824219,122.08000183105469,113.38404083251953,50596,0.0,0.0,0.0
2025-03-11,121.87999725341797,122.48999786376953,121.5199966430664,121.69000244140625,113.02182006835938,30108,0.0,0.0,0.0
2025-03-12,121.63999938964844,122.2699966430664,121.23999786376953,121.25,112.6131591796875,152582,0.0,0.0,0.0
2025-03-13,120.16999816894531,120.47000122070312,119.55000305175781,119.86000061035156,112.68254089355469,29941,1.4638,0.0,0.0
2025-03-14,119.94999694824219,120.43000030517578,119.47000122070312,120.03500366210938,112.8470687866211,20701,0.0,0.0,0.0
2025-03-17,120.0,120.43000030517578,119.75,120.36499786376953,113.15730285644531,16901,0.0,0.0,0.0
2025-03-18,119.94000244140625,120.5199966430664,119.73999786376953,119.91999816894531,112.73894500732422,11041,0.0,0.0,0.0
2025-03-19,120.13999938964844,120.51000213623047,119.87999725341797,120.01000213623047,112.82355499267578,9520,0.0,0.0,0.0
2025-03-20,120.30000305175781,120.77999877929688,119.93440246582031,120.16999816894531,112.9739761352539,24335,0.0,0.0,0.0
2025-03-21,119.94999694824219,120.56999969482422,119.55000305175781,119.6500015258789,112.48512268066406,47076,0.0,0.0,0.0
2025-03-24,119.70999908447266,120.41000366210938,119.29000091552734,119.61000061035156,112.44751739501953,14149,0.0,0.0,0.0
2025-03-25,119.30999755859375,119.88999938964844,119.1500015258789,119.75,112.57913208007812,27690,0.0,0.0,0.0
2025-03-26,119.80000305175781,120.08999633789062,119.31999969482422,119.61000061035156,112.44751739501953,42340,0.0,0.0,0.0
2025-03-27,120.12000274658203,120.41000366210938,119.18000030517578,119.37000274658203,112.22188568115234,9674,0.0,0.0,0.0
2025-03-28,119.68000030517578,120.0199966430664,119.38999938964844,119.7300033569336,112.5603256225586,18932,0.0,0.0,0.0
2025-03-31,120.25,120.37999725341797,119.45999908447266,119.5999984741211,112.4381103515625,72509,0.0,0.0,0.0
2025-04-01,119.91000366210938,120.41000366210938,119.62999725341797,119.87000274658203,112.69194030761719,9980,0.0,0.0,0.0
2025-04-02,120.19999694824219,120.38999938964844,119.45999908447266,119.80000305175781,112.62613677978516,16721,0.0,0.0,0.0
2025-04-03,120.5,120.80999755859375,119.55000305175781,120.20999908447266,113.01158142089844,5412,0.0,0.0,0.0
2025-04-04,120.83999633789062,121.37000274658203,119.62999725341797,119.91999816894531,112.73894500732422,24193,0.0,0.0,0.0
2025-04-07,119.19999694824219,120.83999633789062,117.83000183105469,118.2750015258789,111.19245147705078,101576,0.0,0.0,0.0
2025-04-08,118.12000274658203,119.45999908447266,118.12000274658203,118.7699966430664,111.6578140258789,33960,0.0,0.0,0.0
2025-04-09,117.56999969482422,118.96600341796875,117.0199966430664,117.62000274658203,110.5766830444336,17647,0.0,0.0,0.0
2025-04-10,119.52999877929688,122.48999786376953,116.01000213623047,119.28500366210938,112.14198303222656,72892,0.0,0.0,0.0
2025-04-11,119.73999786376953,119.73999786376953,117.9000015258789,118.37999725341797,111.2911605834961,56799,0.0,0.0,0.0
2025-04-14,119.0199966430664,119.55000305175781,118.12999725341797,118.79000091552734,111.6766128540039,9418,0.0,0.0,0.0
2025-04-15,119.1500015258789,119.93000030517578,118.63999938964844,119.19999694824219,112.06206512451172,21518,0.0,0.0,0.0
2025-04-16,119.5,119.87999725341797,119.30999755859375,119.87999725341797,112.70133972167969,14585,0.0,0.0,0.0
2025-04-17,119.4800033569336,120.19999694824219,119.26000213623047,119.69999694824219,112.53211975097656,13498,0.0,0.0,0.0
2025-04-22,119.97000122070312,120.25,119.30999755859375,120.25,113.04918670654297,20565,0.0,0.0,0.0
2025-04-23,120.4000015258789,121.29000091552734,120.01000213623047,120.63500213623047,113.4111328125,34826,0.0,0.0,0.0
2025-04-24,120.62000274658203,121.19999694824219,120.05999755859375,121.05000305175781,113.80128479003906,5129,0.0,0.0,0.0
2025-04-25,121.05999755859375,121.33999633789062,120.31999969482422,121.03500366210938,113.78717803955078,26998,0.0,0.0,0.0
2025-04-28,121.26000213623047,121.56999969482422,120.83000183105469,121.12999725341797,113.87648010253906,19533,0.0,0.0,0.0
2025-04-29,121.27999877929688,121.63999938964844,120.7699966430664,121.34500122070312,114.07861328125,8284,0.0,0.0,0.0
2025-04-30,121.05999755859375,121.9800033569336,121.05999755859375,121.4800033569336,114.20553588867188,36923,0.0,0.0,0.0
2025-05-01,122.0,122.0,121.06999969482422,121.55500030517578,114.27603149414062,14001,0.0,0.0,0.0
2025-05-02,121.12000274658203,121.83999633789062,120.9800033569336,121.1500015258789,113.89529418945312,17276,0.0,0.0,0.0
2025-05-06,121.1500015258789,121.41999816894531,120.56999969482422,121.23500061035156,113.97520446777344,20160,0.0,0.0,0.0
2025-05-07,121.33999633789062,121.69000244140625,120.56999969482422,121.61000061035156,114.32775115966797,40728,0.0,0.0,0.0
2025-05-08,121.5,121.75,121.0,121.19499969482422,113.9375991821289,31155,0.0,0.0,0.0
2025-05-09,120.88999938964844,121.66000366210938,120.66999816894531,121.19499969482422,113.9375991821289,6599,0.0,0.0,0.0
2025-05-12,120.66000366210938,121.30000305175781,120.36000061035156,120.73999786376953,113.50984954833984,47830,0.0,0.0,0.0
2025-05-13,120.83999633789062,121.04000091552734,120.31999969482422,120.79000091552734,113.55684661865234,61852,0.0,0.0,0.0
2025-05-14,120.8499984741211,121.22000122070312,120.37999725341797,120.66000366210938,113.43463134765625,21480,0.0,0.0,0.0
2025-05-15,120.61000061035156,121.20999908447266,120.19000244140625,120.93000030517578,113.68846130371094,24526,0.0,0.0,0.0
2025-05-16,121.5199966430664,121.62999725341797,120.69999694824219,121.20500183105469,113.9469985961914,13971,0.0,0.0,0.0
2025-05-19,121.0,121.27999877929688,120.3499984741211,121.1500015258789,113.89529418945312,18025,0.0,0.0,0.0
2025-05-20,121.41999816894531,121.41999816894531,120.58999633789062,120.70999908447266,113.48163604736328,17823,0.0,0.0,0.0
2025-05-21,120.4800033569336,121.05000305175781,120.1500015258789,120.41999816894531,113.20899963378906,24685,0.0,0.0,0.0
2025-05-22,121.05000305175781,121.05000305175781,120.0,120.5199966430664,113.30301666259766,44968,0.0,0.0,0.0
2025-05-23,120.63999938964844,121.08999633789062,120.3499984741211,120.73999786376953,113.50984954833984,20414,0.0,0.0,0.0
2025-05-27,121.30999755859375,121.55000305175781,120.62999725341797,121.18000030517578,113.9234848022461,222030,0.0,0.0,0.0
2025-05-28,120.73999786376953,121.7699966430664,120.5999984741211,120.80000305175781,113.56625366210938,45881,0.0,0.0,0.0
2025-05-29,120.29000091552734,121.55000305175781,120.26000213623047,121.44000244140625,114.16793060302734,23513,0.0,0.0,0.0
2025-05-30,122.22000122070312,122.22000122070312,121.06999969482422,121.37999725341797,114.11151885986328,50815,0.0,0.0,0.0
2025-06-02,121.91000366210938,121.91000366210938,121.0,121.40499877929688,114.13501739501953,13276,0.0,0.0,0.0
2025-06-03,121.68000030517578,122.11000061035156,121.3499984741211,121.62000274658203,114.33715057373047,13492,0.0,0.0,0.0
2025-06-04,121.70999908447266,122.0,121.4000015258789,121.92500305175781,114.62387084960938,10974,0.0,0.0,0.0
2025-06-05,121.91999816894531,122.44999694824219,121.81999969482422,121.93000030517578,114.62858581542969,108638,0.0,0.0,0.0
2025-06-06,122.3499984741211,122.44999694824219,121.62000274658203,121.91000366210938,114.60977935791016,12462,0.0,0.0,0.0
2025-06-09,122.38999938964844,122.41999816894531,121.5199966430664,122.19000244140625,114.8730239868164,11842,0.0,0.0,0.0
2025-06-10,122.41999816894531,122.93000030517578,122.16999816894531,122.69000244140625,115.34308624267578,9665,0.0,0.0,0.0
2025-06-11,122.87999725341797,122.95999908447266,122.2300033569336,122.56999969482422,115.23026275634766,27435,0.0,0.0,0.0
2025-06-12,122.0,122.05000305175781,121.23999786376953,121.81999969482422,115.92474365234375,108590,1.4798,0.0,0.0
2025-06-13,121.91000366210938,122.0,121.18000030517578,121.3499984741211,115.47748565673828,33690,0.0,0.0,0.0
2025-06-16,121.16999816894531,121.66000366210938,121.01000213623047,121.5999984741211,115.71539306640625,7681,0.0,0.0,0.0
2025-06-17,121.30000305175781,121.6500015258789,120.93000030517578,121.44999694824219,115.57263946533203,22699,0.0,0.0,0.0
2025-06-18,121.2300033569336,121.8479995727539,121.2300033569336,121.63999938964844,115.75344848632812,10464,0.0,0.0,0.0
2025-06-19,121.41000366210938,122.08000183105469,121.30999755859375,121.47000122070312,115.59168243408203,12167,0.0,0.0,0.0
2025-06-20,121.4000015258789,122.11000061035156,121.33000183105469,121.44999694824219,115.57263946533203,47793,0.0,0.0,0.0
2025-06-23,121.76000213623047,122.0199966430664,121.30000305175781,121.79000091552734,115.89619445800781,3328,0.0,0.0,0.0
2025-06-24,121.58000183105469,122.30999755859375,121.44000244140625,122.12999725341797,116.21973419189453,14258,0.0,0.0,0.0
2025-06-25,122.5199966430664,122.62000274658203,121.69999694824219,122.05999755859375,116.15312957763672,43037,0.0,0.0,0.0
2025-06-26,121.95999908447266,122.55999755859375,121.95999908447266,122.25,116.33393859863281,30486,0.0,0.0,0.0
2025-06-27,122.19999694824219,122.69999694824219,121.80000305175781,122.11000061035156,116.2007064819336,4943,0.0,0.0,0.0
2025-06-30,121.69000244140625,122.5199966430664,121.68000030517578,122.01000213623047,116.10555267333984,19256,0.0,0.0,0.0
2025-07-01,122.7300033569336,123.02999877929688,121.88999938964844,122.45999908447266,116.53377532958984,28998,0.0,0.0,0.0
2025-07-02,123.04000091552734,123.04000091552734,121.33000183105469,121.5250015258789,115.6440200805664,11448,0.0,0.0,0.0
2025-07-03,122.0,122.55000305175781,121.54000091552734,122.12000274658203,116.2102279663086,15053,0.0,0.0,0.0
2025-07-04,122.37999725341797,122.83000183105469,121.87999725341797,121.91000366210938,116.01038360595703,11138,0.0,0.0,0.0
2025-07-07,122.63999938964844,122.63999938964844,121.7699966430664,121.8499984741211,115.95328521728516,10767,0.0,0.0,0.0
2025-07-08,121.72000122070312,122.19999694824219,121.38999938964844,121.55999755859375,115.67733001708984,33934,0.0,0.0,0.0
2025-07-09,121.80000305175781,122.01000213623047,121.33999633789062,121.83000183105469,115.93426513671875,19548,0.0,0.0,0.0
2025-07-10,121.93000030517578,122.31999969482422,121.63999938964844,121.83999633789062,115.94376373291016,24417,0.0,0.0,0.0
2025-07-11,122.30999755859375,122.33000183105469,121.51000213623047,121.7699966430664,115.87715911865234,11350,0.0,0.0,0.0
2025-07-14,121.7699966430664,121.93000030517578,121.41000366210938,121.68000030517578,115.79151916503906,18562,0.0,0.0,0.0
2025-07-15,121.75,122.31999969482422,121.18000030517578,121.23999786376953,115.37281036376953,22338,0.0,0.0,0.0
2025-07-16,121.93000030517578,121.93000030517578,121.03829956054688,121.26000213623047,115.391845703125,40291,0.0,0.0,0.0
2025-07-17,121.7699966430664,121.83999633789062,121.0,121.31999969482422,115.44893646240234,16156,0.0,0.0,0.0
2025-07-18,121.56999969482422,121.56999969482422,121.01000213623047,121.19000244140625,115.32523345947266,5048,0.0,0.0,0.0
2025-07-21,121.2699966430664,122.08000183105469,120.91999816894531,121.6050033569336,115.72015380859375,13389,0.0,0.0,0.0
2025-07-22,122.12000274658203,122.12000274658203,121.12999725341797,121.94999694824219,116.04844665527344,11815,0.0,0.0,0.0
2025-07-23,121.7300033569336,122.30000305175781,121.5,121.77999877929688,115.88668060302734,189689,0.0,0.0,0.0
2025-07-24,121.77999877929688,122.20999908447266,121.26000213623047,121.91000366210938,116.01038360595703,10711,0.0,0.0,0.0
2025-07-25,122.0199966430664,122.0199966430664,121.5,121.87000274658203,115.97232055664062,8069,0.0,0.0,0.0
2025-07-28,122.3499984741211,122.3499984741211,121.63999938964844,121.79499816894531,115.90094757080078,9508,0.0,0.0,0.0
2025-07-29,121.36000061035156,122.16999816894531,121.36000061035156,121.91000366210938,116.01038360595703,49461,0.0,0.0,0.0
2025-07-30,122.08000183105469,122.54000091552734,121.5999984741211,122.12999725341797,116.21973419189453,55541,0.0,0.0,0.0
2025-07-31,122.20999908447266,122.88999938964844,121.93000030517578,122.38999938964844,116.46715545654297,78189,0.0,0.0,0.0
2025-08-01,122.04000091552734,122.91999816894531,121.62000274658203,122.7300033569336,116.79070281982422,13998,0.0,0.0,0.0
2025-08-04,122.68000030517578,123.0,122.30999755859375,122.97000122070312,117.01909637451172,31642,0.0,0.0,0.0
2025-08-05,122.95999908447266,123.4000015258789,122.37999725341797,122.97000122070312,117.01909637451172,37420,0.0,0.0,0.0
2025-08-06,122.66999816894531,123.0999984741211,122.5999984741211,122.875,116.9286880493164,16054,0.0,0.0,0.0
2025-08-07,122.88999938964844,123.31999969482422,122.36000061035156,122.61499786376953,116.6812744140625,46990,0.0,0.0,0.0
2025-08-08,122.62000274658203,122.80999755859375,122.12999725341797,122.30999755859375,116.39102172851562,13258,0.0,0.0,0.0
2025-08-11,122.87999725341797,122.94999694824219,122.08999633789062,122.58999633789062,116.65747833251953,29136,0.0,0.0,0.0
2025-08-12,122.56999969482422,122.86000061035156,122.0199966430664,122.30999755859375,116.39102172851562,68726,0.0,0.0,0.0
2025-08-13,122.41999816894531,122.83000183105469,122.08999633789062,122.55000305175781,116.61941528320312,32330,0.0,0.0,0.0
2025-08-14,122.72000122070312,122.97000122070312,122.08999633789062,122.29000091552734,116.37199401855469,10370,0.0,0.0,0.0
2025-08-15,122.02999877929688,122.87000274658203,121.83000183105469,122.05999755859375,116.15312957763672,10659,0.0,0.0,0.0
2025-08-18,121.51000213623047,122.48999786376953,121.5,121.5,115.62023162841797,15551,0.0,0.0,0.0
2025-08-19,121.58999633789062,122.19000244140625,121.23999786376953,121.6500015258789,115.76296997070312,26749,0.0,0.0,0.0
2025-08-20,121.80000305175781,122.18000030517578,121.5199966430664,122.0199966430664,116.11506652832031,42013,0.0,0.0,0.0
2025-08-21,121.91000366210938,122.6500015258789,121.58000183105469,121.62999725341797,115.74394226074219,19674,0.0,0.0,0.0
2025-08-22,121.66000366210938,122.2699966430664,121.3499984741211,122.0,116.09603118896484,4915,0.0,0.0,0.0
2025-08-26,121.5199966430664,121.98999786376953,121.23999786376953,121.58000183105469,115.69635772705078,16311,0.0,0.0,0.0
2025-08-27,121.55999755859375,121.97000122070312,121.20999908447266,121.6500015258789,115.76296997070312,12115,0.0,0.0,0.0
2025-08-28,121.81999969482422,121.98999786376953,121.20999908447266,121.91999816894531,116.0198974609375,13586,0.0,0.0,0.0
2025-08-29,121.72000122070312,121.98999786376953,121.5260009765625,121.6500015258789,115.76296997070312,19537,0.0,0.0,0.0
2025-09-01,121.52999877929688,122.26000213623047,121.2300033569336,121.52999877929688,115.64877319335938,13948,0.0,0.0,0.0
2025-09-02,121.43000030517578,122.01000213623047,120.87000274658203,120.94000244140625,115.08733367919922,11384,0.0,0.0,0.0
2025-09-03,120.91999816894531,121.55999755859375,120.69999694824219,121.33000183105469,115.45845031738281,7940,0.0,0.0,0.0
2025-09-04,121.47000122070312,121.95999908447266,121.1500015258789,121.55999755859375,115.67733001708984,19874,0.0,0.0,0.0
2025-09-05,122.2699966430664,122.4800033569336,121.41999816894531,122.33999633789062,116.41957092285156,6424,0.0,0.0,0.0
2025-09-08,122.0999984741211,122.62000274658203,121.8499984741211,122.44999694824219,116.52426147460938,11040,0.0,0.0,0.0
2025-09-09,122.23999786376953,123.01656341552734,122.05999755859375,122.4800033569336,116.55281066894531,9580,0.0,0.0,0.0
2025-09-10,122.58999633789062,123.06999969482422,122.31999969482422,122.44999694824219,116.52426147460938,25495,0.0,0.0,0.0
2025-09-11,121.01000213623047,121.98999786376953,120.56999969482422,121.44999694824219,116.99647521972656,13191,1.4902,0.0,0.0
2025-09-12,121.3499984741211,122.05000305175781,120.91999816894531,120.98999786376953,116.5533447265625,11314,0.0,0.0,0.0
2025-09-15,121.0999984741211,121.55000305175781,121.05000305175781,121.26000213623047,116.81344604492188,8676,0.0,0.0,0.0
2025-09-16,121.31999969482422,121.91999816894531,120.87999725341797,121.29000091552734,116.84234619140625,19049,0.0,0.0,0.0
2025-09-17,121.04000091552734,121.91000366210938,121.02999877929688,121.44499969482422,116.99166107177734,13686,0.0,0.0,0.0
2025-09-18,121.52999877929688,121.98999786376953,120.93000030517578,121.33000183105469,116.8808822631836,3801,0.0,0.0,0.0
2025-09-19,121.2699966430664,121.52523040771484,120.80999755859375,121.05999755859375,116.62077331542969,32558,0.0,0.0,0.0
2025-09-22,120.9800033569336,121.43193817138672,120.83000183105469,121.08000183105469,116.64004516601562,8983,0.0,0.0,0.0
2025-09-23,121.54000091552734,121.63999938964844,120.81999969482422,121.41000366210938,116.95794677734375,16253,0.0,0.0,0.0
2025-09-24,121.91999816894531,121.97000122070312,120.87238311767578,121.58000183105469,117.1217041015625,6843,0.0,0.0,0.0
2025-09-25,121.54000091552734,122.04000091552734,120.91999816894531,120.91999816894531,116.48590850830078,9835,0.0,0.0,0.0
2025-09-26,120.83000183105469,121.58999633789062,120.83000183105469,121.12000274658203,116.67857360839844,12910,0.0,0.0,0.0
2025-09-29,121.30000305175781,121.69000244140625,121.06999969482422,121.4000015258789,116.94831085205078,31229,0.0,0.0,0.0
2025-09-30,121.44999694824219,121.87999725341797,121.20999908447266,121.47000122070312,117.01573944091797,13717,0.0,0.0,0.0
2025-10-01,121.7699966430664,121.7699966430664,121.19999694824219,121.52999877929688,117.07353973388672,19377,0.0,0.0,0.0
2025-10-02,121.5999984741211,121.6500015258789,121.23999786376953,121.5999984741211,117.1409683227539,43558,0.0,0.0,0.0
2025-10-03,122.05999755859375,122.11000061035156,121.44000244140625,121.66000366210938,117.19878387451172,9830,0.0,0.0,0.0
2025-10-06,121.62999725341797,122.19999694824219,121.20999908447266,121.54000091552734,117.08317565917969,20104,0.0,0.0,0.0
2025-10-07,121.54000091552734,121.87999725341797,121.4000015258789,121.55000305175781,117.09281158447266,39025,0.0,0.0,0.0
2025-10-08,121.73999786376953,122.1500015258789,121.41999816894531,121.7300033569336,117.2662124633789,14940,0.0,0.0,0.0
2025-10-09,121.51000213623047,121.98999786376953,121.38999938964844,121.5,117.04463958740234,25096,0.0,0.0,0.0
2025-10-10,121.97000122070312,122.0,121.30999755859375,121.83999633789062,117.37217712402344,14102,0.0,0.0,0.0
2025-10-13,121.69999694824219,122.13999938964844,121.5,122.0199966430664,117.54557800292969,9879,0.0,0.0,0.0
2025-10-14,121.51000213623047,122.9800033569336,121.51000213623047,122.16999816894531,117.69007110595703,18781,0.0,0.0,0.0
2025-10-15,122.41999816894531,122.80999755859375,121.87999725341797,122.6500015258789,118.15247344970703,28066,0.0,0.0,0.0
2025-10-16,122.55999755859375,122.9800033569336,122.19999694824219,122.91000366210938,118.40293884277344,23150,0.0,0.0,0.0
2025-10-17,122.80000305175781,123.51000213623047,122.3499984741211,122.56500244140625,118.07058715820312,15325,0.0,0.0,0.0
2025-10-20,122.6500015258789,123.12000274658203,122.48699951171875,122.68000030517578,118.1813735961914,17035,0.0,0.0,0.0
2025-10-21,123.30999755859375,123.44000244140625,122.61000061035156,122.93000030517578,118.42221069335938,177975,0.0,0.0,0.0
2025-10-22,123.79000091552734,123.9800033569336,123.0999984741211,123.37999725341797,118.85569763183594,21029,0.0,0.0,0.0
2025-10-23,123.38999938964844,123.97000122070312,122.9800033569336,123.62000274658203,119.08690643310547,12691,0.0,0.0,0.0
2025-10-24,,,,,,0,0.0,0.0,0.0
2025-10-27,123.5,124.16000366210938,123.08000183105469,123.9000015258789,119.35663604736328,20133,0.0,0.0,0.0
2025-10-28,123.8499984741211,124.37999725341797,123.58000183105469,123.9800033569336,119.43370056152344,19695,0.0,0.0,0.0
2025-10-29,124.30999755859375,124.6500015258789,123.93000030517578,124.22000122070312,119.66490173339844,27053,0.0,0.0,0.0
2025-10-30,124.19999694824219,124.19999694824219,123.55999755859375,124.05000305175781,119.50113677978516,14436,0.0,0.0,0.0
2025-10-31,123.5199966430664,124.22000122070312,123.5199966430664,123.97000122070312,119.424072265625,326162,0.0,0.0,0.0
2025-11-03,124.18000030517578,124.22000122070312,123.73999786376953,123.79000091552734,119.25067138671875,14054,0.0,0.0,0.0
2025-11-04,124.33999633789062,124.5,123.75,124.01000213623047,119.46260833740234,12197,0.0,0.0,0.0
2025-11-05,123.9000015258789,124.43000030517578,123.44000244140625,123.52999877929688,119.00019836425781,9942,0.0,0.0,0.0
2025-11-06,124.11000061035156,124.1500015258789,123.3499984741211,123.73999786376953,119.20249938964844,10503,0.0,0.0,0.0
2025-11-07,123.69000244140625,124.19000244140625,123.19999694824219,123.50499725341797,118.97611236572266,18878,0.0,0.0,0.0
2025-11-10,124.04000091552734,124.04000091552734,123.0199966430664,123.54000091552734,119.00983428955078,31369,0.0,0.0,0.0
2025-11-11,124.05999755859375,124.25,123.31999969482422,124.16999816894531,119.61672973632812,9047,0.0,0.0,0.0
2025-11-12,124.0,124.31999969482422,123.33000183105469,123.91999816894531,119.37590026855469,13494,0.0,0.0,0.0
2025-11-13,123.83000183105469,124.27999877929688,123.63999938964844,123.66000366210938,119.12543487548828,9840,0.0,0.0,0.0
2025-11-14,123.19000244140625,123.44999694824219,122.62000274658203,122.62000274658203,118.12357330322266,40858,0.0,0.0,0.0
2025-11-17,122.8499984741211,123.16000366210938,122.62000274658203,123.03500366210938,118.52336120605469,11874,0.0,0.0,0.0
2025-11-18,122.98999786376953,123.36000061035156,122.66999816894531,122.68000030517578,118.1813735961914,17820,0.0,0.0,0.0
2025-11-19,123.26000213623047,123.37999725341797,122.31999969482422,122.36000061035156,117.87310791015625,54135,0.0,0.0,0.0
2025-11-20,122.12000274658203,123.05999755859375,122.08999633789062,122.7249984741211,118.22471618652344,8054,0.0,0.0,0.0
2025-11-21,122.77999877929688,123.30000305175781,122.7300033569336,122.97000122070312,118.46073913574219,11273,0.0,0.0,0.0
2025-11-24,123.20999908447266,123.58000183105469,122.80999755859375,122.93000030517578,118.42221069335938,29954,0.0,0.0,0.0
2025-11-25,122.70999908447266,123.7699966430664,122.52999877929688,123.29000091552734,118.76901245117188,6058,0.0,0.0,0.0
2025-11-26,123.5,123.97000122070312,122.87999725341797,123.94999694824219,119.40480041503906,17090,0.0,0.0,0.0
2025-11-27,123.51000213623047,124.0,123.51000213623047,123.94999694824219,119.40480041503906,15181,0.0,0.0,0.0
2025-11-28,123.95999908447266,124.33999633789062,123.41999816894531,124.04000091552734,119.49149322509766,6351,0.0,0.0,0.0
2025-12-01,124.31999969482422,124.3499984741211,123.62999725341797,123.9800033569336,119.43370056152344,30382,0.0,0.0,0.0
2025-12-02,124.02999877929688,124.22000122070312,123.66999816894531,124.12000274658203,119.56856536865234,20005,0.0,0.0,0.0
2025-12-03,123.91000366210938,124.58999633789062,123.91000366210938,124.36000061035156,119.79977416992188,23722,0.0,0.0,0.0
2025-12-04,124.2300033569336,124.79000091552734,124.20999908447266,124.44999694824219,119.88645935058594,12402,0.0,0.0,0.0
2025-12-05,124.20999908447266,124.75,124.19999694824219,124.25,119.69380187988281,11391,0.0,0.0,0.0
2025-12-08,123.9000015258789,124.44999694824219,123.63999938964844,123.80999755859375,119.26992797851562,14509,0.0,0.0,0.0
2025-12-09,123.75,124.1500015258789,123.6500015258789,123.91999816894531,119.37590026855469,14135,0.0,0.0,0.0
2025-12-10,124.47000122070312,124.48999786376953,123.66999816894531,124.0199966430664,119.47222900390625,10082,0.0,0.0,0.0
2025-12-11,122.5199966430664,122.95999908447266,122.5,122.66000366210938,119.61227416992188,17212,1.5036,0.0,0.0
2025-12-12,122.62999725341797,123.26000213623047,122.3499984741211,122.4800033569336,119.4367446899414,27125,0.0,0.0,0.0
2025-12-15,122.02999877929688,123.08000183105469,122.02999877929688,122.72000122070312,119.67076873779297,18035,0.0,0.0,0.0
2025-12-16,122.66999816894531,122.93000030517578,121.97000122070312,122.62000274658203,119.57325744628906,11863,0.0,0.0,0.0
2025-12-17,122.73999786376953,123.41999816894531,122.38999938964844,122.80000305175781,119.74878692626953,16132,0.0,0.0,0.0
2025-12-18,123.01000213623047,123.63999938964844,122.51000213623047,122.81999969482422,119.7682876586914,19850,0.0,0.0,0.0
2025-12-19,122.80999755859375,123.06999969482422,122.44000244140625,122.66500091552734,119.61713409423828,24726,0.0,0.0,0.0
2025-12-22,123.0199966430664,123.22000122070312,122.5,122.5199966430664,119.47573852539062,9006,0.0,0.0,0.0
2025-12-23,122.7699966430664,123.2300033569336,122.51000213623047,122.9800033569336,119.92431640625,31514,0.0,0.0,0.0
2025-12-24,123.44999694824219,123.44999694824219,122.69999694824219,123.0,119.94381713867188,4214,0.0,0.0,0.0
2025-12-29,123.47000122070312,123.5,122.9000015258789,123.19999694824219,120.13883972167969,15540,0.0,0.0,0.0
2025-12-30,123.19999694824219,123.69999694824219,123.05999755859375,123.05999755859375,120.00232696533203,12274,0.0,0.0,0.0
2025-12-31,123.56999969482422,123.63999938964844,123.0,123.2300033569336,120.16810607910156,8108,0.0,0.0,0.0
2026-01-02,123.20999908447266,123.72000122070312,122.7699966430664,122.8499984741211,119.79753875732422,8840,0.0,0.0,0.0
2026-01-05,123.2699966430664,123.29000091552734,122.9000015258789,123.0999984741211,120.04132843017578,201601,0.0,0.0,0.0
2026-01-06,123.12000274658203,123.55999755859375,122.88999938964844,123.25,120.1875991821289,8163,0.0,0.0,0.0
2026-01-07,123.12999725341797,124.05000305175781,123.0999984741211,123.86000061035156,120.78245544433594,14977,0.0,0.0,0.0
2026-01-08,124.0999984741211,124.19999694824219,123.61000061035156,123.80000305175781,120.72394561767578,5132,0.0,0.0,0.0
2026-01-09,124.36000061035156,124.4800033569336,123.46700286865234,124.23999786376953,121.15300750732422,7487,0.0,0.0,0.0
2026-01-12,124.19000244140625,124.48999786376953,124.04000091552734,124.0999984741211,121.0164794921875,14530,0.0,0.0,0.0
2026-01-13,123.87000274658203,124.38999938964844,123.87000274658203,124.18000030517578,121.09449768066406,17282,0.0,0.0,0.0
2026-01-14,124.16000366210938,124.5199966430664,124.0199966430664,124.4800033569336,121.38704681396484,21820,0.0,0.0,0.0
2026-01-15,124.52999877929688,124.5999984741211,123.87999725341797,124.2300033569336,121.14325714111328,10167,0.0,0.0,0.0
2026-01-16,124.2300033569336,124.41000366210938,124.08999633789062,124.19499969482422,121.10912322998047,13750,0.0,0.0,0.0
2026-01-19,124.37000274658203,124.69000244140625,123.62000274658203,123.9000015258789,120.82145690917969,10616,0.0,0.0,0.0
2026-01-20,123.75,124.0,123.12999725341797,123.55999755859375,120.48989868164062,23829,0.0,0.0,0.0
2026-01-21,123.38999938964844,123.98999786376953,123.37000274658203,123.51000213623047,120.44114685058594,7475,0.0,0.0,0.0
2026-01-22,123.88999938964844,124.0,123.36000061035156,123.66000366210938,120.58741760253906,29172,0.0,0.0,0.0
2026-01-23,123.86000061035156,124.0,123.37000274658203,123.38999938964844,120.32412719726562,11860,0.0,0.0,0.0
2026-01-26,123.66000366210938,123.98999786376953,123.41000366210938,123.76000213623047,120.68492889404297,62154,0.0,0.0,0.0
2026-01-27,123.61000061035156,123.94000244140625,123.3499984741211,123.45999908447266,120.39238739013672,12885,0.0,0.0,0.0
2026-01-28,123.5999984741211,123.5999984741211,123.3499984741211,123.37999725341797,120.31436920166016,9473,0.0,0.0,0.0
2026-01-29,123.33000183105469,123.76000213623047,122.80000305175781,123.66000366210938,120.58741760253906,399130,0.0,0.0,0.0
2026-01-30,123.2300033569336,123.6500015258789,123.16000366210938,123.48999786376953,120.42163848876953,21394,0.0,0.0,0.0
2026-02-02,123.55999755859375,123.98999786376953,123.30999755859375,123.69999694824219,120.62641906738281,28615,0.0,0.0,0.0
2026-02-03,123.52999877929688,124.18000030517578,123.30999755859375,123.63500213623047,120.56303405761719,49804,0.0,0.0,0.0
2026-02-04,123.73999786376953,123.94999694824219,122.91999816894531,123.29000091552734,120.22661590576172,21998,0.0,0.0,0.0
2026-02-05,123.11000061035156,123.63999938964844,122.87999725341797,123.23999786376953,120.17784881591797,25128,0.0,0.0,0.0
2026-02-06,123.56999969482422,123.91999816894531,123.22000122070312,123.61000061035156,120.53865814208984,16930,0.0,0.0,0.0
2026-02-09,123.47000122070312,123.97000122070312,122.91999816894531,123.61000061035156,120.53865814208984,453633,0.0,0.0,0.0
2026-02-10,123.77999877929688,123.79000091552734,123.06999969482422,123.63999938964844,120.56790924072266,112974,0.0,0.0,0.0
2026-02-11,123.5199966430664,123.80000305175781,122.88999938964844,123.80000305175781,120.72394561767578,29757,0.0,0.0,0.0
2026-02-12,123.91999816894531,123.98999786376953,123.38999938964844,123.8499984741211,120.77269744873047,27574,0.0,0.0,0.0
2026-02-13,123.87000274658203,124.45999908447266,123.69999694824219,124.05000305175781,120.96772766113281,6666,0.0,0.0,0.0
2026-02-16,124.08999633789062,124.45999908447266,123.44999694824219,123.97000122070312,120.88971710205078,11662,0.0,0.0,0.0
2026-02-17,124.30000305175781,124.48999786376953,123.97000122070312,124.25,121.16275787353516,12094,0.0,0.0,0.0
2026-02-18,124.13999938964844,124.44000244140625,124.0199966430664,124.13999938964844,121.05549621582031,11320,0.0,0.0,0.0
2026-02-19,124.19000244140625,124.4800033569336,124.08000183105469,124.31999969482422,121.23101806640625,11033,0.0,0.0,0.0
2026-02-20,124.44999694824219,124.6500015258789,124.31999969482422,124.4749984741211,121.38216400146484,29886,0.0,0.0,0.0
2026-02-23,124.48999786376953,124.87999725341797,124.41000366210938,124.83999633789062,121.73809051513672,18071,0.0,0.0,0.0
2026-02-24,124.88999938964844,124.9000015258789,124.63999938964844,124.87000274658203,121.7673568725586,10619,0.0,0.0,0.0
2026-02-25,124.81999969482422,124.86000061035156,124.30184936523438,124.5,121.40653991699219,25804,0.0,0.0,0.0
2026-02-26,124.69999694824219,124.88999938964844,124.05000305175781,124.69999694824219,121.60157775878906,18618,0.0,0.0,0.0
2026-02-27,124.58000183105469,125.0,124.44999694824219,124.79000091552734,121.68933868408203,15452,0.0,0.0,0.0
2026-03-02,124.94999694824219,124.80000305175781,123.83799743652344,124.25,121.16275787353516,25815,0.0,0.0,0.0
2026-03-03,123.80000305175781,124.73999786376953,122.5199966430664,123.37999725341797,120.31436920166016,42643,0.0,0.0,0.0
2026-03-04,123.7300033569336,124.3499984741211,122.61000061035156,124.0199966430664,120.93846893310547,28295,0.0,0.0,0.0
2026-03-05,123.79000091552734,124.0199966430664,123.19000244140625,123.29000091552734,120.22661590576172,12422,0.0,0.0,0.0
2026-03-06,123.02999877929688,123.7699966430664,121.88999938964844,122.48500061035156,119.44161987304688,16180,0.0,0.0,0.0
2026-03-09,121.69000244140625,122.19999694824219,121.0,122.06500244140625,119.03205108642578,26151,0.0,0.0,0.0
2026-03-10,122.19000244140625,123.3499984741211,122.19000244140625,123.19999694824219,120.13883972167969,18831,0.0,0.0,0.0
2026-03-11,122.54000091552734,123.43000030517578,121.80000305175781,121.93000030517578,118.90039825439453,15471,0.0,0.0,0.0
2026-03-12,121.83999633789062,122.12999725341797,121.0999984741211,121.52999877929688,118.51033782958984,16259,0.0,0.0,0.0
2026-03-13,121.0999984741211,121.6500015258789,121.0,121.0,117.99351501464844,24213,0.0,0.0,0.0
2026-03-16,121.26000213623047,121.83000183105469,120.83000183105469,121.375,118.35919189453125,20787,0.0,0.0,0.0
2026-03-17,121.76000213623047,122.16000366210938,121.37999725341797,121.9800033569336,118.94915771484375,23723,0.0,0.0,0.0
2026-03-18,122.19000244140625,122.63999938964844,121.45999908447266,121.80000305175781,118.77363586425781,17583,0.0,0.0,0.0
2026-03-19,120.27999877929688,120.36000061035156,118.77999877929688,119.6500015258789,118.1547622680664,24770,1.5233,0.0,0.0
2026-03-20,119.47000122070312,119.76000213623047,118.01000213623047,118.06999969482422,116.5945053100586,33529,0.0,0.0,0.0
2026-03-23,117.69999694824219,119.6500015258789,115.36000061035156,118.6500015258789,117.1672592163086,23104,0.0,0.0,0.0
2026-03-24,118.66000366210938,119.5,118.38999938964844,118.83999633789062,117.3548812866211,37117,0.0,0.0,0.0
2026-03-25,119.33999633789062,120.05999755859375,118.73999786376953,119.94000244140625,118.4411392211914,152303,0.0,0.0,0.0
2026-03-26,119.52999877929688,119.70999908447266,118.51000213623047,118.75499725341797,117.27094268798828,123351,0.0,0.0,0.0
2026-03-27,118.04000091552734,118.87000274658203,117.70999908447266,118.58999633789062,117.10800170898438,64754,0.0,0.0,0.0
2026-03-30,118.69000244140625,119.0,118.01000213623047,118.98999786376953,117.50300598144531,15903,0.0,0.0,0.0
2026-03-31,119.05000305175781,119.44999694824219,118.80000305175781,119.25,117.75975799560547,36710,0.0,0.0,0.0
2026-04-01,119.73999786376953,121.5999984741211,118.80999755859375,120.12999725341797,118.6287612915039,20652,0.0,0.0,0.0
2026-04-02,120.05000305175781,120.54000091552734,119.11000061035156,120.29000091552734,118.7867660522461,23540,0.0,0.0,0.0
2026-04-07,120.25,120.69000244140625,119.20999908447266,119.36000061035156,117.8683853149414,364558,0.0,0.0,0.0
2026-04-08,121.29000091552734,121.87000274658203,120.86000061035156,121.44999694824219,119.93226623535156,22288,0.0,0.0,0.0
2026-04-09,121.08999633789062,121.29000091552734,120.23999786376953,120.93000030517578,119.41876220703125,953819,0.0,0.0,0.0
2026-04-10,121.11000061035156,121.66999816894531,120.44999694824219,120.80000305175781,119.29039001464844,14331,0.0,0.0,0.0
2026-04-13,120.52999877929688,120.9000015258789,120.0,120.3499984741211,118.84601593017578,20522,0.0,0.0,0.0
2026-04-14,120.75,121.0999984741211,120.52999877929688,121.0199966430664,119.50763702392578,12950,0.0,0.0,0.0
2026-04-15,121.23999786376953,121.47000122070312,120.77999877929688,120.86000061035156,119.34963989257812,15191,0.0,0.0,0.0
2026-04-16,121.12999725341797,121.19999694824219,120.45732879638672,120.5,118.994140625,30006,0.0,0.0,0.0
2026-04-17,120.5199966430664,121.7699966430664,120.26000213623047,121.58999633789062,120.07051086425781,30640,0.0,0.0,0.0
2026-04-20,121.58000183105469,121.83000183105469,120.62000274658203,121.01000213623047,119.49776458740234,50835,0.0,0.0,0.0
2026-04-21,120.91000366210938,121.19000244140625,120.31999969482422,120.31999969482422,118.81639099121094,11497,0.0,0.0,0.0
2026-04-22,120.62000274658203,120.76000213623047,120.29000091552734,120.43000030517578,118.92501068115234,10073,0.0,0.0,0.0
2026-04-23,120.06999969482422,120.3499984741211,119.7300033569336,119.95999908447266,118.46088409423828,11843,0.0,0.0,0.0
2026-04-24,119.70999908447266,120.18000030517578,119.56999969482422,120.16000366210938,118.65839385986328,11387,0.0,0.0,0.0
2026-04-27,119.83000183105469,120.22000122070312,119.62000274658203,119.62000274658203,118.12513732910156,21800,0.0,0.0,0.0
2026-04-28,119.62000274658203,120.29000091552734,118.88999938964844,119.45999908447266,117.96713256835938,37487,0.0,0.0,0.0
2026-04-29,119.51000213623047,119.5999984741211,119.05000305175781,119.1500015258789,117.6610107421875,15318,0.0,0.0,0.0
2026-04-30,119.62999725341797,119.83000183105469,118.81890106201172,119.5199966430664,118.02638244628906,31657,0.0,0.0,0.0
2026-05-01,119.51000213623047,120.18000030517578,119.18000030517578,120.0199966430664,118.52013397216797,30907,0.0,0.0,0.0
2026-05-05,120.58999633789062,120.58999633789062,118.9000015258789,119.12000274658203,117.63138580322266,65267,0.0,0.0,0.0
2026-05-06,119.86000061035156,120.58999633789062,119.2699966430664,120.3499984741211,118.84601593017578,33425,0.0,0.0,0.0
2026-05-07,120.29000091552734,120.66000366210938,120.16000366210938,120.36000061035156,118.85588836669922,38174,0.0,0.0,0.0
2026-05-08,120.44000244140625,121.04000091552734,120.25,120.58000183105469,119.0731430053711,43075,0.0,0.0,0.0
2026-05-11,121.5199966430664,121.5199966430664,119.87999725341797,119.9000015258789,118.40164184570312,30298,0.0,0.0,0.0
2026-05-12,119.27999877929688,119.88999938964844,118.98999786376953,119.4000015258789,117.90789031982422,21143,0.0,0.0,0.0
2026-05-13,119.47000122070312,119.80999755859375,119.23999786376953,119.73999786376953,118.24363708496094,51207,0.0,0.0,0.0
2026-05-14,119.9000015258789,120.37000274658203,119.76000213623047,120.27999877929688,118.77688598632812,14460,0.0,0.0,0.0
2026-05-15,119.5,120.17102813720703,118.98999786376953,119.5199966430664,118.02638244628906,38531,0.0,0.0,0.0
2026-05-18,119.81999969482422,119.8499984741211,118.86000061035156,118.98999786376953,117.50300598144531,25099,0.0,0.0,0.0
2026-05-19,120.0999984741211,120.30999755859375,119.33999633789062,119.33999633789062,117.8486328125,31016,0.0,0.0,0.0
2026-05-20,118.61000061035156,120.88999938964844,118.61000061035156,120.55000305175781,119.04351806640625,11035,0.0,0.0,0.0
2026-05-21,120.55999755859375,121.38999938964844,120.01000213623047,120.87000274658203,119.3595199584961,32674,0.0,0.0,0.0
2026-05-22,120.2699966430664,121.62000274658203,120.26000213623047,121.0999984741211,119.58663940429688,21879,0.0,0.0,0.0
2026-05-26,122.58999633789062,122.58999633789062,121.01000213623047,121.19999694824219,119.68538665771484,27300,0.0,0.0,0.0
2026-05-27,121.5199966430664,122.2699966430664,121.21778106689453,121.63999938964844,120.1198959350586,8901,0.0,0.0,0.0
2026-05-28,122.5,122.5,121.0999984741211,122.08999633789062,120.56426239013672,13161,0.0,0.0,0.0
2026-05-29,121.91999816894531,122.55500030517578,121.55000305175781,121.93000030517578,120.4062728881836,10918,0.0,0.0,0.0
2026-06-01,121.88999938964844,122.48999786376953,121.16000366210938,121.48999786376953,119.97176361083984,18430,0.0,0.0,0.0
2026-06-02,121.66000366210938,122.04000091552734,121.62999725341797,121.87000274658203,120.3470230102539,7043,0.0,0.0,0.0
2026-06-03,122.12999725341797,122.12999725341797,121.01000213623047,121.33000183105469,119.81376647949219,12620,0.0,0.0,0.0
2026-06-04,121.01000213623047,121.73999786376953,121.01000213623047,121.58000183105469,120.0606460571289,6228,0.0,0.0,0.0
2026-06-05,122.33000183105469,122.33999633789062,121.30000305175781,121.44999694824219,119.93226623535156,64291,0.0,0.0,0.0
2026-06-08,121.47000122070312,121.69999694824219,121.05999755859375,121.19000244140625,119.67552185058594,18199,0.0,0.0,0.0
2026-06-09,121.87999725341797,121.87999725341797,121.2300033569336,121.38999938964844,119.87301635742188,10831,0.0,0.0,0.0
2026-06-10,121.0199966430664,121.6500015258789,121.01000213623047,121.41000366210938,119.89276885986328,16960,0.0,0.0,0.0
2026-06-11,121.0199966430664,121.6500015258789,121.0199966430664,121.61000061035156,120.09027099609375,18828,0.0,0.0,0.0
2026-06-12,121.01000213623047,122.37000274658203,121.01000213623047,122.04000091552734,120.514892578125,8699,0.0,0.0,0.0
2026-06-15,122.04000091552734,122.5,122.04000091552734,122.06999969482422,120.54451751708984,13685,0.0,0.0,0.0
2026-06-16,121.44000244140625,122.5,121.44000244140625,122.22000122070312,120.6926498413086,18529,0.0,0.0,0.0
2026-06-17,122.5,123.30000305175781,122.48999786376953,122.72000122070312,121.1864013671875,58647,0.0,0.0,0.0
2026-06-18,121.11000061035156,121.80000305175781,120.83999633789062,121.16999816894531,121.16999816894531,9562,1.5336,0.0,0.0
2026-06-19,120.66999816894531,120.87000274658203,120.30999755859375,120.3499984741211,120.3499984741211,13225,0.0,0.0,0.0
2026-06-22,120.56999969482422,120.88999938964844,120.36000061035156,120.62000274658203,120.62000274658203,4381,0.0,0.0,0.0
2026-06-23,121.25,121.43000030517578,120.61499786376953,120.87000274658203,120.87000274658203,42805,0.0,0.0,0.0
2026-06-24,120.30999755859375,121.56999969482422,120.30999755859375,121.36000061035156,121.36000061035156,5416,0.0,0.0,0.0
2026-06-25,122.16000366210938,122.16000366210938,120.69000244140625,121.37000274658203,121.37000274658203,13356,0.0,0.0,0.0
2026-06-26,121.8499984741211,121.8499984741211,120.87999725341797,121.18000030517578,121.18000030517578,10129,0.0,0.0,0.0
2026-06-29,121.87999725341797,121.87999725341797,120.94999694824219,121.41000366210938,121.41000366210938,7394,0.0,0.0,0.0
2026-06-30,120.81999969482422,121.6500015258789,120.81999969482422,121.05000305175781,121.05000305175781,6299,0.0,0.0,0.0
2026-07-01,121.0,121.12000274658203,120.56999969482422,121.12000274658203,121.12000274658203,10804,0.0,0.0,0.0
2026-07-02,121.5,121.5,120.58999633789062,121.08000183105469,121.08000183105469,36458,0.0,0.0,0.0
2026-07-03,121.25,121.79000091552734,120.5199966430664,121.05999755859375,121.05999755859375,15318,0.0,0.0,0.0
2026-07-06,121.12999725341797,121.41000366210938,120.93000030517578,120.93000030517578,120.93000030517578,7399,0.0,0.0,0.0
2026-07-07,120.94000244140625,121.0,120.56999969482422,120.56999969482422,120.56999969482422,4992,0.0,0.0,0.0
2026-07-08,120.38999938964844,120.47000122070312,119.68000030517578,119.76000213623047,119.76000213623047,12048,0.0,0.0,0.0
2026-07-09,120.13999938964844,120.43000030517578,119.87000274658203,120.43000030517578,120.43000030517578,7780,0.0,0.0,0.0
2026-07-10,120.55999755859375,120.66000366210938,120.33000183105469,120.52999877929688,120.52999877929688,5485,0.0,0.0,0.0
2026-07-13,120.41999816894531,120.9000015258789,119.75,119.79000091552734,119.79000091552734,7265,0.0,0.0,0.0
2026-07-14,119.38999938964844,119.97589874267578,119.05000305175781,119.87999725341797,119.87999725341797,15375,0.0,0.0,0.0
2026-07-15,119.62000274658203,120.02999877929688,119.5,120.02999877929688,120.02999877929688,29505,0.0,0.0,0.0
2026-07-16,120.72000122070312,120.72000122070312,119.51000213623047,120.02999877929688,120.02999877929688,23264,0.0,0.0,0.0
2026-07-17,120.12999725341797,120.27999877929688,119.68000030517578,119.91000366210938,119.91000366210938,7283,0.0,0.0,0.0
2026-07-20,119.73999786376953,119.9800033569336,119.30000305175781,119.43000030517578,119.43000030517578,7849,0.0,0.0,0.0
2026-07-21,119.58000183105469,119.63999938964844,119.26000213623047,119.4000015258789,119.4000015258789,9259,0.0,0.0,0.0
2026-07-22,119.47000122070312,119.58000183105469,119.18000030517578,119.36000061035156,119.36000061035156,18465,0.0,0.0,0.0
2026-07-23,119.20999908447266,119.6500015258789,118.83999633789062,118.88999938964844,118.88999938964844,15726,0.0,0.0,0.0
2026-07-24,119.01000213623047,119.48999786376953,118.94999694824219,119.44999694824219,119.44999694824219,8559,0.0,0.0,0.0
2026-07-27,119.80999755859375,120.27999877929688,119.66000366210938,119.69999694824219,119.69999694824219,13321,0.0,0.0,0.0
2026-07-28,120.0,120.0,119.81999969482422,120.0,120.0,2378,0.0,0.0,0.0
2026-07-29,119.87000274658203,119.94000244140625,119.4000015258789,119.44999694824219,119.44999694824219,9235,0.0,0.0,0.0
2026-07-30,119.30000305175781,119.8499984741211,119.25,119.77999877929688,119.77999877929688,8290,0.0,0.0,0.0
2026-07-31,120.0,120.0,119.27999877929688,119.48999786376953,119.48999786376953,3437,0.0,0.0,0.0
2026-08-03,119.9000015258789,120.36000061035156,119.2699966430664,120.12000274658203,120.12000274658203,8255,0.0,0.0,0.0
2026-08-04,120.36000061035156,120.73999786376953,119.83000183105469,120.73999786376953,120.73999786376953,125334,0.0,0.0,0.0
2026-08-05,121.0,121.0,120.12999725341797,120.87999725341797,120.87999725341797,13478,0.0,0.0,0.0
2026-08-06,120.86000061035156,120.87999725341797,120.52999877929688,120.61000061035156,120.61000061035156,16292,0.0,0.0,0.0
2026-08-07,120.31999969482422,120.97000122070312,120.27999877929688,120.51000213623047,120.51000213623047,5713,0.0,0.0,0.0
2026-08-10,119.80999755859375,120.73999786376953,119.80999755859375,120.22000122070312,120.22000122070312,9199,0.0,0.0,0.0
2026-08-11,120.25,120.51000213623047,119.77999877929688,120.38999938964844,120.38999938964844,45485,0.0,0.0,0.0
2026-08-12,120.3499984741211,120.66000366210938,120.22000122070312,120.4000015258789,120.4000015258789,8265,0.0,0.0,0.0
2026-08-13,120.19999694824219,120.9800033569336,120.16999816894531,120.4000015258789,120.4000015258789,25893,0.0,0.0,0.0
2026-08-14,120.19000244140625,120.33000183105469,119.94999694824219,120.04000091552734,120.04000091552734,30794,0.0,0.0,0.0
2026-08-17,120.0,120.18000030517578,119.7300033569336,119.80999755859375,119.80999755859375,18359,0.0,0.0,0.0
2026-08-18,119.62000274658203,119.76000213623047,119.38999938964844,119.56999969482422,119.56999969482422,7525,0.0,0.0,0.0
2026-08-19,119.62999725341797,120.12000274658203,119.61000061035156,119.94000244140625,119.94000244140625,19038,0.0,0.0,0.0
2026-08-20,119.29000091552734,120.16000366210938,119.29000091552734,119.83000183105469,119.83000183105469,10574,0.0,0.0,0.0
2026-08-21,119.88999938964844,120.58000183105469,119.69999694824219,119.91999816894531,119.91999816894531,7803,0.0,0.0,0.0
2026-08-24,120.08000183105469,120.19000244140625,119.68000030517578,119.97000122070312,119.97000122070312,5198,0.0,0.0,0.0
2026-08-25,120.05000305175781,120.36000061035156,119.76000213623047,120.3499984741211,120.3499984741211,6066,0.0,0.0,0.0
2026-08-26,120.7300033569336,120.75,120.11000061035156,120.19000244140625,120.19000244140625,10026,0.0,0.0,0.0
2026-08-27,120.3499984741211,120.55000305175781,119.63999938964844,120.25,120.25,20025,0.0,0.0,0.0
2026-08-28,120.18000030517578,120.5,119.87000274658203,120.11000061035156,120.11000061035156,7497,0.0,0.0,0.0
