Date,ticker,Open,High,Low,Close,Adj Close,Volume,Dividends,Stock Splits,unit_quarantine,known_suspended,close_suspended,unsupported_distribution
2016-03-29,SCGL.L,0.0125,0.0125,0.0125,0.0125,0.0125,0.0,0.0,0.0,False,True,True,False
2016-03-30,SCGL.L,0.0125,0.0125,0.0125,0.0125,0.0125,0.0,0.0,0.0,False,True,True,False
2016-03-31,SCGL.L,0.0125,0.0125,0.0125,0.0125,0.0125,0.0,0.0,0.0,False,True,True,False
2016-04-01,SCGL.L,0.0125,0.0125,0.0125,0.0125,0.0125,0.0,0.0,0.0,False,True,True,False
2016-04-04,SCGL.L,0.0125,0.0125,0.0125,0.0125,0.0125,0.0,0.0,0.0,False,True,True,False
2016-04-05,SCGL.L,0.0125,0.0125,0.0125,0.0125,0.0125,0.0,0.0,0.0,False,True,True,False
2016-04-06,SCGL.L,0.0125,0.0125,0.0125,0.0125,0.0125,0.0,0.0,0.0,False,True,True,False
2016-04-07,SCGL.L,0.0125,0.0125,0.0125,0.0125,0.0125,0.0,0.0,0.0,False,True,True,False
2016-04-08,SCGL.L,0.0125,0.0125,0.0125,0.0125,0.0125,0.0,0.0,0.0,False,True,True,False
2016-04-11,SCGL.L,0.0125,0.0125,0.0125,0.0125,0.0125,0.0,0.0,0.0,False,True,True,False
2016-04-12,SCGL.L,0.0125,0.0125,0.0125,0.0125,0.0125,0.0,0.0,0.0,False,True,True,False
2016-04-13,SCGL.L,0.0125,0.0125,0.0125,0.0125,0.0125,0.0,0.0,0.0,False,True,True,False
2016-04-14,SCGL.L,0.0125,0.0125,0.0125,0.0125,0.0125,0.0,0.0,0.0,False,True,True,False
2016-04-15,SCGL.L,0.0125,0.0125,0.0125,0.0125,0.0125,0.0,0.0,0.0,False,True,True,False
2016-04-18,SCGL.L,0.0125,0.0125,0.0125,0.0125,0.0125,0.0,0.0,0.0,False,True,True,False
2016-04-19,SCGL.L,0.0125,0.0125,0.0125,0.0125,0.0125,0.0,0.0,0.0,False,True,True,False
2016-04-20,SCGL.L,0.0125,0.0125,0.0125,0.0125,0.0125,0.0,0.0,0.0,False,True,True,False
2016-04-21,SCGL.L,0.0125,0.0125,0.0125,0.0125,0.0125,0.0,0.0,0.0,False,True,True,False
2016-04-22,SCGL.L,0.0125,0.0125,0.0125,0.0125,0.0125,0.0,0.0,0.0,False,True,True,False
2016-04-25,SCGL.L,0.0125,0.0125,0.0125,0.0125,0.0125,0.0,0.0,0.0,False,True,True,False
2016-04-26,SCGL.L,0.0125,0.0125,0.0125,0.0125,0.0125,0.0,0.0,0.0,False,True,True,False
2016-04-27,SCGL.L,0.0125,0.0125,0.0125,0.0125,0.0125,0.0,0.0,0.0,False,True,True,False
2016-04-28,SCGL.L,0.0125,0.0125,0.0125,0.0125,0.0125,0.0,0.0,0.0,False,True,True,False
2016-04-29,SCGL.L,0.0125,0.0125,0.0125,0.0125,0.0125,0.0,0.0,0.0,False,True,True,False
2016-05-03,SCGL.L,0.0125,0.0125,0.0125,0.0125,0.0125,0.0,0.0,0.0,False,True,True,False
2016-05-04,SCGL.L,0.0125,0.0125,0.0125,0.0125,0.0125,0.0,0.0,0.0,False,True,True,False
2016-05-05,SCGL.L,0.0125,0.0125,0.0125,0.0125,0.0125,0.0,0.0,0.0,False,True,True,False
2016-05-06,SCGL.L,0.0125,0.0125,0.0125,0.0125,0.0125,0.0,0.0,0.0,False,True,True,False
2016-05-09,SCGL.L,0.0125,0.0125,0.0125,0.0125,0.0125,0.0,0.0,0.0,False,True,True,False
2016-05-10,SCGL.L,0.0125,0.0125,0.0125,0.0125,0.0125,0.0,0.0,0.0,False,True,True,False
2016-05-11,SCGL.L,0.0125,0.0125,0.0125,0.0125,0.0125,0.0,0.0,0.0,False,True,True,False
2016-05-12,SCGL.L,0.0125,0.0125,0.0125,0.0125,0.0125,0.0,0.0,0.0,False,True,True,False
2016-05-13,SCGL.L,0.0125,0.0125,0.0125,0.0125,0.0125,0.0,0.0,0.0,False,True,True,False
2016-05-16,SCGL.L,0.0125,0.0125,0.0125,0.0125,0.0125,0.0,0.0,0.0,False,True,True,False
2016-05-17,SCGL.L,0.0125,0.0125,0.0125,0.0125,0.0125,0.0,0.0,0.0,False,True,True,False
2016-05-18,SCGL.L,0.0125,0.0125,0.0125,0.0125,0.0125,0.0,0.0,0.0,False,True,True,False
2016-05-19,SCGL.L,0.0125,0.0125,0.0125,0.0125,0.0125,0.0,0.0,0.0,False,True,True,False
2016-05-20,SCGL.L,0.0125,0.0125,0.0125,0.0125,0.0125,0.0,0.0,0.0,False,True,True,False
2016-05-23,SCGL.L,0.0125,0.0125,0.0125,0.0125,0.0125,0.0,0.0,0.0,False,True,True,False
2016-05-24,SCGL.L,0.0125,0.0125,0.0125,0.0125,0.0125,0.0,0.0,0.0,False,True,True,False
2016-05-25,SCGL.L,0.0125,0.0125,0.0125,0.0125,0.0125,0.0,0.0,0.0,False,True,True,False
2016-05-26,SCGL.L,0.0125,0.0125,0.0125,0.0125,0.0125,0.0,0.0,0.0,False,True,True,False
2016-05-27,SCGL.L,0.0125,0.0125,0.0125,0.0125,0.0125,0.0,0.0,0.0,False,True,True,False
2016-05-31,SCGL.L,0.0125,0.0125,0.0125,0.0125,0.0125,0.0,0.0,0.0,False,True,True,False
2016-06-01,SCGL.L,0.0125,0.0125,0.0125,0.0125,0.0125,0.0,0.0,0.0,False,True,True,False
2016-06-02,SCGL.L,0.0125,0.0125,0.0125,0.0125,0.0125,0.0,0.0,0.0,False,True,True,False
2016-06-03,SCGL.L,0.0125,0.0125,0.0125,0.0125,0.0125,0.0,0.0,0.0,False,True,True,False
2016-06-06,SCGL.L,0.0125,0.0125,0.0125,0.0125,0.0125,0.0,0.0,0.0,False,True,True,False
2016-06-07,SCGL.L,0.0125,0.0125,0.0125,0.0125,0.0125,0.0,0.0,0.0,False,True,True,False
2016-06-08,SCGL.L,0.0125,0.0125,0.0125,0.0125,0.0125,0.0,0.0,0.0,False,True,True,False
2016-06-09,SCGL.L,0.0125,0.0125,0.0125,0.0125,0.0125,0.0,0.0,0.0,False,True,True,False
2016-06-10,SCGL.L,0.0125,0.0125,0.0125,0.0125,0.0125,0.0,0.0,0.0,False,True,True,False
2016-06-13,SCGL.L,0.0125,0.0125,0.0125,0.0125,0.0125,0.0,0.0,0.0,False,True,True,False
2016-06-14,SCGL.L,0.0125,0.0125,0.0125,0.0125,0.0125,0.0,0.0,0.0,False,True,True,False
2016-06-15,SCGL.L,0.0125,0.0125,0.0125,0.0125,0.0125,0.0,0.0,0.0,False,True,True,False
2016-06-16,SCGL.L,0.0125,0.0125,0.0125,0.0125,0.0125,0.0,0.0,0.0,False,True,True,False
2016-06-17,SCGL.L,0.0125,0.0125,0.0125,0.0125,0.0125,0.0,0.0,0.0,False,True,True,False
2016-06-20,SCGL.L,0.0125,0.0125,0.0125,0.0125,0.0125,0.0,0.0,0.0,False,True,True,False
2016-06-21,SCGL.L,0.0125,0.0125,0.0125,0.0125,0.0125,0.0,0.0,0.0,False,True,True,False
2016-06-22,SCGL.L,0.0125,0.0125,0.0125,0.0125,0.0125,0.0,0.0,0.0,False,True,True,False
2016-06-23,SCGL.L,0.0125,0.0125,0.0125,0.0125,0.0125,0.0,0.0,0.0,False,True,True,False
2016-06-24,SCGL.L,0.0125,0.0125,0.0125,0.0125,0.0125,0.0,0.0,0.0,False,True,True,False
2016-06-27,SCGL.L,0.0125,0.0125,0.0125,0.0125,0.0125,0.0,0.0,0.0,False,True,True,False
2016-06-28,SCGL.L,0.0125,0.0125,0.0125,0.0125,0.0125,0.0,0.0,0.0,False,True,True,False
2016-06-29,SCGL.L,0.0125,0.0125,0.0125,0.0125,0.0125,0.0,0.0,0.0,False,True,True,False
2016-06-30,SCGL.L,0.0125,0.0125,0.0125,0.0125,0.0125,0.0,0.0,0.0,False,True,True,False
2016-07-01,SCGL.L,0.0125,0.0125,0.0125,0.0125,0.0125,0.0,0.0,0.0,False,True,True,False
2016-07-04,SCGL.L,0.0125,0.0125,0.0125,0.0125,0.0125,0.0,0.0,0.0,False,True,True,False
2016-07-05,SCGL.L,0.0125,0.0125,0.0125,0.0125,0.0125,0.0,0.0,0.0,False,True,True,False
2016-07-06,SCGL.L,0.0125,0.0125,0.0125,0.0125,0.0125,0.0,0.0,0.0,False,True,True,False
2016-07-07,SCGL.L,0.0125,0.0125,0.0125,0.0125,0.0125,0.0,0.0,0.0,False,True,True,False
2016-07-08,SCGL.L,0.0125,0.0125,0.0125,0.0125,0.0125,0.0,0.0,0.0,False,True,True,False
2016-07-11,SCGL.L,0.0125,0.0125,0.0125,0.0125,0.0125,0.0,0.0,0.0,False,True,True,False
2016-07-12,SCGL.L,0.0125,0.0125,0.0125,0.0125,0.0125,0.0,0.0,0.0,False,True,True,False
2016-07-13,SCGL.L,0.0125,0.0125,0.0125,0.0125,0.0125,0.0,0.0,0.0,False,True,True,False
2016-07-14,SCGL.L,0.0125,0.0125,0.0125,0.0125,0.0125,0.0,0.0,0.0,False,True,True,False
2016-07-15,SCGL.L,0.0125,0.0125,0.0125,0.0125,0.0125,0.0,0.0,0.0,False,True,True,False
2016-07-18,SCGL.L,0.0125,0.0125,0.0125,0.0125,0.0125,0.0,0.0,0.0,False,True,True,False
2016-07-19,SCGL.L,0.0125,0.0125,0.0125,0.0125,0.0125,0.0,0.0,0.0,False,True,True,False
2016-07-20,SCGL.L,0.0125,0.0125,0.0125,0.0125,0.0125,0.0,0.0,0.0,False,True,True,False
2016-07-21,SCGL.L,0.0125,0.0125,0.0125,0.0125,0.0125,0.0,0.0,0.0,False,True,True,False
2016-07-22,SCGL.L,0.0125,0.0125,0.0125,0.0125,0.0125,0.0,0.0,0.0,False,True,True,False
2016-07-25,SCGL.L,0.0125,0.0125,0.0125,0.0125,0.0125,0.0,0.0,0.0,False,True,True,False
2016-07-26,SCGL.L,0.0125,0.0125,0.0125,0.0125,0.0125,0.0,0.0,0.0,False,True,True,False
2016-07-27,SCGL.L,0.0125,0.0125,0.0125,0.0125,0.0125,0.0,0.0,0.0,False,True,True,False
2016-07-28,SCGL.L,0.0125,0.0125,0.0125,0.0125,0.0125,0.0,0.0,0.0,False,True,True,False
2016-07-29,SCGL.L,0.0125,0.0125,0.0125,0.0125,0.0125,0.0,0.0,0.0,False,True,True,False
2016-08-01,SCGL.L,0.0125,0.0125,0.0125,0.0125,0.0125,0.0,0.0,0.0,False,True,True,False
2016-08-02,SCGL.L,0.0125,0.0125,0.0125,0.0125,0.0125,0.0,0.0,0.0,False,True,True,False
2016-08-03,SCGL.L,0.0125,0.0125,0.0125,0.0125,0.0125,0.0,0.0,0.0,False,True,True,False
2016-08-04,SCGL.L,0.0125,0.0125,0.0125,0.0125,0.0125,0.0,0.0,0.0,False,True,True,False
2016-08-05,SCGL.L,0.0125,0.0125,0.0125,0.0125,0.0125,0.0,0.0,0.0,False,True,True,False
2016-08-08,SCGL.L,0.0125,0.0125,0.0125,0.0125,0.0125,0.0,0.0,0.0,False,True,True,False
2016-08-09,SCGL.L,0.0125,0.0125,0.0125,0.0125,0.0125,0.0,0.0,0.0,False,True,True,False
2016-08-10,SCGL.L,0.0125,0.0125,0.0125,0.0125,0.0125,0.0,0.0,0.0,False,True,True,False
2016-08-11,SCGL.L,0.0125,0.0125,0.0125,0.0125,0.0125,0.0,0.0,0.0,False,True,True,False
2016-08-12,SCGL.L,0.0125,0.0125,0.0125,0.0125,0.0125,0.0,0.0,0.0,False,True,True,False
2016-08-15,SCGL.L,0.0125,0.0125,0.0125,0.0125,0.0125,0.0,0.0,0.0,False,True,True,False
2016-08-16,SCGL.L,0.0125,0.0125,0.0125,0.0125,0.0125,0.0,0.0,0.0,False,True,True,False
2016-08-17,SCGL.L,0.0125,0.0125,0.0125,0.0125,0.0125,0.0,0.0,0.0,False,True,True,False
2016-08-18,SCGL.L,0.0125,0.0125,0.0125,0.0125,0.0125,0.0,0.0,0.0,False,True,True,False
2016-08-19,SCGL.L,0.0125,0.0125,0.0125,0.0125,0.0125,0.0,0.0,0.0,False,True,True,False
2016-08-22,SCGL.L,0.0125,0.0125,0.0125,0.0125,0.0125,0.0,0.0,0.0,False,True,True,False
2016-08-23,SCGL.L,0.0125,0.0125,0.0125,0.0125,0.0125,0.0,0.0,0.0,False,True,True,False
2016-08-24,SCGL.L,0.0125,0.0125,0.0125,0.0125,0.0125,0.0,0.0,0.0,False,True,True,False
2016-08-25,SCGL.L,0.0125,0.0125,0.0125,0.0125,0.0125,0.0,0.0,0.0,False,True,True,False
2016-08-26,SCGL.L,0.0125,0.0125,0.0125,0.0125,0.0125,0.0,0.0,0.0,False,True,True,False
2016-08-30,SCGL.L,0.0125,0.0125,0.0125,0.0125,0.0125,0.0,0.0,0.0,False,True,True,False
2016-08-31,SCGL.L,0.0125,0.0125,0.0125,0.0125,0.0125,0.0,0.0,0.0,False,True,True,False
2016-09-01,SCGL.L,0.0125,0.0125,0.0125,0.0125,0.0125,0.0,0.0,0.0,False,True,True,False
2016-09-02,SCGL.L,0.0125,0.0125,0.0125,0.0125,0.0125,0.0,0.0,0.0,False,True,True,False
2016-09-05,SCGL.L,0.0125,0.0125,0.0125,0.0125,0.0125,0.0,0.0,0.0,False,True,True,False
2016-09-06,SCGL.L,0.0125,0.0125,0.0125,0.0125,0.0125,0.0,0.0,0.0,False,True,True,False
2016-09-07,SCGL.L,0.0125,0.0125,0.0125,0.0125,0.0125,0.0,0.0,0.0,False,True,True,False
2016-09-08,SCGL.L,0.0125,0.0125,0.0125,0.0125,0.0125,0.0,0.0,0.0,False,True,True,False
2016-09-09,SCGL.L,0.0125,0.0125,0.0125,0.0125,0.0125,0.0,0.0,0.0,False,True,True,False
2016-09-12,SCGL.L,0.0125,0.0125,0.0125,0.0125,0.0125,0.0,0.0,0.0,False,True,True,False
2016-09-13,SCGL.L,0.0125,0.0125,0.0125,0.0125,0.0125,0.0,0.0,0.0,False,True,True,False
2016-09-14,SCGL.L,0.0125,0.0125,0.0125,0.0125,0.0125,0.0,0.0,0.0,False,True,True,False
2016-09-15,SCGL.L,0.0125,0.0125,0.0125,0.0125,0.0125,0.0,0.0,0.0,False,True,True,False
2016-09-16,SCGL.L,0.0125,0.0125,0.0125,0.0125,0.0125,0.0,0.0,0.0,False,True,True,False
2016-09-19,SCGL.L,0.0125,0.0125,0.0125,0.0125,0.0125,0.0,0.0,0.0,False,True,True,False
2016-09-20,SCGL.L,0.0125,0.0125,0.0125,0.0125,0.0125,0.0,0.0,0.0,False,True,True,False
2016-09-21,SCGL.L,0.0125,0.0125,0.0125,0.0125,0.0125,0.0,0.0,0.0,False,True,True,False
2016-09-22,SCGL.L,0.0125,0.0125,0.0125,0.0125,0.0125,0.0,0.0,0.0,False,True,True,False
2016-09-23,SCGL.L,0.0125,0.0125,0.0125,0.0125,0.0125,0.0,0.0,0.0,False,True,True,False
2016-09-26,SCGL.L,0.0125,0.0125,0.0125,0.0125,0.0125,0.0,0.0,0.0,False,True,True,False
2016-09-27,SCGL.L,0.0125,0.0125,0.0125,0.0125,0.0125,0.0,0.0,0.0,False,True,True,False
2016-09-28,SCGL.L,0.0125,0.0125,0.0125,0.0125,0.0125,0.0,0.0,0.0,False,True,True,False
2016-09-29,SCGL.L,0.0125,0.0125,0.0125,0.0125,0.0125,0.0,0.0,0.0,False,True,True,False
2016-09-30,SCGL.L,0.0125,0.0125,0.0125,0.0125,0.0125,0.0,0.0,0.0,False,True,True,False
2016-10-03,SCGL.L,0.0125,0.0125,0.0125,0.0125,0.0125,0.0,0.0,0.0,False,True,True,False
2016-10-04,SCGL.L,0.0125,0.0125,0.0125,0.0125,0.0125,0.0,0.0,0.0,False,True,True,False
2016-10-05,SCGL.L,0.0125,0.0125,0.0125,0.0125,0.0125,0.0,0.0,0.0,False,True,True,False
2016-10-06,SCGL.L,0.0125,0.0125,0.0125,0.0125,0.0125,0.0,0.0,0.0,False,True,True,False
2016-10-07,SCGL.L,0.0125,0.0125,0.0125,0.0125,0.0125,0.0,0.0,0.0,False,True,True,False
2016-10-10,SCGL.L,0.0125,0.0125,0.0125,0.0125,0.0125,0.0,0.0,0.0,False,True,True,False
2016-10-11,SCGL.L,0.0125,0.0125,0.0125,0.0125,0.0125,0.0,0.0,0.0,False,True,True,False
2016-10-12,SCGL.L,0.0125,0.0125,0.0125,0.0125,0.0125,0.0,0.0,0.0,False,True,True,False
2016-10-13,SCGL.L,0.0125,0.0125,0.0125,0.0125,0.0125,0.0,0.0,0.0,False,True,True,False
2016-10-14,SCGL.L,0.0125,0.0125,0.0125,0.0125,0.0125,0.0,0.0,0.0,False,True,True,False
2016-10-17,SCGL.L,0.0125,0.0125,0.0125,0.0125,0.0125,0.0,0.0,0.0,False,True,True,False
2016-10-18,SCGL.L,0.0125,0.0125,0.0125,0.0125,0.0125,0.0,0.0,0.0,False,True,True,False
2016-10-19,SCGL.L,0.0125,0.0125,0.0125,0.0125,0.0125,0.0,0.0,0.0,False,True,True,False
2016-10-20,SCGL.L,0.0125,0.0125,0.0125,0.0125,0.0125,0.0,0.0,0.0,False,True,True,False
2016-10-21,SCGL.L,0.0125,0.0125,0.0125,0.0125,0.0125,0.0,0.0,0.0,False,True,True,False
2016-10-24,SCGL.L,0.0125,0.0125,0.0125,0.0125,0.0125,0.0,0.0,0.0,False,True,True,False
2016-10-25,SCGL.L,0.0125,0.0125,0.0125,0.0125,0.0125,0.0,0.0,0.0,False,True,True,False
2016-10-26,SCGL.L,0.0125,0.0125,0.0125,0.0125,0.0125,0.0,0.0,0.0,False,True,True,False
2016-10-27,SCGL.L,0.0125,0.0125,0.0125,0.0125,0.0125,0.0,0.0,0.0,False,True,True,False
2016-10-28,SCGL.L,0.0125,0.0125,0.0125,0.0125,0.0125,0.0,0.0,0.0,False,True,True,False
2016-10-31,SCGL.L,0.0125,0.0125,0.0125,0.0125,0.0125,0.0,0.0,0.0,False,True,True,False
2016-11-01,SCGL.L,0.0125,0.0125,0.0125,0.0125,0.0125,0.0,0.0,0.0,False,True,True,False
2016-11-02,SCGL.L,0.0125,0.0125,0.0125,0.0125,0.0125,0.0,0.0,0.0,False,True,True,False
2016-11-03,SCGL.L,0.0125,0.0125,0.0125,0.0125,0.0125,0.0,0.0,0.0,False,True,True,False
2016-11-04,SCGL.L,0.0125,0.0125,0.0125,0.0125,0.0125,0.0,0.0,0.0,False,True,True,False
2016-11-07,SCGL.L,0.0125,0.0125,0.0125,0.0125,0.0125,0.0,0.0,0.0,False,True,True,False
2016-11-08,SCGL.L,0.0125,0.0125,0.0125,0.0125,0.0125,0.0,0.0,0.0,False,True,True,False
2016-11-09,SCGL.L,0.0125,0.0125,0.0125,0.0125,0.0125,0.0,0.0,0.0,False,True,True,False
2016-11-10,SCGL.L,0.0125,0.0125,0.0125,0.0125,0.0125,0.0,0.0,0.0,False,True,True,False
2016-11-11,SCGL.L,0.0125,0.0125,0.0125,0.0125,0.0125,0.0,0.0,0.0,False,True,True,False
2016-11-14,SCGL.L,0.0125,0.0125,0.0125,0.0125,0.0125,0.0,0.0,0.0,False,True,True,False
2016-11-15,SCGL.L,0.0125,0.0125,0.0125,0.0125,0.0125,0.0,0.0,0.0,False,True,True,False
2016-11-16,SCGL.L,0.0125,0.0125,0.0125,0.0125,0.0125,0.0,0.0,0.0,False,True,True,False
2016-11-17,SCGL.L,0.0125,0.0125,0.0125,0.0125,0.0125,0.0,0.0,0.0,False,True,True,False
2016-11-18,SCGL.L,0.0125,0.0125,0.0125,0.0125,0.0125,0.0,0.0,0.0,False,True,True,False
2016-11-21,SCGL.L,0.0125,0.0125,0.0125,0.0125,0.0125,0.0,0.0,0.0,False,True,True,False
2016-11-22,SCGL.L,0.0125,0.0125,0.0125,0.0125,0.0125,0.0,0.0,0.0,False,True,True,False
2016-11-23,SCGL.L,0.0125,0.0125,0.0125,0.0125,0.0125,0.0,0.0,0.0,False,True,True,False
2016-11-24,SCGL.L,0.0125,0.0125,0.0125,0.0125,0.0125,0.0,0.0,0.0,False,True,True,False
2016-11-25,SCGL.L,0.0125,0.0125,0.0125,0.0125,0.0125,0.0,0.0,0.0,False,True,True,False
2016-11-28,SCGL.L,0.0125,0.0125,0.0125,0.0125,0.0125,0.0,0.0,0.0,False,True,True,False
2016-11-29,SCGL.L,0.0125,0.0125,0.0125,0.0125,0.0125,0.0,0.0,0.0,False,True,True,False
2016-11-30,SCGL.L,0.0125,0.0125,0.0125,0.0125,0.0125,0.0,0.0,0.0,False,True,True,False
2016-12-01,SCGL.L,0.0125,0.0125,0.0125,0.0125,0.0125,0.0,0.0,0.0,False,True,True,False
2016-12-02,SCGL.L,0.0125,0.0125,0.0125,0.0125,0.0125,0.0,0.0,0.0,False,True,True,False
2016-12-05,SCGL.L,0.0125,0.0125,0.0125,0.0125,0.0125,0.0,0.0,0.0,False,True,True,False
2016-12-06,SCGL.L,0.0125,0.0125,0.0125,0.0125,0.0125,0.0,0.0,0.0,False,True,True,False
2016-12-07,SCGL.L,0.0125,0.0125,0.0125,0.0125,0.0125,0.0,0.0,0.0,False,True,True,False
2016-12-08,SCGL.L,0.0125,0.0125,0.0125,0.0125,0.0125,0.0,0.0,0.0,False,True,True,False
2016-12-09,SCGL.L,0.0125,0.0125,0.0125,0.0125,0.0125,0.0,0.0,0.0,False,True,True,False
2016-12-12,SCGL.L,0.0125,0.0125,0.0125,0.0125,0.0125,0.0,0.0,0.0,False,True,True,False
2016-12-13,SCGL.L,0.0125,0.0125,0.0125,0.0125,0.0125,0.0,0.0,0.0,False,True,True,False
2016-12-14,SCGL.L,0.0125,0.0125,0.0125,0.0125,0.0125,0.0,0.0,0.0,False,True,True,False
2016-12-15,SCGL.L,0.0125,0.0125,0.0125,0.0125,0.0125,0.0,0.0,0.0,False,True,True,False
2016-12-16,SCGL.L,0.0125,0.0125,0.0125,0.0125,0.0125,0.0,0.0,0.0,False,True,True,False
2016-12-19,SCGL.L,0.0125,0.0125,0.0125,0.0125,0.0125,0.0,0.0,0.0,False,True,True,False
2016-12-20,SCGL.L,0.0125,0.0125,0.0125,0.0125,0.0125,0.0,0.0,0.0,False,True,True,False
2016-12-21,SCGL.L,0.0125,0.0125,0.0125,0.0125,0.0125,0.0,0.0,0.0,False,True,True,False
2016-12-22,SCGL.L,0.0125,0.0125,0.0125,0.0125,0.0125,0.0,0.0,0.0,False,True,True,False
2016-12-23,SCGL.L,0.0125,0.0125,0.0125,0.0125,0.0125,0.0,0.0,0.0,False,True,True,False
2016-12-28,SCGL.L,0.0125,0.0125,0.0125,0.0125,0.0125,0.0,0.0,0.0,False,True,True,False
2016-12-29,SCGL.L,0.0125,0.0125,0.0125,0.0125,0.0125,0.0,0.0,0.0,False,True,True,False
2016-12-30,SCGL.L,0.0125,0.0125,0.0125,0.0125,0.0125,0.0,0.0,0.0,False,True,True,False
2017-01-03,SCGL.L,0.0125,0.0125,0.0125,0.0125,0.0125,0.0,0.0,0.0,False,True,True,False
2017-01-04,SCGL.L,0.0125,0.0125,0.0125,0.0125,0.0125,0.0,0.0,0.0,False,True,True,False
2017-01-05,SCGL.L,0.0125,0.0125,0.0125,0.0125,0.0125,0.0,0.0,0.0,False,True,True,False
2017-01-06,SCGL.L,0.0125,0.0125,0.0125,0.0125,0.0125,0.0,0.0,0.0,False,True,True,False
2017-01-09,SCGL.L,0.0125,0.0125,0.0125,0.0125,0.0125,0.0,0.0,0.0,False,True,True,False
2017-01-10,SCGL.L,0.0125,0.0125,0.0125,0.0125,0.0125,0.0,0.0,0.0,False,True,True,False
2017-01-11,SCGL.L,0.0125,0.0125,0.0125,0.0125,0.0125,0.0,0.0,0.0,False,True,True,False
2017-01-12,SCGL.L,0.0125,0.0125,0.0125,0.0125,0.0125,0.0,0.0,0.0,False,True,True,False
2017-01-13,SCGL.L,0.0125,0.0125,0.0125,0.0125,0.0125,0.0,0.0,0.0,False,True,True,False
2017-01-16,SCGL.L,0.0125,0.0125,0.0125,0.0125,0.0125,0.0,0.0,0.0,False,True,True,False
2017-01-17,SCGL.L,0.0125,0.0125,0.0125,0.0125,0.0125,0.0,0.0,0.0,False,True,True,False
2017-01-18,SCGL.L,0.0125,0.0125,0.0125,0.0125,0.0125,0.0,0.0,0.0,False,True,True,False
2017-01-19,SCGL.L,0.0125,0.0125,0.0125,0.0125,0.0125,0.0,0.0,0.0,False,True,True,False
2017-01-20,SCGL.L,0.0125,0.0125,0.0125,0.0125,0.0125,0.0,0.0,0.0,False,True,True,False
2017-01-23,SCGL.L,0.0125,0.0125,0.0125,0.0125,0.0125,0.0,0.0,0.0,False,True,True,False
2017-01-24,SCGL.L,0.0125,0.0125,0.0125,0.0125,0.0125,0.0,0.0,0.0,False,True,True,False
2017-01-25,SCGL.L,0.0125,0.0125,0.0125,0.0125,0.0125,0.0,0.0,0.0,False,True,True,False
2017-01-26,SCGL.L,0.0125,0.0125,0.0125,0.0125,0.0125,0.0,0.0,0.0,False,True,True,False
2017-01-27,SCGL.L,0.0125,0.0125,0.0125,0.0125,0.0125,0.0,0.0,0.0,False,True,True,False
2017-01-30,SCGL.L,0.0125,0.0125,0.0125,0.0125,0.0125,0.0,0.0,0.0,False,True,True,False
2017-01-31,SCGL.L,0.0125,0.0125,0.0125,0.0125,0.0125,0.0,0.0,0.0,False,True,True,False
2017-02-01,SCGL.L,0.0125,0.0125,0.0125,0.0125,0.0125,0.0,0.0,0.0,False,True,True,False
2017-02-02,SCGL.L,0.0125,0.0125,0.0125,0.0125,0.0125,0.0,0.0,0.0,False,True,True,False
2017-02-03,SCGL.L,0.0125,0.0125,0.0125,0.0125,0.0125,0.0,0.0,0.0,False,True,True,False
2017-02-06,SCGL.L,0.0125,0.0125,0.0125,0.0125,0.0125,0.0,0.0,0.0,False,True,True,False
2017-02-07,SCGL.L,0.0125,0.0125,0.0125,0.0125,0.0125,0.0,0.0,0.0,False,True,True,False
2017-02-08,SCGL.L,0.0125,0.0125,0.0125,0.0125,0.0125,0.0,0.0,0.0,False,True,True,False
2017-02-09,SCGL.L,0.0125,0.0125,0.0125,0.0125,0.0125,0.0,0.0,0.0,False,True,True,False
2017-02-10,SCGL.L,0.0125,0.0125,0.0125,0.0125,0.0125,0.0,0.0,0.0,False,True,True,False
2017-02-13,SCGL.L,0.0125,0.0125,0.0125,0.0125,0.0125,0.0,0.0,0.0,False,True,True,False
2017-02-14,SCGL.L,0.0125,0.0125,0.0125,0.0125,0.0125,0.0,0.0,0.0,False,True,True,False
2017-02-15,SCGL.L,0.0125,0.0125,0.0125,0.0125,0.0125,0.0,0.0,0.0,False,True,True,False
2017-02-16,SCGL.L,0.0125,0.0125,0.0125,0.0125,0.0125,0.0,0.0,0.0,False,True,True,False
2017-02-17,SCGL.L,0.0125,0.0125,0.0125,0.0125,0.0125,0.0,0.0,0.0,False,True,True,False
2017-02-20,SCGL.L,0.0125,0.0125,0.0125,0.0125,0.0125,0.0,0.0,0.0,False,True,True,False
2017-02-21,SCGL.L,0.0125,0.0125,0.0125,0.0125,0.0125,0.0,0.0,0.0,False,True,True,False
2017-02-22,SCGL.L,0.0125,0.0125,0.0125,0.0125,0.0125,0.0,0.0,0.0,False,True,True,False
2017-02-23,SCGL.L,0.0125,0.0125,0.0125,0.0125,0.0125,0.0,0.0,0.0,False,True,True,False
2017-02-24,SCGL.L,0.0125,0.0125,0.0125,0.0125,0.0125,0.0,0.0,0.0,False,True,True,False
2017-02-27,SCGL.L,0.0125,0.0125,0.0125,0.0125,0.0125,0.0,0.0,0.0,False,True,True,False
2018-04-30,SCGL.L,0.045,0.045,0.045,0.045,0.045,0.0,0.0,0.0,False,True,True,False
2018-05-01,SCGL.L,0.045,0.045,0.045,0.045,0.045,0.0,0.0,0.0,False,True,True,False
2018-05-02,SCGL.L,0.045,0.045,0.045,0.045,0.045,0.0,0.0,0.0,False,True,True,False
2018-05-03,SCGL.L,0.045,0.045,0.045,0.045,0.045,0.0,0.0,0.0,False,True,True,False
2018-05-04,SCGL.L,0.045,0.045,0.045,0.045,0.045,0.0,0.0,0.0,False,True,True,False
2018-05-08,SCGL.L,0.045,0.045,0.045,0.045,0.045,0.0,0.0,0.0,False,True,True,False
2018-05-09,SCGL.L,0.045,0.045,0.045,0.045,0.045,0.0,0.0,0.0,False,True,True,False
2018-05-10,SCGL.L,0.045,0.045,0.045,0.045,0.045,0.0,0.0,0.0,False,True,True,False
2018-05-11,SCGL.L,0.045,0.045,0.045,0.045,0.045,0.0,0.0,0.0,False,True,True,False
2018-05-14,SCGL.L,0.045,0.045,0.045,0.045,0.045,0.0,0.0,0.0,False,True,True,False
2018-05-15,SCGL.L,0.045,0.045,0.045,0.045,0.045,0.0,0.0,0.0,False,True,True,False
2018-05-16,SCGL.L,0.045,0.045,0.045,0.045,0.045,0.0,0.0,0.0,False,True,True,False
2018-05-17,SCGL.L,0.045,0.045,0.045,0.045,0.045,0.0,0.0,0.0,False,True,True,False
2018-05-18,SCGL.L,0.045,0.045,0.045,0.045,0.045,0.0,0.0,0.0,False,True,True,False
2018-05-21,SCGL.L,0.045,0.045,0.045,0.045,0.045,0.0,0.0,0.0,False,True,True,False
2018-05-22,SCGL.L,0.045,0.045,0.045,0.045,0.045,0.0,0.0,0.0,False,True,True,False
2018-05-23,SCGL.L,0.045,0.045,0.045,0.045,0.045,0.0,0.0,0.0,False,True,True,False
2018-05-24,SCGL.L,0.045,0.045,0.045,0.045,0.045,0.0,0.0,0.0,False,True,True,False
2018-05-25,SCGL.L,0.045,0.045,0.045,0.045,0.045,0.0,0.0,0.0,False,True,True,False
2018-05-29,SCGL.L,0.045,0.045,0.045,0.045,0.045,0.0,0.0,0.0,False,True,True,False
2018-05-30,SCGL.L,0.045,0.045,0.045,0.045,0.045,0.0,0.0,0.0,False,True,True,False
2018-05-31,SCGL.L,0.045,0.045,0.045,0.045,0.045,0.0,0.0,0.0,False,True,True,False
2018-06-01,SCGL.L,0.045,0.045,0.045,0.045,0.045,0.0,0.0,0.0,False,True,True,False
2018-06-04,SCGL.L,0.045,0.045,0.045,0.045,0.045,0.0,0.0,0.0,False,True,True,False
2018-06-05,SCGL.L,0.045,0.045,0.045,0.045,0.045,0.0,0.0,0.0,False,True,True,False
2018-06-06,SCGL.L,0.045,0.045,0.045,0.045,0.045,0.0,0.0,0.0,False,True,True,False
2018-06-07,SCGL.L,0.045,0.045,0.045,0.045,0.045,0.0,0.0,0.0,False,True,True,False
2018-06-08,SCGL.L,0.045,0.045,0.045,0.045,0.045,0.0,0.0,0.0,False,True,True,False
2018-06-11,SCGL.L,0.045,0.045,0.045,0.045,0.045,0.0,0.0,0.0,False,True,True,False
2018-06-12,SCGL.L,0.045,0.045,0.045,0.045,0.045,0.0,0.0,0.0,False,True,True,False
2018-06-13,SCGL.L,0.045,0.045,0.045,0.045,0.045,0.0,0.0,0.0,False,True,True,False
2018-06-14,SCGL.L,0.045,0.045,0.045,0.045,0.045,0.0,0.0,0.0,False,True,True,False
2018-06-15,SCGL.L,0.045,0.045,0.045,0.045,0.045,0.0,0.0,0.0,False,True,True,False
2018-06-18,SCGL.L,0.045,0.045,0.045,0.045,0.045,0.0,0.0,0.0,False,True,True,False
2018-06-19,SCGL.L,0.045,0.045,0.045,0.045,0.045,0.0,0.0,0.0,False,True,True,False
2018-06-20,SCGL.L,0.045,0.045,0.045,0.045,0.045,0.0,0.0,0.0,False,True,True,False
2018-06-21,SCGL.L,0.045,0.045,0.045,0.045,0.045,0.0,0.0,0.0,False,True,True,False
2018-06-22,SCGL.L,0.045,0.045,0.045,0.045,0.045,0.0,0.0,0.0,False,True,True,False
2018-06-25,SCGL.L,0.045,0.045,0.045,0.045,0.045,0.0,0.0,0.0,False,True,True,False
2018-06-26,SCGL.L,0.045,0.045,0.045,0.045,0.045,0.0,0.0,0.0,False,True,True,False
2018-06-27,SCGL.L,0.045,0.045,0.045,0.045,0.045,0.0,0.0,0.0,False,True,True,False
2018-06-28,SCGL.L,0.045,0.045,0.045,0.045,0.045,0.0,0.0,0.0,False,True,True,False
2018-06-29,SCGL.L,0.045,0.045,0.045,0.045,0.045,0.0,0.0,0.0,False,True,True,False
2018-07-02,PREM.L,0.017000000476837158,0.017000000476837158,0.017000000476837158,0.017000000476837158,0.017000000476837158,0.0,0.0,0.0,False,True,True,False
2018-07-02,SCGL.L,0.045,0.045,0.045,0.045,0.045,0.0,0.0,0.0,False,True,True,False
2018-07-03,PREM.L,0.017000000476837158,0.017000000476837158,0.017000000476837158,0.017000000476837158,0.017000000476837158,0.0,0.0,0.0,False,True,True,False
2018-07-03,SCGL.L,0.045,0.045,0.045,0.045,0.045,0.0,0.0,0.0,False,True,True,False
2018-07-04,PREM.L,0.017000000476837158,0.017000000476837158,0.017000000476837158,0.017000000476837158,0.017000000476837158,0.0,0.0,0.0,False,True,True,False
2018-07-04,SCGL.L,0.045,0.045,0.045,0.045,0.045,0.0,0.0,0.0,False,True,True,False
2018-07-05,PREM.L,0.017000000476837158,0.017000000476837158,0.017000000476837158,0.017000000476837158,0.017000000476837158,0.0,0.0,0.0,False,True,True,False
2018-07-05,SCGL.L,0.045,0.045,0.045,0.045,0.045,0.0,0.0,0.0,False,True,True,False
2018-07-06,PREM.L,0.017000000476837158,0.017000000476837158,0.017000000476837158,0.017000000476837158,0.017000000476837158,0.0,0.0,0.0,False,True,True,False
2018-07-06,SCGL.L,0.045,0.045,0.045,0.045,0.045,0.0,0.0,0.0,False,True,True,False
2018-07-09,PREM.L,0.017000000476837158,0.017000000476837158,0.017000000476837158,0.017000000476837158,0.017000000476837158,0.0,0.0,0.0,False,True,True,False
2018-07-09,SCGL.L,0.045,0.045,0.045,0.045,0.045,0.0,0.0,0.0,False,True,True,False
2018-07-10,PREM.L,0.017000000476837158,0.017000000476837158,0.017000000476837158,0.017000000476837158,0.017000000476837158,0.0,0.0,0.0,False,True,True,False
2018-07-10,SCGL.L,0.045,0.045,0.045,0.045,0.045,0.0,0.0,0.0,False,True,True,False
2018-07-11,PREM.L,0.017000000476837158,0.017000000476837158,0.017000000476837158,0.017000000476837158,0.017000000476837158,0.0,0.0,0.0,False,True,True,False
2018-07-11,SCGL.L,0.045,0.045,0.045,0.045,0.045,0.0,0.0,0.0,False,True,True,False
2018-07-12,PREM.L,0.017000000476837158,0.017000000476837158,0.017000000476837158,0.017000000476837158,0.017000000476837158,0.0,0.0,0.0,False,True,True,False
2018-07-12,SCGL.L,0.045,0.045,0.045,0.045,0.045,0.0,0.0,0.0,False,True,True,False
2018-07-13,PREM.L,0.017000000476837158,0.017000000476837158,0.017000000476837158,0.017000000476837158,0.017000000476837158,0.0,0.0,0.0,False,True,True,False
2018-07-13,SCGL.L,0.045,0.045,0.045,0.045,0.045,0.0,0.0,0.0,False,True,True,False
2018-07-16,PREM.L,0.017000000476837158,0.017000000476837158,0.017000000476837158,0.017000000476837158,0.017000000476837158,0.0,0.0,0.0,False,True,True,False
2018-07-16,SCGL.L,0.045,0.045,0.045,0.045,0.045,0.0,0.0,0.0,False,True,True,False
2018-07-17,PREM.L,0.017000000476837158,0.017000000476837158,0.017000000476837158,0.017000000476837158,0.017000000476837158,0.0,0.0,0.0,False,True,True,False
2018-07-17,SCGL.L,0.045,0.045,0.045,0.045,0.045,0.0,0.0,0.0,False,True,True,False
2018-07-18,PREM.L,0.017000000476837158,0.017000000476837158,0.017000000476837158,0.017000000476837158,0.017000000476837158,0.0,0.0,0.0,False,True,True,False
2018-07-18,SCGL.L,0.045,0.045,0.045,0.045,0.045,0.0,0.0,0.0,False,True,True,False
2018-07-19,PREM.L,0.017000000476837158,0.017000000476837158,0.017000000476837158,0.017000000476837158,0.017000000476837158,0.0,0.0,0.0,False,True,True,False
2018-07-19,SCGL.L,0.045,0.045,0.045,0.045,0.045,0.0,0.0,0.0,False,True,True,False
2018-07-20,PREM.L,0.017000000476837158,0.017000000476837158,0.017000000476837158,0.017000000476837158,0.017000000476837158,0.0,0.0,0.0,False,True,True,False
2018-07-20,SCGL.L,0.045,0.045,0.045,0.045,0.045,0.0,0.0,0.0,False,True,True,False
2018-07-23,PREM.L,0.017000000476837158,0.017000000476837158,0.017000000476837158,0.017000000476837158,0.017000000476837158,0.0,0.0,0.0,False,True,True,False
2018-07-23,SCGL.L,0.045,0.045,0.045,0.045,0.045,0.0,0.0,0.0,False,True,True,False
2018-07-24,PREM.L,0.017000000476837158,0.017000000476837158,0.017000000476837158,0.017000000476837158,0.017000000476837158,0.0,0.0,0.0,False,True,True,False
2018-07-24,SCGL.L,0.045,0.045,0.045,0.045,0.045,0.0,0.0,0.0,False,True,True,False
2018-07-25,PREM.L,0.017000000476837158,0.017000000476837158,0.017000000476837158,0.017000000476837158,0.017000000476837158,0.0,0.0,0.0,False,True,True,False
2018-07-25,SCGL.L,0.045,0.045,0.045,0.045,0.045,0.0,0.0,0.0,False,True,True,False
2018-07-26,BLU.L,0.5,0.5,0.5,0.5,0.5,0.0,0.0,0.0,False,True,True,False
2018-07-26,PREM.L,0.017000000476837158,0.017000000476837158,0.017000000476837158,0.017000000476837158,0.017000000476837158,0.0,0.0,0.0,False,True,True,False
2018-07-26,SCGL.L,0.045,0.045,0.045,0.045,0.045,0.0,0.0,0.0,False,True,True,False
2018-07-27,BLU.L,0.5,0.5,0.5,0.5,0.5,0.0,0.0,0.0,False,True,True,False
2018-07-27,PREM.L,0.017000000476837158,0.017000000476837158,0.017000000476837158,0.017000000476837158,0.017000000476837158,0.0,0.0,0.0,False,True,True,False
2018-07-27,SCGL.L,0.045,0.045,0.045,0.045,0.045,0.0,0.0,0.0,False,True,True,False
2018-07-30,BLU.L,0.5,0.5,0.5,0.5,0.5,0.0,0.0,0.0,False,True,True,False
2018-07-30,SCGL.L,0.045,0.045,0.045,0.045,0.045,0.0,0.0,0.0,False,True,True,False
2018-07-31,BLU.L,0.5,0.5,0.5,0.5,0.5,0.0,0.0,0.0,False,True,True,False
2018-07-31,SCGL.L,0.045,0.045,0.045,0.045,0.045,0.0,0.0,0.0,False,True,True,False
2018-08-01,BLU.L,0.5,0.5,0.5,0.5,0.5,0.0,0.0,0.0,False,True,True,False
2018-08-01,SCGL.L,0.045,0.045,0.045,0.045,0.045,0.0,0.0,0.0,False,True,True,False
2018-08-02,BLU.L,0.5,0.5,0.5,0.5,0.5,0.0,0.0,0.0,False,True,True,False
2018-08-02,SCGL.L,0.045,0.045,0.045,0.045,0.045,0.0,0.0,0.0,False,True,True,False
2018-08-03,BLU.L,0.5,0.5,0.5,0.5,0.5,0.0,0.0,0.0,False,True,True,False
2018-08-03,SCGL.L,0.045,0.045,0.045,0.045,0.045,0.0,0.0,0.0,False,True,True,False
2018-08-06,BLU.L,0.5,0.5,0.5,0.5,0.5,0.0,0.0,0.0,False,True,True,False
2018-08-06,SCGL.L,0.045,0.045,0.045,0.045,0.045,0.0,0.0,0.0,False,True,True,False
2018-08-07,BLU.L,0.5,0.5,0.5,0.5,0.5,0.0,0.0,0.0,False,True,True,False
2018-08-07,SCGL.L,0.045,0.045,0.045,0.045,0.045,0.0,0.0,0.0,False,True,True,False
2018-08-08,BLU.L,0.5,0.5,0.5,0.5,0.5,0.0,0.0,0.0,False,True,True,False
2018-08-08,SCGL.L,0.045,0.045,0.045,0.045,0.045,0.0,0.0,0.0,False,True,True,False
2018-08-09,BLU.L,0.5,0.5,0.5,0.5,0.5,0.0,0.0,0.0,False,True,True,False
2018-08-09,SCGL.L,0.045,0.045,0.045,0.045,0.045,0.0,0.0,0.0,False,True,True,False
2018-08-10,BLU.L,0.5,0.5,0.5,0.5,0.5,0.0,0.0,0.0,False,True,True,False
2018-08-10,SCGL.L,0.045,0.045,0.045,0.045,0.045,0.0,0.0,0.0,False,True,True,False
2018-08-13,BLU.L,0.5,0.5,0.5,0.5,0.5,0.0,0.0,0.0,False,True,True,False
2018-08-13,SCGL.L,0.045,0.045,0.045,0.045,0.045,0.0,0.0,0.0,False,True,True,False
2018-08-14,BLU.L,0.5,0.5,0.5,0.5,0.5,0.0,0.0,0.0,False,True,True,False
2018-08-14,SCGL.L,0.045,0.045,0.045,0.045,0.045,0.0,0.0,0.0,False,True,True,False
2018-08-15,BLU.L,0.5,0.5,0.5,0.5,0.5,0.0,0.0,0.0,False,True,True,False
2018-08-15,SCGL.L,0.045,0.045,0.045,0.045,0.045,0.0,0.0,0.0,False,True,True,False
2018-08-16,BLU.L,0.5,0.5,0.5,0.5,0.5,0.0,0.0,0.0,False,True,True,False
2018-08-16,SCGL.L,0.045,0.045,0.045,0.045,0.045,0.0,0.0,0.0,False,True,True,False
2018-08-17,BLU.L,0.5,0.5,0.5,0.5,0.5,0.0,0.0,0.0,False,True,True,False
2018-08-17,SCGL.L,0.045,0.045,0.045,0.045,0.045,0.0,0.0,0.0,False,True,True,False
2018-08-20,BLU.L,0.5,0.5,0.5,0.5,0.5,0.0,0.0,0.0,False,True,True,False
2018-08-20,SCGL.L,0.045,0.045,0.045,0.045,0.045,0.0,0.0,0.0,False,True,True,False
2018-08-21,BLU.L,0.5,0.5,0.5,0.5,0.5,0.0,0.0,0.0,False,True,True,False
2018-08-21,SCGL.L,0.045,0.045,0.045,0.045,0.045,0.0,0.0,0.0,False,True,True,False
2018-08-22,BLU.L,0.5,0.5,0.5,0.5,0.5,0.0,0.0,0.0,False,True,True,False
2018-08-22,SCGL.L,0.045,0.045,0.045,0.045,0.045,0.0,0.0,0.0,False,True,True,False
2018-08-23,BLU.L,0.5,0.5,0.5,0.5,0.5,0.0,0.0,0.0,False,True,True,False
2018-08-23,SCGL.L,0.045,0.045,0.045,0.045,0.045,0.0,0.0,0.0,False,True,True,False
2018-08-24,BLU.L,0.5,0.5,0.5,0.5,0.5,0.0,0.0,0.0,False,True,True,False
2018-08-24,SCGL.L,0.045,0.045,0.045,0.045,0.045,0.0,0.0,0.0,False,True,True,False
2018-08-28,BLU.L,0.5,0.5,0.5,0.5,0.5,0.0,0.0,0.0,False,True,True,False
2018-08-28,SCGL.L,0.045,0.045,0.045,0.045,0.045,0.0,0.0,0.0,False,True,True,False
2018-08-29,BLU.L,0.5,0.5,0.5,0.5,0.5,0.0,0.0,0.0,False,True,True,False
2018-08-29,SCGL.L,0.045,0.045,0.045,0.045,0.045,0.0,0.0,0.0,False,True,True,False
2018-08-30,BLU.L,0.5,0.5,0.5,0.5,0.5,0.0,0.0,0.0,False,True,True,False
2018-08-30,SCGL.L,0.045,0.045,0.045,0.045,0.045,0.0,0.0,0.0,False,True,True,False
2018-08-31,BLU.L,0.5,0.5,0.5,0.5,0.5,0.0,0.0,0.0,False,True,True,False
2018-08-31,SCGL.L,0.045,0.045,0.045,0.045,0.045,0.0,0.0,0.0,False,True,True,False
2018-09-03,BLU.L,0.5,0.5,0.5,0.5,0.5,0.0,0.0,0.0,False,True,True,False
2018-09-03,SCGL.L,0.045,0.045,0.045,0.045,0.045,0.0,0.0,0.0,False,True,True,False
2018-09-04,BLU.L,0.5,0.5,0.5,0.5,0.5,0.0,0.0,0.0,False,True,True,False
2018-09-04,SCGL.L,0.045,0.045,0.045,0.045,0.045,0.0,0.0,0.0,False,True,True,False
2018-09-05,BLU.L,0.5,0.5,0.5,0.5,0.5,0.0,0.0,0.0,False,True,True,False
2018-09-05,SCGL.L,0.045,0.045,0.045,0.045,0.045,0.0,0.0,0.0,False,True,True,False
2018-09-06,BLU.L,0.5,0.5,0.5,0.5,0.5,0.0,0.0,0.0,False,True,True,False
2018-09-06,SCGL.L,0.045,0.045,0.045,0.045,0.045,0.0,0.0,0.0,False,True,True,False
2018-09-07,BLU.L,0.5,0.5,0.5,0.5,0.5,0.0,0.0,0.0,False,True,True,False
2018-09-07,SCGL.L,0.045,0.045,0.045,0.045,0.045,0.0,0.0,0.0,False,True,True,False
2018-09-10,BLU.L,0.5,0.5,0.5,0.5,0.5,0.0,0.0,0.0,False,True,True,False
2018-09-10,SCGL.L,0.045,0.045,0.045,0.045,0.045,0.0,0.0,0.0,False,True,True,False
2018-09-11,BLU.L,0.5,0.5,0.5,0.5,0.5,0.0,0.0,0.0,False,True,True,False
2018-09-11,SCGL.L,0.045,0.045,0.045,0.045,0.045,0.0,0.0,0.0,False,True,True,False
2018-09-12,BLU.L,0.5,0.5,0.5,0.5,0.5,0.0,0.0,0.0,False,True,True,False
2018-09-12,SCGL.L,0.045,0.045,0.045,0.045,0.045,0.0,0.0,0.0,False,True,True,False
2018-09-13,BLU.L,0.5,0.5,0.5,0.5,0.5,0.0,0.0,0.0,False,True,True,False
2018-09-13,SCGL.L,0.045,0.045,0.045,0.045,0.045,0.0,0.0,0.0,False,True,True,False
2018-09-14,BLU.L,0.5,0.5,0.5,0.5,0.5,0.0,0.0,0.0,False,True,True,False
2018-09-14,SCGL.L,0.045,0.045,0.045,0.045,0.045,0.0,0.0,0.0,False,True,True,False
2018-09-17,BLU.L,0.5,0.5,0.5,0.5,0.5,0.0,0.0,0.0,False,True,True,False
2018-09-17,SCGL.L,0.045,0.045,0.045,0.045,0.045,0.0,0.0,0.0,False,True,True,False
2018-09-18,BLU.L,0.5,0.5,0.5,0.5,0.5,0.0,0.0,0.0,False,True,True,False
2018-09-18,SCGL.L,0.045,0.045,0.045,0.045,0.045,0.0,0.0,0.0,False,True,True,False
2018-09-19,BLU.L,0.5,0.5,0.5,0.5,0.5,0.0,0.0,0.0,False,True,True,False
2018-09-19,SCGL.L,0.045,0.045,0.045,0.045,0.045,0.0,0.0,0.0,False,True,True,False
2018-09-20,BLU.L,0.5,0.5,0.5,0.5,0.5,0.0,0.0,0.0,False,True,True,False
2018-09-20,SCGL.L,0.045,0.045,0.045,0.045,0.045,0.0,0.0,0.0,False,True,True,False
2018-09-21,BLU.L,0.5,0.5,0.5,0.5,0.5,0.0,0.0,0.0,False,True,True,False
2018-09-21,SCGL.L,0.045,0.045,0.045,0.045,0.045,0.0,0.0,0.0,False,True,True,False
2018-09-24,BLU.L,0.5,0.5,0.5,0.5,0.5,0.0,0.0,0.0,False,True,True,False
2018-09-24,SCGL.L,0.045,0.045,0.045,0.045,0.045,0.0,0.0,0.0,False,True,True,False
2018-09-25,BLU.L,0.5,0.5,0.5,0.5,0.5,0.0,0.0,0.0,False,True,True,False
2018-09-25,SCGL.L,0.045,0.045,0.045,0.045,0.045,0.0,0.0,0.0,False,True,True,False
2018-09-26,BLU.L,0.5,0.5,0.5,0.5,0.5,0.0,0.0,0.0,False,True,True,False
2018-09-26,SCGL.L,0.045,0.045,0.045,0.045,0.045,0.0,0.0,0.0,False,True,True,False
2018-09-27,BLU.L,0.5,0.5,0.5,0.5,0.5,0.0,0.0,0.0,False,True,True,False
2018-09-27,SCGL.L,0.045,0.045,0.045,0.045,0.045,0.0,0.0,0.0,False,True,True,False
2018-09-28,BLU.L,0.5,0.5,0.5,0.5,0.5,0.0,0.0,0.0,False,True,True,False
2018-09-28,SCGL.L,0.045,0.045,0.045,0.045,0.045,0.0,0.0,0.0,False,True,True,False
2018-10-01,BLU.L,0.5,0.5,0.5,0.5,0.5,0.0,0.0,0.0,False,True,True,False
2018-10-01,SCGL.L,0.045,0.045,0.045,0.045,0.045,0.0,0.0,0.0,False,True,True,False
2018-10-02,BLU.L,0.5,0.5,0.5,0.5,0.5,0.0,0.0,0.0,False,True,True,False
2018-10-02,SCGL.L,0.045,0.045,0.045,0.045,0.045,0.0,0.0,0.0,False,True,True,False
2018-10-03,BLU.L,0.5,0.5,0.5,0.5,0.5,0.0,0.0,0.0,False,True,True,False
2018-10-03,SCGL.L,0.045,0.045,0.045,0.045,0.045,0.0,0.0,0.0,False,True,True,False
2018-10-04,BLU.L,0.5,0.5,0.5,0.5,0.5,0.0,0.0,0.0,False,True,True,False
2018-10-04,SCGL.L,0.045,0.045,0.045,0.045,0.045,0.0,0.0,0.0,False,True,True,False
2018-10-05,BLU.L,0.5,0.5,0.5,0.5,0.5,0.0,0.0,0.0,False,True,True,False
2018-10-05,SCGL.L,0.045,0.045,0.045,0.045,0.045,0.0,0.0,0.0,False,True,True,False
2018-10-08,BLU.L,0.5,0.5,0.5,0.5,0.5,0.0,0.0,0.0,False,True,True,False
2018-10-08,SCGL.L,0.045,0.045,0.045,0.045,0.045,0.0,0.0,0.0,False,True,True,False
2018-10-09,BLU.L,0.5,0.5,0.5,0.5,0.5,0.0,0.0,0.0,False,True,True,False
2018-10-09,SCGL.L,0.045,0.045,0.045,0.045,0.045,0.0,0.0,0.0,False,True,True,False
2018-10-10,BLU.L,0.5,0.5,0.5,0.5,0.5,0.0,0.0,0.0,False,True,True,False
2018-10-10,SCGL.L,0.045,0.045,0.045,0.045,0.045,0.0,0.0,0.0,False,True,True,False
2018-10-11,BLU.L,0.5,0.5,0.5,0.5,0.5,0.0,0.0,0.0,False,True,True,False
2018-10-11,SCGL.L,0.045,0.045,0.045,0.045,0.045,0.0,0.0,0.0,False,True,True,False
2018-10-12,BLU.L,0.5,0.5,0.5,0.5,0.5,0.0,0.0,0.0,False,True,True,False
2018-10-12,SCGL.L,0.045,0.045,0.045,0.045,0.045,0.0,0.0,0.0,False,True,True,False
2018-10-15,BLU.L,0.5,0.5,0.5,0.5,0.5,0.0,0.0,0.0,False,True,True,False
2018-10-15,SCGL.L,0.045,0.045,0.045,0.045,0.045,0.0,0.0,0.0,False,True,True,False
2018-10-16,BLU.L,0.5,0.5,0.5,0.5,0.5,0.0,0.0,0.0,False,True,True,False
2018-10-16,SCGL.L,0.045,0.045,0.045,0.045,0.045,0.0,0.0,0.0,False,True,True,False
2018-10-17,BLU.L,0.5,0.5,0.5,0.5,0.5,0.0,0.0,0.0,False,True,True,False
2018-10-17,SCGL.L,0.045,0.045,0.045,0.045,0.045,0.0,0.0,0.0,False,True,True,False
2018-10-18,BLU.L,0.5,0.5,0.5,0.5,0.5,0.0,0.0,0.0,False,True,True,False
2018-10-18,SCGL.L,0.045,0.045,0.045,0.045,0.045,0.0,0.0,0.0,False,True,True,False
2018-10-19,BLU.L,0.5,0.5,0.5,0.5,0.5,0.0,0.0,0.0,False,True,True,False
2018-10-19,SCGL.L,0.045,0.045,0.045,0.045,0.045,0.0,0.0,0.0,False,True,True,False
2018-10-22,BLU.L,0.5,0.5,0.5,0.5,0.5,0.0,0.0,0.0,False,True,True,False
2018-10-22,SCGL.L,0.045,0.045,0.045,0.045,0.045,0.0,0.0,0.0,False,True,True,False
2018-10-23,BLU.L,0.5,0.5,0.5,0.5,0.5,0.0,0.0,0.0,False,True,True,False
2018-10-23,SCGL.L,0.045,0.045,0.045,0.045,0.045,0.0,0.0,0.0,False,True,True,False
2018-10-24,BLU.L,0.5,0.5,0.5,0.5,0.5,0.0,0.0,0.0,False,True,True,False
2018-10-24,SCGL.L,0.045,0.045,0.045,0.045,0.045,0.0,0.0,0.0,False,True,True,False
2018-10-25,BLU.L,0.5,0.5,0.5,0.5,0.5,0.0,0.0,0.0,False,True,True,False
2018-10-25,SCGL.L,0.045,0.045,0.045,0.045,0.045,0.0,0.0,0.0,False,True,True,False
2018-10-26,BLU.L,0.5,0.5,0.5,0.5,0.5,0.0,0.0,0.0,False,True,True,False
2018-10-26,SCGL.L,0.045,0.045,0.045,0.045,0.045,0.0,0.0,0.0,False,True,True,False
2018-10-29,BLU.L,0.5,0.5,0.5,0.5,0.5,0.0,0.0,0.0,False,True,True,False
2018-10-29,SCGL.L,0.045,0.045,0.045,0.045,0.045,0.0,0.0,0.0,False,True,True,False
2018-10-30,BLU.L,0.5,0.5,0.5,0.5,0.5,0.0,0.0,0.0,False,True,True,False
2018-10-31,BLU.L,0.5,0.5,0.5,0.5,0.5,0.0,0.0,0.0,False,True,True,False
2018-11-01,BLU.L,0.5,0.5,0.5,0.5,0.5,0.0,0.0,0.0,False,True,True,False
2018-11-02,BLU.L,0.5,0.5,0.5,0.5,0.5,0.0,0.0,0.0,False,True,True,False
2018-11-05,BLU.L,0.5,0.5,0.5,0.5,0.5,0.0,0.0,0.0,False,True,True,False
2018-11-06,BLU.L,0.5,0.5,0.5,0.5,0.5,0.0,0.0,0.0,False,True,True,False
2018-11-07,BLU.L,0.5,0.5,0.5,0.5,0.5,0.0,0.0,0.0,False,True,True,False
2018-11-08,BLU.L,0.5,0.5,0.5,0.5,0.5,0.0,0.0,0.0,False,True,True,False
2018-11-09,BLU.L,0.5,0.5,0.5,0.5,0.5,0.0,0.0,0.0,False,True,True,False
2018-11-12,BLU.L,0.5,0.5,0.5,0.5,0.5,0.0,0.0,0.0,False,True,True,False
2018-11-13,BLU.L,0.5,0.5,0.5,0.5,0.5,0.0,0.0,0.0,False,True,True,False
2018-11-14,BLU.L,0.5,0.5,0.5,0.5,0.5,0.0,0.0,0.0,False,True,True,False
2018-11-15,BLU.L,0.5,0.5,0.5,0.5,0.5,0.0,0.0,0.0,False,True,True,False
2018-11-16,BLU.L,0.5,0.5,0.5,0.5,0.5,0.0,0.0,0.0,False,True,True,False
2018-11-19,BLU.L,0.5,0.5,0.5,0.5,0.5,0.0,0.0,0.0,False,True,True,False
2018-11-20,BLU.L,0.5,0.5,0.5,0.5,0.5,0.0,0.0,0.0,False,True,True,False
2018-11-21,BLU.L,0.5,0.5,0.5,0.5,0.5,0.0,0.0,0.0,False,True,True,False
2018-11-22,BLU.L,0.5,0.5,0.5,0.5,0.5,0.0,0.0,0.0,False,True,True,False
2018-11-23,BLU.L,0.5,0.5,0.5,0.5,0.5,0.0,0.0,0.0,False,True,True,False
2018-11-26,BLU.L,0.5,0.5,0.5,0.5,0.5,0.0,0.0,0.0,False,True,True,False
2018-11-27,BLU.L,0.5,0.5,0.5,0.5,0.5,0.0,0.0,0.0,False,True,True,False
2018-11-28,BLU.L,0.5,0.5,0.5,0.5,0.5,0.0,0.0,0.0,False,True,True,False
2018-11-29,BLU.L,0.5,0.5,0.5,0.5,0.5,0.0,0.0,0.0,False,True,True,False
2018-11-30,BLU.L,0.5,0.5,0.5,0.5,0.5,0.0,0.0,0.0,False,True,True,False
2018-12-03,BLU.L,0.5,0.5,0.5,0.5,0.5,0.0,0.0,0.0,False,True,True,False
2018-12-04,BLU.L,0.5,0.5,0.5,0.5,0.5,0.0,0.0,0.0,False,True,True,False
2018-12-05,BLU.L,0.5,0.5,0.5,0.5,0.5,0.0,0.0,0.0,False,True,True,False
2018-12-06,BLU.L,0.5,0.5,0.5,0.5,0.5,0.0,0.0,0.0,False,True,True,False
2018-12-07,BLU.L,0.5,0.5,0.5,0.5,0.5,0.0,0.0,0.0,False,True,True,False
2018-12-10,BLU.L,0.5,0.5,0.5,0.5,0.5,0.0,0.0,0.0,False,True,True,False
2018-12-11,BLU.L,0.5,0.5,0.5,0.5,0.5,0.0,0.0,0.0,False,True,True,False
2018-12-12,BLU.L,0.5,0.5,0.5,0.5,0.5,0.0,0.0,0.0,False,True,True,False
2018-12-13,BLU.L,0.5,0.5,0.5,0.5,0.5,0.0,0.0,0.0,False,True,True,False
2018-12-14,BLU.L,0.5,0.5,0.5,0.5,0.5,0.0,0.0,0.0,False,True,True,False
2018-12-17,BLU.L,0.5,0.5,0.5,0.5,0.5,0.0,0.0,0.0,False,True,True,False
2018-12-18,BLU.L,0.5,0.5,0.5,0.5,0.5,0.0,0.0,0.0,False,True,True,False
2018-12-19,BLU.L,0.5,0.5,0.5,0.5,0.5,0.0,0.0,0.0,False,True,True,False
2018-12-20,BLU.L,0.5,0.5,0.5,0.5,0.5,0.0,0.0,0.0,False,True,True,False
2018-12-21,BLU.L,0.5,0.5,0.5,0.5,0.5,0.0,0.0,0.0,False,True,True,False
2018-12-24,BLU.L,0.5,0.5,0.5,0.5,0.5,0.0,0.0,0.0,False,True,True,False
2018-12-27,BLU.L,0.5,0.5,0.5,0.5,0.5,0.0,0.0,0.0,False,True,True,False
2018-12-28,BLU.L,0.5,0.5,0.5,0.5,0.5,0.0,0.0,0.0,False,True,True,False
2018-12-31,BLU.L,0.5,0.5,0.5,0.5,0.5,0.0,0.0,0.0,False,True,True,False
2019-01-02,BLU.L,0.5,0.5,0.5,0.5,0.5,0.0,0.0,0.0,False,True,True,False
2019-01-03,BLU.L,0.5,0.5,0.5,0.5,0.5,0.0,0.0,0.0,False,True,True,False
2019-01-04,BLU.L,0.5,0.5,0.5,0.5,0.5,0.0,0.0,0.0,False,True,True,False
2019-01-07,BLU.L,0.5,0.5,0.5,0.5,0.5,0.0,0.0,0.0,False,True,True,False
2019-01-08,BLU.L,0.5,0.5,0.5,0.5,0.5,0.0,0.0,0.0,False,True,True,False
2019-01-09,BLU.L,0.5,0.5,0.5,0.5,0.5,0.0,0.0,0.0,False,True,True,False
2019-01-10,BLU.L,0.5,0.5,0.5,0.5,0.5,0.0,0.0,0.0,False,True,True,False
2019-01-11,BLU.L,0.5,0.5,0.5,0.5,0.5,0.0,0.0,0.0,False,True,True,False
2019-01-14,BLU.L,0.5,0.5,0.5,0.5,0.5,0.0,0.0,0.0,False,True,True,False
2019-01-15,BLU.L,0.5,0.5,0.5,0.5,0.5,0.0,0.0,0.0,False,True,True,False
2019-01-16,BLU.L,0.5,0.5,0.5,0.5,0.5,0.0,0.0,0.0,False,True,True,False
2019-01-17,BLU.L,0.5,0.5,0.5,0.5,0.5,0.0,0.0,0.0,False,True,True,False
2019-01-18,BLU.L,0.5,0.5,0.5,0.5,0.5,0.0,0.0,0.0,False,True,True,False
2019-01-21,BLU.L,0.5,0.5,0.5,0.5,0.5,0.0,0.0,0.0,False,True,True,False
2019-01-22,BLU.L,0.5,0.5,0.5,0.5,0.5,0.0,0.0,0.0,False,True,True,False
2019-01-23,BLU.L,0.5,0.5,0.5,0.5,0.5,0.0,0.0,0.0,False,True,True,False
2024-02-05,VOX.L,3.500000108033418e-05,3.500000108033418e-05,3.500000108033418e-05,3.500000108033418e-05,3.500000108033418e-05,0.0,0.0,0.0,True,False,False,False
2024-02-06,VOX.L,0.003499999940395355,0.003499999940395355,0.003499999940395355,0.003499999940395355,0.003499999940395355,0.0,0.0,0.0,True,False,False,False
2024-02-07,VOX.L,0.003499999940395355,0.003400000035762787,0.003400000035762787,0.003499999940395355,0.003499999940395355,5347.0,0.0,0.0,True,False,False,False
2024-02-08,VOX.L,0.003499999940395355,0.003499999940395355,0.003499999940395355,0.003499999940395355,0.003499999940395355,0.0,0.0,0.0,True,False,False,False
2024-02-09,VOX.L,0.003499999940395355,0.003499999940395355,0.003499999940395355,0.003499999940395355,0.003499999940395355,0.0,0.0,0.0,True,False,False,False
2024-02-12,VOX.L,0.003499999940395355,0.003499999940395355,0.003499999940395355,0.003499999940395355,0.003499999940395355,0.0,0.0,0.0,True,False,False,False
2024-02-13,VOX.L,0.003499999940395355,0.003499999940395355,0.003499999940395355,0.003499999940395355,0.003499999940395355,0.0,0.0,0.0,True,False,False,False
2024-02-14,VOX.L,0.003499999940395355,0.003499999940395355,0.003499999940395355,0.003499999940395355,0.003499999940395355,0.0,0.0,0.0,True,False,False,False
2024-02-15,VOX.L,0.003499999940395355,0.003400000035762787,0.003400000035762787,0.003499999940395355,0.003499999940395355,294.0,0.0,0.0,True,False,False,False
2024-02-16,VOX.L,0.003499999940395355,0.003499999940395355,0.003499999940395355,0.003499999940395355,0.003499999940395355,0.0,0.0,0.0,True,False,False,False
2024-02-19,VOX.L,3.500000108033418e-05,3.500000108033418e-05,3.500000108033418e-05,3.500000108033418e-05,3.500000108033418e-05,0.0,0.0,0.0,True,False,False,False
2024-02-20,VOX.L,3.500000108033418e-05,3.500000108033418e-05,3.500000108033418e-05,3.500000108033418e-05,3.500000108033418e-05,0.0,0.0,0.0,True,False,False,False
2024-02-21,VOX.L,3.500000108033418e-05,3.500000108033418e-05,3.500000108033418e-05,3.500000108033418e-05,3.500000108033418e-05,0.0,0.0,0.0,True,False,False,False
2024-02-22,VOX.L,3.500000108033418e-05,3.500000108033418e-05,3.500000108033418e-05,3.500000108033418e-05,3.500000108033418e-05,0.0,0.0,0.0,True,False,False,False
2024-02-23,VOX.L,3.500000108033418e-05,3.500000108033418e-05,3.500000108033418e-05,3.500000108033418e-05,3.500000108033418e-05,0.0,0.0,0.0,True,False,False,False
2024-02-26,VOX.L,3.500000108033418e-05,3.500000108033418e-05,3.500000108033418e-05,3.500000108033418e-05,3.500000108033418e-05,0.0,0.0,0.0,True,False,False,False
2024-02-27,VOX.L,3.500000108033418e-05,3.500000108033418e-05,3.500000108033418e-05,3.500000108033418e-05,3.500000108033418e-05,0.0,0.0,0.0,True,False,False,False
2024-02-28,VOX.L,3.500000108033418e-05,3.500000108033418e-05,3.500000108033418e-05,3.500000108033418e-05,3.500000108033418e-05,0.0,0.0,0.0,True,False,False,False
2024-02-29,VOX.L,3.500000108033418e-05,3.500000108033418e-05,3.500000108033418e-05,3.500000108033418e-05,3.500000108033418e-05,0.0,0.0,0.0,True,False,False,False
2024-03-01,VOX.L,3.500000108033418e-05,3.500000108033418e-05,3.500000108033418e-05,3.500000108033418e-05,3.500000108033418e-05,0.0,0.0,0.0,True,False,False,False
2024-03-04,VOX.L,3.500000108033418e-05,3.500000108033418e-05,3.500000108033418e-05,3.500000108033418e-05,3.500000108033418e-05,0.0,0.0,0.0,True,False,False,False
2024-03-05,VOX.L,3.500000108033418e-05,3.500000108033418e-05,3.500000108033418e-05,3.500000108033418e-05,3.500000108033418e-05,0.0,0.0,0.0,True,False,False,False
2024-03-06,VOX.L,3.500000108033418e-05,3.500000108033418e-05,3.500000108033418e-05,3.500000108033418e-05,3.500000108033418e-05,0.0,0.0,0.0,True,False,False,False
2024-03-07,VOX.L,3.500000108033418e-05,3.500000108033418e-05,3.500000108033418e-05,3.500000108033418e-05,3.500000108033418e-05,0.0,0.0,0.0,True,False,False,False
2024-03-08,VOX.L,3.500000108033418e-05,3.500000108033418e-05,3.500000108033418e-05,3.500000108033418e-05,3.500000108033418e-05,0.0,0.0,0.0,True,False,False,False
2024-03-11,VOX.L,3.500000108033418e-05,3.500000108033418e-05,3.500000108033418e-05,3.500000108033418e-05,3.500000108033418e-05,0.0,0.0,0.0,True,False,False,False
2024-03-12,VOX.L,3.500000108033418e-05,3.500000108033418e-05,3.500000108033418e-05,3.500000108033418e-05,3.500000108033418e-05,0.0,0.0,0.0,True,False,False,False
2024-03-13,VOX.L,3.500000108033418e-05,3.500000108033418e-05,3.500000108033418e-05,3.500000108033418e-05,3.500000108033418e-05,0.0,0.0,0.0,True,False,False,False
2024-03-14,VOX.L,3.500000108033418e-05,3.500000108033418e-05,3.500000108033418e-05,3.500000108033418e-05,3.500000108033418e-05,0.0,0.0,0.0,True,False,False,False
2024-03-15,VOX.L,3.500000108033418e-05,3.500000108033418e-05,3.500000108033418e-05,3.500000108033418e-05,3.500000108033418e-05,0.0,0.0,0.0,True,False,False,False
2024-03-18,VOX.L,3.500000108033418e-05,3.500000108033418e-05,3.500000108033418e-05,3.500000108033418e-05,3.500000108033418e-05,0.0,0.0,0.0,True,False,False,False
2024-03-19,VOX.L,0.003499999940395355,0.003499999940395355,0.003499999940395355,0.003499999940395355,0.003499999940395355,0.0,0.0,0.0,True,False,False,False
2024-03-20,VOX.L,0.003499999940395355,0.003499999940395355,0.003499999940395355,0.003499999940395355,0.003499999940395355,0.0,0.0,0.0,True,False,False,False
2024-03-21,VOX.L,0.003499999940395355,0.003499999940395355,0.003499999940395355,0.003499999940395355,0.003499999940395355,0.0,0.0,0.0,True,False,False,False
2024-03-22,VOX.L,0.003499999940395355,0.003499999940395355,0.003499999940395355,0.003499999940395355,0.003499999940395355,0.0,0.0,0.0,True,False,False,False
2024-03-25,VOX.L,0.003499999940395355,0.003499999940395355,0.003499999940395355,0.003499999940395355,0.003499999940395355,0.0,0.0,0.0,True,False,False,False
2024-03-26,VOX.L,0.003499999940395355,0.003499999940395355,0.003499999940395355,0.003499999940395355,0.003499999940395355,0.0,0.0,0.0,True,False,False,False
2024-03-27,VOX.L,0.0025,0.0025,0.0025,0.0025,0.0025,0.0,0.0,0.0,True,False,False,False
2024-03-28,VOX.L,0.0025,0.0020000000298023225,0.0020000000298023225,0.0020000000298023225,0.0020000000298023225,150000.0,0.0,0.0,True,False,False,False
2024-04-02,VOX.L,0.0020000000298023225,0.0020000000298023225,0.0020000000298023225,0.0020000000298023225,0.0020000000298023225,0.0,0.0,0.0,True,False,False,False
2024-04-03,VOX.L,0.0020000000298023225,0.0020000000298023225,0.0020000000298023225,0.0020000000298023225,0.0020000000298023225,0.0,0.0,0.0,True,False,False,False
2024-04-04,VOX.L,0.0020000000298023225,0.0020000000298023225,0.0020000000298023225,0.0020000000298023225,0.0020000000298023225,0.0,0.0,0.0,True,False,False,False
2024-04-05,VOX.L,0.0020000000298023225,0.0020000000298023225,0.0020000000298023225,0.0020000000298023225,0.0020000000298023225,0.0,0.0,0.0,True,False,False,False
2024-04-08,VOX.L,0.0020000000298023225,0.0020000000298023225,0.0020000000298023225,0.0020000000298023225,0.0020000000298023225,0.0,0.0,0.0,True,False,False,False
2024-04-09,VOX.L,0.0020000000298023225,0.0025,0.0025,0.0020000000298023225,0.0020000000298023225,50000.0,0.0,0.0,True,False,False,False
2024-04-10,VOX.L,0.0020000000298023225,0.0020000000298023225,0.0020000000298023225,0.0020000000298023225,0.0020000000298023225,0.0,0.0,0.0,True,False,False,False
2024-04-11,VOX.L,2.0000000949949027e-05,2.0000000949949027e-05,2.0000000949949027e-05,2.0000000949949027e-05,2.0000000949949027e-05,0.0,0.0,0.0,True,False,False,False
2024-04-12,VOX.L,2.0000000949949027e-05,2.0000000949949027e-05,2.0000000949949027e-05,2.0000000949949027e-05,2.0000000949949027e-05,0.0,0.0,0.0,True,False,False,False
2024-04-15,VOX.L,2.0000000949949027e-05,2.0000000949949027e-05,2.0000000949949027e-05,2.0000000949949027e-05,2.0000000949949027e-05,0.0,0.0,0.0,True,False,False,False
2024-04-16,VOX.L,2.0000000949949027e-05,2.0000000949949027e-05,2.0000000949949027e-05,2.0000000949949027e-05,2.0000000949949027e-05,0.0,0.0,0.0,True,False,False,False
2024-04-17,VOX.L,2.0000000949949027e-05,2.0000000949949027e-05,2.0000000949949027e-05,2.0000000949949027e-05,2.0000000949949027e-05,0.0,0.0,0.0,True,False,False,False
2024-04-18,VOX.L,2.0000000949949027e-05,2.0000000949949027e-05,2.0000000949949027e-05,2.0000000949949027e-05,2.0000000949949027e-05,0.0,0.0,0.0,True,False,False,False
2024-04-19,VOX.L,2.0000000949949027e-05,2.0000000949949027e-05,2.0000000949949027e-05,2.0000000949949027e-05,2.0000000949949027e-05,0.0,0.0,0.0,True,False,False,False
2024-04-22,VOX.L,2.0000000949949027e-05,2.0000000949949027e-05,2.0000000949949027e-05,2.0000000949949027e-05,2.0000000949949027e-05,0.0,0.0,0.0,True,False,False,False
2024-04-23,VOX.L,2.0000000949949027e-05,2.0000000949949027e-05,2.0000000949949027e-05,2.0000000949949027e-05,2.0000000949949027e-05,0.0,0.0,0.0,True,False,False,False
2024-04-24,VOX.L,2.0000000949949027e-05,2.0000000949949027e-05,2.0000000949949027e-05,2.0000000949949027e-05,2.0000000949949027e-05,0.0,0.0,0.0,True,False,False,False
2024-04-25,VOX.L,2.0000000949949027e-05,2.0000000949949027e-05,2.0000000949949027e-05,2.0000000949949027e-05,2.0000000949949027e-05,0.0,0.0,0.0,True,False,False,False
2024-04-26,VOX.L,2.0000000949949027e-05,2.0000000949949027e-05,2.0000000949949027e-05,2.0000000949949027e-05,2.0000000949949027e-05,0.0,0.0,0.0,True,False,False,False
2024-04-29,VOX.L,2.0000000949949027e-05,2.0000000949949027e-05,2.0000000949949027e-05,2.0000000949949027e-05,2.0000000949949027e-05,0.0,0.0,0.0,True,False,False,False
2024-04-30,VOX.L,2.0000000949949027e-05,2.0000000949949027e-05,2.0000000949949027e-05,2.0000000949949027e-05,2.0000000949949027e-05,0.0,0.0,0.0,True,False,False,False
2024-05-01,VOX.L,2.0000000949949027e-05,2.0000000949949027e-05,2.0000000949949027e-05,2.0000000949949027e-05,2.0000000949949027e-05,0.0,0.0,0.0,True,False,False,False
2024-05-02,VOX.L,2.0000000949949027e-05,2.0000000949949027e-05,2.0000000949949027e-05,2.0000000949949027e-05,2.0000000949949027e-05,0.0,0.0,0.0,True,False,False,False
2024-05-03,VOX.L,2.0000000949949027e-05,2.0000000949949027e-05,2.0000000949949027e-05,2.0000000949949027e-05,2.0000000949949027e-05,0.0,0.0,0.0,True,False,False,False
2024-05-07,VOX.L,0.0020000000298023225,0.0020000000298023225,0.0020000000298023225,0.0020000000298023225,0.0020000000298023225,0.0,0.0,0.0,True,False,False,False
2024-05-08,VOX.L,0.0020000000298023225,0.0020000000298023225,0.0020000000298023225,0.0020000000298023225,0.0020000000298023225,0.0,0.0,0.0,True,False,False,False
2024-05-09,VOX.L,0.0020000000298023225,0.0020000000298023225,0.0020000000298023225,0.0020000000298023225,0.0020000000298023225,0.0,0.0,0.0,True,False,False,False
2024-05-10,VOX.L,0.0020000000298023225,0.0020000000298023225,0.0020000000298023225,0.0020000000298023225,0.0020000000298023225,0.0,0.0,0.0,True,False,False,False
2024-05-13,VOX.L,0.0020000000298023225,0.0010000000149011613,0.0010000000149011613,0.0020000000298023225,0.0020000000298023225,71462.0,0.0,0.0,True,False,False,False
2024-05-14,VOX.L,0.0020000000298023225,0.0019799999892711638,0.0018000000715255738,0.0020000000298023225,0.0020000000298023225,41250.0,0.0,0.0,True,False,False,False
2024-05-15,VOX.L,0.0020000000298023225,0.0020000000298023225,0.0020000000298023225,0.0020000000298023225,0.0020000000298023225,0.0,0.0,0.0,True,False,False,False
2024-05-16,VOX.L,2.0000000949949027e-05,2.0000000949949027e-05,2.0000000949949027e-05,2.0000000949949027e-05,2.0000000949949027e-05,0.0,0.0,0.0,True,False,False,False
2024-05-17,VOX.L,2.0000000949949027e-05,2.0000000949949027e-05,2.0000000949949027e-05,2.0000000949949027e-05,2.0000000949949027e-05,0.0,0.0,0.0,True,False,False,False
2024-05-20,VOX.L,2.0000000949949027e-05,2.0000000949949027e-05,2.0000000949949027e-05,2.0000000949949027e-05,2.0000000949949027e-05,0.0,0.0,0.0,True,False,False,False
2024-05-21,VOX.L,2.0000000949949027e-05,2.0000000949949027e-05,2.0000000949949027e-05,2.0000000949949027e-05,2.0000000949949027e-05,0.0,0.0,0.0,True,False,False,False
2024-05-22,VOX.L,2.0000000949949027e-05,2.0000000949949027e-05,2.0000000949949027e-05,2.0000000949949027e-05,2.0000000949949027e-05,0.0,0.0,0.0,True,False,False,False
2024-05-23,VOX.L,2.0000000949949027e-05,2.0000000949949027e-05,2.0000000949949027e-05,2.0000000949949027e-05,2.0000000949949027e-05,0.0,0.0,0.0,True,False,False,False
2024-05-24,VOX.L,2.0000000949949027e-05,2.0000000949949027e-05,2.0000000949949027e-05,2.0000000949949027e-05,2.0000000949949027e-05,0.0,0.0,0.0,True,False,False,False
2024-05-28,VOX.L,2.0000000949949027e-05,2.0000000949949027e-05,2.0000000949949027e-05,2.0000000949949027e-05,2.0000000949949027e-05,0.0,0.0,0.0,True,False,False,False
2024-05-29,VOX.L,2.0000000949949027e-05,2.0000000949949027e-05,2.0000000949949027e-05,2.0000000949949027e-05,2.0000000949949027e-05,0.0,0.0,0.0,True,False,False,False
2024-05-30,VOX.L,2.0000000949949027e-05,2.0000000949949027e-05,2.0000000949949027e-05,2.0000000949949027e-05,2.0000000949949027e-05,0.0,0.0,0.0,True,False,False,False
2024-05-31,VOX.L,2.0000000949949027e-05,2.0000000949949027e-05,2.0000000949949027e-05,2.0000000949949027e-05,2.0000000949949027e-05,0.0,0.0,0.0,True,False,False,False
2024-06-03,VOX.L,2.0000000949949027e-05,2.0000000949949027e-05,2.0000000949949027e-05,2.0000000949949027e-05,2.0000000949949027e-05,0.0,0.0,0.0,True,False,False,False
2024-06-04,VOX.L,2.0000000949949027e-05,2.0000000949949027e-05,2.0000000949949027e-05,2.0000000949949027e-05,2.0000000949949027e-05,0.0,0.0,0.0,True,False,False,False
2024-06-05,VOX.L,2.0000000949949027e-05,2.0000000949949027e-05,2.0000000949949027e-05,2.0000000949949027e-05,2.0000000949949027e-05,0.0,0.0,0.0,True,False,False,False
2024-06-06,VOX.L,2.0000000949949027e-05,2.0000000949949027e-05,2.0000000949949027e-05,2.0000000949949027e-05,2.0000000949949027e-05,0.0,0.0,0.0,True,False,False,False
2024-06-07,VOX.L,2.0000000949949027e-05,2.0000000949949027e-05,2.0000000949949027e-05,2.0000000949949027e-05,2.0000000949949027e-05,0.0,0.0,0.0,True,False,False,False
2024-06-10,VOX.L,2.0000000949949027e-05,2.0000000949949027e-05,2.0000000949949027e-05,2.0000000949949027e-05,2.0000000949949027e-05,0.0,0.0,0.0,True,False,False,False
2024-06-11,VOX.L,2.0000000949949027e-05,2.0000000949949027e-05,2.0000000949949027e-05,2.0000000949949027e-05,2.0000000949949027e-05,0.0,0.0,0.0,True,False,False,False
2024-06-12,VOX.L,2.0000000949949027e-05,2.0000000949949027e-05,2.0000000949949027e-05,2.0000000949949027e-05,2.0000000949949027e-05,0.0,0.0,0.0,True,False,False,False
2024-06-13,VOX.L,2.0000000949949027e-05,2.0000000949949027e-05,2.0000000949949027e-05,2.0000000949949027e-05,2.0000000949949027e-05,0.0,0.0,0.0,True,False,False,False
2024-06-14,VOX.L,2.0000000949949027e-05,2.0000000949949027e-05,2.0000000949949027e-05,2.0000000949949027e-05,2.0000000949949027e-05,0.0,0.0,0.0,True,False,False,False
2024-06-17,VOX.L,2.0000000949949027e-05,2.0000000949949027e-05,2.0000000949949027e-05,2.0000000949949027e-05,2.0000000949949027e-05,0.0,0.0,0.0,True,False,False,False
2024-06-18,VOX.L,2.0000000949949027e-05,2.0000000949949027e-05,2.0000000949949027e-05,2.0000000949949027e-05,2.0000000949949027e-05,0.0,0.0,0.0,True,False,False,False
2024-06-19,VOX.L,2.0000000949949027e-05,2.0000000949949027e-05,2.0000000949949027e-05,2.0000000949949027e-05,2.0000000949949027e-05,0.0,0.0,0.0,True,False,False,False
2024-06-20,VOX.L,2.0000000949949027e-05,2.0000000949949027e-05,2.0000000949949027e-05,2.0000000949949027e-05,2.0000000949949027e-05,0.0,0.0,0.0,True,False,False,False
2024-06-21,VOX.L,2.0000000949949027e-05,2.0000000949949027e-05,2.0000000949949027e-05,2.0000000949949027e-05,2.0000000949949027e-05,0.0,0.0,0.0,True,False,False,False
2024-06-24,VOX.L,2.0000000949949027e-05,2.0000000949949027e-05,2.0000000949949027e-05,2.0000000949949027e-05,2.0000000949949027e-05,0.0,0.0,0.0,True,False,False,False
2024-06-25,VOX.L,2.0000000949949027e-05,2.0000000949949027e-05,2.0000000949949027e-05,2.0000000949949027e-05,2.0000000949949027e-05,0.0,0.0,0.0,True,False,False,False
2024-06-26,VOX.L,2.0000000949949027e-05,2.0000000949949027e-05,2.0000000949949027e-05,2.0000000949949027e-05,2.0000000949949027e-05,0.0,0.0,0.0,True,False,False,False
2024-06-27,VOX.L,2.0000000949949027e-05,2.0000000949949027e-05,2.0000000949949027e-05,2.0000000949949027e-05,2.0000000949949027e-05,0.0,0.0,0.0,True,False,False,False
2024-06-28,VOX.L,2.0000000949949027e-05,2.0000000949949027e-05,2.0000000949949027e-05,2.0000000949949027e-05,2.0000000949949027e-05,0.0,0.0,0.0,True,False,False,False
2024-07-01,VOX.L,2.0000000949949027e-05,2.0000000949949027e-05,2.0000000949949027e-05,2.0000000949949027e-05,2.0000000949949027e-05,0.0,0.0,0.0,True,False,False,False
2024-07-02,VOX.L,2.0000000949949027e-05,2.0000000949949027e-05,2.0000000949949027e-05,2.0000000949949027e-05,2.0000000949949027e-05,0.0,0.0,0.0,True,False,False,False
2024-07-03,VOX.L,2.0000000949949027e-05,2.0000000949949027e-05,2.0000000949949027e-05,2.0000000949949027e-05,2.0000000949949027e-05,0.0,0.0,0.0,True,False,False,False
2024-07-04,VOX.L,2.0000000949949027e-05,2.0000000949949027e-05,2.0000000949949027e-05,2.0000000949949027e-05,2.0000000949949027e-05,0.0,0.0,0.0,True,False,False,False
2024-07-05,VOX.L,2.0000000949949027e-05,2.0000000949949027e-05,2.0000000949949027e-05,2.0000000949949027e-05,2.0000000949949027e-05,0.0,0.0,0.0,True,False,False,False
2024-07-08,VOX.L,2.0000000949949027e-05,2.0000000949949027e-05,2.0000000949949027e-05,2.0000000949949027e-05,2.0000000949949027e-05,0.0,0.0,0.0,True,False,False,False
2024-07-09,VOX.L,2.0000000949949027e-05,2.0000000949949027e-05,2.0000000949949027e-05,2.0000000949949027e-05,2.0000000949949027e-05,0.0,0.0,0.0,True,False,False,False
2024-07-10,VOX.L,2.0000000949949027e-05,2.0000000949949027e-05,2.0000000949949027e-05,2.0000000949949027e-05,2.0000000949949027e-05,0.0,0.0,0.0,True,False,False,False
2024-07-11,VOX.L,2.0000000949949027e-05,2.0000000949949027e-05,2.0000000949949027e-05,2.0000000949949027e-05,2.0000000949949027e-05,0.0,0.0,0.0,True,False,False,False
2024-07-12,VOX.L,2.0000000949949027e-05,2.0000000949949027e-05,2.0000000949949027e-05,2.0000000949949027e-05,2.0000000949949027e-05,0.0,0.0,0.0,True,False,False,False
2024-07-15,VOX.L,2.0000000949949027e-05,2.0000000949949027e-05,2.0000000949949027e-05,2.0000000949949027e-05,2.0000000949949027e-05,0.0,0.0,0.0,True,False,False,False
2024-07-16,VOX.L,2.0000000949949027e-05,2.0000000949949027e-05,2.0000000949949027e-05,2.0000000949949027e-05,2.0000000949949027e-05,0.0,0.0,0.0,True,False,False,False
2024-07-17,VOX.L,2.0000000949949027e-05,2.0000000949949027e-05,2.0000000949949027e-05,2.0000000949949027e-05,2.0000000949949027e-05,0.0,0.0,0.0,True,False,False,False
2024-07-18,VOX.L,2.0000000949949027e-05,2.0000000949949027e-05,2.0000000949949027e-05,2.0000000949949027e-05,2.0000000949949027e-05,0.0,0.0,0.0,True,False,False,False
2024-07-19,VOX.L,2.0000000949949027e-05,2.0000000949949027e-05,2.0000000949949027e-05,2.0000000949949027e-05,2.0000000949949027e-05,0.0,0.0,0.0,True,False,False,False
2024-07-22,VOX.L,2.0000000949949027e-05,2.0000000949949027e-05,2.0000000949949027e-05,2.0000000949949027e-05,2.0000000949949027e-05,0.0,0.0,0.0,True,False,False,False
2024-07-23,VOX.L,0.0020000000298023225,0.0020000000298023225,0.0020000000298023225,0.0020000000298023225,0.0020000000298023225,0.0,0.0,0.0,True,False,False,False
2024-07-24,VOX.L,0.0020000000298023225,0.0020000000298023225,0.0020000000298023225,0.0020000000298023225,0.0020000000298023225,0.0,0.0,0.0,True,False,False,False
2024-07-25,VOX.L,0.0020000000298023225,0.0020000000298023225,0.0020000000298023225,0.0020000000298023225,0.0020000000298023225,0.0,0.0,0.0,True,False,False,False
2024-07-26,VOX.L,0.0020000000298023225,0.0020000000298023225,0.0020000000298023225,0.0020000000298023225,0.0020000000298023225,0.0,0.0,0.0,True,False,False,False
2024-07-29,VOX.L,0.0020000000298023225,0.0020000000298023225,0.0020000000298023225,0.0020000000298023225,0.0020000000298023225,0.0,0.0,0.0,True,False,False,False
2024-07-30,VOX.L,0.0020000000298023225,0.0020000000298023225,0.0020000000298023225,0.0020000000298023225,0.0020000000298023225,0.0,0.0,0.0,True,False,False,False
2024-07-31,VOX.L,0.0020000000298023225,0.0020000000298023225,0.0020000000298023225,0.0020000000298023225,0.0020000000298023225,0.0,0.0,0.0,True,False,False,False
2024-08-01,VOX.L,0.0020000000298023225,0.0023999999463558195,0.0023999999463558195,0.0020000000298023225,0.0020000000298023225,1.0,0.0,0.0,True,False,False,False
2024-08-02,VOX.L,0.0020000000298023225,0.0020000000298023225,0.0020000000298023225,0.0020000000298023225,0.0020000000298023225,0.0,0.0,0.0,True,False,False,False
2024-08-05,VOX.L,0.0020000000298023225,0.0020000000298023225,0.0020000000298023225,0.0020000000298023225,0.0020000000298023225,0.0,0.0,0.0,True,False,False,False
2024-08-06,VOX.L,0.0020000000298023225,0.0018000000715255738,0.0018000000715255738,0.0018000000715255738,0.0018000000715255738,25000.0,0.0,0.0,True,False,False,False
2024-08-07,VOX.L,0.0018000000715255738,0.0018000000715255738,0.0018000000715255738,0.0018000000715255738,0.0018000000715255738,0.0,0.0,0.0,True,False,False,False
2024-08-08,VOX.L,2.0000000949949027e-05,2.0000000949949027e-05,2.0000000949949027e-05,2.0000000949949027e-05,2.0000000949949027e-05,0.0,0.0,0.0,True,False,False,False
2024-08-09,VOX.L,2.0000000949949027e-05,2.0000000949949027e-05,2.0000000949949027e-05,2.0000000949949027e-05,2.0000000949949027e-05,0.0,0.0,0.0,True,False,False,False
2024-08-12,VOX.L,2.0000000949949027e-05,2.0000000949949027e-05,2.0000000949949027e-05,2.0000000949949027e-05,2.0000000949949027e-05,0.0,0.0,0.0,True,False,False,False
2024-08-13,VOX.L,2.0000000949949027e-05,2.0000000949949027e-05,2.0000000949949027e-05,2.0000000949949027e-05,2.0000000949949027e-05,0.0,0.0,0.0,True,False,False,False
2024-08-14,VOX.L,2.0000000949949027e-05,2.0000000949949027e-05,2.0000000949949027e-05,2.0000000949949027e-05,2.0000000949949027e-05,0.0,0.0,0.0,True,False,False,False
2024-08-15,VOX.L,2.0000000949949027e-05,2.0000000949949027e-05,2.0000000949949027e-05,2.0000000949949027e-05,2.0000000949949027e-05,0.0,0.0,0.0,True,False,False,False
2024-08-16,VOX.L,2.0000000949949027e-05,2.0000000949949027e-05,2.0000000949949027e-05,2.0000000949949027e-05,2.0000000949949027e-05,0.0,0.0,0.0,True,False,False,False
2024-08-19,VOX.L,2.0000000949949027e-05,2.0000000949949027e-05,2.0000000949949027e-05,2.0000000949949027e-05,2.0000000949949027e-05,0.0,0.0,0.0,True,False,False,False
2024-08-20,VOX.L,2.0000000949949027e-05,2.0000000949949027e-05,2.0000000949949027e-05,2.0000000949949027e-05,2.0000000949949027e-05,0.0,0.0,0.0,True,False,False,False
2024-08-21,VOX.L,2.0000000949949027e-05,2.0000000949949027e-05,2.0000000949949027e-05,2.0000000949949027e-05,2.0000000949949027e-05,0.0,0.0,0.0,True,False,False,False
2024-08-22,VOX.L,2.0000000949949027e-05,2.0000000949949027e-05,2.0000000949949027e-05,2.0000000949949027e-05,2.0000000949949027e-05,0.0,0.0,0.0,True,False,False,False
2024-08-23,VOX.L,2.0000000949949027e-05,2.0000000949949027e-05,2.0000000949949027e-05,2.0000000949949027e-05,2.0000000949949027e-05,0.0,0.0,0.0,True,False,False,False
2024-08-27,VOX.L,2.0000000949949027e-05,2.0000000949949027e-05,2.0000000949949027e-05,2.0000000949949027e-05,2.0000000949949027e-05,0.0,0.0,0.0,True,False,False,False
2024-08-28,VOX.L,2.0000000949949027e-05,2.0000000949949027e-05,2.0000000949949027e-05,2.0000000949949027e-05,2.0000000949949027e-05,0.0,0.0,0.0,True,False,False,False
2024-08-29,VOX.L,2.0000000949949027e-05,2.0000000949949027e-05,2.0000000949949027e-05,2.0000000949949027e-05,2.0000000949949027e-05,0.0,0.0,0.0,True,False,False,False
2024-08-30,VOX.L,2.0000000949949027e-05,2.0000000949949027e-05,2.0000000949949027e-05,2.0000000949949027e-05,2.0000000949949027e-05,0.0,0.0,0.0,True,False,False,False
2024-09-02,VOX.L,2.0000000949949027e-05,2.0000000949949027e-05,2.0000000949949027e-05,2.0000000949949027e-05,2.0000000949949027e-05,0.0,0.0,0.0,True,False,False,False
2024-09-03,VOX.L,2.0000000949949027e-05,2.0000000949949027e-05,2.0000000949949027e-05,2.0000000949949027e-05,2.0000000949949027e-05,0.0,0.0,0.0,True,False,False,False
2024-09-04,VOX.L,2.0000000949949027e-05,2.0000000949949027e-05,2.0000000949949027e-05,2.0000000949949027e-05,2.0000000949949027e-05,0.0,0.0,0.0,True,False,False,False
2024-09-05,VOX.L,2.0000000949949027e-05,2.0000000949949027e-05,2.0000000949949027e-05,2.0000000949949027e-05,2.0000000949949027e-05,0.0,0.0,0.0,True,False,False,False
2024-09-06,VOX.L,2.0000000949949027e-05,2.0000000949949027e-05,2.0000000949949027e-05,2.0000000949949027e-05,2.0000000949949027e-05,0.0,0.0,0.0,True,False,False,False
2024-09-09,VOX.L,2.0000000949949027e-05,2.0000000949949027e-05,2.0000000949949027e-05,2.0000000949949027e-05,2.0000000949949027e-05,0.0,0.0,0.0,True,False,False,False
2024-09-10,VOX.L,2.0000000949949027e-05,2.0000000949949027e-05,2.0000000949949027e-05,2.0000000949949027e-05,2.0000000949949027e-05,0.0,0.0,0.0,True,False,False,False
2024-09-11,VOX.L,2.0000000949949027e-05,2.0000000949949027e-05,2.0000000949949027e-05,2.0000000949949027e-05,2.0000000949949027e-05,0.0,0.0,0.0,True,False,False,False
2024-09-12,VOX.L,2.0000000949949027e-05,2.0000000949949027e-05,2.0000000949949027e-05,2.0000000949949027e-05,2.0000000949949027e-05,0.0,0.0,0.0,True,False,False,False
2024-09-13,VOX.L,2.0000000949949027e-05,2.0000000949949027e-05,2.0000000949949027e-05,2.0000000949949027e-05,2.0000000949949027e-05,0.0,0.0,0.0,True,False,False,False
2024-09-16,VOX.L,2.0000000949949027e-05,2.0000000949949027e-05,2.0000000949949027e-05,2.0000000949949027e-05,2.0000000949949027e-05,0.0,0.0,0.0,True,False,False,False
2024-09-17,VOX.L,2.0000000949949027e-05,2.0000000949949027e-05,2.0000000949949027e-05,2.0000000949949027e-05,2.0000000949949027e-05,0.0,0.0,0.0,True,False,False,False
2024-09-18,VOX.L,2.0000000949949027e-05,2.0000000949949027e-05,2.0000000949949027e-05,2.0000000949949027e-05,2.0000000949949027e-05,0.0,0.0,0.0,True,False,False,False
2024-09-19,VOX.L,2.0000000949949027e-05,2.0000000949949027e-05,2.0000000949949027e-05,2.0000000949949027e-05,2.0000000949949027e-05,0.0,0.0,0.0,True,False,False,False
2024-09-20,VOX.L,2.0000000949949027e-05,2.0000000949949027e-05,2.0000000949949027e-05,2.0000000949949027e-05,2.0000000949949027e-05,0.0,0.0,0.0,True,False,False,False
2024-09-23,VOX.L,2.0000000949949027e-05,2.0000000949949027e-05,2.0000000949949027e-05,2.0000000949949027e-05,2.0000000949949027e-05,0.0,0.0,0.0,True,False,False,False
2024-09-24,VOX.L,2.0000000949949027e-05,2.0000000949949027e-05,2.0000000949949027e-05,2.0000000949949027e-05,2.0000000949949027e-05,0.0,0.0,0.0,True,False,False,False
2024-09-25,VOX.L,2.0000000949949027e-05,2.0000000949949027e-05,2.0000000949949027e-05,2.0000000949949027e-05,2.0000000949949027e-05,0.0,0.0,0.0,True,False,False,False
2024-09-26,VOX.L,2.0000000949949027e-05,2.0000000949949027e-05,2.0000000949949027e-05,2.0000000949949027e-05,2.0000000949949027e-05,0.0,0.0,0.0,True,False,False,False
2024-09-27,VOX.L,2.0000000949949027e-05,2.0000000949949027e-05,2.0000000949949027e-05,2.0000000949949027e-05,2.0000000949949027e-05,0.0,0.0,0.0,True,False,False,False
2024-09-30,VOX.L,2.0000000949949027e-05,2.0000000949949027e-05,2.0000000949949027e-05,2.0000000949949027e-05,2.0000000949949027e-05,0.0,0.0,0.0,True,False,False,False
2024-10-01,VOX.L,2.0000000949949027e-05,2.0000000949949027e-05,2.0000000949949027e-05,2.0000000949949027e-05,2.0000000949949027e-05,0.0,0.0,0.0,True,False,False,False
2024-10-02,VOX.L,2.0000000949949027e-05,2.0000000949949027e-05,2.0000000949949027e-05,2.0000000949949027e-05,2.0000000949949027e-05,0.0,0.0,0.0,True,False,False,False
2024-10-03,VOX.L,2.0000000949949027e-05,2.0000000949949027e-05,2.0000000949949027e-05,2.0000000949949027e-05,2.0000000949949027e-05,0.0,0.0,0.0,True,False,False,False
2024-10-04,VOX.L,2.0000000949949027e-05,2.0000000949949027e-05,2.0000000949949027e-05,2.0000000949949027e-05,2.0000000949949027e-05,0.0,0.0,0.0,True,False,False,False
2024-10-07,VOX.L,2.0000000949949027e-05,2.0000000949949027e-05,2.0000000949949027e-05,2.0000000949949027e-05,2.0000000949949027e-05,0.0,0.0,0.0,True,False,False,False
2024-10-08,VOX.L,2.0000000949949027e-05,2.0000000949949027e-05,2.0000000949949027e-05,2.0000000949949027e-05,2.0000000949949027e-05,0.0,0.0,0.0,True,False,False,False
2024-10-09,VOX.L,2.0000000949949027e-05,2.0000000949949027e-05,2.0000000949949027e-05,2.0000000949949027e-05,2.0000000949949027e-05,0.0,0.0,0.0,True,False,False,False
2024-10-10,VOX.L,2.0000000949949027e-05,2.0000000949949027e-05,2.0000000949949027e-05,2.0000000949949027e-05,2.0000000949949027e-05,0.0,0.0,0.0,True,False,False,False
2024-10-11,VOX.L,2.0000000949949027e-05,2.0000000949949027e-05,2.0000000949949027e-05,2.0000000949949027e-05,2.0000000949949027e-05,0.0,0.0,0.0,True,False,False,False
2024-10-14,VOX.L,2.0000000949949027e-05,2.0000000949949027e-05,2.0000000949949027e-05,2.0000000949949027e-05,2.0000000949949027e-05,0.0,0.0,0.0,True,False,False,False
2024-10-15,VOX.L,2.0000000949949027e-05,2.0000000949949027e-05,2.0000000949949027e-05,2.0000000949949027e-05,2.0000000949949027e-05,0.0,0.0,0.0,True,False,False,False
2024-10-16,VOX.L,2.0000000949949027e-05,2.0000000949949027e-05,2.0000000949949027e-05,2.0000000949949027e-05,2.0000000949949027e-05,0.0,0.0,0.0,True,False,False,False
2024-10-17,VOX.L,2.0000000949949027e-05,2.0000000949949027e-05,2.0000000949949027e-05,2.0000000949949027e-05,2.0000000949949027e-05,0.0,0.0,0.0,True,False,False,False
2024-10-18,VOX.L,2.0000000949949027e-05,2.0000000949949027e-05,2.0000000949949027e-05,2.0000000949949027e-05,2.0000000949949027e-05,0.0,0.0,0.0,True,False,False,False
2024-10-21,VOX.L,2.0000000949949027e-05,2.0000000949949027e-05,2.0000000949949027e-05,2.0000000949949027e-05,2.0000000949949027e-05,0.0,0.0,0.0,True,False,False,False
2024-10-22,VOX.L,2.0000000949949027e-05,2.0000000949949027e-05,2.0000000949949027e-05,2.0000000949949027e-05,2.0000000949949027e-05,0.0,0.0,0.0,True,False,False,False
2024-10-23,VOX.L,2.0000000949949027e-05,2.0000000949949027e-05,2.0000000949949027e-05,2.0000000949949027e-05,2.0000000949949027e-05,0.0,0.0,0.0,True,False,False,False
2024-10-24,VOX.L,2.0000000949949027e-05,2.0000000949949027e-05,2.0000000949949027e-05,2.0000000949949027e-05,2.0000000949949027e-05,0.0,0.0,0.0,True,False,False,False
2024-10-25,VOX.L,2.0000000949949027e-05,2.0000000949949027e-05,2.0000000949949027e-05,2.0000000949949027e-05,2.0000000949949027e-05,0.0,0.0,0.0,True,False,False,False
2024-10-28,VOX.L,2.0000000949949027e-05,2.0000000949949027e-05,2.0000000949949027e-05,2.0000000949949027e-05,2.0000000949949027e-05,0.0,0.0,0.0,True,False,False,False
2024-10-29,VOX.L,2.0000000949949027e-05,2.0000000949949027e-05,2.0000000949949027e-05,2.0000000949949027e-05,2.0000000949949027e-05,0.0,0.0,0.0,True,False,False,False
2024-10-30,VOX.L,2.0000000949949027e-05,2.0000000949949027e-05,2.0000000949949027e-05,2.0000000949949027e-05,2.0000000949949027e-05,0.0,0.0,0.0,True,False,False,False
2024-10-31,VOX.L,2.0000000949949027e-05,2.0000000949949027e-05,2.0000000949949027e-05,2.0000000949949027e-05,2.0000000949949027e-05,0.0,0.0,0.0,True,False,False,False
2024-11-01,VOX.L,2.0000000949949027e-05,2.0000000949949027e-05,2.0000000949949027e-05,2.0000000949949027e-05,2.0000000949949027e-05,0.0,0.0,0.0,True,False,False,False
2024-11-04,VOX.L,2.0000000949949027e-05,2.0000000949949027e-05,2.0000000949949027e-05,2.0000000949949027e-05,2.0000000949949027e-05,0.0,0.0,0.0,True,False,False,False
2024-11-05,VOX.L,2.0000000949949027e-05,2.0000000949949027e-05,2.0000000949949027e-05,2.0000000949949027e-05,2.0000000949949027e-05,0.0,0.0,0.0,True,False,False,False
2024-11-06,VOX.L,2.0000000949949027e-05,2.0000000949949027e-05,2.0000000949949027e-05,2.0000000949949027e-05,2.0000000949949027e-05,0.0,0.0,0.0,True,False,False,False
2024-11-07,VOX.L,2.0000000949949027e-05,2.0000000949949027e-05,2.0000000949949027e-05,2.0000000949949027e-05,2.0000000949949027e-05,0.0,0.0,0.0,True,False,False,False
2024-11-08,VOX.L,2.0000000949949027e-05,2.0000000949949027e-05,2.0000000949949027e-05,2.0000000949949027e-05,2.0000000949949027e-05,0.0,0.0,0.0,True,False,False,False
2024-11-11,VOX.L,2.0000000949949027e-05,2.0000000949949027e-05,2.0000000949949027e-05,2.0000000949949027e-05,2.0000000949949027e-05,0.0,0.0,0.0,True,False,False,False
2024-11-12,VOX.L,2.0000000949949027e-05,2.0000000949949027e-05,2.0000000949949027e-05,2.0000000949949027e-05,2.0000000949949027e-05,0.0,0.0,0.0,True,False,False,False
2024-11-13,VOX.L,2.0000000949949027e-05,2.0000000949949027e-05,2.0000000949949027e-05,2.0000000949949027e-05,2.0000000949949027e-05,0.0,0.0,0.0,True,False,False,False
2024-11-14,VOX.L,2.0000000949949027e-05,2.0000000949949027e-05,2.0000000949949027e-05,2.0000000949949027e-05,2.0000000949949027e-05,0.0,0.0,0.0,True,False,False,False
2024-11-15,VOX.L,2.0000000949949027e-05,2.0000000949949027e-05,2.0000000949949027e-05,2.0000000949949027e-05,2.0000000949949027e-05,0.0,0.0,0.0,True,False,False,False
2024-11-18,VOX.L,2.0000000949949027e-05,2.0000000949949027e-05,2.0000000949949027e-05,2.0000000949949027e-05,2.0000000949949027e-05,0.0,0.0,0.0,True,False,False,False
2024-11-19,VOX.L,2.0000000949949027e-05,2.0000000949949027e-05,2.0000000949949027e-05,2.0000000949949027e-05,2.0000000949949027e-05,0.0,0.0,0.0,True,False,False,False
2024-11-20,VOX.L,2.0000000949949027e-05,2.0000000949949027e-05,2.0000000949949027e-05,2.0000000949949027e-05,2.0000000949949027e-05,0.0,0.0,0.0,True,False,False,False
2024-11-21,VOX.L,2.0000000949949027e-05,2.0000000949949027e-05,2.0000000949949027e-05,2.0000000949949027e-05,2.0000000949949027e-05,0.0,0.0,0.0,True,False,False,False
2024-11-22,VOX.L,2.0000000949949027e-05,2.0000000949949027e-05,2.0000000949949027e-05,2.0000000949949027e-05,2.0000000949949027e-05,0.0,0.0,0.0,True,False,False,False
2024-11-25,VOX.L,2.0000000949949027e-05,2.0000000949949027e-05,2.0000000949949027e-05,2.0000000949949027e-05,2.0000000949949027e-05,0.0,0.0,0.0,True,False,False,False
2024-11-26,VOX.L,2.0000000949949027e-05,2.0000000949949027e-05,2.0000000949949027e-05,2.0000000949949027e-05,2.0000000949949027e-05,0.0,0.0,0.0,True,False,False,False
2024-11-27,VOX.L,2.0000000949949027e-05,2.0000000949949027e-05,2.0000000949949027e-05,2.0000000949949027e-05,2.0000000949949027e-05,0.0,0.0,0.0,True,False,False,False
2024-11-28,VOX.L,2.0000000949949027e-05,2.0000000949949027e-05,2.0000000949949027e-05,2.0000000949949027e-05,2.0000000949949027e-05,0.0,0.0,0.0,True,False,False,False
2024-11-29,VOX.L,2.0000000949949027e-05,2.0000000949949027e-05,2.0000000949949027e-05,2.0000000949949027e-05,2.0000000949949027e-05,0.0,0.0,0.0,True,False,False,False
2024-12-02,VOX.L,2.0000000949949027e-05,2.0000000949949027e-05,2.0000000949949027e-05,2.0000000949949027e-05,2.0000000949949027e-05,0.0,0.0,0.0,True,False,False,False
2024-12-03,VOX.L,2.0000000949949027e-05,2.0000000949949027e-05,2.0000000949949027e-05,2.0000000949949027e-05,2.0000000949949027e-05,0.0,0.0,0.0,True,False,False,False
2024-12-04,VOX.L,2.0000000949949027e-05,2.0000000949949027e-05,2.0000000949949027e-05,2.0000000949949027e-05,2.0000000949949027e-05,0.0,0.0,0.0,True,False,False,False
2024-12-05,VOX.L,2.0000000949949027e-05,2.0000000949949027e-05,2.0000000949949027e-05,2.0000000949949027e-05,2.0000000949949027e-05,0.0,0.0,0.0,True,False,False,False
2024-12-06,VOX.L,2.0000000949949027e-05,2.0000000949949027e-05,2.0000000949949027e-05,2.0000000949949027e-05,2.0000000949949027e-05,0.0,0.0,0.0,True,False,False,False
2024-12-09,VOX.L,0.0020000000298023225,0.0020000000298023225,0.0020000000298023225,0.0020000000298023225,0.0020000000298023225,0.0,0.0,0.0,True,False,False,False
2024-12-10,VOX.L,0.0020000000298023225,0.0020000000298023225,0.0020000000298023225,0.0020000000298023225,0.0020000000298023225,0.0,0.0,0.0,True,False,False,False
2024-12-11,VOX.L,0.0020000000298023225,0.0020000000298023225,0.0020000000298023225,0.0020000000298023225,0.0020000000298023225,0.0,0.0,0.0,True,False,False,False
2024-12-12,VOX.L,0.0020000000298023225,0.0020000000298023225,0.0020000000298023225,0.0020000000298023225,0.0020000000298023225,0.0,0.0,0.0,True,False,False,False
2024-12-13,VOX.L,0.0020000000298023225,0.0020000000298023225,0.0020000000298023225,0.0020000000298023225,0.0020000000298023225,0.0,0.0,0.0,True,False,False,False
2024-12-16,VOX.L,0.0020000000298023225,0.0020000000298023225,0.0020000000298023225,0.0020000000298023225,0.0020000000298023225,0.0,0.0,0.0,True,False,False,False
2024-12-17,VOX.L,0.0020000000298023225,0.0020000000298023225,0.0020000000298023225,0.0020000000298023225,0.0020000000298023225,0.0,0.0,0.0,True,False,False,False
2024-12-18,VOX.L,0.0020000000298023225,0.0010000000149011613,0.0010000000149011613,0.0020000000298023225,0.0020000000298023225,58892.0,0.0,0.0,True,False,False,False
2024-12-19,VOX.L,0.0020000000298023225,0.0019599999487400054,0.0019599999487400054,0.0020000000298023225,0.0020000000298023225,25000.0,0.0,0.0,True,False,False,False
2024-12-20,VOX.L,0.0020000000298023225,0.0020000000298023225,0.0020000000298023225,0.0020000000298023225,0.0020000000298023225,0.0,0.0,0.0,True,False,False,False
2024-12-23,VOX.L,0.0020000000298023225,0.0019599999487400054,0.0019599999487400054,0.0020000000298023225,0.0020000000298023225,25000.0,0.0,0.0,True,False,False,False
2024-12-24,VOX.L,2.0000000949949027e-05,2.0000000949949027e-05,2.0000000949949027e-05,2.0000000949949027e-05,2.0000000949949027e-05,0.0,0.0,0.0,True,False,False,False
2024-12-27,VOX.L,0.0020000000298023225,0.0020000000298023225,0.0020000000298023225,0.0020000000298023225,0.0020000000298023225,0.0,0.0,0.0,True,False,False,False
2024-12-30,VOX.L,0.0020000000298023225,0.0020000000298023225,0.0020000000298023225,0.0020000000298023225,0.0020000000298023225,0.0,0.0,0.0,True,False,False,False
2024-12-31,VOX.L,2.0000000949949027e-05,2.0000000949949027e-05,2.0000000949949027e-05,2.0000000949949027e-05,2.0000000949949027e-05,0.0,0.0,0.0,True,False,False,False
2025-01-02,VOX.L,0.0020000000298023225,0.002199999988079071,0.0010000000149011613,0.002199999988079071,0.002199999988079071,41772331.0,0.0,0.0,True,False,False,False
2025-01-03,VOX.L,0.0020000000298023225,0.0023999999463558195,0.0023999999463558195,0.0020000000298023225,0.0020000000298023225,15000.0,0.0,0.0,True,False,False,False
2025-01-06,VOX.L,0.0020000000298023225,0.0020000000298023225,0.0020000000298023225,0.0020000000298023225,0.0020000000298023225,0.0,0.0,0.0,True,False,False,False
2025-01-07,VOX.L,0.0020000000298023225,0.0020000000298023225,0.0020000000298023225,0.0020000000298023225,0.0020000000298023225,0.0,0.0,0.0,True,False,False,False
2025-01-08,VOX.L,0.0020000000298023225,0.0020000000298023225,0.0020000000298023225,0.0020000000298023225,0.0020000000298023225,0.0,0.0,0.0,True,False,False,False
2025-01-09,VOX.L,0.0020000000298023225,0.002199999988079071,0.002199999988079071,0.002199999988079071,0.002199999988079071,11000.0,0.0,0.0,True,False,False,False
2025-01-10,VOX.L,0.002199999988079071,0.002199999988079071,0.002199999988079071,0.002199999988079071,0.002199999988079071,0.0,0.0,0.0,True,False,False,False
2025-01-13,VOX.L,2.0000000949949027e-05,2.0000000949949027e-05,2.0000000949949027e-05,2.0000000949949027e-05,2.0000000949949027e-05,0.0,0.0,0.0,True,False,False,False
2025-01-14,VOX.L,2.0000000949949027e-05,2.0000000949949027e-05,2.0000000949949027e-05,2.0000000949949027e-05,2.0000000949949027e-05,0.0,0.0,0.0,True,False,False,False
2025-01-15,VOX.L,2.0000000949949027e-05,2.0000000949949027e-05,2.0000000949949027e-05,2.0000000949949027e-05,2.0000000949949027e-05,0.0,0.0,0.0,True,False,False,False
2025-01-16,VOX.L,2.0000000949949027e-05,2.0000000949949027e-05,2.0000000949949027e-05,2.0000000949949027e-05,2.0000000949949027e-05,0.0,0.0,0.0,True,False,False,False
2025-01-17,VOX.L,2.0000000949949027e-05,2.0000000949949027e-05,2.0000000949949027e-05,2.0000000949949027e-05,2.0000000949949027e-05,0.0,0.0,0.0,True,False,False,False
2025-01-20,VOX.L,2.0000000949949027e-05,2.0000000949949027e-05,2.0000000949949027e-05,2.0000000949949027e-05,2.0000000949949027e-05,0.0,0.0,0.0,True,False,False,False
2025-01-21,VOX.L,2.0000000949949027e-05,2.0000000949949027e-05,2.0000000949949027e-05,2.0000000949949027e-05,2.0000000949949027e-05,0.0,0.0,0.0,True,False,False,False
2025-01-22,VOX.L,2.0000000949949027e-05,2.0000000949949027e-05,2.0000000949949027e-05,2.0000000949949027e-05,2.0000000949949027e-05,0.0,0.0,0.0,True,False,False,False
2025-01-23,VOX.L,2.0000000949949027e-05,2.0000000949949027e-05,2.0000000949949027e-05,2.0000000949949027e-05,2.0000000949949027e-05,0.0,0.0,0.0,True,False,False,False
2025-01-24,VOX.L,2.0000000949949027e-05,2.0000000949949027e-05,2.0000000949949027e-05,2.0000000949949027e-05,2.0000000949949027e-05,0.0,0.0,0.0,True,False,False,False
2025-01-27,VOX.L,2.0000000949949027e-05,2.0000000949949027e-05,2.0000000949949027e-05,2.0000000949949027e-05,2.0000000949949027e-05,0.0,0.0,0.0,True,False,False,False
2025-01-28,VOX.L,2.0000000949949027e-05,2.0000000949949027e-05,2.0000000949949027e-05,2.0000000949949027e-05,2.0000000949949027e-05,0.0,0.0,0.0,True,False,False,False
2025-01-29,VOX.L,2.0000000949949027e-05,2.0000000949949027e-05,2.0000000949949027e-05,2.0000000949949027e-05,2.0000000949949027e-05,0.0,0.0,0.0,True,False,False,False
2025-01-30,VOX.L,2.0000000949949027e-05,2.0000000949949027e-05,2.0000000949949027e-05,2.0000000949949027e-05,2.0000000949949027e-05,0.0,0.0,0.0,True,False,False,False
2025-01-31,VOX.L,2.0000000949949027e-05,2.0000000949949027e-05,2.0000000949949027e-05,2.0000000949949027e-05,2.0000000949949027e-05,0.0,0.0,0.0,True,False,False,False
2025-02-03,VOX.L,2.0000000949949027e-05,2.0000000949949027e-05,2.0000000949949027e-05,2.0000000949949027e-05,2.0000000949949027e-05,0.0,0.0,0.0,True,False,False,False
2025-02-04,VOX.L,2.0000000949949027e-05,2.0000000949949027e-05,2.0000000949949027e-05,2.0000000949949027e-05,2.0000000949949027e-05,0.0,0.0,0.0,True,False,False,False
2025-02-05,VOX.L,2.0000000949949027e-05,2.0000000949949027e-05,2.0000000949949027e-05,2.0000000949949027e-05,2.0000000949949027e-05,0.0,0.0,0.0,True,False,False,False
2025-02-06,VOX.L,2.0000000949949027e-05,2.0000000949949027e-05,2.0000000949949027e-05,2.0000000949949027e-05,2.0000000949949027e-05,0.0,0.0,0.0,True,False,False,False
2025-02-07,VOX.L,2.0000000949949027e-05,2.0000000949949027e-05,2.0000000949949027e-05,2.0000000949949027e-05,2.0000000949949027e-05,0.0,0.0,0.0,True,False,False,False
2025-02-10,VOX.L,2.0000000949949027e-05,2.0000000949949027e-05,2.0000000949949027e-05,2.0000000949949027e-05,2.0000000949949027e-05,0.0,0.0,0.0,True,False,False,False
2025-02-11,VOX.L,2.0000000949949027e-05,2.0000000949949027e-05,2.0000000949949027e-05,2.0000000949949027e-05,2.0000000949949027e-05,0.0,0.0,0.0,True,False,False,False
2025-02-12,VOX.L,2.0000000949949027e-05,2.0000000949949027e-05,2.0000000949949027e-05,2.0000000949949027e-05,2.0000000949949027e-05,0.0,0.0,0.0,True,False,False,False
2025-02-13,VOX.L,2.0000000949949027e-05,2.0000000949949027e-05,2.0000000949949027e-05,2.0000000949949027e-05,2.0000000949949027e-05,0.0,0.0,0.0,True,False,False,False
2025-02-14,VOX.L,2.0000000949949027e-05,2.0000000949949027e-05,2.0000000949949027e-05,2.0000000949949027e-05,2.0000000949949027e-05,0.0,0.0,0.0,True,False,False,False
2025-02-17,VOX.L,2.0000000949949027e-05,2.0000000949949027e-05,2.0000000949949027e-05,2.0000000949949027e-05,2.0000000949949027e-05,0.0,0.0,0.0,True,False,False,False
2025-02-18,VOX.L,2.0000000949949027e-05,2.0000000949949027e-05,2.0000000949949027e-05,2.0000000949949027e-05,2.0000000949949027e-05,0.0,0.0,0.0,True,False,False,False
2025-02-19,VOX.L,2.0000000949949027e-05,2.0000000949949027e-05,2.0000000949949027e-05,2.0000000949949027e-05,2.0000000949949027e-05,0.0,0.0,0.0,True,False,False,False
2025-02-20,VOX.L,2.0000000949949027e-05,2.0000000949949027e-05,2.0000000949949027e-05,2.0000000949949027e-05,2.0000000949949027e-05,0.0,0.0,0.0,True,False,False,False
2025-02-21,VOX.L,2.0000000949949027e-05,2.0000000949949027e-05,2.0000000949949027e-05,2.0000000949949027e-05,2.0000000949949027e-05,0.0,0.0,0.0,True,False,False,False
2025-02-24,VOX.L,2.0000000949949027e-05,2.0000000949949027e-05,2.0000000949949027e-05,2.0000000949949027e-05,2.0000000949949027e-05,0.0,0.0,0.0,True,False,False,False
2025-02-25,VOX.L,2.0000000949949027e-05,2.0000000949949027e-05,2.0000000949949027e-05,2.0000000949949027e-05,2.0000000949949027e-05,0.0,0.0,0.0,True,False,False,False
2025-02-26,VOX.L,2.0000000949949027e-05,2.0000000949949027e-05,2.0000000949949027e-05,2.0000000949949027e-05,2.0000000949949027e-05,0.0,0.0,0.0,True,False,False,False
2025-02-27,VOX.L,2.0000000949949027e-05,2.0000000949949027e-05,2.0000000949949027e-05,2.0000000949949027e-05,2.0000000949949027e-05,0.0,0.0,0.0,True,False,False,False
2025-02-28,VOX.L,2.0000000949949027e-05,2.0000000949949027e-05,2.0000000949949027e-05,2.0000000949949027e-05,2.0000000949949027e-05,0.0,0.0,0.0,True,False,False,False
2025-03-03,VOX.L,2.0000000949949027e-05,2.0000000949949027e-05,2.0000000949949027e-05,2.0000000949949027e-05,2.0000000949949027e-05,0.0,0.0,0.0,True,False,False,False
2025-03-04,VOX.L,2.0000000949949027e-05,2.0000000949949027e-05,2.0000000949949027e-05,2.0000000949949027e-05,2.0000000949949027e-05,0.0,0.0,0.0,True,False,False,False
2025-03-05,VOX.L,2.0000000949949027e-05,2.0000000949949027e-05,2.0000000949949027e-05,2.0000000949949027e-05,2.0000000949949027e-05,0.0,0.0,0.0,True,False,False,False
2025-03-06,VOX.L,2.0000000949949027e-05,2.0000000949949027e-05,2.0000000949949027e-05,2.0000000949949027e-05,2.0000000949949027e-05,0.0,0.0,0.0,True,False,False,False
2025-03-07,VOX.L,2.0000000949949027e-05,2.0000000949949027e-05,2.0000000949949027e-05,2.0000000949949027e-05,2.0000000949949027e-05,0.0,0.0,0.0,True,False,False,False
2025-03-10,VOX.L,2.0000000949949027e-05,2.0000000949949027e-05,2.0000000949949027e-05,2.0000000949949027e-05,2.0000000949949027e-05,0.0,0.0,0.0,True,False,False,False
2025-03-11,VOX.L,2.0000000949949027e-05,2.0000000949949027e-05,2.0000000949949027e-05,2.0000000949949027e-05,2.0000000949949027e-05,0.0,0.0,0.0,True,False,False,False
2025-03-12,VOX.L,0.0020000000298023225,0.0020000000298023225,0.0020000000298023225,0.0020000000298023225,0.0020000000298023225,0.0,0.0,0.0,True,False,False,False
2025-03-13,VOX.L,0.0020000000298023225,0.0020000000298023225,0.0020000000298023225,0.0020000000298023225,0.0020000000298023225,0.0,0.0,0.0,True,False,False,False
2025-03-14,VOX.L,0.0020000000298023225,0.0020000000298023225,0.0020000000298023225,0.0020000000298023225,0.0020000000298023225,0.0,0.0,0.0,True,False,False,False
2025-03-17,VOX.L,0.0020000000298023225,0.0020000000298023225,0.0020000000298023225,0.0020000000298023225,0.0020000000298023225,0.0,0.0,0.0,True,False,False,False
2025-03-18,VOX.L,0.0020000000298023225,0.0020000000298023225,0.0020000000298023225,0.0020000000298023225,0.0020000000298023225,0.0,0.0,0.0,True,False,False,False
2025-03-19,VOX.L,0.0020000000298023225,0.0020000000298023225,0.0020000000298023225,0.0020000000298023225,0.0020000000298023225,0.0,0.0,0.0,True,False,False,False
2025-03-20,VOX.L,0.0020000000298023225,0.0010000000149011613,0.0010000000149011613,0.0020000000298023225,0.0020000000298023225,159325.0,0.0,0.0,True,False,False,False
2025-03-21,VOX.L,0.0020000000298023225,0.0020000000298023225,0.0020000000298023225,0.0020000000298023225,0.0020000000298023225,0.0,0.0,0.0,True,False,False,False
2025-03-24,VOX.L,0.0020000000298023225,0.0020000000298023225,0.0020000000298023225,0.0020000000298023225,0.0020000000298023225,0.0,0.0,0.0,True,False,False,False
2025-03-25,VOX.L,0.0015000000596046448,0.0015000000596046448,0.0015000000596046448,0.0015000000596046448,0.0015000000596046448,0.0,0.0,0.0,True,False,False,False
2025-03-26,VOX.L,0.0015000000596046448,0.0015000000596046448,0.0015000000596046448,0.0015000000596046448,0.0015000000596046448,0.0,0.0,0.0,True,False,False,False
2025-03-27,VOX.L,0.0015000000596046448,0.0016500000655651093,0.0016500000655651093,0.0015000000596046448,0.0015000000596046448,100000.0,0.0,0.0,True,False,False,False
2025-03-28,VOX.L,0.0015000000596046448,0.0015000000596046448,0.0015000000596046448,0.0015000000596046448,0.0015000000596046448,0.0,0.0,0.0,True,False,False,False
2025-03-31,VOX.L,0.0015000000596046448,0.0015000000596046448,0.0015000000596046448,0.0015000000596046448,0.0015000000596046448,0.0,0.0,0.0,True,False,False,False
2025-04-01,VOX.L,0.0015000000596046448,0.0015000000596046448,0.0015000000596046448,0.0015000000596046448,0.0015000000596046448,0.0,0.0,0.0,True,False,False,False
2025-04-02,VOX.L,0.0015000000596046448,0.0015000000596046448,0.0015000000596046448,0.0015000000596046448,0.0015000000596046448,0.0,0.0,0.0,True,False,False,False
2025-04-03,VOX.L,0.0015000000596046448,0.0015000000596046448,0.0015000000596046448,0.0015000000596046448,0.0015000000596046448,0.0,0.0,0.0,True,False,False,False
2025-04-04,VOX.L,0.0015000000596046448,0.0015000000596046448,0.0015000000596046448,0.0015000000596046448,0.0015000000596046448,0.0,0.0,0.0,True,False,False,False
2025-04-07,VOX.L,1.5000000130385161e-05,1.5000000130385161e-05,1.5000000130385161e-05,1.5000000130385161e-05,1.5000000130385161e-05,0.0,0.0,0.0,True,False,False,False
2025-04-08,VOX.L,1.5000000130385161e-05,1.5000000130385161e-05,1.5000000130385161e-05,1.5000000130385161e-05,1.5000000130385161e-05,0.0,0.0,0.0,True,False,False,False
2025-04-09,VOX.L,1.5000000130385161e-05,1.5000000130385161e-05,1.5000000130385161e-05,1.5000000130385161e-05,1.5000000130385161e-05,0.0,0.0,0.0,True,False,False,False
2025-04-10,VOX.L,1.5000000130385161e-05,1.5000000130385161e-05,1.5000000130385161e-05,1.5000000130385161e-05,1.5000000130385161e-05,0.0,0.0,0.0,True,False,False,False
2025-04-11,VOX.L,1.5000000130385161e-05,1.5000000130385161e-05,1.5000000130385161e-05,1.5000000130385161e-05,1.5000000130385161e-05,0.0,0.0,0.0,True,False,False,False
2025-04-14,VOX.L,1.5000000130385161e-05,1.5000000130385161e-05,1.5000000130385161e-05,1.5000000130385161e-05,1.5000000130385161e-05,0.0,0.0,0.0,True,False,False,False
2025-04-15,VOX.L,1.5000000130385161e-05,1.5000000130385161e-05,1.5000000130385161e-05,1.5000000130385161e-05,1.5000000130385161e-05,0.0,0.0,0.0,True,False,False,False
2025-04-16,VOX.L,1.5000000130385161e-05,1.5000000130385161e-05,1.5000000130385161e-05,1.5000000130385161e-05,1.5000000130385161e-05,0.0,0.0,0.0,True,False,False,False
2025-04-17,VOX.L,1.5000000130385161e-05,1.5000000130385161e-05,1.5000000130385161e-05,1.5000000130385161e-05,1.5000000130385161e-05,0.0,0.0,0.0,True,False,False,False
2025-04-22,VOX.L,1.5000000130385161e-05,1.5000000130385161e-05,1.5000000130385161e-05,1.5000000130385161e-05,1.5000000130385161e-05,0.0,0.0,0.0,True,False,False,False
2025-04-23,VOX.L,1.5000000130385161e-05,1.5000000130385161e-05,1.5000000130385161e-05,1.5000000130385161e-05,1.5000000130385161e-05,0.0,0.0,0.0,True,False,False,False
2025-04-24,VOX.L,1.5000000130385161e-05,1.5000000130385161e-05,1.5000000130385161e-05,1.5000000130385161e-05,1.5000000130385161e-05,0.0,0.0,0.0,True,False,False,False
2025-04-25,VOX.L,1.5000000130385161e-05,1.5000000130385161e-05,1.5000000130385161e-05,1.5000000130385161e-05,1.5000000130385161e-05,0.0,0.0,0.0,True,False,False,False
2025-04-28,VOX.L,0.0015000000596046448,0.0015000000596046448,0.0015000000596046448,0.0015000000596046448,0.0015000000596046448,0.0,0.0,0.0,True,False,False,False
2025-04-29,VOX.L,0.0015000000596046448,0.0015000000596046448,0.0015000000596046448,0.0015000000596046448,0.0015000000596046448,0.0,0.0,0.0,True,False,False,False
2025-04-30,VOX.L,0.0015000000596046448,0.0015000000596046448,0.0015000000596046448,0.0015000000596046448,0.0015000000596046448,0.0,0.0,0.0,True,False,False,False
2025-05-01,VOX.L,0.0015000000596046448,0.0015000000596046448,0.0015000000596046448,0.0015000000596046448,0.0015000000596046448,0.0,0.0,0.0,True,False,False,False
2025-05-02,VOX.L,0.0015000000596046448,0.0015000000596046448,0.0015000000596046448,0.0015000000596046448,0.0015000000596046448,0.0,0.0,0.0,True,False,False,False
2025-05-06,VOX.L,0.0015000000596046448,0.0016500000655651093,0.0016500000655651093,0.0015000000596046448,0.0015000000596046448,1259.0,0.0,0.0,True,False,False,False
2025-05-07,VOX.L,0.0015000000596046448,0.0015000000596046448,0.0015000000596046448,0.0015000000596046448,0.0015000000596046448,0.0,0.0,0.0,True,False,False,False
2025-05-08,VOX.L,1.5000000130385161e-05,1.5000000130385161e-05,1.5000000130385161e-05,1.5000000130385161e-05,1.5000000130385161e-05,0.0,0.0,0.0,True,False,False,False
2025-05-09,VOX.L,1.5000000130385161e-05,1.5000000130385161e-05,1.5000000130385161e-05,1.5000000130385161e-05,1.5000000130385161e-05,0.0,0.0,0.0,True,False,False,False
2025-05-12,VOX.L,0.0015000000596046448,0.0015000000596046448,0.0015000000596046448,0.0015000000596046448,0.0015000000596046448,0.0,0.0,0.0,True,False,False,False
2025-05-13,VOX.L,0.0015000000596046448,0.0015000000596046448,0.0015000000596046448,0.0015000000596046448,0.0015000000596046448,0.0,0.0,0.0,True,False,False,False
2025-05-14,VOX.L,0.0015000000596046448,0.0015000000596046448,0.0015000000596046448,0.0015000000596046448,0.0015000000596046448,0.0,0.0,0.0,True,False,False,False
2025-05-15,VOX.L,0.0015000000596046448,0.0015000000596046448,0.0015000000596046448,0.0015000000596046448,0.0015000000596046448,0.0,0.0,0.0,True,False,False,False
2025-05-16,VOX.L,0.0015000000596046448,0.0015000000596046448,0.0015000000596046448,0.0015000000596046448,0.0015000000596046448,0.0,0.0,0.0,True,False,False,False
2025-05-19,VOX.L,0.0015000000596046448,0.0015000000596046448,0.0015000000596046448,0.0015000000596046448,0.0015000000596046448,0.0,0.0,0.0,True,False,False,False
2025-05-20,VOX.L,0.0015000000596046448,0.0015000000596046448,0.0015000000596046448,0.0015000000596046448,0.0015000000596046448,0.0,0.0,0.0,True,False,False,False
2025-05-21,VOX.L,0.0015000000596046448,0.0010000000149011613,0.0010000000149011613,0.0015000000596046448,0.0015000000596046448,10000.0,0.0,0.0,True,False,False,False
2025-05-22,VOX.L,0.0015000000596046448,0.0015000000596046448,0.0015000000596046448,0.0015000000596046448,0.0015000000596046448,0.0,0.0,0.0,True,False,False,False
2025-05-23,VOX.L,0.0015000000596046448,0.0015000000596046448,0.0015000000596046448,0.0015000000596046448,0.0015000000596046448,0.0,0.0,0.0,True,False,False,False
2025-05-27,VOX.L,0.0015000000596046448,0.0016500000655651093,0.0016500000655651093,0.0015000000596046448,0.0015000000596046448,147145.0,0.0,0.0,True,False,False,False
2025-05-28,VOX.L,0.0015000000596046448,0.0015000000596046448,0.0015000000596046448,0.0015000000596046448,0.0015000000596046448,0.0,0.0,0.0,True,False,False,False
2025-05-29,VOX.L,0.0015000000596046448,0.0015000000596046448,0.0015000000596046448,0.0015000000596046448,0.0015000000596046448,0.0,0.0,0.0,True,False,False,False
2025-05-30,VOX.L,0.0015000000596046448,0.0015000000596046448,0.0015000000596046448,0.0015000000596046448,0.0015000000596046448,0.0,0.0,0.0,True,False,False,False
2025-06-02,VOX.L,0.0015000000596046448,0.0015000000596046448,0.0015000000596046448,0.0015000000596046448,0.0015000000596046448,0.0,0.0,0.0,True,False,False,False
2025-06-03,VOX.L,0.0015000000596046448,0.0015000000596046448,0.0015000000596046448,0.0015000000596046448,0.0015000000596046448,0.0,0.0,0.0,True,False,False,False
2025-06-04,VOX.L,0.0015000000596046448,0.0016500000655651093,0.0016500000655651093,0.0015000000596046448,0.0015000000596046448,606.0,0.0,0.0,True,False,False,False
2025-06-05,VOX.L,0.0015000000596046448,0.0016500000655651093,0.0010000000149011613,0.0015000000596046448,0.0015000000596046448,170178.0,0.0,0.0,True,False,False,False
2025-06-06,VOX.L,0.0015000000596046448,0.001599999964237213,0.001599999964237213,0.0015000000596046448,0.0015000000596046448,3.0,0.0,0.0,True,False,False,False
2025-06-09,VOX.L,0.0015000000596046448,0.001599999964237213,0.001599999964237213,0.0015000000596046448,0.0015000000596046448,125000.0,0.0,0.0,True,False,False,False
2025-06-10,VOX.L,0.0015000000596046448,0.0015000000596046448,0.0015000000596046448,0.0015000000596046448,0.0015000000596046448,0.0,0.0,0.0,True,False,False,False
2025-06-11,VOX.L,1.5000000130385161e-05,1.5000000130385161e-05,1.5000000130385161e-05,1.5000000130385161e-05,1.5000000130385161e-05,0.0,0.0,0.0,True,False,False,False
2025-06-12,VOX.L,1.5000000130385161e-05,1.5000000130385161e-05,1.5000000130385161e-05,1.5000000130385161e-05,1.5000000130385161e-05,0.0,0.0,0.0,True,False,False,False
2025-06-13,VOX.L,1.5000000130385161e-05,1.5000000130385161e-05,1.5000000130385161e-05,1.5000000130385161e-05,1.5000000130385161e-05,0.0,0.0,0.0,True,False,False,False
2025-06-16,VOX.L,1.5000000130385161e-05,1.5000000130385161e-05,1.5000000130385161e-05,1.5000000130385161e-05,1.5000000130385161e-05,0.0,0.0,0.0,True,False,False,False
2025-06-17,VOX.L,1.5000000130385161e-05,1.5000000130385161e-05,1.5000000130385161e-05,1.5000000130385161e-05,1.5000000130385161e-05,0.0,0.0,0.0,True,False,False,False
2025-06-18,VOX.L,0.0015000000596046448,0.0015800000727176665,0.0015800000727176665,0.0015000000596046448,0.0015000000596046448,100000.0,0.0,0.0,True,False,False,False
2025-06-19,VOX.L,0.0015000000596046448,0.0015000000596046448,0.0015000000596046448,0.0015000000596046448,0.0015000000596046448,0.0,0.0,0.0,True,False,False,False
2025-06-20,VOX.L,0.0015000000596046448,0.0015000000596046448,0.0015000000596046448,0.0015000000596046448,0.0015000000596046448,0.0,0.0,0.0,True,False,False,False
2025-06-23,VOX.L,0.0015000000596046448,0.0015800000727176665,0.0010000000149011613,0.0017499999701976775,0.0017499999701976775,158750.0,0.0,0.0,True,False,False,False
2025-06-24,VOX.L,0.0017499999701976775,0.0018500000238418578,0.0018500000238418578,0.0017499999701976775,0.0017499999701976775,4000.0,0.0,0.0,True,False,False,False
2025-06-25,VOX.L,0.0017499999701976775,0.0017499999701976775,0.0017499999701976775,0.0017499999701976775,0.0017499999701976775,0.0,0.0,0.0,True,False,False,False
2025-06-26,VOX.L,1.750000054016709e-05,1.750000054016709e-05,1.750000054016709e-05,1.750000054016709e-05,1.750000054016709e-05,0.0,0.0,0.0,True,False,False,False
2025-06-27,VOX.L,1.750000054016709e-05,1.750000054016709e-05,1.750000054016709e-05,1.750000054016709e-05,1.750000054016709e-05,0.0,0.0,0.0,True,False,False,False
2025-06-30,VOX.L,1.750000054016709e-05,1.750000054016709e-05,1.750000054016709e-05,1.750000054016709e-05,1.750000054016709e-05,0.0,0.0,0.0,True,False,False,False
2025-07-01,VOX.L,1.750000054016709e-05,1.750000054016709e-05,1.750000054016709e-05,1.750000054016709e-05,1.750000054016709e-05,0.0,0.0,0.0,True,False,False,False
2025-07-02,VOX.L,1.750000054016709e-05,1.750000054016709e-05,1.750000054016709e-05,1.750000054016709e-05,1.750000054016709e-05,0.0,0.0,0.0,True,False,False,False
2025-07-03,VOX.L,1.750000054016709e-05,1.750000054016709e-05,1.750000054016709e-05,1.750000054016709e-05,1.750000054016709e-05,0.0,0.0,0.0,True,False,False,False
2025-07-04,VOX.L,1.750000054016709e-05,1.750000054016709e-05,1.750000054016709e-05,1.750000054016709e-05,1.750000054016709e-05,0.0,0.0,0.0,True,False,False,False
2025-07-07,VOX.L,1.750000054016709e-05,1.750000054016709e-05,1.750000054016709e-05,1.750000054016709e-05,1.750000054016709e-05,0.0,0.0,0.0,True,False,False,False
2025-07-08,VOX.L,1.750000054016709e-05,1.750000054016709e-05,1.750000054016709e-05,1.750000054016709e-05,1.750000054016709e-05,0.0,0.0,0.0,True,False,False,False
2025-07-09,VOX.L,0.0017499999701976775,0.0017499999701976775,0.0017499999701976775,0.0017499999701976775,0.0017499999701976775,0.0,0.0,0.0,True,False,False,False
2025-07-10,VOX.L,0.0017499999701976775,0.0017499999701976775,0.0017499999701976775,0.0017499999701976775,0.0017499999701976775,0.0,0.0,0.0,True,False,False,False
2025-07-11,VOX.L,0.0017499999701976775,0.0017499999701976775,0.0017499999701976775,0.0017499999701976775,0.0017499999701976775,0.0,0.0,0.0,True,False,False,False
2025-07-14,VOX.L,0.0017499999701976775,0.0017499999701976775,0.0017499999701976775,0.0017499999701976775,0.0017499999701976775,0.0,0.0,0.0,True,False,False,False
2025-07-15,VOX.L,0.0017499999701976775,0.0017499999701976775,0.0017499999701976775,0.0017499999701976775,0.0017499999701976775,0.0,0.0,0.0,True,False,False,False
2025-07-16,VOX.L,0.0017499999701976775,0.0017499999701976775,0.0017499999701976775,0.0017499999701976775,0.0017499999701976775,0.0,0.0,0.0,True,False,False,False
2025-07-17,VOX.L,0.0017499999701976775,0.0017499999701976775,0.0017499999701976775,0.0017499999701976775,0.0017499999701976775,0.0,0.0,0.0,True,False,False,False
2025-07-18,VOX.L,0.0017499999701976775,0.0018500000238418578,0.0018500000238418578,0.0017499999701976775,0.0017499999701976775,100000.0,0.0,0.0,True,False,False,False
2025-07-21,VOX.L,0.0017499999701976775,0.0017499999701976775,0.0017499999701976775,0.0017499999701976775,0.0017499999701976775,0.0,0.0,0.0,True,False,False,False
2025-07-22,VOX.L,0.0017499999701976775,0.0017499999701976775,0.0017499999701976775,0.0017499999701976775,0.0017499999701976775,0.0,0.0,0.0,True,False,False,False
2025-07-23,VOX.L,0.0017499999701976775,0.0019200000166893006,0.0010000000149011613,0.0017499999701976775,0.0017499999701976775,200561.0,0.0,0.0,True,False,False,False
2025-07-24,VOX.L,0.0017499999701976775,0.0019200000166893006,0.0019200000166893006,0.0019200000166893006,0.0019200000166893006,240000.0,0.0,0.0,True,False,False,False
2025-07-25,VOX.L,0.0019200000166893006,0.0019200000166893006,0.0019200000166893006,0.0019200000166893006,0.0019200000166893006,0.0,0.0,0.0,True,False,False,False
2025-07-28,VOX.L,0.0017499999701976775,0.0017499999701976775,0.0017499999701976775,0.0017499999701976775,0.0017499999701976775,0.0,0.0,0.0,True,False,False,False
2025-07-29,VOX.L,0.0017499999701976775,0.0017499999701976775,0.0017499999701976775,0.0017499999701976775,0.0017499999701976775,0.0,0.0,0.0,True,False,False,False
2025-07-30,VOX.L,0.0017499999701976775,0.0010000000149011613,0.0010000000149011613,0.0017499999701976775,0.0017499999701976775,500.0,0.0,0.0,True,False,False,False
2025-07-31,SPDI.L,0.0005000000074505806,0.0005000000074505806,0.0005000000074505806,0.0005000000074505806,0.0005000000074505806,0.0,0.0,0.0,True,False,False,False
2025-07-31,VOX.L,0.0017499999701976775,0.0017499999701976775,0.0017499999701976775,0.0017499999701976775,0.0017499999701976775,0.0,0.0,0.0,True,False,False,False
2025-08-01,SPDI.L,0.0005000000074505806,0.0005000000074505806,0.0005000000074505806,0.0005000000074505806,0.0005000000074505806,0.0,0.0,0.0,True,False,False,False
2025-08-01,VOX.L,1.750000054016709e-05,1.750000054016709e-05,1.750000054016709e-05,1.750000054016709e-05,1.750000054016709e-05,0.0,0.0,0.0,True,False,False,False
2025-08-04,SPDI.L,0.0005000000074505806,0.0005000000074505806,0.0005000000074505806,0.0005000000074505806,0.0005000000074505806,0.0,0.0,0.0,True,False,False,False
2025-08-04,VOX.L,0.0017499999701976775,0.0017499999701976775,0.0017499999701976775,0.0017499999701976775,0.0017499999701976775,0.0,0.0,0.0,True,False,False,False
2025-08-05,SPDI.L,0.0005000000074505806,0.0005000000074505806,0.0005000000074505806,0.0005000000074505806,0.0005000000074505806,0.0,0.0,0.0,True,False,False,False
2025-08-05,VOX.L,0.0017499999701976775,0.0017499999701976775,0.0017499999701976775,0.0017499999701976775,0.0017499999701976775,0.0,0.0,0.0,True,False,False,False
2025-08-06,SPDI.L,0.0005000000074505806,0.0005000000074505806,0.0005000000074505806,0.0005000000074505806,0.0005000000074505806,0.0,0.0,0.0,True,False,False,False
2025-08-06,VOX.L,0.0017499999701976775,0.0017499999701976775,0.0017499999701976775,0.0017499999701976775,0.0017499999701976775,0.0,0.0,0.0,True,False,False,False
2025-08-07,SPDI.L,0.0005000000074505806,0.0005000000074505806,0.0005000000074505806,0.0005000000074505806,0.0005000000074505806,0.0,0.0,0.0,True,False,False,False
2025-08-07,VOX.L,0.0017499999701976775,0.0017499999701976775,0.0017499999701976775,0.0017499999701976775,0.0017499999701976775,0.0,0.0,0.0,True,False,False,False
2025-08-08,SPDI.L,0.0005000000074505806,0.0005000000074505806,0.0005000000074505806,0.0005000000074505806,0.0005000000074505806,0.0,0.0,0.0,True,False,False,False
2025-08-08,VOX.L,0.0017499999701976775,0.0017499999701976775,0.0017499999701976775,0.0017499999701976775,0.0017499999701976775,0.0,0.0,0.0,True,False,False,False
2025-08-11,SPDI.L,0.0005000000074505806,0.0005000000074505806,0.0005000000074505806,0.0005000000074505806,0.0005000000074505806,0.0,0.0,0.0,True,False,False,False
2025-08-11,VOX.L,0.0017499999701976775,0.0017499999701976775,0.0017499999701976775,0.0017499999701976775,0.0017499999701976775,0.0,0.0,0.0,True,False,False,False
2025-08-12,SPDI.L,0.0005000000074505806,0.0005000000074505806,0.0005000000074505806,0.0005000000074505806,0.0005000000074505806,0.0,0.0,0.0,True,False,False,False
2025-08-12,VOX.L,0.0017499999701976775,0.0018500000238418578,0.0018500000238418578,0.0017499999701976775,0.0017499999701976775,2.0,0.0,0.0,True,False,False,False
2025-08-13,SPDI.L,0.0005000000074505806,0.0005000000074505806,0.0005000000074505806,0.0005000000074505806,0.0005000000074505806,0.0,0.0,0.0,True,False,False,False
2025-08-13,VOX.L,0.0017499999701976775,0.0017499999701976775,0.0017499999701976775,0.0017499999701976775,0.0017499999701976775,0.0,0.0,0.0,True,False,False,False
2025-08-14,SPDI.L,0.0005000000074505806,0.0005000000074505806,0.0005000000074505806,0.0005000000074505806,0.0005000000074505806,0.0,0.0,0.0,True,False,False,False
2025-08-14,VOX.L,0.0017499999701976775,0.0017499999701976775,0.0017499999701976775,0.0017499999701976775,0.0017499999701976775,0.0,0.0,0.0,True,False,False,False
2025-08-15,SPDI.L,0.0005000000074505806,0.0005000000074505806,0.0005000000074505806,0.0005000000074505806,0.0005000000074505806,0.0,0.0,0.0,True,False,False,False
2025-08-15,VOX.L,0.0017499999701976775,0.0017499999701976775,0.0017499999701976775,0.0017499999701976775,0.0017499999701976775,0.0,0.0,0.0,True,False,False,False
2025-08-18,SPDI.L,0.05,0.05,0.05,0.05,0.05,0.0,0.0,0.0,True,False,False,False
2025-08-18,VOX.L,0.0017499999701976775,0.0017499999701976775,0.0017499999701976775,0.0017499999701976775,0.0017499999701976775,0.0,0.0,0.0,True,False,False,False
2025-08-19,SPDI.L,0.05,0.05,0.05,0.05,0.05,0.0,0.0,0.0,True,False,False,False
2025-08-19,VOX.L,0.0017499999701976775,0.0017499999701976775,0.0017499999701976775,0.0017499999701976775,0.0017499999701976775,0.0,0.0,0.0,True,False,False,False
2025-08-20,BAY.L,0.0004749999940395355,0.0004749999940395355,0.0004749999940395355,0.0004749999940395355,0.0004749999940395355,0.0,0.0,0.0,True,False,False,False
2025-08-20,SPDI.L,0.05,0.05,0.05,0.05,0.05,0.0,0.0,0.0,True,False,False,False
2025-08-20,VOX.L,0.0017499999701976775,0.0017499999701976775,0.0017499999701976775,0.0017499999701976775,0.0017499999701976775,0.0,0.0,0.0,True,False,False,False
2025-08-21,BAY.L,0.0004749999940395355,0.0004749999940395355,0.0004749999940395355,0.0004749999940395355,0.0004749999940395355,0.0,0.0,0.0,True,False,False,False
2025-08-21,SPDI.L,0.05,0.05,0.05,0.05,0.05,0.0,0.0,0.0,True,False,False,False
2025-08-21,VOX.L,0.0017499999701976775,0.0018500000238418578,0.0018500000238418578,0.0017499999701976775,0.0017499999701976775,500.0,0.0,0.0,True,False,False,False
2025-08-22,BAY.L,0.0004749999940395355,0.0004749999940395355,0.0004749999940395355,0.0004749999940395355,0.0004749999940395355,0.0,0.0,0.0,True,False,False,False
2025-08-22,SPDI.L,0.05,0.05,0.05,0.05,0.05,0.0,0.0,0.0,True,False,False,False
2025-08-22,VOX.L,0.0017499999701976775,0.0017499999701976775,0.0017499999701976775,0.0017499999701976775,0.0017499999701976775,0.0,0.0,0.0,True,False,False,False
2025-08-26,BAY.L,0.0475,0.0475,0.0475,0.0475,0.0475,0.0,0.0,0.0,True,False,False,False
2025-08-26,SPDI.L,0.05,0.0525,0.0525,0.05,0.05,8601.0,0.0,0.0,True,False,False,False
2025-08-26,VOX.L,1.750000054016709e-05,1.750000054016709e-05,1.750000054016709e-05,1.750000054016709e-05,1.750000054016709e-05,0.0,0.0,0.0,True,False,False,False
2025-08-27,BAY.L,0.0475,0.0475,0.0475,0.0475,0.0475,0.0,0.0,0.0,True,False,False,False
2025-08-27,SPDI.L,0.05,0.05,0.05,0.05,0.05,0.0,0.0,0.0,True,False,False,False
2025-08-27,VOX.L,1.750000054016709e-05,1.750000054016709e-05,1.750000054016709e-05,1.750000054016709e-05,1.750000054016709e-05,0.0,0.0,0.0,True,False,False,False
2025-08-28,BAY.L,0.0475,0.0475,0.0475,0.0475,0.0475,0.0,0.0,0.0,True,False,False,False
2025-08-28,SPDI.L,0.0005000000074505806,0.0005000000074505806,0.0005000000074505806,0.0005000000074505806,0.0005000000074505806,0.0,0.0,0.0,True,False,False,False
2025-08-28,VOX.L,1.750000054016709e-05,1.750000054016709e-05,1.750000054016709e-05,1.750000054016709e-05,1.750000054016709e-05,0.0,0.0,0.0,True,False,False,False
2025-08-29,BAY.L,0.0475,0.0475,0.0475,0.0475,0.0475,0.0,0.0,0.0,True,False,False,False
2025-08-29,SPDI.L,0.0005000000074505806,0.0005000000074505806,0.0005000000074505806,0.0005000000074505806,0.0005000000074505806,0.0,0.0,0.0,True,False,False,False
2025-08-29,VOX.L,1.750000054016709e-05,1.750000054016709e-05,1.750000054016709e-05,1.750000054016709e-05,1.750000054016709e-05,0.0,0.0,0.0,True,False,False,False
2025-09-01,BAY.L,0.0475,0.0475,0.0475,0.0475,0.0475,0.0,0.0,0.0,True,False,False,False
2025-09-01,SPDI.L,0.05,0.05,0.05,0.05,0.05,0.0,0.0,0.0,True,False,False,False
2025-09-01,VOX.L,1.750000054016709e-05,1.750000054016709e-05,1.750000054016709e-05,1.750000054016709e-05,1.750000054016709e-05,0.0,0.0,0.0,True,False,False,False
2025-09-02,BAY.L,0.0475,0.0475,0.0475,0.0475,0.0475,0.0,0.0,0.0,True,False,False,False
2025-09-02,SPDI.L,0.05,0.05,0.05,0.05,0.05,0.0,0.0,0.0,True,False,False,False
2025-09-02,VOX.L,1.750000054016709e-05,1.750000054016709e-05,1.750000054016709e-05,1.750000054016709e-05,1.750000054016709e-05,0.0,0.0,0.0,True,False,False,False
2025-09-03,BAY.L,0.0475,0.05,0.049200000762939455,0.0475,0.0475,6999.0,0.0,0.0,True,False,False,False
2025-09-03,SPDI.L,0.05,0.05,0.05,0.05,0.05,0.0,0.0,0.0,True,False,False,False
2025-09-03,VOX.L,1.750000054016709e-05,1.750000054016709e-05,1.750000054016709e-05,1.750000054016709e-05,1.750000054016709e-05,0.0,0.0,0.0,True,False,False,False
2025-09-04,BAY.L,0.0475,0.0475,0.0475,0.0475,0.0475,0.0,0.0,0.0,True,False,False,False
2025-09-04,SPDI.L,0.05,0.05,0.05,0.05,0.05,0.0,0.0,0.0,True,False,False,False
2025-09-04,VOX.L,1.750000054016709e-05,1.750000054016709e-05,1.750000054016709e-05,1.750000054016709e-05,1.750000054016709e-05,0.0,0.0,0.0,True,False,False,False
2025-09-05,BAY.L,0.0475,0.045,0.045,0.0425,0.0425,15000.0,0.0,0.0,True,False,False,False
2025-09-05,SPDI.L,0.05,0.05,0.05,0.05,0.05,0.0,0.0,0.0,True,False,False,False
2025-09-05,VOX.L,1.750000054016709e-05,1.750000054016709e-05,1.750000054016709e-05,1.750000054016709e-05,1.750000054016709e-05,0.0,0.0,0.0,True,False,False,False
2025-09-08,BAY.L,0.0425,0.04,0.03515000104904175,0.0375,0.0375,41314.0,0.0,0.0,True,False,False,False
2025-09-08,SPDI.L,0.05,0.055,0.055,0.05,0.05,100000.0,0.0,0.0,True,False,False,False
2025-09-08,VOX.L,1.750000054016709e-05,1.750000054016709e-05,1.750000054016709e-05,1.750000054016709e-05,1.750000054016709e-05,0.0,0.0,0.0,True,False,False,False
2025-09-09,BAY.L,0.0375,0.045,0.035,0.04,0.04,312265.0,0.0,0.0,True,False,False,False
2025-09-09,SPDI.L,0.05,0.05,0.05,0.05,0.05,0.0,0.0,0.0,True,False,False,False
2025-09-09,VOX.L,1.750000054016709e-05,1.750000054016709e-05,1.750000054016709e-05,1.750000054016709e-05,1.750000054016709e-05,0.0,0.0,0.0,True,False,False,False
2025-09-10,BAY.L,0.04,0.045,0.04224999904632568,0.04,0.04,173342.0,0.0,0.0,True,False,False,False
2025-09-10,SPDI.L,0.05,0.05,0.05,0.05,0.05,0.0,0.0,0.0,True,False,False,False
2025-09-10,VOX.L,1.750000054016709e-05,1.750000054016709e-05,1.750000054016709e-05,1.750000054016709e-05,1.750000054016709e-05,0.0,0.0,0.0,True,False,False,False
2025-09-11,BAY.L,0.04,0.045,0.04,0.04099999904632568,0.04099999904632568,100000.0,0.0,0.0,True,False,False,False
2025-09-11,SPDI.L,0.05,0.05,0.05,0.05,0.05,0.0,0.0,0.0,True,False,False,False
2025-09-11,VOX.L,1.750000054016709e-05,1.750000054016709e-05,1.750000054016709e-05,1.750000054016709e-05,1.750000054016709e-05,0.0,0.0,0.0,True,False,False,False
2025-09-12,BAY.L,0.04099999904632568,0.04099999904632568,0.04099999904632568,0.04099999904632568,0.04099999904632568,0.0,0.0,0.0,True,False,False,False
2025-09-12,SPDI.L,0.05,0.045,0.04,0.0425,0.0425,274419.0,0.0,0.0,True,False,False,True
2025-09-12,VOX.L,1.750000054016709e-05,1.750000054016709e-05,1.750000054016709e-05,1.750000054016709e-05,1.750000054016709e-05,0.0,0.0,0.0,True,False,False,False
2025-09-15,BAY.L,0.04099999904632568,0.04099999904632568,0.04099999904632568,0.04099999904632568,0.04099999904632568,0.0,0.0,0.0,True,False,False,False
2025-09-15,SPDI.L,0.0425,0.04,0.03440000057220459,0.03440000057220459,0.03440000057220459,76079.0,0.0,0.0,True,False,False,True
2025-09-15,VOX.L,0.0017499999701976775,0.0017499999701976775,0.0017499999701976775,0.0017499999701976775,0.0017499999701976775,0.0,0.0,0.0,True,False,False,False
2025-09-16,BAY.L,0.04099999904632568,0.04111000061035156,0.036749999523162845,0.04099999904632568,0.04099999904632568,160000.0,0.0,0.0,True,False,False,False
2025-09-16,SPDI.L,0.0375,0.04,0.035,0.03,0.03,122626.0,0.0,0.0,True,False,False,True
2025-09-16,VOX.L,0.0017499999701976775,0.0017499999701976775,0.0017499999701976775,0.0017499999701976775,0.0017499999701976775,0.0,0.0,0.0,True,False,False,False
2025-09-17,BAY.L,0.04099999904632568,0.04099999904632568,0.04099999904632568,0.04099999904632568,0.04099999904632568,0.0,0.0,0.0,True,False,False,False
2025-09-17,SPDI.L,0.03,0.025,0.025,0.0275,0.0275,150000.0,0.0,0.0,True,False,False,True
2025-09-17,VOX.L,0.0017499999701976775,0.0017499999701976775,0.0017499999701976775,0.0017499999701976775,0.0017499999701976775,0.0,0.0,0.0,True,False,False,False
2025-09-18,BAY.L,0.04099999904632568,0.04099999904632568,0.04099999904632568,0.04099999904632568,0.04099999904632568,0.0,0.0,0.0,True,False,False,False
2025-09-18,SPDI.L,0.0275,0.0275,0.0275,0.0275,0.0275,0.0,0.0,0.0,True,False,False,True
2025-09-18,VOX.L,0.0017499999701976775,0.0017499999701976775,0.0017499999701976775,0.0017499999701976775,0.0017499999701976775,0.0,0.0,0.0,True,False,False,False
2025-09-19,BAY.L,0.04099999904632568,0.036749999523162845,0.036749999523162845,0.04099999904632568,0.04099999904632568,2790.0,0.0,0.0,True,False,False,False
2025-09-19,SPDI.L,0.0275,0.025,0.025,0.025,0.025,22500.0,0.0,0.0,True,False,False,True
2025-09-19,VOX.L,0.0017499999701976775,0.0017499999701976775,0.0017499999701976775,0.0017499999701976775,0.0017499999701976775,0.0,0.0,0.0,True,False,False,False
2025-09-22,BAY.L,0.0004100000113248825,0.0004100000113248825,0.0004100000113248825,0.0004100000113248825,0.0004100000113248825,0.0,0.0,0.0,True,False,False,False
2025-09-22,SPDI.L,0.025,0.025,0.025,0.025,0.025,0.0,0.0,0.0,True,False,False,True
2025-09-22,VOX.L,0.0017499999701976775,0.0010000000149011613,0.0010000000149011613,0.0017499999701976775,0.0017499999701976775,821500.0,0.0,0.0,True,False,False,False
2025-09-23,BAY.L,0.0004100000113248825,0.0004100000113248825,0.0004100000113248825,0.0004100000113248825,0.0004100000113248825,0.0,0.0,0.0,True,False,False,False
2025-09-23,SPDI.L,0.025,0.025,0.025,0.025,0.025,0.0,0.0,0.0,True,False,False,True
2025-09-23,VOX.L,0.0017499999701976775,0.0018700000643730164,0.0018700000643730164,0.0017499999701976775,0.0017499999701976775,94560.0,0.0,0.0,True,False,False,False
2025-09-24,BAY.L,0.0004100000113248825,0.0004100000113248825,0.0004100000113248825,0.0004100000113248825,0.0004100000113248825,0.0,0.0,0.0,True,False,False,False
2025-09-24,SPDI.L,0.025,0.025,0.02,0.025,0.025,180500.0,0.0,0.0,True,False,False,True
2025-09-24,VOX.L,0.0017499999701976775,0.001679999977350235,0.001679999977350235,0.0017499999701976775,0.0017499999701976775,780.0,0.0,0.0,True,False,False,False
2025-09-25,BAY.L,0.0004100000113248825,0.0004100000113248825,0.0004100000113248825,0.0004100000113248825,0.0004100000113248825,0.0,0.0,0.0,True,False,False,False
2025-09-25,SPDI.L,0.0225,0.0225,0.0225,0.0225,0.0225,0.0,0.0,0.0,True,False,False,True
2025-09-25,VOX.L,0.0017499999701976775,0.0017499999701976775,0.0017499999701976775,0.0017499999701976775,0.0017499999701976775,0.0,0.0,0.0,True,False,False,False
2025-09-26,BAY.L,0.0004100000113248825,0.0004100000113248825,0.0004100000113248825,0.0004100000113248825,0.0004100000113248825,0.0,0.0,0.0,True,False,False,False
2025-09-26,SPDI.L,0.0225,0.0225,0.0225,0.0225,0.0225,0.0,0.0,0.0,True,False,False,True
2025-09-26,VOX.L,0.0017499999701976775,0.0017499999701976775,0.0017499999701976775,0.0017499999701976775,0.0017499999701976775,0.0,0.0,0.0,True,False,False,False
2025-09-29,BAY.L,0.0004100000113248825,0.0004100000113248825,0.0004100000113248825,0.0004100000113248825,0.0004100000113248825,0.0,0.0,0.0,True,False,False,False
2025-09-29,SPDI.L,0.0225,0.0225,0.0225,0.0225,0.0225,0.0,0.0,0.0,True,False,False,True
2025-09-29,VOX.L,1.750000054016709e-05,1.750000054016709e-05,1.750000054016709e-05,1.750000054016709e-05,1.750000054016709e-05,0.0,0.0,0.0,True,False,False,False
2025-09-30,BAY.L,0.0004100000113248825,0.0004100000113248825,0.0004100000113248825,0.0004100000113248825,0.0004100000113248825,0.0,0.0,0.0,True,False,False,False
2025-09-30,SPDI.L,0.0225,0.025,0.017999999523162842,0.02,0.02,102773.0,0.0,0.0,True,False,False,True
2025-09-30,VOX.L,1.750000054016709e-05,1.750000054016709e-05,1.750000054016709e-05,1.750000054016709e-05,1.750000054016709e-05,0.0,0.0,0.0,True,False,False,False
2025-10-01,BAY.L,0.0004100000113248825,0.0004100000113248825,0.0004100000113248825,0.0004100000113248825,0.0004100000113248825,0.0,0.0,0.0,True,False,False,False
2025-10-01,SPDI.L,0.02,0.02,0.02,0.02,0.02,0.0,0.0,0.0,True,False,False,True
2025-10-01,VOX.L,1.750000054016709e-05,1.750000054016709e-05,1.750000054016709e-05,1.750000054016709e-05,1.750000054016709e-05,0.0,0.0,0.0,True,False,False,False
2025-10-02,BAY.L,0.0004100000113248825,0.0004100000113248825,0.0004100000113248825,0.0004100000113248825,0.0004100000113248825,0.0,0.0,0.0,True,False,False,False
2025-10-02,SPDI.L,0.02,0.02,0.02,0.02,0.02,0.0,0.0,0.0,True,False,False,True
2025-10-02,VOX.L,1.750000054016709e-05,1.750000054016709e-05,1.750000054016709e-05,1.750000054016709e-05,1.750000054016709e-05,0.0,0.0,0.0,True,False,False,False
2025-10-03,BAY.L,0.0004100000113248825,0.0004100000113248825,0.0004100000113248825,0.0004100000113248825,0.0004100000113248825,0.0,0.0,0.0,True,False,False,False
2025-10-03,SPDI.L,0.02,0.02,0.02,0.02,0.02,0.0,0.0,0.0,True,False,False,True
2025-10-03,VOX.L,1.750000054016709e-05,1.750000054016709e-05,1.750000054016709e-05,1.750000054016709e-05,1.750000054016709e-05,0.0,0.0,0.0,True,False,False,False
2025-10-06,BAY.L,0.04099999904632568,0.04099999904632568,0.04099999904632568,0.04099999904632568,0.04099999904632568,0.0,0.0,0.0,True,False,False,False
2025-10-06,SPDI.L,0.02,0.02,0.02,0.02,0.02,0.0,0.0,0.0,True,False,False,True
2025-10-06,VOX.L,0.0017499999701976775,0.0017499999701976775,0.0017499999701976775,0.0017499999701976775,0.0017499999701976775,0.0,0.0,0.0,True,False,False,False
2025-10-07,BAY.L,0.04099999904632568,0.04099999904632568,0.04099999904632568,0.04099999904632568,0.04099999904632568,0.0,0.0,0.0,True,False,False,False
2025-10-07,SPDI.L,0.02,0.02,0.02,0.02,0.02,0.0,0.0,0.0,True,False,False,True
2025-10-07,VOX.L,0.0017499999701976775,0.0017499999701976775,0.0017499999701976775,0.0017499999701976775,0.0017499999701976775,0.0,0.0,0.0,True,False,False,False
2025-10-08,BAY.L,0.04099999904632568,0.04099999904632568,0.04099999904632568,0.04099999904632568,0.04099999904632568,0.0,0.0,0.0,True,False,False,False
2025-10-08,SPDI.L,0.02,0.02,0.02,0.02,0.02,0.0,0.0,0.0,True,False,False,True
2025-10-08,VOX.L,0.0017499999701976775,0.0017499999701976775,0.0017499999701976775,0.0017499999701976775,0.0017499999701976775,0.0,0.0,0.0,True,False,False,False
2025-10-09,BAY.L,0.04099999904632568,0.04099999904632568,0.04099999904632568,0.04099999904632568,0.04099999904632568,0.0,0.0,0.0,True,False,False,False
2025-10-09,SPDI.L,0.02,0.02,0.02,0.02,0.02,0.0,0.0,0.0,True,False,False,True
2025-10-09,VOX.L,0.0017499999701976775,0.0017499999701976775,0.0017499999701976775,0.0017499999701976775,0.0017499999701976775,0.0,0.0,0.0,True,False,False,False
2025-10-10,BAY.L,0.04099999904632568,0.04099999904632568,0.04099999904632568,0.04099999904632568,0.04099999904632568,0.0,0.0,0.0,True,False,False,False
2025-10-10,SPDI.L,0.02,0.024000000953674317,0.024000000953674317,0.02,0.02,250.0,0.0,0.0,True,False,False,True
2025-10-10,VOX.L,0.0017499999701976775,0.0017499999701976775,0.0017499999701976775,0.0017499999701976775,0.0017499999701976775,0.0,0.0,0.0,True,False,False,False
2025-10-13,BAY.L,0.0425,0.044600000381469725,0.044600000381469725,0.04099999904632568,0.04099999904632568,70000.0,0.0,0.0,True,False,False,False
2025-10-13,SPDI.L,0.02,0.02,0.02,0.02,0.02,0.0,0.0,0.0,True,False,False,True
2025-10-13,VOX.L,0.0017499999701976775,0.0017499999701976775,0.0017499999701976775,0.0017499999701976775,0.0017499999701976775,0.0,0.0,0.0,True,False,False,False
2025-10-14,BAY.L,0.04099999904632568,0.04210000038146973,0.03515000104904175,0.04099999904632568,0.04099999904632568,249780.0,0.0,0.0,True,False,False,False
2025-10-14,SPDI.L,0.02,0.02,0.015,0.02,0.02,105203.0,0.0,0.0,True,False,False,True
2025-10-14,VOX.L,0.0017499999701976775,0.0017499999701976775,0.0017499999701976775,0.0017499999701976775,0.0017499999701976775,0.0,0.0,0.0,True,False,False,False
2025-10-15,BAY.L,0.04099999904632568,0.04099999904632568,0.04099999904632568,0.04099999904632568,0.04099999904632568,0.0,0.0,0.0,True,False,False,False
2025-10-15,SPDI.L,0.0175,0.02,0.02,0.0175,0.0175,1949.0,0.0,0.0,True,False,False,True
2025-10-15,VOX.L,0.0017499999701976775,0.0018000000715255738,0.0018000000715255738,0.0017499999701976775,0.0017499999701976775,3320.0,0.0,0.0,True,False,False,False
2025-10-16,BAY.L,0.04099999904632568,0.04099999904632568,0.04099999904632568,0.04099999904632568,0.04099999904632568,0.0,0.0,0.0,True,False,False,False
2025-10-16,SPDI.L,0.0175,0.0175,0.0175,0.0175,0.0175,0.0,0.0,0.0,True,False,False,True
2025-10-16,VOX.L,0.0017499999701976775,0.0017499999701976775,0.0017499999701976775,0.0017499999701976775,0.0017499999701976775,0.0,0.0,0.0,True,False,False,False
2025-10-17,BAY.L,0.04099999904632568,0.04099999904632568,0.04099999904632568,0.04099999904632568,0.04099999904632568,0.0,0.0,0.0,True,False,False,False
2025-10-17,SPDI.L,0.00017500000074505807,0.00017500000074505807,0.00017500000074505807,0.00017500000074505807,0.00017500000074505807,0.0,0.0,0.0,True,False,False,True
2025-10-17,VOX.L,1.750000054016709e-05,1.750000054016709e-05,1.750000054016709e-05,1.750000054016709e-05,1.750000054016709e-05,0.0,0.0,0.0,True,False,False,False
2025-10-20,BAY.L,0.04099999904632568,0.04440000057220459,0.04440000057220459,0.04099999904632568,0.04099999904632568,85.0,0.0,0.0,True,False,False,False
2025-10-20,SPDI.L,0.00017500000074505807,0.00017500000074505807,0.00017500000074505807,0.00017500000074505807,0.00017500000074505807,0.0,0.0,0.0,True,False,False,True
2025-10-20,VOX.L,1.750000054016709e-05,1.750000054016709e-05,1.750000054016709e-05,1.750000054016709e-05,1.750000054016709e-05,0.0,0.0,0.0,True,False,False,False
2025-10-21,BAY.L,0.04099999904632568,0.04400000095367432,0.04400000095367432,0.04099999904632568,0.04099999904632568,113364.0,0.0,0.0,True,False,False,False
2025-10-21,SPDI.L,0.00017500000074505807,0.00017500000074505807,0.00017500000074505807,0.00017500000074505807,0.00017500000074505807,0.0,0.0,0.0,True,False,False,True
2025-10-21,VOX.L,0.0017499999701976775,0.0017499999701976775,0.0017499999701976775,0.0017499999701976775,0.0017499999701976775,0.0,0.0,0.0,True,False,False,False
2025-10-22,BAY.L,0.04099999904632568,0.04099999904632568,0.04099999904632568,0.04099999904632568,0.04099999904632568,0.0,0.0,0.0,True,False,False,False
2025-10-22,SPDI.L,0.00017500000074505807,0.00017500000074505807,0.00017500000074505807,0.00017500000074505807,0.00017500000074505807,0.0,0.0,0.0,True,False,False,True
2025-10-22,VOX.L,0.0017499999701976775,0.0017499999701976775,0.0017499999701976775,0.0017499999701976775,0.0017499999701976775,0.0,0.0,0.0,True,False,False,False
2025-10-23,BAY.L,0.04099999904632568,0.04099999904632568,0.04099999904632568,0.04099999904632568,0.04099999904632568,0.0,0.0,0.0,True,False,False,False
2025-10-23,SPDI.L,0.00017500000074505807,0.00017500000074505807,0.00017500000074505807,0.00017500000074505807,0.00017500000074505807,0.0,0.0,0.0,True,False,False,True
2025-10-23,VOX.L,0.0017499999701976775,0.0017499999701976775,0.0017499999701976775,0.0017499999701976775,0.0017499999701976775,0.0,0.0,0.0,True,False,False,False
2025-10-24,BAY.L,0.04099999904632568,0.04099999904632568,0.04099999904632568,0.04099999904632568,0.04099999904632568,0.0,0.0,0.0,True,False,False,False
2025-10-24,SPDI.L,0.00017500000074505807,0.00017500000074505807,0.00017500000074505807,0.00017500000074505807,0.00017500000074505807,0.0,0.0,0.0,True,False,False,True
2025-10-24,VOX.L,0.0017499999701976775,0.0017499999701976775,0.0017499999701976775,0.0017499999701976775,0.0017499999701976775,0.0,0.0,0.0,True,False,False,False
2025-10-27,BAY.L,0.04099999904632568,0.04099999904632568,0.04099999904632568,0.04099999904632568,0.04099999904632568,0.0,0.0,0.0,True,False,False,False
2025-10-27,SPDI.L,0.0175,0.0175,0.0175,0.0175,0.0175,0.0,0.0,0.0,True,False,False,True
2025-10-27,VOX.L,0.0017499999701976775,0.0017499999701976775,0.0017499999701976775,0.0017499999701976775,0.0017499999701976775,0.0,0.0,0.0,True,False,False,False
2025-10-28,BAY.L,0.04099999904632568,0.04099999904632568,0.04099999904632568,0.04099999904632568,0.04099999904632568,0.0,0.0,0.0,True,False,False,False
2025-10-28,SPDI.L,0.0175,0.0175,0.0175,0.0175,0.0175,0.0,0.0,0.0,True,False,False,True
2025-10-28,VOX.L,0.0017499999701976775,0.0017499999701976775,0.0017499999701976775,0.0017499999701976775,0.0017499999701976775,0.0,0.0,0.0,True,False,False,False
2025-10-29,BAY.L,0.04099999904632568,0.04699999809265137,0.04,0.045,0.045,102400.0,0.0,0.0,True,False,False,False
2025-10-29,SPDI.L,0.0175,0.0175,0.0175,0.0175,0.0175,0.0,0.0,0.0,True,False,False,True
2025-10-29,VOX.L,0.0017499999701976775,0.0017499999701976775,0.0017499999701976775,0.0017499999701976775,0.0017499999701976775,0.0,0.0,0.0,True,False,False,False
2025-10-30,BAY.L,0.045,0.045,0.045,0.045,0.045,0.0,0.0,0.0,True,False,False,False
2025-10-30,SPDI.L,0.0175,0.0175,0.0175,0.0175,0.0175,0.0,0.0,0.0,True,False,False,True
2025-10-30,VOX.L,0.0017499999701976775,0.0015800000727176665,0.0015800000727176665,0.0017499999701976775,0.0017499999701976775,2000.0,0.0,0.0,True,False,False,False
2025-10-31,BAY.L,0.045,0.045,0.045,0.045,0.045,0.0,0.0,0.0,True,False,False,False
2025-10-31,SPDI.L,0.0175,0.015,0.015,0.0175,0.0175,10000.0,0.0,0.0,True,False,False,True
2025-10-31,VOX.L,0.0017499999701976775,0.0017499999701976775,0.0017499999701976775,0.0017499999701976775,0.0017499999701976775,0.0,0.0,0.0,True,False,False,False
2025-11-03,BAY.L,0.045,0.05,0.05,0.045,0.045,95.0,0.0,0.0,True,False,False,False
2025-11-03,SPDI.L,0.0175,0.0175,0.0175,0.0175,0.0175,0.0,0.0,0.0,True,False,False,True
2025-11-03,VOX.L,1.750000054016709e-05,1.750000054016709e-05,1.750000054016709e-05,1.750000054016709e-05,1.750000054016709e-05,0.0,0.0,0.0,True,False,False,False
2025-11-04,BAY.L,0.045,0.045,0.045,0.045,0.045,0.0,0.0,0.0,True,False,False,False
2025-11-04,SPDI.L,0.0175,0.0175,0.0175,0.0175,0.0175,0.0,0.0,0.0,True,False,False,True
2025-11-04,VOX.L,1.750000054016709e-05,1.750000054016709e-05,1.750000054016709e-05,1.750000054016709e-05,1.750000054016709e-05,0.0,0.0,0.0,True,False,False,False
2025-11-05,BAY.L,0.045,0.045,0.045,0.045,0.045,0.0,0.0,0.0,True,False,False,False
2025-11-05,SPDI.L,0.0175,0.015,0.015,0.0175,0.0175,74812.0,0.0,0.0,True,False,False,True
2025-11-05,VOX.L,0.0017499999701976775,0.0017499999701976775,0.0017499999701976775,0.0017499999701976775,0.0017499999701976775,0.0,0.0,0.0,True,False,False,False
2025-11-06,BAY.L,0.045,0.045,0.045,0.045,0.045,0.0,0.0,0.0,True,False,False,False
2025-11-06,SPDI.L,0.0175,0.0175,0.0175,0.0175,0.0175,0.0,0.0,0.0,True,True,True,True
2025-11-06,VOX.L,0.0017499999701976775,0.0017499999701976775,0.0017499999701976775,0.0017499999701976775,0.0017499999701976775,0.0,0.0,0.0,True,False,False,False
2025-11-07,BAY.L,0.045,0.045,0.045,0.045,0.045,0.0,0.0,0.0,True,False,False,False
2025-11-07,SPDI.L,0.00017500000074505807,0.00017500000074505807,0.00017500000074505807,0.00017500000074505807,0.00017500000074505807,0.0,0.0,0.0,True,True,True,True
2025-11-07,VOX.L,0.0017499999701976775,0.0017499999701976775,0.0017499999701976775,0.0017499999701976775,0.0017499999701976775,0.0,0.0,0.0,True,False,False,False
2025-11-10,BAY.L,0.045,0.04980000019073486,0.04980000019073486,0.045,0.045,39920.0,0.0,0.0,True,False,False,False
2025-11-10,SPDI.L,0.00017500000074505807,0.00017500000074505807,0.00017500000074505807,0.00017500000074505807,0.00017500000074505807,0.0,0.0,0.0,True,True,True,True
2025-11-10,VOX.L,0.0017499999701976775,0.0017499999701976775,0.0017499999701976775,0.0017499999701976775,0.0017499999701976775,0.0,0.0,0.0,True,False,False,False
2025-11-11,BAY.L,0.045,0.045,0.045,0.045,0.045,0.0,0.0,0.0,True,False,False,False
2025-11-11,SPDI.L,0.00017500000074505807,0.00017500000074505807,0.00017500000074505807,0.00017500000074505807,0.00017500000074505807,0.0,0.0,0.0,True,True,True,True
2025-11-11,VOX.L,0.0017499999701976775,0.0017499999701976775,0.0017499999701976775,0.0017499999701976775,0.0017499999701976775,0.0,0.0,0.0,True,False,False,False
2025-11-12,BAY.L,0.045,0.045,0.045,0.045,0.045,0.0,0.0,0.0,True,False,False,False
2025-11-12,SPDI.L,0.00017500000074505807,0.00017500000074505807,0.00017500000074505807,0.00017500000074505807,0.00017500000074505807,0.0,0.0,0.0,True,True,True,True
2025-11-12,VOX.L,0.0017499999701976775,0.0017499999701976775,0.0017499999701976775,0.0017499999701976775,0.0017499999701976775,0.0,0.0,0.0,True,False,False,False
2025-11-13,BAY.L,0.045,0.045,0.045,0.045,0.045,0.0,0.0,0.0,True,False,False,False
2025-11-13,SPDI.L,0.00017500000074505807,0.00017500000074505807,0.00017500000074505807,0.00017500000074505807,0.00017500000074505807,0.0,0.0,0.0,True,True,True,True
2025-11-13,VOX.L,0.0017499999701976775,0.0017499999701976775,0.0017499999701976775,0.0017499999701976775,0.0017499999701976775,0.0,0.0,0.0,True,False,False,False
2025-11-14,BAY.L,0.045,0.042670001983642576,0.042670001983642576,0.045,0.045,29742.0,0.0,0.0,True,False,False,False
2025-11-14,SPDI.L,0.00017500000074505807,0.00017500000074505807,0.00017500000074505807,0.00017500000074505807,0.00017500000074505807,0.0,0.0,0.0,True,True,True,True
2025-11-14,VOX.L,0.0017499999701976775,0.0018000000715255738,0.0018000000715255738,0.0017499999701976775,0.0017499999701976775,100000.0,0.0,0.0,True,False,False,False
2025-11-17,BAY.L,0.045,0.042670001983642576,0.042670001983642576,0.045,0.045,11696.0,0.0,0.0,True,False,False,False
2025-11-17,SPDI.L,0.00017500000074505807,0.00017500000074505807,0.00017500000074505807,0.00017500000074505807,0.00017500000074505807,0.0,0.0,0.0,True,True,True,True
2025-11-17,VOX.L,1.750000054016709e-05,1.750000054016709e-05,1.750000054016709e-05,1.750000054016709e-05,1.750000054016709e-05,0.0,0.0,0.0,True,False,False,False
2025-11-18,BAY.L,0.045,0.045,0.045,0.045,0.045,0.0,0.0,0.0,True,False,False,False
2025-11-18,SPDI.L,0.00017500000074505807,0.00017500000074505807,0.00017500000074505807,0.00017500000074505807,0.00017500000074505807,0.0,0.0,0.0,True,True,True,True
2025-11-18,VOX.L,1.750000054016709e-05,1.750000054016709e-05,1.750000054016709e-05,1.750000054016709e-05,1.750000054016709e-05,0.0,0.0,0.0,True,False,False,False
2025-11-19,BAY.L,0.045,0.045,0.045,0.045,0.045,0.0,0.0,0.0,True,False,False,False
2025-11-19,SPDI.L,0.00017500000074505807,0.00017500000074505807,0.00017500000074505807,0.00017500000074505807,0.00017500000074505807,0.0,0.0,0.0,True,True,True,True
2025-11-19,VOX.L,1.750000054016709e-05,1.750000054016709e-05,1.750000054016709e-05,1.750000054016709e-05,1.750000054016709e-05,0.0,0.0,0.0,True,False,False,False
2025-11-20,BAY.L,0.045,0.045,0.045,0.045,0.045,0.0,0.0,0.0,True,False,False,False
2025-11-20,SPDI.L,0.00017500000074505807,0.00017500000074505807,0.00017500000074505807,0.00017500000074505807,0.00017500000074505807,0.0,0.0,0.0,True,True,True,True
2025-11-20,VOX.L,1.750000054016709e-05,1.750000054016709e-05,1.750000054016709e-05,1.750000054016709e-05,1.750000054016709e-05,0.0,0.0,0.0,True,False,False,False
2025-11-21,BAY.L,0.045,0.045,0.045,0.045,0.045,0.0,0.0,0.0,True,False,False,False
2025-11-21,SPDI.L,0.00017500000074505807,0.00017500000074505807,0.00017500000074505807,0.00017500000074505807,0.00017500000074505807,0.0,0.0,0.0,True,True,True,True
2025-11-21,VOX.L,1.750000054016709e-05,1.750000054016709e-05,1.750000054016709e-05,1.750000054016709e-05,1.750000054016709e-05,0.0,0.0,0.0,True,False,False,False
2025-11-24,BAY.L,0.045,0.045,0.045,0.045,0.045,0.0,0.0,0.0,True,False,False,False
2025-11-24,SPDI.L,0.00017500000074505807,0.00017500000074505807,0.00017500000074505807,0.00017500000074505807,0.00017500000074505807,0.0,0.0,0.0,True,True,True,True
2025-11-24,VOX.L,0.0017499999701976775,0.0017499999701976775,0.0017499999701976775,0.0017499999701976775,0.0017499999701976775,0.0,0.0,0.0,True,False,False,False
2025-11-25,BAY.L,0.045,0.045,0.045,0.045,0.045,0.0,0.0,0.0,True,False,False,False
2025-11-25,SPDI.L,0.00017500000074505807,0.00017500000074505807,0.00017500000074505807,0.00017500000074505807,0.00017500000074505807,0.0,0.0,0.0,True,True,True,True
2025-11-25,VOX.L,0.0017499999701976775,0.0017499999701976775,0.0017499999701976775,0.0017499999701976775,0.0017499999701976775,0.0,0.0,0.0,True,False,False,False
2025-11-26,BAY.L,0.0475,0.05,0.04375,0.0475,0.0475,120754.0,0.0,0.0,True,False,False,False
2025-11-26,SPDI.L,0.00017500000074505807,0.00017500000074505807,0.00017500000074505807,0.00017500000074505807,0.00017500000074505807,0.0,0.0,0.0,True,True,True,True
2025-11-26,VOX.L,0.0017499999701976775,0.0017499999701976775,0.0017499999701976775,0.0017499999701976775,0.0017499999701976775,0.0,0.0,0.0,True,False,False,False
2025-11-27,BAY.L,0.0475,0.051999998092651364,0.051999998092651364,0.0475,0.0475,38347.0,0.0,0.0,True,False,False,False
2025-11-27,SPDI.L,0.00017500000074505807,0.00017500000074505807,0.00017500000074505807,0.00017500000074505807,0.00017500000074505807,0.0,0.0,0.0,True,True,True,True
2025-11-27,VOX.L,0.0017499999701976775,0.0017499999701976775,0.0017499999701976775,0.0017499999701976775,0.0017499999701976775,0.0,0.0,0.0,True,False,False,False
2025-11-28,BAY.L,0.0475,0.06980000019073486,0.05,0.0625,0.0625,30636111.0,0.0,0.0,True,False,False,False
2025-11-28,SPDI.L,0.00017500000074505807,0.00017500000074505807,0.00017500000074505807,0.00017500000074505807,0.00017500000074505807,0.0,0.0,0.0,True,True,True,True
2025-11-28,VOX.L,0.0017499999701976775,0.0017499999701976775,0.0017499999701976775,0.0017499999701976775,0.0017499999701976775,0.0,0.0,0.0,True,False,False,False
2025-12-01,BAY.L,0.0625,0.06880000114440918,0.05,0.055,0.055,202766.0,0.0,0.0,True,False,False,False
2025-12-01,SPDI.L,0.00017500000074505807,0.00017500000074505807,0.00017500000074505807,0.00017500000074505807,0.00017500000074505807,0.0,0.0,0.0,True,True,True,True
2025-12-01,VOX.L,0.0017499999701976775,0.0018000000715255738,0.0018000000715255738,0.0017499999701976775,0.0017499999701976775,240000.0,0.0,0.0,True,False,False,False
2025-12-02,BAY.L,0.055,0.05849999904632568,0.05150000095367432,0.055,0.055,259600.0,0.0,0.0,True,False,False,False
2025-12-02,SPDI.L,0.00017500000074505807,0.00017500000074505807,0.00017500000074505807,0.00017500000074505807,0.00017500000074505807,0.0,0.0,0.0,True,True,True,True
2025-12-02,VOX.L,0.0017499999701976775,0.0017499999701976775,0.0017499999701976775,0.0017499999701976775,0.0017499999701976775,0.0,0.0,0.0,True,False,False,False
2025-12-03,BAY.L,0.055,0.055,0.055,0.055,0.055,0.0,0.0,0.0,True,False,False,False
2025-12-03,SPDI.L,0.00017500000074505807,0.00017500000074505807,0.00017500000074505807,0.00017500000074505807,0.00017500000074505807,0.0,0.0,0.0,True,True,True,True
2025-12-03,VOX.L,1.750000054016709e-05,1.750000054016709e-05,1.750000054016709e-05,1.750000054016709e-05,1.750000054016709e-05,0.0,0.0,0.0,True,False,False,False
2025-12-04,BAY.L,0.055,0.06,0.05,0.055,0.055,2237.0,0.0,0.0,True,False,False,False
2025-12-04,SPDI.L,0.00017500000074505807,0.00017500000074505807,0.00017500000074505807,0.00017500000074505807,0.00017500000074505807,0.0,0.0,0.0,True,True,True,True
2025-12-04,VOX.L,1.750000054016709e-05,1.750000054016709e-05,1.750000054016709e-05,1.750000054016709e-05,1.750000054016709e-05,0.0,0.0,0.0,True,False,False,False
2025-12-05,BAY.L,0.055,0.057899999618530276,0.057899999618530276,0.055,0.055,50000.0,0.0,0.0,True,False,False,False
2025-12-05,SPDI.L,0.00017500000074505807,0.00017500000074505807,0.00017500000074505807,0.00017500000074505807,0.00017500000074505807,0.0,0.0,0.0,True,True,True,True
2025-12-05,VOX.L,1.750000054016709e-05,1.750000054016709e-05,1.750000054016709e-05,1.750000054016709e-05,1.750000054016709e-05,0.0,0.0,0.0,True,False,False,False
2025-12-08,BAY.L,0.055,0.06,0.05,0.06,0.06,64.0,0.0,0.0,True,False,False,False
2025-12-08,SPDI.L,0.00017500000074505807,0.00017500000074505807,0.00017500000074505807,0.00017500000074505807,0.00017500000074505807,0.0,0.0,0.0,True,True,True,True
2025-12-08,VOX.L,1.750000054016709e-05,1.750000054016709e-05,1.750000054016709e-05,1.750000054016709e-05,1.750000054016709e-05,0.0,0.0,0.0,True,False,False,False
2025-12-09,BAY.L,0.06,0.0675,0.06744999885559082,0.06,0.06,1355932.0,0.0,0.0,True,False,False,False
2025-12-09,SPDI.L,0.00017500000074505807,0.00017500000074505807,0.00017500000074505807,0.00017500000074505807,0.00017500000074505807,0.0,0.0,0.0,True,True,True,True
2025-12-09,VOX.L,1.750000054016709e-05,1.750000054016709e-05,1.750000054016709e-05,1.750000054016709e-05,1.750000054016709e-05,0.0,0.0,0.0,True,False,False,False
2025-12-10,BAY.L,0.06,0.06550000190734863,0.06550000190734863,0.06,0.06,7451.0,0.0,0.0,True,False,False,False
2025-12-10,SPDI.L,0.00017500000074505807,0.00017500000074505807,0.00017500000074505807,0.00017500000074505807,0.00017500000074505807,0.0,0.0,0.0,True,True,True,True
2025-12-10,VOX.L,1.750000054016709e-05,1.750000054016709e-05,1.750000054016709e-05,1.750000054016709e-05,1.750000054016709e-05,0.0,0.0,0.0,True,False,False,False
2025-12-11,BAY.L,0.06,0.06550000190734863,0.06550000190734863,0.06,0.06,18809.0,0.0,0.0,True,False,False,False
2025-12-11,SPDI.L,0.00017500000074505807,0.00017500000074505807,0.00017500000074505807,0.00017500000074505807,0.00017500000074505807,0.0,0.0,0.0,True,True,True,True
2025-12-11,VOX.L,1.750000054016709e-05,1.750000054016709e-05,1.750000054016709e-05,1.750000054016709e-05,1.750000054016709e-05,0.0,0.0,0.0,True,False,False,False
2025-12-12,BAY.L,0.06,0.06,0.06,0.06,0.06,0.0,0.0,0.0,True,False,False,False
2025-12-12,SPDI.L,0.00017500000074505807,0.00017500000074505807,0.00017500000074505807,0.00017500000074505807,0.00017500000074505807,0.0,0.0,0.0,True,True,True,True
2025-12-12,VOX.L,1.750000054016709e-05,1.750000054016709e-05,1.750000054016709e-05,1.750000054016709e-05,1.750000054016709e-05,0.0,0.0,0.0,True,False,False,False
2025-12-15,BAY.L,0.06,0.06,0.06,0.06,0.06,0.0,0.0,0.0,True,False,False,False
2025-12-15,SPDI.L,0.00017500000074505807,0.00017500000074505807,0.00017500000074505807,0.00017500000074505807,0.00017500000074505807,0.0,0.0,0.0,True,True,True,True
2025-12-15,VOX.L,1.750000054016709e-05,1.750000054016709e-05,1.750000054016709e-05,1.750000054016709e-05,1.750000054016709e-05,0.0,0.0,0.0,True,False,False,False
2025-12-16,BAY.L,0.06,0.06,0.06,0.06,0.06,0.0,0.0,0.0,True,False,False,False
2025-12-16,SPDI.L,0.00017500000074505807,0.00017500000074505807,0.00017500000074505807,0.00017500000074505807,0.00017500000074505807,0.0,0.0,0.0,True,True,True,True
2025-12-16,VOX.L,1.750000054016709e-05,1.750000054016709e-05,1.750000054016709e-05,1.750000054016709e-05,1.750000054016709e-05,0.0,0.0,0.0,True,False,False,False
2025-12-17,BAY.L,0.06,0.06,0.06,0.06,0.06,0.0,0.0,0.0,True,False,False,False
2025-12-17,SPDI.L,0.00017500000074505807,0.00017500000074505807,0.00017500000074505807,0.00017500000074505807,0.00017500000074505807,0.0,0.0,0.0,True,True,True,True
2025-12-17,VOX.L,1.750000054016709e-05,1.750000054016709e-05,1.750000054016709e-05,1.750000054016709e-05,1.750000054016709e-05,0.0,0.0,0.0,True,False,False,False
2025-12-18,BAY.L,0.06,0.06,0.06,0.06,0.06,0.0,0.0,0.0,True,False,False,False
2025-12-18,SPDI.L,0.00017500000074505807,0.00017500000074505807,0.00017500000074505807,0.00017500000074505807,0.00017500000074505807,0.0,0.0,0.0,True,True,True,True
2025-12-18,VOX.L,1.750000054016709e-05,1.750000054016709e-05,1.750000054016709e-05,1.750000054016709e-05,1.750000054016709e-05,0.0,0.0,0.0,True,False,False,False
2025-12-19,BAY.L,0.06,0.055,0.055,0.06,0.06,9200.0,0.0,0.0,True,False,False,False
2025-12-19,SPDI.L,0.00017500000074505807,0.00017500000074505807,0.00017500000074505807,0.00017500000074505807,0.00017500000074505807,0.0,0.0,0.0,True,True,True,True
2025-12-19,VOX.L,1.750000054016709e-05,1.750000054016709e-05,1.750000054016709e-05,1.750000054016709e-05,1.750000054016709e-05,0.0,0.0,0.0,True,False,False,False
2025-12-22,BAY.L,0.06,0.05300000190734863,0.05300000190734863,0.06,0.06,20000.0,0.0,0.0,True,False,False,False
2025-12-22,SPDI.L,0.00017500000074505807,0.00017500000074505807,0.00017500000074505807,0.00017500000074505807,0.00017500000074505807,0.0,0.0,0.0,True,True,True,True
2025-12-22,VOX.L,1.750000054016709e-05,1.750000054016709e-05,1.750000054016709e-05,1.750000054016709e-05,1.750000054016709e-05,0.0,0.0,0.0,True,False,False,False
2025-12-23,BAY.L,0.06,0.06443999767303467,0.053499999046325686,0.06,0.06,20005.0,0.0,0.0,True,False,False,False
2025-12-23,SPDI.L,0.00017500000074505807,0.00017500000074505807,0.00017500000074505807,0.00017500000074505807,0.00017500000074505807,0.0,0.0,0.0,True,True,True,True
2025-12-23,VOX.L,1.750000054016709e-05,1.750000054016709e-05,1.750000054016709e-05,1.750000054016709e-05,1.750000054016709e-05,0.0,0.0,0.0,True,False,False,False
2025-12-24,BAY.L,0.06,0.06,0.06,0.06,0.06,0.0,0.0,0.0,True,False,False,False
2025-12-24,SPDI.L,0.00017500000074505807,0.00017500000074505807,0.00017500000074505807,0.00017500000074505807,0.00017500000074505807,0.0,0.0,0.0,True,True,True,True
2025-12-24,VOX.L,1.750000054016709e-05,1.750000054016709e-05,1.750000054016709e-05,1.750000054016709e-05,1.750000054016709e-05,0.0,0.0,0.0,True,False,False,False
2025-12-29,BAY.L,0.06,0.06,0.06,0.06,0.06,0.0,0.0,0.0,True,False,False,False
2025-12-29,SPDI.L,0.00017500000074505807,0.00017500000074505807,0.00017500000074505807,0.00017500000074505807,0.00017500000074505807,0.0,0.0,0.0,True,True,True,True
2025-12-29,VOX.L,1.750000054016709e-05,1.750000054016709e-05,1.750000054016709e-05,1.750000054016709e-05,1.750000054016709e-05,0.0,0.0,0.0,True,False,False,False
2025-12-30,BAY.L,0.06,0.06,0.06,0.06,0.06,0.0,0.0,0.0,True,False,False,False
2025-12-30,SPDI.L,0.00017500000074505807,0.00017500000074505807,0.00017500000074505807,0.00017500000074505807,0.00017500000074505807,0.0,0.0,0.0,True,True,True,True
2025-12-30,VOX.L,1.750000054016709e-05,1.750000054016709e-05,1.750000054016709e-05,1.750000054016709e-05,1.750000054016709e-05,0.0,0.0,0.0,True,False,False,False
2025-12-31,BAY.L,0.06,0.06,0.06,0.06,0.06,0.0,0.0,0.0,True,False,False,False
2025-12-31,SPDI.L,0.00017500000074505807,0.00017500000074505807,0.00017500000074505807,0.00017500000074505807,0.00017500000074505807,0.0,0.0,0.0,True,True,True,True
2025-12-31,VOX.L,1.750000054016709e-05,1.750000054016709e-05,1.750000054016709e-05,1.750000054016709e-05,1.750000054016709e-05,0.0,0.0,0.0,True,False,False,False
