Date,Open,High,Low,Close,Adj Close,Volume,Dividends,Stock Splits,Capital Gains,Repaired?
2009-01-02,15.875,16.1225,15.875,16.135,12.757681570142307,31458,0.0,0.0,0.0,True
2009-01-05,16.53,16.53,16.38,16.5675,13.099650483142266,23923,0.0,0.0,0.0,True
2009-01-06,16.7,16.927500000000002,16.7,16.575,13.10558273319065,124365,0.0,0.0,0.0,True
2009-01-07,16.3,16.3,15.6,15.6,12.334666955576008,110884,0.0,0.0,0.0,True
2009-01-08,15.33,15.422500000000001,15.012500000000001,15.185,12.006532541220965,24233,0.0,0.0,0.0,True
2009-01-09,15.0425,15.0725,15.0,14.9075,11.787114760887638,61584,0.0,0.0,0.0,True
2009-01-12,14.975,15.0525,14.8,14.6775,11.605259511809999,23729,0.0,0.0,0.0,True
2009-01-13,14.7675,15.06,14.6525,15.040000000000001,11.89187978681971,79758,0.0,0.0,0.0,True
2009-01-14,15.040000000000001,15.040000000000001,14.25,14.3975,11.383863992266281,41459,0.0,0.0,0.0,True
2009-01-15,14.182500000000001,14.2975,13.99,13.99,11.06166763345633,25589,0.0,0.0,0.0,True
2009-01-16,14.44,14.450000000000001,14.25,14.22,11.243523850116752,15707,0.0,0.0,0.0,True
2009-01-19,14.725,14.725,14.4125,14.415000000000001,11.397705263990666,67322,0.0,0.0,0.0,True
2009-01-20,14.9375,14.9375,14.565,14.615,11.555843123868154,47047,0.0,0.0,0.0,True
2009-01-21,14.7475,14.805,14.515,14.6125,11.553863449492193,26575,0.0,0.0,0.0,True
2009-01-22,14.6125,14.625,14.55,14.44,11.417473947849524,9960,0.0,0.0,0.0,True
2009-01-23,14.3275,14.7225,14.3275,14.625,11.563750210378583,14392,0.0,0.0,0.0,True
2009-01-26,14.7825,15.01,14.68,14.965,11.832580508322609,57468,0.0,0.0,0.0,True
2009-01-27,14.85,14.85,14.700000000000001,14.76,11.670491040355481,68643,0.0,0.0,0.0,True
2009-01-28,15.0975,15.102500000000001,14.98,15.0975,11.937347469420258,120446,0.0,0.0,0.0,True
2009-01-29,14.967500000000001,14.977500000000001,14.700000000000001,14.7775,11.684327474165954,67147,0.0,0.0,0.0,True
2009-01-30,14.6225,14.6225,14.307500000000001,14.32,11.322591812472705,24955,0.0,0.0,0.0,True
2009-02-02,14.4375,14.4475,14.255,14.4175,11.399683003201057,72621,0.0,0.0,0.0,True
2009-02-03,14.5,14.505,14.34,14.385,11.373986907207728,122475,0.0,0.0,0.0,True
2009-02-04,14.6,14.8275,14.58,14.775,11.682350702538349,167498,0.0,0.0,0.0,True
2009-02-05,14.6775,14.6775,14.26,14.620000000000001,11.559794731957798,104006,0.0,0.0,0.0,True
2009-02-06,14.86,15.200000000000001,14.86,15.1675,11.992692237079352,140924,0.0,0.0,0.0,True
2009-02-09,14.9875,15.2675,14.9875,15.205,12.022342843910684,50842,0.0,0.0,0.0,True
2009-02-10,13.5,15.255,13.5,14.950000000000001,11.820719878556963,275403,0.0,0.0,0.0,True
2009-02-11,15.1225,15.370000000000001,15.0825,15.3125,12.107343056315038,80805,0.0,0.0,0.0,True
2009-02-12,15.0425,15.1,14.8725,14.9625,11.83060470427779,18607,0.0,0.0,0.0,True
2009-02-13,15.0525,15.225,15.035,15.18,12.002578030382965,185721,0.0,0.0,0.0,True
2009-02-16,15.1575,15.1575,15.02,15.0225,11.878043353009241,3455,0.0,0.0,0.0,True
2009-02-17,14.7225,14.7225,14.24,14.275,11.287007988010203,89336,0.0,0.0,0.0,True
2009-02-18,14.245000000000001,14.3925,14.092500000000001,14.2675,11.281081543458512,137799,0.0,0.0,0.0,True
2009-02-19,14.35,14.42,14.307500000000001,14.290000000000001,11.298868617775847,82553,0.0,0.0,0.0,True
2009-02-20,13.92,13.92,13.69,13.6675,10.806667963826053,85409,0.0,0.0,0.0,True
2009-02-23,14.0725,14.0725,13.47,13.4725,10.652488485117717,53115,0.0,0.0,0.0,True
2009-02-24,13.47,13.557500000000001,13.43,13.55,10.713762600076851,85632,0.0,0.0,0.0,True
2009-02-25,13.655000000000001,13.9275,13.595,13.842500000000001,10.94503520467912,115956,0.0,0.0,0.0,True
2009-02-26,14.0,14.040000000000001,13.9075,13.9575,11.035968634714642,36166,0.0,0.0,0.0,True
2009-02-27,13.91,13.94,13.5,13.625,10.7730647813223,37043,0.0,0.0,0.0,True
2009-03-02,13.25,13.3125,13.185,13.16,10.405396869580661,65333,0.0,0.0,0.0,True
2009-03-03,13.265,13.265,13.040000000000001,12.9875,10.269005432772433,69316,0.0,0.0,0.0,True
2009-03-04,13.5475,13.765,13.5475,13.7575,10.87782883967159,6786,0.0,0.0,0.0,True
2009-03-05,13.5675,13.5675,13.4025,13.3625,10.565515371416895,95584,0.0,0.0,0.0,True
2009-03-06,13.5425,13.57,13.352500000000001,13.44,10.626784648462104,98637,0.0,0.0,0.0,True
2009-03-09,13.4175,13.790000000000001,13.4125,13.76,10.879806578881976,27271,0.0,0.0,0.0,True
2009-03-10,13.92,14.557500000000001,13.92,14.557500000000001,11.510378344015958,229740,0.0,0.0,0.0,True
2009-03-11,14.477500000000001,14.7575,14.477500000000001,14.620000000000001,11.559794731957798,126445,0.0,0.0,0.0,True
2009-03-12,14.425,14.8575,14.290000000000001,14.8275,11.723860971552536,76078,0.0,0.0,0.0,True
2009-03-13,14.9,15.06,14.7375,14.7375,11.652697192958662,163680,0.0,0.0,0.0,True
2009-03-16,15.0425,15.215,15.0275,15.13,11.96304743574472,127982,0.0,0.0,0.0,True
2009-03-17,14.950000000000001,15.1975,14.8925,15.145,11.974903227596451,227997,0.0,0.0,0.0,True
2009-03-18,15.255,15.35,15.1,15.18,12.002578030382965,33209,0.0,0.0,0.0,True
2009-03-19,15.24,15.32,15.07,15.0975,11.937347469420258,79669,0.0,0.0,0.0,True
2009-03-20,14.88,15.200000000000001,14.88,15.17,11.994671911455313,931254,0.0,0.0,0.0,True
2009-03-23,15.5,16.0025,15.25,15.965,12.623263034630554,176632,0.0,0.0,0.0,True
2009-03-24,15.96,15.96,15.55,15.66,12.382104636724673,124546,0.0,0.0,0.0,True
2009-03-25,15.950000000000001,16.0575,15.7725,16.035,12.678612640203568,46755,0.0,0.0,0.0,True
2009-03-26,16.125,16.325,16.125,16.3225,12.905935571881756,72653,0.0,0.0,0.0,True
2009-03-27,16.35,16.4475,16.13,16.1925,12.803149252742854,906168,0.0,0.0,0.0,True
2009-03-30,15.84,15.84,15.39,15.39,12.168620074022524,802685,0.0,0.0,0.0,True
2009-03-31,15.610000000000001,15.795,15.5975,15.68,12.397918809745535,63447,0.0,0.0,0.0,True
2009-04-01,15.6425,15.9425,15.605,15.870000000000001,12.548151518278162,517450,0.0,0.0,0.0,True
2009-04-02,16.18,16.8325,16.18,16.802500000000002,13.285460243057901,181049,0.0,0.0,0.0,True
2009-04-03,16.6,16.66,16.47,16.490000000000002,13.038373465434761,342285,0.0,0.0,0.0,True
2009-04-06,16.642500000000002,16.775,16.3875,16.545,13.081861473659359,129087,0.0,0.0,0.0,True
2009-04-07,16.66,16.6625,16.29,16.4525,13.00872576135179,123952,0.0,0.0,0.0,True
2009-04-08,16.09,16.55,16.0575,16.5375,13.075932126359314,133274,0.0,0.0,0.0,True
2009-04-09,16.76,17.3,16.76,17.265,13.65115428592028,75367,0.0,0.0,0.0,True
2009-04-14,17.2475,17.400000000000002,17.12,17.255,13.64324623182706,567374,0.0,0.0,0.0,True
2009-04-15,17.12,17.12,16.9425,17.017500000000002,13.455457765118236,12780,0.0,0.0,0.0,True
2009-04-16,17.2,17.46,17.2,17.25,13.63929172098906,88961,0.0,0.0,0.0,True
2009-04-17,17.28,17.47,17.28,17.3625,13.728244509065853,49989,0.0,0.0,0.0,True
2009-04-20,17.425,17.425,16.895,17.0225,13.45940937320789,120305,0.0,0.0,0.0,True
2009-04-21,17.17,17.19,16.7425,17.025,13.461389047583857,65580,0.0,0.0,0.0,True
2009-04-22,17.02,17.43,17.02,17.43,13.78161347268012,60359,0.0,0.0,0.0,True
2009-04-23,17.400000000000002,17.400000000000002,17.125,17.12,13.536503466684593,115478,0.0,0.0,0.0,True
2009-04-24,17.47,17.57,17.3675,17.59,13.908127824429792,45394,0.0,0.0,0.0,True
2009-04-27,17.1475,17.305,17.1225,17.2075,13.605689506068089,89211,0.0,0.0,0.0,True
2009-04-28,16.79,17.0,16.605,16.935,13.390227204155542,132122,0.0,0.0,0.0,True
2009-04-29,17.105,17.7,17.105,17.6475,13.953588733950857,152388,0.0,0.0,0.0,True
2009-04-30,17.885,18.150000000000002,17.885,18.0725,14.289628299650762,233825,0.0,0.0,0.0,True
2009-05-01,17.8625,17.985,17.785,17.9225,14.171025872325439,45696,0.0,0.0,0.0,True
2009-05-05,18.5825,18.79,18.5075,18.6,14.706720339996513,437487,0.0,0.0,0.0,True
2009-05-06,18.525000000000002,19.080000000000002,18.525000000000002,18.935,14.971594191936983,332762,0.0,0.0,0.0,True
2009-05-07,18.89,19.3875,18.845,18.845,14.900432348508668,493360,0.0,0.0,0.0,True
2009-05-08,19.035,19.22,18.9075,19.06,15.070430838151792,172334,0.0,0.0,0.0,True
2009-05-11,18.9825,18.9825,18.740000000000002,18.85,14.904389762095018,104891,0.0,0.0,0.0,True
2009-05-12,18.8,18.945,18.7375,18.81,14.872758513304937,165092,0.0,0.0,0.0,True
2009-05-13,18.77,18.785,18.315,18.3525,14.511021884028919,87422,0.0,0.0,0.0,True
2009-05-14,18.2575,18.39,18.1275,18.3725,14.526836057049778,38495,0.0,0.0,0.0,True
2009-05-15,18.44,18.495,18.330000000000002,18.4375,14.57822824903644,76764,0.0,0.0,0.0,True
2009-05-18,18.55,19.0275,18.55,19.0,15.022989286671997,205311,0.0,0.0,0.0,True
2009-05-19,19.085,19.275000000000002,19.06,19.2175,15.19496358035996,207379,0.0,0.0,0.0,True
2009-05-20,19.27,19.4575,19.1475,19.3075,15.266120585874338,145905,0.0,0.0,0.0,True
2009-05-21,18.91,18.98,18.5225,18.4975,14.625670768099027,296710,0.0,0.0,0.0,True
2009-05-22,18.62,18.7725,18.52,18.765,14.83717855917357,140684,0.0,0.0,0.0,True
2009-05-26,18.47,18.66,18.3125,18.665,14.758108661652049,216874,0.0,0.0,0.0,True
2009-05-27,18.73,18.82,18.7,18.7925,14.858922079494466,116713,0.0,0.0,0.0,True
2009-05-28,18.8,18.93,18.7,18.875,14.924153608039957,245486,0.0,0.0,0.0,True
2009-05-29,19.0425,19.150000000000002,18.98,19.0075,15.02892153672038,191202,0.0,0.0,0.0,True
2009-06-01,19.3425,19.555,19.1975,19.5125,15.428214891755392,404509,0.0,0.0,0.0,True
2009-06-02,19.19,19.305,19.1,19.1825,15.167287809990658,190699,0.0,0.0,0.0,True
2009-06-03,19.16,19.16,18.650000000000002,18.7,14.785782496855777,48591,0.0,0.0,0.0,True
2009-06-04,18.7775,19.12,18.7475,19.04,15.054613762382589,110153,0.0,0.0,0.0,True
2009-06-05,19.4425,19.6975,19.28,19.5,15.418332001200136,42562,0.0,0.0,0.0,True
2009-06-08,19.495,19.495,18.9975,18.955000000000002,14.987412235288971,274832,0.0,0.0,0.0,True
2009-06-09,18.830000000000002,18.96,18.78,18.7775,14.847064352477178,71937,0.0,0.0,0.0,True
2009-06-10,19.135,19.1925,18.86,18.915,14.955779051333323,456427,0.0,0.0,0.0,True
2009-06-11,18.962500000000002,19.07,18.96,19.0025,15.024964123134033,43021,0.0,0.0,0.0,True
2009-06-12,18.85,19.0675,18.85,18.88,14.92810715129517,160013,0.0,0.0,0.0,True
2009-06-15,18.7575,18.7575,18.392500000000002,18.392500000000002,14.542650230070628,144785,0.0,0.0,0.0,True
2009-06-16,18.47,18.47,18.2375,18.330000000000002,14.493226101466519,594500,0.0,0.0,0.0,True
2009-06-17,18.225,18.225,17.82,17.8725,14.131495277687204,102063,0.0,0.0,0.0,True
2009-06-18,17.915,17.95,17.7,17.85,14.113703365455951,92953,0.0,0.0,0.0,True
2009-06-19,17.77,17.77,17.77,17.915,14.16509846019097,95672,0.0,0.0,0.0,True
2009-06-22,17.94,17.94,17.94,17.365000000000002,13.730220313110665,33585,0.0,0.0,0.0,True
2009-06-23,17.32,17.32,17.32,17.165,13.572079550484833,34048,0.0,0.0,0.0,True
2009-06-24,17.35,17.8425,17.35,17.82,14.089981138341871,169250,0.0,0.0,0.0,True
2009-06-25,17.93,18.0,17.76,17.9775,14.214513880550022,306767,0.0,0.0,0.0,True
2009-06-26,18.1175,18.22,18.05,18.05,14.271840257750656,123726,0.0,0.0,0.0,True
2009-06-29,18.1075,18.267500000000002,18.1075,18.22,14.406255890514055,28398,0.0,0.0,0.0,True
2009-06-30,18.09,18.255,17.975,18.0025,14.23428353199167,135175,0.0,0.0,0.0,True
2009-07-01,18.42,18.650000000000002,18.4175,18.5725,14.684973916927243,195423,0.0,0.0,0.0,True
2009-07-02,18.490000000000002,18.490000000000002,18.0925,18.0925,14.305442472671633,106730,0.0,0.0,0.0,True
2009-07-03,18.3675,18.375,18.2825,18.395,14.544629904446602,11323,0.0,0.0,0.0,True
2009-07-06,18.405,18.405,18.0325,18.065,14.28370185509908,591996,0.0,0.0,0.0,True
2009-07-07,18.28,18.375,18.1,18.1325,14.337069851130565,245892,0.0,0.0,0.0,True
2009-07-08,17.985,18.09,17.855,17.77,14.05045054370364,35835,0.0,0.0,0.0,True
2009-07-09,17.97,18.07,17.7925,17.8475,14.111725626245548,114269,0.0,0.0,0.0,True
2009-07-10,17.9075,17.9075,17.7,17.61,13.923939094702305,64290,0.0,0.0,0.0,True
2009-07-13,17.47,17.7,17.47,17.685,13.983238373199406,98119,0.0,0.0,0.0,True
2009-07-14,17.8125,17.895,17.775000000000002,17.8175,14.088005334297048,138972,0.0,0.0,0.0,True
2009-07-15,18.19,18.495,18.150000000000002,18.51,14.635555593819854,81171,0.0,0.0,0.0,True
2009-07-16,18.5275,18.665,18.46,18.5225,14.645436549209538,289120,0.0,0.0,0.0,True
2009-07-17,18.875,18.92,18.84,18.9175,14.95775679054372,149322,0.0,0.0,0.0,True
2009-07-20,19.0725,19.3325,19.0725,19.305,15.264146716995088,64336,0.0,0.0,0.0,True
2009-07-21,19.34,19.59,19.335,19.415,15.35112273344426,203377,0.0,0.0,0.0,True
2009-07-22,19.43,19.455000000000002,19.28,19.43,15.362982395627123,290395,0.0,0.0,0.0,True
2009-07-23,19.45,19.900000000000002,19.365000000000002,19.8425,15.68913907077177,224851,0.0,0.0,0.0,True
2009-07-24,19.64,19.88,19.64,19.77,15.63181559631951,188421,0.0,0.0,0.0,True
2009-07-27,19.91,20.0075,19.740000000000002,19.92,15.750418023644832,18373,0.0,0.0,0.0,True
2009-07-28,20.0075,20.150000000000002,19.79,19.79,15.647629769340366,223102,0.0,0.0,0.0,True
2009-07-29,19.900000000000002,19.94,19.5725,19.625,15.51716671224939,42589,0.0,0.0,0.0,True
2009-07-30,19.76,20.09,19.6,20.0725,15.870997222597765,53099,0.0,0.0,0.0,True
2009-07-31,20.052500000000002,20.1075,19.975,19.9525,15.776115087220951,334344,0.0,0.0,0.0,True
2009-08-03,20.05,20.3,20.05,20.19,15.963904521512557,208408,0.0,0.0,0.0,True
2009-08-04,19.94,20.2225,19.94,20.2225,15.98960158508866,118007,0.0,0.0,0.0,True
2009-08-05,19.92,20.01,19.837500000000002,19.8,15.655537823433576,136944,0.0,0.0,0.0,True
2009-08-06,19.990000000000002,20.17,19.88,20.03,15.837396942842371,116823,0.0,0.0,0.0,True
2009-08-07,20.01,20.365000000000002,19.8775,20.325,16.070646319072228,260321,0.0,0.0,0.0,True
2009-08-10,20.32,20.4775,20.21,20.44,16.161574911193842,298594,0.0,0.0,0.0,True
2009-08-11,20.490000000000002,20.5725,19.96,19.9925,15.807742465679885,79552,0.0,0.0,0.0,True
2009-08-12,19.9125,20.087500000000002,19.78,20.1275,15.914486198405138,21702,0.0,0.0,0.0,True
2009-08-13,20.2775,20.41,20.255,20.2975,16.048899896002983,213482,0.0,0.0,0.0,True
2009-08-14,20.43,20.535,20.080000000000002,20.045,15.8492517671113,40608,0.0,0.0,0.0,True
2009-08-17,19.900000000000002,19.900000000000002,19.5575,19.6225,15.515192843370128,63542,0.0,0.0,0.0,True
2009-08-18,19.77,19.77,19.580000000000002,19.6375,15.527047667639087,162751,0.0,0.0,0.0,True
2009-08-19,19.57,19.6175,19.5225,19.595,15.493445452718092,154765,0.0,0.0,0.0,True
2009-08-20,19.900000000000002,20.0725,19.900000000000002,20.0225,15.831462757628401,64400,0.0,0.0,0.0,True
2009-08-21,20.04,20.3275,20.0275,20.315,16.062734394647883,154134,0.0,0.0,0.0,True
2009-08-24,20.6,20.8625,20.5,20.7775,16.4284313402586,36847,0.0,0.0,0.0,True
2009-08-25,20.53,20.895,20.53,20.85,16.485752879545323,143701,0.0,0.0,0.0,True
2009-08-26,20.56,20.66,20.4925,20.5125,16.218892580149408,28991,0.0,0.0,0.0,True
2009-08-27,20.55,20.665,20.3225,20.34,16.082507916420656,389037,0.0,0.0,0.0,True
2009-08-28,20.4025,20.580000000000002,20.4025,20.455000000000002,16.173433605793907,64365,0.0,0.0,0.0,True
2009-09-01,20.302500000000002,20.462500000000002,20.155,20.155,15.936227783560485,43549,0.0,0.0,0.0,True
2009-09-02,20.1625,20.1625,19.945,19.9825,15.799839249500593,67332,0.0,0.0,0.0,True
2009-09-03,20.09,20.14,20.0125,20.1,15.89274074291867,290167,0.0,0.0,0.0,True
2009-09-04,20.44,20.445,20.3,20.445,16.16552651928348,39781,0.0,0.0,0.0,True
2009-09-07,20.6325,20.82,20.595,20.77,16.422501992958576,50429,0.0,0.0,0.0,True
2009-09-08,20.885,20.8975,20.740000000000002,20.88,16.509478009407747,1859761,0.0,0.0,0.0,True
2009-09-09,20.7475,21.09,20.7475,20.9775,16.58655758914269,415632,0.0,0.0,0.0,True
2009-09-10,21.09,21.1,20.8475,20.9025,16.527264116142295,277512,0.0,0.0,0.0,True
2009-09-11,20.97,21.1575,20.955000000000002,21.052500000000002,16.64586847863319,167795,0.0,0.0,0.0,True
2009-09-14,20.865000000000002,21.0025,20.71,20.935,16.55295537422172,132042,0.0,0.0,0.0,True
2009-09-15,21.0375,21.3775,20.8975,21.35,16.88109172374233,83979,0.0,0.0,0.0,True
2009-09-16,21.595,21.7475,21.57,21.7025,17.159819425983375,475315,0.0,0.0,0.0,True
2009-09-17,21.965,21.965,21.830000000000002,21.92,17.331793719671325,258707,0.0,0.0,0.0,True
2009-09-18,21.9525,22.2225,21.9225,22.150000000000002,17.51364509841783,517895,0.0,0.0,0.0,True
2009-09-21,22.2,22.2,21.9025,22.025000000000002,17.41480458187188,294736,0.0,0.0,0.0,True
2009-09-22,22.0275,22.1675,22.0275,22.1225,17.49189577260023,73003,0.0,0.0,0.0,True
2009-09-23,22.1875,22.25,21.9775,21.9775,17.37725462919238,55140,0.0,0.0,0.0,True
2009-09-24,21.875,22.28,21.875,22.025000000000002,17.41480458187188,174156,0.0,0.0,0.0,True
2009-09-25,22.212500000000002,22.2575,22.13,22.16,17.521552184928254,45501,0.0,0.0,0.0,True
2009-09-28,22.1,22.5,22.0375,22.4725,17.768639930134167,319822,0.0,0.0,0.0,True
2009-09-29,22.36,22.5425,22.285,22.3975,17.70933871647151,171463,0.0,0.0,0.0,True
2009-09-30,22.28,22.51,22.2075,22.37,17.687589390653905,90507,0.0,0.0,0.0,True
2009-10-01,22.4125,22.5325,22.0625,22.0375,17.42468747242713,266067,0.0,0.0,0.0,True
2009-10-02,22.155,22.155,21.77,21.95,17.355505303374777,93374,0.0,0.0,0.0,True
2009-10-05,22.065,22.325,22.065,22.3175,17.646080089222497,441439,0.0,0.0,0.0,True
2009-10-06,22.525000000000002,23.0575,22.4675,23.04,18.2173506406938,401437,0.0,0.0,0.0,True
2009-10-07,23.0,23.0025,22.73,22.845,18.063168259237102,174566,0.0,0.0,0.0,True
2009-10-08,22.900000000000002,22.990000000000002,22.837500000000002,22.95,18.14619266759663,489518,0.0,0.0,0.0,True
2009-10-09,22.985,23.27,22.985,23.26,18.39130654392328,170766,0.0,0.0,0.0,True
2009-10-12,23.330000000000002,23.68,23.28,23.6075,18.66606715675015,78046,0.0,0.0,0.0,True
2009-10-13,23.64,23.6475,23.325,23.36,18.470365798034198,211882,0.0,0.0,0.0,True
2009-10-14,23.5725,23.885,23.5725,23.900000000000002,18.897340728935202,115852,0.0,0.0,0.0,True
2009-10-15,23.712500000000002,23.712500000000002,23.31,23.45,18.541525706296934,226399,0.0,0.0,0.0,True
2009-10-16,23.330000000000002,23.330000000000002,22.96,22.98,18.169915862293482,129744,0.0,0.0,0.0,True
2009-10-19,23.23,23.44,23.23,23.3625,18.472345472410158,275442,0.0,0.0,0.0,True
2009-10-20,23.53,23.53,23.03,23.06,18.233164813714662,860717,0.0,0.0,0.0,True
2009-10-21,23.0575,23.0575,22.642500000000002,23.017500000000002,18.199556793296992,892047,0.0,0.0,0.0,True
2009-10-22,22.4925,22.740000000000002,22.4925,22.677500000000002,17.930729398101306,564116,0.0,0.0,0.0,True
2009-10-23,22.95,23.490000000000002,22.85,23.145,18.300375049053347,214320,0.0,0.0,0.0,True
2009-10-26,23.400000000000002,23.400000000000002,23.017500000000002,22.97,18.162006840617494,92338,0.0,0.0,0.0,True
2009-10-27,22.89,22.96,22.73,22.655,17.912929745207776,423989,0.0,0.0,0.0,True
2009-10-28,22.31,22.31,21.6975,21.6275,17.10050466616173,686400,0.0,0.0,0.0,True
2009-10-29,21.43,21.9875,21.43,22.0125,17.404923626482198,169431,0.0,0.0,0.0,True
2009-10-30,22.09,22.09,21.3125,21.3625,16.890972679132013,200261,0.0,0.0,0.0,True
2009-11-02,21.68,21.94,21.615000000000002,21.9225,17.333769523716146,81670,0.0,0.0,0.0,True
2009-11-03,21.650000000000002,21.650000000000002,21.35,21.4025,16.922610701001574,84987,0.0,0.0,0.0,True
2009-11-04,21.885,22.1075,21.8425,22.01,17.402949757602936,307591,0.0,0.0,0.0,True
2009-11-05,21.8075,22.22,21.715,22.195,17.549223117383644,221665,0.0,0.0,0.0,True
2009-11-06,22.285,22.36,22.06,22.1575,17.519572510552297,105121,0.0,0.0,0.0,True
2009-11-09,22.28,22.705000000000002,22.28,22.715,17.960383875263773,244185,0.0,0.0,0.0,True
2009-11-10,22.705000000000002,22.8325,22.6,22.725,17.96828709144307,218501,0.0,0.0,0.0,True
2009-11-11,22.8725,23.1925,22.8725,23.142500000000002,18.298395374677376,128716,0.0,0.0,0.0,True
2009-11-12,22.95,23.1275,22.91,22.9075,18.112586582344516,744676,0.0,0.0,0.0,True
2009-11-13,22.72,22.7625,22.650000000000002,22.785,18.015727675340095,231497,0.0,0.0,0.0,True
2009-11-16,23.065,23.37,23.0,23.32,18.438743257489165,25149,0.0,0.0,0.0,True
2009-11-17,22.95,23.0425,22.905,22.92,18.122471408065337,39454,0.0,0.0,0.0,True
2009-11-18,23.0675,23.1875,23.05,23.115000000000002,18.276649919190902,85703,0.0,0.0,0.0,True
2009-11-19,23.017500000000002,23.0225,22.635,22.66,17.91688715879413,45928,0.0,0.0,0.0,True
2009-11-20,22.925,22.9975,22.81,22.8675,18.080952430806082,259836,0.0,0.0,0.0,True
2009-11-23,23.255,23.3825,23.205000000000002,23.34,18.454551625013334,98819,0.0,0.0,0.0,True
2009-11-24,22.995,23.235,22.98,22.9725,18.163984579827897,91051,0.0,0.0,0.0,True
2009-11-25,23.0675,23.1575,23.01,23.087500000000002,18.254908334035573,418019,0.0,0.0,0.0,True
2009-11-26,23.05,23.05,22.655,22.615000000000002,17.881311074993892,21206,0.0,0.0,0.0,True
2009-11-27,22.235,22.725,22.1025,22.6125,17.879337206114638,598909,0.0,0.0,0.0,True
2009-11-30,22.8175,22.8175,22.5225,22.665,17.92084457238049,225491,0.0,0.0,0.0,True
2009-12-01,22.93,23.23,22.93,23.23,18.36757367339859,859333,0.0,0.0,0.0,True
2009-12-02,23.2375,23.345,23.1125,23.2975,18.420945539761217,82613,0.0,0.0,0.0,True
2009-12-03,23.385,23.5325,23.375,23.4375,18.531646686072822,136849,0.0,0.0,0.0,True
2009-12-04,23.337500000000002,23.685,23.2,23.455000000000002,18.54548118471772,104136,0.0,0.0,0.0,True
2009-12-07,23.435,23.6,23.427500000000002,23.5275,18.602806594335558,120623,0.0,0.0,0.0,True
2009-12-08,23.5025,23.6475,23.265,23.337500000000002,18.452575820968505,468964,0.0,0.0,0.0,True
2009-12-09,23.39,23.4425,23.240000000000002,23.395,18.498048341482974,67741,0.0,0.0,0.0,True
2009-12-10,23.35,23.52,23.32,23.4775,18.56327890244567,355040,0.0,0.0,0.0,True
2009-12-11,23.575,23.650000000000002,23.4475,23.4825,18.56722470503863,132711,0.0,0.0,0.0,True
2009-12-14,23.77,23.77,23.585,23.6025,18.662109743163793,263024,0.0,0.0,0.0,True
2009-12-15,23.665,23.665,23.5,23.6475,18.697683891798455,50677,0.0,0.0,0.0,True
2009-12-16,23.4925,23.5675,23.4525,23.5275,18.602806594335558,129526,0.0,0.0,0.0,True
2009-12-17,23.3775,23.47,23.22,23.1975,18.341886285650315,213374,0.0,0.0,0.0,True
2009-12-18,23.21,23.21,23.0625,23.11,18.27269831110126,122488,0.0,0.0,0.0,True
2009-12-21,23.21,23.3425,23.150000000000002,23.3225,18.440720996699564,108079,0.0,0.0,0.0,True
2009-12-22,23.385,23.5425,23.3675,23.44,18.53362636044877,371315,0.0,0.0,0.0,True
2009-12-23,23.73,23.8775,23.677500000000002,23.765,18.79059506104437,399447,0.0,0.0,0.0,True
2009-12-24,23.990000000000002,24.0,23.990000000000002,23.96,18.944781312832227,2872,0.0,0.0,0.0,True
2009-12-29,23.9775,24.17,23.95,24.2075,19.14047299572033,221800,0.0,0.0,0.0,True
2009-12-30,24.26,24.28,24.080000000000002,23.96,18.944781312832227,99603,0.0,0.0,0.0,True
2009-12-31,24.085,24.240000000000002,24.085,24.0475,19.013965417050123,36515,0.0,0.0,0.0,True
2010-01-04,24.212500000000002,24.735,24.142500000000002,24.7,19.52988442778286,89672,0.0,0.0,0.0,True
2010-01-05,24.85,25.0725,24.85,25.0425,19.800697302851212,240174,0.0,0.0,0.0,True
2010-01-06,25.135,25.2625,25.055,25.23,19.9489484018423,235373,0.0,0.0,0.0,True
2010-01-07,25.135,25.185000000000002,25.01,25.12,19.86197625572425,136824,0.0,0.0,0.0,True
2010-01-08,25.1,25.115000000000002,24.872500000000002,25.095,19.84220853944818,191748,0.0,0.0,0.0,True
2010-01-11,25.1475,25.18,24.835,24.86,19.656393941618628,352384,0.0,0.0,0.0,True
2010-01-12,24.98,24.98,24.575,24.5975,19.448845499296006,31438,0.0,0.0,0.0,True
2010-01-13,24.39,24.5,24.3,24.365000000000002,19.265014446173534,146560,0.0,0.0,0.0,True
2010-01-14,24.455000000000002,24.552500000000002,24.337500000000002,24.3475,19.251174142031935,95333,0.0,0.0,0.0,True
2010-01-15,24.4475,24.4475,24.21,24.2325,19.16024071199639,34334,0.0,0.0,0.0,True
2010-01-18,24.2575,24.3675,24.195,24.35,19.25314994607675,22254,0.0,0.0,0.0,True
2010-01-19,24.1025,24.41,24.04,24.3775,19.27487992023868,92889,0.0,0.0,0.0,True
2010-01-20,24.2275,24.28,23.785,23.8125,18.828152754386135,408745,0.0,0.0,0.0,True
2010-01-21,23.9725,24.04,23.6075,23.565,18.63245333083575,98010,0.0,0.0,0.0,True
2010-01-22,23.4175,23.4375,23.150000000000002,23.3075,18.42885649660278,552215,0.0,0.0,0.0,True
2010-01-25,23.285,23.45,22.945,22.9375,18.13630784187581,198403,0.0,0.0,0.0,True
2010-01-26,22.6375,22.740000000000002,22.5675,22.71,17.956432267174137,560552,0.0,0.0,0.0,True
2010-01-27,22.52,22.55,22.240000000000002,22.3075,17.638176873043204,119713,0.0,0.0,0.0,True
2010-01-28,22.740000000000002,22.740000000000002,22.29,22.29,17.624338504067172,127186,0.0,0.0,0.0,True
2010-01-29,22.5,22.935,22.5,22.7275,17.97026096032232,193860,0.0,0.0,0.0,True
2010-02-01,22.767500000000002,23.04,22.7275,23.04,18.2173506406938,51660,0.0,0.0,0.0,True
2010-02-02,23.0425,23.1625,23.0,23.155,18.308284070729332,195827,0.0,0.0,0.0,True
2010-02-03,23.2625,23.4575,23.2525,23.2875,18.41305393457533,126699,0.0,0.0,0.0,True
2010-02-04,23.25,23.25,22.677500000000002,22.7175,17.962361614474162,96716,0.0,0.0,0.0,True
2010-02-05,22.535,22.535,22.017500000000002,22.1,17.4741019252034,331837,0.0,0.0,0.0,True
2010-02-08,22.345,22.53,22.2475,22.41,17.71921967186121,270454,0.0,0.0,0.0,True
2010-02-09,22.6075,22.7475,22.56,22.72,17.964333548187852,225550,0.0,0.0,0.0,True
2010-02-10,22.7725,22.9725,22.6525,22.795,18.02363282668495,131852,0.0,0.0,0.0,True
2010-02-11,23.1275,23.1275,22.88,23.0,18.185718424320946,121551,0.0,0.0,0.0,True
2010-02-12,22.6575,23.0,22.6575,22.8125,18.03747119566099,77490,0.0,0.0,0.0,True
2010-02-15,23.0925,23.11,23.035,23.035,18.21339709743859,45241,0.0,0.0,0.0,True
2010-02-16,23.2025,23.405,23.185,23.415,18.513856709007133,63552,0.0,0.0,0.0,True
2010-02-17,23.4975,23.595,23.4975,23.4825,18.56722470503863,36118,0.0,0.0,0.0,True
2010-02-18,23.55,23.77,23.5225,23.725,18.75896671500266,140105,0.0,0.0,0.0,True
2010-02-19,23.615000000000002,23.975,23.615000000000002,24.0275,18.998151244029273,170665,0.0,0.0,0.0,True
2010-02-22,24.065,24.065,23.85,23.8725,18.875593338283156,110483,0.0,0.0,0.0,True
2010-02-23,23.98,24.0425,23.585,23.6225,18.677931656846944,93049,0.0,0.0,0.0,True
2010-02-24,23.665,23.73,23.52,23.6825,18.725366435247253,107398,0.0,0.0,0.0,True
2010-02-25,23.5225,23.675,23.2925,23.445,18.53757796853842,354269,0.0,0.0,0.0,True
2010-02-26,23.8,24.01,23.8,23.990000000000002,18.968502572363505,47321,0.0,0.0,0.0,True
2010-03-01,24.64,24.96,24.46,24.9025,19.68999809170517,375269,0.0,0.0,0.0,True
2010-03-02,25.142500000000002,25.3475,25.02,25.3225,20.022087984480997,82173,0.0,0.0,0.0,True
2010-03-03,25.1625,25.3675,24.9925,25.2925,19.998374465611974,107904,0.0,0.0,0.0,True
2010-03-04,24.990000000000002,25.045,24.9175,24.995,19.763141544675,94090,0.0,0.0,0.0,True
2010-03-05,25.2875,25.5225,25.26,25.392500000000002,20.077427914226178,274499,0.0,0.0,0.0,True
2010-03-08,25.5675,25.765,25.5,25.6575,20.286959901255898,171843,0.0,0.0,0.0,True
2010-03-09,25.85,25.9525,25.615000000000002,25.895,20.474756108626995,278382,0.0,0.0,0.0,True
2010-03-10,26.0275,26.2,26.01,26.2,20.71590870103617,70171,0.0,0.0,0.0,True
2010-03-11,25.9775,25.98,25.8,25.8,20.399644592274594,259019,0.0,0.0,0.0,True
2010-03-12,25.7925,25.86,25.64,25.64,20.273135078438834,350871,0.0,0.0,0.0,True
2010-03-15,25.61,25.72,25.5425,25.55,20.20196162401711,191814,0.0,0.0,0.0,True
2010-03-16,25.75,25.75,25.59,25.61,20.24940801341084,159811,0.0,0.0,0.0,True
2010-03-17,25.810000000000002,25.9025,25.7375,25.795,20.39568330835711,106093,0.0,0.0,0.0,True
2010-03-18,25.7525,25.8125,25.61,25.650000000000002,20.281034424286986,140637,0.0,0.0,0.0,True
2010-03-19,25.925,25.93,25.75,25.8225,20.41743069900914,181124,0.0,0.0,0.0,True
2010-03-22,25.8,25.8,25.525000000000002,25.712500000000002,20.330460488056666,149402,0.0,0.0,0.0,True
2010-03-23,25.86,25.92,25.735,25.7725,20.37788365546358,76189,0.0,0.0,0.0,True
2010-03-24,25.91,26.03,25.84,26.01,20.565681798000234,99540,0.0,0.0,0.0,True
2010-03-25,25.8575,26.1125,25.835,26.09,20.62893655491812,73891,0.0,0.0,0.0,True
2010-03-26,26.175,26.175,25.8575,25.830000000000002,20.423352305646898,28624,0.0,0.0,0.0,True
2010-03-29,26.1,26.2325,25.98,26.19,20.708001614525713,597823,0.0,0.0,0.0,True
2010-03-30,26.212500000000002,26.2825,25.98,25.9875,20.54788988576898,307276,0.0,0.0,0.0,True
2010-03-31,26.135,26.1475,25.88,25.990000000000002,20.54986762497938,328025,0.0,0.0,0.0,True
2010-04-01,26.215,26.48,26.215,26.41,20.881951712258505,131488,0.0,0.0,0.0,True
2010-04-06,26.8,27.02,26.78,26.990000000000002,21.340547248538968,186542,0.0,0.0,0.0,True
2010-04-07,27.0,27.005,26.8,26.885,21.25752671051057,650186,0.0,0.0,0.0,True
2010-04-08,26.7825,26.815,26.5575,26.587500000000002,21.022305400567003,363710,0.0,0.0,0.0,True
2010-04-09,26.7425,26.7425,26.64,26.7025,21.113223349277984,231626,0.0,0.0,0.0,True
2010-04-12,26.6175,26.6175,26.4775,26.59,21.02428313977739,181404,0.0,0.0,0.0,True
2010-04-13,26.39,26.39,26.2975,26.335,20.822652433761412,75257,0.0,0.0,0.0,True
2010-04-14,26.6,26.625,26.4925,26.5975,21.0302086167463,300726,0.0,0.0,0.0,True
2010-04-15,26.4725,26.61,26.4725,26.5475,20.990678989690846,119268,0.0,0.0,0.0,True
2010-04-16,26.4075,26.4075,25.915,25.915,20.490564476151143,141457,0.0,0.0,0.0,True
2010-04-19,25.93,26.0125,25.830000000000002,25.830000000000002,20.423352305646898,315316,0.0,0.0,0.0,True
2010-04-20,26.045,26.17,25.97,26.155,20.68033068207035,389529,0.0,0.0,0.0,True
2010-04-21,26.32,26.34,25.92,25.91,20.486612868061492,89259,0.0,0.0,0.0,True
2010-04-22,25.900000000000002,26.0925,25.7025,25.7025,20.32255146638068,457128,0.0,0.0,0.0,True
2010-04-23,25.975,26.3225,25.965,26.14,20.668473922635847,693143,0.0,0.0,0.0,True
2010-04-26,26.25,26.37,26.245,26.3075,20.80091278377165,894049,0.0,0.0,0.0,True
2010-04-27,26.29,26.3275,25.810000000000002,25.810000000000002,20.407551678785033,179972,0.0,0.0,0.0,True
2010-04-28,25.8975,25.990000000000002,25.73,25.7875,20.38975783138821,285205,0.0,0.0,0.0,True
2010-04-29,25.9225,26.1625,25.905,26.1625,20.686258094204828,256635,0.0,0.0,0.0,True
2010-04-30,26.1875,26.305,26.04,26.115000000000002,20.6487100766909,783866,0.0,0.0,0.0,True
2010-05-04,25.89,26.11,25.21,25.247500000000002,19.96278677081833,82297,0.0,0.0,0.0,True
2010-05-05,25.6,25.6,24.5975,24.900000000000002,19.688020352494775,188724,0.0,0.0,0.0,True
2010-05-06,24.7725,25.0025,24.5825,24.605,19.454770976264896,158518,0.0,0.0,0.0,True
2010-05-07,24.6075,24.93,23.990000000000002,24.35,19.25314994607675,459040,0.0,0.0,0.0,True
2010-05-10,25.3,25.5675,25.1275,25.36,20.051736656146783,363634,0.0,0.0,0.0,True
2010-05-11,25.38,25.6325,25.1475,25.32,20.020110245270608,192296,0.0,0.0,0.0,True
2010-05-12,25.14,25.6475,25.07,25.5775,20.22370707950359,89768,0.0,0.0,0.0,True
2010-05-13,25.7875,26.0,25.7775,26.0,20.55777084115866,122751,0.0,0.0,0.0,True
2010-05-14,25.975,25.985,25.345,25.38,20.06754889400207,169498,0.0,0.0,0.0,True
2010-05-17,25.35,25.735,25.345,25.385,20.071502437257287,326074,0.0,0.0,0.0,True
2010-05-18,25.6825,25.8,25.565,25.695,20.31661437841837,249267,0.0,0.0,0.0,True
2010-05-19,25.3475,25.385,24.61,24.69,19.521981211603574,96068,0.0,0.0,0.0,True
2010-05-20,24.6675,24.69,23.845,23.962500000000002,18.946762922373736,385542,0.0,0.0,0.0,True
2010-05-21,23.82,24.1675,23.5,24.12,19.07128889150241,167740,0.0,0.0,0.0,True
2010-05-24,24.27,24.5675,24.145,24.3425,19.247218663611157,88874,0.0,0.0,0.0,True
2010-05-25,23.595,23.595,23.26,23.3175,18.436769388609918,623044,0.0,0.0,0.0,True
2010-05-26,23.645,24.18,23.6075,24.052500000000002,19.01791315480863,183292,0.0,0.0,0.0,True
2010-05-27,24.122500000000002,24.67,24.122500000000002,24.54,19.4033749139471,774745,0.0,0.0,0.0,True
2010-05-28,24.75,24.845,24.59,24.642500000000002,19.48441964793066,85326,0.0,0.0,0.0,True
2010-06-01,24.6525,24.6525,24.080000000000002,24.3225,19.23140255542473,35091,0.0,0.0,0.0,True
2010-06-02,24.01,24.445,23.895,24.4075,19.29861085559781,145693,0.0,0.0,0.0,True
2010-06-03,24.6725,24.892500000000002,24.67,24.650000000000002,19.490347060065123,33340,0.0,0.0,0.0,True
2010-06-04,24.677500000000002,24.8275,24.23,24.3625,19.263034771797575,66319,0.0,0.0,0.0,True
2010-06-07,24.135,24.267500000000002,23.9425,24.045,19.01198767783975,16478,0.0,0.0,0.0,True
2010-06-08,24.23,24.25,23.97,24.135,19.083139845440208,255182,0.0,0.0,0.0,True
2010-06-09,24.2875,24.392500000000002,24.0825,24.42,19.30849374615306,170893,0.0,0.0,0.0,True
2010-06-10,24.095,24.52,24.0825,24.4575,19.338148223315535,121136,0.0,0.0,0.0,True
2010-06-11,24.5,24.805,24.445,24.8,19.608963033549447,177852,0.0,0.0,0.0,True
2010-06-14,24.855,24.9725,24.84,24.94,19.719656439198776,29755,0.0,0.0,0.0,True
2010-06-15,24.77,24.997500000000002,24.712500000000002,24.8875,19.678137461939524,77777,0.0,0.0,0.0,True
2010-06-16,25.37,25.37,24.955000000000002,25.16,19.893604601765983,369759,0.0,0.0,0.0,True
2010-06-17,25.27,25.32,25.05,25.1075,19.85209530033458,111983,0.0,0.0,0.0,True
2010-06-18,25.087500000000002,25.330000000000002,25.087500000000002,25.330000000000002,20.028013461449902,182071,0.0,0.0,0.0,True
2010-06-21,25.7525,25.975,25.7525,25.9725,20.536036996665608,156987,0.0,0.0,0.0,True
2010-06-22,25.845,25.875,25.587500000000002,25.622500000000002,20.2592967094628,122593,0.0,0.0,0.0,True
2010-06-23,25.3325,25.4725,25.0025,25.0675,19.820461148796134,126973,0.0,0.0,0.0,True
2010-06-24,25.1025,25.2025,24.64,24.6625,19.500229950620398,279662,0.0,0.0,0.0,True
2010-06-25,24.655,24.91,24.655,24.6675,19.50418542904115,132866,0.0,0.0,0.0,True
2010-06-28,24.785,24.95,24.7175,24.715,19.541746992714074,57670,0.0,0.0,0.0,True
2010-06-29,24.305,24.305,23.84,23.8625,18.867688186938295,154979,0.0,0.0,0.0,True
2010-06-30,23.997500000000002,24.1475,23.9725,24.07,19.031755394115823,225288,0.0,0.0,0.0,True
2010-07-01,24.1,24.1,23.09,23.1575,18.310256004443016,453232,0.0,0.0,0.0,True
2010-07-02,23.5,23.655,23.3675,23.4825,18.56722470503863,382814,0.0,0.0,0.0,True
2010-07-05,23.7,23.7,23.55,23.6125,18.670028440667632,451283,0.0,0.0,0.0,True
2010-07-06,23.7175,24.17,23.715,24.165,19.106868845633773,117132,0.0,0.0,0.0,True
2010-07-07,23.55,24.1825,23.55,24.1475,19.093026606326596,299735,0.0,0.0,0.0,True
2010-07-08,24.3125,24.57,24.285,24.405,19.296631181221848,124518,0.0,0.0,0.0,True
2010-07-09,24.6375,24.84,24.5775,24.82,19.6247655955769,125968,0.0,0.0,0.0,True
2010-07-12,24.9725,25.005,24.7625,24.87,19.66430489846019,535287,0.0,0.0,0.0,True
2010-07-13,24.8825,24.985,24.830000000000002,24.93,19.711745482357202,213869,0.0,0.0,0.0,True
2010-07-14,24.92,24.92,24.615000000000002,24.810000000000002,19.616858509066468,275552,0.0,0.0,0.0,True
2010-07-15,24.63,24.650000000000002,24.212500000000002,24.325,19.233380294635097,235305,0.0,0.0,0.0,True
2010-07-16,24.29,24.497500000000002,24.060000000000002,24.13,19.079194042847263,306351,0.0,0.0,0.0,True
2010-07-19,24.165,24.315,24.1275,24.310000000000002,19.22151966486946,768010,0.0,0.0,0.0,True
2010-07-20,24.39,24.48,24.32,24.515,19.38361493833331,32157,0.0,0.0,0.0,True
2010-07-21,24.715,25.060000000000002,23.650000000000002,24.97,19.743368022902235,186471,0.0,0.0,0.0,True
2010-07-22,24.8175,25.3,24.8175,25.3,20.00429994258087,167539,0.0,0.0,0.0,True
2010-07-23,25.23,25.2725,24.9475,25.065,19.81848727991689,568299,0.0,0.0,0.0,True
2010-07-26,25.055,25.1925,24.9525,25.1575,19.891624927390026,148658,0.0,0.0,0.0,True
2010-07-27,25.2,25.2825,25.0225,25.095,19.84220853944818,177870,0.0,0.0,0.0,True
2010-07-28,25.060000000000002,25.060000000000002,24.84,24.915,19.699886787757126,134497,0.0,0.0,0.0,True
2010-07-29,24.875,25.11,24.875,24.94,19.719656439198776,437205,0.0,0.0,0.0,True
2010-07-30,24.965,24.990000000000002,24.775000000000002,24.8625,19.658365875332304,558051,0.0,0.0,0.0,True
2010-08-02,25.2275,25.2625,25.16,25.240000000000002,19.95685355318716,61208,0.0,0.0,0.0,True
2010-08-03,25.0325,25.080000000000002,24.962500000000002,25.0825,19.832321778561795,121829,0.0,0.0,0.0,True
2010-08-04,24.9525,25.135,24.8775,25.142500000000002,19.879760427293238,87453,0.0,0.0,0.0,True
2010-08-05,25.185000000000002,25.185000000000002,25.02,25.1125,19.85604303809309,163422,0.0,0.0,0.0,True
2010-08-06,25.17,25.1975,24.69,24.78,19.593144990197455,288857,0.0,0.0,0.0,True
2010-08-09,25.080000000000002,25.195,25.03,25.1475,19.883713970548456,148855,0.0,0.0,0.0,True
2010-08-10,24.985,25.0725,24.9425,24.97,19.743368022902235,56433,0.0,0.0,0.0,True
2010-08-11,24.675,24.7275,24.4925,24.52,19.387564611257364,354494,0.0,0.0,0.0,True
2010-08-12,24.38,24.61,24.38,24.66,19.4982580169067,77880,0.0,0.0,0.0,True
2010-08-13,24.78,24.825,24.69,24.71,19.537797319790005,125210,0.0,0.0,0.0,True
2010-08-16,24.740000000000002,24.825,24.68,24.7175,19.543722796758896,288728,0.0,0.0,0.0,True
2010-08-17,24.8525,25.2975,24.8525,25.2975,20.00232607370163,151324,0.0,0.0,0.0,True
2010-08-18,25.1025,25.1175,24.9825,25.1175,19.859996581348287,1054439,0.0,0.0,0.0,True
2010-08-19,25.315,25.315,25.13,24.900000000000002,19.688020352494775,479131,0.0,0.0,0.0,True
2010-08-20,24.9925,25.1,24.94,24.965,19.739418349978138,430895,0.0,0.0,0.0,True
2010-08-23,25.075,25.1475,24.9675,24.9425,19.721636113574743,116107,0.0,0.0,0.0,True
2010-08-24,24.97,24.97,24.64,24.7625,19.57930275089028,83553,0.0,0.0,0.0,True
2010-08-25,24.575,24.59,24.0725,24.195,19.130593975496215,96434,0.0,0.0,0.0,True
2010-08-26,24.195,24.3975,24.195,24.2825,19.199774209383,502825,0.0,0.0,0.0,True
2010-08-27,24.27,24.47,24.2,24.4825,19.35791593959161,40794,0.0,0.0,0.0,True
2010-08-31,24.2,24.6925,24.2,24.6925,19.52395508048282,64971,0.0,0.0,0.0,True
2010-09-01,24.8175,25.240000000000002,24.695,25.205000000000002,19.92918068556622,150158,0.0,0.0,0.0,True
2010-09-02,25.13,25.375,25.1175,25.2625,19.974637724756143,124230,0.0,0.0,0.0,True
2010-09-03,25.37,25.6825,25.2925,25.497500000000002,20.160458128082418,124291,0.0,0.0,0.0,True
2010-09-06,25.54,25.76,25.54,25.625,20.26127444867319,160668,0.0,0.0,0.0,True
2010-09-07,25.5375,25.6,25.5,25.535,20.190106799748165,144391,0.0,0.0,0.0,True
2010-09-08,25.47,25.5,25.28,25.3975,20.08138532781253,46639,0.0,0.0,0.0,True
2010-09-09,25.4325,25.76,25.4325,25.66,20.28893764046629,90814,0.0,0.0,0.0,True
2010-09-10,25.63,25.84,25.63,25.7875,20.38975783138821,183955,0.0,0.0,0.0,True
2010-09-13,26.025000000000002,26.330000000000002,26.025000000000002,26.27,20.771262176940304,139340,0.0,0.0,0.0,True
2010-09-14,26.3975,26.4175,26.215,26.305,20.798944720389084,367450,0.0,0.0,0.0,True
2010-09-15,26.1525,26.1725,25.95,25.98,20.541966343965647,171922,0.0,0.0,0.0,True
2010-09-16,25.8275,25.9875,25.82,25.8775,20.460909998988676,320362,0.0,0.0,0.0,True
2010-09-17,26.0625,26.1,25.837500000000002,25.9025,20.480687391092587,272078,0.0,0.0,0.0,True
2010-09-20,26.0,26.3525,25.995,26.3525,20.83648693240631,164992,0.0,0.0,0.0,True
2010-09-21,26.32,26.4475,26.32,26.275000000000002,20.775209914698827,144608,0.0,0.0,0.0,True
2010-09-22,26.310000000000002,26.3125,26.13,26.247500000000002,20.753466394377917,231236,0.0,0.0,0.0,True
2010-09-23,26.3525,26.3975,26.0,26.23,20.739641571560853,428973,0.0,0.0,0.0,True
2010-09-24,26.2,26.3175,26.16,26.225,20.73568609314008,100225,0.0,0.0,0.0,True
2010-09-27,26.2375,26.5,26.175,26.22,20.73172867955372,586215,0.0,0.0,0.0,True
2010-09-28,26.14,26.392500000000002,26.045,26.395,20.87009688798955,286808,0.0,0.0,0.0,True
2010-09-29,26.5075,26.6975,26.45,26.5575,20.998578335539012,245643,0.0,0.0,0.0,True
2010-09-30,26.4775,26.8675,26.3975,26.7025,21.113223349277984,1117686,0.0,0.0,0.0,True
2010-10-01,26.875,26.95,26.810000000000002,26.88,21.25356929692421,329270,0.0,0.0,0.0,True
2010-10-04,27.035,27.04,26.8275,26.8275,21.212061930658376,800675,0.0,0.0,0.0,True
2010-10-05,26.875,27.125,26.875,27.115000000000002,21.439387765084913,124771,0.0,0.0,0.0,True
2010-10-06,27.235,27.425,27.235,27.39,21.656824903459494,573188,0.0,0.0,0.0,True
2010-10-07,27.285,27.3475,27.0325,27.087500000000002,21.417648115095155,287325,0.0,0.0,0.0,True
2010-10-08,27.115000000000002,27.145,26.895,27.145,21.4631090246162,142751,0.0,0.0,0.0,True
2010-10-11,27.3475,27.3475,27.235,27.345,21.621246884493683,76821,0.0,0.0,0.0,True
2010-10-12,26.9575,27.355,26.9575,27.3175,21.59949949384165,145715,0.0,0.0,0.0,True
2010-10-13,27.4425,27.86,27.4425,27.86,22.02844248812521,266073,0.0,0.0,0.0,True
2010-10-14,27.775000000000002,27.775000000000002,27.5775,27.6075,21.82880306747858,252185,0.0,0.0,0.0,True
2010-10-15,27.622500000000002,27.625,27.3225,27.4375,21.69438646713239,177830,0.0,0.0,0.0,True
2010-10-18,27.3575,27.5925,27.3325,27.545,21.7793770037089,96098,0.0,0.0,0.0,True
2010-10-19,28.0825,28.0825,27.3475,27.38,21.648915881783505,223616,0.0,0.0,0.0,True
2010-10-20,27.3775,27.4875,27.3,27.4375,21.69438646713239,188529,0.0,0.0,0.0,True
2010-10-21,27.6825,27.7925,27.595,27.6725,21.880183648471842,175803,0.0,0.0,0.0,True
2010-10-22,27.560000000000002,27.767500000000002,27.560000000000002,27.67,21.87821171475816,61763,0.0,0.0,0.0,True
2010-10-25,27.915,28.1025,27.91,27.9125,22.06996146538446,96046,0.0,0.0,0.0,True
2010-10-26,27.76,27.84,27.5,27.5375,21.773453461905575,216892,0.0,0.0,0.0,True
2010-10-27,27.4225,27.4225,27.145,27.1475,21.465082893495453,758709,0.0,0.0,0.0,True
2010-10-28,27.375,27.455000000000002,27.150000000000002,27.1675,21.48090093684746,140640,0.0,0.0,0.0,True
2010-10-29,27.115000000000002,27.22,27.015,27.09,21.419627789471107,87801,0.0,0.0,0.0,True
2010-11-01,27.4125,27.535,27.32,27.405,21.668681662894006,191586,0.0,0.0,0.0,True
2010-11-02,27.405,27.75,27.405,27.7075,21.907871997417338,285845,0.0,0.0,0.0,True
2010-11-03,27.7975,27.8,27.5925,27.62,21.838680152537147,231948,0.0,0.0,0.0,True
2010-11-04,27.8825,28.14,27.8825,28.0625,22.188556152047518,1573603,0.0,0.0,0.0,True
2010-11-05,28.18,28.21,27.97,28.122500000000002,22.235998671110096,514613,0.0,0.0,0.0,True
2010-11-08,28.150000000000002,28.23,28.1,28.135,22.24588349683092,76693,0.0,0.0,0.0,True
2010-11-09,28.2025,28.4125,28.150000000000002,28.455000000000002,22.498898654171313,1049618,0.0,0.0,0.0,True
2010-11-10,28.42,28.42,27.9875,28.0025,22.141121373647206,554008,0.0,0.0,0.0,True
2010-11-11,28.02,28.080000000000002,27.767500000000002,27.8,21.981003839393743,191081,0.0,0.0,0.0,True
2010-11-12,27.425,27.635,27.3125,27.3575,21.631129775048937,241323,0.0,0.0,0.0,True
2010-11-15,27.3,27.475,27.19,27.475,21.724031268467023,190920,0.0,0.0,0.0,True
2010-11-16,27.195,27.2775,27.0375,27.0425,21.382060420301503,714931,0.0,0.0,0.0,True
2010-11-17,27.005,27.142500000000002,26.94,27.05,21.387989767601546,787213,0.0,0.0,0.0,True
2010-11-18,27.415,27.57,27.37,27.5575,21.789257959098595,730402,0.0,0.0,0.0,True
2010-11-19,27.1925,27.5,27.1925,27.5,21.743798984743105,808995,0.0,0.0,0.0,True
2010-11-22,27.7925,27.7925,27.3275,27.400000000000002,21.664731989969926,87749,0.0,0.0,0.0,True
2010-11-23,27.2,27.2,26.7875,26.7975,21.18834647662379,1189541,0.0,0.0,0.0,True
2010-11-24,26.835,27.3425,26.835,27.310000000000002,21.593570146541612,1311203,0.0,0.0,0.0,True
2010-11-25,27.4225,27.52,27.325,27.48,21.72798674688781,210322,0.0,0.0,0.0,True
2010-11-26,27.1825,27.267500000000002,26.95,27.18,21.49077995707158,143645,0.0,0.0,0.0,True
2010-11-29,27.3975,27.53,27.07,27.1275,21.449268720474606,159523,0.0,0.0,0.0,True
2010-11-30,27.4425,27.4425,27.1275,27.12,21.44333550284343,105486,0.0,0.0,0.0,True
2010-12-01,27.4725,27.9325,27.4725,27.810000000000002,21.98890705557307,548094,0.0,0.0,0.0,True
2010-12-02,28.01,28.4775,27.9925,28.41,22.463328375867786,175291,0.0,0.0,0.0,True
2010-12-03,28.2225,28.34,28.025000000000002,28.2325,22.322976622724845,284013,0.0,0.0,0.0,True
2010-12-06,28.1825,28.490000000000002,28.14,28.2575,22.342740468669785,264045,0.0,0.0,0.0,True
2010-12-07,28.3475,28.485,28.2025,28.2325,22.322976622724845,278502,0.0,0.0,0.0,True
2010-12-08,28.09,28.1,27.830000000000002,27.795,21.977048360972972,44582,0.0,0.0,0.0,True
2010-12-09,28.055,28.080000000000002,27.875,27.89,22.05215987732537,134620,0.0,0.0,0.0,True
2010-12-10,27.875,27.875,27.73,27.75,21.941474212338306,168644,0.0,0.0,0.0,True
2010-12-13,27.915,28.1,27.915,27.95,22.09961013705021,245636,0.0,0.0,0.0,True
2010-12-14,28.0,28.245,27.9325,28.23,22.320998883514452,464330,0.0,0.0,0.0,True
2010-12-15,27.9875,28.310000000000002,27.9875,28.2425,22.33088177406969,165003,0.0,0.0,0.0,True
2010-12-16,28.060000000000002,28.060000000000002,28.060000000000002,28.060000000000002,22.18657841283712,101084,0.0,0.0,0.0,True
2010-12-17,28.087500000000002,28.3175,28.087500000000002,28.267500000000002,22.350653360676908,338469,0.0,0.0,0.0,True
2010-12-20,28.2075,28.302500000000002,28.1025,28.26,22.344718207880184,229930,0.0,0.0,0.0,True
2010-12-21,28.6,28.7175,28.275000000000002,28.7025,22.69459614255612,706387,0.0,0.0,0.0,True
2010-12-22,28.53,28.91,28.525000000000002,28.8825,22.83692176457832,220631,0.0,0.0,0.0,True
2010-12-23,28.89,28.9325,28.8325,28.8825,22.83692176457832,100895,0.0,0.0,0.0,True
2010-12-24,28.885,29.015,28.55,28.7375,22.72226901017707,166340,0.0,0.0,0.0,True
2010-12-29,29.1,29.212500000000002,29.095,29.212500000000002,23.09785174909141,205745,0.0,0.0,0.0,True
2010-12-30,29.1375,29.5,29.1375,29.4825,23.311325668382917,243026,0.0,0.0,0.0,True
2010-12-31,29.915,29.915,29.205000000000002,29.302500000000002,23.169005851857445,53899,0.0,0.0,0.0,True
2011-01-04,29.775000000000002,29.775000000000002,29.43,29.4875,23.315283081969284,569222,0.0,0.0,0.0,True
2011-01-05,29.4775,29.82,29.3,29.82,23.57818500019607,1618601,0.0,0.0,0.0,True
2011-01-06,29.615000000000002,29.77,29.4325,29.4325,23.271792170996346,228460,0.0,0.0,0.0,True
2011-01-07,29.36,29.475,29.065,29.065,22.98121351481749,342312,0.0,0.0,0.0,True
2011-01-10,29.0,29.0,28.615000000000002,28.615000000000002,22.62540816800707,380132,0.0,0.0,0.0,True
2011-01-11,29.0675,29.0775,28.9325,28.9325,22.8764610674616,754208,0.0,0.0,0.0,True
2011-01-12,29.265,29.4125,29.265,29.38,23.230280934399353,116560,0.0,0.0,0.0,True
2011-01-13,29.25,29.265,28.962500000000002,29.0,22.92982325799639,58125,0.0,0.0,0.0,True
2011-01-14,29.1175,29.13,28.7525,28.915,22.862616892988868,384271,0.0,0.0,0.0,True
2011-01-17,28.802500000000002,28.802500000000002,28.66,28.715,22.704482903442514,60170,0.0,0.0,0.0,True
2011-01-18,28.8,28.8,28.64,28.6925,22.68668325054899,156316,0.0,0.0,0.0,True
2011-01-19,28.830000000000002,28.87,28.59,28.6475,22.651116842576595,168873,0.0,0.0,0.0,True
2011-01-20,28.5225,28.5225,28.015,28.015,22.151000393871314,265243,0.0,0.0,0.0,True
2011-01-21,28.035,28.035,28.035,28.035,22.166820372388898,290778,0.0,0.0,0.0,True
2011-01-24,28.1025,28.1025,27.93,28.085,22.206353869775466,175628,0.0,0.0,0.0,True
2011-01-25,28.1725,28.3775,28.1725,28.1525,22.259729606469232,325448,0.0,0.0,0.0,True
2011-01-26,28.51,28.515,28.3,28.27,22.352631099887315,194641,0.0,0.0,0.0,True
2011-01-27,28.355,28.355,28.212500000000002,28.245,22.33286144844567,274909,0.0,0.0,0.0,True
2011-01-28,28.065,28.21,27.830000000000002,27.7925,21.975072556928147,217553,0.0,0.0,0.0,True
2011-01-31,27.55,27.997500000000002,27.395,27.395,21.66077457638357,483652,0.0,0.0,0.0,True
2011-02-01,27.6475,27.705000000000002,27.4325,27.6475,21.86043141352031,344221,0.0,0.0,0.0,True
2011-02-02,27.78,27.82,27.6625,27.802500000000002,21.982981578604143,736804,0.0,0.0,0.0,True
2011-02-03,27.95,27.95,27.535,27.57,21.799150525481682,147936,0.0,0.0,0.0,True
2011-02-04,27.7,27.89,27.6275,27.68,21.88611880126858,192266,0.0,0.0,0.0,True
2011-02-07,27.54,27.7,27.525000000000002,27.66,21.87031043374443,97625,0.0,0.0,0.0,True
2011-02-08,27.47,27.675,27.4675,27.54,21.77542733078482,537740,0.0,0.0,0.0,True
2011-02-09,27.305,27.305,27.087500000000002,27.0425,21.382060420301503,168798,0.0,0.0,0.0,True
2011-02-10,26.6625,26.7175,26.495,26.6675,21.085554351988186,631024,0.0,0.0,0.0,True
2011-02-11,26.4175,26.96,26.3625,26.915,21.281251840372995,569785,0.0,0.0,0.0,True
2011-02-14,27.057080078125,27.17762939453125,26.595,27.07,21.40380587578797,445914,0.0,0.0,0.0,True
2011-02-15,27.0775,27.1175,26.77320068359375,26.785,21.178461650902964,405025,0.0,0.0,0.0,True
2011-02-16,26.86,27.247500000000002,26.81875,27.12625,21.448279850869408,149679,0.0,0.0,0.0,True
2011-02-17,27.175,27.195,26.93,27.03,21.37218527040852,337869,0.0,0.0,0.0,True
2011-02-18,27.2225,27.240000000000002,27.035,27.181250000000002,21.491766891511205,226506,0.0,0.0,0.0,True
2011-02-21,27.1975,27.2610009765625,26.935000000000002,26.935000000000002,21.297060207897157,397883,0.0,0.0,0.0,True
2011-02-22,26.7625,26.875,26.560000000000002,26.740000000000002,21.142883631937163,449073,0.0,0.0,0.0,True
2011-02-23,26.6175,26.622500000000002,26.2275,26.395,20.87009688798955,471690,0.0,0.0,0.0,True
2011-02-24,26.155,26.525000000000002,26.1175,26.465,20.925442623231437,351342,0.0,0.0,0.0,True
2011-02-25,26.675,26.965,26.675,26.8,21.190322280668596,315610,0.0,0.0,0.0,True
2011-02-28,26.4725,26.87363037109375,26.4425,26.6725,21.089504024912255,491061,0.0,0.0,0.0,True
2011-03-01,26.93294921875,26.9675,26.61,26.61,21.0400953776327,454028,0.0,0.0,0.0,True
2011-03-02,26.5775,26.785,26.462500000000002,26.75,21.150779107454163,373839,0.0,0.0,0.0,True
2011-03-03,26.92,27.27,26.8525,27.27,21.561943735665455,218795,0.0,0.0,0.0,True
2011-03-04,27.4375,27.51179931640625,27.245,27.45,21.704263552190938,133349,0.0,0.0,0.0,True
2011-03-07,27.3875,27.45,27.1975,27.23,21.53031925995487,153514,0.0,0.0,0.0,True
2011-03-08,27.48,27.6525,27.4375,27.6525,21.864381086444382,135234,0.0,0.0,0.0,True
2011-03-09,27.53,27.5975,27.427500000000002,27.50375,21.746759788061972,66246,0.0,0.0,0.0,True
2011-03-10,27.21,27.30030029296875,27.0325,27.1375,21.457181612481733,123603,0.0,0.0,0.0,True
2011-03-11,26.895,27.1325,26.7925,27.060000000000002,21.39589491894642,109244,0.0,0.0,0.0,True
2011-03-14,27.095,27.25320068359375,26.93,26.966250000000002,21.321774207364783,106652,0.0,0.0,0.0,True
2011-03-15,26.68,26.7225,26.060000000000002,26.580000000000002,21.016366377439123,1208149,0.0,0.0,0.0,True
2011-03-16,26.7,26.852099609375,26.497500000000002,26.54125,20.98573270649931,225916,0.0,0.0,0.0,True
2011-03-17,26.435000000000002,26.595,26.315,26.43875,20.904687972515735,262937,0.0,0.0,0.0,True
2011-03-18,26.54,26.698000488281252,26.475,26.5575,20.998578335539012,349673,0.0,0.0,0.0,True
2011-03-21,26.8,26.95,26.745,26.892500000000002,21.263457992976175,182514,0.0,0.0,0.0,True
2011-03-22,26.8325,26.8625,26.6764990234375,26.725,21.13103074283379,207660,0.0,0.0,0.0,True
2011-03-23,26.93,27.245,26.858278808593752,27.245,21.542176019389373,828544,0.0,0.0,0.0,True
2011-03-24,27.505,27.8675,27.367128906250002,27.8675,22.034377640921953,141285,0.0,0.0,0.0,True
2011-03-25,27.95,28.185000000000002,27.872229003906252,28.1725,22.275534103662263,150747,0.0,0.0,0.0,True
2011-03-28,27.935000000000002,28.16199951171875,27.935000000000002,28.03,22.162862958802528,308630,0.0,0.0,0.0,True
2011-03-29,28.0,28.48635009765625,28.0,28.240000000000002,22.328902099693753,100577,0.0,0.0,0.0,True
2011-03-30,28.425,28.73925048828125,28.2739990234375,28.5675,22.587854344996444,139553,0.0,0.0,0.0,True
2011-03-31,28.44,28.8325,28.44,28.68,22.676802295159302,93340,0.0,0.0,0.0,True
2011-04-01,28.8575,29.28,28.8475,29.240000000000002,23.119589463915595,549499,0.0,0.0,0.0,True
2011-04-04,29.155,29.27,29.095,29.26625,23.140351855293577,144623,0.0,0.0,0.0,True
2011-04-05,29.18,29.18,28.9425,29.0,22.92982325799639,231537,0.0,0.0,0.0,True
2011-04-06,29.04,29.3475,29.035,29.205000000000002,23.091920466625794,471312,0.0,0.0,0.0,True
2011-04-07,29.0225,29.20110107421875,28.900000000000002,28.96,22.898206522948072,321310,0.0,0.0,0.0,True
2011-04-08,29.1925,29.275000000000002,28.965,29.03125,22.95452951680174,1224597,0.0,0.0,0.0,True
2011-04-11,29.17,29.18,28.8175,28.87625,22.8319793517179,149087,0.0,0.0,0.0,True
2011-04-12,28.605,28.7225,28.365000000000002,28.38,22.43959744050865,298422,0.0,0.0,0.0,True
2011-04-13,28.7789990234375,28.924299316406252,28.678999023437502,28.6675,22.66692133976963,158450,0.0,0.0,0.0,True
2011-04-14,28.57,28.608798828125,28.3425,28.485,22.52261797853703,123756,0.0,0.0,0.0,True
2011-04-15,28.5,28.589399414062502,28.400000000000002,28.560000000000002,22.58193273835868,86711,0.0,0.0,0.0,True
2011-04-18,28.465,28.5452001953125,27.976999511718752,28.06875,22.193506305570214,107064,0.0,0.0,0.0,True
2011-04-19,28.185000000000002,28.34114990234375,28.122451171875,28.3175,22.390186858063508,162335,0.0,0.0,0.0,True
2011-04-20,28.69,28.97030029296875,28.620100097656252,28.91,22.858659479402515,152686,0.0,0.0,0.0,True
2011-04-21,28.900000000000002,29.03219970703125,28.7275,28.78125,22.75686396503438,66159,0.0,0.0,0.0,True
2011-04-26,28.7825,29.005,28.6777392578125,28.99875,22.928836323556766,329499,0.0,0.0,0.0,True
2011-04-27,29.0925,29.0925,28.53,28.6,22.613545603075863,252829,0.0,0.0,0.0,True
2011-04-28,28.62,28.65949951171875,28.39,28.46,22.502856067757662,88342,0.0,0.0,0.0,True
2011-04-29,28.46,28.46,28.46,28.46,22.502856067757662,0,0.0,0.0,0.0,True
2011-05-03,28.560000000000002,28.6497998046875,28.295,28.4375,22.485066090691966,218763,0.0,0.0,0.0,True
2011-05-04,28.247500000000002,28.34,27.830000000000002,27.84,22.012637990932188,105906,0.0,0.0,0.0,True
2011-05-05,27.935000000000002,27.98,27.63,27.76625,21.954312100715747,831215,0.0,0.0,0.0,True
2011-05-06,27.855,28.2875,27.78803955078125,28.2425,22.33088177406969,485092,0.0,0.0,0.0,True
2011-05-09,28.12,28.1981005859375,27.985,27.985,22.12728106950559,182899,0.0,0.0,0.0,True
2011-05-10,28.1075,28.355,28.1075,28.30375,22.379313162737496,173167,0.0,0.0,0.0,True
2011-05-11,28.26,28.413000488281252,27.8525,27.91625,22.072928074200053,112555,0.0,0.0,0.0,True
2011-05-12,27.8825,27.9025,27.675,27.868750000000002,22.035368445692715,240564,0.0,0.0,0.0,True
2011-05-13,28.01,28.087500000000002,27.8,27.86,22.02844248812521,473282,0.0,0.0,0.0,True
2011-05-16,27.5975,27.837500000000002,27.5075,27.765,21.95332710144169,300600,0.0,0.0,0.0,True
2011-05-17,27.55,27.68,27.405,27.405,21.668681662894006,202920,0.0,0.0,0.0,True
2011-05-18,27.855,28.150000000000002,27.855,28.095,22.214255150789203,378442,0.0,0.0,0.0,True
2011-05-19,27.92,28.155,27.9175,27.993750000000002,22.134195416079695,157953,0.0,0.0,0.0,True
2011-05-20,27.935000000000002,27.97199951171875,27.74820068359375,27.79375,21.976059491367778,55371,0.0,0.0,0.0,True
2011-05-23,27.295,27.37625,27.2025,27.310000000000002,21.593570146541612,214390,0.0,0.0,0.0,True
2011-05-24,27.485,27.59,27.472700195312502,27.51875,21.758624288158767,142199,0.0,0.0,0.0,True
2011-05-25,27.240000000000002,27.49955078125,27.09010009765625,27.22625,21.527348780808147,224046,0.0,0.0,0.0,True
2011-05-26,27.4575,27.497500000000002,27.1675,27.26,21.554036649155034,218988,0.0,0.0,0.0,True
2011-05-27,27.5,27.6125,27.42,27.52375,21.762577831413978,70275,0.0,0.0,0.0,True
2011-05-31,27.8825,28.0425,27.8,27.995,22.135186220850457,169086,0.0,0.0,0.0,True
2011-06-01,28.015,28.165,27.935000000000002,28.01,22.147048785781678,315515,0.0,0.0,0.0,True
2011-06-02,27.85,28.0125,27.8,27.85,22.020548947773747,90862,0.0,0.0,0.0,True
2011-06-03,27.94,28.065,27.715,27.892500000000002,22.05413955170132,228013,0.0,0.0,0.0,True
2011-06-06,27.75,27.7775,27.6325,27.747500000000002,21.939500343459045,180668,0.0,0.0,0.0,True
2011-06-07,27.645,27.735400390625,27.625,27.72,21.917760693469283,327576,0.0,0.0,0.0,True
2011-06-08,27.525000000000002,27.6475,27.48,27.575,21.80310213357133,173922,0.0,0.0,0.0,True
2011-06-09,27.4325,27.6275,27.3175,27.62,21.838680152537147,477698,0.0,0.0,0.0,True
2011-06-10,27.5375,27.5497998046875,27.25,27.306250000000002,21.590609343222734,95742,0.0,0.0,0.0,True
2011-06-13,27.35,27.40969970703125,27.24989013671875,27.25375,21.54909810662575,183119,0.0,0.0,0.0,True
2011-06-14,27.32,27.445,27.27659912109375,27.415,21.67660229556341,293951,0.0,0.0,0.0,True
2011-06-15,27.315,27.400000000000002,27.23929931640625,27.2775,21.56787114779993,72151,0.0,0.0,0.0,True
2011-06-16,27.1525,27.25,26.9525,27.2025,21.50856993413726,576302,0.0,0.0,0.0,True
2011-06-17,26.88,27.1635791015625,26.8685009765625,27.150000000000002,21.467058697540285,581810,0.0,0.0,0.0,True
2011-06-20,26.705000000000002,26.91,26.7,26.865000000000002,21.24171447265527,587701,0.0,0.0,0.0,True
2011-06-21,27.060000000000002,27.285,27.025000000000002,27.28,21.56984888701032,256803,0.0,0.0,0.0,True
2011-06-22,27.2575,27.4775,27.150000000000002,27.42,21.68055003332192,179672,0.0,0.0,0.0,True
2011-06-23,27.3125,27.31330078125,27.0,27.07,21.40380587578797,445276,0.0,0.0,0.0,True
2011-06-24,27.5325,27.650000000000002,27.365000000000002,27.431250000000002,21.68944018394085,125640,0.0,0.0,0.0,True
2011-06-27,27.4025,27.5825,27.37639892578125,27.521250000000002,21.7606000922036,118013,0.0,0.0,0.0,True
2011-06-28,27.57,27.7825,27.490000000000002,27.75375,21.944438885988333,314800,0.0,0.0,0.0,True
2011-06-29,27.900000000000002,28.10625,27.900000000000002,28.060000000000002,22.18657841283712,352249,0.0,0.0,0.0,True
2011-06-30,28.1325,28.455000000000002,28.11429931640625,28.35,22.415881986474048,401454,0.0,0.0,0.0,True
2011-07-01,28.29,28.695,28.29,28.695,22.68866486009051,493462,0.0,0.0,0.0,True
2011-07-04,28.675,28.87,28.58625,28.830000000000002,22.795410527981332,508028,0.0,0.0,0.0,True
2011-07-05,28.8,28.89947021484375,28.6,28.64,22.64518362494541,554324,0.0,0.0,0.0,True
2011-07-06,28.695,28.765,28.6025,28.677500000000002,22.67482842628005,84562,0.0,0.0,0.0,True
2011-07-07,28.8,29.09,28.77530029296875,29.05,22.969358690548543,224035,0.0,0.0,0.0,True
2011-07-08,29.1,29.1575,28.4725,28.5,22.53448441379939,1237961,0.0,0.0,0.0,True
2011-07-11,28.48,28.5714990234375,28.20590087890625,28.22,22.31310147283186,200877,0.0,0.0,0.0,True
2011-07-12,27.97,28.0925,27.695,27.9825,22.125301395129643,282984,0.0,0.0,0.0,True
2011-07-13,28.1125,28.213999023437502,27.91,28.035,22.166820372388898,215653,0.0,0.0,0.0,True
2011-07-14,28.0125,28.0425,27.7875,27.7875,21.97111901367293,147687,0.0,0.0,0.0,True
2011-07-15,27.725,27.925,27.69320068359375,27.72,21.917760693469283,2045929,0.0,0.0,0.0,True
2011-07-18,27.64199951171875,27.6525,27.45,27.45,21.704263552190938,111888,0.0,0.0,0.0,True
2011-07-19,27.6275,27.76,27.575,27.575,21.80310213357133,170695,0.0,0.0,0.0,True
2011-07-20,27.94,28.0110009765625,27.805,27.93,22.083795964029356,77430,0.0,0.0,0.0,True
2011-07-21,27.85,27.935000000000002,27.60610107421875,27.825,22.0007734908354,142444,0.0,0.0,0.0,True
2011-07-22,28.0,28.0925,27.915,27.91625,22.072928074200053,98126,0.0,0.0,0.0,True
2011-07-25,27.7325,27.965,27.62679931640625,27.89,22.05215987732537,400469,0.0,0.0,0.0,True
2011-07-26,28.02,28.088300781250002,27.7175,27.77,21.957280644696894,129092,0.0,0.0,0.0,True
2011-07-27,27.845,27.8975,27.4675,27.62,21.838680152537147,210143,0.0,0.0,0.0,True
2011-07-28,27.650000000000002,27.71,27.5325,27.6825,21.888098475644536,282818,0.0,0.0,0.0,True
2011-07-29,27.462500000000002,27.535,27.1431005859375,27.330000000000002,21.609388189893608,300413,0.0,0.0,0.0,True
2011-08-01,27.68,27.8975,27.580000000000002,27.580000000000002,21.807053741660972,323135,0.0,0.0,0.0,True
2011-08-02,27.505,27.52,27.1393994140625,27.22,21.52240056245103,200551,0.0,0.0,0.0,True
2011-08-03,26.85,26.9025,26.1325,26.37,20.850329171713486,1313398,0.0,0.0,0.0,True
2011-08-04,25.5,26.3775,25.4775,25.52,20.178244234816955,1000856,0.0,0.0,0.0,True
2011-08-05,24.505,25.7887890625,24.2781494140625,24.3,19.213618383855724,1936465,0.0,0.0,0.0,True
2011-08-08,24.1675,24.986799316406252,23.42,23.66,18.707572587850414,2392379,0.0,0.0,0.0,True
2011-08-09,23.1925,23.79509033203125,21.8875,23.5675,18.634431070046148,1249373,0.0,0.0,0.0,True
2011-08-10,23.955000000000002,24.0925,23.150000000000002,23.1725,18.322120504539804,690492,0.0,0.0,0.0,True
2011-08-11,23.927500000000002,23.985,23.1125,23.9675,18.950714530463394,360119,0.0,0.0,0.0,True
2011-08-12,23.7,24.231550292968752,23.6814990234375,24.085,19.04362376454375,802909,0.0,0.0,0.0,True
2011-08-15,24.337500000000002,24.560000000000002,24.3189990234375,24.41,19.300588594808204,425521,0.0,0.0,0.0,True
2011-08-16,24.900000000000002,24.900000000000002,24.2164990234375,24.400000000000002,19.292683443463353,418749,0.0,0.0,0.0,True
2011-08-17,24.310000000000002,24.43,24.2147509765625,24.2625,19.183958101196556,191231,0.0,0.0,0.0,True
2011-08-18,24.0025,24.1185009765625,23.05,23.1675,18.318159220622316,192729,0.0,0.0,0.0,True
2011-08-19,23.240000000000002,23.3125,22.78,23.1,18.26478928942526,570621,0.0,0.0,0.0,True
2011-08-22,22.845,23.36,22.745,23.06375,18.236131422530267,219734,0.0,0.0,0.0,True
2011-08-23,23.5575,23.55800048828125,22.9675,23.225,18.363624000474502,118366,0.0,0.0,0.0,True
2011-08-24,23.07320068359375,23.368701171875,22.981000976562502,23.28375,18.410085390594165,121554,0.0,0.0,0.0,True
2011-08-25,23.35,23.52,23.043500976562502,23.2375,18.373508826195348,223529,0.0,0.0,0.0,True
2011-08-26,23.177500000000002,23.415,22.9685009765625,23.295,18.41897167088196,72119,0.0,0.0,0.0,True
2011-08-30,23.55,24.3475,23.55,24.315,19.225473208124672,548246,0.0,0.0,0.0,True
2011-08-31,24.6725,24.793500976562502,24.4360009765625,24.71,19.537797319790005,455654,0.0,0.0,0.0,True
2011-09-01,24.7075,25.155,24.650000000000002,25.12,19.86197625572425,318339,0.0,0.0,0.0,True
2011-09-02,24.6825,24.92590087890625,24.35,24.5,19.371750438236504,149933,0.0,0.0,0.0,True
2011-09-05,23.985,24.07,23.6981005859375,23.71,18.747109955568146,592603,0.0,0.0,0.0,True
2011-09-06,23.7175,24.0225,23.675,23.9825,18.9625712898979,285278,0.0,0.0,0.0,True
2011-09-07,24.635,24.872500000000002,24.5,24.79,19.60105014154231,260424,0.0,0.0,0.0,True
2011-09-08,24.740000000000002,24.9160009765625,24.435000000000002,24.622500000000002,19.468615150737637,82693,0.0,0.0,0.0,True
2011-09-09,24.4775,24.6935009765625,23.9375,23.985,18.964550964273858,424726,0.0,0.0,0.0,True
2011-09-12,23.5675,23.70669921875,23.20800048828125,23.650000000000002,18.699663566174426,203508,0.0,0.0,0.0,True
2011-09-13,23.8,23.8,23.305,23.677500000000002,18.721414827157595,161216,0.0,0.0,0.0,True
2011-09-14,23.3225,23.7525,23.31034912109375,23.51,18.588972095690654,216347,0.0,0.0,0.0,True
2011-09-15,23.55,24.055,23.55,23.87,18.87362333973504,286044,0.0,0.0,0.0,True
2011-09-16,23.97,24.2425,23.82949951171875,24.09,19.04756956713669,562596,0.0,0.0,0.0,True
2011-09-19,23.6075,23.767500000000002,23.435,23.48,18.56524696582823,1822893,0.0,0.0,0.0,True
2011-09-20,23.490000000000002,23.815,23.4435009765625,23.7825,18.804439235517115,297422,0.0,0.0,0.0,True
2011-09-21,23.6125,23.6275,23.21,23.32875,18.445665344725548,1233807,0.0,0.0,0.0,True
2011-09-22,22.4925,22.593000488281252,21.8175,21.96,17.363402714057354,897494,0.0,0.0,0.0,True
2011-09-23,22.0225,22.076630859375,21.2025,21.8175,17.25074318019106,3114657,0.0,0.0,0.0,True
2011-09-26,21.4125,21.87199951171875,21.12699951171875,21.61625,17.091616450708383,354771,0.0,0.0,0.0,True
2011-09-27,22.28,22.8525,21.529951171875002,22.8525,18.06910147686829,316727,0.0,0.0,0.0,True
2011-09-28,22.355,22.6147509765625,22.355,22.445,17.74689253948214,140611,0.0,0.0,0.0,True
2011-09-29,22.48,22.55,22.25,22.3775,17.69352454345065,99868,0.0,0.0,0.0,True
2011-09-30,22.1,22.23300048828125,21.8325,21.90875,17.32289002289344,292596,0.0,0.0,0.0,True
2011-10-03,21.400000000000002,21.62218017578125,21.34050048828125,21.555,17.043185062040585,283657,0.0,0.0,0.0,True
2011-10-04,21.445,21.445,20.6575,20.802500000000002,16.448197121369123,349854,0.0,0.0,0.0,True
2011-10-05,21.2175,21.495,21.03,21.495,16.995752218805844,866736,0.0,0.0,0.0,True
2011-10-06,21.75,22.215,21.75,22.1875,17.543295705249164,197443,0.0,0.0,0.0,True
2011-10-07,22.28,22.51550048828125,22.1175,22.23,17.576894049839005,365133,0.0,0.0,0.0,True
2011-10-10,22.28,22.7039990234375,22.28,22.72,17.964333548187852,62026,0.0,0.0,0.0,True
2011-10-11,22.7325,22.9875,22.5475,22.9875,18.175841339262398,225060,0.0,0.0,0.0,True
2011-10-12,22.94,23.415,22.865000000000002,23.330000000000002,18.44665421433075,118852,0.0,0.0,0.0,True
2011-10-13,23.2475,23.39,22.88,22.958750000000002,18.15311281966744,88949,0.0,0.0,0.0,True
2011-10-14,23.0475,23.445,23.0293505859375,23.4075,18.507933167203788,216127,0.0,0.0,0.0,True
2011-10-17,23.775000000000002,23.775000000000002,23.06,23.13,18.28851635445325,319169,0.0,0.0,0.0,True
2011-10-18,22.72,23.06,22.72,22.96,18.154101689272633,205481,0.0,0.0,0.0,True
2011-10-19,23.3325,23.42,23.1625,23.337500000000002,18.452575820968505,158834,0.0,0.0,0.0,True
2011-10-20,22.8075,22.962500000000002,22.465,22.465,17.76271445316527,165479,0.0,0.0,0.0,True
2011-10-21,22.6625,22.962500000000002,22.6,22.962500000000002,18.15607168782075,54556,0.0,0.0,0.0,True
2011-10-24,23.355,23.7075,23.179599609375,23.650000000000002,18.699663566174426,136056,0.0,0.0,0.0,True
2011-10-25,23.42,23.7264990234375,23.27550048828125,23.3775,18.4842061021758,575882,0.0,0.0,0.0,True
2011-10-26,23.575,23.7625,23.4314306640625,23.5475,18.61863044318426,185571,0.0,0.0,0.0,True
2011-10-27,24.142500000000002,24.7397998046875,24.142500000000002,24.7175,19.543722796758896,445359,0.0,0.0,0.0,True
2011-10-28,24.6475,25.0,24.52,24.9125,19.697909048546734,545846,0.0,0.0,0.0,True
2011-10-31,25.087500000000002,25.087500000000002,24.03,24.03,19.00012317774296,332445,0.0,0.0,0.0,True
2011-11-01,23.825,23.925,22.957919921875,23.47,18.557349555145635,805079,0.0,0.0,0.0,True
2011-11-02,23.9925,24.212500000000002,23.8225,24.08875,19.046580697531482,82479,0.0,0.0,0.0,True
2011-11-03,23.63,24.265,23.63,24.23,19.158268778282718,1283012,0.0,0.0,0.0,True
2011-11-04,24.490000000000002,24.490000000000002,23.97679931640625,24.02,18.99222189672923,226272,0.0,0.0,0.0,True
2011-11-07,23.95,24.32,23.875,24.16375,19.105881911194157,428603,0.0,0.0,0.0,True
2011-11-08,23.990000000000002,24.43201904296875,23.990000000000002,24.1575,19.1009414334993,1353471,0.0,0.0,0.0,True
2011-11-09,24.39,24.39,23.735,23.86625,18.870654795753882,169147,0.0,0.0,0.0,True
2011-11-10,23.305,23.805,23.249399414062502,23.5825,18.64629169981181,79669,0.0,0.0,0.0,True
2011-11-11,23.675,23.9475,23.655,23.88,18.881524620748767,73640,0.0,0.0,0.0,True
2011-11-14,24.015,24.15800048828125,23.87780029296875,23.985,18.964550964273858,874308,0.0,0.0,0.0,True
2011-11-15,24.0375,24.0375,23.64199951171875,23.88875,18.888442837653994,158349,0.0,0.0,0.0,True
2011-11-16,23.900000000000002,24.036298828125002,23.70669921875,23.962500000000002,18.946762922373736,51495,0.0,0.0,0.0,True
2011-11-17,23.8675,23.888798828125,23.55,23.72,18.755018977244145,579678,0.0,0.0,0.0,True
2011-11-18,23.21,23.330000000000002,23.06,23.2425,18.377464304616108,400863,0.0,0.0,0.0,True
2011-11-21,22.85,22.948701171875,22.44,22.44,17.742944801723617,157843,0.0,0.0,0.0,True
2011-11-22,22.9775,23.045,22.517500000000002,22.54,17.822005991000093,171479,0.0,0.0,0.0,True
2011-11-23,22.2625,22.525000000000002,22.1,22.1,17.4741019252034,412432,0.0,0.0,0.0,True
2011-11-24,22.302500000000002,22.51699951171875,22.2102001953125,22.240000000000002,17.584799201183866,458091,0.0,0.0,0.0,True
2011-11-25,22.0575,22.27050048828125,21.8625,22.2525,17.59469563789809,169728,0.0,0.0,0.0,True
2011-11-28,22.765,23.0306005859375,22.6014990234375,23.01,18.193631316328073,204248,0.0,0.0,0.0,True
2011-11-29,23.017500000000002,23.09929931640625,22.79550048828125,22.92625,18.127409950594615,76835,0.0,0.0,0.0,True
2011-11-30,22.7625,23.837500000000002,22.69,23.7325,18.764892191971555,191478,0.0,0.0,0.0,True
2011-12-01,23.945,24.055,23.72449951171875,23.885,18.885478164003988,207655,0.0,0.0,0.0,True
2011-12-02,24.0925,24.23,23.9410009765625,24.23,19.158268778282718,205765,0.0,0.0,0.0,True
2011-12-05,24.0825,24.3,24.071201171875,24.2225,19.152329755154835,34690,0.0,0.0,0.0,True
2011-12-06,23.95,24.0897998046875,23.86300048828125,23.9325,18.92304166284246,121720,0.0,0.0,0.0,True
2011-12-07,24.2,24.21,23.7,23.88875,18.888442837653994,373670,0.0,0.0,0.0,True
2011-12-08,23.85,23.92248046875,23.38,23.38,18.486185776551753,341968,0.0,0.0,0.0,True
2011-12-09,23.175,23.57,23.1275,23.60875,18.667057961520907,288399,0.0,0.0,0.0,True
2011-12-12,23.59,23.59,22.837500000000002,22.86,18.07502501867162,183575,0.0,0.0,0.0,True
2011-12-13,22.9425,23.17800048828125,22.92,23.035,18.21339709743859,246405,0.0,0.0,0.0,True
2011-12-14,23.0,23.0475,22.585,22.62875,17.892192510982188,1558303,0.0,0.0,0.0,True
2011-12-15,22.59,22.834299316406252,22.513798828125,22.72875,17.971249829927526,213845,0.0,0.0,0.0,True
2011-12-16,22.990000000000002,23.03550048828125,22.7225,22.84,18.05921471598189,816861,0.0,0.0,0.0,True
2011-12-19,22.43,22.5925,22.2314306640625,22.298750000000002,17.631252850641264,138037,0.0,0.0,0.0,True
2011-12-20,22.3,22.67,22.2464990234375,22.6475,17.906996527576602,1011914,0.0,0.0,0.0,True
2011-12-21,22.9025,22.92179931640625,22.515,22.555,17.833868555931303,350074,0.0,0.0,0.0,True
2011-12-22,22.73,23.05,22.73,22.995,18.181772621727998,174888,0.0,0.0,0.0,True
2011-12-23,23.17,23.175,23.055,23.155,18.308284070729332,32080,0.0,0.0,0.0,True
2011-12-28,22.86,23.18450927734375,22.86,22.92,18.122471408065337,446010,0.0,0.0,0.0,True
2011-12-29,23.065,23.3175,23.017500000000002,23.3175,18.436769388609918,359387,0.0,0.0,0.0,True
2011-12-30,23.2175,23.2975,23.184980468750002,23.2875,18.41305393457533,147901,0.0,0.0,0.0,True
2012-01-03,23.73,23.864240722656252,23.43669921875,23.8075,18.824199211130917,237360,0.0,0.0,0.0,True
2012-01-04,23.59,23.68780029296875,23.53,23.595,18.656180395863753,270128,0.0,0.0,0.0,True
2012-01-05,23.57,23.740000000000002,23.47820068359375,23.6625,18.709552262226378,298882,0.0,0.0,0.0,True
2012-01-06,23.580000000000002,23.830000000000002,23.49449951171875,23.587500000000002,18.65024330790144,196227,0.0,0.0,0.0,True
2012-01-09,23.73,23.79256103515625,23.6575,23.73,18.76292219342344,1490499,0.0,0.0,0.0,True
2012-01-10,24.080000000000002,24.36243896484375,23.90304931640625,24.345,19.249196402821525,347520,0.0,0.0,0.0,True
2012-01-11,24.150000000000002,24.3475,24.135830078125,24.3625,19.263034771797575,116771,0.0,0.0,0.0,True
2012-01-12,24.5,24.7025,24.4075,24.51,19.379659459912514,303239,0.0,0.0,0.0,True
2012-01-13,24.6,24.67,24.27,24.427500000000002,19.31443276928095,304826,0.0,0.0,0.0,True
2012-01-16,24.3175,24.68,24.22,24.68,19.51407412509313,433309,0.0,0.0,0.0,True
2012-01-17,24.8,24.9875,24.7575,24.8675,19.662323288918667,349255,0.0,0.0,0.0,True
2012-01-18,24.88,25.0475,24.7725,24.9475,19.72558385133323,399733,0.0,0.0,0.0,True
2012-01-19,25.205000000000002,25.45,25.150000000000002,25.42,20.099179175209354,358889,0.0,0.0,0.0,True
2012-01-20,25.302500000000002,25.4175,25.2025,25.28625,19.993428182420434,194226,0.0,0.0,0.0,True
2012-01-23,25.2325,25.6,25.2325,25.525000000000002,20.182199713237743,187974,0.0,0.0,0.0,True
2012-01-24,25.35,25.47,25.22169921875,25.40875,20.090283219093727,262547,0.0,0.0,0.0,True
2012-01-25,25.45,25.55,25.27,25.425,20.103134653630132,517924,0.0,0.0,0.0,True
2012-01-26,25.5625,25.92,25.464270019531252,25.755,20.364056897480953,286425,0.0,0.0,0.0,True
2012-01-27,25.5075,25.7925,25.5075,25.68875,20.31167777105466,335512,0.0,0.0,0.0,True
2012-01-30,25.3175,25.3425,25.095,25.1725,19.90348749232124,683071,0.0,0.0,0.0,True
2012-01-31,25.4325,25.57,25.22,25.335,20.031967004705116,519617,0.0,0.0,0.0,True
2012-02-01,25.55,25.835,25.471499023437502,25.835,20.427305848902126,265802,0.0,0.0,0.0,True
2012-02-02,25.87,26.17,25.7725,26.080000000000002,20.62103333873883,143076,0.0,0.0,0.0,True
2012-02-03,25.9375,26.3675,25.830000000000002,26.35625,20.839455476387464,283028,0.0,0.0,0.0,True
2012-02-06,26.145,26.145,25.96860107421875,26.045,20.593358535952305,195441,0.0,0.0,0.0,True
2012-02-07,26.055,26.158300781250002,25.94,26.095,20.632886227842185,587843,0.0,0.0,0.0,True
2012-02-08,26.3075,26.43294921875,26.1825,26.375,20.854282714968704,327773,0.0,0.0,0.0,True
2012-02-09,26.35,26.365000000000002,26.060000000000002,26.235,20.743591244484936,237550,0.0,0.0,0.0,True
2012-02-10,25.925,26.0076904296875,25.76550048828125,25.8175,20.413477155753927,800112,0.0,0.0,0.0,True
2012-02-13,26.185000000000002,26.23698974609375,26.065,26.18,20.70009839834643,525966,0.0,0.0,0.0,True
2012-02-14,26.25,26.315,26.1175,26.177500000000002,20.6981225943016,370051,0.0,0.0,0.0,True
2012-02-15,26.5,26.6475,26.392500000000002,26.405,20.878002039334415,561116,0.0,0.0,0.0,True
2012-02-16,26.1925,26.1925,26.01,26.060000000000002,20.605213360221263,376678,0.0,0.0,0.0,True
2012-02-17,26.3625,26.435000000000002,26.240000000000002,26.34,20.826602106685485,477548,0.0,0.0,0.0,True
2012-02-20,26.41,26.51,26.2825,26.4175,20.887881059558538,186512,0.0,0.0,0.0,True
2012-02-21,26.39,26.45,26.35,26.45,20.91358392863135,214480,0.0,0.0,0.0,True
2012-02-22,26.45,26.5675,26.387900390625,26.48875,20.944221469902327,50145,0.0,0.0,0.0,True
2012-02-23,26.4025,26.555,26.310000000000002,26.497500000000002,20.95113968680756,414663,0.0,0.0,0.0,True
2012-02-24,26.36,26.5,26.345,26.465,20.925442623231437,353812,0.0,0.0,0.0,True
2012-02-27,26.095,26.2075,25.96,26.115000000000002,20.6487100766909,560118,0.0,0.0,0.0,True
2012-02-28,26.2775,26.4525,26.22625,26.427500000000002,20.895788146068977,626331,0.0,0.0,0.0,True
2012-02-29,26.6725,26.6875,26.43,26.46,20.92148714481066,484153,0.0,0.0,0.0,True
2012-03-01,26.42,26.5575,26.3241796875,26.54,20.98474383689412,586370,0.0,0.0,0.0,True
2012-03-02,26.4775,26.713798828125,26.4775,26.69125,21.104327393162354,239065,0.0,0.0,0.0,True
2012-03-05,26.7,26.7,26.17,26.19,20.708001614525713,359463,0.0,0.0,0.0,True
2012-03-06,25.95,26.0675,25.50952880859375,25.5325,20.18813293086892,1983758,0.0,0.0,0.0,True
2012-03-07,25.7,25.85,25.6875,25.810000000000002,20.407551678785033,634157,0.0,0.0,0.0,True
2012-03-08,26.015,26.2825,25.9875,26.14,20.668473922635847,431436,0.0,0.0,0.0,True
2012-03-09,26.16,26.59,26.16,26.587500000000002,21.022305400567003,683642,0.0,0.0,0.0,True
2012-03-12,26.29,26.5025,26.25,26.265,20.767308633685097,321345,0.0,0.0,0.0,True
2012-03-13,26.53,26.6475,26.44,26.63,21.055899874825702,496705,0.0,0.0,0.0,True
2012-03-14,26.68,26.8325,26.59514892578125,26.67,21.08752628570188,402108,0.0,0.0,0.0,True
2012-03-15,26.7825,26.78985107421875,26.61,26.69875,21.1102625459591,481790,0.0,0.0,0.0,True
2012-03-16,26.55,26.5916796875,26.330000000000002,26.49125,20.946199209112713,261365,0.0,0.0,0.0,True
2012-03-19,26.25,26.3225,26.060000000000002,26.240000000000002,20.747538982243455,307244,0.0,0.0,0.0,True
2012-03-20,26.052500000000002,26.065,25.721201171875002,25.740000000000002,20.35220013804644,342508,0.0,0.0,0.0,True
2012-03-21,25.9875,26.0375,25.8,25.92,20.494516084240782,238660,0.0,0.0,0.0,True
2012-03-22,25.89,25.89,25.53,25.565,20.213828059279475,833392,0.0,0.0,0.0,True
2012-03-23,25.72,25.74050048828125,25.5443994140625,25.6825,20.306733423028675,250212,0.0,0.0,0.0,True
2012-03-26,25.6575,25.84,25.650000000000002,25.810000000000002,20.407551678785033,95893,0.0,0.0,0.0,True
2012-03-27,25.885,26.03,25.864580078125,25.90125,20.47969658632183,207940,0.0,0.0,0.0,True
2012-03-28,25.900000000000002,25.985,25.715,25.72125,20.33737483463078,151900,0.0,0.0,0.0,True
2012-03-29,25.5725,25.5975,25.1825,25.1825,19.91139070850053,259662,0.0,0.0,0.0,True
2012-03-30,25.51,25.6175,25.455000000000002,25.55375,20.204930167998263,265327,0.0,0.0,0.0,True
2012-04-02,25.6,25.72,25.4825,25.765,20.371958178494683,60637,0.0,0.0,0.0,True
2012-04-03,25.9025,26.045,25.84,25.9425,20.51231380196875,106995,0.0,0.0,0.0,True
2012-04-04,25.78,25.8125,25.37,25.400000000000002,20.083363067022923,89510,0.0,0.0,0.0,True
2012-04-05,25.68,25.77,25.455000000000002,25.74125,20.353189007651636,150821,0.0,0.0,0.0,True
2012-04-10,25.445,25.45,25.0,25.0,19.767093152764666,256102,0.0,0.0,0.0,True
2012-04-11,24.9775,25.13,24.9675,25.06875,19.821448083235776,149481,0.0,0.0,0.0,True
2012-04-12,25.17,25.381479492187502,25.005,25.365000000000002,20.05569600489869,165058,0.0,0.0,0.0,True
2012-04-13,25.4075,25.48965087890625,25.212500000000002,25.36,20.051736656146783,211536,0.0,0.0,0.0,True
2012-04-16,25.310000000000002,25.5025,25.150000000000002,25.150000000000002,19.88568977459328,168130,0.0,0.0,0.0,True
2012-04-17,25.115000000000002,25.3727001953125,25.08510009765625,25.34,20.03592054796034,130603,0.0,0.0,0.0,True
2012-04-18,25.2925,25.3649609375,25.0225,25.04125,19.799706498080436,176595,0.0,0.0,0.0,True
2012-04-19,25.1,25.22010009765625,24.99008056640625,25.02,19.782901520288807,314620,0.0,0.0,0.0,True
2012-04-20,25.02,25.0775,24.88,24.997500000000002,19.76511734871983,153260,0.0,0.0,0.0,True
2012-04-23,24.830000000000002,24.830000000000002,24.3225,24.38,19.276853789117947,286096,0.0,0.0,0.0,True
2012-04-24,24.6275,24.68,24.52008056640625,24.61625,19.46367080271166,125981,0.0,0.0,0.0,True
2012-04-25,24.7,24.8525,24.66,24.67625,19.511105581111984,379314,0.0,0.0,0.0,True
2012-04-26,24.67,24.7375,24.55735107421875,24.6625,19.500229950620398,277498,0.0,0.0,0.0,True
2012-04-27,24.43,24.78,23.98,24.73375,19.556568425798613,104067,0.0,0.0,0.0,True
2012-04-30,24.8,24.847529296875,24.696298828125002,24.77,19.58523596852145,376911,0.0,0.0,0.0,True
2012-05-01,24.82,25.1,24.77,25.0775,19.82836436497544,534043,0.0,0.0,0.0,True
2012-05-02,25.13,25.13,24.868798828125,24.92,19.70383839584678,257640,0.0,0.0,0.0,True
2012-05-03,24.975,25.0325,24.78,24.84,19.64057589826662,157915,0.0,0.0,0.0,True
2012-05-04,24.77,24.7877001953125,24.44,24.46,19.34012015702922,195493,0.0,0.0,0.0,True
2012-05-08,24.3,24.310800781250002,23.830000000000002,23.900000000000002,18.897340728935202,197961,0.0,0.0,0.0,True
2012-05-09,23.885,23.936499023437502,23.57,23.78,18.802457625975585,779057,0.0,0.0,0.0,True
2012-05-10,23.7925,23.901979980468752,23.68,23.8425,18.85187401391744,830521,0.0,0.0,0.0,True
2012-05-11,23.5675,23.88,23.5675,23.88875,18.888442837653994,122345,0.0,0.0,0.0,True
2012-05-14,23.5775,23.5825,23.1077490234375,23.1675,18.318159220622316,591444,0.0,0.0,0.0,True
2012-05-15,23.28,23.35,23.1525,23.1525,18.306308266684507,671969,0.0,0.0,0.0,True
2012-05-16,22.6275,23.09,22.56929931640625,22.895,18.10270175662369,694361,0.0,0.0,0.0,True
2012-05-17,23.0675,23.0675,22.76,22.85,18.067123737657894,574562,0.0,0.0,0.0,True
2012-05-18,22.4025,22.73,22.4025,22.580000000000002,17.85363627220739,492939,0.0,0.0,0.0,True
2012-05-21,22.6,22.805,22.575,22.712500000000002,17.958408071218958,452469,0.0,0.0,0.0,True
2012-05-22,22.9925,23.0625,22.8725,23.015,18.197580989252163,654325,0.0,0.0,0.0,True
2012-05-23,22.5375,22.554599609375,22.185,22.25875,17.599638050758514,408075,0.0,0.0,0.0,True
2012-05-24,22.475,22.7210009765625,22.44699951171875,22.51,17.798292472131067,299222,0.0,0.0,0.0,True
2012-05-25,22.59,22.642500000000002,22.40841064453125,22.5625,17.839801773562478,146173,0.0,0.0,0.0,True
2012-05-29,23.080000000000002,23.1275,22.945,23.09,18.256882202914824,227418,0.0,0.0,0.0,True
2012-05-30,22.905,22.9981689453125,22.7610009765625,22.80875,18.034508457176532,321742,0.0,0.0,0.0,True
2012-05-31,22.92,23.005,22.8125,22.9025,18.108634974254866,407691,0.0,0.0,0.0,True
2012-06-01,23.0675,23.0725,22.5775,22.69875,17.947530505561794,495958,0.0,0.0,0.0,True
2012-06-06,22.7575,23.1225,22.7325,23.1225,18.282579266490945,165546,0.0,0.0,0.0,True
2012-06-07,23.150000000000002,23.552500000000002,23.07,23.365000000000002,18.474319341289405,389567,0.0,0.0,0.0,True
2012-06-08,23.0675,23.150000000000002,22.945,23.0925,18.258861877290776,311739,0.0,0.0,0.0,True
2012-06-11,23.465,23.4775,23.0,23.0625,18.235146423256197,134693,0.0,0.0,0.0,True
2012-06-12,23.115000000000002,23.150000000000002,22.975,23.13875,18.29543263619292,106534,0.0,0.0,0.0,True
2012-06-13,23.18,23.25534912109375,23.105,23.240000000000002,18.375486565405733,131373,0.0,0.0,0.0,True
2012-06-14,23.25,23.28968017578125,22.99739990234375,23.19125,18.336945807955473,99200,0.0,0.0,0.0,True
2012-06-15,23.3,23.47,23.2225,23.27,18.399211695268157,259793,0.0,0.0,0.0,True
2012-06-18,23.495,23.5689990234375,23.3127490234375,23.41125,18.510892035357102,101362,0.0,0.0,0.0,True
2012-06-19,23.4525,23.865000000000002,23.4525,23.845,18.85384981796226,292895,0.0,0.0,0.0,True
2012-06-20,23.7325,23.823798828125,23.6852001953125,23.76,18.78664538812029,841335,0.0,0.0,0.0,True
2012-06-21,23.6525,23.69044921875,23.427500000000002,23.48,18.56524696582823,446969,0.0,0.0,0.0,True
2012-06-22,23.150000000000002,23.286569824218752,23.11,23.12875,18.287525549682492,643903,0.0,0.0,0.0,True
2012-06-25,23.1075,23.1075,22.69,22.69,17.9406219644844,607860,0.0,0.0,0.0,True
2012-06-26,22.92,22.92,22.7143408203125,22.7325,17.97421063324641,1567479,0.0,0.0,0.0,True
2012-06-27,23.015,23.15758056640625,22.955000000000002,23.13875,18.29543263619292,463969,0.0,0.0,0.0,True
2012-06-28,22.94,23.10883056640625,22.855,22.92,18.122471408065337,1062546,0.0,0.0,0.0,True
2012-06-29,23.3775,23.6114990234375,23.3277001953125,23.56,18.628503657911683,475157,0.0,0.0,0.0,True
2012-07-02,23.650000000000002,23.8225,23.4460009765625,23.712500000000002,18.7490838244474,607549,0.0,0.0,0.0,True
2012-07-03,23.7575,24.269331054687502,23.7575,24.247500000000002,19.17209940659648,325458,0.0,0.0,0.0,True
2012-07-04,24.080000000000002,24.235,24.080000000000002,24.2225,19.152329755154835,246380,0.0,0.0,0.0,True
2012-07-05,24.11,24.48,24.11,24.361250000000002,19.262045902192387,286183,0.0,0.0,0.0,True
2012-07-06,24.1875,24.19,23.87,23.91,18.905243945114485,194263,0.0,0.0,0.0,True
2012-07-09,23.82,23.86760986328125,23.685,23.71,18.747109955568146,219943,0.0,0.0,0.0,True
2012-07-10,23.825,23.97929931640625,23.7275,23.7825,18.804439235517115,261437,0.0,0.0,0.0,True
2012-07-11,23.66,23.722958984375,23.555,23.59875,18.659145069513777,320537,0.0,0.0,0.0,True
2012-07-12,23.3325,23.421650390625,23.2425,23.305,18.42687682222682,1341540,0.0,0.0,0.0,True
2012-07-13,23.585,23.625,23.475,23.5425,18.61467883509461,210083,0.0,0.0,0.0,True
2012-07-16,23.545,23.633649902343752,23.36,23.43,18.52571346844165,192758,0.0,0.0,0.0,True
2012-07-17,23.55,23.67,23.51,23.5475,18.61863044318426,197213,0.0,0.0,0.0,True
2012-07-18,23.4675,23.68,23.44,23.650000000000002,18.699663566174426,57356,0.0,0.0,0.0,True
2012-07-19,23.7275,23.8,23.6375,23.73,18.76292219342344,1581369,0.0,0.0,0.0,True
2012-07-20,23.6975,23.722900390625,23.57,23.605,18.664087482374185,148275,0.0,0.0,0.0,True
2012-07-23,23.23,23.291201171875,22.9675,23.09,18.256882202914824,556539,0.0,0.0,0.0,True
2012-07-24,23.25,23.25,23.0177490234375,23.07,18.241077705721807,130656,0.0,0.0,0.0,True
2012-07-25,22.900000000000002,23.30330078125,22.900000000000002,23.17,18.32014083016384,274410,0.0,0.0,0.0,True
2012-07-26,23.18,23.27820068359375,23.045080566406252,23.177500000000002,18.326075982960592,140755,0.0,0.0,0.0,True
2012-07-27,23.4875,23.7239599609375,23.37,23.705000000000002,18.743156412312928,1365886,0.0,0.0,0.0,True
2012-07-30,23.79,24.00320068359375,23.79,23.896250000000002,18.894370249788462,336432,0.0,0.0,0.0,True
2012-07-31,24.080000000000002,24.2075,24.03,24.095,19.0515231103919,988001,0.0,0.0,0.0,True
2012-08-01,24.03,24.2175,24.00699951171875,24.1875,19.124664628196157,499000,0.0,0.0,0.0,True
2012-08-02,23.985,24.2025,23.825,23.905,18.901294272190405,65207,0.0,0.0,0.0,True
2012-08-03,23.997500000000002,24.47,23.92989990234375,24.40625,19.297620050827057,194490,0.0,0.0,0.0,True
2012-08-06,24.45,24.75,24.40070068359375,24.62375,19.46960595550842,119624,0.0,0.0,0.0,True
2012-08-07,24.565,24.73,24.509130859375002,24.6875,19.52000540755875,840334,0.0,0.0,0.0,True
2012-08-08,24.62,24.77,24.490000000000002,24.747500000000002,19.567442121124625,1560444,0.0,0.0,0.0,True
2012-08-09,24.85,24.9725,24.8,24.900000000000002,19.688020352494775,1006375,0.0,0.0,0.0,True
2012-08-10,24.78,24.900000000000002,24.735,24.7725,19.58720790223514,2362605,0.0,0.0,0.0,True
2012-08-13,24.735,24.77699951171875,24.5,24.55875,19.418200217362763,68583,0.0,0.0,0.0,True
2012-08-14,24.77,24.8175,24.73969970703125,24.76625,19.582271294871422,140326,0.0,0.0,0.0,True
2012-08-15,24.63,24.67,24.54,24.6375,19.48046416950988,654173,0.0,0.0,0.0,True
2012-08-16,24.5725,24.64278076171875,24.534130859375,24.635,19.478488365465058,133443,0.0,0.0,0.0,True
2012-08-17,24.6875,24.6875,24.57,24.6125,19.4607022587305,30819,0.0,0.0,0.0,True
2012-08-20,24.5925,24.615000000000002,24.445,24.552500000000002,19.413261674833485,1203809,0.0,0.0,0.0,True
2012-08-21,24.63,24.7375,24.532451171875,24.6,19.450817433009682,292768,0.0,0.0,0.0,True
2012-08-22,24.05,24.1375,23.98080078125,24.0,18.9764057885428,1343336,0.0,0.0,0.0,True
2012-08-23,24.1625,24.1925,23.89,23.9875,18.966524833153116,2291121,0.0,0.0,0.0,True
2012-08-24,23.9225,24.039208984375,23.7775,24.02,18.99222189672923,1143843,0.0,0.0,0.0,True
2012-08-28,23.7575,23.9075,23.63,23.63,18.683855198650267,459109,0.0,0.0,0.0,True
2012-08-29,23.7325,23.75,23.5075,23.52,18.59688305253222,131019,0.0,0.0,0.0,True
2012-08-30,23.427500000000002,23.445,23.294130859375,23.32,18.438743257489165,138148,0.0,0.0,0.0,True
2012-08-31,23.375,23.54886962890625,23.330000000000002,23.53,18.604788203877085,607423,0.0,0.0,0.0,True
2012-09-03,23.4975,23.52,23.435,23.52,18.59688305253222,141835,0.0,0.0,0.0,True
2012-09-04,23.4575,23.4743310546875,23.2425,23.2425,18.377464304616108,184396,0.0,0.0,0.0,True
2012-09-05,23.17,23.2039990234375,23.07,23.13,18.28851635445325,464672,0.0,0.0,0.0,True
2012-09-06,23.255,23.605,23.2175,23.57,18.636408809256537,112654,0.0,0.0,0.0,True
2012-09-07,23.7425,23.97,23.731000976562502,23.96,18.944781312832227,372699,0.0,0.0,0.0,True
2012-09-10,23.905,23.96,23.835,23.892500000000002,18.89140557613845,153790,0.0,0.0,0.0,True
2012-09-11,23.7875,23.950300292968752,23.75363037109375,23.945,18.932922618232126,342476,0.0,0.0,0.0,True
2012-09-12,24.02,24.04,23.8802001953125,23.923750000000002,18.91611570527493,131456,0.0,0.0,0.0,True
2012-09-13,23.81,23.93,23.77222900390625,23.892500000000002,18.89140557613845,301691,0.0,0.0,0.0,True
2012-09-14,24.535,24.94405029296875,24.490000000000002,24.7,19.52988442778286,1782379,0.0,0.0,0.0,True
2012-09-17,24.59,24.64844970703125,24.5,24.53375,19.398436371417823,741118,0.0,0.0,0.0,True
2012-09-18,24.4425,24.490000000000002,24.34,24.4225,19.310473420529025,907679,0.0,0.0,0.0,True
2012-09-19,24.4825,24.5325,24.405,24.5325,19.39744750181263,319712,0.0,0.0,0.0,True
2012-09-20,24.247500000000002,24.2775,24.1375,24.240000000000002,19.16617199446201,235334,0.0,0.0,0.0,True
2012-09-21,24.3775,24.425,24.30715087890625,24.425,19.312453094904992,200574,0.0,0.0,0.0,True
2012-09-24,24.26,24.3625,24.214479980468752,24.34,19.245238989235187,154832,0.0,0.0,0.0,True
2012-09-25,24.27,24.3525,24.2575,24.330000000000002,19.237331902724755,516178,0.0,0.0,0.0,True
2012-09-26,24.1,24.13840087890625,23.8052001953125,23.8825,18.883502359959163,379660,0.0,0.0,0.0,True
2012-09-27,24.247500000000002,24.247500000000002,24.0325,24.1,19.055476653647112,274796,0.0,0.0,0.0,True
2012-09-28,24.26,24.3075,24.1475,24.175,19.11477980247534,273282,0.0,0.0,0.0,True
2012-10-01,24.32,24.62,24.250029296875,24.62,19.46663547636168,206016,0.0,0.0,0.0,True
2012-10-02,24.5075,24.59320068359375,24.45,24.44875,19.331228071244745,193954,0.0,0.0,0.0,True
2012-10-03,24.43,24.54,24.381201171875002,24.517500000000002,19.385584936881408,465440,0.0,0.0,0.0,True
2012-10-04,24.54,24.54,24.372500000000002,24.39,19.284766681125074,173597,0.0,0.0,0.0,True
2012-10-05,24.48,24.6475,24.39550048828125,24.635,19.478488365465058,191104,0.0,0.0,0.0,True
2012-10-08,24.4925,24.4925,24.2925,24.4125,19.302568269184157,91188,0.0,0.0,0.0,True
2012-10-09,24.5475,24.5625,24.276499023437502,24.31625,19.226462077729874,213474,0.0,0.0,0.0,True
2012-10-10,24.3825,24.4002197265625,24.2772998046875,24.275000000000002,19.193844862082948,94071,0.0,0.0,0.0,True
2012-10-11,24.27,24.48,24.164919433593752,24.465,19.344071765118862,215422,0.0,0.0,0.0,True
2012-10-12,24.38,24.41049072265625,24.203701171875,24.21,19.14245267009629,945314,0.0,0.0,0.0,True
2012-10-15,24.29,24.3325,24.212500000000002,24.2825,19.199774209383,581859,0.0,0.0,0.0,True
2012-10-16,24.37,24.59,24.34,24.6075,19.45675065064087,93664,0.0,0.0,0.0,True
2012-10-17,24.505,24.633798828125002,24.462500000000002,24.595,19.44686582492005,342776,0.0,0.0,0.0,True
2012-10-18,24.68,24.7025,24.5625,24.6175,19.4646577371513,86769,0.0,0.0,0.0,True
2012-10-19,24.6475,24.672800292968752,24.493200683593752,24.53625,19.400414110628223,474763,0.0,0.0,0.0,True
2012-10-22,24.5925,24.7075,24.555,24.62875,19.473561433929188,451360,0.0,0.0,0.0,True
2012-10-23,24.497500000000002,24.5839990234375,24.1893994140625,24.225,19.15431136469637,1142223,0.0,0.0,0.0,True
2012-10-24,24.43,24.43,24.25,24.335,19.241285445979976,499934,0.0,0.0,0.0,True
2012-10-25,24.3275,24.4227001953125,24.27783935546875,24.2825,19.199774209383,594417,0.0,0.0,0.0,True
2012-10-26,24.105,24.2175,23.938601074218752,24.145,19.091052737447352,219960,0.0,0.0,0.0,True
2012-10-29,24.1125,24.25,24.04705078125,24.243750000000002,19.169132797780904,693284,0.0,0.0,0.0,True
2012-10-30,24.26,24.3575,24.245,24.298750000000002,19.212635319747243,142146,0.0,0.0,0.0,True
2012-10-31,24.36,24.4025,24.085,24.11,19.063383740157544,521469,0.0,0.0,0.0,True
2012-11-01,24.185000000000002,25.89927978515625,24.1625,24.4475,19.330239201639532,496008,0.0,0.0,0.0,True
2012-11-02,24.5125,24.740000000000002,24.465,24.6075,19.45675065064087,188349,0.0,0.0,0.0,True
2012-11-05,24.475,24.6725,24.47,24.5625,19.421164891012776,313252,0.0,0.0,0.0,True
2012-11-06,24.6825,24.82243896484375,24.6339990234375,24.815,19.62081011715611,500916,0.0,0.0,0.0,True
2012-11-07,24.8775,24.9375,24.33052978515625,24.35,19.25314994607675,756205,0.0,0.0,0.0,True
2012-11-08,24.555,24.555,24.3775,24.3775,19.27487992023868,993187,0.0,0.0,0.0,True
2012-11-09,24.372500000000002,24.4725,24.2175,24.4525,19.33419080972918,262548,0.0,0.0,0.0,True
2012-11-12,24.3675,24.53449951171875,24.3675,24.485,19.35988980847087,133085,0.0,0.0,0.0,True
2012-11-13,24.265,24.32,24.125,24.32,19.229422881048748,958711,0.0,0.0,0.0,True
2012-11-14,24.35,24.4002294921875,24.09,24.16,19.10291723754413,213949,0.0,0.0,0.0,True
2012-11-15,24.025000000000002,24.0825,23.915,23.93,18.921065858797622,349547,0.0,0.0,0.0,True
2012-11-16,23.97,24.02949951171875,23.85,23.82375,18.837056451164045,153379,0.0,0.0,0.0,True
2012-11-19,24.0825,24.335,24.005,24.31875,19.2284378817747,542897,0.0,0.0,0.0,True
2012-11-20,24.16,24.25800048828125,24.13,24.25,19.17407327547573,825291,0.0,0.0,0.0,True
2012-11-21,24.1725,24.25,24.0675,24.122500000000002,19.073266630712805,2226699,0.0,0.0,0.0,True
2012-11-22,24.145,24.3275,24.13,24.3275,19.235358033845497,542611,0.0,0.0,0.0,True
2012-11-23,24.325,24.5,24.3,24.4225,19.310473420529025,573000,0.0,0.0,0.0,True
2012-11-26,24.302500000000002,24.43570068359375,24.302500000000002,24.3975,19.290703769087376,143058,0.0,0.0,0.0,True
2012-11-27,24.490000000000002,24.490000000000002,24.335,24.4225,19.310473420529025,120740,0.0,0.0,0.0,True
2012-11-28,24.29,24.335,24.1475,24.29,19.205707427014165,493835,0.0,0.0,0.0,True
2012-11-29,24.5025,24.61,24.4925,24.59,19.442914216830395,854868,0.0,0.0,0.0,True
2012-11-30,24.6125,24.7175,24.48,24.48,19.355936265215647,133687,0.0,0.0,0.0,True
2012-12-03,24.48,24.622500000000002,24.4675,24.4675,19.34604756916369,715226,0.0,0.0,0.0,True
2012-12-04,24.462500000000002,24.61,24.425,24.548750000000002,19.410297001183473,452352,0.0,0.0,0.0,True
2012-12-05,24.7575,24.81743896484375,24.71,24.810000000000002,19.616858509066468,1275370,0.0,0.0,0.0,True
2012-12-06,24.8075,24.935000000000002,24.7425,24.935000000000002,19.71570096077799,203151,0.0,0.0,0.0,True
2012-12-07,24.94,25.14,24.9375,25.0725,19.824410821720225,276501,0.0,0.0,0.0,True
2012-12-10,24.975,25.22,24.975,25.22,19.94104905599413,318744,0.0,0.0,0.0,True
2012-12-11,25.125,25.28,25.11239990234375,25.28625,19.993428182420434,307746,0.0,0.0,0.0,True
2012-12-12,25.3,25.3,25.22570068359375,25.2975,20.00232607370163,1004796,0.0,0.0,0.0,True
2012-12-13,25.265,25.325,25.215,25.25,19.964760639697595,496794,0.0,0.0,0.0,True
2012-12-14,25.28,25.32,25.205000000000002,25.2525,19.96673450857684,189031,0.0,0.0,0.0,True
2012-12-17,25.0975,25.21,25.0475,25.21,19.933138099152583,336450,0.0,0.0,0.0,True
2012-12-18,25.18,25.2364990234375,25.0725,25.18,19.90941490445571,425238,0.0,0.0,0.0,True
2012-12-19,25.2325,25.36,25.198701171875,25.36,20.051736656146783,293065,0.0,0.0,0.0,True
2012-12-20,25.2325,25.372500000000002,25.214399414062502,25.32125,20.02110105004136,966537,0.0,0.0,0.0,True
2012-12-21,25.080000000000002,25.267500000000002,25.005,25.1475,19.883713970548456,1049492,0.0,0.0,0.0,True
2012-12-24,25.2,25.290109863281252,25.18449951171875,25.30375,20.00726655139646,53451,0.0,0.0,0.0,True
2012-12-27,25.5,25.5675,25.400000000000002,25.535,20.190106799748165,794346,0.0,0.0,0.0,True
2012-12-28,25.6675,25.74570068359375,25.4875,25.5775,20.22370707950359,541438,0.0,0.0,0.0,True
2012-12-31,25.59,25.594599609375,25.46409912109375,25.5,20.162428126630548,550851,0.0,0.0,0.0,True
2013-01-02,25.3275,26.2,25.3275,26.2,20.71590870103617,5870194,0.0,0.0,0.0,True
2013-01-03,26.1075,26.392500000000002,26.085,26.403750000000002,20.87701510489479,655277,0.0,0.0,0.0,True
2013-01-04,26.2725,26.435000000000002,26.2725,26.38375,20.861198996708374,388320,0.0,0.0,0.0,True
2013-01-07,26.35,26.417299804687502,26.215,26.27,20.771262176940304,474405,0.0,0.0,0.0,True
2013-01-08,26.105,26.19,26.03679931640625,26.0775,20.61905559952843,678583,0.0,0.0,0.0,True
2013-01-09,26.1475,26.34,26.087500000000002,26.3325,20.820686305544424,185573,0.0,0.0,0.0,True
2013-01-10,26.405,26.405,26.18,26.2275,20.737659962019325,516303,0.0,0.0,0.0,True
2013-01-11,26.1125,26.185000000000002,26.03530029296875,26.1375,20.666498118591015,6564835,0.0,0.0,0.0,True
2013-01-14,26.2075,26.400000000000002,26.2075,26.315,20.806834390409406,284454,0.0,0.0,0.0,True
2013-01-15,26.205000000000002,26.2725,26.060800781250002,26.105,20.640799119849337,872120,0.0,0.0,0.0,True
2013-01-16,26.09,26.2325,26.017500000000002,26.22125,20.732719484324477,1033385,0.0,0.0,0.0,True
2013-01-17,26.2,26.515,26.2,26.515,20.964979990949168,1636289,0.0,0.0,0.0,True
2013-01-18,26.4825,26.62,26.37493896484375,26.62,21.04800246414312,278743,0.0,0.0,0.0,True
2013-01-21,26.555,26.68,26.5425,26.6725,21.089504024912255,317418,0.0,0.0,0.0,True
2013-01-22,26.68,26.7327392578125,26.525000000000002,26.6125,21.04207505200865,121821,0.0,0.0,0.0,True
2013-01-23,26.587500000000002,26.6523291015625,26.490000000000002,26.5125,20.963006122069906,170390,0.0,0.0,0.0,True
2013-01-24,26.4425,26.72,26.392500000000002,26.72,21.127069458916303,279000,0.0,0.0,0.0,True
2013-01-25,26.427500000000002,26.5675,26.315,26.39,20.86613947440321,428616,0.0,0.0,0.0,True
2013-01-28,26.39,26.48580078125,26.315,26.403750000000002,20.87701510489479,736379,0.0,0.0,0.0,True
2013-01-29,26.5475,26.61,26.415,26.61,21.0400953776327,443180,0.0,0.0,0.0,True
2013-01-30,26.6125,26.6875,26.400000000000002,26.44125,20.90666958205726,1642883,0.0,0.0,0.0,True
2013-01-31,26.345,26.425,26.26262939453125,26.2775,20.77718765390921,517268,0.0,0.0,0.0,True
2013-02-01,26.3,26.7075,26.295,26.7075,21.11718463319548,209768,0.0,0.0,0.0,True
2013-02-04,26.7975,26.7975,26.400000000000002,26.4025,20.876030105620735,303616,0.0,0.0,0.0,True
2013-02-05,26.39,26.61,26.35,26.59875,21.031199421517066,2228143,0.0,0.0,0.0,True
2013-02-06,26.5125,26.63,26.359599609375,26.41,20.881951712258505,276970,0.0,0.0,0.0,True
2013-02-07,26.330000000000002,26.431201171875,26.0925,26.14,20.668473922635847,792076,0.0,0.0,0.0,True
2013-02-08,26.1925,26.2775,25.91,26.11,20.64475653343568,990151,0.0,0.0,0.0,True
2013-02-11,26.247500000000002,26.37625,26.179541015625002,26.36,20.842420150037487,77187,0.0,0.0,0.0,True
2013-02-12,26.36,26.5,26.2897509765625,26.4575,20.919505535269117,182094,0.0,0.0,0.0,True
2013-02-13,26.575,26.7975,26.535,26.740000000000002,21.142883631937163,414699,0.0,0.0,0.0,True
2013-02-14,26.7325,26.802500000000002,26.61,26.72875,21.133993481318225,917483,0.0,0.0,0.0,True
2013-02-15,26.685000000000002,26.8431005859375,26.677500000000002,26.755,21.15473845620609,253874,0.0,0.0,0.0,True
2013-02-18,26.7075,26.8,26.6725,26.7,21.111251415564293,116591,0.0,0.0,0.0,True
2013-02-19,26.675,27.01,26.623779296875,27.01,21.356367227056513,84990,0.0,0.0,0.0,True
2013-02-20,27.0125,27.235,26.9875,27.07,21.40380587578797,387804,0.0,0.0,0.0,True
2013-02-21,26.9575,27.0025,26.545,26.55,20.992654793735667,663923,0.0,0.0,0.0,True
2013-02-22,26.6625,26.7875,26.6,26.715,21.123113980495514,1109541,0.0,0.0,0.0,True
2013-02-25,27.005,27.245,26.96090087890625,27.1125,21.437410025874524,890839,0.0,0.0,0.0,True
2013-02-26,26.4775,26.745,26.4775,26.6525,21.073699527719246,1085234,0.0,0.0,0.0,True
2013-02-27,26.76,26.915,26.706640625000002,26.8825,21.255548971300172,2116849,0.0,0.0,0.0,True
2013-02-28,26.9875,27.0447998046875,26.86,26.9175,21.283231514748955,1263397,0.0,0.0,0.0,True
2013-03-01,26.9125,27.23,26.8625,27.1325,21.45322226372981,300858,0.0,0.0,0.0,True
2013-03-04,26.91,26.93837890625,26.77,26.8,21.190322280668596,894414,0.0,0.0,0.0,True
2013-03-05,26.89,27.1125,26.785,27.0925,21.421601658350365,1251970,0.0,0.0,0.0,True
2013-03-06,27.1525,27.2775,27.0725,27.2775,21.56787114779993,679484,0.0,0.0,0.0,True
2013-03-07,27.39,27.395,27.255,27.3425,21.61926721011773,418621,0.0,0.0,0.0,True
2013-03-08,27.560000000000002,27.86,27.50780029296875,27.76,21.949379363683164,719157,0.0,0.0,0.0,True
2013-03-11,27.7225,27.7525,27.61,27.69625,21.898966365473864,217783,0.0,0.0,0.0,True
2013-03-12,27.5825,27.705000000000002,27.400000000000002,27.455000000000002,21.708220965777286,240322,0.0,0.0,0.0,True
2013-03-13,27.310000000000002,27.3575,27.12593017578125,27.2325,21.532295063999698,265066,0.0,0.0,0.0,True
2013-03-14,27.21,27.237280273437502,26.9875,27.0325,21.374161074453337,461821,0.0,0.0,0.0,True
2013-03-15,26.7375,26.769819335937502,26.57,26.7,21.111251415564293,567667,0.0,0.0,0.0,True
2013-03-18,26.3675,26.455000000000002,26.280500488281252,26.4525,20.915561667841754,473129,0.0,0.0,0.0,True
2013-03-19,26.4875,26.4875,26.0675,26.1575,20.682310356446308,2166937,0.0,0.0,0.0,True
2013-03-20,26.355,26.53,26.2525,26.385,20.862187866313562,380997,0.0,0.0,0.0,True
2013-03-21,26.205000000000002,26.295,26.0975,26.135,20.664518444215062,1147250,0.0,0.0,0.0,True
2013-03-22,25.93,26.035,25.855,25.855,20.44312776258526,549542,0.0,0.0,0.0,True
2013-03-25,26.165,26.24215087890625,25.9775,25.995,20.55381729790345,475994,0.0,0.0,0.0,True
2013-03-26,26.212500000000002,26.400000000000002,26.1275,26.355,20.838464671616705,667944,0.0,0.0,0.0,True
2013-03-27,26.5275,26.5275,26.27,26.375,20.854282714968704,834684,0.0,0.0,0.0,True
2013-03-28,26.3325,26.4775,26.31512939453125,26.4075,20.879973973048102,298616,0.0,0.0,0.0,True
2013-04-02,26.3075,26.54485107421875,26.06010986328125,26.515,20.964979990949168,963947,0.0,0.0,0.0,True
2013-04-03,26.43,26.46735107421875,26.142500000000002,26.1675,20.69021163746004,251070,0.0,0.0,0.0,True
2013-04-04,26.205000000000002,26.235,25.85,25.86,20.44708324100604,690328,0.0,0.0,0.0,True
2013-04-05,25.900000000000002,25.900000000000002,25.1475,25.28625,19.993428182420434,985827,0.0,0.0,0.0,True
2013-04-08,25.36,25.55,25.36,25.521250000000002,20.179233104422153,239357,0.0,0.0,0.0,True
2013-04-09,25.7225,25.725,25.5356005859375,25.67,20.296838921480024,427554,0.0,0.0,0.0,True
2013-04-10,25.7975,26.155,25.7523193359375,26.12625,20.65759829214425,809289,0.0,0.0,0.0,True
2013-04-11,26.1475,26.1475,25.87,25.9725,20.536036996665608,1134400,0.0,0.0,0.0,True
2013-04-12,25.802500000000002,25.802500000000002,25.4525,25.4775,20.144645890227117,479676,0.0,0.0,0.0,True
2013-04-15,25.4875,25.635,25.350009765625,25.395,20.07940758860213,709945,0.0,0.0,0.0,True
2013-04-16,25.4675,25.6,25.371320800781252,25.517500000000002,20.176270365937704,156211,0.0,0.0,0.0,True
2013-04-17,25.565,25.5675,25.198000488281252,25.265,19.97661352880096,420063,0.0,0.0,0.0,True
2013-04-18,25.355,25.493798828125,25.1543994140625,25.2325,19.950926141052697,187118,0.0,0.0,0.0,True
2013-04-19,25.345,25.6975,25.345,25.6675,20.294859247104046,758667,0.0,0.0,0.0,True
2013-04-22,25.825,25.86135009765625,25.5725,25.6075,20.24743220936603,912731,0.0,0.0,0.0,True
2013-04-23,25.57,25.89389892578125,25.51449951171875,25.85875,20.446092436235276,298469,0.0,0.0,0.0,True
2013-04-24,25.905,25.999399414062502,25.8475,25.985,20.54591214655858,365147,0.0,0.0,0.0,True
2013-04-25,26.0025,26.231489257812502,25.765,26.0,20.55777084115866,466204,0.0,0.0,0.0,True
2013-04-26,25.7875,25.87,25.580000000000002,25.60125,20.24248786134003,170300,0.0,0.0,0.0,True
2013-04-29,25.6475,25.828500976562502,25.58072021484375,25.805,20.40359813552981,164637,0.0,0.0,0.0,True
2013-04-30,25.77,25.935000000000002,25.77,25.9125,20.488588672106314,237124,0.0,0.0,0.0,True
2013-05-01,26.1,26.1472509765625,25.747500000000002,25.91,20.486612868061492,141490,0.0,0.0,0.0,True
2013-05-02,25.905,26.060000000000002,25.78580078125,26.056250000000002,20.602248686571244,452677,0.0,0.0,0.0,True
2013-05-03,25.97,26.2856396484375,25.927500000000002,26.265,20.767308633685097,1244970,0.0,0.0,0.0,True
2013-05-07,26.1875,26.59330078125,26.1875,26.580000000000002,21.016366377439123,444553,0.0,0.0,0.0,True
2013-05-08,26.6175,26.6625,26.580000000000002,26.59875,21.031199421517066,350398,0.0,0.0,0.0,True
2013-05-09,26.5575,26.7064990234375,26.53,26.6875,21.10136852500905,2324683,0.0,0.0,0.0,True
2013-05-10,26.5575,26.690009765625,26.5125,26.67,21.08752628570188,897381,0.0,0.0,0.0,True
2013-05-13,26.497500000000002,26.59993896484375,26.393701171875,26.580000000000002,21.016366377439123,2302574,0.0,0.0,0.0,True
2013-05-14,26.6675,26.816599121093752,26.5825,26.810000000000002,21.19822743201347,748471,0.0,0.0,0.0,True
2013-05-15,26.8175,26.8325,26.622500000000002,26.76625,21.163638282652865,268304,0.0,0.0,0.0,True
2013-05-16,26.7775,26.82280029296875,26.615000000000002,26.6475,21.06974598446403,154619,0.0,0.0,0.0,True
2013-05-17,26.6375,26.8675,26.6,26.7725,21.16857295485101,508601,0.0,0.0,0.0,True
2013-05-20,26.885,26.9448095703125,26.73199951171875,26.7925,21.184398738865273,4675451,0.0,0.0,0.0,True
2013-05-21,26.785,26.9725,26.70174072265625,26.9425,21.302997295859463,243111,0.0,0.0,0.0,True
2013-05-22,26.905,27.305,26.888620605468752,27.22,21.52240056245103,370154,0.0,0.0,0.0,True
2013-05-23,26.48,26.5075,26.247500000000002,26.34,20.826602106685485,2009039,0.0,0.0,0.0,True
2013-05-24,26.5475,26.5475,26.1275,26.1275,20.658587161749452,290229,0.0,0.0,0.0,True
2013-05-28,26.515,26.75,26.50780029296875,26.62,21.04800246414312,1061088,0.0,0.0,0.0,True
2013-05-29,26.4175,26.42,25.9375,25.96,20.52614830061365,4698043,0.0,0.0,0.0,True
2013-05-30,25.97,26.0535009765625,25.80080078125,25.9575,20.52416669107211,1482462,0.0,0.0,0.0,True
2013-05-31,25.8,25.8,25.545,25.6925,20.314642444704674,449478,0.0,0.0,0.0,True
2013-06-03,25.4325,25.4677099609375,25.1475,25.1975,19.92324940310061,325388,0.0,0.0,0.0,True
2013-06-04,25.337500000000002,25.5675,25.337500000000002,25.3575,20.049762787267504,816600,0.0,0.0,0.0,True
2013-06-05,25.23,25.3175,24.77,24.81625,19.621800921926873,374166,0.0,0.0,0.0,True
2013-06-06,24.7525,24.75830078125,24.327829589843752,24.34,19.245238989235187,1827812,0.0,0.0,0.0,True
2013-06-07,24.400000000000002,24.6575,24.2775,24.6575,19.49628414802745,716804,0.0,0.0,0.0,True
2013-06-10,24.585,24.585,24.11,24.15875,19.101930303104492,448248,0.0,0.0,0.0,True
2013-06-11,23.93,23.95719970703125,23.55449951171875,23.798750000000002,18.817286799722396,742227,0.0,0.0,0.0,True
2013-06-12,23.45,23.735,23.45,23.4975,18.57909694579768,380112,0.0,0.0,0.0,True
2013-06-13,23.13,23.51,23.06320068359375,23.44,18.53362636044877,540847,0.0,0.0,0.0,True
2013-06-14,23.61,23.77,23.4875,23.52,18.59688305253222,402845,0.0,0.0,0.0,True
2013-06-17,23.6525,23.745,23.56419921875,23.740000000000002,18.7708273447683,295325,0.0,0.0,0.0,True
2013-06-18,23.6175,23.75,23.61469970703125,23.73375,18.765879126411185,4200611,0.0,0.0,0.0,True
2013-06-19,23.6375,23.7325,23.5210009765625,23.6475,18.697683891798455,284868,0.0,0.0,0.0,True
2013-06-20,23.07,23.1339990234375,22.44625,22.6,17.869454315559377,1472793,0.0,0.0,0.0,True
2013-06-21,22.6525,22.74800048828125,22.44570068359375,22.44,17.742944801723617,782491,0.0,0.0,0.0,True
2013-06-24,22.4225,22.44780029296875,21.91,21.915,17.327834370919398,405301,0.0,0.0,0.0,True
2013-06-25,22.27,22.55052978515625,22.27,22.4475,17.74886834352695,533051,0.0,0.0,0.0,True
2013-06-26,22.5825,22.97,22.4825,22.9125,18.11653819043416,222827,0.0,0.0,0.0,True
2013-06-27,23.2175,23.65280029296875,23.1075,23.57125,18.637397678861735,345525,0.0,0.0,0.0,True
2013-06-28,23.82,23.9075,23.57,23.88,18.881524620748767,740508,0.0,0.0,0.0,True
2013-07-01,24.0275,24.12,23.9125,24.00375,18.979374332523953,458123,0.0,0.0,0.0,True
2013-07-02,23.97,24.1025,23.87,23.87,18.87362333973504,486061,0.0,0.0,0.0,True
2013-07-03,23.5075,23.55,23.095,23.35,18.462456776358195,723651,0.0,0.0,0.0,True
2013-07-04,23.405,23.9175,23.351599121093752,23.830000000000002,18.841991123362178,465868,0.0,0.0,0.0,True
2013-07-05,23.9775,24.215,23.6275,23.618750000000002,18.674966983196907,339248,0.0,0.0,0.0,True
2013-07-08,23.7625,23.8525,23.60469970703125,23.775000000000002,18.79850795305151,164725,0.0,0.0,0.0,True
2013-07-09,23.7775,24.06625,23.7710009765625,24.04625,19.012978482610507,94416,0.0,0.0,0.0,True
2013-07-10,24.0775,24.0775,23.865000000000002,23.865000000000002,18.869667861314255,166494,0.0,0.0,0.0,True
2013-07-11,24.315,24.3647998046875,24.23030029296875,24.3175,19.227450947335065,173641,0.0,0.0,0.0,True
2013-07-12,24.265,24.392500000000002,24.212500000000002,24.25125,19.175064080246507,223552,0.0,0.0,0.0,True
2013-07-15,24.52,24.63,24.3814990234375,24.580000000000002,19.43500325998883,215246,0.0,0.0,0.0,True
2013-07-16,24.5775,24.7175,24.4825,24.51,19.379659459912514,127801,0.0,0.0,0.0,True
2013-07-17,24.565,24.82903076171875,24.27,24.63375,19.477501431025427,569459,0.0,0.0,0.0,True
2013-07-18,24.48,24.59,24.26,24.5625,19.421164891012776,1096362,0.0,0.0,0.0,True
2013-07-19,24.3575,24.393129882812502,24.205000000000002,24.28,19.19779453500703,147118,0.0,0.0,0.0,True
2013-07-22,24.310000000000002,24.318798828125,23.81909912109375,24.26,19.181988102648443,529170,0.0,0.0,0.0,True
2013-07-23,24.54,24.625,24.458701171875,24.56875,19.426105368707635,132251,0.0,0.0,0.0,True
2013-07-24,24.66,24.729799804687502,24.400000000000002,24.4725,19.35000111241891,129470,0.0,0.0,0.0,True
2013-07-25,24.4125,24.5281298828125,24.302500000000002,24.375,19.272911856856123,964644,0.0,0.0,0.0,True
2013-07-26,24.44,24.44,24.17070068359375,24.225,19.15431136469637,61421,0.0,0.0,0.0,True
2013-07-29,24.18,24.295,24.1375,24.2,19.134543648420294,455271,0.0,0.0,0.0,True
2013-07-30,24.28,24.34699951171875,24.255,24.255,19.178036494558786,117114,0.0,0.0,0.0,True
2013-07-31,24.330000000000002,24.330000000000002,23.8314990234375,24.19,19.12664043224099,622663,0.0,0.0,0.0,True
2013-08-01,24.38,24.5425,24.155,24.47125,19.349012242813714,501671,0.0,0.0,0.0,True
2013-08-02,24.497500000000002,24.57529052734375,24.3175,24.445,19.32826726792585,492640,0.0,0.0,0.0,True
2013-08-05,24.465,24.465,24.21280029296875,24.25125,19.175064080246507,122849,0.0,0.0,0.0,True
2013-08-06,24.1125,24.1743994140625,23.844599609375,23.8625,18.867688186938295,876073,0.0,0.0,0.0,True
2013-08-07,23.7825,23.875,23.44239990234375,23.46,18.549436663138504,1544966,0.0,0.0,0.0,True
2013-08-08,23.55,23.6975,23.4931298828125,23.6575,18.70559871897117,1238195,0.0,0.0,0.0,True
2013-08-09,23.7325,23.97050048828125,23.68610107421875,23.90625,18.902283141795607,192209,0.0,0.0,0.0,True
2013-08-12,23.900000000000002,24.2575,23.900000000000002,24.1725,19.11280206326495,732113,0.0,0.0,0.0,True
2013-08-13,24.240000000000002,24.3775,24.1925,24.247500000000002,19.17209940659648,221727,0.0,0.0,0.0,True
2013-08-14,24.335,24.33989990234375,24.2339990234375,24.2925,19.207687101390132,225475,0.0,0.0,0.0,True
2013-08-15,24.19,24.2275,23.755,23.8575,18.863734643683085,1120258,0.0,0.0,0.0,True
2013-08-16,23.975,23.975,23.79,23.8875,18.887453968048813,194372,0.0,0.0,0.0,True
2013-08-19,23.6525,23.7347998046875,23.4156005859375,23.42,18.517817992924616,622781,0.0,0.0,0.0,True
2013-08-20,23.080000000000002,23.1925,23.0,23.16,18.31222793815671,882550,0.0,0.0,0.0,True
2013-08-21,22.995,23.09139892578125,22.740000000000002,22.76125,17.99695269900034,387208,0.0,0.0,0.0,True
2013-08-22,22.6725,23.0877001953125,22.6725,22.9825,18.171891666338325,791636,0.0,0.0,0.0,True
2013-08-23,23.0825,23.330000000000002,23.06419921875,23.26625,18.396247021618134,137679,0.0,0.0,0.0,True
2013-08-27,23.1075,23.14,22.742919921875,22.76,17.995961894229577,647701,0.0,0.0,0.0,True
2013-08-28,22.62,22.7225,22.517500000000002,22.66,17.91688715879413,101870,0.0,0.0,0.0,True
2013-08-29,22.9425,23.14469970703125,22.8081005859375,23.0725,18.24304576910436,55355,0.0,0.0,0.0,True
2013-08-30,23.04,23.11909912109375,22.93,22.990000000000002,18.177819078472794,549090,0.0,0.0,0.0,True
2013-09-02,23.215,23.3625,23.1814990234375,23.3275,18.44467841028592,551398,0.0,0.0,0.0,True
2013-09-03,23.3725,23.3725,23.12469970703125,23.1075,18.270722507056437,221009,0.0,0.0,0.0,True
2013-09-04,23.255,23.293100585937502,23.1025,23.1975,18.341886285650315,40505,0.0,0.0,0.0,True
2013-09-05,23.3875,23.5125,23.2625,23.5225,18.598862726908187,127082,0.0,0.0,0.0,True
2013-09-06,23.580000000000002,23.900000000000002,23.580000000000002,23.89125,18.89041670653326,160461,0.0,0.0,0.0,True
2013-09-09,23.925,24.155,23.895,24.14875,19.09401354076623,557236,0.0,0.0,0.0,True
2013-09-10,24.385,24.636298828125,24.35360107421875,24.56125,19.420176021407592,244965,0.0,0.0,0.0,True
2013-09-11,24.415,24.4939990234375,24.315,24.395,19.28872602987699,235645,0.0,0.0,0.0,True
2013-09-12,24.39,24.4464990234375,24.26449951171875,24.295,19.209666775766085,887222,0.0,0.0,0.0,True
2013-09-13,24.18,24.2275,24.097700195312502,24.19375,19.129605105891006,720053,0.0,0.0,0.0,True
2013-09-16,24.400000000000002,24.5302001953125,24.3922998046875,24.4825,19.35791593959161,200443,0.0,0.0,0.0,True
2013-09-17,24.28,24.4918994140625,24.28,24.44,19.324311789505057,137355,0.0,0.0,0.0,True
2013-09-18,24.3575,24.3875,24.1975,24.240000000000002,19.16617199446201,194766,0.0,0.0,0.0,True
2013-09-19,24.9375,25.142500000000002,24.89919921875,24.96125,19.73644980599699,643444,0.0,0.0,0.0,True
2013-09-20,24.9675,25.02,24.7325,24.7325,19.55557955619342,157104,0.0,0.0,0.0,True
2013-09-23,24.5475,24.654299316406252,24.4675,24.57,19.42709036798169,374177,0.0,0.0,0.0,True
2013-09-24,24.560000000000002,24.659399414062502,24.5,24.6,19.450817433009682,223315,0.0,0.0,0.0,True
2013-09-25,24.425,24.5225,24.2206005859375,24.3775,19.27487992023868,976623,0.0,0.0,0.0,True
2013-09-26,24.3,24.484899902343752,24.29969970703125,24.375,19.272911856856123,245918,0.0,0.0,0.0,True
2013-09-27,24.2975,24.2975,23.9489990234375,24.00125,18.977394658148,190372,0.0,0.0,0.0,True
2013-09-30,23.795,23.795,23.6225,23.64,18.691762285160696,424380,0.0,0.0,0.0,True
2013-10-01,23.725,23.945200195312502,23.698400878906252,23.9075,18.903270076235227,159169,0.0,0.0,0.0,True
2013-10-02,23.830000000000002,23.995,23.787099609375,23.97375,18.955651137827093,60214,0.0,0.0,0.0,True
2013-10-03,24.1975,24.28,24.14,24.14375,19.09006580300772,46582,0.0,0.0,0.0,True
2013-10-04,24.2325,24.47409912109375,24.2325,24.43,19.31641050849133,113756,0.0,0.0,0.0,True
2013-10-07,24.36,24.37080078125,23.8577001953125,24.33625,19.24227625075073,49098,0.0,0.0,0.0,True
2013-10-08,24.395,24.4864990234375,24.28429931640625,24.310000000000002,19.22151966486946,938478,0.0,0.0,0.0,True
2013-10-09,24.36,24.51330078125,24.2725,24.306250000000002,19.218560796716147,90573,0.0,0.0,0.0,True
2013-10-10,24.6325,29.3093994140625,24.522900390625,24.81875,19.623776725971716,204590,0.0,0.0,0.0,True
2013-10-11,24.8175,25.051000976562502,24.8175,25.01,19.775002174440655,122040,0.0,0.0,0.0,True
2013-10-14,24.8,24.9572998046875,24.79679931640625,24.94875,19.726572720938435,62957,0.0,0.0,0.0,True
2013-10-15,25.105,25.2625,25.105,25.23,19.9489484018423,524105,0.0,0.0,0.0,True
2013-10-16,25.0025,25.302500000000002,24.91,25.2075,19.931158424776612,364342,0.0,0.0,0.0,True
2013-10-17,25.1525,25.1525,24.8189990234375,24.9675,19.741396089188537,787003,0.0,0.0,0.0,True
2013-10-18,25.0375,25.1525,24.947900390625,25.1075,19.85209530033458,441845,0.0,0.0,0.0,True
2013-10-21,25.1175,25.150000000000002,24.97989990234375,25.07,19.822433082509836,143195,0.0,0.0,0.0,True
2013-10-22,25.115000000000002,25.34,25.01550048828125,25.19,19.917318120635002,440506,0.0,0.0,0.0,True
2013-10-23,24.95,24.991298828125,24.67679931640625,24.81125,19.61784931383724,152266,0.0,0.0,0.0,True
2013-10-24,24.825,24.872500000000002,24.688798828125,24.695,19.525934754858785,296066,0.0,0.0,0.0,True
2013-10-25,24.580000000000002,24.7075,24.526899414062502,24.7,19.52988442778286,136452,0.0,0.0,0.0,True
2013-10-28,24.86,24.973720703125,24.7364990234375,24.955000000000002,19.73150739313658,1134822,0.0,0.0,0.0,True
2013-10-29,25.052500000000002,25.185000000000002,25.0243994140625,25.2075,19.931158424776612,77204,0.0,0.0,0.0,True
2013-10-30,25.337500000000002,25.337500000000002,25.1675,25.18625,19.914353446984983,784149,0.0,0.0,0.0,True
2013-10-31,25.13,25.18,24.89381103515625,24.9125,19.697909048546734,282232,0.0,0.0,0.0,True
2013-11-01,25.0275,25.1110009765625,24.962500000000002,24.97,19.743368022902235,218553,0.0,0.0,0.0,True
2013-11-04,25.25,25.25,24.90989990234375,25.075,19.82638856093062,86442,0.0,0.0,0.0,True
2013-11-05,24.9125,24.9725,24.571699218750002,24.6,19.450817433009682,656677,0.0,0.0,0.0,True
2013-11-06,24.635,24.635,24.5118994140625,24.6,19.450817433009682,54138,0.0,0.0,0.0,True
2013-11-07,24.497500000000002,24.64830078125,24.225,24.26875,19.188904384388103,340206,0.0,0.0,0.0,True
2013-11-08,24.2275,24.240000000000002,23.95169921875,24.08875,19.046580697531482,186307,0.0,0.0,0.0,True
2013-11-11,24.155,24.2425,24.03679931640625,24.14,19.087099194192138,156113,0.0,0.0,0.0,True
2013-11-12,24.1675,24.267500000000002,24.125,24.13875,19.086110324586933,101801,0.0,0.0,0.0,True
2013-11-13,23.98,23.990000000000002,23.67,23.715,18.751063498823356,541541,0.0,0.0,0.0,True
2013-11-14,24.017500000000002,24.060000000000002,23.8235009765625,24.01375,18.987279483868818,81796,0.0,0.0,0.0,True
2013-11-15,24.2325,24.6531005859375,24.21830078125,24.565,19.423142630223182,657989,0.0,0.0,0.0,True
2013-11-18,24.6075,24.905,24.605,24.8575,19.654418137573806,245151,0.0,0.0,0.0,True
2013-11-19,24.802500000000002,24.9025,24.665,24.665,19.502207689830787,115930,0.0,0.0,0.0,True
2013-11-20,24.3175,24.6,24.3175,24.53625,19.400414110628223,535934,0.0,0.0,0.0,True
2013-11-21,24.235,24.3275,24.1475,24.185000000000002,19.12268882415134,307278,0.0,0.0,0.0,True
2013-11-22,24.1825,24.23780029296875,24.047099609375,24.205000000000002,19.138493321344374,208045,0.0,0.0,0.0,True
2013-11-25,24.36,24.418500976562502,24.27,24.305,19.217569991945375,168021,0.0,0.0,0.0,True
2013-11-26,24.2575,24.299599609375,24.0125,24.03,19.00012317774296,128626,0.0,0.0,0.0,True
2013-11-27,24.045,24.07419921875,23.89,24.05,19.01594122109495,97544,0.0,0.0,0.0,True
2013-11-28,23.925,24.05239990234375,23.925,24.017500000000002,18.99024415751884,66910,0.0,0.0,0.0,True
2013-11-29,24.1075,24.205000000000002,24.03695068359375,24.13,19.079194042847263,171298,0.0,0.0,0.0,True
2013-12-02,24.07,24.28,23.895,23.89125,18.89041670653326,131335,0.0,0.0,0.0,True
2013-12-03,23.77,23.80554931640625,23.4225,23.4225,18.519793796969427,358527,0.0,0.0,0.0,True
2013-12-04,23.57,23.628000488281252,23.392500000000002,23.4925,18.575133726714615,415505,0.0,0.0,0.0,True
2013-12-05,23.47,23.68949951171875,23.45784912109375,23.6125,18.670028440667632,150994,0.0,0.0,0.0,True
2013-12-06,23.605,23.9425,23.580000000000002,23.923750000000002,18.91611570527493,136491,0.0,0.0,0.0,True
2013-12-09,23.86,24.07,23.84449951171875,23.995,18.97245611561872,373475,0.0,0.0,0.0,True
2013-12-10,23.8075,23.88,23.75405029296875,23.82,18.834091777514026,115629,0.0,0.0,0.0,True
2013-12-11,23.69,23.8075,23.56449951171875,23.5925,18.654202656653368,186031,0.0,0.0,0.0,True
2013-12-12,23.4725,23.4918505859375,23.265,23.295,18.41897167088196,392352,0.0,0.0,0.0,True
2013-12-13,23.4475,23.52756103515625,23.3835498046875,23.39875,18.501013015132994,201885,0.0,0.0,0.0,True
2013-12-16,23.41,23.735,23.34050048828125,23.7025,18.741180608268095,349704,0.0,0.0,0.0,True
2013-12-17,23.565,23.63639892578125,23.4631005859375,23.515,18.59292757411145,573077,0.0,0.0,0.0,True
2013-12-18,23.5275,23.5775,23.3425,23.3425,18.456525493892578,365473,0.0,0.0,0.0,True
2013-12-19,23.4025,23.478798828125,23.2,23.28,18.40711491144745,239307,0.0,0.0,0.0,True
2013-12-20,23.365000000000002,23.47212890625,23.29155029296875,23.415,18.513856709007133,186281,0.0,0.0,0.0,True
2013-12-23,23.42,23.565,23.395300292968752,23.5375,18.610721421508263,96976,0.0,0.0,0.0,True
2013-12-24,23.44,23.61633056640625,23.44,23.5425,18.61467883509461,34818,0.0,0.0,0.0,True
2013-12-27,23.45,23.524599609375,23.33989990234375,23.47,18.557349555145635,134824,0.0,0.0,0.0,True
2013-12-30,23.625,23.8177490234375,23.48014892578125,23.69,18.731301588043976,315420,0.0,0.0,0.0,True
2013-12-31,23.5625,23.769951171875,23.5625,23.635,18.687806806739907,39976,0.0,0.0,0.0,True
2014-01-02,23.3975,23.5775,23.204150390625,23.29,18.415023933123457,286315,0.0,0.0,0.0,True
2014-01-03,23.1375,23.2660498046875,23.0825,23.087500000000002,18.254908334035573,182381,0.0,0.0,0.0,True
2014-01-06,23.06,23.09510009765625,22.93,22.94875,18.14520960348813,184172,0.0,0.0,0.0,True
2014-01-07,22.962500000000002,23.105,22.914150390625,22.98125,18.170904731898688,78930,0.0,0.0,0.0,True
2014-01-08,23.0075,23.03550048828125,22.825,22.8225,18.045382152502558,172937,0.0,0.0,0.0,True
2014-01-09,22.785,22.819799804687502,22.52,22.55,17.82991307751052,123829,0.0,0.0,0.0,True
2014-01-10,22.72,22.94419921875,22.69875,22.935,18.134328167499852,414565,0.0,0.0,0.0,True
2014-01-13,23.1025,23.27449951171875,23.0025,23.1275,18.286534744911727,303649,0.0,0.0,0.0,True
2014-01-14,23.0225,23.02949951171875,22.74919921875,22.95,18.14619266759663,351037,0.0,0.0,0.0,True
2014-01-15,23.150000000000002,23.22824951171875,23.05550048828125,23.16625,18.317170351017108,339482,0.0,0.0,0.0,True
2014-01-16,23.16,23.1877490234375,22.99199951171875,23.0275,18.207461944641853,212638,0.0,0.0,0.0,True
2014-01-17,23.145,23.145,22.8225,22.84,18.05921471598189,174461,0.0,0.0,0.0,True
2014-01-20,22.830000000000002,22.94,22.82175048828125,22.91125,18.115549320828976,282954,0.0,0.0,0.0,True
2014-01-21,22.900000000000002,22.965,22.6625,22.69,17.9406219644844,426653,0.0,0.0,0.0,True
2014-01-22,22.935,22.935,22.6875,22.72,17.964333548187852,635289,0.0,0.0,0.0,True
2014-01-23,22.642500000000002,22.68800048828125,22.26,22.32,17.648057828432897,1411683,0.0,0.0,0.0,True
2014-01-24,22.2425,22.25,21.84,21.865000000000002,17.288295068036113,909707,0.0,0.0,0.0,True
2014-01-27,21.9075,21.9202490234375,21.64125,21.64125,17.111380296653312,1515774,0.0,0.0,0.0,True
2014-01-28,21.8125,21.97,21.732060546875,21.78625,17.226031115889004,1597171,0.0,0.0,0.0,True
2014-01-29,22.165,22.19550048828125,21.4575,21.74625,17.194400834681712,640373,0.0,0.0,0.0,True
2014-01-30,21.615000000000002,21.925,21.61324951171875,21.84375,17.27149396057563,333333,0.0,0.0,0.0,True
2014-01-31,21.75,21.825,21.515,21.81875,17.251733984961817,338410,0.0,0.0,0.0,True
2014-02-03,21.8725,21.970390625,21.605,21.67875,17.141034773815775,618545,0.0,0.0,0.0,True
2014-02-04,21.67,21.9077490234375,21.54,21.87625,17.297191024151743,128398,0.0,0.0,0.0,True
2014-02-05,21.8225,21.94824951171875,21.64,21.76,17.20528033550443,796319,0.0,0.0,0.0,True
2014-02-06,21.900000000000002,22.186499023437502,21.81625,22.14,17.505745752569666,196060,0.0,0.0,0.0,True
2014-02-07,22.1525,22.315,22.01,22.205000000000002,17.557134074225193,233503,0.0,0.0,0.0,True
2014-02-10,21.9475,22.1825,21.93824951171875,22.025000000000002,17.41480458187188,385440,0.0,0.0,0.0,True
2014-02-11,22.195,22.243750000000002,22.0675,22.2875,17.622358829691198,210570,0.0,0.0,0.0,True
2014-02-12,22.46,22.552500000000002,22.29,22.3225,17.650037502808846,848039,0.0,0.0,0.0,True
2014-02-13,22.06,22.1214990234375,21.83800048828125,22.05,17.434576168479087,734641,0.0,0.0,0.0,True
2014-02-14,22.155,22.35175048828125,22.11679931640625,22.330000000000002,17.655976525936715,140408,0.0,0.0,0.0,True
2014-02-17,22.415,22.45278076171875,22.3022509765625,22.41375,17.72218434551122,72799,0.0,0.0,0.0,True
2014-02-18,22.325,22.40300048828125,22.20785888671875,22.35875,17.678693434538275,108247,0.0,0.0,0.0,True
2014-02-19,22.1575,22.2785009765625,22.1310009765625,22.165,17.525507663349057,199916,0.0,0.0,0.0,True
2014-02-20,22.03,22.18050048828125,21.9339990234375,22.11,17.482016752376097,113405,0.0,0.0,0.0,True
2014-02-21,22.265,22.3875,21.8185009765625,22.3875,17.70143356512664,613193,0.0,0.0,0.0,True
2014-02-24,22.25,22.47778076171875,22.08970947265625,22.4575,17.756777365202968,145416,0.0,0.0,0.0,True
2014-02-25,22.2325,22.305009765625,22.16965087890625,22.2775,17.614457548677468,3055845,0.0,0.0,0.0,True
2014-02-26,22.315,22.345,22.1525,22.285,17.6206404026669,295323,0.032756999,0.0,0.0,True
2014-02-27,22.2575,22.45699951171875,22.0625,22.4375,17.741226374699337,161398,0.0,0.0,0.0,True
2014-02-28,22.2825,22.465,22.265,22.267500000000002,17.60680783918757,1147382,0.0,0.0,0.0,True
2014-03-03,21.9525,22.01323974609375,21.768659667968752,21.785,17.225299623304327,986163,0.0,0.0,0.0,True
2014-03-04,22.0425,22.330000000000002,22.04,22.298750000000002,17.6315102276618,941381,0.0,0.0,0.0,True
2014-03-05,22.205000000000002,22.28803955078125,22.13675048828125,22.16,17.521809561948803,178499,0.0,0.0,0.0,True
2014-03-06,22.41,22.677500000000002,22.3725,22.677500000000002,17.930994515784107,213738,0.0,0.0,0.0,True
2014-03-07,22.5025,22.55,22.25,22.2625,17.602863971760183,556274,0.0,0.0,0.0,True
2014-03-10,22.195,22.2925,22.1025,22.1475,17.511926671393535,439205,0.0,0.0,0.0,True
2014-03-11,22.275000000000002,22.366499023437502,22.0975,22.13125,17.49907523685713,117326,0.0,0.0,0.0,True
2014-03-12,22.005,22.017880859375,21.8677490234375,21.927500000000002,17.337976573660768,158851,0.0,0.0,0.0,True
2014-03-13,22.0,22.0275,21.725,21.7,17.15809325829681,64155,0.0,0.0,0.0,True
2014-03-14,21.725,21.885400390625,21.71175048828125,21.83625,17.26582005513055,291554,0.0,0.0,0.0,True
2014-03-17,21.87,22.075,21.8385009765625,21.98,17.37948974542331,128097,0.0,0.0,0.0,True
2014-03-18,22.05,22.37,21.99175048828125,22.3425,17.666112923181373,198129,0.0,0.0,0.0,True
2014-03-19,22.2,22.25,22.0925,22.111250000000002,17.483261063836274,1509258,0.0,0.0,0.0,True
2014-03-20,21.92,22.1,21.8272509765625,22.1,17.474357367058364,550404,0.0,0.0,0.0,True
2014-03-21,22.1475,22.95922119140625,22.14425048828125,22.47,17.76692343827545,815345,0.0,0.0,0.0,True
2014-03-24,22.46,22.5102490234375,22.31,22.32625,17.65326535897609,133540,0.0,0.0,0.0,True
2014-03-25,22.3225,22.715,22.231000976562502,22.650000000000002,17.909237449304236,259459,0.0,0.0,0.0,True
2014-03-26,22.66,22.8477197265625,22.6375,22.735,17.97645349013961,1173216,0.0,0.0,0.0,True
2014-03-27,22.68,22.83050048828125,22.38,22.81,18.035762444464535,358582,0.0,0.0,0.0,True
2014-03-28,22.8975,23.19,22.895,23.19,18.336225926364207,2200766,0.0,0.0,0.0,True
2014-03-31,23.35,23.35,23.09,23.245,18.37971103184045,1150439,0.0,0.0,0.0,True
2014-04-01,23.3175,23.46925048828125,23.24550048828125,23.3775,18.484477025355307,2639287,0.0,0.0,0.0,True
2014-04-02,23.415,23.4975,23.36800048828125,23.490000000000002,18.573434651346,372016,0.0,0.0,0.0,True
2014-04-03,23.43,23.53449951171875,23.31,23.3775,18.484477025355307,217763,0.0,0.0,0.0,True
2014-04-04,23.39,23.8839990234375,23.39,23.735,18.767146659858145,338658,0.0,0.0,0.0,True
2014-04-07,23.495,23.64199951171875,23.4218994140625,23.52,18.59715784604287,432103,0.0,0.0,0.0,True
2014-04-08,23.650000000000002,23.752099609375,23.565048828125,23.705000000000002,18.743433140989126,361427,0.0,0.0,0.0,True
2014-04-09,23.677500000000002,23.7175,23.46,23.57625,18.641626015627583,746546,0.0,0.0,0.0,True
2014-04-10,23.69,23.79675048828125,23.6202001953125,23.66,18.70784738136106,299030,0.0,0.0,0.0,True
2014-04-11,23.4825,23.53175048828125,23.39830078125,23.49125,18.574417715454498,219823,0.0,0.0,0.0,True
2014-04-14,23.47,23.66,23.44491943359375,23.5575,18.626800712211928,309033,0.0,0.0,0.0,True
2014-04-15,23.4925,23.50590087890625,22.962500000000002,23.0125,18.195874173221274,584644,0.0,0.0,0.0,True
2014-04-16,23.1525,23.3,23.0760009765625,23.3,18.42319420215111,568213,0.0,0.0,0.0,True
2014-04-17,23.1875,23.40419921875,23.1875,23.4175,18.51610924172817,849252,0.0,0.0,0.0,True
2014-04-22,23.400000000000002,23.44137939453125,23.33030029296875,23.37875,18.485467830126073,212250,0.0,0.0,0.0,True
2014-04-23,23.2525,23.401298828125,23.1075,23.18375,18.331277708007107,177786,0.0,0.0,0.0,True
2014-04-24,23.225,23.345,23.047900390625,23.21,18.35203622905394,69163,0.0,0.0,0.0,True
2014-04-25,23.03,23.0376611328125,22.7825,22.8325,18.05355242153022,734021,0.0,0.0,0.0,True
2014-04-28,22.945,22.97139892578125,22.8275,22.90125,18.10791122233247,98019,0.0,0.0,0.0,True
2014-04-29,23.015,23.255,22.951201171875,23.22,18.359943315564365,513584,0.0,0.0,0.0,True
2014-04-30,23.0225,23.03929931640625,22.822858886718752,22.84,18.059481768830263,504291,0.0,0.0,0.0,True
2014-05-01,22.96,23.13469970703125,22.96,23.0325,18.211688346242138,215873,0.0,0.0,0.0,True
2014-05-02,22.9525,23.275000000000002,22.9525,23.177500000000002,18.326346906140092,282677,0.0,0.0,0.0,True
2014-05-06,23.14,23.14,22.9110009765625,23.04375,18.220584302357764,95375,0.0,0.0,0.0,True
2014-05-07,22.88,23.05,22.84320068359375,23.04125,18.21860849831294,136799,0.0,0.0,0.0,True
2014-05-08,23.2,23.28,23.125,23.2575,18.38960359822353,180760,0.0,0.0,0.0,True
2014-05-09,23.2025,23.31,23.1556005859375,23.31,18.43110515899269,101086,0.0,0.0,0.0,True
2014-05-12,23.3875,23.53,23.3160009765625,23.51125,18.590235758806504,763870,0.0,0.0,0.0,True
2014-05-13,23.6125,23.8452001953125,23.592199707031252,23.767500000000002,18.792847593765405,517501,0.0,0.0,0.0,True
2014-05-14,23.86,24.00840087890625,23.761999511718752,24.017500000000002,18.99052282136061,203666,0.0,0.0,0.0,True
2014-05-15,24.09,24.09,23.7064990234375,23.69375,18.734539120039077,38958,0.0,0.0,0.0,True
2014-05-16,23.84,23.97,23.728798828125,23.97,18.95296319285328,138474,0.0,0.0,0.0,True
2014-05-19,23.94,24.0275,23.88764892578125,24.02,18.992500560571003,420988,0.0,0.0,0.0,True
2014-05-20,23.9175,23.93159912109375,23.81919921875,23.91125,18.90650954339589,490953,0.0,0.0,0.0,True
2014-05-21,23.69,23.76639892578125,23.55699951171875,23.7175,18.852016544629162,829027,0.125193,0.0,0.0,True
2014-05-22,23.8675,23.928701171875,23.79159912109375,23.9025,18.999059798154466,304151,0.0,0.0,0.0,True
2014-05-23,23.9575,24.0497998046875,23.91510009765625,24.045,19.112327707909202,383924,0.0,0.0,0.0,True
2014-05-27,23.81,23.9125,23.7775,23.7625,18.8877740962729,658182,0.0,0.0,0.0,True
2014-05-28,23.9875,24.0825,23.961000976562502,24.055,19.12027210138724,1764422,0.0,0.0,0.0,True
2014-05-29,24.0475,24.1647998046875,24.0475,24.14125,19.18882459172981,39907,0.0,0.0,0.0,True
2014-05-30,23.9875,24.0439990234375,23.78,23.78,18.901690401596554,107170,0.0,0.0,0.0,True
2014-06-02,23.8575,23.945,23.81669921875,23.915,19.008990290001993,394079,0.0,0.0,0.0,True
2014-06-03,23.9325,24.02,23.688701171875,24.02,19.092453107477027,173094,0.0,0.0,0.0,True
2014-06-04,23.96,24.02419921875,23.81,23.8875,18.98713348169663,832878,0.0,0.0,0.0,True
2014-06-05,23.8575,24.074499511718752,23.8575,23.99125,19.069604222611016,266857,0.0,0.0,0.0,True
2014-06-06,23.915,24.3525,23.915,24.330000000000002,19.338859636922386,1486280,0.0,0.0,0.0,True
2014-06-09,24.2225,24.3631494140625,24.18300048828125,24.3325,19.340843790043742,328893,0.0,0.0,0.0,True
2014-06-10,24.337500000000002,24.4827001953125,24.31302978515625,24.5025,19.475972398600156,119065,0.0,0.0,0.0,True
2014-06-11,24.47,24.498798828125,24.3675,24.465,19.446159525327836,61066,0.0,0.0,0.0,True
2014-06-12,24.335,24.4075,24.302500000000002,24.3275,19.336873538552886,179342,0.0,0.0,0.0,True
2014-06-13,24.0825,24.09,23.9143994140625,24.075,19.136174505080394,984703,0.0,0.0,0.0,True
2014-06-16,23.9425,24.01,23.900000000000002,23.89125,18.99011360187497,170859,0.0,0.0,0.0,True
2014-06-17,23.995,24.0414990234375,23.8725,23.90625,19.002043808829114,61489,0.0,0.0,0.0,True
2014-06-18,23.8225,24.0575,23.8225,23.8875,18.98713348169663,95706,0.0,0.0,0.0,True
2014-06-19,24.05,24.05,23.953500976562502,23.97,19.052709742357184,125276,0.0,0.0,0.0,True
2014-06-20,23.8575,23.91,23.83219970703125,23.88625,18.986141405135953,110823,0.0,0.0,0.0,True
2014-06-23,23.830000000000002,23.927470703125,23.8,23.8825,18.98316128495761,47845,0.0,0.0,0.0,True
2014-06-24,23.9725,24.1922998046875,23.9475,24.17,19.211681257588467,87770,0.0,0.0,0.0,True
2014-06-25,23.997500000000002,23.997500000000002,23.837500000000002,23.92875,19.019928420395463,213033,0.0,0.0,0.0,True
2014-06-26,23.9125,24.05449951171875,23.895400390625,23.935000000000002,19.02489852943963,99724,0.0,0.0,0.0,True
2014-06-27,23.9575,23.985,23.88080078125,23.985,19.064636058815008,232299,0.0,0.0,0.0,True
2014-06-30,23.985,24.0475,23.8625,23.89,18.98911763481799,108666,0.0,0.0,0.0,True
2014-07-01,23.89,24.0022998046875,23.845,23.98875,19.06761617899335,67252,0.0,0.0,0.0,True
2014-07-02,24.060000000000002,24.14,24.0375,24.0375,19.106367467552538,174335,0.0,0.0,0.0,True
2014-07-03,24.105,24.2247998046875,24.085,24.22,19.251422677460173,149759,0.0,0.0,0.0,True
2014-07-04,24.1675,24.25613037109375,24.1675,24.21,19.2434802292303,61154,0.0,0.0,0.0,True
2014-07-07,24.225,24.270300292968752,24.173798828125,24.22875,19.258384720618302,166328,0.0,0.0,0.0,True
2014-07-08,24.26,24.3525,24.19139892578125,24.19,19.22758366128163,37514,0.0,0.0,0.0,True
2014-07-09,24.18,24.316999511718752,24.1275,24.21,19.2434802292303,159874,0.0,0.0,0.0,True
2014-07-10,24.2875,24.2875,23.9425,24.0725,19.13418646146272,163137,0.0,0.0,0.0,True
2014-07-11,24.1,24.26580078125,24.05840087890625,24.17,19.211681257588467,41910,0.0,0.0,0.0,True
2014-07-14,24.215,24.39,24.21260009765625,24.38,19.378591330553313,61628,0.0,0.0,0.0,True
2014-07-15,24.3775,24.435000000000002,24.21,24.235,19.26335093916615,151771,0.0,0.0,0.0,True
2014-07-16,24.3125,24.4510009765625,24.3125,24.400000000000002,19.394501515239096,269170,0.0,0.0,0.0,True
2014-07-17,24.295,24.338999023437502,24.2275,24.19625,19.23254987982946,15936,0.0,0.0,0.0,True
2014-07-18,24.2375,24.425,24.1825,24.40625,19.399465788538777,414322,0.0,0.0,0.0,True
2014-07-21,24.5575,24.5575,24.29,24.36625,19.367680433634053,62321,0.0,0.0,0.0,True
2014-07-22,24.55,24.7825,24.5277001953125,24.7825,19.69853796661882,1611725,0.0,0.0,0.0,True
2014-07-23,24.747500000000002,24.8564501953125,24.7185009765625,24.78375,19.69953004317948,174135,0.0,0.0,0.0,True
2014-07-24,24.76,24.965,24.72949951171875,24.95625,19.8366311333683,67031,0.0,0.0,0.0,True
2014-07-25,24.885,24.90199951171875,24.825,24.84,19.744231845854543,222983,0.0,0.0,0.0,True
2014-07-28,24.93,24.9425,24.8502197265625,24.95,19.83167269581309,250850,0.0,0.0,0.0,True
2014-07-29,25.025000000000002,25.1125,24.895,25.0475,19.909175272931467,414679,0.0,0.0,0.0,True
2014-07-30,25.052500000000002,25.12,24.9225,24.945,19.827704389570386,135228,0.0,0.0,0.0,True
2014-07-31,24.8825,24.8825,24.401689453125,24.42,19.41039808318777,1132060,0.0,0.0,0.0,True
2014-08-01,24.51,24.7425,24.405,24.615000000000002,19.56539545643189,1005157,0.0,0.0,0.0,True
2014-08-04,24.8125,24.8425,24.715,24.745,19.668721202850165,87689,0.0,0.0,0.0,True
2014-08-05,24.7525,24.80449951171875,24.5925,24.625,19.573351521398855,583453,0.0,0.0,0.0,True
2014-08-06,24.55,24.61,24.405,24.4675,19.448149514193656,190587,0.0,0.0,0.0,True
2014-08-07,24.38,24.5025,24.3325,24.392500000000002,19.38853543913794,218106,0.0,0.0,0.0,True
2014-08-08,24.26,24.5,24.2325,24.4375,19.424312443263272,246593,0.0,0.0,0.0,True
2014-08-11,24.6275,24.8775,24.6275,24.88,19.776032762744546,209143,0.0,0.0,0.0,True
2014-08-12,24.8275,24.885,24.77888916015625,24.815,19.724361135918702,172450,0.0,0.0,0.0,True
2014-08-13,24.915,25.26010009765625,24.90699951171875,25.255,20.074099247526796,351728,0.0,0.0,0.0,True
2014-08-14,25.122500000000002,25.2875,25.086000976562502,25.22875,20.05324035152659,185336,0.0,0.0,0.0,True
2014-08-15,25.275000000000002,25.337500000000002,25.085,25.1025,19.95289278003849,378993,0.0,0.0,0.0,True
2014-08-18,25.1875,25.315100097656252,25.1275,25.310000000000002,20.117822590378296,144620,0.0,0.0,0.0,True
2014-08-19,25.44,25.611279296875,25.39,25.555,20.31255943824596,666601,0.0,0.0,0.0,True
2014-08-20,25.345,25.36,25.2175,25.36,20.340216839558206,683643,0.229483,0.0,0.0,True
2014-08-21,25.212500000000002,25.38,25.1935009765625,25.28,20.276048396589886,210185,0.0,0.0,0.0,True
2014-08-22,25.445,25.45,25.205000000000002,25.2975,20.290081686099377,124254,0.0,0.0,0.0,True
2014-08-26,25.41,25.58260009765625,25.41,25.5775,20.51465553490583,1225396,0.0,0.0,0.0,True
2014-08-27,25.57,25.642500000000002,25.569599609375,25.635,20.560780896690826,1473428,0.0,0.0,0.0,True
2014-08-28,25.517500000000002,25.5539599609375,25.3785009765625,25.395,20.36828145587937,422148,0.0,0.0,0.0,True
2014-08-29,25.5125,25.5125,25.3825,25.47,20.428442069871668,776062,0.0,0.0,0.0,True
2014-09-01,25.4875,25.58139892578125,25.4852587890625,25.54,20.484583078700993,383241,0.0,0.0,0.0,True
2014-09-02,25.4425,25.57,25.4314208984375,25.53,20.476563495353336,565874,0.0,0.0,0.0,True
2014-09-03,25.8125,26.085,25.8075,25.997500000000002,20.851519252162234,1267301,0.0,0.0,0.0,True
2014-09-04,25.9675,26.175,25.932260742187502,26.155,20.977852223610856,307171,0.0,0.0,0.0,True
2014-09-05,26.0725,26.1839990234375,26.0125,26.155,20.977852223610856,83478,0.0,0.0,0.0,True
2014-09-08,26.425,26.5775,26.36803955078125,26.485,21.242527914551285,356096,0.0,0.0,0.0,True
2014-09-09,26.345,26.35446044921875,26.0775,26.18,20.997897256584363,148997,0.0,0.0,0.0,True
2014-09-10,25.79,25.9375,25.7,25.72,20.628957168635118,1007364,0.0,0.0,0.0,True
2014-09-11,25.655,25.655,25.4925,25.61,20.540728012925975,149497,0.0,0.0,0.0,True
2014-09-12,25.5325,25.57,25.2875,25.337500000000002,20.322160019490045,629831,0.0,0.0,0.0,True
2014-09-15,25.1825,25.23,25.12,25.17125,20.188828067567155,228479,0.0,0.0,0.0,True
2014-09-16,25.2175,25.32,25.158999023437502,25.35,20.33219333081487,313970,0.0,0.0,0.0,True
2014-09-17,25.335,25.365000000000002,25.2525,25.31375,20.303115962411642,562015,0.0,0.0,0.0,True
2014-09-18,25.2325,25.2575,24.975,25.0975,20.12967431756343,34251,0.0,0.0,0.0,True
2014-09-19,24.985,25.16,24.97050048828125,25.015,20.063503922804948,180718,0.0,0.0,0.0,True
2014-09-22,24.78,24.85863037109375,24.50160888671875,24.52,19.666485479649722,806363,0.0,0.0,0.0,True
2014-09-23,24.62,24.63784912109375,24.345,24.41375,19.58126121432366,154436,0.0,0.0,0.0,True
2014-09-24,24.51,24.6375,24.4725,24.625,19.750710731778536,140548,0.0,0.0,0.0,True
2014-09-25,24.5825,24.62,24.214970703125,24.255,19.453937080469117,336860,0.0,0.0,0.0,True
2014-09-26,24.2975,24.41,24.2575,24.39,19.562209306453926,449406,0.0,0.0,0.0,True
2014-09-29,24.2725,24.2725,23.87,23.9325,19.195279021086183,689005,0.0,0.0,0.0,True
2014-09-30,24.0075,24.0675,23.8775,23.98,19.233369097940844,322717,0.0,0.0,0.0,True
2014-10-01,23.9175,23.95,23.7475,23.7525,19.050904931152065,599747,0.0,0.0,0.0,True
2014-10-02,23.6575,23.705000000000002,23.552500000000002,23.556250000000002,18.893490676812185,444713,0.0,0.0,0.0,True
2014-10-03,23.96,24.0775,23.939951171875002,24.0375,19.279492497027995,703515,0.0,0.0,0.0,True
2014-10-06,24.365000000000002,24.685000000000002,24.3589990234375,24.505,19.65445217923256,304917,0.0,0.0,0.0,True
2014-10-07,24.3475,24.4323291015625,24.1789111328125,24.244990234375,19.44590375823662,122352,0.0,0.0,0.0,True
2014-10-08,24.177500000000002,24.21969970703125,23.9075,23.97875,19.232364196650096,146619,0.0,0.0,0.0,True
2014-10-09,24.2875,24.34,24.0050390625,24.111250000000002,19.33864624703174,437948,0.0,0.0,0.0,True
2014-10-10,23.9875,24.02,23.569799804687502,23.587500000000002,18.918556290843753,371234,0.0,0.0,0.0,True
2014-10-13,23.6625,24.03,23.625,23.962500000000002,19.219333845733516,388843,0.0,0.0,0.0,True
2014-10-14,23.895,24.18,23.837490234375,24.153750000000002,19.372728494910387,181299,0.0,0.0,0.0,True
2014-10-15,24.142500000000002,24.155,23.515,23.565,18.900509284264768,467753,0.0,0.0,0.0,True
2014-10-16,23.715,23.730200195312502,23.0735009765625,23.5075,18.85439766136461,412122,0.0,0.0,0.0,True
2014-10-17,23.4575,23.7425,23.30929931640625,23.73125,19.033851049676823,241140,0.0,0.0,0.0,True
2014-10-20,23.7725,23.80034912109375,23.51,23.6475,18.96667967902325,226257,0.0,0.0,0.0,True
2014-10-21,23.44,23.928310546875,23.36800048828125,23.82,19.105043988191206,358405,0.0,0.0,0.0,True
2014-10-22,23.7925,23.915,23.75544921875,23.81125,19.098023418040796,276468,0.0,0.0,0.0,True
2014-10-23,23.7,23.8825,23.7,23.845,19.12508313307121,62130,0.0,0.0,0.0,True
2014-10-24,23.6525,23.830000000000002,23.63361083984375,23.85125,19.130103714129287,128348,0.0,0.0,0.0,True
2014-10-27,23.5325,23.545,23.16989990234375,23.4675,18.822315402578287,173638,0.0,0.0,0.0,True
2014-10-28,23.715,23.955000000000002,23.689970703125,23.9375,19.19928685006219,140271,0.0,0.0,0.0,True
2014-10-29,24.12,24.29,24.08998046875,24.29,19.482011510279442,2795268,0.0,0.0,0.0,True
2014-10-30,24.35,24.4325,24.1975,24.4325,19.59630725591525,239439,0.0,0.0,0.0,True
2014-10-31,24.595,24.735,24.565,24.59,19.722628451176877,351022,0.0,0.0,0.0,True
2014-11-03,24.6,24.78299072265625,24.400000000000002,24.415,19.58226611561441,1126491,0.0,0.0,0.0,True
2014-11-04,24.427500000000002,24.497500000000002,24.267500000000002,24.2775,19.471980161652446,277209,0.0,0.0,0.0,True
2014-11-05,24.3525,24.3975,24.1697509765625,24.25,19.449925326097453,339768,0.0,0.0,0.0,True
2014-11-06,24.2025,24.32,24.1925,24.26125,19.458943922642362,181132,0.0,0.0,0.0,True
2014-11-07,24.1575,24.335,24.125,24.325,19.510083977391943,293997,0.0,0.0,0.0,True
2014-11-10,24.42,24.5193798828125,24.29741943359375,24.475,19.630387541096066,537878,0.0,0.0,0.0,True
2014-11-11,24.4075,24.4075,24.2625,24.2925,19.48401935016311,157815,0.0,0.0,0.0,True
2014-11-12,24.2925,24.525000000000002,24.1975,24.52,19.666485479649722,395969,0.0,0.0,0.0,True
2014-11-13,24.517500000000002,24.61,24.35988037109375,24.50875,19.65746295770914,487336,0.0,0.0,0.0,True
2014-11-14,24.5,24.642500000000002,24.4875,24.6,19.730648034524542,584198,0.0,0.0,0.0,True
2014-11-17,24.4825,24.565029296875,24.4725,24.4825,19.636403209955738,469783,0.0,0.0,0.0,True
2014-11-18,24.445,24.585,24.4225,24.556250000000002,19.695553034563805,462072,0.0,0.0,0.0,True
2014-11-19,24.517500000000002,24.59,24.4175,24.46125,19.619355216573993,56523,0.0,0.0,0.0,True
2014-11-20,24.517500000000002,24.5725,24.4225,24.555,19.694554021366542,338855,0.0,0.0,0.0,True
2014-11-21,24.6075,25.2075,24.5881494140625,25.1125,20.141701729887096,459518,0.0,0.0,0.0,True
2014-11-24,25.25,25.25,24.995,25.04,20.083554843871944,259746,0.0,0.0,0.0,True
2014-11-25,24.9925,25.1306298828125,24.89,24.93,19.99532765086065,297939,0.0,0.0,0.0,True
2014-11-26,25.0475,25.09669921875,24.93875,25.055,20.09558029349776,386344,0.0,0.0,0.0,True
2014-11-27,24.965,25.0475,24.8643798828125,24.9925,20.046185077122185,418261,0.09074699000000001,0.0,0.0,True
2014-11-28,24.837500000000002,25.03875,24.7325,24.76,19.85969345437907,545944,0.0,0.0,0.0,True
2014-12-01,24.515,24.515,24.1335009765625,24.16,19.378441908303703,1068207,0.0,0.0,0.0,True
2014-12-02,24.3075,24.36283935546875,24.2525,24.2925,19.484725921383166,578026,0.0,0.0,0.0,True
2014-12-03,24.2025,24.315,24.039599609375,24.255,19.454641688991323,148001,0.0,0.0,0.0,True
2014-12-04,24.42,24.64,24.2006494140625,24.22,19.426567259181027,109109,0.0,0.0,0.0,True
2014-12-05,24.385,24.385,24.25125,24.34375,19.525828739412223,90507,0.0,0.0,0.0,True
2014-12-08,24.345,24.374951171875,24.080000000000002,24.091250000000002,19.323299912671622,210553,0.0,0.0,0.0,True
2014-12-09,23.76,23.80875,23.5475,23.6,18.929272621014643,1111380,0.0,0.0,0.0,True
2014-12-10,23.642500000000002,23.7868994140625,23.2785693359375,23.44,18.800941623171514,305122,0.0,0.0,0.0,True
2014-12-11,23.365000000000002,23.45,23.1625,23.23,18.632498969705235,176892,0.0,0.0,0.0,True
2014-12-12,23.0575,23.12844970703125,22.7625,22.7975,18.28559801572832,326505,0.0,0.0,0.0,True
2014-12-15,22.92,23.061201171875002,22.4531298828125,22.47,18.022914463088902,1058062,0.0,0.0,0.0,True
2014-12-16,22.6125,22.6625,22.0425,22.5775,18.109131853518708,306419,0.0,0.0,0.0,True
2014-12-17,22.3225,22.845190429687502,22.2525,22.767500000000002,18.261533377591835,252400,0.0,0.0,0.0,True
2014-12-18,23.0325,23.3993798828125,23.03,23.177500000000002,18.59039125038541,85161,0.0,0.0,0.0,True
2014-12-19,23.330000000000002,23.465,23.2525,23.455000000000002,18.81296511009953,286653,0.0,0.0,0.0,True
2014-12-22,23.5775,23.79,23.5775,23.7825,19.075656513530276,165609,0.0,0.0,0.0,True
2014-12-23,23.665,23.8325,23.665,23.745,19.04557228113846,42422,0.0,0.0,0.0,True
2014-12-24,23.72,23.72,23.663310546875,23.69125,19.002465548621377,13740,0.0,0.0,0.0,True
2014-12-29,23.8775,24.026430664062502,23.8425,24.017500000000002,19.264142237272218,192977,0.0,0.0,0.0,True
2014-12-30,23.740000000000002,23.815,23.7281298828125,23.75,19.04958992360361,186181,0.0,0.0,0.0,True
2014-12-31,23.8775,23.8875,23.8125,23.8475,19.127787730685764,121649,0.0,0.0,0.0,True
2015-01-02,23.94,24.016650390625,23.81,23.83625,19.11876324604735,704216,0.0,0.0,0.0,True
2015-01-05,23.94,24.010629882812502,23.68802001953125,23.68875,19.000461634133398,1001690,0.0,0.0,0.0,True
2015-01-06,23.64,23.8306298828125,23.535,23.67625,18.99043617359989,216107,0.0,0.0,0.0,True
2015-01-07,23.89,24.245,23.8843798828125,24.1575,19.376437993815696,131404,0.0,0.0,0.0,True
2015-01-08,24.51,24.745,24.51,24.7225,19.829619035476405,303729,0.0,0.0,0.0,True
2015-01-09,24.635,24.705000000000002,24.45,24.4525,19.61305495652846,162256,0.0,0.0,0.0,True
2015-01-12,24.490000000000002,24.6506298828125,24.26,24.372500000000002,19.548884550862308,63904,0.0,0.0,0.0,True
2015-01-13,24.63,24.675,24.47385009765625,24.6575,19.77747800483176,184112,0.0,0.0,0.0,True
2015-01-14,24.2375,24.4075,24.095,24.21,19.41854767583335,337950,0.0,0.0,0.0,True
2015-01-15,24.61,24.635,24.3175,24.5475,19.689250811820443,365651,0.0,0.0,0.0,True
2015-01-16,24.2975,24.63125,24.159990234375,24.5725,19.709299770189602,351698,0.0,0.0,0.0,True
2015-01-19,24.47,24.4875,24.35,24.39875,19.569938410522226,99806,0.0,0.0,0.0,True
2015-01-20,24.475,24.575,24.40159912109375,24.4475,19.609041239458957,69143,0.0,0.0,0.0,True
2015-01-21,24.7,25.13,24.7,25.1075,20.138422061807333,221723,0.0,0.0,0.0,True
2015-01-22,25.0475,25.5575,25.01,25.517500000000002,20.4672740465074,368739,0.0,0.0,0.0,True
2015-01-23,25.7225,26.28530029296875,25.6325,25.7075,20.619679495976186,1744961,0.0,0.0,0.0,True
2015-01-26,25.4925,25.59698974609375,25.4331298828125,25.56625,20.506378838141966,461881,0.0,0.0,0.0,True
2015-01-27,25.38,25.4325,25.05580078125,25.11,20.14042990169099,285178,0.0,0.0,0.0,True
2015-01-28,25.2625,25.32669921875,25.02947998046875,25.145,20.168492555314316,155985,0.0,0.0,0.0,True
2015-01-29,24.965,25.055,24.89280029296875,24.96125,20.02111553769494,193982,0.0,0.0,0.0,True
2015-01-30,24.9675,24.9675,24.437719726562502,24.64,19.763442752624417,382463,0.0,0.0,0.0,True
2015-02-02,24.767500000000002,24.96125,24.7243798828125,24.9575,20.018102796520516,229327,0.0,0.0,0.0,True
2015-02-03,25.05,25.245,25.015749511718752,25.155,20.176521952151155,302701,0.0,0.0,0.0,True
2015-02-04,25.150000000000002,25.305,25.0075,25.23,20.23667471535213,183859,0.0,0.0,0.0,True
2015-02-05,24.88,25.015,24.84,25.015,20.06422815830551,229192,0.0,0.0,0.0,True
2015-02-06,24.8525,24.875,24.755,24.8125,19.901801173698892,315336,0.0,0.0,0.0,True
2015-02-09,24.755,24.805,24.69362060546875,24.7925,19.885769857794887,187805,0.0,0.0,0.0,True
2015-02-10,24.72,24.7781298828125,24.54,24.57625,19.712312511364036,37901,0.0,0.0,0.0,True
2015-02-11,24.54,24.5575,24.29,24.355,19.534855186748498,395053,0.0,0.0,0.0,True
2015-02-12,24.415,24.675,24.415,24.5675,19.705286053120098,188378,0.0,0.0,0.0,True
2015-02-13,24.685000000000002,24.9775,24.685000000000002,24.97125,20.02912923294911,119820,0.0,0.0,0.0,True
2015-02-16,24.8875,24.9425,24.8452294921875,24.935000000000002,20.000067566128532,355595,0.0,0.0,0.0,True
2015-02-17,24.85,25.0075,23.3168798828125,24.896250000000002,19.96897843244595,134946,0.0,0.0,0.0,True
2015-02-18,24.935000000000002,24.935000000000002,24.73,24.78,19.875740471865726,444676,0.0,0.0,0.0,True
2015-02-19,24.7525,24.8325,24.66,24.8325,19.91784230309205,160769,0.0,0.0,0.0,True
2015-02-20,24.75,24.92,24.7318798828125,24.84,19.92385993464954,572707,0.0,0.0,0.0,True
2015-02-23,24.9125,24.9125,24.6875,24.705000000000002,19.81558770866474,155404,0.0,0.0,0.0,True
2015-02-24,24.755,25.0375,24.7218798828125,25.005,20.05621250035351,319831,0.0,0.0,0.0,True
2015-02-25,25.025000000000002,25.025000000000002,24.810000000000002,24.88,19.95594611883154,220239,0.0,0.0,0.0,True
2015-02-26,24.7875,25.1606591796875,24.7875,24.958750000000002,20.062184562224484,203666,0.053417997,0.0,0.0,True
2015-02-27,24.9375,25.005,24.8456298828125,24.965,20.067207970963487,304120,0.0,0.0,0.0,True
2015-03-02,24.9075,25.0,24.8802197265625,24.93875,20.04611516152063,82610,0.0,0.0,0.0,True
2015-03-03,24.855,24.8625,24.76,24.76,19.902426789547594,117439,0.0,0.0,0.0,True
2015-03-04,24.76,24.765,24.555,24.6725,19.83209316656481,368421,0.0,0.0,0.0,True
2015-03-05,24.735,24.82962890625,24.735,24.805,19.938601626480924,269393,0.0,0.0,0.0,True
2015-03-06,24.8825,24.9725,24.66625,24.66125,19.82304749045255,413354,0.0,0.0,0.0,True
2015-03-09,24.715,24.715,24.4775,24.46875,19.66831509339358,197040,0.0,0.0,0.0,True
2015-03-10,24.295,24.4027001953125,23.967600097656252,23.97,19.26741599933431,845615,0.0,0.0,0.0,True
2015-03-11,24.1625,24.3139990234375,24.10550048828125,24.30375,19.535688448416682,228014,0.0,0.0,0.0,True
2015-03-12,24.46,24.695,24.4475,24.6675,19.828076799828292,289625,0.0,0.0,0.0,True
2015-03-13,24.68,24.68,24.462500000000002,24.505,19.697458338219658,61591,0.0,0.0,0.0,True
2015-03-16,24.6075,24.7075,24.5975,24.66625,19.827071724704716,162080,0.0,0.0,0.0,True
2015-03-17,24.765,24.9575,24.75943115234375,24.935000000000002,20.043103869907696,569162,0.0,0.0,0.0,True
2015-03-18,25.060000000000002,25.215,25.02162109375,25.1825,20.242039903615222,209905,0.0,0.0,0.0,True
2015-03-19,25.36,25.375,25.1125,25.22,20.27219215732272,1044506,0.0,0.0,0.0,True
2015-03-20,25.305,25.341250000000002,25.208750000000002,25.23,20.280218990158993,151374,0.0,0.0,0.0,True
2015-03-23,25.25,25.37,25.157880859375002,25.29125,20.32946177057782,148255,0.0,0.0,0.0,True
2015-03-24,25.245,25.50762939453125,25.245,25.462500000000002,20.46710985741482,1179515,0.0,0.0,0.0,True
2015-03-25,25.462500000000002,25.50113037109375,25.215,25.2375,20.28624550714266,279911,0.0,0.0,0.0,True
2015-03-26,25.080000000000002,26.4152490234375,24.94,25.0025,20.09735825779206,287845,0.0,0.0,0.0,True
2015-03-27,25.0475,25.08576904296875,24.8689990234375,24.945,20.051144470896354,280179,0.0,0.0,0.0,True
2015-03-30,24.990000000000002,25.5,24.990000000000002,25.4775,20.47916682513999,428355,0.0,0.0,0.0,True
2015-03-31,25.4575,25.52,25.3525,25.39125,20.40983434352296,385138,0.0,0.0,0.0,True
2015-04-01,25.42,25.784460449218752,25.39824951171875,25.745,20.694182093945926,481583,0.0,0.0,0.0,True
2015-04-02,25.837500000000002,26.1,25.7706298828125,26.0075,20.905186896652086,36215,0.0,0.0,0.0,True
2015-04-07,26.215,26.39,26.20212890625,26.39,21.21264940803854,421109,0.0,0.0,0.0,True
2015-04-08,26.5,27.03162109375,26.47300048828125,26.7325,21.487957382985982,1249270,0.0,0.0,0.0,True
2015-04-09,26.927500000000002,27.1825,26.82175048828125,27.18,21.8476582313729,519132,0.0,0.0,0.0,True
2015-04-10,27.2375,27.525000000000002,27.23488037109375,27.4725,22.082773035771584,384195,0.0,0.0,0.0,True
2015-04-13,27.5975,27.67050048828125,27.5125,27.5125,22.114925605331674,138491,0.0,0.0,0.0,True
2015-04-14,27.345,27.363840332031252,27.08675048828125,27.185000000000002,21.851672631230507,499995,0.0,0.0,0.0,True
2015-04-15,27.16,27.29199951171875,27.15625,27.2025,21.865747616718476,39063,0.0,0.0,0.0,True
2015-04-16,27.345,27.41,27.1725,27.26375,21.91497662898493,451846,0.0,0.0,0.0,True
2015-04-17,27.29,27.29087890625,26.655,26.725,21.481928899123396,2065155,0.0,0.0,0.0,True
2015-04-20,26.9075,26.975,26.8456298828125,26.91,21.63063084544088,883683,0.0,0.0,0.0,True
2015-04-21,27.11,27.24679931640625,27.03,27.087500000000002,21.77331020853251,410468,0.0,0.0,0.0,True
2015-04-22,27.165,27.20625,26.905,27.0225,21.721064004016412,184655,0.0,0.0,0.0,True
2015-04-23,27.1825,27.40841064453125,27.03449951171875,27.1375,21.813499445323455,237133,0.0,0.0,0.0,True
2015-04-24,27.1825,27.2335009765625,27.1325,27.1375,21.813499445323455,114727,0.0,0.0,0.0,True
2015-04-27,27.2625,27.374121093750002,27.2027490234375,27.215,21.875788533559763,1378118,0.0,0.0,0.0,True
2015-04-28,27.0,27.11637939453125,26.96125,27.025000000000002,21.72307415426358,291604,0.0,0.0,0.0,True
2015-04-29,26.735,26.78449951171875,26.552500000000002,26.6025,21.383461040195947,289024,0.0,0.0,0.0,True
2015-04-30,26.3875,26.51,25.99791015625,26.427500000000002,21.24278592671474,2494953,0.0,0.0,0.0,True
2015-05-01,26.285,26.830000000000002,26.285,26.830000000000002,21.566327673199595,267184,0.0,0.0,0.0,True
2015-05-05,26.73,26.878000488281252,26.73,26.7725,21.52010208503043,151014,0.0,0.0,0.0,True
2015-05-06,26.5625,26.701630859375,26.3052490234375,26.42,21.236761376609966,228491,0.0,0.0,0.0,True
2015-05-07,26.21,26.2425,25.9425,26.19,21.05188459335914,225388,0.0,0.0,0.0,True
2015-05-08,25.92,26.89955078125,25.88962890625,26.2825,21.126230649320597,690040,0.0,0.0,0.0,True
2015-05-11,26.23,26.2518798828125,25.802500000000002,25.802500000000002,20.740409648994003,135680,0.0,0.0,0.0,True
2015-05-12,25.685000000000002,25.69113037109375,25.355,25.4775,20.47916682513999,220513,0.0,0.0,0.0,True
2015-05-13,25.5925,25.715,25.507880859375,25.52,20.513325611189423,2409439,0.0,0.0,0.0,True
2015-05-14,25.4775,25.63301025390625,25.4125,25.615000000000002,20.58969361867151,90887,0.0,0.0,0.0,True
2015-05-15,25.587500000000002,25.7525,25.580000000000002,25.695,20.65399285715497,278381,0.0,0.0,0.0,True
2015-05-18,25.68,25.835249023437502,25.66,25.7625,20.708243311281528,178772,0.0,0.0,0.0,True
2015-05-19,26.035,26.4210595703125,25.997880859375,26.045,20.93532931596501,694885,0.0,0.0,0.0,True
2015-05-20,25.990000000000002,26.2755810546875,25.87,25.95,20.858969175998556,373875,0.0,0.0,0.0,True
2015-05-21,25.685000000000002,25.725380859375,24.9627490234375,25.6475,20.615813770611208,157846,0.0,0.0,0.0,True
2015-05-22,25.845,26.136579589843752,25.84,26.028750000000002,20.92226727311626,308329,0.0,0.0,0.0,True
2015-05-26,26.0425,26.115000000000002,25.8325,25.855,20.782607069153187,432652,0.0,0.0,0.0,True
2015-05-27,25.705000000000002,25.8,25.615000000000002,25.8,20.73839949874683,370955,0.0,0.0,0.0,True
2015-05-28,25.45,25.61,25.23389892578125,25.47,20.52777661230603,223123,0.06866799999999999,0.0,0.0,True
2015-05-29,25.5575,25.615000000000002,25.121809082031252,25.4175,20.485463758341734,357203,0.0,0.0,0.0,True
2015-06-01,25.4575,25.4575,25.28007080078125,25.385,20.459270650290197,140162,0.0,0.0,0.0,True
2015-06-02,25.302500000000002,25.3189306640625,25.11,25.2025,20.312181419968564,296580,0.0,0.0,0.0,True
2015-06-03,25.1025,25.245,25.080000000000002,25.15125,20.27087432455767,182537,0.0,0.0,0.0,True
2015-06-04,24.9775,24.985,24.72962890625,24.7625,19.957560814417047,268380,0.0,0.0,0.0,True
2015-06-05,24.785,24.87,24.759409179687502,24.80125,19.98879651976475,34006,0.0,0.0,0.0,True
2015-06-08,24.785,24.830000000000002,24.7225,24.73,19.931361790138734,56509,0.0,0.0,0.0,True
2015-06-09,24.4925,24.635,24.475500488281252,24.51,19.75406036170315,79496,0.0,0.0,0.0,True
2015-06-10,24.525000000000002,24.525000000000002,24.345,24.48875,19.736923024783394,183129,0.0,0.0,0.0,True
2015-06-11,24.46,24.63159912109375,24.4075,24.4425,19.699654740190876,255588,0.0,0.0,0.0,True
2015-06-12,24.5,24.5256298828125,24.2725,24.3,19.58480500169476,532369,0.0,0.0,0.0,True
2015-06-15,24.2075,24.23137939453125,24.052500000000002,24.052500000000002,19.385327583194464,507580,0.0,0.0,0.0,True
2015-06-16,23.8225,23.97,23.81,23.97,19.318837082436627,223803,0.0,0.0,0.0,True
2015-06-17,24.065,24.07,23.790380859375002,23.7975,19.179805752995787,79450,0.0,0.0,0.0,True
2015-06-18,23.835,23.9875,23.7275,23.9525,19.30472688155507,392627,0.0,0.0,0.0,True
2015-06-19,23.905,23.955000000000002,23.80512939453125,23.8625,19.23220182947683,102723,0.0,0.0,0.0,True
2015-06-22,23.9375,24.2625,23.9375,24.2575,19.55054413238447,288796,0.0,0.0,0.0,True
2015-06-23,24.3475,24.67528076171875,24.3475,24.5,19.745998516671165,599183,0.0,0.0,0.0,True
2015-06-24,24.44,24.698889160156252,24.3625,24.53,19.770178135540295,264289,0.0,0.0,0.0,True
2015-06-25,24.6575,24.6575,24.337500000000002,24.345,19.62107541603627,146486,0.0,0.0,0.0,True
2015-06-26,24.1525,24.28636962890625,24.1,24.145,19.459872040681898,431803,0.0,0.0,0.0,True
2015-06-29,23.66,23.81625,23.5825,23.5825,19.006523414622603,641612,0.0,0.0,0.0,True
2015-06-30,23.93,23.97887939453125,23.83712890625,23.8475,19.220103145702083,288071,0.0,0.0,0.0,True
2015-07-01,24.105,24.33386962890625,23.9925,24.085,19.41152660747278,1051623,0.0,0.0,0.0,True
2015-07-02,24.1475,24.325,24.08699951171875,24.2225,19.522339507226135,1066250,0.0,0.0,0.0,True
2015-07-03,24.1175,24.27613037109375,24.005,24.083750000000002,19.410520848919376,219083,0.0,0.0,0.0,True
2015-07-06,23.57,23.7077294921875,23.552500000000002,23.6,19.02063164342856,236137,0.0,0.0,0.0,True
2015-07-07,23.455000000000002,23.5025,23.0125,23.0275,18.559223144412897,613872,0.0,0.0,0.0,True
2015-07-08,23.0,23.0,22.63625,22.955000000000002,18.50079054453585,347317,0.0,0.0,0.0,True
2015-07-09,23.2475,23.33550048828125,23.02194091796875,23.3,18.77883939888837,204959,0.0,0.0,0.0,True
2015-07-10,23.462500000000002,23.525380859375,23.35137939453125,23.48,18.9239171121032,108451,0.0,0.0,0.0,True
2015-07-13,23.595,23.64,23.535,23.62625,19.04178807041071,178131,0.0,0.0,0.0,True
2015-07-14,23.6025,23.60637939453125,23.38363037109375,23.5375,18.97026877688587,114729,0.0,0.0,0.0,True
2015-07-15,23.37,23.59178955078125,23.34125,23.36625,18.832243205998417,182208,0.0,0.0,0.0,True
2015-07-16,23.46,23.68322021484375,23.4325,23.580000000000002,19.0045118975158,199970,0.0,0.0,0.0,True
2015-07-17,23.5425,23.7131494140625,23.425,23.44375,18.894698840089088,2268265,0.0,0.0,0.0,True
2015-07-20,23.392500000000002,23.46,23.28,23.38625,18.848362951911174,109445,0.0,0.0,0.0,True
2015-07-21,23.5275,23.5775,23.483129882812502,23.4875,18.929963495877193,715015,0.0,0.0,0.0,True
2015-07-22,23.265,23.275000000000002,23.09,23.1075,18.623698183912733,634330,0.0,0.0,0.0,True
2015-07-23,23.1275,23.1385107421875,23.04462890625,23.10375,18.62067696410134,522273,0.0,0.0,0.0,True
2015-07-24,22.96,23.005,22.45452880859375,22.69,18.287220673834348,241692,0.0,0.0,0.0,True
2015-07-27,22.69,22.69,22.135,22.19,17.884228998090965,3787759,0.0,0.0,0.0,True
2015-07-28,22.35,22.375,22.1325,22.27,17.94870995381761,396509,0.0,0.0,0.0,True
2015-07-29,22.3475,22.67007080078125,22.23125,22.4725,18.111914985900814,279979,0.0,0.0,0.0,True
2015-07-30,22.38,22.389379882812502,22.1947412109375,22.25,17.93259020790484,241737,0.0,0.0,0.0,True
2015-07-31,22.3275,22.545,22.322880859375,22.53,18.158252846154312,171935,0.0,0.0,0.0,True
2015-08-03,22.305,22.305,22.12212890625,22.212500000000002,17.90235631695934,103494,0.0,0.0,0.0,True
2015-08-04,22.2525,22.387128906250002,22.2325,22.2775,17.954746477213614,228911,0.0,0.0,0.0,True
2015-08-05,22.38,22.38,22.27,22.32875,17.996061460926885,103097,0.0,0.0,0.0,True
2015-08-06,22.085,22.275830078125,22.0777001953125,22.155,17.856024372932637,62745,0.0,0.0,0.0,True
2015-08-07,22.275000000000002,22.355,21.9560595703125,22.235,17.920491524130092,165148,0.0,0.0,0.0,True
2015-08-10,22.2725,22.368330078125002,22.240000000000002,22.36625,18.026275631116427,173276,0.0,0.0,0.0,True
2015-08-11,22.09,22.10613037109375,21.82,21.8,17.569905785245748,484985,0.0,0.0,0.0,True
2015-08-12,21.5575,21.62419921875,21.375,21.3975,17.24551315441295,411738,0.0,0.0,0.0,True
2015-08-13,21.7,21.7,21.5375,21.635,17.436916895427693,136197,0.0,0.0,0.0,True
2015-08-14,21.53,21.6676806640625,21.4925,21.5925,17.402667858570968,156666,0.0,0.0,0.0,True
2015-08-17,21.2525,21.3825,21.20212890625,21.375,17.22737203101541,140914,0.0,0.0,0.0,True
2015-08-18,21.2475,21.2475,20.9589794921875,21.0575,16.971487334274013,484255,0.0,0.0,0.0,True
2015-08-19,20.995,21.015380859375,20.6975,20.6975,16.681339796146737,154219,0.0,0.0,0.0,True
2015-08-20,20.6125,20.645,20.168070068359377,20.475,16.50201008796179,232756,0.0,0.0,0.0,True
2015-08-21,20.26,20.33887939453125,20.0375,20.0575,16.165524689581016,283356,0.0,0.0,0.0,True
2015-08-24,19.3875,19.3875,18.177500000000002,18.78,15.135910923745373,824425,0.0,0.0,0.0,True
2015-08-25,19.1625,20.015,19.1625,19.97,16.095002280269398,543048,0.0,0.0,0.0,True
2015-08-26,19.52,19.830000000000002,19.485,19.76,15.9257528364878,891475,0.0,0.0,0.0,True
2015-08-27,20.0325,20.6575,19.993699951171877,20.642500000000002,16.849426262918858,2628534,0.249107,0.0,0.0,True
2015-08-28,20.635,20.7,20.465,20.6825,16.882079253206207,470164,0.0,0.0,0.0,True
2015-09-01,20.36,20.393599853515624,19.820679931640626,20.0325,16.35151359284683,1011448,0.0,0.0,0.0,True
2015-09-02,20.14,20.1725,19.962679443359374,20.04,16.35763540446238,116625,0.0,0.0,0.0,True
2015-09-03,20.2275,20.53,20.200179443359374,20.48875,16.723920637538775,22495,0.0,0.0,0.0,True
2015-09-04,20.1475,20.190760498046874,19.892500000000002,19.892500000000002,16.237237113352986,480760,0.0,0.0,0.0,True
2015-09-07,20.01,20.08782958984375,19.685,19.7,16.080111946555547,177100,0.0,0.0,0.0,True
2015-09-08,19.84,20.095,19.802769775390626,20.06,16.373956907099444,302886,0.0,0.0,0.0,True
2015-09-09,20.475,20.517500000000002,20.303050537109375,20.337500000000002,16.600468929381503,1516524,0.0,0.0,0.0,True
2015-09-10,20.025000000000002,20.19449951171875,19.96550048828125,20.0625,16.37599884230639,202598,0.0,0.0,0.0,True
2015-09-11,20.18,20.18,20.068499755859374,20.13,16.43109714384901,88186,0.0,0.0,0.0,True
2015-09-14,20.0975,20.246500244140627,20.095,20.19,16.480069639770793,52491,0.0,0.0,0.0,True
2015-09-15,20.21,20.47,20.21,20.42,16.667807858651265,177982,0.0,0.0,0.0,True
2015-09-16,20.7375,20.7825,20.635,20.7725,16.955538995590185,371284,0.0,0.0,0.0,True
2015-09-17,20.76,20.76699951171875,20.6025,20.71,16.904525562962807,216439,0.0,0.0,0.0,True
2015-09-18,20.712500000000002,20.7475,20.3875,20.565,16.78616920706034,1931795,0.0,0.0,0.0,True
2015-09-21,20.36,20.48,20.315,20.375,16.631076988957957,203093,0.0,0.0,0.0,True
2015-09-22,20.36,20.445999755859376,19.9875,20.055,16.369880026194803,1034988,0.0,0.0,0.0,True
2015-09-23,20.05,20.25,19.8852197265625,20.115000000000002,16.418857514623213,206607,0.0,0.0,0.0,True
2015-09-24,19.927500000000002,20.0,19.6075,19.67,16.055621704589367,711644,0.0,0.0,0.0,True
2015-09-25,20.085,20.363499755859376,20.011600341796875,20.18,16.471907889950934,673230,0.0,0.0,0.0,True
2015-09-28,20.0125,20.1125,19.62,19.62375,16.01787136504456,114655,0.0,0.0,0.0,True
2015-09-29,19.585,19.767500000000002,19.50800048828125,19.740000000000002,16.112757947333634,90052,0.0,0.0,0.0,True
2015-09-30,20.12,20.31,20.1,20.31,16.578019624120962,207719,0.0,0.0,0.0,True
2015-10-01,20.57,20.72823974609375,20.34,20.3625,16.6208753009338,146931,0.0,0.0,0.0,True
2015-10-02,20.4525,20.50550048828125,20.135,20.495,16.729022979302822,682686,0.0,0.0,0.0,True
2015-10-05,20.7625,21.2575,20.76,21.2575,17.3514108213889,1431408,0.0,0.0,0.0,True
2015-10-06,21.13,21.3125,21.0664990234375,21.2625,17.355492694800148,570059,0.0,0.0,0.0,True
2015-10-07,21.54,21.815,20.975080566406252,21.57,17.606499951555023,384707,0.0,0.0,0.0,True
2015-10-08,21.3625,21.6675,21.3625,21.6675,17.686082504055875,110360,0.0,0.0,0.0,True
2015-10-09,21.77,22.1285009765625,21.76,22.0675,18.012578457884484,96010,0.0,0.0,0.0,True
2015-10-12,21.905,21.9825,21.739130859375,21.8225,17.81260060977819,164485,0.0,0.0,0.0,True
2015-10-13,21.615000000000002,21.81,21.54,21.725,17.733008072264084,485190,0.0,0.0,0.0,True
2015-10-14,21.55,21.56,21.377900390625,21.38625,17.456513070720657,133321,0.0,0.0,0.0,True
2015-10-15,21.72,21.85,21.6825,21.71125,17.72178891139108,517718,0.0,0.0,0.0,True
2015-10-16,21.715,21.9706298828125,21.715,21.85,17.83504292552948,514734,0.0,0.0,0.0,True
2015-10-19,21.785,21.8985009765625,21.6189990234375,21.685,17.700365066989967,742793,0.0,0.0,0.0,True
2015-10-20,21.725,21.80294921875,21.63,21.69,17.70444893740386,516649,0.0,0.0,0.0,True
2015-10-21,21.5375,21.64449951171875,21.475,21.53,17.573844964264996,106304,0.0,0.0,0.0,True
2015-10-22,21.5575,21.913889160156252,21.48,21.8325,17.820762359598042,540687,0.0,0.0,0.0,True
2015-10-23,21.94,22.69637939453125,21.914580078125,22.150000000000002,18.07992138115954,2112159,0.0,0.0,0.0,True
2015-10-26,22.0375,22.0375,21.8825,21.96,17.924830161558468,1553647,0.0,0.0,0.0,True
2015-10-27,21.8725,21.8725,21.725,21.72875,17.73606748031988,137521,0.0,0.0,0.0,True
2015-10-28,21.73,21.865000000000002,21.705000000000002,21.83125,17.81974189124523,221923,0.0,0.0,0.0,True
2015-10-29,21.455000000000002,21.462500000000002,21.330000000000002,21.405,17.47181011099961,187970,0.0,0.0,0.0,True
2015-10-30,21.4375,21.44,21.22610107421875,21.17125,17.28101647806863,26090,0.0,0.0,0.0,True
2015-11-02,21.2275,21.455000000000002,21.20955078125,21.455000000000002,17.512632839117426,1058776,0.0,0.0,0.0,True
2015-11-03,21.525000000000002,21.75,21.51449951171875,21.743750000000002,17.748315097556272,96642,0.0,0.0,0.0,True
2015-11-04,21.9425,22.05,21.7925,21.7925,17.788111366313338,437414,0.0,0.0,0.0,True
2015-11-05,21.735,22.0,21.7275,21.95375,17.91971983178381,684420,0.0,0.0,0.0,True
2015-11-06,21.9025,21.962500000000002,21.6675,21.75125,17.7544438986811,111644,0.0,0.0,0.0,True
2015-11-09,21.7,21.76343994140625,21.38,21.39,17.459574475779103,261480,0.0,0.0,0.0,True
2015-11-10,21.385,21.395,21.18,21.17125,17.28101647806863,160710,0.0,0.0,0.0,True
2015-11-11,21.240000000000002,21.3160009765625,21.135,21.150000000000002,17.263666519068167,281393,0.0,0.0,0.0,True
2015-11-12,21.330000000000002,21.3825,21.035,21.1225,17.241224203316882,27354,0.0,0.0,0.0,True
2015-11-13,20.94,20.9485009765625,20.64550048828125,20.685,16.884120189911833,140701,0.0,0.0,0.0,True
2015-11-16,20.775000000000002,20.9393310546875,20.72300048828125,20.76,16.94533830606737,173263,0.0,0.0,0.0,True
2015-11-17,20.935,21.087500000000002,20.935,21.087500000000002,17.212651089438122,352209,0.0,0.0,0.0,True
2015-11-18,20.855,21.1701806640625,20.8325,21.06,17.19021676169742,70542,0.0,0.0,0.0,True
2015-11-19,21.19,21.2925,21.179599609375,21.240000000000002,17.337136246465388,1630615,0.0,0.0,0.0,True
2015-11-20,21.415,21.69,21.337500000000002,21.67625,17.693225782525566,1254247,0.0,0.0,0.0,True
2015-11-23,21.5025,21.6575,21.5025,21.63,17.65546645646885,142495,0.0,0.0,0.0,True
2015-11-24,21.5225,21.5925,21.392500000000002,21.5925,17.62485839689242,1618651,0.0,0.0,0.0,True
2015-11-25,21.5975,21.6475,21.45363037109375,21.5,17.549357717802792,104882,0.0,0.0,0.0,True
2015-11-26,21.535,21.63,21.534599609375,21.53625,17.578945309026427,59380,0.0,0.0,0.0,True
2015-11-27,21.267500000000002,21.32887939453125,21.21,21.243750000000002,17.340199648526486,109284,0.0,0.0,0.0,True
2015-11-30,21.06,31.73,21.0275,21.095,17.21876990554971,759667,0.0,0.0,0.0,True
2015-12-01,21.185,21.267500000000002,21.16,21.2325,17.331011439345865,315693,0.0,0.0,0.0,True
2015-12-02,21.195,21.2939599609375,21.175,21.2825,17.371820188445145,248669,0.0,0.0,0.0,True
2015-12-03,21.3125,21.3575,20.44864013671875,20.945,17.096343658251886,208733,0.0,0.0,0.0,True
2015-12-04,20.8875,20.9325,20.6925,20.9325,17.08613697772111,82137,0.0,0.0,0.0,True
2015-12-07,20.875,20.9435400390625,20.712500000000002,20.67125,16.872883056015016,129168,0.0,0.0,0.0,True
2015-12-08,20.5625,20.59550048828125,20.39137939453125,20.50125,16.73412032856028,416139,0.0,0.0,0.0,True
2015-12-09,20.435,20.4775,20.28875,20.315,16.58210449303618,64602,0.0,0.0,0.0,True
2015-12-10,20.1075,20.17,19.9875,20.017500000000002,16.406644586334657,264448,0.08342401,0.0,0.0,True
2015-12-11,19.8825,19.8825,19.425,19.4575,15.947660563503097,127161,0.0,0.0,0.0,True
2015-12-14,19.7175,19.752249755859374,19.480999755859376,19.5125,15.992740461456357,357397,0.0,0.0,0.0,True
2015-12-15,19.6675,20.19,19.6675,20.177500000000002,16.53778373792446,908656,0.0,0.0,0.0,True
2015-12-16,20.2925,20.385,20.243499755859375,20.275000000000002,16.61769919619897,285002,0.0,0.0,0.0,True
2015-12-17,20.67,20.775000000000002,20.580000000000002,20.58125,16.868696496536945,1828320,0.0,0.0,0.0,True
2015-12-18,20.455000000000002,20.535,20.410360107421877,20.48125,16.786740792903153,221628,0.0,0.0,0.0,True
2015-12-21,20.5,20.62375,20.485,20.495,16.798006757081176,28706,0.0,0.0,0.0,True
2015-12-22,20.59,20.708750000000002,20.4925,20.6925,16.95988894734277,135514,0.0,0.0,0.0,True
2015-12-23,20.8,20.95595947265625,20.8,20.92,17.14634832420758,88938,0.0,0.0,0.0,True
2015-12-24,20.9325,20.935,20.8425,20.8525,17.091020078312,329847,0.0,0.0,0.0,True
2015-12-29,20.735,21.01,20.735,20.9425,17.164793746379633,66936,0.0,0.0,0.0,True
2015-12-30,20.7525,20.7725,20.62,20.62,16.90046416948746,232120,0.0,0.0,0.0,True
2015-12-31,20.6925,20.6925,20.62264892578125,20.62625,16.90559335634648,34880,0.0,0.0,0.0,True
2016-01-04,20.1325,20.1325,19.992130126953125,20.0625,16.44352640748062,471205,0.0,0.0,0.0,True
2016-01-05,20.205000000000002,20.30300048828125,20.045,20.243750000000002,16.592084341808604,126927,0.0,0.0,0.0,True
2016-01-06,20.025000000000002,20.052500000000002,19.8825,20.0375,16.423036729638994,1534519,0.0,0.0,0.0,True
2016-01-07,19.57,19.775000000000002,19.104620361328127,19.73125,16.172029403525283,2654328,0.0,0.0,0.0,True
2016-01-08,19.62,19.6675,18.9635498046875,19.335,15.847256429964535,985482,0.0,0.0,0.0,True
2016-01-11,19.265,19.355,19.17,19.17,15.712024756725288,488893,0.0,0.0,0.0,True
2016-01-12,19.095,19.6193798828125,19.0675,19.4575,15.947660563503097,713606,0.0,0.0,0.0,True
2016-01-13,19.552500000000002,19.6725,19.492750244140627,19.5125,15.992740461456357,393440,0.0,0.0,0.0,True
2016-01-14,19.345,19.432750244140625,19.115000000000002,19.3125,15.828817023257905,553025,0.0,0.0,0.0,True
2016-01-15,19.2075,19.2175,18.81,18.900000000000002,15.49072881696167,673776,0.0,0.0,0.0,True
2016-01-18,19.155,19.155,18.97,19.015,15.584983139672786,530023,0.0,0.0,0.0,True
2016-01-19,19.4375,19.5375,19.322010498046875,19.4375,15.931269422776332,932209,0.0,0.0,0.0,True
2016-01-20,18.900000000000002,18.91,18.58738037109375,18.6575,15.291966810709251,691955,0.0,0.0,0.0,True
2016-01-21,18.77,19.1125,18.685,19.035,15.601370270089271,1127864,0.0,0.0,0.0,True
2016-01-22,19.22,19.566929931640626,19.214749755859376,19.2925,15.812424879953566,1587698,0.0,0.0,0.0,True
2016-01-25,19.46,19.46,19.305,19.3625,15.869799386673861,125098,0.0,0.0,0.0,True
2016-01-26,19.055,19.3225,19.055,19.267500000000002,15.791934199534376,271572,0.0,0.0,0.0,True
2016-01-27,19.245,19.4875,19.2381298828125,19.495,15.97839257382159,83770,0.0,0.0,0.0,True
2016-01-28,19.53,19.685,19.35,19.4325,15.927167877928738,655651,0.0,0.0,0.0,True
2016-01-29,19.825,20.200250244140626,19.825,20.13875,16.506021077861796,492555,0.0,0.0,0.0,True
2016-02-01,20.0775,20.100629882812502,19.7775,19.900000000000002,16.310340995066102,1092329,0.0,0.0,0.0,True
2016-02-02,19.795,19.810400390625002,19.415,19.485,15.970201515057287,1898412,0.0,0.0,0.0,True
2016-02-03,19.32,19.4075,18.98375,19.12,15.671039385576602,189540,0.0,0.0,0.0,True
2016-02-04,19.5775,19.87,19.4825,19.67,16.12182934191113,799677,0.0,0.0,0.0,True
2016-02-05,19.802500000000002,19.89449951171875,19.63125,19.6925,16.140269751195344,1242931,0.0,0.0,0.0,True
2016-02-08,19.6275,19.7025,19.24031982421875,19.3875,15.89028705936036,582729,0.0,0.0,0.0,True
2016-02-09,19.32,19.40718994140625,18.953389892578127,19.0275,15.59522747730482,1795898,0.0,0.0,0.0,True
2016-02-10,19.16,19.485,19.119630126953126,19.302500000000002,15.82061994902816,204050,0.0,0.0,0.0,True
2016-02-11,19.01,19.03300048828125,18.6585205078125,18.81125,15.417985798638187,518328,0.0,0.0,0.0,True
2016-02-12,18.837500000000002,19.27406982421875,18.837500000000002,19.145,15.691531068573381,502893,0.0,0.0,0.0,True
2016-02-15,19.36,19.55073974609375,19.330000000000002,19.48375,15.969176880778573,1339070,0.0,0.0,0.0,True
2016-02-16,19.650000000000002,19.7925,19.53,19.7925,16.222231470294574,363925,0.0,0.0,0.0,True
2016-02-17,19.72,20.2175,19.718000488281252,20.2175,16.570572034843412,1516619,0.0,0.0,0.0,True
2016-02-18,20.205000000000002,20.360300292968752,20.043270263671875,20.06,16.441478141500752,893057,0.0,0.0,0.0,True
2016-02-19,20.075,20.1025,19.965250244140627,20.01625,16.405619952055943,271324,0.0,0.0,0.0,True
2016-02-22,20.3825,20.68637939453125,20.332249755859376,20.6875,16.95578840507276,502213,0.0,0.0,0.0,True
2016-02-23,20.4975,20.602880859375002,20.415,20.4575,16.767281764805677,582736,0.0,0.0,0.0,True
2016-02-24,20.485,20.51,20.1039501953125,20.22125,16.57364192736926,393589,0.0,0.0,0.0,True
2016-02-25,20.4025,20.52425048828125,20.3325,20.4575,16.767281764805677,110896,0.0,0.0,0.0,True
2016-02-26,20.6275,20.89748046875,20.6275,20.6575,16.931207208159265,1240315,0.0,0.0,0.0,True
2016-02-29,20.4525,20.78,20.425379638671874,20.7375,16.996765755600872,1285911,0.0,0.0,0.0,True
2016-03-01,20.7825,21.25,20.7825,21.25,17.41682370161691,1912508,0.0,0.0,0.0,True
2016-03-02,21.3175,21.3725,21.155,21.31125,17.46702476580861,696066,0.0,0.0,0.0,True
2016-03-03,21.35,21.475,21.2925,21.3525,17.50082767123056,1411371,0.0,0.0,0.0,True
2016-03-04,21.5375,21.84125,21.48827880859375,21.833750000000002,17.895269760278666,1094459,0.0,0.0,0.0,True
2016-03-07,21.77,21.847900390625,21.623579101562502,21.8275,17.890146588885077,1628202,0.0,0.0,0.0,True
2016-03-08,21.42,21.5925,21.3510693359375,21.43375,17.567420878726615,480410,0.0,0.0,0.0,True
2016-03-09,21.5075,21.695,21.41625,21.63,17.728268408933765,966473,0.0,0.0,0.0,True
2016-03-10,21.5975,22.06157958984375,21.3175,21.235,17.404951178007742,1630257,0.052496,0.0,0.0,True
2016-03-11,21.795,21.81375,21.65949951171875,21.755,17.831162945161505,377448,0.0,0.0,0.0,True
2016-03-14,21.81,21.81,21.68050048828125,21.805,17.872142300844757,222736,0.0,0.0,0.0,True
2016-03-15,21.6225,21.746130371093752,21.535,21.580000000000002,17.687724171916813,785232,0.0,0.0,0.0,True
2016-03-16,21.695,21.725,21.5825,21.725,17.806563701851715,129972,0.0,0.0,0.0,True
2016-03-17,22.0225,22.09712890625,21.8,22.07875,18.096519161487542,1245338,0.0,0.0,0.0,True
2016-03-18,22.615000000000002,22.615000000000002,22.04125,22.2375,18.22663367879862,944547,0.0,0.0,0.0,True
2016-03-21,22.18,22.3825,22.1351708984375,22.3475,18.316793474705158,1199747,0.0,0.0,0.0,True
2016-03-22,22.365000000000002,22.635,22.2725390625,22.64375,18.559599716278836,628333,0.0,0.0,0.0,True
2016-03-23,22.552500000000002,22.605,22.3675,22.43,18.384415326790204,271313,0.0,0.0,0.0,True
2016-03-24,22.3525,22.3722509765625,20.2443798828125,22.105,18.118032471030308,317159,0.0,0.0,0.0,True
2016-03-29,22.2925,22.42625,21.95,22.06,18.08115165246193,179571,0.0,0.0,0.0,True
2016-03-30,22.3225,22.6175,22.295,22.5775,18.505306130437685,540062,0.0,0.0,0.0,True
2016-03-31,22.56,22.685380859375,22.42330078125,22.57,18.499168350541108,658075,0.0,0.0,0.0,True
2016-04-01,22.515,22.635,21.998369140625,22.635,18.552431286638093,1377678,0.0,0.0,0.0,True
2016-04-04,22.615000000000002,22.7223095703125,22.4325,22.45375,18.403885383240976,267610,0.0,0.0,0.0,True
2016-04-05,22.17,22.2325,22.00530029296875,22.212500000000002,18.206138988069128,677609,0.0,0.0,0.0,True
2016-04-06,22.22,22.3125,22.09638916015625,22.24875,18.235859397617357,265385,0.0,0.0,0.0,True
2016-04-07,22.345,22.35,22.0675,22.1175,18.128272798352043,105122,0.0,0.0,0.0,True
2016-04-08,22.32,22.490000000000002,22.29,22.3875,18.34957976646897,167205,0.0,0.0,0.0,True
2016-04-11,22.4075,22.64669921875,22.3956298828125,22.47875,18.424372053349884,531051,0.0,0.0,0.0,True
2016-04-12,22.5075,22.6475,22.4575,22.645,18.560622345402404,213819,0.0,0.0,0.0,True
2016-04-13,23.0325,23.2322802734375,22.9247509765625,23.195,19.011433355865957,802303,0.0,0.0,0.0,True
2016-04-14,23.1625,23.35,23.092871093750002,23.28625,19.086221632436597,315608,0.0,0.0,0.0,True
2016-04-15,23.225,23.2625,23.0889599609375,23.13125,18.959185028271968,474008,0.0,0.0,0.0,True
2016-04-18,23.080000000000002,23.1375,22.95,23.03,18.876189651695878,151794,0.0,0.0,0.0,True
2016-04-19,23.05,23.18,23.003000488281252,23.18,18.9991397496765,779286,0.0,0.0,0.0,True
2016-04-20,22.88,23.04375,22.82368896484375,23.04375,18.887466644227185,836095,0.0,0.0,0.0,True
2016-04-21,23.1125,23.215,22.900000000000002,23.07,18.908975943459676,558728,0.0,0.0,0.0,True
2016-04-22,22.865000000000002,22.9075,22.695,22.740000000000002,18.638500566050347,189754,0.0,0.0,0.0,True
2016-04-25,22.705000000000002,22.705000000000002,22.38050048828125,22.415,18.372119715445596,271930,0.0,0.0,0.0,True
2016-04-26,22.415,22.415,22.295380859375,22.3975,18.357772830388406,61158,0.0,0.0,0.0,True
2016-04-27,22.41,22.46125,22.3275,22.46875,18.4161769842753,49284,0.0,0.0,0.0,True
2016-04-28,22.3475,22.54,22.28113037109375,22.5125,18.45203517372011,224752,0.0,0.0,0.0,True
2016-04-29,22.21,22.337500000000002,22.0825,22.0825,18.09959105916855,812107,0.0,0.0,0.0,True
2016-05-03,21.93,21.96,21.6375,21.73,17.81066023381144,352518,0.0,0.0,0.0,True
2016-05-04,21.67,21.76,21.5,21.5225,17.64059300025097,685678,0.0,0.0,0.0,True
2016-05-05,21.5725,21.7060400390625,21.46375,21.45625,17.586299414409822,614143,0.0,0.0,0.0,True
2016-05-06,21.3875,21.552500000000002,21.275000000000002,21.445,17.577073695591082,1060680,0.0,0.0,0.0,True
2016-05-09,21.68,21.68,21.23712890625,21.2875,17.447977797093287,169674,0.0,0.0,0.0,True
2016-05-10,21.4975,21.545,21.4225,21.48875,17.612935895346187,78206,0.0,0.0,0.0,True
2016-05-11,21.62,21.655,21.53,21.655,17.74919420801928,162230,0.0,0.0,0.0,True
2016-05-12,21.6525,21.7,21.400000000000002,21.4175,17.5545317414593,164772,0.0,0.0,0.0,True
2016-05-13,21.4175,21.457880859375,21.35,21.4575,17.587326053843686,258771,0.0,0.0,0.0,True
2016-05-16,21.4425,21.5225,21.431250000000002,21.4675,17.595513102297698,1513192,0.0,0.0,0.0,True
2016-05-17,21.400000000000002,21.4425,21.28375,21.337500000000002,17.488965173397123,137184,0.0,0.0,0.0,True
2016-05-18,21.295,21.295,20.91375,21.0425,17.2471715351713,580686,0.0,0.0,0.0,True
2016-05-19,20.7925,20.82675048828125,20.575,20.59875,16.883450428088405,123891,0.0,0.0,0.0,True
2016-05-20,20.892500000000002,21.0675,20.815500488281252,21.065,17.26561695734335,70035,0.0,0.0,0.0,True
2016-05-23,21.075,21.115000000000002,21.0089990234375,21.0775,17.275857284665086,92777,0.0,0.0,0.0,True
2016-05-24,20.92,21.045,20.835,21.01125,17.22154966273793,618097,0.0,0.0,0.0,True
2016-05-25,21.19,21.23800048828125,21.0883203125,21.1025,17.296343954773995,211717,0.0,0.0,0.0,True
2016-05-26,21.087500000000002,21.330000000000002,21.04449951171875,21.23,17.400854646048014,339952,0.0,0.0,0.0,True
2016-05-27,21.3325,21.4685009765625,21.3325,21.431250000000002,17.565802718525195,290458,0.0,0.0,0.0,True
2016-05-31,21.490000000000002,21.5425,21.35634033203125,21.47,17.597558360544845,840950,0.0,0.0,0.0,True
2016-06-01,21.580000000000002,21.6950390625,21.47199951171875,21.675,17.765590361633894,1511293,0.0,0.0,0.0,True
2016-06-02,21.695,21.7439990234375,21.6125,21.740000000000002,17.81886332350661,174651,0.0,0.0,0.0,True
2016-06-03,21.84,21.900000000000002,21.792700195312502,21.855,17.91311965137288,223535,0.0,0.0,0.0,True
2016-06-06,22.1825,22.3225,22.1468798828125,22.29,18.269656287573877,107903,0.0,0.0,0.0,True
2016-06-07,22.3275,22.405,22.2575,22.36375,18.33011171517334,1856005,0.0,0.0,0.0,True
2016-06-08,22.3875,22.56,22.35,22.5325,18.468425311869296,286100,0.0,0.0,0.0,True
2016-06-09,22.55,22.55,21.36199951171875,22.37,18.33523488656692,197192,0.0,0.0,0.0,True
2016-06-10,22.330000000000002,22.3325,22.09923095703125,22.1525,18.156968573621572,87290,0.0,0.0,0.0,True
2016-06-13,22.0625,22.1285009765625,21.941999511718752,21.990000000000002,18.0237741380089,789884,0.0,0.0,0.0,True
2016-06-14,22.045,22.0625,21.86699951171875,21.92,17.966402639021318,140092,0.0,0.0,0.0,True
2016-06-15,22.3225,22.3225,22.025000000000002,22.080000000000002,18.09753978545597,147221,0.0,0.0,0.0,True
2016-06-16,21.837500000000002,21.926259765625,21.74778076171875,21.9175,18.025694431997813,1495700,0.075143003,0.0,0.0,True
2016-06-17,22.0625,22.0625,21.76760009765625,21.77625,17.909521370654865,1462158,0.0,0.0,0.0,True
2016-06-20,21.740000000000002,21.83550048828125,21.6675,21.81,17.93728404034887,105719,0.0,0.0,0.0,True
2016-06-21,21.6625,21.81875,21.6375,21.81875,17.944480726304036,172483,0.0,0.0,0.0,True
2016-06-22,21.92,21.9855908203125,21.89699951171875,21.9975,18.091484655854195,82810,0.0,0.0,0.0,True
2016-06-23,21.92,22.06,21.8839990234375,22.09375,18.17064417749421,143737,0.0,0.0,0.0,True
2016-06-24,22.375,23.0225,22.2625,22.91,18.84195796444409,211395,0.0,0.0,0.0,True
2016-06-27,23.13,23.3847509765625,23.02,23.025000000000002,18.936536944054616,307713,0.0,0.0,0.0,True
2016-06-28,23.3575,23.51556884765625,23.32425048828125,23.465,19.298411342332983,1040402,0.0,0.0,0.0,True
2016-06-29,23.7325,23.84,23.6475,23.84,19.606814585277082,681948,0.0,0.0,0.0,True
2016-06-30,23.905,24.44,23.9025,24.44,20.100281502868906,559911,0.0,0.0,0.0,True
2016-07-01,24.525000000000002,24.8,24.45050048828125,24.71,20.322338597885057,723979,0.0,0.0,0.0,True
2016-07-04,24.79,24.825,24.677500000000002,24.6975,20.312063653749448,376882,0.0,0.0,0.0,True
2016-07-05,24.71,24.815,24.5625,24.735,20.342898545823523,200789,0.0,0.0,0.0,True
2016-07-06,24.6,24.695,24.4075,24.6125,20.242152990184874,344813,0.0,0.0,0.0,True
2016-07-07,24.91,24.9947705078125,24.77,24.87,20.453933129131958,1293887,0.0,0.0,0.0,True
2016-07-08,24.85,25.16,24.77964111328125,25.155,20.688323376204355,999836,0.0,0.0,0.0,True
2016-07-11,25.5,25.575,25.35736083984375,25.4875,20.961779335099976,996469,0.0,0.0,0.0,True
2016-07-12,25.325,25.55001953125,25.30449951171875,25.38,20.873370955384477,214862,0.0,0.0,0.0,True
2016-07-13,25.11,25.342749023437502,25.11,25.2425,20.7602781641554,423840,0.0,0.0,0.0,True
2016-07-14,25.4425,25.650000000000002,25.0252490234375,25.486250000000002,20.96075526097328,1521559,0.0,0.0,0.0,True
2016-07-15,25.36,25.615000000000002,25.2025,25.615000000000002,21.06664130657992,180486,0.0,0.0,0.0,True
2016-07-18,25.645,25.6702490234375,25.4775,25.6325,21.08103467849028,241812,0.0,0.0,0.0,True
2016-07-19,25.685000000000002,25.810000000000002,25.52634033203125,25.7725,21.196171594105824,652961,0.0,0.0,0.0,True
2016-07-20,25.925,25.9725,25.6897509765625,25.85,21.259917693575705,878116,0.0,0.0,0.0,True
2016-07-21,25.685000000000002,25.8425,25.668500976562502,25.775000000000002,21.198227790093025,1530637,0.0,0.0,0.0,True
2016-07-22,25.64,25.995,25.525000000000002,25.955000000000002,21.346265853437107,671184,0.0,0.0,0.0,True
2016-07-25,25.8,26.0075,25.7572705078125,25.765,21.18999898227734,236519,0.0,0.0,0.0,True
2016-07-26,26.0925,26.0925,25.855,25.92,21.317483133483325,340436,0.0,0.0,0.0,True
2016-07-27,26.03,26.0775,25.9605908203125,25.990000000000002,21.375046561457467,256921,0.0,0.0,0.0,True
2016-07-28,25.900000000000002,25.98,25.88160888671875,25.9125,21.311308509721382,132004,0.0,0.0,0.0,True
2016-07-29,25.767500000000002,25.89,25.747500000000002,25.78875,21.20954089188948,380459,0.0,0.0,0.0,True
2016-08-01,26.165,26.2397509765625,26.0425,26.12375,21.485053046772293,229225,0.0,0.0,0.0,True
2016-08-02,25.9575,25.97949951171875,25.54625,25.58875,21.045049236780933,134553,0.0,0.0,0.0,True
2016-08-03,25.490000000000002,25.5275,25.2925,25.515,20.984393467092193,148188,0.0,0.0,0.0,True
2016-08-04,25.6475,26.18,25.605,26.18,21.53131544455068,482533,0.0,0.0,0.0,True
2016-08-05,26.400000000000002,26.57800048828125,26.2875,26.515,21.80683162330039,289658,0.0,0.0,0.0,True
2016-08-08,26.715,26.855,26.715,26.82,22.057673450203797,280586,0.0,0.0,0.0,True
2016-08-09,27.0025,27.19,26.9510009765625,27.19,22.361970336973865,206879,0.0,0.0,0.0,True
2016-08-10,27.03,27.16,26.955000000000002,27.03,22.23038586539421,530799,0.0,0.0,0.0,True
2016-08-11,27.1525,27.4025,27.104528808593752,27.41375,22.54599384202728,311881,0.0,0.0,0.0,True
2016-08-12,27.4575,27.55360107421875,27.2775,27.497500000000002,22.614866347930995,671493,0.0,0.0,0.0,True
2016-08-15,27.5725,27.990000000000002,27.5675,27.9775,23.009639882004453,1731521,0.0,0.0,0.0,True
2016-08-16,27.715,27.74907958984375,27.5075,27.51,22.625145315933516,217184,0.0,0.0,0.0,True
2016-08-17,27.36,27.36,27.091250000000002,27.091250000000002,22.28075864321354,375555,0.0,0.0,0.0,True
2016-08-18,27.4325,27.43260986328125,27.1625,27.2575,22.41748762862806,223381,0.0,0.0,0.0,True
2016-08-19,27.122500000000002,27.26,26.98675048828125,27.2525,22.41337121278678,849452,0.0,0.0,0.0,True
2016-08-22,27.0375,27.060000000000002,26.78700927734375,26.78875,22.031971000363885,710273,0.0,0.0,0.0,True
2016-08-23,26.86,26.98,26.8493310546875,26.905,22.127582101834918,418802,0.0,0.0,0.0,True
2016-08-24,26.55,26.7206494140625,26.4175,26.5075,21.80066504727228,116223,0.0,0.0,0.0,True
2016-08-25,26.5475,26.67,26.545,26.66375,21.929165224871138,61393,0.0,0.0,0.0,True
2016-08-26,26.677500000000002,26.985,24.721750488281252,26.9425,22.1584210177759,264981,0.0,0.0,0.0,True
2016-08-30,26.895,26.9825,26.77,26.8225,22.05972964619098,23432,0.0,0.0,0.0,True
2016-08-31,26.7375,26.80593017578125,26.5075,26.4925,21.78831982361531,281466,0.0,0.0,0.0,True
2016-09-01,26.5,26.517500000000002,26.055,26.1475,21.504588920584077,431756,0.0,0.0,0.0,True
2016-09-02,26.285,26.6325,26.27787109375,26.62,21.893183807028702,262647,0.0,0.0,0.0,True
2016-09-05,26.8425,26.88717041015625,26.734750976562502,26.795,22.037107466464963,292746,0.0,0.0,0.0,True
2016-09-06,26.8775,26.96548095703125,26.795,26.84375,22.07720328821522,408569,0.0,0.0,0.0,True
2016-09-07,27.015,27.11297119140625,26.95197998046875,27.05375,22.249915703405645,114460,0.0,0.0,0.0,True
2016-09-08,27.09,27.2,25.240000000000002,27.1675,22.34347060888948,478443,0.0,0.0,0.0,True
2016-09-09,26.9225,26.935000000000002,26.5375,26.5475,21.83356015920045,239713,0.0,0.0,0.0,True
2016-09-12,26.052500000000002,26.095,25.8225,26.0675,21.43879064899391,800213,0.0,0.0,0.0,True
2016-09-13,26.052500000000002,26.25385009765625,26.0225,26.03125,21.4089798310465,450279,0.0,0.0,0.0,True
2016-09-14,26.095,26.267500000000002,26.06300048828125,26.150000000000002,21.506645116571274,90793,0.0,0.0,0.0,True
2016-09-15,25.77,26.122500000000002,25.7148095703125,26.122500000000002,21.689927390176514,342283,0.248238,0.0,0.0,True
2016-09-16,26.115000000000002,26.22280029296875,26.0,26.17125,21.73040567687572,153546,0.0,0.0,0.0,True
2016-09-19,26.6375,26.667880859375,26.5275,26.642500000000002,22.12169239659646,316841,0.0,0.0,0.0,True
2016-09-20,26.6125,26.88,26.57135009765625,26.755,22.215105233533556,75595,0.0,0.0,0.0,True
2016-09-21,26.94,27.04,26.8702001953125,26.958750000000002,22.384281318274994,252103,0.0,0.0,0.0,True
2016-09-22,27.13,27.42,27.13,27.325,22.688388410385283,725554,0.0,0.0,0.0,True
2016-09-23,27.315,27.51675048828125,27.2868310546875,27.4425,22.785942503046392,159052,0.0,0.0,0.0,True
2016-09-26,27.1,27.1106201171875,26.9575,26.96125,22.386354992671368,212201,0.0,0.0,0.0,True
2016-09-27,27.25,27.27,26.9475,27.015,22.430986721232077,548105,0.0,0.0,0.0,True
2016-09-28,27.11,27.245,27.0375,27.05,22.460044566079322,1145783,0.0,0.0,0.0,True
2016-09-29,27.285,27.339130859375,27.1893798828125,27.23,22.60950144933743,174315,0.0,0.0,0.0,True
2016-09-30,26.9125,27.0925,26.87,27.0675,22.474582628106052,94524,0.0,0.0,0.0,True
2016-10-03,27.2,27.5234912109375,27.2,27.495,22.829532316851612,936988,0.0,0.0,0.0,True
2016-10-04,27.7,27.8425,27.630869140625002,27.8425,23.118073649340097,80571,0.0,0.0,0.0,True
2016-10-05,27.79,27.81425048828125,27.707250976562502,27.785,23.07032430060461,114685,0.0,0.0,0.0,True
2016-10-06,27.97,28.017500000000002,26.56593017578125,28.0,23.24884918382454,139862,0.0,0.0,0.0,True
2016-10-07,28.375,28.79498046875,28.35205078125,28.52,23.68061012819867,472709,0.0,0.0,0.0,True
2016-10-10,28.5675,28.993410644531252,28.52568115234375,28.96,24.045948499155283,350547,0.0,0.0,0.0,True
2016-10-11,28.655,28.7072900390625,28.51427978515625,28.6375,23.778176406997265,655928,0.0,0.0,0.0,True
2016-10-12,28.560000000000002,28.91781005859375,28.41,28.59,23.73872784891605,222833,0.0,0.0,0.0,True
2016-10-13,28.3075,28.32443115234375,28.0173193359375,28.23,23.439820175468576,3464496,0.0,0.0,0.0,True
2016-10-14,28.462500000000002,28.641650390625,28.212919921875,28.560000000000002,23.71382344593033,163998,0.0,0.0,0.0,True
2016-10-17,28.372500000000002,28.55302978515625,28.330000000000002,28.4575,23.62871546169334,53508,0.0,0.0,0.0,True
2016-10-18,28.6625,28.741298828125,28.609150390625,28.622500000000002,23.765714050389825,88073,0.0,0.0,0.0,True
2016-10-19,28.715,28.865000000000002,28.6287890625,28.83875,23.945274755296484,103762,0.0,0.0,0.0,True
2016-10-20,28.84,29.0,28.8222509765625,28.905,24.000280948907854,77968,0.0,0.0,0.0,True
2016-10-21,28.7875,28.9425,28.77,28.900000000000002,23.99612953806926,467464,0.0,0.0,0.0,True
2016-10-24,29.0575,29.150000000000002,29.0575,29.105,24.166341444497412,277699,0.0,0.0,0.0,True
2016-10-25,29.09,29.385,29.05,29.225,24.26598342871531,140255,0.0,0.0,0.0,True
2016-10-26,29.080000000000002,29.085,28.7225,28.8,23.91309522822864,322215,0.0,0.0,0.0,True
2016-10-27,28.7225,28.785,28.545,28.76,23.879890034588634,120462,0.0,0.0,0.0,True
2016-10-28,28.785,28.83074951171875,28.55239990234375,28.830000000000002,23.938015879397692,501346,0.0,0.0,0.0,True
2016-10-31,28.6675,28.79424072265625,28.635,28.677500000000002,23.811381600637255,124387,0.0,0.0,0.0,True
2016-11-01,28.67,28.72512939453125,28.310000000000002,28.2775,23.479260609458137,452224,0.0,0.0,0.0,True
2016-11-02,28.13,28.1475,27.8,27.8,23.082778533120404,1005865,0.0,0.0,0.0,True
2016-11-03,27.7325,27.9547998046875,27.4575,27.505,22.837841231597558,297915,0.0,0.0,0.0,True
2016-11-04,27.375,27.375,27.035,27.16,22.551383728620028,238249,0.0,0.0,0.0,True
2016-11-07,27.845,28.12,27.77,28.12,23.348478981904954,1379187,0.0,0.0,0.0,True
2016-11-08,28.045,28.3,28.045,28.31875,23.5135056868307,289483,0.0,0.0,0.0,True
2016-11-09,27.3975,27.7175,27.1925,27.555,22.879353308960567,321745,0.0,0.0,0.0,True
2016-11-10,27.7625,27.8831103515625,26.4175,26.535,22.032435032543802,1137086,0.0,0.0,0.0,True
2016-11-11,26.3175,26.3210009765625,25.5372607421875,25.61,21.26439356206028,1704039,0.0,0.0,0.0,True
2016-11-14,25.9575,26.0275,25.66219970703125,25.795,21.41799779411115,412699,0.0,0.0,0.0,True
2016-11-15,26.105,26.5,25.94802001953125,26.3975,21.918265141413716,357438,0.0,0.0,0.0,True
2016-11-16,26.265,26.29594970703125,26.0075,26.150000000000002,21.71276218081168,65958,0.0,0.0,0.0,True
2016-11-17,26.2425,26.43,26.2025,26.39,21.91204005617875,108610,0.0,0.0,0.0,True
2016-11-18,26.225,26.560000000000002,26.1389501953125,26.431250000000002,21.94628919559715,50663,0.0,0.0,0.0,True
2016-11-21,26.462500000000002,26.51448974609375,26.255,26.325,21.858069684254115,206220,0.0,0.0,0.0,True
2016-11-22,26.6075,26.80947998046875,26.60012939453125,26.6625,22.13829600892792,109683,0.0,0.0,0.0,True
2016-11-23,26.865000000000002,26.8675,26.410139160156252,26.425,21.941093838980148,351013,0.0,0.0,0.0,True
2016-11-24,26.5125,26.58051025390625,26.434309082031252,26.475,21.982618102480664,10098,0.0,0.0,0.0,True
2016-11-25,26.585,26.67360107421875,26.5439990234375,26.56125,22.054223846377653,122895,0.0,0.0,0.0,True
2016-11-28,26.6575,26.8875,26.552500000000002,26.825,22.2732290473197,118837,0.0,0.0,0.0,True
2016-11-29,26.86,26.87617919921875,26.49837890625,26.685000000000002,22.156973295655764,161284,0.0,0.0,0.0,True
2016-11-30,26.6925,26.925600585937502,26.6598291015625,26.71,22.177742535986216,439056,0.0,0.0,0.0,True
2016-12-01,26.645,26.6698291015625,26.195,26.355,21.882976118262757,41995,0.0,0.0,0.0,True
2016-12-02,26.03,26.1525,25.925,26.091250000000002,21.663979041412386,737517,0.0,0.0,0.0,True
2016-12-05,25.875,26.14701904296875,25.875,26.146250000000002,21.70965065370567,265711,0.0,0.0,0.0,True
2016-12-06,26.07,26.21,26.03199951171875,26.195,21.750124878359028,63451,0.0,0.0,0.0,True
2016-12-07,26.435000000000002,26.74407958984375,26.435000000000002,26.71,22.177742535986216,237426,0.0,0.0,0.0,True
2016-12-08,26.89,27.0625,26.71906005859375,27.025000000000002,22.439291573932177,235970,0.0,0.0,0.0,True
2016-12-09,26.9575,27.1518896484375,26.895859375,27.0575,22.466269651314306,354245,0.0,0.0,0.0,True
2016-12-12,26.7575,26.8247998046875,26.622500000000002,26.6325,22.113385512873435,229426,0.0,0.0,0.0,True
2016-12-13,26.4225,26.835,26.4225,26.835,22.281531868996893,135789,0.0,0.0,0.0,True
2016-12-14,26.735,26.767500000000002,26.5877001953125,26.63,22.111309807454145,94543,0.0,0.0,0.0,True
2016-12-15,26.392500000000002,26.635,26.375,26.5775,22.107468505558597,634073,0.047882004,0.0,0.0,True
2016-12-16,26.5275,26.615000000000002,26.44,26.4775,22.024288168987084,146930,0.0,0.0,0.0,True
2016-12-19,26.3775,26.635,26.36320068359375,26.5,22.043002829125648,92310,0.0,0.0,0.0,True
2016-12-20,26.4825,26.6325,26.41889892578125,26.605,22.130350117639306,184509,0.0,0.0,0.0,True
2016-12-21,26.635,26.6375,26.37409912109375,26.54,22.07628147461668,1191418,0.0,0.0,0.0,True
2016-12-22,26.3275,26.385,26.155,26.2225,21.81218054883866,338012,0.0,0.0,0.0,True
2016-12-23,26.3775,26.4405810546875,26.3460302734375,26.385,21.94734808710626,140244,0.0,0.0,0.0,True
2016-12-28,26.8775,26.95169921875,26.6975,26.9325,22.402762566212058,68599,0.0,0.0,0.0,True
2016-12-29,26.98,27.267500000000002,26.9760693359375,27.2575,22.67309967739175,568682,0.0,0.0,0.0,True
2016-12-30,27.16,27.202280273437502,26.97618896484375,27.12,22.55872417130028,157574,0.0,0.0,0.0,True
2017-01-03,27.212500000000002,27.6025,27.212500000000002,27.3675,22.76459357140251,81816,0.0,0.0,0.0,True
2017-01-04,27.4475,27.5675,27.41949951171875,27.51875,22.890413952823344,103115,0.0,0.0,0.0,True
2017-01-05,27.645,27.732729492187502,27.4325,27.5075,22.881050518820548,176587,0.0,0.0,0.0,True
2017-01-06,27.580000000000002,27.70972900390625,27.54761962890625,27.677500000000002,23.022454242489818,376560,0.0,0.0,0.0,True
2017-01-09,27.9125,28.0575,27.8575,28.0475,23.33022881252466,169109,0.0,0.0,0.0,True
2017-01-10,28.14,28.285,28.11031005859375,28.29,23.531951607129795,145369,0.0,0.0,0.0,True
2017-01-11,28.3275,28.41,28.20681884765625,28.285,23.527790759121164,2467400,0.0,0.0,0.0,True
2017-01-12,28.2375,28.400000000000002,28.225,28.400000000000002,23.623449570429564,65757,0.0,0.0,0.0,True
2017-01-13,28.5475,28.6,28.39125,28.5225,23.72534456713965,409131,0.0,0.0,0.0,True
2017-01-16,28.6125,28.66287109375,28.55,28.6525,23.833473714606907,100522,0.0,0.0,0.0,True
2017-01-17,28.615000000000002,28.67488037109375,28.0925,28.105,23.3780510969231,846042,0.0,0.0,0.0,True
2017-01-18,28.3175,28.3575,28.21,28.21,23.465408558659277,349921,0.0,0.0,0.0,True
2017-01-19,28.2075,28.2075,28.01636962890625,28.0325,23.31775440707678,205306,0.0,0.0,0.0,True
2017-01-20,28.0475,28.149609375,27.9997509765625,27.986250000000002,23.279281314169612,106979,0.0,0.0,0.0,True
2017-01-23,27.885,28.0025,27.8827587890625,27.9775,23.27200135613791,133007,0.0,0.0,0.0,True
2017-01-24,28.09,28.335,28.0,28.2275,23.47996033614471,218204,0.0,0.0,0.0,True
2017-01-25,28.265,28.3905810546875,28.1275,28.23,23.48203974282678,667477,0.0,0.0,0.0,True
2017-01-26,28.3225,28.45287109375,28.259970703125,28.3125,23.550662197979353,1136522,0.0,0.0,0.0,True
2017-01-27,28.2975,28.385,28.255,28.3325,23.56730152072486,99671,0.0,0.0,0.0,True
2017-01-30,28.2175,28.28347900390625,28.1475,28.17,23.43212991316826,206646,0.0,0.0,0.0,True
2017-01-31,28.245,28.37,28.11,28.11,23.382211944931743,147915,0.0,0.0,0.0,True
2017-02-01,28.177500000000002,28.218630371093752,28.0625,28.0675,23.3468783084927,415752,0.0,0.0,0.0,True
2017-02-02,27.95,28.4425,27.9425,28.39,23.615131943701318,122499,0.0,0.0,0.0,True
2017-02-03,28.335,28.7225,28.33179931640625,28.7,23.872988545499624,279358,0.0,0.0,0.0,True
2017-02-06,28.78,28.837500000000002,28.77216064453125,28.802500000000002,23.958248288753197,38247,0.0,0.0,0.0,True
2017-02-07,28.802500000000002,28.88,28.55,28.555,23.752376854006464,82908,0.0,0.0,0.0,True
2017-02-08,28.497500000000002,28.61572021484375,28.4339990234375,28.55,23.748222109931344,78609,0.0,0.0,0.0,True
2017-02-09,28.5775,28.747500000000002,28.5475,28.747500000000002,23.91249930710332,169087,0.0,0.0,0.0,True
2017-02-10,28.82,29.022871093750002,28.755,28.958750000000002,24.08821731031565,151778,0.0,0.0,0.0,True
2017-02-13,28.93,29.090048828125,28.93,29.09,24.197406507568974,288612,0.0,0.0,0.0,True
2017-02-14,28.997500000000002,29.19488037109375,28.9825,29.055,24.168276502219555,117022,0.0,0.0,0.0,True
2017-02-15,29.2775,29.440249023437502,29.2775,29.385,24.442774461407886,265020,0.0,0.0,0.0,True
2017-02-16,29.330000000000002,29.4227490234375,29.235,29.295,24.367911751564606,91965,0.0,0.0,0.0,True
2017-02-17,29.185000000000002,29.295,29.15529052734375,29.240000000000002,24.32216887384824,34363,0.0,0.0,0.0,True
2017-02-20,29.375,29.39220947265625,29.29,29.38125,24.439655351384793,50025,0.0,0.0,0.0,True
2017-02-21,29.405,29.54,29.405,29.42,24.471898362823783,68048,0.0,0.0,0.0,True
2017-02-22,29.5,29.580000000000002,29.47,29.54,24.571713952851802,544550,0.0,0.0,0.0,True
2017-02-23,29.6,29.6875,29.4464990234375,29.47,24.513484461820546,150556,0.0,0.0,0.0,True
2017-02-24,29.295,29.3175,29.09593994140625,29.2225,24.307606923140295,180160,0.0,0.0,0.0,True
2017-02-27,29.38,29.3985302734375,29.2375,29.21125,24.298247558426503,62182,0.0,0.0,0.0,True
2017-02-28,29.205000000000002,29.26070068359375,29.065,29.095,24.20156125164409,137905,0.0,0.0,0.0,True
2017-03-01,29.2175,29.6325,29.15875,29.615000000000002,24.63409615331369,1918834,0.0,0.0,0.0,True
2017-03-02,29.615000000000002,29.64030029296875,29.38279052734375,29.4325,24.482289292300592,74195,0.0,0.0,0.0,True
2017-03-03,29.225,29.55,29.225,29.4575,24.503077255187716,149362,0.0,0.0,0.0,True
2017-03-06,29.44,29.605,29.421201171875,29.5275,24.561304711574472,255791,0.0,0.0,0.0,True
2017-03-07,29.73,29.82280029296875,29.70844970703125,29.755,24.75055310073173,642427,0.0,0.0,0.0,True
2017-03-08,29.8,29.8210107421875,29.67326904296875,29.68,24.68816683098083,492188,0.0,0.0,0.0,True
2017-03-09,29.45,29.4705810546875,29.26175048828125,29.2975,24.369993192891172,112380,0.0,0.0,0.0,True
2017-03-10,29.4025,29.615000000000002,29.27681884765625,29.535,24.567549035554162,506853,0.0,0.0,0.0,True
2017-03-13,29.7975,29.95175048828125,29.74530029296875,29.84375,24.82437203794496,94830,0.0,0.0,0.0,True
2017-03-14,30.0575,30.12284912109375,29.859689941406252,29.9525,24.9148343671927,217206,0.0,0.0,0.0,True
2017-03-15,29.845,30.00384033203125,29.845,29.96125,24.922106186646413,200049,0.0,0.0,0.0,True
2017-03-16,30.4775,30.6,30.27,30.3225,25.270123434766177,2052152,0.056348,0.0,0.0,True
2017-03-17,30.26,30.35,30.15237060546875,30.2325,25.19512312811156,300433,0.0,0.0,0.0,True
2017-03-20,30.295,30.681201171875,30.25139892578125,30.64,25.534723081582214,147286,0.0,0.0,0.0,True
2017-03-21,30.6275,30.64051025390625,30.060000000000002,30.080000000000002,25.068030498554247,956208,0.0,0.0,0.0,True
2017-03-22,29.9025,30.1625,29.86,30.0975,25.082611456712073,124733,0.0,0.0,0.0,True
2017-03-23,29.995,30.07,29.9025,30.07,25.059695319201914,35939,0.0,0.0,0.0,True
2017-03-24,29.997500000000002,30.22,29.93639892578125,30.195,25.163867734369944,666302,0.0,0.0,0.0,True
2017-03-27,29.7825,29.8897607421875,29.64,29.830000000000002,24.859685668218173,498302,0.0,0.0,0.0,True
2017-03-28,29.75,30.1475,29.75,30.1475,25.124283276594657,109982,0.0,0.0,0.0,True
2017-03-29,30.22,30.4125,30.093798828125,30.36,25.301380866947355,449174,0.0,0.0,0.0,True
2017-03-30,30.27,30.275949707031252,30.0575,30.17,25.143034882087978,105599,0.0,0.0,0.0,True
2017-03-31,29.927500000000002,30.005791015625,29.7625,29.7625,24.803432890177763,661284,0.0,0.0,0.0,True
2017-04-03,29.795,29.99679931640625,29.7925,29.9175,24.932604728084154,184043,0.0,0.0,0.0,True
2017-04-04,29.98,30.18,29.951298828125,30.18,25.151372099879882,86445,0.0,0.0,0.0,True
2017-04-05,30.22,30.26610107421875,30.1175,30.16,25.134703779614743,294225,0.0,0.0,0.0,True
2017-04-06,29.815,30.01,29.815,29.945,24.955531057792093,59696,0.0,0.0,0.0,True
2017-04-07,29.872500000000002,30.14,29.8485888671875,30.122500000000002,25.103448385873147,98067,0.0,0.0,0.0,True
2017-04-10,29.9675,30.04592041015625,29.855,29.855,24.880520558939697,246012,0.0,0.0,0.0,True
2017-04-11,29.7825,29.9025,29.52,29.54125,24.619051955284615,163914,0.0,0.0,0.0,True
2017-04-12,29.815,29.8314990234375,29.6043994140625,29.6275,24.690927334096937,144097,0.0,0.0,0.0,True
2017-04-13,29.7825,29.9564794921875,29.71215087890625,29.845,24.872185379587357,379105,0.0,0.0,0.0,True
2017-04-18,29.595,29.595,29.017500000000002,29.0275,24.190896072099164,118097,0.0,0.0,0.0,True
2017-04-19,28.795,28.91,28.775000000000002,28.85375,24.046101633420854,85838,0.0,0.0,0.0,True
2017-04-20,28.8075,29.0275,28.805,28.96,24.13464533249832,78350,0.0,0.0,0.0,True
2017-04-21,29.1175,30.4325,29.03033935546875,29.1075,24.257563237840994,155800,0.0,0.0,0.0,True
2017-04-24,29.47,29.61,29.100869140625,29.5325,24.611752303227707,598975,0.0,0.0,0.0,True
2017-04-25,29.7225,29.773798828125,29.6575,29.677500000000002,24.732597115539985,144150,0.0,0.0,0.0,True
2017-04-26,29.77,29.7875,29.616298828125,29.665,24.722180689399014,121962,0.0,0.0,0.0,True
2017-04-27,29.5075,29.5075,29.305,29.3475,24.45758308102251,487031,0.0,0.0,0.0,True
2017-04-28,29.4075,29.4193798828125,29.275000000000002,29.275000000000002,24.397153540327924,176422,0.0,0.0,0.0,True
2017-05-02,29.725,29.775000000000002,29.6475,29.712500000000002,24.761759031855615,211415,0.0,0.0,0.0,True
2017-05-03,29.7,29.72570068359375,29.5975,29.6075,24.67426512915049,57079,0.0,0.0,0.0,True
2017-05-04,29.6,29.64157958984375,29.335,29.3675,24.474243247529408,90464,0.0,0.0,0.0,True
2017-05-05,29.12,29.30330078125,29.09029052734375,29.278750000000002,24.40027642973067,118076,0.0,0.0,0.0,True
2017-05-08,29.475,29.610791015625,29.3825,29.495,24.580505063244317,278192,0.0,0.0,0.0,True
2017-05-09,29.63,29.87,29.559729003906252,29.855,24.880520558939697,111140,0.0,0.0,0.0,True
2017-05-10,29.6325,29.965,29.6325,29.955000000000002,24.963860121825775,168629,0.0,0.0,0.0,True
2017-05-11,30.087500000000002,30.240000000000002,30.03610107421875,30.0825,25.070115822222007,99503,0.0,0.0,0.0,True
2017-05-12,30.17,30.330000000000002,30.14159912109375,30.330000000000002,25.276375328890328,34325,0.0,0.0,0.0,True
2017-05-15,30.32,30.4675,30.275000000000002,30.4525,25.37846649726973,398551,0.0,0.0,0.0,True
2017-05-16,30.4025,30.580000000000002,30.2825,30.505,25.42221548706183,175478,0.0,0.0,0.0,True
2017-05-17,30.38,30.44114013671875,30.0925,30.142500000000002,25.120118744577823,305367,0.0,0.0,0.0,True
2017-05-18,29.79,30.63830078125,28.965,29.392500000000002,24.495078138250925,506827,0.0,0.0,0.0,True
2017-05-19,29.5825,29.895,29.580000000000002,29.8675,24.89093698508068,65562,0.0,0.0,0.0,True
2017-05-22,30.055,30.0675,29.836550292968752,29.98375,24.987813825070912,162736,0.0,0.0,0.0,True
2017-05-23,29.915,30.105,29.9014501953125,30.035,25.030525249128047,491934,0.0,0.0,0.0,True
2017-05-24,30.045,30.22,30.01590087890625,30.208750000000002,25.175329880004135,341586,0.0,0.0,0.0,True
2017-05-25,30.415,30.49093017578125,30.315,30.41875,25.350336031370396,47758,0.0,0.0,0.0,True
2017-05-26,30.57,30.8825,30.5425,30.88375,25.73785766040825,865974,0.0,0.0,0.0,True
2017-05-30,30.635,30.635,30.47,30.52375,25.437838087833754,365491,0.0,0.0,0.0,True
2017-05-31,30.68,30.68,30.177500000000002,30.1975,25.165946942719028,240396,0.0,0.0,0.0,True
2017-06-01,30.400000000000002,30.46613037109375,30.330000000000002,30.375,25.31388465519565,132767,0.0,0.0,0.0,True
2017-06-02,30.5825,30.665,30.535749511718752,30.625,25.522223370213045,285398,0.0,0.0,0.0,True
2017-06-05,30.6875,30.74264892578125,30.54,30.54,25.45138759557527,197741,0.0,0.0,0.0,True
2017-06-06,30.5425,30.645,30.46652099609375,30.595,25.497225985914255,211635,0.0,0.0,0.0,True
2017-06-07,30.5575,30.575,30.3525,30.35125,25.29408529176955,154997,0.0,0.0,0.0,True
2017-06-08,30.465,30.7627294921875,30.465,30.6,25.501388479491514,237812,0.0,0.0,0.0,True
2017-06-09,31.27,31.2875,30.72827880859375,31.17,25.976414203432288,505110,0.0,0.0,0.0,True
2017-06-12,30.7325,30.9325,30.72514892578125,30.925,25.77223594355261,426571,0.0,0.0,0.0,True
2017-06-13,31.0,31.05952880859375,30.8575,30.86625,25.72327874068998,78907,0.0,0.0,0.0,True
2017-06-14,30.782500000000002,31.0106201171875,30.765,30.93,25.776402514009003,618677,0.0,0.0,0.0,True
2017-06-15,30.7275,30.7325,30.25,30.392500000000002,25.403440637123257,332347,0.091291,0.0,0.0,True
2017-06-16,30.4475,30.517500000000002,30.2775,30.305,25.330309903929862,466909,0.0,0.0,0.0,True
2017-06-19,30.63,30.8775,30.57514892578125,30.8425,25.77957396925413,172467,0.0,0.0,0.0,True
2017-06-20,30.837500000000002,30.98048095703125,30.81610107421875,30.905,25.831808746953698,41354,0.0,0.0,0.0,True
2017-06-21,30.8425,30.8775,30.66,30.795,25.739877582616455,163865,0.0,0.0,0.0,True
2017-06-22,30.8225,30.952299804687502,30.810000000000002,30.965,25.881970488857274,164984,0.0,0.0,0.0,True
2017-06-23,30.805,30.886220703125,30.744299316406252,30.8825,25.813008315809853,124501,0.0,0.0,0.0,True
2017-06-26,31.04,31.220000000000002,31.04,31.085,25.982269439696445,58472,0.0,0.0,0.0,True
2017-06-27,31.13,31.11498046875,30.8525,30.92,25.8443553156716,49498,0.0,0.0,0.0,True
2017-06-28,30.5925,31.24919921875,30.30364990234375,30.455000000000002,25.45568972572082,89142,0.0,0.0,0.0,True
2017-06-29,30.5375,30.5375,30.09,30.09,25.150603868917347,65555,0.0,0.0,0.0,True
2017-06-30,30.1025,30.3275,30.045,30.240000000000002,25.275981646294312,33261,0.0,0.0,0.0,True
2017-07-03,30.2625,30.55,30.2575,30.48,25.47658363680064,902817,0.0,0.0,0.0,True
2017-07-04,30.1925,30.4075,30.1925,30.41375,25.421204550369097,64209,0.0,0.0,0.0,True
2017-07-05,30.425,30.4575,30.24449951171875,30.38625,25.398217159353297,454578,0.0,0.0,0.0,True
2017-07-06,30.3325,30.38,30.085,30.08125,25.1432889556254,28144,0.0,0.0,0.0,True
2017-07-07,30.075,30.335,30.05,30.20625,25.24776873309454,49501,0.0,0.0,0.0,True
2017-07-10,30.392500000000002,30.6325,30.3351611328125,30.5725,25.553897241038,165108,0.0,0.0,0.0,True
2017-07-11,30.747500000000002,30.855,30.635,30.745,25.69808362721481,85285,0.0,0.0,0.0,True
2017-07-12,31.07,31.5644189453125,31.0075,31.305,26.166152212510916,697806,0.0,0.0,0.0,True
2017-07-13,31.2725,31.435000000000002,31.2725,31.36375,26.215267214446513,145867,0.0,0.0,0.0,True
2017-07-14,31.375,31.4875,31.3325,31.3575,26.210039647848557,182263,0.0,0.0,0.0,True
2017-07-17,31.3325,31.4425,31.31159912109375,31.3675,26.218397212280493,464871,0.0,0.0,0.0,True
2017-07-18,31.3475,31.6,31.07419921875,31.515,26.34168150972146,364891,0.0,0.0,0.0,True
2017-07-19,31.6725,31.84,31.648701171875,31.767500000000002,26.552734544595715,350524,0.0,0.0,0.0,True
2017-07-20,31.7725,31.970000000000002,31.7625,31.85,26.62169671764314,143490,0.0,0.0,0.0,True
2017-07-21,31.8225,31.92,31.76677978515625,31.85125,26.622741413197136,134055,0.0,0.0,0.0,True
2017-07-24,31.927500000000002,31.927500000000002,31.765,31.78,26.563181500135627,111463,0.0,0.0,0.0,True
2017-07-25,31.782500000000002,31.85,31.7375,31.782500000000002,26.565270891243614,121739,0.0,0.0,0.0,True
2017-07-26,31.84,31.85,31.747500000000002,31.7525,26.54020024236182,60885,0.0,0.0,0.0,True
2017-07-27,31.8625,31.98,31.07419921875,31.98,26.73035527732824,181141,0.0,0.0,0.0,True
2017-07-28,31.605,31.64,31.53748046875,31.56125,26.38033933404714,62239,0.0,0.0,0.0,True
2017-07-31,31.745,31.745,31.4375,31.455000000000002,26.29153407871588,191883,0.0,0.0,0.0,True
2017-08-01,31.6025,31.717470703125002,31.5075,31.5575,26.377205247385174,83912,0.0,0.0,0.0,True
2017-08-02,31.6,31.615000000000002,31.4175,31.48,26.3124300342097,152818,0.0,0.0,0.0,True
2017-08-03,31.345000000000002,31.657500000000002,31.30429931640625,31.560000000000002,26.379294638493157,496509,0.0,0.0,0.0,True
2017-08-04,31.67,31.9410302734375,31.67,31.9375,26.69482336200853,127435,0.0,0.0,0.0,True
2017-08-07,32.055,32.222500000000004,31.9775,32.2075,26.920508267880663,489742,0.0,0.0,0.0,True
2017-08-08,32.325,32.5725,32.25179931640625,32.5725,27.22558799144213,73638,0.0,0.0,0.0,True
2017-08-09,32.097500000000004,32.1425,31.92179931640625,31.98,26.73035527732824,264769,0.0,0.0,0.0,True
2017-08-10,31.9025,31.962529296875,31.57,31.575,26.391833029555052,130013,0.0,0.0,0.0,True
2017-08-11,31.275000000000002,31.407500000000002,31.0975,31.3825,26.23093560334239,150466,0.0,0.0,0.0,True
2017-08-14,31.6,31.84010009765625,31.54199951171875,31.815,26.592430931233377,150976,0.0,0.0,0.0,True
2017-08-15,31.872500000000002,32.04125,31.59919921875,32.01,26.75541979296803,386507,0.0,0.0,0.0,True
2017-08-16,32.0875,32.347500000000004,32.08294921875,32.3025,26.999907174398015,66296,0.0,0.0,0.0,True
2017-08-17,32.2575,32.32110107421875,32.135,32.18125,26.89856761683285,38445,0.0,0.0,0.0,True
2017-08-18,31.985,32.32,31.89,32.32,27.014539045395875,73314,0.0,0.0,0.0,True
2017-08-21,32.27,32.27300048828125,32.17429931640625,32.24375,26.950802394532417,52358,0.0,0.0,0.0,True
2017-08-22,32.5125,32.745859375,32.5031298828125,32.7425,27.367682942096952,141201,0.0,0.0,0.0,True
2017-08-23,32.705,32.945,32.705,32.9425,27.53484445280556,136382,0.0,0.0,0.0,True
2017-08-24,33.01,33.0875,32.96,32.96,27.549484501459446,158670,0.0,0.0,0.0,True
2017-08-25,33.1025,33.22360107421875,33.02,33.02,27.59963193246504,89468,0.0,0.0,0.0,True
2017-08-29,32.5,32.665,32.33,32.64,27.28201790666967,756861,0.0,0.0,0.0,True
2017-08-30,32.8875,32.92264892578125,32.71929931640625,32.7625,27.384398070960817,169889,0.0,0.0,0.0,True
2017-08-31,32.745,33.024541015625,32.745,32.935,27.52858241272362,85398,0.0,0.0,0.0,True
2017-09-01,32.9475,32.985,32.8575,32.9225,27.51812932394171,221488,0.0,0.0,0.0,True
2017-09-04,32.61,32.798798828125,32.6025,32.745,27.36976824437694,60674,0.0,0.0,0.0,True
2017-09-05,32.7325,32.8025,32.505,32.51875,27.180655860550495,194194,0.0,0.0,0.0,True
2017-09-06,32.3875,32.5,32.386799316406254,32.4025,27.083493040787303,128711,0.0,0.0,0.0,True
2017-09-07,32.5825,32.6625,32.5275,32.655,27.294544031247558,1220882,0.0,0.0,0.0,True
2017-09-08,32.5375,32.56030029296875,32.235,32.235,26.94348339241247,225135,0.0,0.0,0.0,True
2017-09-11,32.58,32.6525,32.46,32.65875,27.29768016232354,304902,0.0,0.0,0.0,True
2017-09-12,32.655,32.655,32.43,32.48125,27.149319082758765,192800,0.0,0.0,0.0,True
2017-09-13,32.292500000000004,32.429599609375,32.26,32.42875,27.105439825077127,142998,0.0,0.0,0.0,True
2017-09-14,32.2075,32.3,31.69659912109375,31.77,26.798342794507526,477066,0.29468,0.0,0.0,True
2017-09-15,31.745,31.745,31.31840087890625,31.400000000000002,26.486239523267244,199068,0.0,0.0,0.0,True
2017-09-18,31.8175,31.87,31.740000000000002,31.8225,26.84262660300817,48389,0.0,0.0,0.0,True
2017-09-19,31.7325,31.8625,31.715,31.7325,26.76670914503633,101012,0.0,0.0,0.0,True
2017-09-20,31.782500000000002,31.830000000000002,31.650000000000002,31.7075,26.745613168807534,114803,0.0,0.0,0.0,True
2017-09-21,31.8125,31.91,31.616201171875,31.65625,26.702383540226005,69783,0.0,0.0,0.0,True
2017-09-22,31.45,31.6175,31.33779052734375,31.52,26.587461425246754,152862,0.0,0.0,0.0,True
2017-09-25,31.2,31.39,31.099699707031252,31.16,26.283795719308227,52246,0.0,0.0,0.0,True
2017-09-26,31.1075,31.2930908203125,30.994299316406252,31.16125,26.284851962201746,47612,0.0,0.0,0.0,True
2017-09-27,31.150000000000002,31.6675,30.98,30.9825,26.134073289151594,917905,0.0,0.0,0.0,True
2017-09-28,30.985,31.002529296875,30.82452880859375,30.87,26.03918678155881,190877,0.0,0.0,0.0,True
2017-09-29,31.085,31.405,31.085,31.375,26.465153861910444,299224,0.0,0.0,0.0,True
2017-10-02,31.51,31.83548095703125,31.51,31.75,26.781473852827204,182626,0.0,0.0,0.0,True
2017-10-03,31.94,32.2175,31.938200683593752,32.21125,27.17054051006084,241920,0.0,0.0,0.0,True
2017-10-04,32.2625,32.32610107421875,32.2,32.245,27.199009556800284,103291,0.0,0.0,0.0,True
2017-10-05,32.3525,32.815,32.3525,32.83,27.692454466847565,48343,0.0,0.0,0.0,True
2017-10-06,32.8875,32.9625,32.68,32.795,27.662935366137816,285998,0.0,0.0,0.0,True
2017-10-09,32.64,32.65800048828125,32.45,32.55,27.45628309439992,1066972,0.0,0.0,0.0,True
2017-10-10,32.6475,32.81,32.6076806640625,32.6925,27.576476108974784,73082,0.0,0.0,0.0,True
2017-10-11,32.8425,32.8827490234375,32.7369091796875,32.8,27.667152085814305,879654,0.0,0.0,0.0,True
2017-10-12,32.8775,33.14,32.8427490234375,33.08,27.903346150980354,425400,0.0,0.0,0.0,True
2017-10-13,32.722500000000004,32.980000000000004,32.72,32.980000000000004,27.818989064732357,42877,0.0,0.0,0.0,True
2017-10-16,33.01,33.135,32.9325,33.05875,27.885416840457715,454492,0.0,0.0,0.0,True
2017-10-17,32.995,33.155,32.965,33.0675,27.89279403691714,91603,0.0,0.0,0.0,True
2017-10-18,33.1,33.19261962890625,33.065,33.08625,27.908606735703945,261649,0.0,0.0,0.0,True
2017-10-19,32.76,32.94824951171875,32.67179931640625,32.73125,27.60917012728831,133794,0.0,0.0,0.0,True
2017-10-20,33.04,33.13550048828125,32.87510986328125,32.92375,27.771534464576767,115733,0.0,0.0,0.0,True
2017-10-23,32.8775,32.96610107421875,32.6925,32.71375,27.594407482471826,312575,0.0,0.0,0.0,True
2017-10-24,32.7075,32.9227392578125,32.6772998046875,32.92125,27.769428167712928,96152,0.0,0.0,0.0,True
2017-10-25,32.93,32.95693115234375,32.255,32.30625,27.250672624734758,700772,0.0,0.0,0.0,True
2017-10-26,32.38,32.6825,32.37114013671875,32.6075,27.504777433653835,93905,0.0,0.0,0.0,True
2017-10-27,32.79,32.85,32.6725,32.8575,27.71565880291462,229338,0.0,0.0,0.0,True
2017-10-30,32.855000000000004,32.855000000000004,32.57,32.57,27.47314584715704,148159,0.0,0.0,0.0,True
2017-10-31,32.7675,32.8,32.62389892578125,32.665,27.553286213728555,144586,0.0,0.0,0.0,True
2017-11-01,32.8825,33.08590087890625,32.88,32.99875,27.834805889467958,279111,0.0,0.0,0.0,True
2017-11-02,32.9375,33.398798828125,32.923701171875,33.41625,28.18696593466039,107551,0.0,0.0,0.0,True
2017-11-03,33.417500000000004,33.48320068359375,33.13489990234375,33.27875,28.07099376571081,15753,0.0,0.0,0.0,True
2017-11-06,33.295,33.4314990234375,33.242548828125,33.3625,28.14163207218944,74275,0.0,0.0,0.0,True
2017-11-07,33.5075,33.5075,33.26657958984375,33.292500000000004,28.08258149292354,39694,0.0,0.0,0.0,True
2017-11-08,33.345,33.47,33.33159912109375,33.47125,28.233366354896884,474250,0.0,0.0,0.0,True
2017-11-09,33.4225,33.5725,33.222500000000004,33.222500000000004,28.023543291504023,103138,0.0,0.0,0.0,True
2017-11-10,33.31,33.317080078125,32.845,32.9025,27.753615468926135,122853,0.0,0.0,0.0,True
2017-11-13,33.205,33.2675,33.03639892578125,33.14,27.953944724123698,240540,0.0,0.0,0.0,True
2017-11-14,33.1,33.18070068359375,32.86554931640625,32.875,27.73042557367989,86913,0.0,0.0,0.0,True
2017-11-15,32.597500000000004,35.20340087890625,32.46,32.6325,27.525869283933847,339606,0.0,0.0,0.0,True
2017-11-16,32.97,33.14,32.908701171875,33.11125,27.929696523009547,43904,0.0,0.0,0.0,True
2017-11-17,33.13,33.32,32.9925,33.2575,28.05305620329056,52066,0.0,0.0,0.0,True
2017-11-20,33.2,33.2825,33.1925,33.275,28.067829162979056,35529,0.0,0.0,0.0,True
2017-11-21,33.5375,33.87,33.53,33.8625,28.563390684762194,79565,0.0,0.0,0.0,True
2017-11-22,33.7525,33.89,33.665,33.665,28.396786935078836,27572,0.0,0.0,0.0,True
2017-11-23,33.417500000000004,33.6075,33.417500000000004,33.57625,28.32193190892375,145400,0.0,0.0,0.0,True
2017-11-24,33.5725,33.615,33.480000000000004,33.55375,28.30295254443078,1480062,0.0,0.0,0.0,True
2017-11-27,33.2125,33.275,33.1425,33.1425,27.956053083961937,249379,0.0,0.0,0.0,True
2017-11-28,33.26,33.565,33.26,33.58125,28.326148628600226,40335,0.0,0.0,0.0,True
2017-11-29,33.1175,33.14,32.61,32.6325,27.525869283933847,85833,0.0,0.0,0.0,True
2017-11-30,32.3875,32.52,32.145,32.26,27.2116617788041,343666,0.0,0.0,0.0,True
2017-12-01,31.995,32.12,31.835,31.8525,26.867939298913445,317652,0.0,0.0,0.0,True
2017-12-04,32.2775,32.3725,32.0375,32.15,27.118871253203167,328556,0.0,0.0,0.0,True
2017-12-05,32.2525,32.315,32.1325,32.24,27.19478458522619,1088564,0.0,0.0,0.0,True
2017-12-06,31.675,31.8325,31.650000000000002,31.6675,26.711875285446897,201176,0.0,0.0,0.0,True
2017-12-07,31.86,31.86,31.7175,31.8325,26.85105385343791,303005,0.0,0.0,0.0,True
2017-12-08,31.837500000000002,32.19,31.825,32.1775,27.142071463321404,130002,0.0,0.0,0.0,True
2017-12-11,32.3975,32.49,32.375,32.445,27.36771341442426,54594,0.0,0.0,0.0,True
2017-12-12,32.2475,32.2775,32.160000000000004,32.23625,27.191619982494444,91708,0.0,0.0,0.0,True
2017-12-13,32.4575,32.56324951171875,32.355000000000004,32.5525,27.458389391263772,99570,0.0,0.0,0.0,True
2017-12-14,32.292500000000004,32.44,32.26,32.325,27.29047172994842,181735,0.028604999000000002,0.0,0.0,True
2017-12-15,32.035000000000004,32.515,32.02,32.515,27.450873447373805,69685,0.0,0.0,0.0,True
2017-12-18,32.5675,32.77,32.5675,32.77,27.666160901461367,126200,0.0,0.0,0.0,True
2017-12-19,32.792500000000004,32.815,32.6425,32.7075,27.613399813923607,70788,0.0,0.0,0.0,True
2017-12-20,32.667500000000004,32.667500000000004,32.6075,32.62125,27.54058360787709,39564,0.0,0.0,0.0,True
2017-12-21,32.7125,32.915,32.7125,32.8875,27.765364877974456,61445,0.0,0.0,0.0,True
2017-12-22,32.917500000000004,32.9625,32.895,32.915,27.788572901452113,235104,0.0,0.0,0.0,True
2017-12-27,33.4275,33.4275,32.9125,33.09,27.936317574044942,153103,0.0,0.0,0.0,True
2017-12-28,33.09,33.2425,33.09,33.20875,28.036582842734862,126006,0.0,0.0,0.0,True
2017-12-29,33.18,33.2725,33.18,33.255,28.07561939895092,171266,0.0,0.0,0.0,True
2018-01-02,33.44,33.58,33.44,33.475,28.261366177603,67110,0.0,0.0,0.0,True
2018-01-03,33.7,34.1025,33.67,34.0,28.70459606583992,234443,0.0,0.0,0.0,True
2018-01-04,34.04,34.235,34.04,34.0575,28.75313882669042,195576,0.0,0.0,0.0,True
2018-01-05,34.22,34.43,34.1925,34.3825,29.027520020273574,1271162,0.0,0.0,0.0,True
2018-01-08,34.480000000000004,34.555,34.425000000000004,34.44625,29.081334140905067,194737,0.0,0.0,0.0,True
2018-01-09,34.53,34.555,34.480000000000004,34.535000000000004,29.156264672222132,130737,0.0,0.0,0.0,True
2018-01-10,34.4525,34.4675,34.165,34.300000000000004,28.957869107820585,22620,0.0,0.0,0.0,True
2018-01-11,34.28,34.42,34.2775,34.28125,28.942032315999086,34018,0.0,0.0,0.0,True
2018-01-12,34.4975,34.4975,34.2125,34.35,29.00008128148403,119503,0.0,0.0,0.0,True
2018-01-15,34.14,34.14,33.980000000000004,34.03,28.72991634981737,92797,0.0,0.0,0.0,True
2018-01-16,34.3975,34.51,34.31,34.37,29.016964912086948,112083,0.0,0.0,0.0,True
2018-01-17,34.335,34.375,34.28,34.3225,28.976864998923283,385638,0.0,0.0,0.0,True
2018-01-18,34.43,34.43,34.225,34.22875,28.897720270460486,147644,0.0,0.0,0.0,True
2018-01-19,34.37,34.595,34.37,34.5875,29.2005953006977,41144,0.0,0.0,0.0,True
2018-01-22,34.545,34.585,34.4775,34.485,29.114058692871023,46336,0.0,0.0,0.0,True
2018-01-23,34.7525,34.800000000000004,34.5275,34.71,29.304011409585733,132876,0.0,0.0,0.0,True
2018-01-24,34.605000000000004,34.615,34.355000000000004,34.34,28.991646692880266,141890,0.0,0.0,0.0,True
2018-01-25,34.25,34.47,34.195,34.47125,29.102446422049102,82182,0.0,0.0,0.0,True
2018-01-26,34.565,34.910000000000004,34.5475,34.92125,29.4823621793324,276841,0.0,0.0,0.0,True
2018-01-29,34.92,34.9325,34.77,34.90625,29.469694810646,59180,0.0,0.0,0.0,True
2018-01-30,34.5575,34.5575,34.025,34.115,28.80167952277013,81749,0.0,0.0,0.0,True
2018-01-31,34.275,34.542500000000004,34.2,34.21,28.881883478639,143701,0.0,0.0,0.0,True
2018-02-01,34.1625,34.1625,33.81,33.85,28.577955415308043,96685,0.0,0.0,0.0,True
2018-02-02,33.7075,33.7075,33.26,33.41375,28.209647799305106,212659,0.0,0.0,0.0,True
2018-02-05,33.1175,33.5,33.1175,33.39125,28.19066016728551,293600,0.0,0.0,0.0,True
2018-02-06,32.255,33.1375,32.1825,32.792500000000004,27.685158857334855,326949,0.0,0.0,0.0,True
2018-02-07,32.5925,33.21,32.542500000000004,33.160000000000004,27.995419572623607,182502,0.0,0.0,0.0,True
2018-02-08,32.635,32.6925,31.8825,31.92,26.948547754870525,205834,0.0,0.0,0.0,True
2018-02-09,31.650000000000002,32.17,31.62,31.7025,26.7649214958013,271739,0.0,0.0,0.0,True
2018-02-12,32.275,32.6225,32.275,32.4025,27.355893991860277,217970,0.0,0.0,0.0,True
2018-02-13,32.45,32.655,32.3675,32.55,27.480432705746228,279307,0.0,0.0,0.0,True
2018-02-14,32.945,33.0675,32.5175,32.83,27.716811793270107,193540,0.0,0.0,0.0,True
2018-02-15,33.3525,33.6525,33.335,33.49,28.27402735197712,81968,0.0,0.0,0.0,True
2018-02-16,33.695,33.8325,33.62,33.8025,28.53785343737362,57744,0.0,0.0,0.0,True
2018-02-19,33.4475,33.72,33.4475,33.465,28.25291713560385,33820,0.0,0.0,0.0,True
2018-02-20,33.295,33.295,33.0,33.285000000000004,28.100954136323757,30064,0.0,0.0,0.0,True
2018-02-21,33.62,33.7725,33.52,33.8125,28.546294220289695,284405,0.0,0.0,0.0,True
2018-02-22,33.405,33.68,33.3775,33.695,28.447098502859685,149509,0.0,0.0,0.0,True
2018-02-23,33.7,33.75,33.5725,33.71,28.459761742004574,31857,0.0,0.0,0.0,True
2018-02-26,33.792500000000004,34.0725,33.792500000000004,34.0675,28.761581674377275,77600,0.0,0.0,0.0,True
2018-02-27,33.8175,33.9625,33.685,33.6575,28.415443502153643,77672,0.0,0.0,0.0,True
2018-02-28,33.385,33.715,33.3575,33.4625,28.250809004645607,122788,0.0,0.0,0.0,True
2018-03-01,33.74,33.74,33.475,33.667500000000004,28.423871896445085,42771,0.0,0.0,0.0,True
2018-03-02,33.2825,33.375,32.71,32.9375,27.80757085732559,291881,0.0,0.0,0.0,True
2018-03-05,32.8875,33.09,32.875,33.1175,27.959535921376443,35916,0.0,0.0,0.0,True
2018-03-06,33.55,33.6125,33.395,33.395,28.193823396108264,88965,0.0,0.0,0.0,True
2018-03-07,33.1725,33.29,33.0675,33.2675,28.08617450713755,256661,0.0,0.0,0.0,True
2018-03-08,33.410000000000004,33.59,33.39,33.5725,28.34367413488856,69971,0.0,0.0,0.0,True
2018-03-09,33.715,34.02,33.64,34.02,28.72147763167206,46783,0.0,0.0,0.0,True
2018-03-12,34.2475,34.29,34.04,34.1575,28.837565238788077,54854,0.0,0.0,0.0,True
2018-03-13,34.2025,34.255,33.895,33.8125,28.546294220289695,131179,0.0,0.0,0.0,True
2018-03-14,33.9925,34.055,33.735,33.7425,28.487190156940255,61606,0.0,0.0,0.0,True
2018-03-15,33.8975,33.9125,33.69,33.79125,28.52896666397079,87411,0.072058997,0.0,0.0,True
2018-03-16,33.675,33.76,33.5875,33.695,28.44770554546667,44599,0.0,0.0,0.0,True
2018-03-19,33.3825,33.3825,32.97,32.97,27.835608379639027,203798,0.0,0.0,0.0,True
2018-03-20,33.2575,33.5075,33.2175,33.511250000000004,28.29256486396841,150816,0.0,0.0,0.0,True
2018-03-21,33.3675,33.3825,33.155,33.33875,28.146928322333856,204601,0.0,0.0,0.0,True
2018-03-22,32.917500000000004,32.9675,32.3775,32.58625,27.511619003487002,133057,0.0,0.0,0.0,True
2018-03-23,32.215,32.295,31.925,31.9775,26.997668651537193,31542,0.0,0.0,0.0,True
2018-03-26,32.255,32.33,31.8625,31.907500000000002,26.938566652958517,201309,0.0,0.0,0.0,True
2018-03-27,32.545,32.75,32.4875,32.515,27.451457777502288,90291,0.0,0.0,0.0,True
2018-03-28,31.7725,32.055,31.71,31.84375,26.88475046755625,127206,0.0,0.0,0.0,True
2018-03-29,32.165,32.6025,32.1325,32.485,27.426133363983315,204451,0.0,0.0,0.0,True
2018-04-03,32.2875,32.472500000000004,32.24,32.31375,27.28155811452555,572113,0.0,0.0,0.0,True
2018-04-04,31.965,31.990000000000002,31.4175,31.990000000000002,27.008223759723823,91499,0.0,0.0,0.0,True
2018-04-05,32.4575,32.8325,32.4375,32.8325,27.719512513439923,198653,0.0,0.0,0.0,True
2018-04-06,32.2475,32.2475,31.970000000000002,31.9825,27.001893172536764,63969,0.0,0.0,0.0,True
2018-04-09,32.17,32.17,31.75,32.00125,27.017721705275164,101381,0.0,0.0,0.0,True
2018-04-10,32.2075,32.2075,32.0675,32.165,27.155970497087417,87548,0.0,0.0,0.0,True
2018-04-11,32.04,32.1475,32.0075,32.1475,27.141192932671977,62029,0.0,0.0,0.0,True
2018-04-12,32.05,32.22,32.045,32.160000000000004,27.15174804085861,94937,0.0,0.0,0.0,True
2018-04-13,32.0,32.05,31.75,31.81125,26.85730346968361,66136,0.0,0.0,0.0,True
2018-04-16,31.63,31.63,31.5,31.53375,26.62303044834721,51732,0.0,0.0,0.0,True
2018-04-17,31.305,31.7425,31.305,31.80375,26.85097494726734,101644,0.0,0.0,0.0,True
2018-04-18,31.82,32.0875,31.82,32.19375,27.180237747971116,41775,0.0,0.0,0.0,True
2018-04-19,32.3975,32.52,32.1,32.17,27.160192953316226,132072,0.0,0.0,0.0,True
2018-04-20,32.3675,32.3675,32.05,32.1525,27.145413324130004,182199,0.0,0.0,0.0,True
2018-04-23,32.22,32.29,32.042500000000004,32.28625,27.258331508110953,27476,0.0,0.0,0.0,True
2018-04-24,32.2075,32.32,32.075,32.165,27.155970497087417,17048,0.0,0.0,0.0,True
2018-04-25,31.82,31.82,31.470000000000002,31.625,26.700071175393298,121787,0.0,0.0,0.0,True
2018-04-26,31.63,32.01,31.63,32.0,27.016666607410663,70952,0.0,0.0,0.0,True
2018-04-27,32.3525,32.635,32.3525,32.60125,27.524278113090347,41355,0.0,0.0,0.0,True
2018-04-30,32.8325,32.972500000000004,32.74,32.76375,27.661471807038087,58920,0.0,0.0,0.0,True
2018-05-01,32.56,32.61,32.33,32.45875,27.40397630882862,156444,0.0,0.0,0.0,True
2018-05-02,32.8275,32.8275,32.6425,32.71375,27.619263762916187,158921,0.0,0.0,0.0,True
2018-05-03,32.555,32.6325,32.135,32.1725,27.16230727858678,130413,0.0,0.0,0.0,True
2018-05-04,32.417500000000004,32.6125,32.3,32.59875,27.522167917361333,723978,0.0,0.0,0.0,True
2018-05-08,32.7,32.7,32.4475,32.52,27.455680233731098,115203,0.0,0.0,0.0,True
2018-05-09,32.667500000000004,32.78,32.445,32.4875,27.428247689253862,62634,0.0,0.0,0.0,True
2018-05-10,32.8075,33.4775,32.8075,33.4775,28.26407515685591,610096,0.0,0.0,0.0,True
2018-05-11,33.3325,33.4,33.28,33.285000000000004,28.101554984618435,46454,0.0,0.0,0.0,True
2018-05-14,33.3825,33.44,33.28,33.335,28.143763028740334,103022,0.0,0.0,0.0,True
2018-05-15,33.045,33.045,32.68,32.7725,27.668865751172728,93226,0.0,0.0,0.0,True
2018-05-16,32.8775,33.195,32.8725,33.1425,27.981240791732073,45336,0.0,0.0,0.0,True
2018-05-17,32.9125,32.97,32.8025,32.845,27.730075880709634,55226,0.0,0.0,0.0,True
2018-05-18,32.81,32.84,32.4375,32.5025,27.44090886362797,258120,0.0,0.0,0.0,True
2018-05-21,32.92,32.92,32.76,32.76,27.658308578215323,68367,0.0,0.0,0.0,True
2018-05-22,32.8325,32.9975,32.8325,32.99,27.85249613978349,42042,0.0,0.0,0.0,True
2018-05-23,32.69,32.8725,32.665,32.86,27.74274118462531,196565,0.0,0.0,0.0,True
2018-05-24,32.875,32.9075,32.505,32.65,27.565437253660054,248422,0.0,0.0,0.0,True
2018-05-25,32.9275,33.1075,32.92,33.1075,27.951693921984266,112879,0.0,0.0,0.0,True
2018-05-29,32.8025,32.835,32.6425,32.72,27.624537187467954,162094,0.0,0.0,0.0,True
2018-05-30,32.365,32.52,32.3425,32.52,27.455680233731098,449195,0.0,0.0,0.0,True
2018-05-31,32.6775,32.6775,32.455,32.555,27.485237427332752,349824,0.0,0.0,0.0,True
2018-06-01,32.8875,32.995,32.79,32.8025,27.69418809992094,173248,0.0,0.0,0.0,True
2018-06-04,33.12,33.36,33.12,33.37625,28.17859158212298,75923,0.0,0.0,0.0,True
2018-06-05,33.29,33.32,33.085,33.08625,27.9337510639753,24904,0.0,0.0,0.0,True
2018-06-06,33.1125,33.230000000000004,33.0325,33.1925,28.023450900624734,84590,0.0,0.0,0.0,True
2018-06-07,33.27,33.355000000000004,32.9825,32.9825,27.846163487825656,91427,0.0,0.0,0.0,True
2018-06-08,32.67,32.7725,32.445,32.75,27.649869860070023,137662,0.0,0.0,0.0,True
2018-06-11,32.9375,33.0025,32.88,32.925,27.797610403121304,130320,0.0,0.0,0.0,True
2018-06-12,32.985,33.01,32.8825,32.8625,27.744851380354312,46551,0.0,0.0,0.0,True
2018-06-13,32.875,32.9875,32.775,32.86625,27.74801667394784,60726,0.0,0.0,0.0,True
2018-06-14,32.285000000000004,32.7075,32.18,32.58625,27.608208511183182,45839,0.114983,0.0,0.0,True
2018-06-15,32.53,32.53,32.035000000000004,32.02125,27.129520279582813,178004,0.0,0.0,0.0,True
2018-06-18,32.13,32.13,31.77,31.837500000000002,26.973840365207987,187822,0.0,0.0,0.0,True
2018-06-19,31.372500000000002,31.6975,31.3675,31.665,26.82768933708375,545192,0.0,0.0,0.0,True
2018-06-20,32.0275,32.08,31.892500000000002,31.895,27.022555993284435,335502,0.0,0.0,0.0,True
2018-06-21,31.782500000000002,31.7925,31.2925,31.3575,26.5671709544782,85301,0.0,0.0,0.0,True
2018-06-22,31.552500000000002,31.645,31.517500000000002,31.55375,26.733438520242554,14107,0.0,0.0,0.0,True
2018-06-25,31.39,31.39,30.907500000000002,30.907500000000002,26.185905691241,83115,0.0,0.0,0.0,True
2018-06-26,31.225,31.225,31.055,31.07,26.323586598253616,86603,0.0,0.0,0.0,True
2018-06-27,30.98,31.19,30.765,30.95625,26.227222395029386,136831,0.0,0.0,0.0,True
2018-06-28,30.7775,30.8775,30.685000000000002,30.87125,26.15520564610622,31498,0.0,0.0,0.0,True
2018-06-29,31.475,31.475,31.295,31.372500000000002,26.579878208093085,78185,0.0,0.0,0.0,True
2018-07-02,30.8825,31.052500000000002,30.805,30.9425,26.21556769071116,68475,0.0,0.0,0.0,True
2018-07-03,31.1375,31.1975,31.0425,31.142500000000002,26.385007407997513,39901,0.0,0.0,0.0,True
2018-07-04,30.88,30.965,30.845000000000002,30.88,26.162617002078896,35777,0.0,0.0,0.0,True
2018-07-05,30.84,31.017500000000002,30.740000000000002,30.8325,26.122363207324334,58535,0.0,0.0,0.0,True
2018-07-06,30.9375,31.1375,30.8,31.126250000000002,26.371243461191124,100513,0.0,0.0,0.0,True
2018-07-09,31.38,31.6625,31.345000000000002,31.64875,26.813919174435053,111478,0.0,0.0,0.0,True
2018-07-10,31.552500000000002,31.61,31.4375,31.485,26.67518986202065,53702,0.0,0.0,0.0,True
2018-07-11,31.0575,31.282500000000002,31.055,31.16375,26.403018847044336,174709,0.0,0.0,0.0,True
2018-07-12,31.42,31.51,31.385,31.51125,26.69743014578098,120230,0.0,0.0,0.0,True
2018-07-13,31.68,31.68,31.53,31.587500000000002,26.762025178994296,128597,0.0,0.0,0.0,True
2018-07-16,31.42,31.46673095703125,31.2575,31.297451171875,26.516292213280284,7468,0.0,0.0,0.0,True
2018-07-17,31.235,31.675,31.1652490234375,31.675,26.836167745985104,142546,0.0,0.0,0.0,True
2018-07-18,31.782500000000002,31.855,31.740000000000002,31.83625,26.972779528121595,92201,0.0,0.0,0.0,True
2018-07-19,31.6725,31.7175,31.552500000000002,31.6825,26.842518264871394,74284,0.0,0.0,0.0,True
2018-07-20,31.892500000000002,31.96,31.79,31.9175,27.04162205357534,34837,0.0,0.0,0.0,True
2018-07-23,31.720000000000002,31.720000000000002,31.6325,31.673750000000002,26.835106908898716,227641,0.0,0.0,0.0,True
2018-07-24,31.9375,32.195,31.9375,32.1275,27.2195381078156,155115,0.0,0.0,0.0,True
2018-07-25,32.05,32.2425,32.05,32.24125,27.315912670777,36828,0.0,0.0,0.0,True
2018-07-26,32.0725,32.347500000000004,32.0725,32.325,27.386866510666348,50212,0.0,0.0,0.0,True
2018-07-27,32.445,32.542500000000004,32.4425,32.47,27.50971641794388,69223,0.0,0.0,0.0,True
2018-07-30,32.3225,32.435,32.255,32.26875,27.339215863571155,109845,0.0,0.0,0.0,True
2018-07-31,32.12,32.3925,32.12,32.36375,27.41969651776364,106329,0.0,0.0,0.0,True
2018-08-01,32.2075,32.33,32.15,32.275,27.34450347342362,94468,0.0,0.0,0.0,True
2018-08-02,31.77,31.855,31.4425,31.8425,26.978079569658668,81757,0.0,0.0,0.0,True
2018-08-03,31.970000000000002,32.27,31.965,32.27625,27.34556016661513,237791,0.0,0.0,0.0,True
2018-08-06,32.1275,32.315,32.1275,32.222500000000004,27.300027049797844,20176,0.0,0.0,0.0,True
2018-08-07,32.435,32.667500000000004,32.435,32.62125,27.637862222863614,93751,0.0,0.0,0.0,True
2018-08-08,32.5775,32.75,32.57,32.6475,27.660100434676494,33011,0.0,0.0,0.0,True
2018-08-09,32.7,32.7425,32.63,32.71875,27.720464551228886,44551,0.0,0.0,0.0,True
2018-08-10,32.44,32.4625,32.1175,32.160000000000004,27.247074289218144,86859,0.0,0.0,0.0,True
2018-08-13,31.75,31.86,31.62,31.7175,26.872176120446692,200574,0.0,0.0,0.0,True
2018-08-14,31.75,31.810000000000002,31.720000000000002,31.810000000000002,26.95053717241384,29451,0.0,0.0,0.0,True
2018-08-15,31.505,31.505,30.8825,30.94125,26.214508925572215,200678,0.0,0.0,0.0,True
2018-08-16,31.28,31.435000000000002,31.16,31.4425,26.639185631453945,112763,0.0,0.0,0.0,True
2018-08-17,31.3075,31.345000000000002,31.045,31.165,26.404077612183265,64414,0.0,0.0,0.0,True
2018-08-20,31.52,31.63,31.43,31.515,26.700608513145266,72443,0.0,0.0,0.0,True
2018-08-21,31.625,31.7425,31.625,31.688750000000002,26.84781209056615,101215,0.0,0.0,0.0,True
2018-08-22,31.657500000000002,31.767500000000002,31.580000000000002,31.7875,26.931479399912686,35427,0.0,0.0,0.0,True
2018-08-23,31.73,31.96,31.69,31.71875,26.87323695753308,87097,0.0,0.0,0.0,True
2018-08-24,31.6975,32.025,31.6975,31.990000000000002,27.103047007214105,93999,0.0,0.0,0.0,True
2018-08-28,32.4075,32.480000000000004,32.39,32.43125,27.47688848279403,166501,0.0,0.0,0.0,True
2018-08-29,32.3675,32.37,32.105000000000004,32.1475,27.23648249393373,74009,0.0,0.0,0.0,True
2018-08-30,31.975,31.975,31.470000000000002,31.46875,26.661419699371965,121001,0.0,0.0,0.0,True
2018-08-31,31.385,31.7225,31.330000000000002,31.4225,26.622241245335815,48231,0.0,0.0,0.0,True
2018-09-03,31.6325,31.7875,31.6325,31.70375,26.860519344181036,77676,0.0,0.0,0.0,True
2018-09-04,31.8175,31.8175,31.3575,31.39125,26.595759685177374,84399,0.0,0.0,0.0,True
2018-09-05,30.9475,30.990000000000002,30.57,30.7075,26.016468045902098,290073,0.0,0.0,0.0,True
2018-09-06,30.6,30.810000000000002,30.5475,30.605,25.929626513086138,182465,0.0,0.0,0.0,True
2018-09-07,30.75,30.78,30.5475,30.68625,25.99846282269758,104845,0.0,0.0,0.0,True
2018-09-10,30.455000000000002,30.57,30.12,30.14,25.535656068181506,171865,0.0,0.0,0.0,True
2018-09-11,30.045,30.045,29.740000000000002,29.99875,25.415992816058,193929,0.0,0.0,0.0,True
2018-09-12,29.9675,30.330000000000002,29.905,30.3,25.671217372968783,239370,0.0,0.0,0.0,True
2018-09-13,30.1475,30.2775,30.04,30.083750000000002,25.752748750016274,105281,0.31149302,0.0,0.0,True
2018-09-14,30.2875,30.37,30.215,30.3625,25.991373382832172,146318,0.0,0.0,0.0,True
2018-09-17,29.94,29.94,29.7825,29.8875,25.58475049430862,186592,0.0,0.0,0.0,True
2018-09-18,29.89,30.0725,29.8825,30.0425,25.717435561462153,184813,0.0,0.0,0.0,True
2018-09-19,30.17,30.41,30.07,30.403750000000002,26.026674011864593,250625,0.0,0.0,0.0,True
2018-09-20,30.3425,30.3975,30.2725,30.3975,26.021323655614175,158572,0.0,0.0,0.0,True
2018-09-21,30.685000000000002,31.0925,30.66,31.0925,26.616268199233193,349530,0.0,0.0,0.0,True
2018-09-24,30.5775,30.5975,30.4525,30.583750000000002,26.18076259727337,93720,0.0,0.0,0.0,True
2018-09-25,30.525000000000002,30.6375,30.44,30.622500000000002,26.213942760389635,49214,0.0,0.0,0.0,True
2018-09-26,30.69,30.8275,30.62,30.8075,26.372301583181365,179823,0.0,0.0,0.0,True
2018-09-27,30.7425,31.035,30.7425,31.032500000000002,26.564912314942323,186140,0.0,0.0,0.0,True
2018-09-28,30.91,31.11,30.7975,31.063750000000002,26.59166200294074,50148,0.0,0.0,0.0,True
2018-10-01,31.080000000000002,31.1175,30.94,31.05375,26.583104782145874,87958,0.0,0.0,0.0,True
2018-10-02,30.5625,30.810000000000002,30.4375,30.82375,26.38621125348024,79272,0.0,0.0,0.0,True
2018-10-03,30.7875,30.900000000000002,30.7275,30.7275,26.30381660452544,25803,0.0,0.0,0.0,True
2018-10-04,30.045,30.1325,29.73,29.725,25.445645418305332,154751,0.0,0.0,0.0,True
2018-10-05,29.6925,29.6925,29.2525,29.2525,25.04117020799496,242987,0.0,0.0,0.0,True
2018-10-08,29.3275,29.4025,29.255,29.2875,25.071126760537815,121747,0.0,0.0,0.0,True
2018-10-09,29.3575,29.3575,29.115000000000002,29.245,25.03475019914519,70705,0.0,0.0,0.0,True
2018-10-10,29.1575,29.1575,28.4925,28.497500000000002,24.39486559357785,62854,0.0,0.0,0.0,True
2018-10-11,27.84,28.25,27.6725,27.9825,23.954003355606766,94551,0.0,0.0,0.0,True
2018-10-12,28.4675,28.7875,28.427500000000002,28.7425,24.604586580421298,322688,0.0,0.0,0.0,True
2018-10-15,28.5925,28.695,28.385,28.6825,24.553224416369588,295544,0.0,0.0,0.0,True
2018-10-16,28.5625,28.9675,28.552500000000002,28.96875,24.79826696478162,59773,0.0,0.0,0.0,True
2018-10-17,29.135,29.2,28.775000000000002,28.9675,24.79719521892865,115055,0.0,0.0,0.0,True
2018-10-18,28.6325,28.755,28.5425,28.51875,24.41305387427417,67853,0.0,0.0,0.0,True
2018-10-19,28.767500000000002,28.962500000000002,28.695,28.72125,24.58640039297861,173556,0.0,0.0,0.0,True
2018-10-22,29.01,29.247500000000002,29.01,29.05875,24.875313350739628,48610,0.0,0.0,0.0,True
2018-10-23,28.425,28.4925,28.2225,28.462500000000002,24.364898574766908,113330,0.0,0.0,0.0,True
2018-10-24,28.57,28.815,28.3625,28.35875,24.276088103469583,81228,0.0,0.0,0.0,True
2018-10-25,28.035,28.6875,28.035,28.75625,24.616363225282335,88316,0.0,0.0,0.0,True
2018-10-26,28.18,28.2575,27.98,28.1925,24.13376778990736,208607,0.0,0.0,0.0,True
2018-10-29,28.400000000000002,28.7425,28.17,28.19875,24.139122332665004,132763,0.0,0.0,0.0,True
2018-10-30,28.275000000000002,28.48,28.1525,28.475,24.375601380521335,198581,0.0,0.0,0.0,True
2018-10-31,28.9425,28.9725,28.8125,28.85625,24.70196683203518,117022,0.0,0.0,0.0,True
2018-11-01,28.855,29.3175,28.855,29.22,25.013346680889956,54438,0.0,0.0,0.0,True
2018-11-02,29.900000000000002,30.0325,29.625,29.63125,25.365396354310096,393282,0.0,0.0,0.0,True
2018-11-05,29.3325,29.6175,29.3325,29.497500000000002,25.250895381345643,88723,0.0,0.0,0.0,True
2018-11-06,29.3825,29.45,29.215,29.330000000000002,25.107509601691305,873060,0.0,0.0,0.0,True
2018-11-07,29.42,29.677500000000002,29.4175,29.565,25.308679647500743,630209,0.0,0.0,0.0,True
2018-11-08,29.6125,29.6175,29.3575,29.400000000000002,25.167433173045104,92910,0.0,0.0,0.0,True
2018-11-09,28.9675,28.9725,28.7025,28.855,24.700897179435838,78697,0.0,0.0,0.0,True
2018-11-12,29.2425,29.2425,28.7375,28.7375,24.60031424978473,122933,0.0,0.0,0.0,True
2018-11-13,29.16,29.2075,28.71,28.9125,24.750120038288838,84224,0.0,0.0,0.0,True
2018-11-14,28.650000000000002,29.1525,28.5825,28.7575,24.61743497113531,406151,0.0,0.0,0.0,True
2018-11-15,29.3,29.88,29.3,29.88,25.57833048545887,58589,0.0,0.0,0.0,True
2018-11-16,29.715,29.8225,29.575,29.7175,25.439225409455563,47246,0.0,0.0,0.0,True
2018-11-19,29.77,29.8575,29.5775,29.5975,25.33650317460575,13689,0.0,0.0,0.0,True
2018-11-20,29.3175,29.3525,29.052500000000002,29.1025,24.912757471478,85006,0.0,0.0,0.0,True
2018-11-21,29.385,29.75,29.3775,29.7275,25.44778681675766,300752,0.0,0.0,0.0,True
2018-11-22,29.5025,29.5025,29.2,29.2025,24.99836945124533,66452,0.0,0.0,0.0,True
2018-11-23,29.267500000000002,29.325,29.122500000000002,29.2875,25.071126760537815,71714,0.0,0.0,0.0,True
2018-11-26,29.552500000000002,29.71,29.47,29.60625,25.343990742801257,45191,0.0,0.0,0.0,True
2018-11-27,29.6075,29.837500000000002,29.5325,29.82625,25.532318677657553,41350,0.0,0.0,0.0,True
2018-11-28,30.017500000000002,30.025000000000002,29.835,29.990000000000002,25.67249759276745,51781,0.0,0.0,0.0,True
2018-11-29,30.1,30.365000000000002,30.1,30.31875,25.953918795825725,82403,0.0,0.0,0.0,True
2018-11-30,30.23,30.2525,30.07,30.1725,25.82872966988217,57328,0.0,0.0,0.0,True
2018-12-03,30.935000000000002,31.17,30.91,30.92875,26.47609765713777,333252,0.0,0.0,0.0,True
2018-12-04,30.905,30.9875,30.8125,30.895,26.447198197672556,930033,0.0,0.0,0.0,True
2018-12-05,30.605,30.605,30.46,30.44625,26.063061039525305,31154,0.0,0.0,0.0,True
2018-12-06,29.945,29.945,29.3525,29.34375,25.119282060045084,163807,0.0,0.0,0.0,True
2018-12-07,29.7375,30.1575,29.7375,29.841250000000002,25.545158695357085,144286,0.0,0.0,0.0,True
2018-12-10,29.560000000000002,29.605,29.365000000000002,29.43,25.19311530169778,182627,0.0,0.0,0.0,True
2018-12-11,29.7075,30.02,29.622500000000002,29.9325,25.623276827168066,55926,0.0,0.0,0.0,True
2018-12-12,30.247500000000002,30.41,30.225,30.29,25.929297946757934,99137,0.0,0.0,0.0,True
2018-12-13,30.1825,30.2325,30.1375,30.173750000000002,25.830343568422492,37847,0.063877,0.0,0.0,True
2018-12-14,29.75,30.11,29.7175,30.0775,25.747942639706835,123874,0.0,0.0,0.0,True
2018-12-17,29.88,29.9325,29.587500000000002,29.868750000000002,25.56923739173751,38382,0.0,0.0,0.0,True
2018-12-18,29.5725,29.63,29.485,29.5575,25.30279341832385,107191,0.0,0.0,0.0,True
2018-12-19,29.59,29.79,29.59,29.745,25.463302012582385,79868,0.0,0.0,0.0,True
2018-12-20,29.267500000000002,29.475,29.2175,29.330000000000002,25.1080371016033,792827,0.0,0.0,0.0,True
2018-12-21,29.26,29.497500000000002,29.175,29.3125,25.09306405846593,19833,0.0,0.0,0.0,True
2018-12-24,29.1075,29.1375,28.8825,28.91375,24.75171300429297,20087,0.0,0.0,0.0,True
2018-12-27,28.98,29.315,28.98,29.10875,24.918635327640406,50216,0.0,0.0,0.0,True
2018-12-28,29.3525,29.5475,29.3525,29.45,25.21076352296037,65953,0.0,0.0,0.0,True
2018-12-31,29.6325,29.6325,29.560000000000002,29.5225,25.27283267927374,17690,0.0,0.0,0.0,True
2019-01-02,28.900000000000002,29.650000000000002,28.565,29.618750000000002,25.355225234974924,190310,0.0,0.0,0.0,True
2019-01-03,29.240000000000002,29.3975,29.1625,29.11375,24.92291603129146,17871,0.0,0.0,0.0,True
2019-01-04,29.365000000000002,29.7775,29.365000000000002,29.69125,25.41728811152746,39207,0.0,0.0,0.0,True
2019-01-07,29.7275,29.7525,29.51,29.64,25.373413515671235,98378,0.0,0.0,0.0,True
2019-01-08,29.5225,29.855,29.5225,29.6575,25.388399118330337,87120,0.0,0.0,0.0,True
2019-01-09,30.065,30.365000000000002,30.065,30.33875,25.971585856370876,287146,0.0,0.0,0.0,True
2019-01-10,30.1725,30.41,30.1725,30.38875,26.014384519866883,30161,0.0,0.0,0.0,True
2019-01-11,30.622500000000002,30.622500000000002,30.2175,30.267500000000002,25.91059263241771,29530,0.0,0.0,0.0,True
2019-01-14,29.82,29.9075,29.8125,29.8625,25.563889128740726,59353,0.0,0.0,0.0,True
2019-01-15,30.2525,30.462500000000002,30.1375,30.4375,26.056126090285247,61557,0.0,0.0,0.0,True
2019-01-16,30.305,30.517500000000002,30.295,30.552500000000002,26.15456134172317,9920,0.0,0.0,0.0,True
2019-01-17,30.310000000000002,30.325,30.16,30.2925,25.931987777658478,965166,0.0,0.0,0.0,True
2019-01-18,30.2875,30.77,30.2875,30.7175,26.29581409593964,261113,0.0,0.0,0.0,True
2019-01-21,30.7025,30.7025,30.585,30.57875,26.177030326070525,7529,0.0,0.0,0.0,True
2019-01-22,30.3675,30.375,30.18,30.1925,25.84638417090562,23614,0.0,0.0,0.0,True
2019-01-23,30.11,30.165,29.895,29.9175,25.61096849588778,76328,0.0,0.0,0.0,True
2019-01-24,30.1275,30.335,30.0325,30.330000000000002,25.9640899151609,54153,0.0,0.0,0.0,True
2019-01-25,30.4925,30.55,30.465,30.46375,26.07858879487175,36834,0.0,0.0,0.0,True
2019-01-28,30.18,30.2425,29.985,30.1175,25.782184082407987,1226183,0.0,0.0,0.0,True
2019-01-29,30.1725,30.3075,30.1625,30.215,25.865646290708522,147372,0.0,0.0,0.0,True
2019-01-30,30.545,30.595,30.4825,30.55875,26.15991379122719,512128,0.0,0.0,0.0,True
2019-01-31,30.84,31.0975,30.84,31.0625,26.59115124905767,529789,0.0,0.0,0.0,True
2019-02-01,31.0225,31.205000000000002,30.965,31.1125,26.633960378821776,127503,0.0,0.0,0.0,True
2019-02-04,31.055,31.18,31.055,31.2625,26.762362649070646,61674,0.0,0.0,0.0,True
2019-02-05,31.25,31.825,31.25,31.8175,27.237474702757346,20717,0.0,0.0,0.0,True
2019-02-06,31.765,31.82,31.6525,31.6525,27.09622404179448,223469,0.0,0.0,0.0,True
2019-02-07,31.34,31.34,30.9225,30.9225,26.471306199603664,719096,0.0,0.0,0.0,True
2019-02-08,30.9175,30.9575,30.8125,30.85,26.409245416304753,64241,0.0,0.0,0.0,True
2019-02-11,31.220000000000002,31.220000000000002,31.1475,31.1975,26.70671978136787,28023,0.0,0.0,0.0,True
2019-02-12,31.2375,31.42,31.2375,31.3425,26.830845534472942,17829,0.0,0.0,0.0,True
2019-02-13,31.37,31.3825,31.212500000000002,31.173750000000002,26.68639219547285,36995,0.0,0.0,0.0,True
2019-02-14,31.27,31.330000000000002,31.115000000000002,31.1875,26.698160467319397,117080,0.0,0.0,0.0,True
2019-02-15,31.0775,31.2775,31.0775,31.1925,26.70244117097045,19243,0.0,0.0,0.0,True
2019-02-18,31.19,31.19,31.04,31.07125,26.598643003760415,40427,0.0,0.0,0.0,True
2019-02-19,30.9675,30.9675,30.782500000000002,30.84875,26.408173670451763,81583,0.0,0.0,0.0,True
2019-02-20,31.025000000000002,31.21,31.025000000000002,31.2,26.708859086566587,79904,0.0,0.0,0.0,True
2019-02-21,31.14,31.14,30.9225,30.91625,26.465955843353257,31610,0.0,0.0,0.0,True
2019-02-22,31.3325,31.52,31.3325,31.4325,26.907894013684558,177118,0.0,0.0,0.0,True
2019-02-25,31.52,31.825,31.52,31.79625,27.219278049046558,179202,0.0,0.0,0.0,True
2019-02-26,31.3125,31.3125,31.105,31.1325,26.651076913665104,68322,0.0,0.0,0.0,True
2019-02-27,30.82,30.82,30.62,30.73375,26.309725859492143,9576,0.0,0.0,0.0,True
2019-02-28,30.5825,30.7025,30.4675,30.48875,26.099988126619753,25603,0.0,0.0,0.0,True
2019-03-01,30.802500000000002,30.8125,30.6125,30.63625,26.226263651191616,29741,0.0,0.0,0.0,True
2019-03-04,30.78,30.85,30.675,30.6975,26.2786954678427,43266,0.0,0.0,0.0,True
2019-03-05,30.93,31.122500000000002,30.9175,31.17,26.683179051167546,30551,0.0,0.0,0.0,True
2019-03-06,31.09,31.150000000000002,31.0375,31.1125,26.633960378821776,21936,0.0,0.0,0.0,True
2019-03-07,30.740000000000002,30.93,30.595,30.68,26.263716144944453,626657,0.0,0.0,0.0,True
2019-03-08,30.2925,30.445,30.19,30.385,26.011173468815187,176706,0.0,0.0,0.0,True
2019-03-11,30.85,30.895,30.735,30.82,26.38355700789122,84568,0.0,0.0,0.0,True
2019-03-12,30.775000000000002,31.1025,30.775000000000002,31.09625,26.62004652201565,18746,0.0,0.0,0.0,True
2019-03-13,30.8325,30.9425,30.78,30.69875,26.279767213695667,35119,0.0,0.0,0.0,True
2019-03-14,30.4475,30.5475,30.36,30.372500000000002,26.063630234345815,50525,0.074381003,0.0,0.0,True
2019-03-15,30.77,30.837500000000002,30.7325,30.78625,26.418681343131396,38934,0.0,0.0,0.0,True
2019-03-18,31.0925,31.23,31.0925,31.177500000000002,26.754424016818305,31024,0.0,0.0,0.0,True
2019-03-19,31.085,31.282500000000002,31.085,31.267500000000002,26.83165356063938,19233,0.0,0.0,0.0,True
2019-03-20,31.212500000000002,31.212500000000002,31.145,31.13,26.71365850094167,109374,0.0,0.0,0.0,True
2019-03-21,31.37,31.6525,31.3125,31.6275,27.14058852221799,214280,0.0,0.0,0.0,True
2019-03-22,31.37,31.38,30.69,30.611250000000002,26.26850905541391,63160,0.0,0.0,0.0,True
2019-03-25,30.45,30.6975,30.43,30.6975,26.342521925576396,46092,0.0,0.0,0.0,True
2019-03-26,30.605,30.677500000000002,30.57,30.61,26.26743683086105,31795,0.0,0.0,0.0,True
2019-03-27,30.765,30.765,30.302500000000002,30.32875,26.026081392127757,23012,0.0,0.0,0.0,True
2019-03-28,30.5275,30.75,30.4775,30.6875,26.333933637719536,72612,0.0,0.0,0.0,True
2019-03-29,31.1925,31.285,31.02,31.26875,26.83272368690544,42883,0.0,0.0,0.0,True
2019-04-01,31.5275,31.5275,31.407500000000002,31.4775,27.011860725557703,24417,0.0,0.0,0.0,True
2019-04-02,31.6,31.8175,31.580000000000002,31.62,27.13415097832724,52258,0.0,0.0,0.0,True
2019-04-03,31.63,31.7775,31.6025,31.7775,27.2692995325839,31501,0.0,0.0,0.0,True
2019-04-04,31.51,31.935000000000002,31.51,31.907500000000002,27.380859146677658,208513,0.0,0.0,0.0,True
2019-04-05,31.98,32.345,31.98,32.292500000000004,27.711236501026676,43735,0.0,0.0,0.0,True
2019-04-08,32.042500000000004,32.1525,32.03,32.175,27.61040962389551,410179,0.0,0.0,0.0,True
2019-04-09,32.1725,32.35,32.165,32.18875,27.62220619226376,60445,0.0,0.0,0.0,True
2019-04-10,32.3275,32.3275,32.2375,32.2625,27.68549891518445,58511,0.0,0.0,0.0,True
2019-04-11,32.1375,32.1375,31.925,31.925,27.395878683564867,76997,0.0,0.0,0.0,True
2019-04-12,32.12,32.167500000000004,32.12,32.1575,27.59539218529509,37013,0.0,0.0,0.0,True
2019-04-15,32.095,32.095,31.8275,31.89,27.365841708077223,35664,0.0,0.0,0.0,True
2019-04-16,32.1625,32.26,32.15,32.26,27.683350269505137,90160,0.0,0.0,0.0,True
2019-04-17,32.435,32.555,32.435,32.3725,27.779894543285256,53354,0.0,0.0,0.0,True
2019-04-18,32.1625,32.417500000000004,32.1625,32.415,27.816362767803252,46621,0.0,0.0,0.0,True
2019-04-23,32.255,32.4825,32.1575,32.4825,27.87428597481246,1207152,0.0,0.0,0.0,True
2019-04-24,32.36,32.417500000000004,32.12,32.14,27.580374746694655,79735,0.0,0.0,0.0,True
2019-04-25,32.1075,32.1075,31.8775,32.03,27.485974922020265,22822,0.0,0.0,0.0,True
2019-04-26,32.025,32.2075,32.015,32.185,27.618985322031598,58943,0.0,0.0,0.0,True
2019-04-29,32.29,32.29,32.2175,32.2175,27.64688204498711,14724,0.0,0.0,0.0,True
2019-04-30,32.005,32.005,31.815,31.837500000000002,27.320789392275945,36000,0.0,0.0,0.0,True
2019-05-01,32.0575,32.06,31.8325,31.892500000000002,27.367986157182944,91780,0.0,0.0,0.0,True
2019-05-02,31.865000000000002,31.907500000000002,31.73,31.6875,27.192067890476054,84994,0.0,0.0,0.0,True
2019-05-03,31.885,32.02,31.830000000000002,31.865000000000002,27.344386725586045,68929,0.0,0.0,0.0,True
2019-05-07,31.1825,31.2225,30.8975,30.925,26.537746529095166,1560110,0.0,0.0,0.0,True
2019-05-08,31.11,31.13,30.92,31.015,26.614971876342633,95410,0.0,0.0,0.0,True
2019-05-09,30.515,30.52,30.060000000000002,30.0,25.743970928951807,72589,0.0,0.0,0.0,True
2019-05-10,30.7025,30.7025,30.1725,30.21875,25.931687862313762,81040,0.0,0.0,0.0,True
2019-05-13,30.13,30.13,29.57,29.71,25.495114114922085,24008,0.0,0.0,0.0,True
2019-05-14,30.1325,30.235,30.09,30.26375,25.970302634224293,93502,0.0,0.0,0.0,True
2019-05-15,30.5125,30.5125,30.26,30.403750000000002,26.09044004474091,21288,0.0,0.0,0.0,True
2019-05-16,30.365000000000002,30.6725,30.365000000000002,30.6725,26.32106484479843,24707,0.0,0.0,0.0,True
2019-05-17,30.11,30.225,30.0775,30.1975,25.913451651767947,26648,0.0,0.0,0.0,True
2019-05-20,30.0625,30.0625,29.8675,29.955000000000002,25.705351960467684,39239,0.0,0.0,0.0,True
2019-05-21,30.265,30.265,30.13,30.13,25.85552214989836,32179,0.0,0.0,0.0,True
2019-05-22,30.3575,30.505,30.355,30.41375,26.099022037737374,18026,0.0,0.0,0.0,True
2019-05-23,30.17,30.17,29.875,30.0075,25.750404276268956,92975,0.0,0.0,0.0,True
2019-05-24,30.1125,30.165,29.8625,29.9125,25.66888163766286,914598,0.0,0.0,0.0,True
2019-05-28,30.1275,30.247500000000002,30.0325,30.052500000000002,25.789025343039874,141065,0.0,0.0,0.0,True
2019-05-29,29.9125,30.1475,29.905,30.14,25.86410833946843,123206,0.0,0.0,0.0,True
2019-05-30,30.372500000000002,30.595,30.3125,30.5725,26.235247013120492,11769,0.0,0.0,0.0,True
2019-05-31,30.2925,30.585,30.275000000000002,30.585,26.245979750083094,41367,0.0,0.0,0.0,True
2019-06-03,30.642500000000002,30.9225,30.642500000000002,30.892500000000002,26.50984980613964,25926,0.0,0.0,0.0,True
2019-06-04,30.497500000000002,30.712500000000002,30.495,30.712500000000002,26.3553928167843,9270,0.0,0.0,0.0,True
2019-06-05,30.62,30.79,30.415,30.45,26.130133336064688,39454,0.0,0.0,0.0,True
2019-06-06,30.515,30.565,30.4175,30.44625,26.126914564119318,8302,0.0,0.0,0.0,True
2019-06-07,30.51,30.735,30.5,30.7225,26.3639685149204,23014,0.0,0.0,0.0,True
2019-06-10,30.9725,31.1675,30.965,31.1675,26.74584412210864,37407,0.0,0.0,0.0,True
2019-06-11,31.3225,31.43,31.2875,31.3525,26.904600501109375,43798,0.0,0.0,0.0,True
2019-06-12,31.145,31.145,31.0375,31.060000000000002,26.65359084482676,33329,0.0,0.0,0.0,True
2019-06-13,30.9375,31.095000000000002,30.9325,30.9325,26.649296976043804,56972,0.122516,0.0,0.0,True
2019-06-14,30.935000000000002,30.962500000000002,30.88,30.9425,26.657912613898684,43716,0.0,0.0,0.0,True
2019-06-17,30.9475,30.9575,30.8825,31.0575,26.756984023178006,15108,0.0,0.0,0.0,True
2019-06-18,31.195,31.810000000000002,31.195,31.7775,27.377286777086596,128833,0.0,0.0,0.0,True
2019-06-19,31.802500000000002,31.810000000000002,31.6625,31.62125,27.24268270782291,9572,0.0,0.0,0.0,True
2019-06-20,31.9575,32.34,31.9575,32.125,27.67667281974815,62501,0.0,0.0,0.0,True
2019-06-21,31.985,32.105000000000004,31.985,32.0625,27.622830349437496,53105,0.0,0.0,0.0,True
2019-06-24,31.965,32.0025,31.875,31.975,27.547442464950915,17697,0.0,0.0,0.0,True
2019-06-25,31.635,31.795,31.635,31.80125,27.397751550133066,13480,0.0,0.0,0.0,True
2019-06-26,31.875,32.04,31.830000000000002,32.0325,27.596975009821193,19652,0.0,0.0,0.0,True
2019-06-27,32.225,32.225,32.0225,32.1775,27.72190175871683,381587,0.0,0.0,0.0,True
2019-06-28,32.2425,32.31,32.04,32.1125,27.66589800614724,43774,0.0,0.0,0.0,True
2019-07-01,32.69,32.79,32.69,32.66375,28.140819770678334,28333,0.0,0.0,0.0,True
2019-07-02,32.6625,32.76,32.655,32.7525,28.217281976755622,56213,0.0,0.0,0.0,True
2019-07-03,32.615,32.6875,32.5925,32.67,28.14619769817063,33106,0.0,0.0,0.0,True
2019-07-04,32.8075,32.8925,32.7525,32.8575,28.30774617423177,34491,0.0,0.0,0.0,True
2019-07-05,32.765,32.79,32.6275,32.69375,28.166666684242948,23602,0.0,0.0,0.0,True
2019-07-08,32.38,32.5025,32.32,32.472500000000004,27.976058862409705,21566,0.0,0.0,0.0,True
2019-07-09,32.292500000000004,32.4125,32.292500000000004,32.50625,28.005124527720575,28075,0.0,0.0,0.0,True
2019-07-10,32.555,32.7575,32.445,32.67875,28.153741120947718,10391,0.0,0.0,0.0,True
2019-07-11,32.765,32.795,32.4675,32.46375,27.968515439632608,10681,0.0,0.0,0.0,True
2019-07-12,32.5625,32.5625,32.3125,32.37625,27.89313598119771,28943,0.0,0.0,0.0,True
2019-07-15,32.505,32.705,32.505,32.70375,28.175284428610748,9985,0.0,0.0,0.0,True
2019-07-16,32.9,33.035000000000004,32.9,33.04375,28.468201370085907,42665,0.0,0.0,0.0,True
2019-07-17,32.9575,32.9575,32.79,32.8025,28.260355953004133,546840,0.0,0.0,0.0,True
2019-07-18,32.725,32.725,32.6475,32.64,28.120365530196473,6060,0.0,0.0,0.0,True
2019-07-19,32.8925,32.905,32.8375,32.77625,28.2377467498021,11893,0.0,0.0,0.0,True
2019-07-22,32.722500000000004,32.7725,32.667500000000004,32.722500000000004,28.1914329566781,29911,0.0,0.0,0.0,True
2019-07-23,32.8675,32.910000000000004,32.8175,32.7975,28.256046027563777,21173,0.0,0.0,0.0,True
2019-07-24,32.745,32.745,32.72,32.730000000000004,28.19790205786447,22029,0.0,0.0,0.0,True
2019-07-25,32.885,32.885,32.885,32.6075,28.09235522785999,2505,0.0,0.0,0.0,True
2019-07-26,32.6975,32.785000000000004,32.6975,32.77875,28.239897499496436,21408,0.0,0.0,0.0,True
2019-07-29,32.715,33.125,32.6998193359375,33.09,28.50804606202354,5425,0.0,0.0,0.0,True
2019-07-30,33.35,33.43339111328125,32.9977294921875,33.09375,28.511279559360272,9032,0.0,0.0,0.0,True
2019-07-31,33.005,33.06080078125,32.811970214843754,32.85875,28.308824708848327,8794,0.0,0.0,0.0,True
2019-08-01,32.845,33.0275,32.845,32.9875,28.419743146806333,24084,0.0,0.0,0.0,True
2019-08-02,32.265,32.265,31.81260009765625,31.8275,27.42036496636095,29432,0.0,0.0,0.0,True
2019-08-05,31.36,31.367380371093752,30.704470214843752,30.7775,26.51575248278038,41411,0.0,0.0,0.0,True
2019-08-06,30.907500000000002,31.122509765625,30.86574951171875,30.90875,26.628832202997334,14292,0.0,0.0,0.0,True
2019-08-07,30.962500000000002,31.19577880859375,30.725,30.865000000000002,26.591148793318656,33633,0.0,0.0,0.0,True
2019-08-08,31.25,31.52,31.25,31.52,27.155439368605965,411093,0.0,0.0,0.0,True
2019-08-09,31.580000000000002,31.6102294921875,31.330000000000002,31.27375,26.943294558648443,8490,0.0,0.0,0.0,True
2019-08-12,31.26,31.600229492187502,30.964580078125,31.05375,26.753756845380046,6296,0.0,0.0,0.0,True
2019-08-13,30.9325,31.4675,30.725,31.466250000000002,27.10913189502072,29293,0.0,0.0,0.0,True
2019-08-14,30.907500000000002,31.322729492187502,30.6525,30.7325,26.476988431972224,119836,0.0,0.0,0.0,True
2019-08-15,30.875,30.925,30.39923095703125,30.6075,26.369299278325098,26726,0.0,0.0,0.0,True
2019-08-16,30.9375,31.015,30.802500000000002,30.995,26.703139446354445,12587,0.0,0.0,0.0,True
2019-08-19,31.392500000000002,31.497500000000002,31.245,31.2525,26.92498685483507,19070,0.0,0.0,0.0,True
2019-08-20,31.5,31.51,31.14,31.24125,26.915294788876576,10977,0.0,0.0,0.0,True
2019-08-21,31.53,31.5447802734375,31.45674072265625,31.44625,27.09191115187559,32298,0.0,0.0,0.0,True
2019-08-22,31.3525,31.38613037109375,30.84,30.8325,26.563138490982166,13367,0.0,0.0,0.0,True
2019-08-23,31.185000000000002,31.185000000000002,30.4725,30.4725,26.252994486823106,23117,0.0,0.0,0.0,True
2019-08-27,30.5125,30.6725,30.411298828125002,30.505,26.280987937056217,31959,0.0,0.0,0.0,True
2019-08-28,30.7225,30.777080078125,30.56260009765625,30.685000000000002,26.43606731193097,13333,0.0,0.0,0.0,True
2019-08-29,31.0675,31.0675,30.741630859375,31.0675,26.76559966103288,3470,0.0,0.0,0.0,True
2019-08-30,31.34,31.45,31.212500000000002,31.305,26.970213687290844,15391,0.0,0.0,0.0,True
2019-09-02,31.34,31.65989990234375,31.30381103515625,31.555,27.185600420636774,62670,0.0,0.0,0.0,True
2019-09-03,31.490000000000002,31.5598095703125,30.2714404296875,31.4025,27.054212996606456,8952,0.0,0.0,0.0,True
2019-09-04,31.75,31.754580078125002,31.61674072265625,31.7,27.310522956506567,7749,0.0,0.0,0.0,True
2019-09-05,31.7925,31.87966064453125,31.6075,31.715,27.323446413288877,25644,0.0,0.0,0.0,True
2019-09-06,31.77,31.93294921875,31.77,31.9175,27.49790149402895,34484,0.0,0.0,0.0,True
2019-09-09,32.0275,32.09259033203125,31.802500000000002,31.927500000000002,27.506512918857975,824353,0.0,0.0,0.0,True
2019-09-10,31.7775,31.8564794921875,31.6725,31.74875,27.352522611164375,52457,0.0,0.0,0.0,True
2019-09-11,31.8875,32.115,31.8575,32.09125,27.647596621872644,154679,0.0,0.0,0.0,True
2019-09-12,31.94,32.242580566406254,31.85,32.02875,27.89003518554381,82113,0.340915,0.0,0.0,True
2019-09-13,31.892500000000002,31.984350585937502,31.87493896484375,31.9025,27.780100617679764,24543,0.0,0.0,0.0,True
2019-09-16,31.535,31.805,31.5125,31.805,27.69520198231016,35031,0.0,0.0,0.0,True
2019-09-17,31.55,31.58596923828125,31.407500000000002,31.46,27.39478143690578,8432,0.0,0.0,0.0,True
2019-09-18,31.5125,31.591201171875,31.42,31.42,27.35995253761927,7504,0.0,0.0,0.0,True
2019-09-19,31.2975,31.517900390625,31.26694091796875,31.51,27.438321818825568,42270,0.0,0.0,0.0,True
2019-09-20,31.2925,31.59587890625,31.245,31.4425,27.379551244638314,126505,0.0,0.0,0.0,True
2019-09-23,31.35,31.47639892578125,31.33945068359375,31.4675,27.401310791069083,24740,0.0,0.0,0.0,True
2019-09-24,31.4575,31.47554931640625,31.2152294921875,31.16875,27.14117127276741,6645,0.0,0.0,0.0,True
2019-09-25,30.985,31.1997802734375,30.900000000000002,31.19875,27.167295076138114,7294,0.0,0.0,0.0,True
2019-09-26,31.2975,31.45904052734375,31.24087890625,31.278750000000002,27.236955003616952,31608,0.0,0.0,0.0,True
2019-09-27,31.490000000000002,31.51337890625,31.3597802734375,31.5075,27.436148205978895,66205,0.0,0.0,0.0,True
2019-09-30,31.3975,31.452900390625,31.29510009765625,31.37375,27.31968002613988,17411,0.0,0.0,0.0,True
2019-10-01,31.310000000000002,31.43885986328125,31.1947802734375,31.255,27.21627268353331,33234,0.0,0.0,0.0,True
2019-10-02,31.0075,31.0075,30.745,30.775000000000002,26.798298216319502,20587,0.0,0.0,0.0,True
2019-10-03,30.995,31.092529296875,30.622500000000002,30.7725,26.79611821675535,29917,0.0,0.0,0.0,True
2019-10-04,30.91,31.21280029296875,30.87846923828125,31.1525,27.127018306847066,20749,0.0,0.0,0.0,True
2019-10-07,31.13,31.1875,31.073310546875,31.1175,27.096545148877198,3917,0.0,0.0,0.0,True
2019-10-08,31.38,31.39,31.135,31.150000000000002,27.124840436188755,173113,0.0,0.0,0.0,True
2019-10-09,31.19,31.38,31.083601074218752,31.26125,27.2217162957262,47800,0.0,0.0,0.0,True
2019-10-10,31.3575,31.5,31.2552294921875,31.3975,27.340358088411882,47325,0.0,0.0,0.0,True
2019-10-11,31.2525,31.4375,31.005,31.150000000000002,27.124840436188755,40505,0.0,0.0,0.0,True
2019-10-14,31.235,31.31050048828125,30.9675,31.10375,27.084567924709354,31426,0.0,0.0,0.0,True
2019-10-15,30.990000000000002,31.06424072265625,30.8598095703125,30.89,26.898431301768206,52127,0.0,0.0,0.0,True
2019-10-16,30.865000000000002,30.9377001953125,30.695,30.705000000000002,26.737345513662287,31190,0.0,0.0,0.0,True
2019-10-17,30.995,31.079580078125,30.734479980468752,30.8175,26.835307115170146,54462,0.0,0.0,0.0,True
2019-10-18,30.6525,30.80175048828125,30.62455078125,30.6875,26.722104676865698,9582,0.0,0.0,0.0,True
2019-10-21,30.4875,30.594431152343752,30.4575,30.48125,26.542501665899497,23406,0.0,0.0,0.0,True
2019-10-22,30.6825,30.87945068359375,30.659250488281252,30.7725,26.79611821675535,38060,0.0,0.0,0.0,True
2019-10-23,30.795,30.845000000000002,30.704580078125,30.835,26.85054156524926,10958,0.0,0.0,0.0,True
2019-10-24,30.872500000000002,31.047250976562502,30.8077001953125,31.1075,27.087835795149747,25142,0.0,0.0,0.0,True
2019-10-25,31.0025,31.1925,31.0,31.19,27.159675722192738,369025,0.0,0.0,0.0,True
2019-10-28,31.2925,31.3752001953125,31.00280029296875,31.37875,27.32403576745652,17016,0.0,0.0,0.0,True
2019-10-29,31.305,31.33635986328125,31.10430908203125,31.18,27.150966368465276,53431,0.0,0.0,0.0,True
2019-10-30,31.085,31.1643798828125,31.007099609375,31.13375,27.110695985891713,4269,0.0,0.0,0.0,True
2019-10-31,31.150000000000002,31.1675,30.844130859375,30.833750000000002,26.84945156546718,48374,0.0,0.0,0.0,True
2019-11-01,31.1,31.337500000000002,31.0497900390625,31.278750000000002,27.236955003616952,7996,0.0,0.0,0.0,True
2019-11-04,31.625,31.86804931640625,31.625,31.77625,27.670168178721518,37083,0.0,0.0,0.0,True
2019-11-05,31.927500000000002,32.0775,31.927500000000002,32.01875,27.88133647634549,145762,0.0,0.0,0.0,True
2019-11-06,32.0025,32.0825,31.92,32.07,27.92596047132986,21972,0.0,0.0,0.0,True
2019-11-07,32.235,32.3625,32.1714990234375,32.3625,28.18066489306196,2853,0.0,0.0,0.0,True
2019-11-08,32.1375,32.205,32.0325,32.14875,27.994532527932456,12027,0.0,0.0,0.0,True
2019-11-11,31.665,31.6839990234375,31.5125,31.6275,27.540643419461727,10983,0.0,0.0,0.0,True
2019-11-12,31.755,31.80090087890625,31.62169921875,31.625,27.538474064426694,37659,0.0,0.0,0.0,True
2019-11-13,31.41,31.41,31.1477001953125,31.28,27.238042874493203,59209,0.0,0.0,0.0,True
2019-11-14,31.1625,31.3089990234375,31.1625,31.1625,27.135727660574524,31736,0.0,0.0,0.0,True
2019-11-15,31.35,31.4925,31.30780029296875,31.4925,27.423085239840635,28007,0.0,0.0,0.0,True
2019-11-18,31.365000000000002,31.44,31.1725,31.325,27.277229644002183,23403,0.0,0.0,0.0,True
2019-11-19,31.5375,31.593000488281252,31.305,31.34875,27.29790983517999,43714,0.0,0.0,0.0,True
2019-11-20,31.345000000000002,31.395,31.28659912109375,31.37875,27.32403576745652,13482,0.0,0.0,0.0,True
2019-11-21,30.96,31.1376904296875,30.95677978515625,31.115000000000002,27.09436940712471,150158,0.0,0.0,0.0,True
2019-11-22,31.37,31.4175,31.207900390625,31.3575,27.305533446937023,18186,0.0,0.0,0.0,True
2019-11-25,31.53,31.55280029296875,31.4825,31.4725,27.405668661291557,4838,0.0,0.0,0.0,True
2019-11-26,31.51,31.52,31.330000000000002,31.4025,27.34471382972851,49999,0.0,0.0,0.0,True
2019-11-27,31.545,31.55330078125,31.3525,31.375,27.320770025921945,66182,0.0,0.0,0.0,True
2019-11-28,31.23,31.3475,31.23,31.31125,27.265258806551795,40094,0.0,0.0,0.0,True
2019-11-29,30.962500000000002,31.13,30.9327001953125,30.93375,26.936536587118397,29944,0.0,0.0,0.0,True
2019-12-02,31.0,31.07030029296875,30.8447998046875,30.84875,26.862523047228752,163781,0.0,0.0,0.0,True
2019-12-03,30.835,30.85110107421875,30.297800292968752,30.3875,26.460870900970296,81350,0.0,0.0,0.0,True
2019-12-04,30.4775,30.65389892578125,30.4175,30.5275,26.582786950813833,90816,0.0,0.0,0.0,True
2019-12-05,30.4575,30.5402001953125,30.41958984375,30.535,26.589316304977153,6322,0.0,0.0,0.0,True
2019-12-06,30.69,30.795,30.69,30.77625,26.799386087195742,17580,0.0,0.0,0.0,True
2019-12-09,30.725,30.83639892578125,30.6575,30.73125,26.7602014465926,34380,0.0,0.0,0.0,True
2019-12-10,30.642500000000002,30.7372998046875,30.497500000000002,30.6575,26.695972357871693,19937,0.0,0.0,0.0,True
2019-12-11,30.872500000000002,31.0035009765625,30.84,30.91375,26.919117879663496,26262,0.0,0.0,0.0,True
2019-12-12,30.865000000000002,31.604799804687502,30.865000000000002,31.53375,27.45954275208278,29289,0.060139,0.0,0.0,True
2019-12-13,31.1725,31.462500000000002,31.17,31.13125,27.109043954972005,55175,0.0,0.0,0.0,True
2019-12-16,31.235,31.532500000000002,31.225400390625,31.53,27.45627488164238,101451,0.0,0.0,0.0,True
2019-12-17,31.962500000000002,32.192099609375,31.8727001953125,32.1825,28.024467072728775,56807,0.0,0.0,0.0,True
2019-12-18,32.4025,32.515,32.3602001953125,32.4675,28.272646398109202,46441,0.0,0.0,0.0,True
2019-12-19,32.355000000000004,32.66860107421875,32.35,32.64,28.42286199307596,56202,0.0,0.0,0.0,True
2019-12-20,32.64,32.7072998046875,32.60909912109375,32.667500000000004,28.446799410165035,65980,0.0,0.0,0.0,True
2019-12-23,32.7025,33.00919921875,32.6427001953125,32.985,28.723286796291983,11475,0.0,0.0,0.0,True
2019-12-24,32.985,32.985,32.92,32.935,28.679744285466374,8680,0.0,0.0,0.0,True
2019-12-27,32.9975,33.14840087890625,32.835,32.92125,28.667773448015996,35379,0.0,0.0,0.0,True
2019-12-30,32.99,32.99,32.70659912109375,32.730000000000004,28.501233403188067,13161,0.0,0.0,0.0,True
2019-12-31,32.7525,32.7525,32.4625,32.4675,28.272646398109202,21990,0.0,0.0,0.0,True
2020-01-02,32.665,33.06,32.66489990234375,33.08875,28.813626914948646,44029,0.0,0.0,0.0,True
2020-01-03,32.8275,33.04,32.82280029296875,32.9775,28.71675318431703,30312,0.0,0.0,0.0,True
2020-01-06,32.695,32.695,32.39199951171875,32.535000000000004,28.33142761682558,33410,0.0,0.0,0.0,True
2020-01-07,32.69,32.730800781250004,32.58239990234375,32.6775,28.455510892798316,56798,0.0,0.0,0.0,True
2020-01-08,32.455,32.79,32.4,32.75,28.518647852831332,79958,0.0,0.0,0.0,True
2020-01-09,33.195,33.43330078125,22.42,33.22125,28.92901361062888,49381,0.0,0.0,0.0,True
2020-01-10,33.355000000000004,33.4925,33.317880859375,33.43,29.11079023444175,86825,0.0,0.0,0.0,True
2020-01-13,33.83,33.92840087890625,33.317900390625,33.9125,29.530955345748826,55140,0.0,0.0,0.0,True
2020-01-14,33.925,33.93639892578125,33.77139892578125,33.79,29.424275874890213,11005,0.0,0.0,0.0,True
2020-01-15,33.65,33.747700195312504,33.597500000000004,33.6075,29.26535731291348,40269,0.0,0.0,0.0,True
2020-01-16,33.68,33.71409912109375,33.635,33.645,29.29801259935332,25717,0.0,0.0,0.0,True
2020-01-17,33.74,33.913601074218754,33.7002001953125,33.85875,29.484147093388646,39550,0.0,0.0,0.0,True
2020-01-20,33.917500000000004,33.94510009765625,33.8452001953125,33.86875,29.492854318210274,34705,0.0,0.0,0.0,True
2020-01-21,33.2275,33.2275,33.0675,33.2,28.910507032297723,22443,0.0,0.0,0.0,True
2020-01-22,33.4775,33.4775,33.050400390625,33.0875,28.812536915166582,17483,0.0,0.0,0.0,True
2020-01-23,32.775,32.8375,32.543300781250004,32.53,28.327069746603108,33904,0.0,0.0,0.0,True
2020-01-24,32.955,33.045,32.78,32.85375,28.60899435820545,20135,0.0,0.0,0.0,True
2020-01-27,31.9825,31.9825,31.2375,31.528750000000002,27.45518701076614,144838,0.0,0.0,0.0,True
2020-01-28,31.9125,32.045,31.605,32.01875,27.881879347330692,35269,0.0,0.0,0.0,True
2020-01-29,32.347500000000004,32.347500000000004,32.0875,32.11,27.96133011269577,117402,0.0,0.0,0.0,True
2020-01-30,31.53,31.67840087890625,31.155,31.20625,27.174354527851687,169310,0.0,0.0,0.0,True
2020-01-31,31.0925,31.175600585937502,30.52919921875,30.5275,26.583302146023335,47378,0.0,0.0,0.0,True
2020-02-03,30.872500000000002,31.435000000000002,30.8209912109375,31.376250000000002,27.322390123254287,61909,0.0,0.0,0.0,True
2020-02-04,32.1225,32.25360107421875,32.07,32.27875,28.108282095033772,84928,0.0,0.0,0.0,True
2020-02-05,32.1375,32.72,32.02530029296875,32.46875,28.27373639789127,23171,0.0,0.0,0.0,True
2020-02-06,32.7275,32.815,32.565,32.660000000000004,28.44027431381339,97516,0.0,0.0,0.0,True
2020-02-07,32.51,32.555,32.0572998046875,32.275,28.10501635349921,57287,0.0,0.0,0.0,True
2020-02-10,32.375,32.4,32.160000000000004,32.27875,28.108282095033772,31456,0.0,0.0,0.0,True
2020-02-11,32.5825,32.82,32.54,32.7775,28.542598043355365,159065,0.0,0.0,0.0,True
2020-02-12,32.835,32.99330078125,32.0572998046875,32.9925,28.72981615045528,7353,0.0,0.0,0.0,True
2020-02-13,32.635,32.78,32.432900390625,32.51375,28.312916780682773,28913,0.0,0.0,0.0,True
2020-02-14,32.65,32.755,32.5825,32.573750000000004,28.36516012961253,17396,0.0,0.0,0.0,True
2020-02-17,32.755,32.79260009765625,32.7072998046875,32.785000000000004,28.549123139707014,10185,0.0,0.0,0.0,True
2020-02-18,32.355000000000004,32.36340087890625,32.242900390625,32.24875,28.082158291663053,31151,0.0,0.0,0.0,True
2020-02-19,32.62,32.795,32.5489990234375,32.77625,28.541508043573298,75085,0.0,0.0,0.0,True
2020-02-20,32.8,32.8,32.61669921875,32.40375,28.217130920927406,11050,0.0,0.0,0.0,True
2020-02-21,32.1825,32.28,32.05199951171875,32.14875,27.99507752782349,118151,0.0,0.0,0.0,True
2020-02-24,31.3475,31.46300048828125,30.75030029296875,30.96875,26.967533455921064,667030,0.0,0.0,0.0,True
2020-02-25,31.455000000000002,31.490000000000002,30.785,30.81875,26.836916567973365,154612,0.0,0.0,0.0,True
2020-02-26,30.810000000000002,31.2925,30.46590087890625,31.21875,27.18523536551999,73929,0.0,0.0,0.0,True
2020-02-27,31.0,31.059130859375,30.2885009765625,30.528750000000002,26.584390016899583,118233,0.0,0.0,0.0,True
2020-02-28,29.935000000000002,29.99675048828125,29.249130859375,29.8575,25.999864860328714,40382,0.0,0.0,0.0,True
2020-03-02,30.810000000000002,31.0356298828125,30.027380371093752,30.65875,26.697581810674908,94423,0.0,0.0,0.0,True
2020-03-03,30.96,31.42922119140625,30.771630859375,31.045,27.03393615748864,98753,0.0,0.0,0.0,True
2020-03-04,31.09,31.33968017578125,31.03320068359375,31.135,27.1123118254124,47658,0.0,0.0,0.0,True
2020-03-05,31.27,31.278369140625,30.735,30.7875,26.809709151538055,255801,0.0,0.0,0.0,True
2020-03-06,30.03,30.12,29.46,29.49875,25.68746283294485,41670,0.0,0.0,0.0,True
2020-03-09,27.365000000000002,28.07555908203125,27.12,27.5975,24.03185960926924,187859,0.0,0.0,0.0,True
2020-03-10,28.5,28.78,28.22,28.3975,24.72849720436248,59073,0.0,0.0,0.0,True
2020-03-11,28.51,28.63,28.1575,28.306250000000002,24.649040052279947,36519,0.0,0.0,0.0,True
2020-03-12,26.55,26.72050048828125,25.11,25.11,21.918848841351238,39524,0.068572,0.0,0.0,True
2020-03-13,26.9425,28.1289990234375,26.60409912109375,26.962500000000002,23.53591834950461,316506,0.0,0.0,0.0,True
2020-03-16,25.622500000000002,26.215,24.87219970703125,25.63625,22.37821458465921,43291,0.0,0.0,0.0,True
2020-03-17,25.5925,26.4825,25.087500000000002,26.4825,23.1169198046302,16130,0.0,0.0,0.0,True
2020-03-18,24.985,25.7340087890625,24.465,25.400000000000002,22.17198677105044,113923,0.0,0.0,0.0,True
2020-03-19,25.805,25.805,24.997500000000002,25.4075,22.178531822731337,27515,0.0,0.0,0.0,True
2020-03-20,26.815,27.15614990234375,25.95,26.1325,22.811402255267627,23189,0.0,0.0,0.0,True
2020-03-23,24.9125,26.1419189453125,24.9125,25.4175,22.187266383060617,55418,0.0,0.0,0.0,True
2020-03-24,26.475,26.817690429687502,26.33030029296875,26.8425,23.431161244201927,263415,0.0,0.0,0.0,True
2020-03-25,27.25,27.5906298828125,26.727958984375,27.4525,23.963645052636224,29536,0.0,0.0,0.0,True
2020-03-26,27.1,27.83507080078125,27.01,27.6575,24.142591503125153,68841,0.0,0.0,0.0,True
2020-03-27,26.8475,27.009541015625,25.7875,25.7975,22.518979077314917,147780,0.0,0.0,0.0,True
2020-03-30,26.1,27.00949951171875,25.59,26.02,22.713200871765967,178609,0.0,0.0,0.0,True
2020-03-31,26.997500000000002,27.00949951171875,25.630800781250002,26.5675,23.191113417864504,347979,0.0,0.0,0.0,True
2020-04-01,25.925,25.9375,25.53054931640625,25.591250000000002,22.3389378725018,79099,0.0,0.0,0.0,True
2020-04-02,25.985,26.197548828125,25.76114990234375,26.01625,22.70992514488948,109372,0.0,0.0,0.0,True
2020-04-03,26.150000000000002,26.400000000000002,26.0276611328125,26.045,22.735021267408985,47294,0.0,0.0,0.0,True
2020-04-06,26.8575,27.085,26.665,27.025000000000002,23.59047680769623,248419,0.0,0.0,0.0,True
2020-04-07,27.4475,27.9925,27.4475,27.665,24.149138688830075,34884,0.0,0.0,0.0,True
2020-04-08,27.425,27.425,27.0225,27.2875,23.819617637248182,193149,0.0,0.0,0.0,True
2020-04-09,27.695,27.76,27.19014892578125,27.64375,24.130585483967455,42338,0.0,0.0,0.0,True
2020-04-14,27.66,27.8793994140625,27.515,27.5625,24.059667597609636,26884,0.0,0.0,0.0,True
2020-04-15,27.46,27.46,26.9668701171875,26.95375,23.528280677523544,205840,0.0,0.0,0.0,True
2020-04-16,27.3625,27.515,27.1525,27.475,23.983286609750984,202819,0.0,0.0,0.0,True
2020-04-17,28.0,28.29302978515625,27.712500000000002,27.65125,24.137134803696387,34271,0.0,0.0,0.0,True
2020-04-20,27.9425,27.9425,27.584990234375,27.8275,24.290989399713858,16242,0.0,0.0,0.0,True
2020-04-21,27.4075,27.45541015625,27.16,27.18375,23.729043255607454,12205,0.0,0.0,0.0,True
2020-04-22,27.8,27.885,27.68375,27.885,24.341177376704824,29519,0.0,0.0,0.0,True
2020-04-23,27.995,28.11,27.8475,28.017500000000002,24.45683934476895,22916,0.0,0.0,0.0,True
2020-04-24,27.68,27.78,27.4675,27.48,23.987648554855554,56897,0.0,0.0,0.0,True
2020-04-27,27.927500000000002,27.9725,27.7831494140625,27.9225,24.373915439253423,9456,0.0,0.0,0.0,True
2020-04-28,27.935000000000002,28.3275,27.935000000000002,28.1275,24.552859755718334,17787,0.0,0.0,0.0,True
2020-04-29,28.19,28.665,28.19,28.685000000000002,25.03950899617017,20011,0.0,0.0,0.0,True
2020-04-30,29.0825,29.11639892578125,28.3825,28.22875,24.641242494686654,19596,0.0,0.0,0.0,True
2020-05-01,27.3,27.38205078125,27.18,27.18875,23.733413736808128,41779,0.0,0.0,0.0,True
2020-05-04,27.2975,27.45,27.2975,27.435000000000002,23.948369708674097,8041,0.0,0.0,0.0,True
2020-05-05,27.8475,27.905,27.6625,27.82,24.284433677912862,13243,0.0,0.0,0.0,True
2020-05-06,28.11,28.20468017578125,27.82215087890625,27.8825,24.33899427012851,15818,0.0,0.0,0.0,True
2020-05-07,27.9675,28.2,27.9025,28.125,24.550678783166045,13120,0.0,0.0,0.0,True
2020-05-11,28.625,28.7225,28.44,28.5225,24.897660419310398,117404,0.0,0.0,0.0,True
2020-05-12,28.4525,28.875,28.45166015625,28.875,25.20535894122526,19666,0.0,0.0,0.0,True
2020-05-13,28.6325,28.9325,28.58083984375,28.73875,25.086425514332678,34017,0.0,0.0,0.0,True
2020-05-14,28.497500000000002,28.5375,28.017500000000002,28.4075,24.797273795208387,209534,0.0,0.0,0.0,True
2020-05-15,28.6025,28.6025,28.317880859375002,28.41875,24.8070988418138,19217,0.0,0.0,0.0,True
2020-05-18,28.905,29.2525,28.77802978515625,29.27,25.550159604817313,12630,0.0,0.0,0.0,True
2020-05-19,29.3675,29.4125,29.1625,29.372500000000002,25.6396349640858,4346,0.0,0.0,0.0,True
2020-05-20,29.265,29.54083984375,29.265,29.57375,25.815316357818364,10959,0.0,0.0,0.0,True
2020-05-21,29.3475,29.3525,29.1125,29.0825,25.38649916841062,1541,0.0,0.0,0.0,True
2020-05-22,28.625,28.9814794921875,28.625,28.7325,25.080973082951953,5220,0.0,0.0,0.0,True
2020-05-26,29.28,29.324599609375,29.082099609375,29.125,25.423588505943677,90407,0.0,0.0,0.0,True
2020-05-27,29.1375,29.23,28.959599609375,29.12375,25.422498019667533,9121,0.0,0.0,0.0,True
2020-05-28,29.175,29.332548828125,28.9814306640625,29.135,25.43232093224893,6378,0.0,0.0,0.0,True
2020-05-29,28.93,29.09,28.85905029296875,28.900000000000002,25.22718573894033,10240,0.0,0.0,0.0,True
2020-06-01,29.740000000000002,29.893679199218752,29.400400390625002,29.495,25.746566639868703,17069,0.0,0.0,0.0,True
2020-06-02,29.4875,30.122500000000002,29.4875,30.075,26.252859571459314,200339,0.0,0.0,0.0,True
2020-06-03,30.5,30.7814599609375,30.2556005859375,30.7525,26.84426164916578,147075,0.0,0.0,0.0,True
2020-06-04,30.3875,30.66861083984375,30.35,30.38875,26.526735946621493,98763,0.0,0.0,0.0,True
2020-06-05,30.72,31.085,30.5675,31.0,27.060303839259863,195201,0.0,0.0,0.0,True
2020-06-08,30.8775,30.959580078125,30.6356005859375,30.802500000000002,26.88789817240377,11151,0.0,0.0,0.0,True
2020-06-09,30.9525,31.03669921875,30.6260009765625,30.7,26.798433483255394,36161,0.0,0.0,0.0,True
2020-06-10,30.872500000000002,30.90195068359375,30.675,30.725,26.820245342802316,21126,0.0,0.0,0.0,True
2020-06-11,30.2725,30.33114990234375,29.98405029296875,30.0425,26.33593932748999,7105,0.13003201,0.0,0.0,True
2020-06-12,29.98,30.4725,29.947900390625,30.247500000000002,26.51565798120498,165873,0.0,0.0,0.0,True
2020-06-15,29.6375,30.068701171875002,29.56889892578125,29.7425,26.072954295394844,5802,0.0,0.0,0.0,True
2020-06-16,30.2325,30.73,30.14722900390625,30.325,26.58358474469786,163716,0.0,0.0,0.0,True
2020-06-17,30.462500000000002,30.695,30.4375,30.60375,26.827949224438225,79856,0.0,0.0,0.0,True
2020-06-18,30.6375,30.9775,30.6375,30.94875,27.130384797251434,25450,0.0,0.0,0.0,True
2020-06-19,31.220000000000002,31.4575,31.08340087890625,31.306250000000002,27.443775400981636,82610,0.0,0.0,0.0,True
2020-06-22,31.13,31.21840087890625,31.0475,31.1725,27.326527425330234,25279,0.0,0.0,0.0,True
2020-06-23,31.4475,31.5725,31.344541015625,31.4575,27.576360848517403,27986,0.0,0.0,0.0,True
2020-06-24,31.255,31.505830078125,31.11,31.11,27.271743698733626,20053,0.0,0.0,0.0,True
2020-06-25,31.0,31.1825,30.8268994140625,31.14,27.298031915529155,103032,0.0,0.0,0.0,True
2020-06-26,31.212500000000002,31.42321044921875,31.0425,31.095000000000002,27.258587803819825,111706,0.0,0.0,0.0,True
2020-06-29,30.985,31.33218017578125,30.93,31.330000000000002,27.464594674330325,33230,0.0,0.0,0.0,True
2020-06-30,31.295,31.46469970703125,31.0925,31.0925,27.256395511834675,7829,0.0,0.0,0.0,True
2020-07-01,31.345000000000002,31.44659912109375,30.96736083984375,31.1,27.262970244787216,28535,0.0,0.0,0.0,True
2020-07-02,31.7225,31.92052978515625,31.622500000000002,31.825,27.898522763191117,144791,0.0,0.0,0.0,True
2020-07-03,32.1975,32.26173095703125,32.0725,32.1025,28.141785739431608,97198,0.0,0.0,0.0,True
2020-07-06,32.8125,33.13300048828125,32.8125,33.13,29.042519867921644,11621,0.0,0.0,0.0,True
2020-07-07,32.805,32.805,32.495,32.68,28.648031604764327,46435,0.0,0.0,0.0,True
2020-07-08,32.8125,32.9525,32.8125,32.8375,28.786103139770276,30154,0.0,0.0,0.0,True
2020-07-09,33.24,33.3,32.9225,32.93125,28.868287301676823,33173,0.0,0.0,0.0,True
2020-07-10,32.792500000000004,32.8701806640625,32.72,32.755,28.7137810772925,110512,0.0,0.0,0.0,True
2020-07-13,33.065,33.33,33.0079296875,33.3375,29.22441581260136,12200,0.0,0.0,0.0,True
2020-07-14,32.635,32.80987060546875,32.627080078125,32.8075,28.759812779971842,23385,0.0,0.0,0.0,True
2020-07-15,32.8075,32.94,32.796779785156254,32.845,28.792680015725715,8294,0.0,0.0,0.0,True
2020-07-16,32.3,32.4025,32.17798095703125,32.34625,28.355462417385738,29972,0.0,0.0,0.0,True
2020-07-17,32.585,32.76889892578125,32.585,32.71625,28.679816624044605,85489,0.0,0.0,0.0,True
2020-07-20,32.730000000000004,32.789599609375,32.5905810546875,32.795,28.748844891037336,8342,0.0,0.0,0.0,True
2020-07-21,33.3525,33.4214208984375,33.085,33.125,29.038135283951352,5212,0.0,0.0,0.0,True
2020-07-22,33.230000000000004,33.2325,32.8,32.79875,28.75213440051653,47868,0.0,0.0,0.0,True
2020-07-23,32.9475,33.013740234375,32.8456103515625,32.855000000000004,28.801447040663387,29892,0.0,0.0,0.0,True
2020-07-24,32.25,32.33258056640625,32.070791015625,32.2725,28.290812305354514,16602,0.0,0.0,0.0,True
2020-07-27,32.29,32.57580078125,32.2214599609375,32.44,28.437648722295208,47793,0.0,0.0,0.0,True
2020-07-28,32.565,32.72943115234375,32.3375,32.36125,28.368609740287866,17975,0.0,0.0,0.0,True
2020-07-29,32.515,32.56,32.37544921875,32.515,28.503391765814623,17817,0.0,0.0,0.0,True
2020-07-30,32.480000000000004,32.480000000000004,31.8410107421875,31.962500000000002,28.019058105318784,9530,0.0,0.0,0.0,True
2020-07-31,32.0225,32.048000488281254,31.55177978515625,31.635,27.73196857640161,63634,0.0,0.0,0.0,True
2020-08-03,31.875,32.1425,31.77199951171875,32.0675,28.111104366654136,10769,0.0,0.0,0.0,True
2020-08-04,32.6,32.6,32.275,32.275,28.29300459733968,1936,0.0,0.0,0.0,True
2020-08-05,32.67,32.735,32.5931298828125,32.735,28.6962534564259,60538,0.0,0.0,0.0,True
2020-08-06,32.545,32.5556103515625,32.35784912109375,32.495,28.48585985894219,24759,0.0,0.0,0.0,True
2020-08-07,32.47,32.552880859375,32.2885009765625,32.42,28.42011252941695,10248,0.0,0.0,0.0,True
2020-08-10,32.3,32.348759765625,32.17804931640625,32.09625,28.136308223973113,149381,0.0,0.0,0.0,True
2020-08-11,32.34,32.705,32.32,32.47875,28.47161960455187,71654,0.0,0.0,0.0,True
2020-08-12,32.3975,32.74617919921875,32.3975,32.725,28.687484288485315,7631,0.0,0.0,0.0,True
2020-08-13,32.46,32.55241943359375,32.445,32.56125,28.54394381003255,3105,0.0,0.0,0.0,True
2020-08-14,32.46,32.59153076171875,32.25,32.417500000000004,28.417922380434725,73065,0.0,0.0,0.0,True
2020-08-17,32.61,32.752041015625004,32.52287109375,32.74625,28.706111269848854,6566,0.0,0.0,0.0,True
2020-08-18,32.42,32.5983203125,32.32,32.355000000000004,28.363130081826455,4264,0.0,0.0,0.0,True
2020-08-19,32.32,32.452480468750004,32.23843994140625,32.35625,28.364227299320497,4331,0.0,0.0,0.0,True
2020-08-20,31.837500000000002,32.1002294921875,31.76,31.78625,27.864556166940293,65140,0.0,0.0,0.0,True
2020-08-21,32.15,32.3675,32.03449951171875,32.375,28.380668417707643,3651,0.0,0.0,0.0,True
2020-08-24,32.725,32.905,32.03449951171875,32.72875,28.690773797964496,20765,0.0,0.0,0.0,True
2020-08-25,32.87,33.01,32.730400390625,32.945,28.880341693090756,12298,0.0,0.0,0.0,True
2020-08-26,33.03,33.07968017578125,32.8225,32.92375,28.8617125687243,1379,0.0,0.0,0.0,True
2020-08-27,32.8975,32.92134033203125,32.6925,32.6925,28.65899520769298,9537,0.0,0.0,0.0,True
2020-08-28,32.7525,32.7852099609375,32.5919091796875,32.66875,28.638169505335544,4035,0.0,0.0,0.0,True
2020-09-01,32.21,32.35884033203125,31.9825,32.23875,28.26122815007108,4557,0.0,0.0,0.0,True
2020-09-02,32.6,32.72,32.405,32.46125,28.456275703658758,27528,0.0,0.0,0.0,True
2020-09-03,32.635,32.635,31.965,32.04875,28.094671820278656,27608,0.0,0.0,0.0,True
2020-09-04,32.12,32.4075,31.782500000000002,31.8675,27.935778868921112,101076,0.0,0.0,0.0,True
2020-09-07,32.225,32.225,31.99697998046875,32.2,28.227255124811503,97826,0.0,0.0,0.0,True
2020-09-08,32.225,32.32712890625,32.0075,32.26,28.279855131434626,6598,0.0,0.0,0.0,True
2020-09-09,32.3275,32.635,32.3075,32.5125,28.501199473829473,88296,0.0,0.0,0.0,True
2020-09-10,32.5075,32.88,32.28343017578125,32.91625,28.855139978774684,60336,0.0,0.0,0.0,True
2020-09-11,33.07,33.20926025390625,33.007041015625,33.11125,29.026080892537426,9034,0.0,0.0,0.0,True
2020-09-14,33.3975,33.4968798828125,33.11965087890625,33.25125,29.148799954638573,98764,0.0,0.0,0.0,True
2020-09-15,33.61,33.79468017578125,33.47989990234375,33.7175,29.557537044197876,35362,0.0,0.0,0.0,True
2020-09-16,33.6975,33.74462890625,33.42,33.51,29.375630384503584,22088,0.0,0.0,0.0,True
2020-09-17,32.895,33.084130859375,32.5418994140625,32.955,29.139047491405773,6297,0.287435,0.0,0.0,True
2020-09-18,33.125,33.17428955078125,32.9075,32.9275,29.114730049495783,14485,0.0,0.0,0.0,True
2020-09-21,32.69,32.7560791015625,32.397958984375,32.4675,28.707999165934563,10477,0.0,0.0,0.0,True
2020-09-22,32.62,32.6718310546875,32.485,32.566250000000004,28.795313717377084,8688,0.0,0.0,0.0,True
2020-09-23,32.735,32.88,32.4197412109375,32.4375,28.681472815871352,23555,0.0,0.0,0.0,True
2020-09-24,32.0,32.0775,31.642500000000002,32.0725,28.35873663744797,12903,0.0,0.0,0.0,True
2020-09-25,31.9125,31.970000000000002,31.86589111328125,31.958750000000002,28.258155668936443,3036,0.0,0.0,0.0,True
2020-09-28,32.26,32.26,32.0525,32.15,28.427258178721843,11036,0.0,0.0,0.0,True
2020-09-29,31.997500000000002,32.1775,31.93,32.14,28.418422546108918,82879,0.0,0.0,0.0,True
2020-09-30,32.2725,32.585,32.2725,32.53,28.763260774214235,74103,0.0,0.0,0.0,True
2020-10-01,32.825,33.08,32.6775,32.82,29.01967783544216,64796,0.0,0.0,0.0,True
2020-10-02,32.535000000000004,32.662919921875,32.24,32.64,28.860521896421115,14802,0.0,0.0,0.0,True
2020-10-05,32.55,32.6343310546875,32.44,32.667500000000004,28.884830692898014,25764,0.0,0.0,0.0,True
2020-10-06,32.725,33.00757080078125,32.65008056640625,32.99375,29.173315826796674,24634,0.0,0.0,0.0,True
2020-10-07,33.235,33.415,33.2025,33.325,29.466207970210437,26141,0.0,0.0,0.0,True
2020-10-08,33.3225,33.46,33.255,33.4025,29.53473599555912,19532,0.0,0.0,0.0,True
2020-10-09,33.375,33.68,33.375,33.61125,29.719313830566783,12217,0.0,0.0,0.0,True
2020-10-12,33.625,33.74425048828125,33.57384033203125,33.6575,29.760208890417356,80592,0.0,0.0,0.0,True
2020-10-13,33.605000000000004,33.84,33.58,33.72,29.815468337338764,152228,0.0,0.0,0.0,True
2020-10-14,33.9125,33.97695068359375,33.6025,33.69375,29.79225967222193,11573,0.0,0.0,0.0,True
2020-10-15,33.3625,33.395,33.02802001953125,33.3425,29.48167897271615,232236,0.0,0.0,0.0,True
2020-10-16,33.54,33.6925,33.4875,33.60125,29.71046739116249,57584,0.0,0.0,0.0,True
2020-10-19,33.645,33.645,33.4720703125,33.5525,29.66736774587524,40851,0.0,0.0,0.0,True
2020-10-20,33.7525,33.8925,33.6875,33.8175,29.901678434704674,67612,0.0,0.0,0.0,True
2020-10-21,33.917500000000004,34.036279296875,33.6025,33.58625,29.697203135451748,20988,0.0,0.0,0.0,True
2020-10-22,33.5825,33.792500000000004,33.475,33.6625,29.7646288680821,1258396,0.0,0.0,0.0,True
2020-10-23,33.8,33.836879882812504,33.65571044921875,33.785000000000004,29.872941015129935,2534260,0.0,0.0,0.0,True
2020-10-26,33.5375,33.8368994140625,33.4875,33.625,29.731467148126086,272411,0.0,0.0,0.0,True
2020-10-27,33.6225,33.71,33.6225,33.6725,29.77346017797847,150438,0.0,0.0,0.0,True
2020-10-28,33.5025,33.666630859375,33.075,33.2,29.35568475365109,21646,0.0,0.0,0.0,True
2020-10-29,33.36,33.5075,33.292500000000004,33.4525,29.578940094923006,52042,0.0,0.0,0.0,True
2020-10-30,32.9975,33.2575,32.935,33.03,29.2053622858847,89014,0.0,0.0,0.0,True
2020-11-02,33.3975,33.65366943359375,33.34868896484375,33.52,29.63862600358396,7681,0.0,0.0,0.0,True
2020-11-03,33.83,33.9975,33.355000000000004,33.385,29.51925418626206,122403,0.0,0.0,0.0,True
2020-11-04,33.515,34.5925,33.485849609375,34.5925,30.58693923596709,66231,0.0,0.0,0.0,True
2020-11-05,34.9,35.16659912109375,34.64068115234375,34.755,30.730622011124193,56141,0.0,0.0,0.0,True
2020-11-06,34.5925,35.27985107421875,34.4039794921875,34.722500000000004,30.701888914266014,56521,0.0,0.0,0.0,True
2020-11-09,35.12,36.07718994140625,35.069970703125,35.605000000000004,31.482206252298624,191476,0.0,0.0,0.0,True
2020-11-10,34.81,35.00550048828125,34.4,34.605000000000004,30.597988099449815,106214,0.0,0.0,0.0,True
2020-11-11,34.2775,34.77,34.2775,34.7425,30.71957098628322,20329,0.0,0.0,0.0,True
2020-11-12,34.7525,35.225,34.61,35.155,31.0843045172755,40796,0.0,0.0,0.0,True
2020-11-13,35.07,35.17,34.9325,35.0275,30.971563747129867,18358,0.0,0.0,0.0,True
2020-11-16,35.295,35.6875,35.2625,35.566250000000004,31.447931432832927,280345,0.0,0.0,0.0,True
2020-11-17,35.355000000000004,35.4025,35.148999023437504,35.31,31.221356245256345,22241,0.0,0.0,0.0,True
2020-11-18,35.3175,35.495,35.2075,35.265,31.181569962198928,30400,0.0,0.0,0.0,True
2020-11-19,35.17,35.3175,34.9475,35.305,31.216936267591613,133937,0.0,0.0,0.0,True
2020-11-20,35.2075,35.405,35.2075,35.37,31.27440462266625,37234,0.0,0.0,0.0,True
2020-11-23,35.54,35.671298828125,35.36363037109375,35.487500000000004,31.378305437482435,39347,0.0,0.0,0.0,True
2020-11-24,35.6,35.7402490234375,35.566640625,35.69375,31.560670041620323,88757,0.0,0.0,0.0,True
2020-11-25,35.485,35.5247802734375,35.37722900390625,35.5225,31.40925392656868,91341,0.0,0.0,0.0,True
2020-11-26,35.6925,35.83,35.66699951171875,35.7975,31.652404570727565,71762,0.0,0.0,0.0,True
2020-11-27,35.847500000000004,36.085,35.82863037109375,36.085,31.906619207877057,39442,0.0,0.0,0.0,True
2020-11-30,35.31,35.5675,35.11,35.0725,31.011360836978636,56228,0.0,0.0,0.0,True
2020-12-01,35.37,35.65,35.3675,35.4975,31.387145392811913,48999,0.0,0.0,0.0,True
2020-12-02,35.6375,35.8125,35.612500000000004,35.79625,31.651300116650944,24263,0.0,0.0,0.0,True
2020-12-03,35.85,35.9525,35.740380859375,35.8525,31.70104161590582,39695,0.0,0.0,0.0,True
2020-12-04,36.285000000000004,36.3925,35.93,36.1425,31.957456515775448,154199,0.0,0.0,0.0,True
2020-12-07,36.32,36.72375,36.32,36.59,32.353142858570536,63234,0.0,0.0,0.0,True
2020-12-08,36.465,36.6075,36.395,36.4975,32.271350577511086,37541,0.0,0.0,0.0,True
2020-12-09,36.58,36.652099609375,36.300000000000004,36.3025,32.098932544137575,15552,0.0,0.0,0.0,True
2020-12-10,36.395,36.7775,36.3025,36.737500000000004,32.55471449769698,125982,0.079343,0.0,0.0,True
2020-12-11,36.7525,36.9,36.6381298828125,36.7975,32.6078779067931,13921,0.0,0.0,0.0,True
2020-12-14,36.42,36.4625,36.230000000000004,36.3975,32.2534262988854,40140,0.0,0.0,0.0,True
2020-12-15,36.5,36.5,36.065,36.1625,32.04518056412707,13865,0.0,0.0,0.0,True
2020-12-16,36.3125,36.4035009765625,36.15282958984375,36.31,32.17588188698674,110578,0.0,0.0,0.0,True
2020-12-17,36.44,36.44,36.2025,36.25,32.12272280998069,126479,0.0,0.0,0.0,True
2020-12-18,36.25,36.561000976562504,36.25,36.5275,32.36862090541039,45003,0.0,0.0,0.0,True
2020-12-21,36.730000000000004,36.811201171875,36.08613037109375,36.425000000000004,32.277792139372785,55218,0.0,0.0,0.0,True
2020-12-22,35.9675,36.29199951171875,35.96,36.1825,32.06290747661249,19944,0.0,0.0,0.0,True
2020-12-23,36.3525,36.37212890625,35.885,36.115,32.003087811154266,24185,0.0,0.0,0.0,True
2020-12-24,35.9775,36.31844970703125,35.8075,35.83625,31.756078534626706,4710,0.0,0.0,0.0,True
2020-12-29,36.2,36.49485107421875,36.2,36.465,32.31323946620858,32934,0.0,0.0,0.0,True
2020-12-30,36.94,36.99949951171875,36.71199951171875,36.855000000000004,32.6588319499636,11036,0.0,0.0,0.0,True
2020-12-31,36.8975,36.8975,36.65468017578125,36.8125,32.62117525720219,5259,0.0,0.0,0.0,True
2021-01-04,37.2,37.5197998046875,37.02947021484375,37.2075,32.971199469078584,66929,0.0,0.0,0.0,True
2021-01-05,37.51,37.615,37.32052978515625,37.5675,33.29021241433057,106089,0.0,0.0,0.0,True
2021-01-06,37.545,37.862500000000004,37.429829101562504,37.8275,33.52060812551558,101535,0.0,0.0,0.0,True
2021-01-07,37.825,37.8575,37.660000000000004,37.8575,33.54719416215368,32065,0.0,0.0,0.0,True
2021-01-08,38.4425,38.97594970703125,38.37693115234375,38.8525,34.4289044500717,95525,0.0,0.0,0.0,True
2021-01-11,38.905,38.97,38.7525,38.847500000000004,34.42447488799539,38107,0.0,0.0,0.0,True
2021-01-12,38.7725,38.8575,38.61837890625,38.78125,34.365770735725064,45021,0.0,0.0,0.0,True
2021-01-13,38.69,38.725,38.53,38.655,34.25389234413353,70376,0.0,0.0,0.0,True
2021-01-14,38.94,39.245,38.91969970703125,39.16875,34.70914952146443,53912,0.0,0.0,0.0,True
2021-01-15,38.895,38.948620605468754,38.6835009765625,38.84375,34.421152174926874,45994,0.0,0.0,0.0,True
2021-01-18,38.9225,39.0272802734375,38.88050048828125,39.0,34.55961660315651,246502,0.0,0.0,0.0,True
2021-01-19,39.56,39.5822998046875,39.27,39.27,34.79887143849418,22725,0.0,0.0,0.0,True
2021-01-20,39.8675,39.88550048828125,39.71,39.78,35.25080157066657,43868,0.0,0.0,0.0,True
2021-01-21,40.0125,40.044331054687504,39.6002490234375,39.75125,35.22533104721637,33218,0.0,0.0,0.0,True
2021-01-22,39.4975,39.535000000000004,39.27,39.417500000000004,34.929579259488946,29932,0.0,0.0,0.0,True
2021-01-25,40.055,40.125,39.5675,39.7075,35.18656100731209,68261,0.0,0.0,0.0,True
2021-01-26,39.4575,39.48405029296875,39.265,39.265,34.79444187641788,60971,0.0,0.0,0.0,True
2021-01-27,38.9775,38.99550048828125,38.61695068359375,38.6925,34.28712380690864,267319,0.0,0.0,0.0,True
2021-01-28,38.1575,38.5275,37.9025,38.5275,34.14091143562421,75980,0.0,0.0,0.0,True
2021-01-29,37.89,37.99910888671875,37.667500000000004,37.8325,33.52504201968197,78289,0.0,0.0,0.0,True
2021-02-01,38.325,38.6122509765625,38.315859375,38.595,34.20072460294739,57448,0.0,0.0,0.0,True
2021-02-02,39.245,39.4975,39.245,39.45875,34.96612910324252,91752,0.0,0.0,0.0,True
2021-02-03,39.7025,39.8075,39.525,39.615,35.104589199382126,176606,0.0,0.0,0.0,True
2021-02-04,39.69,39.84761962890625,39.292500000000004,39.41125,34.92404068235978,89201,0.0,0.0,0.0,True
2021-02-05,39.5775,39.67364990234375,39.426650390625,39.6425,35.12897020218466,112108,0.0,0.0,0.0,True
2021-02-08,39.6475,39.865,39.5785009765625,39.76625,35.23861756740035,40614,0.0,0.0,0.0,True
2021-02-09,39.722500000000004,39.89,39.6393505859375,39.89,35.34828442702129,41533,0.0,0.0,0.0,True
2021-02-10,40.230000000000004,40.230000000000004,39.81,39.9925,35.43911319305887,47609,0.0,0.0,0.0,True
2021-02-11,40.38,40.64,40.326550292968754,40.60625,35.98298543841173,35473,0.0,0.0,0.0,True
2021-02-12,40.495,40.53,40.3675,40.5275,35.91319330165791,57253,0.0,0.0,0.0,True
2021-02-15,40.6,40.7575,40.59373046875,40.761250000000004,36.12033435345345,25751,0.0,0.0,0.0,True
2021-02-16,40.63,40.73199951171875,40.4425,40.425000000000004,35.82236886771039,45772,0.0,0.0,0.0,True
2021-02-17,40.69,40.6975,40.4,40.43375,35.83012547494525,101590,0.0,0.0,0.0,True
2021-02-18,40.0925,40.0925,39.37931884765625,39.4775,34.98274916672014,41901,0.0,0.0,0.0,True
2021-02-19,39.72,39.959499511718754,39.70169921875,39.955,35.405879564238724,54713,0.0,0.0,0.0,True
2021-02-22,38.9425,38.9425,38.6475,38.705,34.298203127212034,51665,0.0,0.0,0.0,True
2021-02-23,38.565,38.590900878906254,37.81,38.3175,33.95482217542765,44567,0.0,0.0,0.0,True
2021-02-24,37.8125,38.2425,37.6825,38.12,33.77981006948946,50316,0.0,0.0,0.0,True
2021-02-25,38.4125,38.4125,38.0464990234375,38.0675,33.73328342235025,36279,0.0,0.0,0.0,True
2021-02-26,37.5,37.61,37.11260009765625,37.4575,33.19274472029104,101171,0.0,0.0,0.0,True
2021-03-01,37.9625,38.4075,37.875,38.385,34.01463967484086,139740,0.0,0.0,0.0,True
2021-03-02,38.055,38.1925,37.8975,37.9375,33.61808881582529,165821,0.0,0.0,0.0,True
2021-03-03,38.542500000000004,38.596298828125,38.04239990234375,38.0775,33.74214687859298,52781,0.0,0.0,0.0,True
2021-03-04,37.6825,37.792500000000004,37.345,37.65,33.36332076601782,190277,0.0,0.0,0.0,True
2021-03-05,37.5225,37.80860107421875,37.08949951171875,37.1925,32.95791078284957,80409,0.0,0.0,0.0,True
2021-03-08,36.972500000000004,37.1425,36.675000000000004,36.93,32.72529487551384,63588,0.0,0.0,0.0,True
2021-03-09,36.5625,37.28591064453125,36.5625,37.2575,33.01550808611204,114580,0.0,0.0,0.0,True
2021-03-10,37.145,37.395,37.0325,37.0725,32.851570968387215,61158,0.0,0.0,0.0,True
2021-03-11,37.6575,37.9225,37.6575,37.9225,33.70038887702099,64675,0.105161,0.0,0.0,True
2021-03-12,37.52,37.52,37.26068115234375,37.4125,33.24716644728565,122380,0.0,0.0,0.0,True
2021-03-15,37.3175,37.62,37.2725,37.4975,33.322702794859815,65358,0.0,0.0,0.0,True
2021-03-16,37.875,37.92,37.775,37.785000000000004,33.57819485163536,19479,0.0,0.0,0.0,True
2021-03-17,37.465,37.53050048828125,37.1875,37.375,33.21384791283733,32319,0.0,0.0,0.0,True
2021-03-18,37.6,37.60794921875,37.34,37.41875,33.252720622432946,160637,0.0,0.0,0.0,True
2021-03-19,37.1275,37.555,37.09819091796875,37.52,33.34270607954164,48791,0.0,0.0,0.0,True
2021-03-22,37.3275,37.5875,37.3275,37.5775,33.39379927774841,101524,0.0,0.0,0.0,True
2021-03-23,37.2525,37.3343994140625,37.15360107421875,37.331250000000004,33.17496868680629,57590,0.0,0.0,0.0,True
2021-03-24,36.980000000000004,37.1039990234375,36.7525,36.7525,32.66065250259584,77703,0.0,0.0,0.0,True
2021-03-25,36.64,36.705,36.255,36.54875,32.47958682722306,129996,0.0,0.0,0.0,True
2021-03-26,36.9525,36.95280029296875,36.58949951171875,36.6775,32.5940024008283,217448,0.0,0.0,0.0,True
2021-03-29,36.44,36.9660107421875,36.44,36.8975,32.789508497155005,64097,0.0,0.0,0.0,True
2021-03-30,37.07,37.335,37.05800048828125,37.315,33.16052609370719,26487,0.0,0.0,0.0,True
2021-03-31,37.0775,37.3525,37.0052490234375,37.2525,33.10498651437938,30211,0.0,0.0,0.0,True
2021-04-01,37.800000000000004,37.90324951171875,37.6577490234375,37.7075,33.50932916181532,74130,0.0,0.0,0.0,True
2021-04-06,37.6025,37.95675048828125,37.4914990234375,37.9025,33.682616385407705,182518,0.0,0.0,0.0,True
2021-04-07,37.75,37.75800048828125,37.38800048828125,37.59625,33.41045745889998,68614,0.0,0.0,0.0,True
2021-04-08,37.9625,38.0122509765625,37.89,37.97625,33.748152176713546,16168,0.0,0.0,0.0,True
2021-04-09,37.7475,37.8325,37.52699951171875,37.566250000000004,33.38380306577035,25296,0.0,0.0,0.0,True
2021-04-12,37.4425,37.4425,37.2525,37.33625,33.179406379346716,36790,0.0,0.0,0.0,True
2021-04-13,37.29,37.5725,37.161999511718754,37.57625,33.39268713943185,139984,0.0,0.0,0.0,True
2021-04-14,37.645,37.88333984375,37.645,37.722500000000004,33.52265961659786,32112,0.0,0.0,0.0,True
2021-04-15,37.675000000000004,37.915249023437504,37.67324951171875,37.83375,33.62151828664232,17337,0.0,0.0,0.0,True
2021-04-16,38.13,38.1660009765625,37.842490234375,37.92125,33.69927673870444,48347,0.0,0.0,0.0,True
2021-04-19,37.8275,37.92324951171875,37.35875,37.35875,33.1994074918834,24603,0.0,0.0,0.0,True
2021-04-20,37.535000000000004,37.55449951171875,37.160000000000004,37.160000000000004,33.02278602548652,22568,0.0,0.0,0.0,True
2021-04-21,37.1625,37.263500976562504,37.0,37.24875,33.10165444372004,20970,0.0,0.0,0.0,True
2021-04-22,37.4225,37.722500000000004,37.3725,37.6875,33.49155232591175,46757,0.0,0.0,0.0,True
2021-04-23,37.85,38.0125,37.81,38.0075,33.775929568885466,53487,0.0,0.0,0.0,True
2021-04-26,37.9425,37.9625,37.730000000000004,37.95,33.72483419853355,74672,0.0,0.0,0.0,True
2021-04-27,38.1,38.1,37.945,37.972500000000004,33.74482227819933,126025,0.0,0.0,0.0,True
2021-04-28,38.112500000000004,38.245,38.0322509765625,38.10125,33.859240023949724,45711,0.0,0.0,0.0,True
2021-04-29,38.2125,38.29,37.8672509765625,37.87125,33.65484985396154,53738,0.0,0.0,0.0,True
2021-04-30,37.7525,37.81699951171875,37.54,37.75,33.54709624952984,45966,0.0,0.0,0.0,True
2021-05-04,37.5075,37.565,36.92,37.0025,32.88282168063275,35752,0.0,0.0,0.0,True
2021-05-05,37.075,37.31,37.075,37.2675,33.118314797016765,12149,0.0,0.0,0.0,True
2021-05-06,37.3225,37.487500000000004,37.30574951171875,37.5475,33.367144884618774,65387,0.0,0.0,0.0,True
2021-05-07,37.47,37.87,37.443249511718754,37.845,33.63151449862035,54336,0.0,0.0,0.0,True
2021-05-10,37.32,37.32,36.7764990234375,36.845,32.742852991488704,98079,0.0,0.0,0.0,True
2021-05-11,36.455,36.455,35.895,36.39625,32.344066691345205,44802,0.0,0.0,0.0,True
2021-05-12,36.3125,36.3710009765625,35.86300048828125,35.865,31.87196180382518,49377,0.0,0.0,0.0,True
2021-05-13,35.78,36.0375,35.56,35.816250000000004,31.828640540963374,90301,0.0,0.0,0.0,True
2021-05-14,35.9375,36.1975,35.910000000000004,36.1875,32.15855897914168,62765,0.0,0.0,0.0,True
2021-05-17,36.1925,36.1925,35.9477490234375,36.073750000000004,32.057469516028696,29494,0.0,0.0,0.0,True
2021-05-18,36.58,36.58,36.3875,36.51,32.445156154458196,134955,0.0,0.0,0.0,True
2021-05-19,36.32,36.3775,36.0622509765625,36.325,32.280750832382175,35414,0.0,0.0,0.0,True
2021-05-20,36.4225,36.6375,36.32199951171875,36.6375,32.55845090116628,67478,0.0,0.0,0.0,True
2021-05-21,36.54,36.54,36.3275,36.3275,32.282972936870124,49194,0.0,0.0,0.0,True
2021-05-24,36.4575,36.5325,36.4089990234375,36.525,32.45848009280529,28139,0.0,0.0,0.0,True
2021-05-25,36.9275,37.1,36.9139990234375,36.94,32.82727992915982,31338,0.0,0.0,0.0,True
2021-05-26,37.21,37.21,37.035000000000004,37.175000000000004,33.036112135978776,71433,0.0,0.0,0.0,True
2021-05-27,37.2,37.2425,37.0927490234375,37.1375,33.00278708509498,27135,0.0,0.0,0.0,True
2021-05-28,37.2675,37.4775,37.2552490234375,37.3825,33.220512054156025,42118,0.0,0.0,0.0,True
2021-06-01,38.0125,38.2610009765625,37.9375,38.1325,33.88701089968622,93902,0.0,0.0,0.0,True
2021-06-02,38.1,38.2025,38.07902099609375,38.2025,33.949212448187545,37989,0.0,0.0,0.0,True
2021-06-03,38.105000000000004,38.105000000000004,37.7825,38.050000000000004,33.813694484454814,69137,0.0,0.0,0.0,True
2021-06-04,38.03,38.10875,37.8760009765625,38.10875,33.86589982097812,19738,0.0,0.0,0.0,True
2021-06-07,37.99,38.0725,37.84,37.85125,33.63707301805794,35564,0.0,0.0,0.0,True
2021-06-08,37.8525,37.975,37.7675,37.795,33.58708978602261,42221,0.0,0.0,0.0,True
2021-06-09,37.68,37.92,37.6775,37.865,33.649293506669096,17247,0.0,0.0,0.0,True
2021-06-10,38.0075,38.07572998046875,37.9575,38.025,33.7914799560108,39789,0.0,0.0,0.0,True
2021-06-11,38.0275,38.06465087890625,37.945,37.9525,33.72704978658606,37032,0.0,0.0,0.0,True
2021-06-14,38.11,38.1875,38.0264990234375,38.18125,33.93033433469315,8521,0.0,0.0,0.0,True
2021-06-15,38.135,38.235,37.935,37.935,33.71149939946075,133429,0.0,0.0,0.0,True
2021-06-16,37.800000000000004,37.925000000000004,37.7239990234375,37.89625,33.67706438240557,121958,0.0,0.0,0.0,True
2021-06-17,37.6925,37.9764990234375,37.635,37.9625,33.89184111082534,65511,0.17432299,0.0,0.0,True
2021-06-18,38.09,38.1227490234375,37.9335009765625,37.97,33.89852701112611,160446,0.0,0.0,0.0,True
2021-06-21,37.81,37.8375,37.5125,37.6425,33.60614979790791,105350,0.0,0.0,0.0,True
2021-06-22,37.685,37.685,37.4475,37.5,33.478923486864645,50783,0.0,0.0,0.0,True
2021-06-23,37.75,37.8825,37.6822509765625,37.8175,33.76237598329756,136899,0.0,0.0,0.0,True
2021-06-24,37.917500000000004,38.22125,37.9064990234375,38.21125,34.11391381301529,57490,0.0,0.0,0.0,True
2021-06-25,38.5175,38.585,38.4425,38.48375,34.35718980933791,50215,0.0,0.0,0.0,True
2021-06-28,38.417500000000004,38.6272509765625,38.40221923828125,38.5675,34.43195886084118,33877,0.0,0.0,0.0,True
2021-06-29,38.42,38.54,38.42,38.5325,34.40071144168092,36656,0.0,0.0,0.0,True
2021-06-30,38.68,38.7125,38.4625,38.5725,34.43641903715149,11956,0.0,0.0,0.0,True
2021-07-01,38.53,38.6527490234375,38.3575,38.3775,34.26233687194423,9815,0.0,0.0,0.0,True
2021-07-02,38.21,38.3675,38.1447509765625,38.23375,34.13399333474104,11484,0.0,0.0,0.0,True
2021-07-05,38.0,38.03550048828125,37.935,37.9525,33.882905483628335,12760,0.0,0.0,0.0,True
2021-07-06,37.89,37.9475,37.75,37.7875,33.735597468776966,103834,0.0,0.0,0.0,True
2021-07-07,37.85,37.89,37.6925,37.722500000000004,33.67756717093141,9418,0.0,0.0,0.0,True
2021-07-08,37.1275,37.1775,36.862500000000004,36.99,33.02361018505026,114896,0.0,0.0,0.0,True
2021-07-09,37.17,37.32,37.135,37.32,33.3182305789177,93374,0.0,0.0,0.0,True
2021-07-12,37.1275,37.295,37.07199951171875,37.2425,33.249036747802286,24676,0.0,0.0,0.0,True
2021-07-13,37.58,37.6625,37.5725,37.660000000000004,33.62176041499399,22012,0.0,0.0,0.0,True
2021-07-14,37.5475,37.745,37.53,37.5925,33.561504393157975,23651,0.0,0.0,0.0,True
2021-07-15,37.93,37.9739990234375,37.7,37.765,33.71550921872184,26821,0.0,0.0,0.0,True
2021-07-16,37.725,37.8510009765625,37.6664990234375,37.660000000000004,33.62176041499399,34135,0.0,0.0,0.0,True
2021-07-19,37.425000000000004,37.45125,37.0275,37.205,33.215554876322194,15402,0.0,0.0,0.0,True
2021-07-20,37.345,37.480000000000004,37.28050048828125,37.46,33.443215891394075,19189,0.0,0.0,0.0,True
2021-07-21,37.4,37.4285009765625,37.2675,37.38125,33.37291138036581,16620,0.0,0.0,0.0,True
2021-07-22,37.612500000000004,37.6375,37.4147509765625,37.4275,33.414198560388954,9940,0.0,0.0,0.0,True
2021-07-23,37.265,37.30375,36.75324951171875,36.8425,32.8919280618614,43167,0.0,0.0,0.0,True
2021-07-26,36.2425,36.25,35.92,36.0625,32.19556230563248,35565,0.0,0.0,0.0,True
2021-07-27,35.3325,35.38375,34.9,34.92875,31.18338158973283,53672,0.0,0.0,0.0,True
2021-07-28,35.215,35.895,35.165,35.83625,31.993575671415343,28838,0.0,0.0,0.0,True
2021-07-29,36.1,36.29449951171875,35.9322509765625,36.10375,32.23239149142768,10149,0.0,0.0,0.0,True
2021-07-30,35.6175,35.980000000000004,35.6025,35.945,32.09066524321122,27038,0.0,0.0,0.0,True
2021-08-02,36.12,36.3302490234375,36.0485009765625,36.315,32.42098886838451,160762,0.0,0.0,0.0,True
2021-08-03,36.2025,36.25824951171875,36.02675048828125,36.12375,32.250247471245295,17996,0.0,0.0,0.0,True
2021-08-04,36.4975,36.597500000000004,36.445,36.480000000000004,32.56829688323588,26107,0.0,0.0,0.0,True
2021-08-05,36.29,36.4775,36.29,36.475,32.56383234276088,18778,0.0,0.0,0.0,True
2021-08-06,36.222500000000004,36.305,36.1625,36.18125,32.30158750462538,17600,0.0,0.0,0.0,True
2021-08-09,36.32,36.44,36.26175048828125,36.4325,32.52589029497048,9258,0.0,0.0,0.0,True
2021-08-10,36.565,36.6075,36.3925,36.4525,32.5437462747881,5655,0.0,0.0,0.0,True
2021-08-11,36.4925,36.61074951171875,36.345,36.40625,32.502456912682625,3875,0.0,0.0,0.0,True
2021-08-12,36.2,36.3375,36.1139990234375,36.2425,32.35626612399117,16591,0.0,0.0,0.0,True
2021-08-13,36.075,36.1402490234375,35.9525,36.0575,32.19109994723982,5435,0.0,0.0,0.0,True
2021-08-16,35.7775,35.81,35.6975,35.7475,31.91434426151941,98579,0.0,0.0,0.0,True
2021-08-17,35.3675,35.61,35.2860009765625,35.56375,31.750290946763315,12050,0.0,0.0,0.0,True
2021-08-18,35.84,35.84,35.575,35.665,31.840688072011393,5434,0.0,0.0,0.0,True
2021-08-19,35.0,35.1225,34.80574951171875,35.04875,31.29051746863863,277493,0.0,0.0,0.0,True
2021-08-20,34.737500000000004,35.17,34.70300048828125,35.12,31.354129533119085,308212,0.0,0.0,0.0,True
2021-08-23,35.245,35.3172509765625,35.230000000000004,35.25125,31.471307354970104,65028,0.0,0.0,0.0,True
2021-08-24,35.82,36.2325,35.785000000000004,36.1525,32.275915305853005,79521,0.0,0.0,0.0,True
2021-08-25,36.21,36.2527490234375,36.1347509765625,36.2525,32.36519956910584,25831,0.0,0.0,0.0,True
2021-08-26,35.9475,36.0797509765625,35.847500000000004,36.01375,32.15204503745418,19645,0.0,0.0,0.0,True
2021-08-27,36.07,36.2575,36.07,36.23125,32.346221998963586,10129,0.0,0.0,0.0,True
2021-08-31,36.82,36.9,36.7125,36.8875,32.93210019780694,27536,0.0,0.0,0.0,True
2021-09-01,37.1925,37.2875,37.04,37.27375,33.27693685264751,131866,0.0,0.0,0.0,True
2021-09-02,37.167500000000004,37.27324951171875,37.111689453125,37.1525,33.16868811174647,57760,0.0,0.0,0.0,True
2021-09-03,36.980000000000004,37.123249511718754,36.97699951171875,37.09,33.11289008413843,390652,0.0,0.0,0.0,True
2021-09-06,37.3225,37.5175,37.3225,37.5175,33.49455156060947,92326,0.0,0.0,0.0,True
2021-09-07,37.47,37.615,37.3425,37.56125,33.53360647039512,128811,0.0,0.0,0.0,True
2021-09-08,37.3975,37.4452490234375,37.1075,37.1175,33.137440692586196,77173,0.0,0.0,0.0,True
2021-09-09,36.755,36.847500000000004,36.35280029296875,36.7675,32.82497086514819,17352,0.0,0.0,0.0,True
2021-09-10,36.9375,37.08,36.835,36.88,32.92540338709447,6278,0.0,0.0,0.0,True
2021-09-13,36.7,36.745,36.7097998046875,36.745,32.804880433010716,377,0.0,0.0,0.0,True
2021-09-14,36.5375,36.6075,36.480000000000004,36.6075,32.682127390771825,32657,0.0,0.0,0.0,True
2021-09-15,36.45,36.50800048828125,36.2825,36.2825,32.391971537379405,7409,0.0,0.0,0.0,True
2021-09-16,36.2,36.2,35.765,35.8925,32.29941481841825,78050,0.28714699,0.0,0.0,True
2021-09-17,36.0025,36.105000000000004,35.91860107421875,35.917500000000004,32.32190721279376,28623,0.0,0.0,0.0,True
2021-09-20,35.4625,35.49614990234375,35.24236083984375,35.29,31.757224292534787,35254,0.0,0.0,0.0,True
2021-09-21,35.525,35.55697998046875,35.355000000000004,35.40875,31.86408680845457,45426,0.0,0.0,0.0,True
2021-09-22,35.875,36.1435009765625,35.792500000000004,36.0475,32.43889317560024,18938,0.0,0.0,0.0,True
2021-09-23,36.2525,36.3635009765625,35.863850097656254,35.895,32.30166031902034,30524,0.0,0.0,0.0,True
2021-09-24,35.800000000000004,35.907490234375004,35.71998046875,35.77375,32.192550103183514,148137,0.0,0.0,0.0,True
2021-09-27,35.99,36.02,35.69080078125,35.825,32.23866973846799,35414,0.0,0.0,0.0,True
2021-09-28,35.9575,36.03844970703125,35.815,35.815,32.2296701415398,20506,0.0,0.0,0.0,True
2021-09-29,35.972500000000004,36.075,35.91468017578125,35.97875,32.377028644321406,5825,0.0,0.0,0.0,True
2021-09-30,36.167500000000004,36.1775,35.99302978515625,36.13875,32.521006799967495,19507,0.0,0.0,0.0,True
2021-10-01,35.665,35.7725,35.506970214843754,35.595,32.031696603639574,13579,0.0,0.0,0.0,True
2021-10-04,35.405,35.45697998046875,34.965,34.9625,31.46251388491653,4622,0.0,0.0,0.0,True
2021-10-05,35.205,35.335,35.07719970703125,35.29625,31.762850140272416,15131,0.0,0.0,0.0,True
2021-10-06,35.015,35.09,34.765,35.0375,31.530004263932984,99033,0.0,0.0,0.0,True
2021-10-07,35.6975,35.89,35.6975,35.875,32.28366332447894,17355,0.0,0.0,0.0,True
2021-10-08,35.785000000000004,35.9275,35.74693115234375,35.886250000000004,32.29378677136565,24663,0.0,0.0,0.0,True
2021-10-11,36.12,36.18,36.07635009765625,36.125,32.50864005179369,16767,0.0,0.0,0.0,True
2021-10-12,35.7475,35.91943115234375,35.7475,35.8675,32.276918025412776,11580,0.0,0.0,0.0,True
2021-10-13,35.8375,36.085,35.8375,36.085,32.47264606271093,2986,0.0,0.0,0.0,True
2021-10-14,36.1475,36.21530029296875,36.00072021484375,36.085,32.47264606271093,47059,0.0,0.0,0.0,True
2021-10-15,36.36,36.4335009765625,36.195,36.4075,32.76286107049507,38106,0.0,0.0,0.0,True
2021-10-18,36.22,36.43,36.16742919921875,36.41375,32.768482519602706,12981,0.0,0.0,0.0,True
2021-10-19,36.615,36.635,36.4025,36.53375,32.876468885481,1621307,0.0,0.0,0.0,True
2021-10-20,36.555,36.7475,36.415,36.4325,32.785355664185566,2644123,0.0,0.0,0.0,True
2021-10-21,36.175000000000004,36.242519531250004,36.042500000000004,36.042500000000004,32.43439557645113,2783547,0.0,0.0,0.0,True
2021-10-22,36.185,36.410000000000004,36.1425,36.1425,32.52438274847305,2486397,0.0,0.0,0.0,True
2021-10-25,36.300000000000004,36.3789306640625,36.2360791015625,36.34625,32.7077396389674,17744,0.0,0.0,0.0,True
2021-10-26,36.3375,36.45947021484375,36.305,36.305,32.670617401296134,15247,0.0,0.0,0.0,True
2021-10-27,36.01,36.20300048828125,35.9485009765625,36.0825,32.47039396416389,9359,0.0,0.0,0.0,True
2021-10-28,35.910000000000004,35.952880859375,35.7725,35.7725,32.19142625322499,115009,0.0,0.0,0.0,True
2021-10-29,35.5,35.6875,35.445,35.64,32.07218819187149,77954,0.0,0.0,0.0,True
2021-11-01,35.7625,36.0075,35.44699951171875,35.980000000000004,32.37815469359494,19029,0.0,0.0,0.0,True
2021-11-02,35.75,35.8875,35.75,35.8375,32.249919234628216,160134,0.0,0.0,0.0,True
2021-11-03,35.8575,35.8575,35.62947998046875,35.7075,32.13293107250678,12766,0.0,0.0,0.0,True
2021-11-04,36.042500000000004,36.320029296875,36.04,36.12125,32.50526190397313,14229,0.0,0.0,0.0,True
2021-11-05,36.300000000000004,36.425029296875,36.09824951171875,36.253750000000004,32.624506563271616,18750,0.0,0.0,0.0,True
2021-11-08,36.3425,36.5275,36.269150390625,36.3325,32.695366292848654,52889,0.0,0.0,0.0,True
2021-11-09,36.300000000000004,36.47875,36.2575,36.325,32.688620993782486,23458,0.0,0.0,0.0,True
2021-11-10,36.4225,36.6364990234375,36.4,36.6,32.93608571684277,129154,0.0,0.0,0.0,True
2021-11-11,36.8225,37.29949951171875,36.8225,37.27625,33.54464277178414,12355,0.0,0.0,0.0,True
2021-11-12,37.2025,37.24947998046875,37.1502490234375,37.22,33.494018939405585,6550,0.0,0.0,0.0,True
2021-11-15,37.22,37.439130859375,37.12,37.1025,33.388282472759336,273868,0.0,0.0,0.0,True
2021-11-16,37.285000000000004,37.285000000000004,37.01219970703125,37.13,33.41302916499688,13457,0.0,0.0,0.0,True
2021-11-17,37.175000000000004,37.175000000000004,36.8325,36.8575,33.167809942538675,11775,0.0,0.0,0.0,True
2021-11-18,36.6625,36.69614990234375,36.112500000000004,36.33375,32.69649014280718,47323,0.0,0.0,0.0,True
2021-11-19,36.480000000000004,36.56587890625,36.316630859375,36.417500000000004,32.771856268793286,9195,0.0,0.0,0.0,True
2021-11-22,36.415,36.53927978515625,36.31580078125,36.3275,32.69086869369956,5283,0.0,0.0,0.0,True
2021-11-23,36.2075,36.40032958984375,36.1289208984375,36.165,32.54463404087647,38011,0.0,0.0,0.0,True
2021-11-24,36.3025,36.345600585937504,36.0475,36.237500000000004,32.60987452066085,7778,0.0,0.0,0.0,True
2021-11-25,36.38,36.4489306640625,36.371899414062504,36.415,32.76960856887624,8571,0.0,0.0,0.0,True
2021-11-26,35.605000000000004,35.605000000000004,34.96922119140625,34.972500000000004,31.471511282529725,20992,0.0,0.0,0.0,True
2021-11-29,35.3825,35.52001953125,35.24,35.275,31.743729295772493,43055,0.0,0.0,0.0,True
2021-11-30,35.0725,35.31114990234375,34.9,35.292500000000004,31.759471992451868,41182,0.0,0.0,0.0,True
2021-12-01,35.65,35.8575,35.58215087890625,36.011250000000004,32.406275135023044,42940,0.0,0.0,0.0,True
2021-12-02,35.910000000000004,36.0039697265625,35.78114990234375,35.96625,32.36578354679115,1197,0.0,0.0,0.0,True
2021-12-03,35.92,35.935,35.5264794921875,35.5525,31.993450516009776,8229,0.0,0.0,0.0,True
2021-12-06,35.4925,35.59364990234375,35.222729492187504,35.57875,32.01707115897379,15574,0.0,0.0,0.0,True
2021-12-07,36.085,36.28455078125,36.04,36.3025,32.66836750206409,52778,0.0,0.0,0.0,True
2021-12-08,36.335,36.5525,36.235,36.511250000000004,32.856224191022534,114768,0.0,0.0,0.0,True
2021-12-09,36.68,36.68,36.42330078125,36.518750000000004,32.862973888718685,204305,0.0,0.0,0.0,True
2021-12-10,36.2625,36.416149902343754,36.21,36.225,32.598622825185636,390816,0.0,0.0,0.0,True
2021-12-13,36.237500000000004,36.237500000000004,35.7960791015625,35.74875,32.170057708808,4257,0.0,0.0,0.0,True
2021-12-14,35.795,35.88094970703125,35.545,35.55875,31.999071965117416,42424,0.0,0.0,0.0,True
2021-12-15,35.5375,35.5448291015625,35.1925,35.215,31.68973391351838,62817,0.0,0.0,0.0,True
2021-12-16,35.57,35.5735791015625,35.339951171875,35.43375,32.012597803794506,5925,0.13861800999999999,0.0,0.0,True
2021-12-17,35.2075,35.3125,34.975,35.2525,31.848843063546116,14053,0.0,0.0,0.0,True
2021-12-20,34.64,34.81034912109375,34.550000000000004,34.63,31.286444103343747,27741,0.0,0.0,0.0,True
2021-12-21,34.9975,35.205,34.9475,35.185,31.787862544300094,13550,0.0,0.0,0.0,True
2021-12-22,35.135,35.185,34.985,35.185,31.787862544300094,54687,0.0,0.0,0.0,True
2021-12-23,35.155,35.2875,35.04280029296875,35.222500000000004,31.821740855872253,9145,0.0,0.0,0.0,True
2021-12-24,35.01,35.365,35.01,35.0575,31.672670985948823,1752,0.0,0.0,0.0,True
2021-12-29,35.19,35.1925,34.839580078125,34.95375,31.578935985982447,9141,0.0,0.0,0.0,True
2021-12-30,34.9775,35.2481005859375,34.8452490234375,35.2125,31.812703842755393,5749,0.0,0.0,0.0,True
2021-12-31,35.35,35.37534912109375,35.3025,35.35,31.9369279983852,1670,0.0,0.0,0.0,True
2022-01-04,35.4325,35.50280029296875,35.11,35.13125,31.73929936240297,20848,0.0,0.0,0.0,True
2022-01-05,34.9525,35.28,34.84699951171875,35.02,31.638788258538355,249793,0.0,0.0,0.0,True
2022-01-06,34.755,34.878349609375,34.665,34.8375,31.47391189535732,93559,0.0,0.0,0.0,True
2022-01-07,34.975,35.12864990234375,34.7875,34.93,31.557477219678372,183608,0.0,0.0,0.0,True
2022-01-10,35.2075,35.265,34.8575,34.96375,31.587975207018452,35072,0.0,0.0,0.0,True
2022-01-11,35.2775,35.6025,35.2,35.6025,32.16505903754579,4423,0.0,0.0,0.0,True
2022-01-12,35.815,36.0605810546875,35.8125,35.9625,32.49029215338989,64104,0.0,0.0,0.0,True
2022-01-13,35.8725,35.888349609375,35.735,35.735,32.28475475098097,2946,0.0,0.0,0.0,True
2022-01-14,35.52,35.66498046875,35.345,35.595,32.15827630989006,91368,0.0,0.0,0.0,True
2022-01-17,35.5675,35.7025,35.515529785156254,35.655,32.212478517318694,30355,0.0,0.0,0.0,True
2022-01-18,35.4025,35.4525,35.209990234375,35.40125,31.983234686902062,21888,0.0,0.0,0.0,True
2022-01-19,35.15,35.49719970703125,35.0668310546875,35.4025,31.984362933592173,71229,0.0,0.0,0.0,True
2022-01-20,35.68,35.987500000000004,35.6775,35.9775,32.503844361186424,64761,0.0,0.0,0.0,True
2022-01-21,35.65,35.7425,35.3275,35.5375,32.10632838792257,22263,0.0,0.0,0.0,True
2022-01-24,35.195,35.2,34.5,34.52,31.187065662007562,233044,0.0,0.0,0.0,True
2022-01-25,34.7125,34.79056884765625,34.550000000000004,34.63875,31.29435066185128,14318,0.0,0.0,0.0,True
2022-01-26,34.9975,35.0252490234375,34.7175,34.745,31.390344363117062,18040,0.0,0.0,0.0,True
2022-01-27,34.0825,34.64302978515625,34.0825,34.612500000000004,31.270635402166963,30188,0.0,0.0,0.0,True
2022-01-28,34.2075,34.3825,33.903530273437504,34.167500000000004,30.868606442142568,18883,0.0,0.0,0.0,True
2022-01-31,34.635,35.135,34.56281005859375,35.135,31.742688518311695,13019,0.0,0.0,0.0,True
2022-02-01,35.3075,35.4422509765625,35.19300048828125,35.3825,31.966295531115964,38834,0.0,0.0,0.0,True
2022-02-02,35.5,35.6189208984375,35.075,35.075,31.68847968712559,37389,0.0,0.0,0.0,True
2022-02-03,35.0,35.005,34.7,34.8375,31.47391189535732,33205,0.0,0.0,0.0,True
2022-02-04,35.0225,35.08,34.813000488281254,34.90625,31.53602728505095,32328,0.0,0.0,0.0,True
2022-02-07,34.895,35.07363037109375,34.846149902343754,35.042500000000004,31.659118778152294,205895,0.0,0.0,0.0,True
2022-02-08,34.83,35.115,34.8225,35.17375,31.777701700331445,9363,0.0,0.0,0.0,True
2022-02-09,35.4225,35.79,35.4225,35.7475,32.29605488123554,188823,0.0,0.0,0.0,True
2022-02-10,35.835,35.9025,35.6,35.78625,32.331054815740345,98573,0.0,0.0,0.0,True
2022-02-11,35.61,35.65947998046875,35.4577490234375,35.542500000000004,32.11084799844057,14697,0.0,0.0,0.0,True
2022-02-14,34.99,35.1,34.72,34.9625,31.58684475240917,60818,0.0,0.0,0.0,True
2022-02-15,34.972500000000004,35.5264990234375,34.955,35.4775,32.05211955673647,54179,0.0,0.0,0.0,True
2022-02-16,35.665,35.74280029296875,35.4975,35.62375,32.18425247879297,47261,0.0,0.0,0.0,True
2022-02-17,35.6575,35.755,35.39751953125,35.511250000000004,32.08261092031907,77360,0.0,0.0,0.0,True
2022-02-18,35.24,35.300000000000004,34.975,35.00625,31.62636871327028,29765,0.0,0.0,0.0,True
2022-02-21,34.8175,35.0172509765625,34.6,34.67125,31.323715986662904,4809,0.0,0.0,0.0,True
2022-02-22,34.265,34.7625,34.265,34.49375,31.16335040232323,26185,0.0,0.0,0.0,True
2022-02-23,34.62,34.670029296875,34.355000000000004,34.39,31.06961761027603,28153,0.0,0.0,0.0,True
2022-02-24,33.2025,33.57,32.93965087890625,33.167500000000004,29.9651502094852,31401,0.0,0.0,0.0,True
2022-02-25,33.8075,34.2025,33.68800048828125,34.175000000000004,30.875373714364187,22367,0.0,0.0,0.0,True
2022-02-28,33.7325,34.005,33.5775,34.005,30.721793065599424,39928,0.0,0.0,0.0,True
2022-03-01,34.025,34.250500488281254,33.86,33.9525,30.674353714554112,56781,0.0,0.0,0.0,True
2022-03-02,33.8925,33.96343017578125,33.54373046875,33.7625,30.50270566331312,40271,0.0,0.0,0.0,True
2022-03-03,33.5225,33.705,33.4227294921875,33.41875,30.192139754440728,13149,0.0,0.0,0.0,True
2022-03-04,33.1425,33.417500000000004,32.795,32.825,29.65571696314127,96892,0.0,0.0,0.0,True
2022-03-07,32.235,32.555,32.0839990234375,32.43125,29.299985859957097,72572,0.0,0.0,0.0,True
2022-03-08,32.15,32.2775,31.8343994140625,32.0475,28.953291769889773,52292,0.0,0.0,0.0,True
2022-03-09,32.3025,32.7775,32.25,32.7775,29.6128104701289,50685,0.0,0.0,0.0,True
2022-03-10,32.68,32.765949707031254,32.2275,32.2625,29.147531249963283,95765,0.0,0.0,0.0,True
2022-03-11,32.43,32.730000000000004,32.05,32.05,28.955550471189195,31506,0.0,0.0,0.0,True
2022-03-14,31.5825,31.796999511718752,31.267500000000002,31.34,28.314094757587938,53469,0.0,0.0,0.0,True
2022-03-15,30.64,31.085,30.38,31.060000000000002,28.06113125164866,549172,0.0,0.0,0.0,True
2022-03-16,32.115,32.955,32.115,32.9425,29.761875924214014,608413,0.0,0.0,0.0,True
2022-03-17,33.08,33.12760009765625,32.77,32.94,29.862686515526704,100209,0.113699,0.0,0.0,True
2022-03-18,33.0925,33.46,32.8575,33.45375,30.328444502148606,31315,0.0,0.0,0.0,True
2022-03-21,32.85,33.095,32.74699951171875,32.865,29.79469313401031,49429,0.0,0.0,0.0,True
2022-03-22,33.4225,33.51138916015625,33.22080078125,33.37,30.252513020730845,122351,0.0,0.0,0.0,True
2022-03-23,33.4025,33.5625,33.2475,33.53375,30.40097077576608,90819,0.0,0.0,0.0,True
2022-03-24,33.5,33.530048828125004,33.2825,33.47375,30.346578286042764,20468,0.0,0.0,0.0,True
2022-03-25,33.17,33.24199951171875,33.033649902343754,33.14,30.044004415060186,38567,0.0,0.0,0.0,True
2022-03-28,33.4375,33.535000000000004,33.211201171875004,33.375,30.257045912831927,37623,0.0,0.0,0.0,True
2022-03-29,33.58,34.085,33.58,33.9925,30.81686473378619,34229,0.0,0.0,0.0,True
2022-03-30,34.11,34.1575,33.8093310546875,34.04,30.859927208746576,96696,0.0,0.0,0.0,True
2022-03-31,33.875,33.89419921875,33.495,33.55,30.415703782839522,435326,0.0,0.0,0.0,True
2022-04-01,33.7475,34.1725,33.7035009765625,33.90125,30.734140560686157,48516,0.0,0.0,0.0,True
2022-04-04,34.275,34.5625,34.215,34.5325,31.306414865214368,37134,0.0,0.0,0.0,True
2022-04-05,34.505,34.62,33.95,33.99875,30.822531956657446,494981,0.0,0.0,0.0,True
2022-04-06,34.08,34.08,33.545,33.575,30.43836602785521,61886,0.0,0.0,0.0,True
2022-04-07,33.5625,33.565,33.225,33.2325,30.12786513442017,38378,0.0,0.0,0.0,True
2022-04-08,33.5925,33.6775,33.52469970703125,33.566250000000004,30.430432358933395,21440,0.0,0.0,0.0,True
2022-04-11,33.33,33.33,33.0,33.06125,29.97261468770265,7525,0.0,0.0,0.0,True
2022-04-12,33.06,33.31,33.03197998046875,33.2275,30.123332242319087,4400,0.0,0.0,0.0,True
2022-04-13,33.4325,33.4325,33.21552978515625,33.295,30.184519639214475,13900,0.0,0.0,0.0,True
2022-04-14,33.03,33.155,32.9525,32.9825,29.90121831387577,28714,0.0,0.0,0.0,True
2022-04-19,32.660000000000004,32.8825,32.542500000000004,32.6125,29.56578651388472,17183,0.0,0.0,0.0,True
2022-04-20,32.7125,32.72,32.415,32.4575,29.425266858750863,171703,0.0,0.0,0.0,True
2022-04-21,32.32,32.5010009765625,32.145,32.1125,29.11249508828571,35093,0.0,0.0,0.0,True
2022-04-22,32.2375,32.44,32.23697998046875,32.285000000000004,29.26887765028361,14334,0.0,0.0,0.0,True
2022-04-25,31.7525,31.900000000000002,31.6914990234375,31.83875,28.8643203534958,19280,0.0,0.0,0.0,True
2022-04-26,31.9725,32.1075,31.767500000000002,31.798750000000002,28.82805721668706,70824,0.0,0.0,0.0,True
2022-04-27,32.165,32.33193115234375,32.08,32.155,29.151024671144988,65568,0.0,0.0,0.0,True
2022-04-28,32.5725,32.8325,32.4575,32.54625,29.505729016779924,178303,0.0,0.0,0.0,True
2022-04-29,33.37,33.45,33.025,33.13,30.034938630857987,64876,0.0,0.0,0.0,True
2022-05-03,32.980000000000004,33.0189990234375,32.85,33.00625,29.922748443611066,103336,0.0,0.0,0.0,True
2022-05-04,32.85,32.855000000000004,32.685,32.62625,29.57825750588719,96984,0.0,0.0,0.0,True
2022-05-05,33.0075,33.27,32.480000000000004,32.5175,29.479659348474183,9622,0.0,0.0,0.0,True
2022-05-06,32.455,32.5014990234375,32.1,32.3125,29.293810772329405,9965,0.0,0.0,0.0,True
2022-05-09,31.9725,32.0475,31.365000000000002,31.4175,28.482420870744093,88036,0.0,0.0,0.0,True
2022-05-10,31.705000000000002,31.7797509765625,31.2725,31.315,28.389498798161487,144427,0.0,0.0,0.0,True
2022-05-11,31.8075,31.8875,31.6475,31.747500000000002,28.78159174941618,30684,0.0,0.0,0.0,True
2022-05-12,31.220000000000002,31.330000000000002,31.0,31.43,28.49375531648661,13978,0.0,0.0,0.0,True
2022-05-13,31.7575,32.1325,31.7575,32.03125,29.038834483898064,6411,0.0,0.0,0.0,True
2022-05-16,31.8825,31.94,31.740000000000002,31.89375,28.914182166607816,8186,0.0,0.0,0.0,True
2022-05-17,32.1125,32.18699951171875,31.9564990234375,32.04875,29.054704037231456,12638,0.0,0.0,0.0,True
2022-05-18,32.2725,32.3435009765625,31.8935009765625,31.87375,28.896050598203445,10859,0.0,0.0,0.0,True
2022-05-19,31.505,31.735,31.4825,31.65625,28.698867576316143,56905,0.0,0.0,0.0,True
2022-05-20,32.2625,32.275,31.905,31.903750000000002,28.923245735320215,21932,0.0,0.0,0.0,True
2022-05-23,31.8325,32.005,31.8325,31.945,28.960640987409327,19970,0.0,0.0,0.0,True
2022-05-24,31.35,31.57,31.275000000000002,31.29625,28.372501560527276,41992,0.0,0.0,0.0,True
2022-05-25,31.4125,31.575,31.407500000000002,31.48125,28.540216352777907,31139,0.0,0.0,0.0,True
2022-05-26,31.415,31.985,31.295,31.89,28.91078582076667,3688,0.0,0.0,0.0,True
2022-05-27,32.06,32.2375,31.9364794921875,32.2425,29.23034585193453,18379,0.0,0.0,0.0,True
2022-05-30,32.67,32.859340820312504,32.6560009765625,32.7475,29.688172385124428,6724,0.0,0.0,0.0,True
2022-05-31,33.1475,33.1625,32.9225,32.9225,29.84681917768308,28269,0.0,0.0,0.0,True
2022-06-01,32.9425,33.14669921875,32.8672509765625,32.8375,29.76976444294408,8186,0.0,0.0,0.0,True
2022-06-06,33.0075,33.3425,32.9675,33.1475,30.0508059687016,63222,0.0,0.0,0.0,True
2022-06-07,32.8725,33.07,32.7775,32.7525,29.69270527722551,39404,0.0,0.0,0.0,True
2022-06-08,33.155,33.25,33.1364990234375,33.2625,30.15506248702671,16852,0.0,0.0,0.0,True
2022-06-09,33.06,33.480000000000004,32.7075,32.74875,29.689306715894595,13962,0.0,0.0,0.0,True
2022-06-10,32.915,33.0575,32.55780029296875,32.667500000000004,29.615643896017165,25058,0.0,0.0,0.0,True
2022-06-13,32.21,32.27,31.8525,31.966250000000002,28.979911317563438,9855,0.0,0.0,0.0,True
2022-06-14,32.5025,32.795,32.36,32.795,29.731234860084804,63336,0.0,0.0,0.0,True
2022-06-15,32.81,32.875,32.63699951171875,32.8425,29.774297335045176,13346,0.0,0.0,0.0,True
2022-06-16,31.900000000000002,32.1618994140625,31.1275,31.1275,28.41077979135902,7435,0.221099,0.0,0.0,True
2022-06-17,31.5625,31.782500000000002,31.517500000000002,31.583750000000002,28.827211772483572,13767,0.0,0.0,0.0,True
2022-06-20,31.495,31.580000000000002,31.4725,31.60625,28.8477511200002,20946,0.0,0.0,0.0,True
2022-06-21,31.8325,31.892500000000002,31.82800048828125,31.98375,29.19230319106225,92263,0.0,0.0,0.0,True
2022-06-22,31.35,31.46,31.25,31.4325,28.689161663471864,17862,0.0,0.0,0.0,True
2022-06-23,31.490000000000002,31.567080078125002,31.427500000000002,31.427500000000002,28.684600585648923,13844,0.0,0.0,0.0,True
2022-06-24,31.767500000000002,31.985,31.705000000000002,32.005,29.211698366000313,9753,0.0,0.0,0.0,True
2022-06-27,32.3575,32.3925,32.1825,32.28125,29.463835640195025,3891,0.0,0.0,0.0,True
2022-06-28,32.525,32.80044921875,32.436630859375,32.4675,29.63383336717048,356770,0.0,0.0,0.0,True
2022-06-29,32.1975,32.4675,32.078701171875004,32.3375,29.515173972385018,448663,0.0,0.0,0.0,True
2022-06-30,31.9825,32.11,31.71,32.00875,29.215119731956488,51003,0.0,0.0,0.0,True
2022-07-01,31.9775,32.365,31.73284912109375,32.14625,29.340617397942516,24449,0.0,0.0,0.0,True
2022-07-04,31.86,32.005,31.854650878906252,31.990000000000002,29.19800621110786,8831,0.0,0.0,0.0,True
2022-07-05,31.98,31.9875,31.7543896484375,31.91,29.12499104989039,31930,0.0,0.0,0.0,True
2022-07-06,31.995,32.189479980468754,31.9175,31.993750000000002,29.201427577064045,67887,0.0,0.0,0.0,True
2022-07-07,32.325,32.722500000000004,32.2475,32.660000000000004,29.809525192767932,34197,0.0,0.0,0.0,True
2022-07-08,32.5025,32.6525,32.45337890625,32.6075,29.76161268724593,34263,0.0,0.0,0.0,True
2022-07-11,32.055,32.165,31.964951171875,32.0675,29.268739718235906,26646,0.0,0.0,0.0,True
2022-07-12,31.8075,32.025,31.8075,31.96,29.170626362034767,128719,0.0,0.0,0.0,True
2022-07-13,31.8425,31.95782958984375,31.5975,31.78375,29.009757481772912,12162,0.0,0.0,0.0,True
2022-07-14,31.92,31.97760009765625,31.552500000000002,31.68375,28.918486857484154,20657,0.0,0.0,0.0,True
2022-07-15,31.635,31.725080566406252,31.552980957031252,31.7,28.93332095459926,17571,0.0,0.0,0.0,True
2022-07-18,31.965,32.11123046875,31.965,31.95125,29.16263722718793,2292,0.0,0.0,0.0,True
2022-07-19,31.825,32.06134033203125,31.7410791015625,32.03125,29.235654618761313,1552,0.0,0.0,0.0,True
2022-07-20,32.17,32.17,32.0225,32.17625,29.36800170772741,11992,0.0,0.0,0.0,True
2022-07-21,32.25,32.55,32.21172119140625,32.355000000000004,29.531152242078697,43878,0.0,0.0,0.0,True
2022-07-22,32.4525,32.5125,32.215,32.22,29.407931769470284,7322,0.0,0.0,0.0,True
2022-07-25,32.22,32.22,32.03443115234375,32.11875,29.315521433314753,9233,0.0,0.0,0.0,True
2022-07-26,32.2825,32.3225,32.005,32.01,29.21625944382325,146506,0.0,0.0,0.0,True
2022-07-27,32.0275,32.125,32.0275,32.17875,29.370281131460924,48402,0.0,0.0,0.0,True
2022-07-28,32.04,32.22968994140625,32.04,32.1825,29.373706958128928,7590,0.0,0.0,0.0,True
2022-07-29,31.87,32.097500000000004,31.87,31.907500000000002,29.12270716544507,56758,0.0,0.0,0.0,True
2022-08-01,32.0125,32.0775,31.4825,31.673750000000002,28.909358010770546,254690,0.0,0.0,0.0,True
2022-08-02,31.4825,31.7,31.372500000000002,31.685000000000002,28.919628799706818,30210,0.0,0.0,0.0,True
2022-08-03,31.677500000000002,31.83114990234375,31.56988037109375,31.927500000000002,29.140960398160445,8640,0.0,0.0,0.0,True
2022-08-04,31.970000000000002,32.42,31.9425,32.1875,29.37826803595187,31116,0.0,0.0,0.0,True
2022-08-05,32.39,32.474750976562504,32.33199951171875,32.37,29.54484216661523,13116,0.0,0.0,0.0,True
2022-08-08,32.34,32.5189306640625,32.34,32.47375,29.63954084792789,6619,0.0,0.0,0.0,True
2022-08-09,32.51,32.51,32.25,32.365,29.54027885843639,17983,0.0,0.0,0.0,True
2022-08-10,32.0475,32.2425,32.045,32.2425,29.428466656275095,15028,0.0,0.0,0.0,True
2022-08-11,32.505,32.835,32.4885009765625,32.68375,29.831210943219023,37023,0.0,0.0,0.0,True
2022-08-12,32.655,32.9025,32.6,32.9025,30.030870173356995,41650,0.0,0.0,0.0,True
2022-08-15,32.9,33.0475,32.866630859375,33.03125,30.14837870449618,10655,0.0,0.0,0.0,True
2022-08-16,33.105000000000004,33.2075,32.9075,33.0,30.119856913200426,36076,0.0,0.0,0.0,True
2022-08-17,32.972500000000004,32.9975,32.8510009765625,32.9975,30.117573028755107,8202,0.0,0.0,0.0,True
2022-08-18,32.8975,32.9875,32.875,32.9875,30.10844418204149,4791,0.0,0.0,0.0,True
2022-08-19,33.0825,33.12251953125,32.9810009765625,33.0,30.119856913200426,22196,0.0,0.0,0.0,True
2022-08-22,32.955,33.02008056640625,32.7875,32.9275,30.053682253539424,40613,0.0,0.0,0.0,True
2022-08-23,32.9,32.9881298828125,32.805,32.8175,29.953285012892962,15089,0.0,0.0,0.0,True
2022-08-24,32.6025,33.0725,32.595,33.08,30.1928743047738,8950,0.0,0.0,0.0,True
2022-08-25,33.31,33.480000000000004,33.2125,33.4125,30.49634991115851,7798,0.0,0.0,0.0,True
2022-08-26,33.5275,33.763149414062504,33.38699951171875,33.4025,30.487225525156717,68993,0.0,0.0,0.0,True
2022-08-30,33.35,33.43,32.9625,32.9625,30.085632101859066,111109,0.0,0.0,0.0,True
2022-08-31,33.32,33.465,33.185,33.185,30.28871046759731,7111,0.0,0.0,0.0,True
2022-09-01,32.96,33.036279296875,32.7775,32.83125,29.96583299520684,197929,0.0,0.0,0.0,True
2022-09-02,32.8525,33.0125,32.74488037109375,33.0125,30.131265183647546,5198,0.0,0.0,0.0,True
2022-09-05,32.9525,32.9875,32.83,32.8925,30.021741326643394,33355,0.0,0.0,0.0,True
2022-09-06,32.78,32.7875,32.46,32.525,29.686315871939037,4614,0.0,0.0,0.0,True
2022-09-07,32.54,32.672548828125,32.4675,32.6225,29.77530930285019,8776,0.0,0.0,0.0,True
2022-09-08,32.6075,32.660000000000004,32.4575,32.62,29.77302987911666,32769,0.0,0.0,0.0,True
2022-09-09,32.7675,32.8775,32.7025,32.8575,29.989793708679656,30743,0.0,0.0,0.0,True
2022-09-12,32.7525,32.95,32.75050048828125,33.025,30.14267122373877,9733,0.0,0.0,0.0,True
2022-09-13,32.9675,32.99865966796875,32.725,32.73625,29.879118988029212,39944,0.0,0.0,0.0,True
2022-09-14,32.7,32.765,32.45697998046875,32.525,29.686315871939037,45931,0.0,0.0,0.0,True
2022-09-15,32.225,32.295,32.0275,32.05,29.637130257013276,57711,0.42180999999999996,0.0,0.0,True
2022-09-16,31.9475,32.01712890625,31.7425,31.76,29.368961356682224,130608,0.0,0.0,0.0,True
2022-09-20,31.9525,32.0125,31.798750000000002,31.876250000000002,29.476459824218797,44577,0.0,0.0,0.0,True
2022-09-21,31.712500000000002,31.8125,31.69587890625,31.73,29.341214058928657,20551,0.0,0.0,0.0,True
2022-09-22,31.485,31.642500000000002,31.4375,31.462500000000002,29.093862974858595,9334,0.0,0.0,0.0,True
2022-09-23,31.39,31.6975,31.2225,31.6975,29.311166724605346,69407,0.0,0.0,0.0,True
2022-09-26,32.12,32.292500000000004,31.7,32.1375,29.718042741920904,49522,0.0,0.0,0.0,True
2022-09-27,31.93,32.1085009765625,31.830000000000002,31.830000000000002,29.4336922483555,26132,0.0,0.0,0.0,True
2022-09-28,31.46,31.91705078125,31.372500000000002,31.69,29.30423046500894,55254,0.0,0.0,0.0,True
2022-09-29,31.1875,31.1875,30.41,30.46,28.16683075011524,90883,0.0,0.0,0.0,True
2022-09-30,30.3,30.4225,30.080000000000002,30.3625,28.07667519093762,9377,0.0,0.0,0.0,True
2022-10-03,30.087500000000002,30.205000000000002,29.900000000000002,30.135,27.866298663315483,10388,0.0,0.0,0.0,True
2022-10-04,30.4475,30.8825,30.36,30.85375,28.53093919156751,14813,0.0,0.0,0.0,True
2022-10-05,30.9025,31.1525,30.880380859375002,31.0925,28.75171107111247,27724,0.0,0.0,0.0,True
2022-10-06,31.150000000000002,31.4375,31.135,31.4375,29.07074060329194,38734,0.0,0.0,0.0,True
2022-10-07,31.080000000000002,31.1875,30.997500000000002,31.021250000000002,28.685827901786354,25025,0.0,0.0,0.0,True
2022-10-10,30.705000000000002,30.87614990234375,30.6,30.64375,28.336741997811774,31864,0.0,0.0,0.0,True
2022-10-11,30.34,30.4325,30.0560009765625,30.10625,27.839714940054485,17120,0.0,0.0,0.0,True
2022-10-12,30.490000000000002,30.490000000000002,30.02,30.08625,27.821217494674745,32065,0.0,0.0,0.0,True
2022-10-13,29.94,29.975100097656252,29.0075,29.43375,27.217844247033696,68089,0.0,0.0,0.0,True
2022-10-14,29.8125,29.96,29.5775,29.63375,27.402782550943808,65162,0.0,0.0,0.0,True
2022-10-17,29.650000000000002,29.767500000000002,29.5375,29.64125,27.409721069908162,35078,0.0,0.0,0.0,True
2022-10-18,30.02,30.1675,29.835,29.79125,27.548428186892657,70837,0.0,0.0,0.0,True
2022-10-19,29.835,29.84325927734375,29.585,29.59875,27.37042162384306,9614,0.0,0.0,0.0,True
2022-10-20,29.587500000000002,29.9425,29.5725,29.900000000000002,27.64899039483283,456279,0.0,0.0,0.0,True
2022-10-21,29.82,30.0297802734375,29.82,29.995,27.736843658072754,10121,0.0,0.0,0.0,True
2022-10-24,29.0225,29.16719970703125,28.58800048828125,28.837500000000002,26.666481649525934,273748,0.0,0.0,0.0,True
2022-10-25,28.8975,28.955000000000002,28.61635009765625,28.6825,26.52314734698657,17993,0.0,0.0,0.0,True
2022-10-26,28.767500000000002,28.96,28.625,28.96375,26.783223191332514,14159,0.0,0.0,0.0,True
2022-10-27,28.615000000000002,28.86,28.615000000000002,28.8525,26.680349649982855,12294,0.0,0.0,0.0,True
2022-10-28,28.28,28.7425,28.28,28.31875,26.186783943919913,9684,0.0,0.0,0.0,True
2022-10-31,28.1475,28.642500000000002,28.1375,28.62,26.465350455541742,93219,0.0,0.0,0.0,True
2022-11-01,29.1,29.3,29.0925,29.3,27.094161926894813,38339,0.0,0.0,0.0,True
2022-11-02,29.3875,29.462500000000002,29.16,29.2625,27.05948288828075,38315,0.0,0.0,0.0,True
2022-11-03,29.36,29.91,29.355,29.91,27.658235728470782,1409,0.0,0.0,0.0,True
2022-11-04,30.61,30.816999511718752,30.4606005859375,30.6725,28.36333249917662,128457,0.0,0.0,0.0,True
2022-11-07,30.6275,30.747629394531252,30.445,30.45625,28.16336262031704,34423,0.0,0.0,0.0,True
2022-11-08,30.42,30.56614990234375,30.373579101562502,30.462500000000002,28.169142083524722,20365,0.0,0.0,0.0,True
2022-11-09,30.405,30.6825,30.405,30.6025,28.298603866871293,29496,0.0,0.0,0.0,True
2022-11-10,30.2325,30.565,30.2,30.565,28.263922568889267,30636,0.0,0.0,0.0,True
2022-11-11,31.0,31.285,30.93300048828125,31.1175,28.774831183311157,87047,0.0,0.0,0.0,True
2022-11-14,30.990000000000002,31.255,30.933378906250002,31.2375,28.885797780645937,30015,0.0,0.0,0.0,True
2022-11-15,31.555,31.67590087890625,31.425,31.665,29.281112612178188,91316,0.0,0.0,0.0,True
2022-11-16,31.315,31.315,30.965,30.995,28.661553252566897,50676,0.0,0.0,0.0,True
2022-11-17,30.75,31.087500000000002,30.63718017578125,31.087500000000002,28.74708614492554,44237,0.0,0.0,0.0,True
2022-11-18,30.6875,30.89,30.67,30.735,28.421124871885556,24606,0.0,0.0,0.0,True
2022-11-21,30.54,30.66,30.490000000000002,30.5425,28.243120568203896,15473,0.0,0.0,0.0,True
2022-11-22,30.400000000000002,30.497500000000002,30.34,30.465,28.171451157566263,7496,0.0,0.0,0.0,True
2022-11-23,30.462500000000002,30.5072509765625,30.19,30.19,27.917157035795956,50198,0.0,0.0,0.0,True
2022-11-24,30.4425,30.4425,30.372480468750002,30.392500000000002,28.104408932483494,2237,0.0,0.0,0.0,True
2022-11-25,30.305,30.31300048828125,30.105,30.105,27.838558143665765,11700,0.0,0.0,0.0,True
2022-11-28,29.96,30.34114990234375,29.871931152343752,30.26,27.981887927469234,20600,0.0,0.0,0.0,True
2022-11-29,30.79,30.91587890625,30.7025,30.86,28.536716395407247,27478,0.0,0.0,0.0,True
2022-11-30,31.345000000000002,31.635,31.345000000000002,31.5825,29.204820534721584,63636,0.0,0.0,0.0,True
2022-12-01,31.475,31.479230957031252,30.8875,30.935000000000002,28.60606995389951,87377,0.0,0.0,0.0,True
2022-12-02,30.7225,31.032500000000002,30.6525,31.005,28.670800845572785,45073,0.0,0.0,0.0,True
2022-12-05,31.1725,31.595000000000002,30.855,30.8975,28.571395434021316,6348,0.0,0.0,0.0,True
2022-12-06,30.9175,30.969150390625,30.69,30.76375,28.447710854514508,12547,0.0,0.0,0.0,True
2022-12-07,30.5975,30.63530029296875,30.503000488281252,30.585,28.28242227363694,7424,0.0,0.0,0.0,True
2022-12-08,30.875,30.9825,30.80697998046875,30.86,28.536716395407247,41020,0.0,0.0,0.0,True
2022-12-09,31.080000000000002,31.080000000000002,30.802500000000002,30.77,28.453494836458088,13689,0.0,0.0,0.0,True
2022-12-12,30.54,30.5425,30.24135009765625,30.30125,28.02003057714562,2558,0.0,0.0,0.0,True
2022-12-13,30.335,30.7625,30.315,30.60125,28.29744932985052,20473,0.0,0.0,0.0,True
2022-12-14,30.54,30.58030029296875,30.4075,30.44125,28.149490101124233,9106,0.0,0.0,0.0,True
2022-12-15,29.9825,30.240000000000002,29.91945068359375,30.10375,27.945293010785335,48547,0.117531,0.0,0.0,True
2022-12-16,30.6625,30.6625,30.19514892578125,30.35375,28.177367624160762,5181,0.0,0.0,0.0,True
2022-12-19,30.3525,30.475,30.3,30.3075,28.13442688049322,9383,0.0,0.0,0.0,True
2022-12-20,30.1975,30.4525,30.187880859375,30.315,28.14138975394483,23068,0.0,0.0,0.0,True
2022-12-21,30.285,30.6075,30.226298828125,30.60625,28.411764707378023,15673,0.0,0.0,0.0,True
2022-12-22,30.78,30.87844970703125,30.6,30.6075,28.412925942298944,22593,0.0,0.0,0.0,True
2022-12-23,30.5,30.54568115234375,30.495,30.55,28.359536352380076,5703,0.0,0.0,0.0,True
2022-12-28,30.8125,30.92998046875,30.55,30.6025,28.40828100261526,9591,0.0,0.0,0.0,True
2022-12-29,30.725,31.065,30.72,30.98375,28.76219229317213,10301,0.0,0.0,0.0,True
2022-12-30,30.8075,30.8875,30.80159912109375,30.830000000000002,28.619466995635857,9660,0.0,0.0,0.0,True
2023-01-03,31.032500000000002,31.36,30.990000000000002,31.14375,28.910719229239113,246583,0.0,0.0,0.0,True
2023-01-04,31.3,31.604230957031252,31.26028076171875,31.61375,29.347026034331346,41119,0.0,0.0,0.0,True
2023-01-05,31.650000000000002,32.05778076171875,31.650000000000002,31.99125,29.697453620125454,25700,0.0,0.0,0.0,True
2023-01-06,32.09,32.335,32.037128906250004,32.1425,29.837856447819895,13772,0.0,0.0,0.0,True
2023-01-09,32.28,32.47988037109375,32.261201171875,32.448750000000004,30.122152612082388,5596,0.0,0.0,0.0,True
2023-01-10,32.32,32.445,32.3075,32.44375,30.117512208472633,62811,0.0,0.0,0.0,True
2023-01-11,32.542500000000004,32.7025,32.477880859375,32.735,30.38787355368408,353676,0.0,0.0,0.0,True
2023-01-12,32.5,32.8275,32.5,32.8175,30.464460625577882,15244,0.0,0.0,0.0,True
2023-01-13,32.855000000000004,32.9314306640625,32.8225,32.8725,30.515516405470137,68117,0.0,0.0,0.0,True
2023-01-16,32.795,32.84264892578125,32.75985107421875,32.79375,30.442415306376045,25428,0.0,0.0,0.0,True
2023-01-17,32.67,32.72068115234375,32.6175,32.71,30.36466926759828,4857,0.0,0.0,0.0,True
2023-01-18,32.65,32.655,32.39,32.38125,30.05948901905486,83221,0.0,0.0,0.0,True
2023-01-19,32.335,32.515,32.3,32.4225,30.09778255500176,324229,0.0,0.0,0.0,True
2023-01-20,32.7575,32.7975,32.69,32.80625,30.45402085147437,32998,0.0,0.0,0.0,True
2023-01-23,32.94,33.3575,32.855000000000004,33.2825,30.896117954912526,29078,0.0,0.0,0.0,True
2023-01-24,33.21,33.3675,33.07818115234375,33.34125,30.950657439567532,165616,0.0,0.0,0.0,True
2023-01-25,33.2575,33.31669921875,32.92655029296875,33.1275,30.752233690492286,28672,0.0,0.0,0.0,True
2023-01-26,33.3425,33.4925,33.321298828125,33.445,31.046969628858303,44868,0.0,0.0,0.0,True
2023-01-27,33.4375,33.47,33.365,33.3225,30.933252523975472,21157,0.0,0.0,0.0,True
2023-01-30,32.7,32.9425,32.6925,32.9425,30.580500200302552,47876,0.0,0.0,0.0,True
2023-01-31,32.5575,32.8075,32.495,32.7575,30.40876217403892,157213,0.0,0.0,0.0,True
2023-02-01,32.9825,33.02137939453125,32.86347900390625,33.0175,30.65011986267084,56774,0.0,0.0,0.0,True
2023-02-02,32.910000000000004,33.2375,32.910000000000004,33.195,30.81489501548286,61167,0.0,0.0,0.0,True
2023-02-03,33.1475,33.3275,33.1,33.28375,30.897279189833437,24790,0.0,0.0,0.0,True
2023-02-06,32.68,32.7775,32.535000000000004,32.77,30.420372255211163,41181,0.0,0.0,0.0,True
2023-02-07,32.925,32.975,32.7375,32.745,30.397161165014495,28090,0.0,0.0,0.0,True
2023-02-08,32.825,32.8875,32.595,32.595,30.257912768130108,16475,0.0,0.0,0.0,True
2023-02-09,33.0025,33.0025,32.7275,32.77125,30.421531222095123,9826,0.0,0.0,0.0,True
2023-02-10,32.51,32.625,32.4,32.5675,30.232383744165517,53803,0.0,0.0,0.0,True
2023-02-13,32.68,32.705,32.540400390625,32.62625,30.28692549685747,22498,0.0,0.0,0.0,True
2023-02-14,32.5525,32.5525,32.37,32.40875,30.0850157749825,5405,0.0,0.0,0.0,True
2023-02-15,32.2525,32.4573291015625,32.217900390625,32.47,30.141879997516305,33724,0.0,0.0,0.0,True
2023-02-16,32.625,32.675029296875,32.525,32.645,30.30433268048649,60613,0.0,0.0,0.0,True
2023-02-17,32.45,32.45653076171875,32.255,32.24625,29.934168637110652,24621,0.0,0.0,0.0,True
2023-02-20,32.3675,32.54,32.3675,32.51875,30.18713187084091,14780,0.0,0.0,0.0,True
2023-02-21,32.32,32.32,31.73883056640625,31.73875,29.463058804945142,36230,0.0,0.0,0.0,True
2023-02-22,31.5375,31.622500000000002,31.49824951171875,31.59,29.32497391101863,58256,0.0,0.0,0.0,True
2023-02-23,31.8975,31.9923291015625,31.7775,31.78625,29.507151711385784,24738,0.0,0.0,0.0,True
2023-02-24,31.5425,31.5675,31.274599609375002,31.31125,29.066211306794635,106978,0.0,0.0,0.0,True
2023-02-27,31.44,31.44,31.2575,31.285,29.041841249714004,11211,0.0,0.0,0.0,True
2023-02-28,30.9675,31.04574951171875,30.93,30.962500000000002,28.74246490773823,65733,0.0,0.0,0.0,True
2023-03-01,31.75,31.89695068359375,31.732329101562502,31.775000000000002,29.496714205319222,190516,0.0,0.0,0.0,True
2023-03-02,31.7975,32.0301806640625,31.77905029296875,31.990000000000002,29.696294653241484,34754,0.0,0.0,0.0,True
2023-03-03,32.075,32.1575,31.999399414062502,32.1775,29.870350613273054,13588,0.0,0.0,0.0,True
2023-03-06,32.13,32.26,32.064599609375,32.1925,29.884274092139325,78651,0.0,0.0,0.0,True
2023-03-07,32.04,32.147900390625,31.97867919921875,32.135,29.830900378479146,13579,0.0,0.0,0.0,True
2023-03-08,31.955000000000002,32.195,31.9425,32.1375,29.83322058028404,77112,0.0,0.0,0.0,True
2023-03-09,31.830000000000002,31.830000000000002,31.6,31.565,29.301762820821963,134105,0.0,0.0,0.0,True
2023-03-10,31.07,31.11,30.7985009765625,31.080000000000002,28.851539340974334,88038,0.0,0.0,0.0,True
2023-03-13,30.9825,31.0625,30.555,30.6525,28.454694110860792,131221,0.0,0.0,0.0,True
2023-03-14,30.3175,30.6475,30.267500000000002,30.591250000000002,28.3978389604748,127204,0.0,0.0,0.0,True
2023-03-15,30.4375,30.49125,30.0460009765625,30.1325,27.971978733596945,81113,0.0,0.0,0.0,True
2023-03-16,30.2025,30.392500000000002,30.14699951171875,30.405,28.310737353643905,50167,0.091318,0.0,0.0,True
2023-03-17,30.5825,30.6975,30.21988037109375,30.2325,28.150120682601674,53131,0.0,0.0,0.0,True
2023-03-20,29.9025,30.161630859375002,29.82,29.9875,27.92199746509421,125025,0.0,0.0,0.0,True
2023-03-21,30.2725,30.4375,30.26699951171875,30.425,28.32936392828442,20873,0.0,0.0,0.0,True
2023-03-22,30.425,30.711630859375,30.400000000000002,30.66125,28.54933631323975,81318,0.0,0.0,0.0,True
2023-03-23,30.830000000000002,31.1310009765625,30.830000000000002,31.03625,28.898509517284978,41786,0.0,0.0,0.0,True
2023-03-24,30.9025,30.905,30.67,30.810000000000002,28.687845869924804,49877,0.0,0.0,0.0,True
2023-03-27,30.7425,30.7977490234375,30.560000000000002,30.552500000000002,28.44807535611061,65998,0.0,0.0,0.0,True
2023-03-28,30.6475,30.91,30.63762939453125,30.81875,28.69598760302671,139724,0.0,0.0,0.0,True
2023-03-29,30.88,31.045,30.859499511718752,31.045,28.906653525249443,74567,0.0,0.0,0.0,True
2023-03-30,31.087500000000002,31.27,31.0775,31.220000000000002,29.06960193041559,86436,0.0,0.0,0.0,True
2023-03-31,31.1825,31.268129882812502,31.1675,31.25625,29.103356341079486,38092,0.0,0.0,0.0,True
2023-04-03,31.17,31.23875,30.918378906250002,31.135,28.99045946195642,43894,0.0,0.0,0.0,True
2023-04-04,31.0475,31.0475,30.86,30.905,28.776299350841665,50540,0.0,0.0,0.0,True
2023-04-05,30.990000000000002,31.045,30.7325,30.716250000000002,28.600548019188377,38034,0.0,0.0,0.0,True
2023-04-06,30.7375,30.900000000000002,30.7225,30.87875,28.751858227498023,41708,0.0,0.0,0.0,True
2023-04-11,31.1275,31.307749023437502,31.12,31.26375,29.11034244400096,13328,0.0,0.0,0.0,True
2023-04-12,31.0825,31.3125,30.9722802734375,30.985,28.85078972536581,80137,0.0,0.0,0.0,True
2023-04-13,31.04,31.177500000000002,31.015,31.16125,29.0148983104375,10284,0.0,0.0,0.0,True
2023-04-14,31.212500000000002,31.3175,31.150000000000002,31.150000000000002,29.00442484321169,28657,0.0,0.0,0.0,True
2023-04-17,31.55,31.587500000000002,31.4375,31.44875,29.28259958676223,77307,0.0,0.0,0.0,True
2023-04-18,31.355,31.49300048828125,31.355,31.376250000000002,29.21509076543443,37535,0.0,0.0,0.0,True
2023-04-19,31.07,31.07,30.875,30.985,28.85078972536581,288432,0.0,0.0,0.0,True
2023-04-20,30.975,31.074499511718752,30.895,31.01,28.874066119078783,92798,0.0,0.0,0.0,True
2023-04-21,30.775000000000002,30.86,30.68262939453125,30.685000000000002,28.571457076772273,30714,0.0,0.0,0.0,True
2023-04-24,30.4925,30.647749023437502,30.47,30.47,28.371257797187667,9450,0.0,0.0,0.0,True
2023-04-25,30.205000000000002,30.27262939453125,30.14375,30.20125,28.121020640735342,6205,0.0,0.0,0.0,True
2023-04-26,30.2775,30.288129882812502,30.15800048828125,30.235,28.152447867000458,5012,0.0,0.0,0.0,True
2023-04-27,30.28,30.41,30.28,30.3825,28.28978814432972,547715,0.0,0.0,0.0,True
2023-04-28,30.4775,30.535,30.392500000000002,30.41875,28.32354255499362,1435,0.0,0.0,0.0,True
2023-05-02,30.48,30.5675,30.2175,30.235,28.152447867000458,63512,0.0,0.0,0.0,True
2023-05-03,30.215,30.23699951171875,30.1697509765625,30.16125,28.08377886576711,18812,0.0,0.0,0.0,True
2023-05-04,30.2625,30.3331298828125,30.212500000000002,30.212500000000002,28.13150093254884,13059,0.0,0.0,0.0,True
2023-05-05,30.385,30.392500000000002,30.3468798828125,30.39,28.296769697526077,23063,0.0,0.0,0.0,True
2023-05-09,30.3575,30.3760009765625,30.2975,30.31375,28.22577351189394,9467,0.0,0.0,0.0,True
2023-05-10,30.26,30.36625,30.185000000000002,30.365000000000002,28.273495578675668,12125,0.0,0.0,0.0,True
2023-05-11,30.32,30.34449951171875,30.225,30.355,28.264186841080537,36804,0.0,0.0,0.0,True
2023-05-12,30.3225,30.3225,30.1975,30.27625,28.190858921324484,53706,0.0,0.0,0.0,True
2023-05-15,30.490000000000002,30.65488037109375,30.451630859375,30.61,28.501623345908257,668,0.0,0.0,0.0,True
2023-05-16,30.515,30.65875,30.5,30.65875,28.547009128840966,9308,0.0,0.0,0.0,True
2023-05-17,30.587500000000002,30.63587890625,30.5575,30.62375,28.514421722670296,14783,0.0,0.0,0.0,True
2023-05-18,30.7575,30.855,30.57800048828125,30.7,28.585424732890107,21737,0.0,0.0,0.0,True
2023-05-19,30.805,30.810000000000002,30.625,30.625,28.515586452300955,25634,0.0,0.0,0.0,True
2023-05-22,30.907500000000002,31.0202490234375,30.8314990234375,31.00375,28.868247020650543,73005,0.0,0.0,0.0,True
2023-05-23,30.8125,30.896879882812502,30.7202490234375,30.7425,28.624993692257135,87562,0.0,0.0,0.0,True
2023-05-24,30.44,30.5575,30.4356298828125,30.47,28.371257797187667,31314,0.0,0.0,0.0,True
2023-05-25,30.5,30.5743798828125,30.4477490234375,30.47875,28.37940862973981,45065,0.0,0.0,0.0,True
2023-05-26,30.6,30.915,30.6,30.92625,28.79608383052517,9939,0.0,0.0,0.0,True
2023-05-30,30.84,30.84,30.457250976562502,30.45,28.352640321997395,46907,0.0,0.0,0.0,True
2023-05-31,30.1725,30.3575,29.9675,29.9675,27.903375440178806,16529,0.0,0.0,0.0,True
2023-06-01,30.18,30.245,29.97488037109375,30.24125,28.158264690566142,24279,0.0,0.0,0.0,True
2023-06-02,30.6575,31.006879882812502,30.655,31.0825,28.941570390681463,23805,0.0,0.0,0.0,True
2023-06-05,31.02,31.15488037109375,31.02,31.048750000000002,28.910147714141466,48984,0.0,0.0,0.0,True
2023-06-06,31.03,31.2875,31.0,31.313750000000002,29.156895231426894,17130,0.0,0.0,0.0,True
2023-06-07,31.285,31.34012939453125,31.22375,31.31125,29.154568047028103,4624,0.0,0.0,0.0,True
2023-06-08,31.1525,31.1825,31.1175,31.153750000000002,29.007914482378588,50134,0.0,0.0,0.0,True
2023-06-09,31.2375,31.337629394531252,31.2260009765625,31.271250000000002,29.117326272059874,11744,0.0,0.0,0.0,True
2023-06-12,31.2875,31.497500000000002,31.21762939453125,31.497500000000002,29.327985369694936,37620,0.0,0.0,0.0,True
2023-06-13,31.5625,31.6777490234375,31.5477490234375,31.57125,29.396654370928292,51707,0.0,0.0,0.0,True
2023-06-14,31.41,31.5225,31.35625,31.515,29.34428703479923,61960,0.0,0.0,0.0,True
2023-06-15,31.5,31.5356298828125,31.372500000000002,31.38875,29.402632836766614,37716,0.188537,0.0,0.0,True
2023-06-16,31.4725,31.4725,31.2575,31.243750000000002,29.266810707114512,6684,0.0,0.0,0.0,True
2023-06-19,31.07,31.1525,31.011630859375,31.150000000000002,29.17898583698733,9978,0.0,0.0,0.0,True
2023-06-20,30.985,30.995,30.802500000000002,30.81125,28.8616762151476,16672,0.0,0.0,0.0,True
2023-06-21,30.5625,30.82,30.5625,30.6525,28.712970297418575,22566,0.0,0.0,0.0,True
2023-06-22,30.580000000000002,30.580000000000002,30.395,30.56625,28.6321754445156,23583,0.0,0.0,0.0,True
2023-06-23,30.35,30.3875,30.14738037109375,30.1825,28.272708603501272,22243,0.0,0.0,0.0,True
2023-06-26,30.2225,30.463999023437502,30.2225,30.29625,28.379259590472753,4531,0.0,0.0,0.0,True
2023-06-27,30.5225,30.5275,30.455000000000002,30.50375,28.5736308707373,31769,0.0,0.0,0.0,True
2023-06-28,30.47,30.555,30.42,30.580000000000002,28.645056944175455,42880,0.0,0.0,0.0,True
2023-06-29,30.4425,30.5527490234375,30.4425,30.53,28.598224488936705,27800,0.0,0.0,0.0,True
2023-06-30,30.560000000000002,30.62,30.535,30.55125,28.618122275318377,29428,0.0,0.0,0.0,True
2023-07-03,30.985,31.0285009765625,30.9225,30.9225,28.965883863044358,133024,0.0,0.0,0.0,True
2023-07-04,31.04,31.0975,31.015,31.0225,29.059560215607174,21568,0.0,0.0,0.0,True
2023-07-05,30.802500000000002,30.802500000000002,30.6625,30.68875,28.746925829831603,53422,0.0,0.0,0.0,True
2023-07-06,30.44,30.44,30.03,30.05,28.148589438720453,83619,0.0,0.0,0.0,True
2023-07-07,30.01,30.1575,29.9822509765625,30.12625,28.220015512158607,43870,0.0,0.0,0.0,True
2023-07-10,29.97,30.2175,29.97,30.13125,28.22469990189102,67434,0.0,0.0,0.0,True
2023-07-11,30.2575,30.26,30.12,30.20625,28.294954305791816,26181,0.0,0.0,0.0,True
2023-07-12,30.330000000000002,30.712500000000002,30.277380371093752,30.712500000000002,28.769169243705083,122147,0.0,0.0,0.0,True
2023-07-13,30.7425,30.8,30.6275,30.78375,28.83591550424496,30267,0.0,0.0,0.0,True
2023-07-14,30.7775,30.8075,30.675,30.75,28.80430331090666,25956,0.0,0.0,0.0,True
2023-07-17,30.650000000000002,30.7272509765625,30.555,30.68,28.73873329673829,53461,0.0,0.0,0.0,True
2023-07-18,30.5825,30.6575,30.560000000000002,30.63375,28.695404408026306,25234,0.0,0.0,0.0,True
2023-07-19,30.86,31.1614990234375,30.8410009765625,31.04,29.075954435462076,9338,0.0,0.0,0.0,True
2023-07-20,30.825,30.93199951171875,30.79,30.82,28.86986874824092,8685,0.0,0.0,0.0,True
2023-07-21,30.835,30.9375,30.831999511718752,30.85375,28.901483229996273,17151,0.0,0.0,0.0,True
2023-07-24,30.7225,31.3525,30.7225,31.30375,29.323007364983944,39107,0.0,0.0,0.0,True
2023-07-25,31.490000000000002,31.6325,31.485,31.427500000000002,29.438933996671448,110270,0.0,0.0,0.0,True
2023-07-26,31.38,31.38,31.1693798828125,31.333750000000002,29.35111370337839,73329,0.0,0.0,0.0,True
2023-07-27,31.435000000000002,31.62,31.37050048828125,31.53625,29.54080745916172,13196,0.0,0.0,0.0,True
2023-07-28,31.8275,31.990000000000002,31.815,31.9875,29.963496398435563,88021,0.0,0.0,0.0,True
2023-07-31,31.837500000000002,31.993701171875,31.8275,31.99875,29.974039135854813,101162,0.0,0.0,0.0,True
2023-08-01,31.9125,32.0,31.855,31.885,29.867488148883325,22612,0.0,0.0,0.0,True
2023-08-02,31.32,31.445,31.168701171875,31.26,29.282030969014972,194681,0.0,0.0,0.0,True
2023-08-03,31.3175,31.4675,31.16,31.39,29.403804506303985,22721,0.0,0.0,0.0,True
2023-08-04,31.3275,31.400000000000002,31.249880371093752,31.400000000000002,29.41316870893467,245453,0.0,0.0,0.0,True
2023-08-07,31.3975,31.400000000000002,31.045,31.0675,29.10171056953059,33384,0.0,0.0,0.0,True
2023-08-08,30.9025,30.907500000000002,30.7,30.76,28.81366751353735,73345,0.0,0.0,0.0,True
2023-08-09,31.025000000000002,31.12,30.86,30.88875,28.934269381288996,58788,0.0,0.0,0.0,True
2023-08-10,31.05,31.31199951171875,31.0125,31.2025,29.22817078496908,10307,0.0,0.0,0.0,True
2023-08-11,30.85,30.873999023437502,30.54800048828125,30.556250000000002,28.622808953467846,186749,0.0,0.0,0.0,True
2023-08-14,30.54,30.5725,30.39800048828125,30.44375,28.517429636033725,4672,0.0,0.0,0.0,True
2023-08-15,30.395,30.395,30.05,30.09375,28.189572699940626,51025,0.0,0.0,0.0,True
2023-08-16,30.0375,30.052500000000002,29.8475,29.892500000000002,28.001059767362918,84658,0.0,0.0,0.0,True
2023-08-17,30.015,30.100500488281252,29.8825,29.875,27.984663259090965,56543,0.0,0.0,0.0,True
2023-08-18,29.7175,29.7275,29.50949951171875,29.625,27.75048267556069,50564,0.0,0.0,0.0,True
2023-08-21,29.59,29.650849609375,29.518679199218752,29.56625,27.695453110394492,102781,0.0,0.0,0.0,True
2023-08-22,29.665,29.8125,29.645,29.66625,27.78912488612319,12010,0.0,0.0,0.0,True
2023-08-23,30.04,30.1725,29.89050048828125,30.173750000000002,28.26451149357382,11790,0.0,0.0,0.0,True
2023-08-24,30.495,30.51,30.2425,30.25875,28.344136965356494,73111,0.0,0.0,0.0,True
2023-08-25,30.3625,30.3675,30.21,30.310000000000002,28.39213880171555,5826,0.0,0.0,0.0,True
2023-08-29,30.76,30.990000000000002,30.695,30.94625,28.988131853751955,147306,0.0,0.0,0.0,True
2023-08-30,30.785,30.785,30.580000000000002,30.58875,28.65325634251997,31941,0.0,0.0,0.0,True
2023-08-31,30.400000000000002,30.535,30.3475,30.3475,28.42727058050007,13195,0.0,0.0,0.0,True
2023-09-01,30.5125,30.85,30.5025,30.85,28.897972798218294,9784,0.0,0.0,0.0,True
2023-09-04,31.025000000000002,31.0675,30.907500000000002,30.90125,28.945981499828548,31102,0.0,0.0,0.0,True
2023-09-05,30.765,30.8325,30.688540039062502,30.78,28.83240278404992,112230,0.0,0.0,0.0,True
2023-09-06,30.6275,30.895,30.585,30.75625,28.810154793342306,29222,0.0,0.0,0.0,True
2023-09-07,30.6275,30.665,30.394750976562502,30.415,28.490497255593723,103901,0.0,0.0,0.0,True
2023-09-08,30.45,30.5075,30.415,30.51125,28.580656311127377,14305,0.0,0.0,0.0,True
2023-09-11,30.57,30.69,30.57,30.62,28.682525196783526,68122,0.0,0.0,0.0,True
2023-09-12,30.685000000000002,30.776499023437502,30.66,30.74625,28.800788302294567,1002,0.0,0.0,0.0,True
2023-09-13,30.685000000000002,30.755,30.62,30.76625,28.819523572807125,27979,0.0,0.0,0.0,True
2023-09-14,30.4925,30.8,30.4825,30.775000000000002,29.150943514993976,296785,0.341134,0.0,0.0,True
2023-09-15,30.86,30.86,30.655,30.655,29.037277161786772,37605,0.0,0.0,0.0,True
2023-09-18,30.655,30.7075,30.497500000000002,30.5975,28.982812178822,18309,0.0,0.0,0.0,True
2023-09-19,30.580000000000002,30.5910009765625,30.3975,30.40875,28.804021079001693,14591,0.0,0.0,0.0,True
2023-09-20,30.4925,30.5925,30.4425,30.55125,28.93899770423002,87619,0.0,0.0,0.0,True
2023-09-21,30.185000000000002,30.240000000000002,30.09,30.07,28.48314992994599,60105,0.0,0.0,0.0,True
2023-09-22,30.4475,30.650000000000002,30.435000000000002,30.5425,28.93070960494884,113489,0.0,0.0,0.0,True
2023-09-25,30.41,30.44,30.3175,30.44,28.833624077941792,18151,0.0,0.0,0.0,True
2023-09-26,30.212500000000002,30.2725,30.1675,30.18,28.587341194778965,19444,0.0,0.0,0.0,True
2023-09-27,30.295,30.35,30.2025,30.2175,28.622860628633084,39867,0.0,0.0,0.0,True
2023-09-28,30.177500000000002,30.177500000000002,29.925,30.060000000000002,28.473677155390664,8258,0.0,0.0,0.0,True
2023-09-29,30.34,30.39,30.2325,30.245,28.64891191556967,22511,0.0,0.0,0.0,True
2023-10-02,30.25,30.34,30.13387939453125,30.1675,28.575503697313152,46028,0.0,0.0,0.0,True
2023-10-03,30.135,30.18949951171875,29.975,29.985,28.402633660044625,83357,0.0,0.0,0.0,True
2023-10-04,29.68,29.767500000000002,29.625,29.6875,28.120833656846578,26112,0.0,0.0,0.0,True
2023-10-05,29.7,29.76,29.54675048828125,29.560000000000002,28.000061565813443,23089,0.0,0.0,0.0,True
2023-10-06,29.79,29.8975,29.735,29.8975,28.319750353413895,63601,0.0,0.0,0.0,True
2023-10-09,29.785,29.851259765625002,29.595,29.685000000000002,28.118468933936086,26606,0.0,0.0,0.0,True
2023-10-10,29.9125,30.2075,29.872500000000002,30.18875,28.595631607879042,37736,0.0,0.0,0.0,True
2023-10-11,30.27,30.3485009765625,30.212500000000002,30.2625,28.665492741769825,51369,0.0,0.0,0.0,True
2023-10-12,30.4325,30.5225,30.275000000000002,30.29375,28.695086485434363,82702,0.0,0.0,0.0,True
2023-10-13,30.295,30.36,30.1175,30.247500000000002,28.651281266117948,73473,0.0,0.0,0.0,True
2023-10-16,30.1175,30.3475,30.060000000000002,30.34375,28.742450358210984,22930,0.0,0.0,0.0,True
2023-10-17,30.335,30.365000000000002,30.1725,30.3175,28.717586060367424,50052,0.0,0.0,0.0,True
2023-10-18,30.1075,30.135,29.935000000000002,29.935000000000002,28.355272101086907,95167,0.0,0.0,0.0,True
2023-10-19,29.7825,29.8675,29.775000000000002,29.802500000000002,28.229761308957208,26723,0.0,0.0,0.0,True
2023-10-20,29.645,29.6675,29.375,29.375,27.824822177996637,43937,0.0,0.0,0.0,True
2023-10-23,29.255,29.255,29.0225,29.19375,27.65313681600226,96748,0.0,0.0,0.0,True
2023-10-24,29.12,29.6925,29.04,29.681250000000002,28.11491722193257,6515,0.0,0.0,0.0,True
2023-10-25,29.39,29.5375,29.3625,29.46,27.905338447897996,45292,0.0,0.0,0.0,True
2023-10-26,29.155,29.240000000000002,29.1275,29.215,27.673267040387046,79604,0.0,0.0,0.0,True
2023-10-27,29.462500000000002,29.505,29.2975,29.29125,27.745490583369424,99116,0.0,0.0,0.0,True
2023-10-30,29.62,29.6825,29.3875,29.3875,27.836661989281342,39418,0.0,0.0,0.0,True
2023-10-31,29.177500000000002,29.26,29.1575,29.06875,27.534738703155192,76853,0.0,0.0,0.0,True
2023-11-01,29.1125,29.445,29.1125,29.4175,27.865084940585106,10190,0.0,0.0,0.0,True
2023-11-02,29.7575,30.0025,29.747500000000002,29.945,28.36474024800445,41964,0.0,0.0,0.0,True
2023-11-03,30.122500000000002,30.21,30.04,30.16375,28.571951985309624,17903,0.0,0.0,0.0,True
2023-11-06,30.5075,30.51,30.36,30.405,28.80046705317927,36080,0.0,0.0,0.0,True
2023-11-07,30.345,30.5009912109375,30.27625,30.45125,28.844279213952365,8791,0.0,0.0,0.0,True
2023-11-08,30.3425,30.42,30.33125,30.33125,28.73061286074516,12981,0.0,0.0,0.0,True
2023-11-09,30.235,30.3825,30.18625,30.3325,28.7317975360193,17022,0.0,0.0,0.0,True
2023-11-10,30.1275,30.302500000000002,30.080000000000002,30.298750000000002,28.699825186530916,16884,0.0,0.0,0.0,True
2023-11-13,30.3175,30.3275,30.2075,30.345,28.743635033485116,15071,0.0,0.0,0.0,True
2023-11-14,30.175,30.490000000000002,30.175,30.475,28.86677184742874,89097,0.0,0.0,0.0,True
2023-11-15,30.7075,31.017500000000002,30.7075,31.021250000000002,29.38419959777906,118574,0.0,0.0,0.0,True
2023-11-16,30.87,30.89,30.57574951171875,30.53125,28.92006141039495,73073,0.0,0.0,0.0,True
2023-11-17,30.635,30.6875,30.62,30.635,29.018326985038335,20375,0.0,0.0,0.0,True
2023-11-20,30.62,30.810000000000002,30.58875,30.8175,29.19119702230686,4053,0.0,0.0,0.0,True
2023-11-21,30.7175,30.7575,30.53,30.57125,28.95794325334067,29516,0.0,0.0,0.0,True
2023-11-22,30.465,30.64,30.46,30.64,29.023063372315995,10354,0.0,0.0,0.0,True
2023-11-23,30.7025,30.745,30.6025,30.62875,29.012410550124322,16651,0.0,0.0,0.0,True
2023-11-24,30.34,30.34,30.236250000000002,30.30375,28.704559259989686,7666,0.0,0.0,0.0,True
2023-11-27,30.1375,30.1885009765625,30.1322607421875,30.145,28.55418879765423,18567,0.0,0.0,0.0,True
2023-11-28,30.14,30.3275,30.14,30.25,28.65364830284733,34098,0.0,0.0,0.0,True
2023-11-29,30.12,30.235,30.095,30.11625,28.5269528354435,70226,0.0,0.0,0.0,True
2023-11-30,30.115000000000002,30.2575,30.055,30.21,28.61575951844493,24710,0.0,0.0,0.0,True
2023-12-01,30.1375,30.17,30.017500000000002,30.17,28.577873047861438,35101,0.0,0.0,0.0,True
2023-12-04,30.1,30.19,30.05,30.05,28.46419975319755,14696,0.0,0.0,0.0,True
2023-12-05,29.8575,29.89,29.77652099609375,29.87875,28.30198947957739,38084,0.0,0.0,0.0,True
2023-12-06,30.0375,30.155,30.0375,30.10125,28.512750615067205,16387,0.0,0.0,0.0,True
2023-12-07,29.92,30.065,29.92,30.0375,28.452362255731735,16168,0.0,0.0,0.0,True
2023-12-08,30.04,30.143740234375002,30.03,30.05,28.46419975319755,62538,0.0,0.0,0.0,True
2023-12-11,30.0375,30.195,29.9525,30.19,28.59681396933429,47192,0.0,0.0,0.0,True
2023-12-12,30.25,30.26,30.0925,30.1375,28.547087687466075,22316,0.0,0.0,0.0,True
2023-12-13,30.087500000000002,30.125,30.04,30.0675,28.480780579397713,34105,0.0,0.0,0.0,True
2023-12-14,30.34,30.42175048828125,30.221499023437502,30.3575,28.852484608101026,27179,0.10109301,0.0,0.0,True
2023-12-15,30.4675,30.5725,30.4075,30.55,29.035434069012883,227309,0.0,0.0,0.0,True
2023-12-18,30.44,30.5275,30.337500000000002,30.385,28.878618255477267,30760,0.0,0.0,0.0,True
2023-12-19,30.39,30.575,30.34,30.5325,29.018809475527835,26473,0.0,0.0,0.0,True
2023-12-20,30.695,30.7875,30.462500000000002,30.521250000000002,29.0081141114466,48657,0.0,0.0,0.0,True
2023-12-21,30.545,30.675,30.5225,30.6575,29.137603002776856,33051,0.0,0.0,0.0,True
2023-12-22,30.3075,30.337500000000002,30.27,30.305,28.80258064754318,11191,0.0,0.0,0.0,True
2023-12-27,30.7725,30.8875,30.645,30.6725,29.151864262067274,76121,0.0,0.0,0.0,True
2023-12-28,31.0,31.220000000000002,31.0,31.17,29.62470057387872,30562,0.0,0.0,0.0,True
2023-12-29,31.09,31.142500000000002,31.0675,31.09,29.54866296594463,3235,0.0,0.0,0.0,True
2024-01-02,30.9425,31.131499023437502,30.9425,31.0625,29.52253164011475,55870,0.0,0.0,0.0,True
2024-01-03,30.875,30.875,30.69,30.8,29.273042017428182,6449,0.0,0.0,0.0,True
2024-01-04,30.747500000000002,30.778750000000002,30.66,30.72,29.19700440949409,25864,0.0,0.0,0.0,True
2024-01-05,30.6025,30.67,30.56152099609375,30.6175,29.09959232422207,17581,0.0,0.0,0.0,True
2024-01-08,30.4125,30.48,30.3239990234375,30.48,28.968907836516337,6667,0.0,0.0,0.0,True
2024-01-09,30.330000000000002,30.330000000000002,30.186499023437502,30.25875,28.75862913185276,13347,0.0,0.0,0.0,True
2024-01-10,30.240000000000002,30.240000000000002,30.105,30.105,28.612501717759287,27361,0.0,0.0,0.0,True
2024-01-11,30.3125,30.325,30.105,30.14125,28.646948822651236,15068,0.0,0.0,0.0,True
2024-01-12,30.2225,30.497500000000002,30.2225,30.4025,28.895247492055038,22315,0.0,0.0,0.0,True
2024-01-15,30.3275,30.3525,30.2275,30.2525,28.75268597317077,48281,0.0,0.0,0.0,True
2024-01-16,30.060000000000002,30.15125,29.98,29.9725,28.486567113906432,121656,0.0,0.0,0.0,True
2024-01-17,29.445,29.5575,29.267500000000002,29.2775,27.826022171144817,18680,0.0,0.0,0.0,True
2024-01-18,29.44,29.6325,29.44,29.5675,28.101647762753988,35212,0.0,0.0,0.0,True
2024-01-19,29.7275,29.78199951171875,29.6275,29.677500000000002,28.206196281537117,6823,0.0,0.0,0.0,True
2024-01-22,29.565,29.5925,29.4675,29.535,28.070757266885792,10590,0.0,0.0,0.0,True
2024-01-23,29.5325,29.87,29.5025,29.8225,28.344003273475792,21792,0.0,0.0,0.0,True
2024-01-24,30.0775,30.2325,30.01326904296875,30.2075,28.70991612457767,13596,0.0,0.0,0.0,True
2024-01-25,30.1725,30.300729980468752,30.14925048828125,30.2275,28.728924946174597,11274,0.0,0.0,0.0,True
2024-01-26,30.0575,30.1825,30.05,30.2525,28.75268597317077,13657,0.0,0.0,0.0,True
2024-01-29,30.38,30.405,30.2,30.2225,28.72417274077537,105961,0.0,0.0,0.0,True
2024-01-30,30.12,30.13,30.015,30.0375,28.548343462550104,9218,0.0,0.0,0.0,True
2024-01-31,29.892500000000002,30.0575,29.872500000000002,30.01875,28.530520951143206,75127,0.0,0.0,0.0,True
2024-02-01,30.065,30.235,30.03625,30.052500000000002,28.562600078747803,36049,0.0,0.0,0.0,True
2024-02-02,30.1925,30.267500000000002,30.1,30.14875,28.654078291523266,36943,0.0,0.0,0.0,True
2024-02-05,30.375,30.48,30.265,30.4575,28.94752175144661,14280,0.0,0.0,0.0,True
2024-02-06,31.005,31.0775,30.92,31.0575,29.517777113169153,85641,0.0,0.0,0.0,True
2024-02-07,30.9375,31.0639990234375,30.925,30.95,29.41560817940518,133052,0.0,0.0,0.0,True
2024-02-08,30.985,30.985,30.8575,30.885,29.35382486612243,33656,0.0,0.0,0.0,True
2024-02-09,30.85,30.9635009765625,30.7210009765625,30.835,29.306307455222818,10849,0.0,0.0,0.0,True
2024-02-12,30.9125,31.365000000000002,30.905,31.3575,29.80290479403042,14478,0.0,0.0,0.0,True
2024-02-13,31.23,31.23,30.755,30.755,29.230272168835082,146649,0.0,0.0,0.0,True
2024-02-14,31.0,31.2435009765625,30.971750488281252,31.205000000000002,29.657966011673356,42610,0.0,0.0,0.0,True
2024-02-15,31.2725,31.29,31.21949951171875,31.2425,29.69360639139442,151791,0.0,0.0,0.0,True
2024-02-16,31.497500000000002,31.57,31.4814990234375,31.495,29.93358463864344,81178,0.0,0.0,0.0,True
2024-02-19,31.310000000000002,31.455000000000002,31.310000000000002,31.455000000000002,29.895573960088655,9838,0.0,0.0,0.0,True
2024-02-20,31.405,31.490000000000002,31.2785009765625,31.325,29.772011976615868,177422,0.0,0.0,0.0,True
2024-02-21,31.470000000000002,31.55,31.4475,31.4525,29.893199018162214,122284,0.0,0.0,0.0,True
2024-02-22,31.64,31.7975,31.64,31.66375,30.093970990480962,50345,0.0,0.0,0.0,True
2024-02-23,31.625,31.625,31.5625,31.5925,30.026251483155303,3476,0.0,0.0,0.0,True
2024-02-26,31.4775,31.55,31.435000000000002,31.485,29.924082549391326,58490,0.0,0.0,0.0,True
2024-02-27,31.505,31.6325,31.505,31.5725,30.00724034001201,9263,0.0,0.0,0.0,True
2024-02-28,31.4175,31.4175,31.21,31.21,29.66271589552623,14489,0.0,0.0,0.0,True
2024-02-29,31.39,31.42,31.25,31.2875,29.73637391844116,64345,0.0,0.0,0.0,True
2024-03-01,31.4825,31.6725,31.451750488281252,31.6675,30.097534564143796,19086,0.0,0.0,0.0,True
2024-03-04,31.7,31.720000000000002,31.5,31.5,29.938339165589028,27287,0.0,0.0,0.0,True
2024-03-05,31.34,31.3675,31.2,31.205000000000002,29.657966011673356,44352,0.0,0.0,0.0,True
2024-03-06,31.395,31.66,31.395,31.63,30.061896505969095,15638,0.0,0.0,0.0,True
2024-03-07,31.517500000000002,31.6125,31.475,31.5975,30.031006010100896,158368,0.0,0.0,0.0,True
2024-03-08,31.69,31.745,31.580000000000002,31.5225,29.959725250658753,23977,0.0,0.0,0.0,True
2024-03-11,31.5975,31.7175,31.5425,31.6925,30.121295591139962,125220,0.0,0.0,0.0,True
2024-03-12,32.055,32.075,31.9725,32.03875,30.45037943078437,22917,0.0,0.0,0.0,True
2024-03-13,31.875,31.9575,31.86,31.89,30.309004222090138,213345,0.0,0.0,0.0,True
2024-03-14,31.88,31.91,31.763701171875002,31.81875,30.328942815815875,24263,0.09216801000000001,0.0,0.0,True
2024-03-15,31.675,31.7025,31.552500000000002,31.6325,30.151412278984218,27407,0.0,0.0,0.0,True
2024-03-18,31.79,31.8225,31.69,31.70375,30.219328442362443,84918,0.0,0.0,0.0,True
2024-03-19,31.57,31.57875,31.42,31.552500000000002,30.075158801799223,99189,0.0,0.0,0.0,True
2024-03-20,31.57,31.740000000000002,31.57,31.6325,30.151412278984218,14854,0.0,0.0,0.0,True
2024-03-21,32.03,32.1439990234375,31.9735009765625,32.14,30.635151095397216,70506,0.0,0.0,0.0,True
2024-03-22,32.155,32.155,32.02,32.05125,30.55056030440545,27257,0.0,0.0,0.0,True
2024-03-25,32.0475,32.08125,31.889250488281252,31.955000000000002,30.458814929406916,12539,0.0,0.0,0.0,True
2024-03-26,32.0325,32.0960009765625,31.9675,32.0075,30.508850453288897,589893,0.0,0.0,0.0,True
2024-03-27,31.970000000000002,32.02,31.9389990234375,31.96,30.463580771730978,43621,0.0,0.0,0.0,True
2024-03-28,32.1225,32.2,32.075,32.1425,30.637535180663384,67696,0.0,0.0,0.0,True
2024-04-02,32.4375,32.6275,32.4375,32.48625,30.965186258390606,14919,0.0,0.0,0.0,True
2024-04-03,32.295,32.3675,32.2625,32.3375,30.823403031301815,115870,0.0,0.0,0.0,True
2024-04-04,32.355000000000004,32.5675,32.3412109375,32.5675,31.042634106416955,92363,0.0,0.0,0.0,True
2024-04-05,32.2375,32.2975,32.2,32.285000000000004,30.7733628510033,159395,0.0,0.0,0.0,True
2024-04-08,32.38,32.5375,32.273579101562504,32.52625,31.003317653399634,22392,0.0,0.0,0.0,True
2024-04-09,32.57,32.63238037109375,32.4827294921875,32.56,31.035484178826717,31488,0.0,0.0,0.0,True
2024-04-10,32.7675,32.7768994140625,32.4075,32.455,30.93540381822968,27967,0.0,0.0,0.0,True
2024-04-11,32.792500000000004,32.792500000000004,32.59,32.61875,31.09148690049892,14564,0.0,0.0,0.0,True
2024-04-12,32.5725,32.6275,32.285000000000004,32.30125,30.788852420608567,15680,0.0,0.0,0.0,True
2024-04-15,32.3775,32.38,32.1475,32.185,30.67804367631378,56070,0.0,0.0,0.0,True
2024-04-16,31.685000000000002,31.705000000000002,31.4875,31.6,30.120437796190213,80388,0.0,0.0,0.0,True
2024-04-17,31.587500000000002,31.67507080078125,31.5,31.5,30.025118621500706,25169,0.0,0.0,0.0,True
2024-04-18,31.805,31.9925,31.6275,31.7375,30.25149496778953,26302,0.0,0.0,0.0,True
2024-04-19,31.3625,31.625,31.304880371093752,31.5725,30.094219842887203,128139,0.0,0.0,0.0,True
2024-04-22,31.85,31.98,31.77,31.92,30.42545170493021,132649,0.0,0.0,0.0,True
2024-04-23,32.1125,32.1775,31.955568847656252,32.035000000000004,30.53507073480018,13783,0.0,0.0,0.0,True
2024-04-24,32.3725,32.414599609375,32.160000000000004,32.1625,30.65659622175137,32825,0.0,0.0,0.0,True
2024-04-25,32.025,32.0775,31.8425,31.99125,30.493367868308436,18446,0.0,0.0,0.0,True
2024-04-26,32.4375,32.4975,32.2625,32.472500000000004,30.952085430468035,119301,0.0,0.0,0.0,True
2024-04-29,32.64,32.65153076171875,32.542500000000004,32.585,31.0593157186553,7623,0.0,0.0,0.0,True
2024-04-30,32.6025,32.6875,32.410000000000004,32.410000000000004,30.892508909104855,11419,0.0,0.0,0.0,True
2024-05-01,32.43,32.4775,32.3,32.43,30.91157227840111,8033,0.0,0.0,0.0,True
2024-05-02,32.74,32.96,32.726398925781254,32.958798828125,31.415615399117065,8851,0.0,0.0,0.0,True
2024-05-03,33.0,33.245,32.9375,33.2425,31.68602980479018,23042,0.0,0.0,0.0,True
2024-05-07,33.255,33.292500000000004,33.0175,33.29,31.731306470972893,38770,0.0,0.0,0.0,True
2024-05-08,33.355000000000004,33.386440429687504,33.2,33.33,31.769433209565392,57022,0.0,0.0,0.0,True
2024-05-09,33.325,33.403720703125,33.268720703125,33.35,31.788498907069922,3658,0.0,0.0,0.0,True
2024-05-10,33.4875,33.6125,33.425,33.485,31.917176649819595,41998,0.0,0.0,0.0,True
2024-05-13,33.5375,33.6875,33.5375,33.6475,32.072065361247496,358933,0.0,0.0,0.0,True
2024-05-14,33.6475,33.775,33.575,33.6725,32.09589922928434,23154,0.0,0.0,0.0,True
2024-05-15,33.7825,33.8175,33.6625,33.8175,32.23411331309869,18940,0.0,0.0,0.0,True
2024-05-16,33.7875,34.0,33.735,33.94,32.350868301309255,28042,0.0,0.0,0.0,True
2024-05-17,33.9,34.08,33.825,34.015,32.422358264378474,42996,0.0,0.0,0.0,True
2024-05-20,33.935,34.095,33.8,33.905,32.31750973324911,15829,0.0,0.0,0.0,True
2024-05-21,33.65,33.68,33.57846923828125,33.63,32.055388405425674,91512,0.0,0.0,0.0,True
2024-05-22,33.6025,33.7075,33.516201171875004,33.54625,31.975558800341428,17279,0.0,0.0,0.0,True
2024-05-23,33.59,33.6475,33.3675,33.455,31.888581595875223,78879,0.0,0.0,0.0,True
2024-05-24,33.3,33.3575,33.21,33.27625,31.718200986633786,6827,0.0,0.0,0.0,True
2024-05-28,33.33,33.385,33.1425,33.19375,31.639561095974372,14590,0.0,0.0,0.0,True
2024-05-29,32.895,32.8975,32.755,32.77125,31.23684625548697,31467,0.0,0.0,0.0,True
2024-05-30,32.515,32.667500000000004,32.4825,32.667500000000004,31.137953281106462,166685,0.0,0.0,0.0,True
2024-05-31,32.285000000000004,32.4187109375,32.125,32.125,30.6208558966333,87990,0.0,0.0,0.0,True
2024-06-03,32.8325,32.9525,32.4851806640625,32.50875,30.986636041161294,104487,0.0,0.0,0.0,True
2024-06-04,31.945,32.1698291015625,31.855,31.965,30.468346614055037,495270,0.0,0.0,0.0,True
2024-06-05,32.292500000000004,32.6175,32.2525,32.62,31.09267894313201,19544,0.0,0.0,0.0,True
2024-06-06,32.7725,32.81,32.671040039062504,32.78125,31.246375611926812,115123,0.0,0.0,0.0,True
2024-06-07,32.79,32.847500000000004,32.685,32.75125,31.217780557982447,43794,0.0,0.0,0.0,True
2024-06-10,32.7,32.83,32.665,32.8175,31.28092855082834,38928,0.0,0.0,0.0,True
2024-06-11,32.74,32.7825,32.5225,32.5225,30.99974385370866,108003,0.0,0.0,0.0,True
2024-06-12,32.7475,32.8,32.625029296875,32.8,31.264251595006527,124132,0.0,0.0,0.0,True
2024-06-13,32.6175,32.645,32.515,32.5575,31.24321359579809,20506,0.22057701000000002,0.0,0.0,True
2024-06-14,32.7625,32.9275,32.6525,32.89375,31.565893495802722,114040,0.0,0.0,0.0,True
2024-06-17,33.03,33.05718017578125,32.96139892578125,32.9825,31.651058320035272,12829,0.0,0.0,0.0,True
2024-06-18,33.175,33.405,33.1525,33.405,32.05650063495831,43362,0.0,0.0,0.0,True
2024-06-19,33.6275,33.635,33.542500000000004,33.595,32.23883529855221,40116,0.0,0.0,0.0,True
2024-06-20,33.660000000000004,33.71219970703125,33.465400390625,33.4925,32.140470114068734,81412,0.0,0.0,0.0,True
2024-06-21,33.472500000000004,33.50797119140625,33.401279296875,33.46,32.109283325450306,19155,0.0,0.0,0.0,True
2024-06-24,33.295,33.515,33.282958984375,33.42375,32.07449643858166,24725,0.0,0.0,0.0,True
2024-06-25,33.2725,33.325,33.175,33.18,31.84058614868777,34204,0.0,0.0,0.0,True
2024-06-26,33.3775,33.43074951171875,33.2125,33.2725,31.929351071170565,121025,0.0,0.0,0.0,True
2024-06-27,33.2775,33.3875,33.2325,33.255,31.912559987925253,109386,0.0,0.0,0.0,True
2024-06-28,33.542500000000004,33.5575,33.43554931640625,33.4925,32.140470114068734,17761,0.0,0.0,0.0,True
2024-07-01,33.410000000000004,33.47,33.2975,33.46375,32.11287873607263,19649,0.0,0.0,0.0,True
2024-07-02,33.2825,33.3254296875,33.215,33.3175,31.972538187289825,20987,0.0,0.0,0.0,True
2024-07-03,33.5125,33.6401806640625,33.475,33.65625,32.29761112135273,16143,0.0,0.0,0.0,True
2024-07-04,33.8275,33.86,33.765,33.79,32.425960717890554,16789,0.0,0.0,0.0,True
2024-07-05,33.775,33.8625,33.5375,33.636250000000004,32.27841762879326,16914,0.0,0.0,0.0,True
2024-07-08,33.745,33.792500000000004,33.70243896484375,33.7325,32.37078264952633,13081,0.0,0.0,0.0,True
2024-07-09,33.855000000000004,33.901650390625,33.79818115234375,33.8675,32.5003346226282,27142,0.0,0.0,0.0,True
2024-07-10,33.8975,34.02287109375,33.8975,33.910000000000004,32.541116985619354,9664,0.0,0.0,0.0,True
2024-07-11,34.1275,34.165,33.995,33.995,32.62269108685752,49307,0.0,0.0,0.0,True
2024-07-12,33.972500000000004,34.0275,33.90243896484375,33.965,32.593899676111356,54142,0.0,0.0,0.0,True
2024-07-15,33.81,33.8322802734375,33.6925,33.7425,32.380378223899065,82471,0.0,0.0,0.0,True
2024-07-16,33.7375,33.8,33.64487060546875,33.73625,32.37438274777658,18732,0.0,0.0,0.0,True
2024-07-17,33.455,33.525,33.22458984375,33.24625,31.90416210248863,82131,0.0,0.0,0.0,True
2024-07-18,33.4025,33.4025,33.005,33.005,31.672647190466968,50327,0.0,0.0,0.0,True
2024-07-19,32.9,32.99,32.825,32.79875,31.474728507819737,9286,0.0,0.0,0.0,True
2024-07-22,32.792500000000004,33.0225,32.78263916015625,32.905,31.576689102925545,35549,0.0,0.0,0.0,True
2024-07-23,32.745,32.9325,32.745,32.8725,31.54549762667922,2936,0.0,0.0,0.0,True
2024-07-24,32.6525,32.71762939453125,32.5075,32.5075,31.195233380120406,4091,0.0,0.0,0.0,True
2024-07-25,32.3125,32.3125,32.1773291015625,32.36875,31.062085996396195,6121,0.0,0.0,0.0,True
2024-07-26,32.535000000000004,32.5825,32.47212890625,32.5725,31.257606957357215,19882,0.0,0.0,0.0,True
2024-07-29,32.7825,32.82,32.4375,32.45625,31.14605313169263,35705,0.0,0.0,0.0,True
2024-07-30,32.565,32.6439111328125,32.42,32.45875,31.14845319719279,141745,0.0,0.0,0.0,True
2024-07-31,33.0475,33.167500000000004,32.93842041015625,33.145,31.806999294569188,6061,0.0,0.0,0.0,True
2024-08-01,33.17,33.222500000000004,32.8377490234375,32.92875,31.59947566229336,298731,0.0,0.0,0.0,True
2024-08-02,32.3975,32.475,31.94826904296875,32.04,30.746606292892064,62481,0.0,0.0,0.0,True
2024-08-05,30.815,31.2775,30.459509277343752,31.2775,30.0148863235281,30672,0.0,0.0,0.0,True
2024-08-06,31.5,31.6,31.225080566406252,31.517500000000002,30.24519885898571,18326,0.0,0.0,0.0,True
2024-08-07,32.2775,32.3225,32.0177490234375,32.2175,30.916940628985103,24745,0.0,0.0,0.0,True
2024-08-08,32.025,32.365,31.890400390625,32.39625,31.088472654014257,9365,0.0,0.0,0.0,True
2024-08-09,32.5,32.6525,32.3925,32.45,31.140057655570132,5462,0.0,0.0,0.0,True
2024-08-12,32.62,32.7325,32.586879882812504,32.655,31.336776305467268,5048,0.0,0.0,0.0,True
2024-08-13,32.675,32.68,32.555,32.7,31.379961077772556,3894,0.0,0.0,0.0,True
2024-08-14,32.7025,32.8156591796875,32.54,32.68125,31.36196996177715,2781,0.0,0.0,0.0,True
2024-08-15,32.69,33.0475,32.657890625,32.98875,31.65705848378569,34452,0.0,0.0,0.0,True
2024-08-16,33.14,33.21,32.985,33.16125,31.82259268887839,69718,0.0,0.0,0.0,True
2024-08-19,33.1425,33.325,33.11337890625,33.35,32.00372497590822,9967,0.0,0.0,0.0,True
2024-08-20,33.245,33.292500000000004,32.9875,33.025,31.691843026840388,31651,0.0,0.0,0.0,True
2024-08-21,32.9975,33.0475,32.94840087890625,33.0275,31.694243092340564,4628,0.0,0.0,0.0,True
2024-08-22,32.917500000000004,32.94512939453125,32.68,32.68,31.36076992902706,12094,0.0,0.0,0.0,True
2024-08-23,32.86,32.9075,32.7625,32.84,31.51431318187477,803,0.0,0.0,0.0,True
2024-08-27,32.585,32.63,32.46614013671875,32.4825,31.171242100374574,16905,0.0,0.0,0.0,True
2024-08-28,32.5275,32.597500000000004,32.475,32.44,31.13045973738343,4033,0.0,0.0,0.0,True
2024-08-29,32.565,32.72300048828125,32.5025,32.6825,31.36316999452723,19799,0.0,0.0,0.0,True
2024-08-30,32.74,32.8002490234375,32.6725,32.63375,31.31638746778566,22096,0.0,0.0,0.0,True
2024-09-02,32.595,32.6075,32.5156298828125,32.57625,31.261207055607457,62032,0.0,0.0,0.0,True
2024-09-03,32.5575,32.5825,32.2202294921875,32.292500000000004,30.988914468222593,12952,0.0,0.0,0.0,True
2024-09-04,31.965,32.1797998046875,31.91969970703125,32.12,30.82337791931592,39139,0.0,0.0,0.0,True
2024-09-05,32.0275,32.1225,31.969099121093752,32.0025,30.71061702945936,4616,0.0,0.0,0.0,True
2024-09-06,31.9425,31.96,31.5675,31.57,30.295574452535636,21784,0.0,0.0,0.0,True
2024-09-09,31.715,31.9175,31.7006103515625,31.86,30.5738695474849,24720,0.0,0.0,0.0,True
2024-09-10,31.77,31.86,31.7175,31.7575,30.475511394443316,7991,0.0,0.0,0.0,True
2024-09-11,31.7425,31.830000000000002,31.69,31.79,30.506695839247755,11202,0.0,0.0,0.0,True
2024-09-12,31.9375,31.955000000000002,31.77,31.8075,30.829615158446636,8950,0.315662,0.0,0.0,True
2024-09-13,31.9425,31.990000000000002,31.8477490234375,31.990000000000002,31.006505063902214,4721,0.0,0.0,0.0,True
2024-09-16,31.9325,32.0,31.8125,31.8275,30.84899921866122,14298,0.0,0.0,0.0,True
2024-09-17,32.035000000000004,32.09530029296875,31.990000000000002,32.1025,31.115542473808755,7785,0.0,0.0,0.0,True
2024-09-18,32.075,32.08,31.872500000000002,31.87875,30.898674867417267,5274,0.0,0.0,0.0,True
2024-09-19,32.24,32.305500488281254,32.195,32.28,31.28758458889683,27304,0.0,0.0,0.0,True
2024-09-20,32.2575,32.3525,32.222500000000004,32.2475,31.256085786933767,36148,0.0,0.0,0.0,True
2024-09-23,32.31,32.4498291015625,32.30291015625,32.385,31.389359781592677,8910,0.0,0.0,0.0,True
2024-09-24,32.8925,33.2177197265625,32.79791015625,33.23125,32.20959265609716,161980,0.0,0.0,0.0,True
2024-09-25,32.980000000000004,33.32,32.959970703125,33.28875,32.26532567572744,87025,0.0,0.0,0.0,True
2024-09-26,33.78,34.3975,33.69,34.09375,33.04557611512573,129748,0.0,0.0,0.0,True
2024-09-27,34.14,34.4025,34.10032958984375,34.19,33.1388653075933,54620,0.0,0.0,0.0,True
2024-09-30,34.3225,34.3375,33.7175,33.7175,32.68089351005798,72585,0.0,0.0,0.0,True
2024-10-01,33.8125,34.06,33.76,33.93125,32.888070269884736,42004,0.0,0.0,0.0,True
2024-10-02,34.7875,34.9206005859375,34.51,34.54125,33.47931606207898,76144,0.0,0.0,0.0,True
2024-10-03,34.7,34.935,34.44673095703125,34.72375,33.65620833461969,16755,0.0,0.0,0.0,True
2024-10-04,34.96,35.1185791015625,34.822080078125,34.8725,33.800382756350054,18463,0.0,0.0,0.0,True
2024-10-07,35.24,35.4575,35.2325,35.27,34.185663736309415,176416,0.0,0.0,0.0,True
2024-10-08,34.472500000000004,34.550000000000004,34.0864990234375,34.45,33.3908746599789,100212,0.0,0.0,0.0,True
2024-10-09,34.145,34.3725,34.0635009765625,34.34875,33.29273767714382,11376,0.0,0.0,0.0,True
2024-10-10,34.410000000000004,34.4925,34.23510009765625,34.44625,33.38724118428841,26442,0.0,0.0,0.0,True
2024-10-11,34.295,34.6025,34.202900390625004,34.6025,33.538684924484905,12770,0.0,0.0,0.0,True
2024-10-14,34.5,34.7525,34.4325,34.573750000000004,33.51081959821232,20720,0.0,0.0,0.0,True
2024-10-15,34.1825,34.21,33.85,33.8625,32.821434456097855,5484,0.0,0.0,0.0,True
2024-10-16,34.185,34.31012939453125,34.09548095703125,34.26,33.206710701886934,22383,0.0,0.0,0.0,True
2024-10-17,34.2,34.237500000000004,34.0343798828125,34.1575,33.10736650563026,20965,0.0,0.0,0.0,True
2024-10-18,34.410000000000004,34.5952294921875,34.36705078125,34.43,33.37148586559403,31393,0.0,0.0,0.0,True
2024-10-21,34.1975,34.24,34.0289990234375,34.0725,33.02498010731926,22573,0.0,0.0,0.0,True
2024-10-22,34.115,34.26,33.980000000000004,34.135,33.08555855023192,48803,0.0,0.0,0.0,True
2024-10-23,34.2125,34.2725,34.09,34.0875,33.0395187442515,55858,0.0,0.0,0.0,True
2024-10-24,34.0575,34.0575,33.835,33.885,32.84324477858133,16764,0.0,0.0,0.0,True
2024-10-25,33.9225,34.0625,33.9225,34.0275,32.9813641965226,22446,0.0,0.0,0.0,True
2024-10-28,34.02,34.08,33.8675,34.06875,33.02134426454364,33203,0.0,0.0,0.0,True
2024-10-29,33.83,34.187119140625,33.83,33.965,32.920785753609955,47767,0.0,0.0,0.0,True
2024-10-30,33.695,33.7275,33.5625,33.56,32.52823308809935,12021,0.0,0.0,0.0,True
2024-10-31,33.4275,33.5925,33.3625,33.5925,32.559736624232684,30024,0.0,0.0,0.0,True
2024-11-01,33.8025,33.82218994140625,33.6875,33.705,32.66877876830951,58156,0.0,0.0,0.0,True
2024-11-04,33.7,33.9,33.6975,33.8525,32.811738875362856,22958,0.0,0.0,0.0,True
2024-11-05,34.0575,34.1002294921875,33.94574951171875,34.025,32.978940301338845,7623,0.0,0.0,0.0,True
2024-11-06,34.055,34.0625,33.69,33.8375,32.797202605515764,35026,0.0,0.0,0.0,True
2024-11-07,34.167500000000004,34.3675,34.159199218750004,34.3175,33.26244608860235,10237,0.0,0.0,0.0,True
2024-11-08,33.8775,34.24,33.6875,33.7125,32.67604571969048,19060,0.0,0.0,0.0,True
2024-11-11,33.8275,33.8825,33.6125,33.615,32.581542212545884,12364,0.0,0.0,0.0,True
2024-11-12,33.32,33.3575,33.1075,33.29875,32.27501652229216,79244,0.0,0.0,0.0,True
2024-11-13,33.33,33.46718017578125,33.18572021484375,33.1975,32.17687717237194,20852,0.0,0.0,0.0,True
2024-11-14,33.1475,33.285000000000004,33.0925,33.175,32.155071584058746,28149,0.0,0.0,0.0,True
2024-11-15,33.25,33.352490234375,33.162880859375,33.275,32.251996619301956,19630,0.0,0.0,0.0,True
2024-11-18,33.4,33.5125,33.3625,33.505,32.474926330737944,8380,0.0,0.0,0.0,True
2024-11-19,33.6175,33.665,33.4227099609375,33.5375,32.506427499786156,35772,0.0,0.0,0.0,True
2024-11-20,33.525,33.5475,33.347500000000004,33.38,32.353771811997795,9711,0.0,0.0,0.0,True
2024-11-21,33.2875,33.505,33.27822998046875,33.505,32.474926330737944,26674,0.0,0.0,0.0,True
2024-11-22,33.6375,33.7639697265625,33.60470947265625,33.72375,32.68695088093221,25643,0.0,0.0,0.0,True
2024-11-25,33.7175,33.775,33.6475,33.695,32.659083187574495,24614,0.0,0.0,0.0,True
2024-11-26,33.565,33.66739990234375,33.545,33.6075,32.57427762825004,33148,0.0,0.0,0.0,True
2024-11-27,33.6475,33.7575,33.2675,33.2575,32.23503645427112,13224,0.0,0.0,0.0,True
2024-11-28,33.1725,33.1875,33.07889892578125,33.097500000000004,32.079952137128736,79237,0.0,0.0,0.0,True
2024-11-29,32.9375,33.28,32.935,33.28,32.25684204258431,25048,0.0,0.0,0.0,True
2024-12-02,33.33,33.545,33.28452880859375,33.5325,32.501582076503794,83429,0.0,0.0,0.0,True
2024-12-03,33.7075,33.7675,33.36889892578125,33.597500000000004,32.56458441460019,9874,0.0,0.0,0.0,True
2024-12-04,33.7075,33.764130859375,33.5375,33.57,32.53792630174921,3649,0.0,0.0,0.0,True
2024-12-05,33.6025,33.7064990234375,33.581298828125,33.71,32.673621824506725,23180,0.0,0.0,0.0,True
2024-12-06,33.7475,33.79,33.695,33.68375,32.64818039341791,20625,0.0,0.0,0.0,True
2024-12-09,34.195,34.521630859375,34.05074951171875,34.3775,33.3206030034164,105048,0.0,0.0,0.0,True
2024-12-10,33.88,33.9575,33.785000000000004,33.785000000000004,32.746315009167844,81439,0.0,0.0,0.0,True
2024-12-11,33.8,33.85843017578125,33.74840087890625,33.8575,32.81658666573035,6766,0.0,0.0,0.0,True
2024-12-12,33.96,34.005,33.73840087890625,33.865,32.92823833416191,12147,0.10732799999999999,0.0,0.0,True
2024-12-13,33.9975,34.02,33.906630859375,33.95,33.010886473649606,70481,0.0,0.0,0.0,True
2024-12-16,33.935,33.935,33.67,33.6825,32.75078442506026,42599,0.0,0.0,0.0,True
2024-12-17,33.465,33.49718994140625,33.358759765625,33.495,32.568469838445175,20949,0.0,0.0,0.0,True
2024-12-18,33.6725,33.7175,33.49830078125,33.51875,32.59156458661093,94204,0.0,0.0,0.0,True
2024-12-19,33.215,33.4225,33.157529296875,33.38125,32.45787102235262,6351,0.0,0.0,0.0,True
2024-12-20,33.37,33.38,33.113779296875,33.2475,32.32781762352081,18586,0.0,0.0,0.0,True
2024-12-23,33.3975,33.480000000000004,33.375,33.49,32.563609160931776,219657,0.0,0.0,0.0,True
2024-12-24,33.5925,33.6975,33.579619140625,33.6,32.67056781159784,593,0.0,0.0,0.0,True
2024-12-27,33.355000000000004,33.6775,33.141650390625,33.2375,32.318093893956885,29474,0.0,0.0,0.0,True
2024-12-30,33.160000000000004,33.175,32.9825,33.10125,32.185611343636936,26340,0.0,0.0,0.0,True
2024-12-31,33.03,33.17,33.03,33.17,32.252464062108935,3059,0.0,0.0,0.0,True
2025-01-02,33.1025,33.5675,32.9125,33.55875,32.630459504866636,18271,0.0,0.0,0.0,True
2025-01-03,33.597500000000004,33.6175,33.4975,33.597500000000004,32.668138660109705,148314,0.0,0.0,0.0,True
2025-01-06,33.54,33.91264892578125,33.514130859375,33.62,32.69001289618856,50847,0.0,0.0,0.0,True
2025-01-07,33.47,33.535000000000004,33.4025,33.49,32.563609160931776,63469,0.0,0.0,0.0,True
2025-01-08,33.26,33.5175,33.26,33.4825,32.556319331930254,29591,0.0,0.0,0.0,True
2025-01-09,33.7325,33.77094970703125,33.60238037109375,33.6475,32.71675255885508,75492,0.0,0.0,0.0,True
2025-01-10,33.4625,33.49,33.031298828125,33.30875,32.387375763917014,21900,0.0,0.0,0.0,True
2025-01-13,33.18,33.2623388671875,33.12264892578125,33.128750000000004,32.21235338084059,36669,0.0,0.0,0.0,True
2025-01-14,33.4825,33.715,33.4225,33.448750000000004,32.52350560327483,14907,0.0,0.0,0.0,True
2025-01-15,33.365,33.75,33.365,33.7575,32.82371120952113,19919,0.0,0.0,0.0,True
2025-01-16,34.160000000000004,34.165,33.86212890625,33.87,32.93309901167532,33777,0.0,0.0,0.0,True
2025-01-17,34.02,34.3325,33.9825,34.2825,33.33418682806165,16696,0.0,0.0,0.0,True
2025-01-20,34.36,34.5275,34.235,34.4125,33.46059531239269,24453,0.0,0.0,0.0,True
2025-01-21,34.235,34.3175,34.0901806640625,34.136250000000004,33.19198292271491,31998,0.0,0.0,0.0,True
2025-01-22,34.2075,34.222500000000004,34.0381494140625,34.21125,33.26490733263867,39747,0.0,0.0,0.0,True
2025-01-23,34.135,34.222500000000004,34.0625,34.17125,33.22601478892008,88282,0.0,0.0,0.0,True
2025-01-24,34.2175,34.31,34.042500000000004,34.097500000000004,33.15430376747183,450613,0.0,0.0,0.0,True
2025-01-27,33.59,33.6375,33.2497802734375,33.39,32.46637661436679,23857,0.0,0.0,0.0,True
2025-01-28,33.4825,33.597500000000004,33.4325,33.4525,32.527145768701345,16329,0.0,0.0,0.0,True
2025-01-29,33.9975,34.1175,33.945,33.9575,33.01817867718826,74155,0.0,0.0,0.0,True
2025-01-30,33.9525,34.31389892578125,33.935,34.31125,33.36214700281506,58940,0.0,0.0,0.0,True
2025-01-31,34.525,34.5285791015625,34.37375,34.3925,33.4411454787277,7843,0.0,0.0,0.0,True
2025-02-03,33.79,33.985,33.64675048828125,33.985,33.04492071439191,15822,0.0,0.0,0.0,True
2025-02-04,34.2025,34.3725,34.1801806640625,34.36375,33.41319005304856,26749,0.0,0.0,0.0,True
2025-02-05,34.0825,34.1425,33.94425048828125,34.0825,33.13972173493165,30574,0.0,0.0,0.0,True
2025-02-06,34.33,34.52262939453125,34.230000000000004,34.395,33.44357700475297,209513,0.0,0.0,0.0,True
2025-02-07,34.645,34.730000000000004,34.5175,34.5225,33.56755158852161,26439,0.0,0.0,0.0,True
2025-02-10,34.7075,34.94,34.662900390625,34.875,33.91029940206151,14149,0.0,0.0,0.0,True
2025-02-11,34.6625,34.815,34.58,34.7875,33.82521973654856,17056,0.0,0.0,0.0,True
2025-02-12,34.8225,34.84826904296875,34.68,34.8025,33.83980651816302,69228,0.0,0.0,0.0,True
2025-02-13,34.635,34.77,34.59,34.7475,33.786324818292854,241185,0.0,0.0,0.0,True
2025-02-14,34.855000000000004,34.93,34.7425,34.77375,33.81184871794674,6472,0.0,0.0,0.0,True
2025-02-17,34.9575,35.11637939453125,34.9575,35.1,34.129072631832756,9740,0.0,0.0,0.0,True
2025-02-18,35.205,35.25,35.09,35.185,34.21172077132043,148175,0.0,0.0,0.0,True
2025-02-19,35.29,35.31,35.1,35.1775,34.20443094231889,24144,0.0,0.0,0.0,True
2025-02-20,35.0175,35.5125,35.0025,35.24,34.26520484572772,237469,0.0,0.0,0.0,True
2025-02-21,35.3725,35.575,35.370380859375004,35.44375,34.46331722789562,32154,0.0,0.0,0.0,True
2025-02-24,35.1875,35.1975,34.7125,34.76625,33.80455651440808,84315,0.0,0.0,0.0,True
2025-02-25,34.6425,34.6925,34.49675048828125,34.56875,33.61252057276622,6760,0.0,0.0,0.0,True
2025-02-26,35.08,35.1606298828125,34.9675,35.07,34.099903817678104,77562,0.0,0.0,0.0,True
2025-02-27,34.725,34.856630859375,34.50387939453125,34.68875,33.72920057845906,11418,0.0,0.0,0.0,True
2025-02-28,33.88,33.9625,33.7425,33.9075,32.96956002936863,88616,0.0,0.0,0.0,True
2025-03-03,34.0225,34.055,33.7527294921875,33.847500000000004,32.9112200265222,18527,0.0,0.0,0.0,True
2025-03-04,33.6,33.64,33.28,33.3425,32.420191867109544,129911,0.0,0.0,0.0,True
2025-03-05,33.9475,33.9975,33.77735107421875,33.878750000000004,32.94160935276375,46994,0.0,0.0,0.0,True
2025-03-06,34.185,34.2397509765625,34.1052294921875,34.14875,33.20414055284124,21840,0.0,0.0,0.0,True
2025-03-07,34.105000000000004,34.1375,33.8968798828125,33.835,32.89906477093301,1644086,0.0,0.0,0.0,True
2025-03-10,33.6,33.805,33.27662109375,33.415,32.49068475100803,14654,0.0,0.0,0.0,True
2025-03-11,33.5675,33.62425048828125,33.2972998046875,33.33,32.40803661152035,12718,0.0,0.0,0.0,True
2025-03-12,33.51,33.54238037109375,33.3477001953125,33.49125,32.564824923944414,10442,0.0,0.0,0.0,True
2025-03-13,33.17,33.35547119140625,33.145,33.31,32.50044457765166,22428,0.11526600000000001,0.0,0.0,True
2025-03-14,33.6325,33.97,33.595,33.89,33.06634672715102,15164,0.0,0.0,0.0,True
2025-03-17,33.9275,34.325,33.8725,34.300000000000004,33.466382689536424,13524,0.0,0.0,0.0,True
2025-03-18,34.3675,34.4425,34.2151806640625,34.29,33.4566233321885,39495,0.0,0.0,0.0,True
2025-03-19,34.295,34.477749023437504,34.28,34.35125,33.51638748266655,29502,0.0,0.0,0.0,True
2025-03-20,34.25,34.2725,33.9775,34.06,33.23221767957618,53823,0.0,0.0,0.0,True
2025-03-21,34.0075,34.1075,33.92868896484375,34.1,33.27123843037868,9874,0.0,0.0,0.0,True
2025-03-24,34.237500000000004,34.282429199218754,34.1368994140625,34.26625,33.43345200645396,60022,0.0,0.0,0.0,True
2025-03-25,34.09,34.2248291015625,34.0377294921875,34.105000000000004,33.27611810905265,71614,0.0,0.0,0.0,True
2025-03-26,34.24,34.27469970703125,34.075,34.105000000000004,33.27611810905265,14928,0.0,0.0,0.0,True
2025-03-27,34.0375,34.184780273437504,33.9825,34.12,33.290757145074544,10656,0.0,0.0,0.0,True
2025-03-28,33.695,33.8025,33.4602294921875,33.48125,32.66753306708971,9670,0.0,0.0,0.0,True
2025-03-31,33.145,33.285000000000004,33.01,33.255,32.446780025516055,16137,0.0,0.0,0.0,True
2025-04-01,33.4875,33.625,33.36,33.6075,32.79071397908449,96879,0.0,0.0,0.0,True
2025-04-02,33.385,33.6075,33.385,33.4675,32.6541139507363,11885,0.0,0.0,0.0,True
2025-04-03,32.597500000000004,32.625,32.235,32.5225,31.732083416294806,65467,0.0,0.0,0.0,True
2025-04-04,32.4375,32.5175,30.677500000000002,31.13,30.373426477379965,155261,0.0,0.0,0.0,True
2025-04-07,29.39,30.76,29.12,30.1175,29.385529811462355,112938,0.0,0.0,0.0,True
2025-04-08,30.53,31.051130371093752,30.4068798828125,30.635,29.890455038781976,26376,0.0,0.0,0.0,True
2025-04-09,29.8775,30.435000000000002,29.63597900390625,29.8275,29.10257992804048,31632,0.0,0.0,0.0,True
2025-04-10,31.7975,31.9325,30.87,30.825,30.075835175280595,59765,0.0,0.0,0.0,True
2025-04-11,31.1975,31.3275,30.9125,31.065,30.310004950552045,84721,0.0,0.0,0.0,True
2025-04-14,31.475,31.7625,31.42837890625,31.625,30.856395533322356,11209,0.0,0.0,0.0,True
2025-04-15,31.565,31.63715087890625,31.4702490234375,31.5775,30.810048116542102,65198,0.0,0.0,0.0,True
2025-04-16,30.895,31.355,30.895,31.355,30.592957216629525,29509,0.0,0.0,0.0,True
2025-04-17,31.485,31.5275,31.28,31.3525,30.590517377292546,31373,0.0,0.0,0.0,True
2025-04-22,31.3225,31.535,31.1075,31.4525,30.68808950687141,9333,0.0,0.0,0.0,True
2025-04-23,31.985,32.3375,31.985,32.15125,31.36985543301021,86082,0.0,0.0,0.0,True
2025-04-24,31.905,32.245,31.845000000000002,32.22625,31.44303155187487,5030,0.0,0.0,0.0,True
2025-04-25,32.155,32.2325,32.02074951171875,32.1225,31.341804428601726,10342,0.0,0.0,0.0,True
2025-04-28,32.27,32.542500000000004,32.09,32.09,31.31009366518776,30547,0.0,0.0,0.0,True
2025-04-29,32.185,32.2918798828125,32.165,32.2275,31.444249088887755,12222,0.0,0.0,0.0,True
2025-04-30,32.445,32.56,32.29469970703125,32.345,31.558897711169905,47442,0.0,0.0,0.0,True
2025-05-01,32.725,32.792500000000004,32.6,32.735,31.93941734151505,47697,0.0,0.0,0.0,True
2025-05-02,33.3875,33.665,33.3114990234375,33.43625,32.62362548964643,66464,0.0,0.0,0.0,True
2025-05-06,33.480000000000004,33.5525,33.235,33.485,32.67119044343957,48200,0.0,0.0,0.0,True
2025-05-07,33.230000000000004,33.385,33.065,33.1425,32.33701346456347,19257,0.0,0.0,0.0,True
2025-05-08,33.417500000000004,33.4375,33.042500000000004,33.2175,32.41019196608373,35573,0.0,0.0,0.0,True
2025-05-09,33.480000000000004,33.54,33.3602294921875,33.375,32.56386372182398,38089,0.0,0.0,0.0,True
2025-05-12,34.1375,34.665,34.115,34.31,33.476142046884355,56423,0.0,0.0,0.0,True
2025-05-13,34.15,34.27,33.95,34.27125,33.438331685127935,61348,0.0,0.0,0.0,True
2025-05-14,34.347500000000004,34.56,34.3125,34.56,33.720064031536936,52590,0.0,0.0,0.0,True
2025-05-15,34.3275,34.46,34.3175,34.41875,33.58224646617587,17552,0.0,0.0,0.0,True
2025-05-16,34.39,34.48945068359375,34.3739404296875,34.44625,33.609079933571465,22219,0.0,0.0,0.0,True
2025-05-19,33.9975,34.28,33.9677197265625,34.28875,33.45540341252001,79739,0.0,0.0,0.0,True
2025-05-20,34.13,34.297880859375,34.13,34.205,33.373690238631525,44069,0.0,0.0,0.0,True
2025-05-21,34.2025,34.3175,34.19,34.275,33.441989061477805,73071,0.0,0.0,0.0,True
2025-05-22,34.01,34.0375,33.855000000000004,33.94375,33.11878897696253,17297,0.0,0.0,0.0,True
2025-05-23,34.015,34.0625,33.5825,33.845,33.02243914970775,21126,0.0,0.0,0.0,True
2025-05-27,33.7425,33.7675,33.58030029296875,33.735,32.91511481074775,21455,0.0,0.0,0.0,True
2025-05-28,33.765,33.835,33.72681884765625,33.735,32.91511481074775,21116,0.0,0.0,0.0,True
2025-05-29,34.0125,34.135439453125,33.7768798828125,33.81375,32.99195068861788,9700,0.0,0.0,0.0,True
2025-05-30,33.64,33.69,33.394990234375,33.4275,32.615086051967,137079,0.0,0.0,0.0,True
2025-06-02,33.225,33.4075,33.16846923828125,33.3375,32.52727566239165,8750,0.0,0.0,0.0,True
2025-06-03,33.4675,33.6375,33.465,33.59875,32.78217454140504,399823,0.0,0.0,0.0,True
2025-06-04,33.8575,34.0125,33.8575,33.9425,33.11756905729404,53700,0.0,0.0,0.0,True
2025-06-05,34.125,34.167500000000004,34.017849121093754,34.18875,33.35783604825234,22858,0.0,0.0,0.0,True
2025-06-06,34.205,34.3225,34.17,34.28625,33.45296595583862,17378,0.0,0.0,0.0,True
2025-06-09,34.5,34.59875,34.45,34.59,33.74933257295831,1852,0.0,0.0,0.0,True
2025-06-10,34.7525,34.88,34.7525,34.7675,33.92252066073882,5152,0.0,0.0,0.0,True
2025-06-11,35.14,35.2525,35.035000000000004,35.0475,34.195715952123976,34283,0.0,0.0,0.0,True
2025-06-12,34.76,34.765,34.5825,34.64875,34.03949115547087,24124,0.239729,0.0,0.0,True
2025-06-13,34.17,34.26719970703125,34.1275,34.18625,33.585124817312526,8089,0.0,0.0,0.0,True
2025-06-16,34.4125,34.6875,34.36,34.675000000000004,34.06527934663273,299620,0.0,0.0,0.0,True
2025-06-17,34.495,34.635,34.37298095703125,34.545,33.9375642294917,169444,0.0,0.0,0.0,True
2025-06-18,34.5225,34.675000000000004,34.4425,34.49625,33.88967495877877,46296,0.0,0.0,0.0,True
2025-06-19,34.22,34.28,34.025,34.0275,33.42916743277164,21343,0.0,0.0,0.0,True
2025-06-20,34.3975,34.53,34.265,34.265,33.66248939079809,5028,0.0,0.0,0.0,True
2025-06-23,34.2875,34.39239990234375,34.18,34.25625,33.65389412671129,16940,0.0,0.0,0.0,True
2025-06-24,34.910000000000004,34.9525,34.685,34.925000000000004,34.310883680356724,14710,0.0,0.0,0.0,True
2025-06-25,35.04,35.1275,34.972500000000004,35.005,34.38947889031355,96453,0.0,0.0,0.0,True
2025-06-26,34.8875,34.9825,34.8875,34.975,34.360005986442424,385554,0.0,0.0,0.0,True
2025-06-27,34.980000000000004,35.0375,34.877758789062504,34.975,34.360005986442424,1152481,0.0,0.0,0.0,True
2025-06-30,34.92,35.085,34.89,34.948750000000004,34.33421779528057,140175,0.0,0.0,0.0,True
2025-07-01,35.03,35.1147998046875,34.939899902343754,35.04375,34.42754705827146,38905,0.0,0.0,0.0,True
2025-07-02,35.0775,35.42,35.0089697265625,35.35625,34.734551275975704,327555,0.0,0.0,0.0,True
2025-07-03,35.4525,35.604599609375,35.36,35.56125,34.93594625389302,290500,0.0,0.0,0.0,True
2025-07-04,35.225,35.2775,35.175000000000004,35.265,34.644906725694085,72636,0.0,0.0,0.0,True
2025-07-07,35.2675,35.36,35.1775,35.25125,34.63140091022979,60898,0.0,0.0,0.0,True
2025-07-08,35.435,35.55968017578125,35.3525,35.47,34.8463017036114,13569,0.0,0.0,0.0,True
2025-07-09,35.4425,35.472500000000004,35.325,35.35,34.72841008812692,5617,0.0,0.0,0.0,True
2025-07-10,35.5,35.550000000000004,35.450329589843754,35.5075,34.88314403290106,12056,0.0,0.0,0.0,True
2025-07-11,35.6975,35.6975,35.550000000000004,35.5875,34.96173684395639,8059,0.0,0.0,0.0,True
2025-07-14,35.725,35.81,35.6325,35.795,35.165588297013215,27185,0.0,0.0,0.0,True
2025-07-15,36.19,36.2847802734375,36.15,36.21,35.57328880422537,36964,0.0,0.0,0.0,True
2025-07-16,36.215,36.27,36.04449951171875,36.105000000000004,35.47013603957795,20756,0.0,0.0,0.0,True
2025-07-17,36.3825,36.505520019531254,36.28821044921875,36.505,35.863104892657546,232937,0.0,0.0,0.0,True
2025-07-18,36.485,36.555,36.46,36.49625,35.85450722966927,210792,0.0,0.0,0.0,True
2025-07-21,36.505,36.59242919921875,36.436970214843754,36.5675,35.924504776637804,86027,0.0,0.0,0.0,True
2025-07-22,36.3775,36.3937890625,36.2525,36.36875,35.72924618876625,72447,0.0,0.0,0.0,True
2025-07-23,36.5675,36.63366943359375,36.5325,36.565,35.92204830149829,17464,0.0,0.0,0.0,True
2025-07-24,36.645,36.730000000000004,36.540180664062504,36.58375,35.940467067241606,10950,0.0,0.0,0.0,True
2025-07-25,36.5075,36.6525,36.4625,36.6025,35.95889063078795,7290,0.0,0.0,0.0,True
2025-07-28,36.8425,36.86,36.49,36.5875,35.94415177995088,13801,0.0,0.0,0.0,True
2025-07-29,36.79,36.8925,36.6956591796875,36.7525,36.10625035234053,7429,0.0,0.0,0.0,True
2025-07-30,36.765,36.8125,36.62,36.725,36.079236322510425,116493,0.0,0.0,0.0,True
2025-07-31,36.7725,36.85,36.6925,36.6925,36.047306943499805,17863,0.0,0.0,0.0,True
2025-08-01,36.4525,36.4525,36.0825,36.160000000000004,35.52416889704117,31675,0.0,0.0,0.0,True
2025-08-04,36.4925,36.5275,36.40419921875,36.472500000000004,35.83117311474542,25740,0.0,0.0,0.0,True
2025-08-05,36.7025,36.74238037109375,36.560200195312504,36.58875,35.945380017520634,62031,0.0,0.0,0.0,True
2025-08-06,36.6575,36.6725,36.49,36.49,35.84836604182049,19178,0.0,0.0,0.0,True
2025-08-07,36.885,36.975,36.7175,36.7175,36.071866897091894,27699,0.0,0.0,0.0,True
2025-08-08,36.575,36.6075,36.525,36.585,35.941695304811375,30359,0.0,0.0,0.0,True
2025-08-11,36.585,36.7275,36.5675,36.6925,36.047306943499805,29679,0.0,0.0,0.0,True
2025-08-12,36.6475,36.7425,36.5575,36.7425,36.0964244517825,62518,0.0,0.0,0.0,True
2025-08-13,37.04,37.125,37.0125,37.065,36.41325457004479,3588,0.0,0.0,0.0,True
2025-08-14,36.82,36.84,36.6525,36.6525,36.00800813907065,34824,0.0,0.0,0.0,True
2025-08-15,36.82,36.8275,36.66587890625,36.68,36.035026966703754,12589,0.0,0.0,0.0,True
2025-08-18,36.972500000000004,36.9775,36.860500488281254,36.95,36.30028070264233,4914,0.0,0.0,0.0,True
2025-08-19,36.9625,36.972500000000004,36.83,36.8425,36.194666665052395,12528,0.0,0.0,0.0,True
2025-08-20,36.6775,36.800000000000004,36.5731005859375,36.75,36.10379387720103,19654,0.0,0.0,0.0,True
2025-08-21,36.81,36.9,36.7,36.895,36.24624544627761,109456,0.0,0.0,0.0,True
2025-08-22,36.975,37.2497802734375,36.925000000000004,37.222500000000004,36.56798371701591,85554,0.0,0.0,0.0,True
2025-08-26,37.4975,37.5025,37.115,37.1825,36.52869210929127,20363,0.0,0.0,0.0,True
2025-08-27,37.0525,37.1225,36.78,36.835,36.187299638535364,37391,0.0,0.0,0.0,True
2025-08-28,36.7975,36.905048828125004,36.68278076171875,36.8775,36.22905251920254,50315,0.0,0.0,0.0,True
2025-08-29,36.72,36.89,36.6625,36.71875,36.073095134661656,72566,0.0,0.0,0.0,True
2025-09-01,36.792500000000004,36.8575,36.69330078125,36.7025,36.05712804625484,34349,0.0,0.0,0.0,True
2025-09-02,36.910000000000004,37.04,36.8075,36.97625,36.32606649490269,83873,0.0,0.0,0.0,True
2025-09-03,37.155,37.2075,37.03,37.03,36.378871114796155,76567,0.0,0.0,0.0,True
2025-09-04,36.9025,36.9225,36.8072802734375,36.855000000000004,36.20694904074995,13706,0.0,0.0,0.0,True
2025-09-05,37.21,37.2625,37.03337890625,37.0825,36.43044989602137,7628,0.0,0.0,0.0,True
2025-09-08,37.42,37.442280273437504,37.29,37.3525,36.695701233058436,3782,0.0,0.0,0.0,True
2025-09-09,37.6025,37.735,37.5,37.695,37.032180753535314,8667,0.0,0.0,0.0,True
2025-09-10,38.095,38.112500000000004,37.92337890625,38.02625,37.35760373698288,5348,0.0,0.0,0.0,True
2025-09-11,37.86,38.050000000000004,37.82,38.04,37.65676116435911,46045,0.288452,0.0,0.0,True
2025-09-12,38.165,38.235,38.08,38.1075,37.72358063090598,1216523,0.0,0.0,0.0,True
2025-09-15,38.185,38.300000000000004,38.065,38.245,37.85969462761859,11611,0.0,0.0,0.0,True
2025-09-16,38.4125,38.42,38.2002001953125,38.2825,37.896818164847495,11347,0.0,0.0,0.0,True
2025-09-17,38.575,38.64822998046875,38.5,38.5775,38.188844250169446,4366,0.0,0.0,0.0,True
2025-09-18,38.5725,38.755581054687504,38.5375,38.73875,38.348468934207126,26314,0.0,0.0,0.0,True
2025-09-19,38.7875,38.90050048828125,38.6875,38.862500000000004,38.470974915124515,16194,0.0,0.0,0.0,True
2025-09-22,39.005,39.005,38.8252490234375,38.84125,38.44993687436402,249623,0.0,0.0,0.0,True
2025-09-23,38.78,39.14,38.78,39.11,38.715979625796344,239738,0.0,0.0,0.0,True
2025-09-24,39.135,39.255,39.095,39.135,38.74073026198516,11462,0.0,0.0,0.0,True
2025-09-25,39.1375,39.196630859375,38.955,39.1325,38.738255198366275,9169,0.0,0.0,0.0,True
2025-09-26,38.8525,38.8525,38.65778076171875,38.768750000000004,38.3781696976337,12060,0.0,0.0,0.0,True
2025-09-29,39.0675,39.25931884765625,39.04,39.20125,38.80631219672257,22747,0.0,0.0,0.0,True
2025-09-30,39.17,39.295,39.1,39.16125,38.7667135958748,19547,0.0,0.0,0.0,True
2025-10-01,39.175000000000004,39.415,39.0910791015625,39.415,39.01790838264814,15225,0.0,0.0,0.0,True
2025-10-02,39.7325,39.9022509765625,39.7,39.79,39.38913166966568,10144,0.0,0.0,0.0,True
2025-10-03,39.89,39.97,39.82,39.8522509765625,39.45075446943462,9485,0.0,0.0,0.0,True
2025-10-06,39.87,40.065,39.81,39.98375,39.580929763694506,21121,0.0,0.0,0.0,True
2025-10-07,40.112500000000004,40.3375,39.910000000000004,39.910000000000004,39.50792263810044,18966,0.0,0.0,0.0,True
2025-10-08,39.78,40.115,39.78,40.1075,39.70343091050326,34774,0.0,0.0,0.0,True
2025-10-09,40.29,40.38,40.115,40.167500000000004,39.76282760324779,5683,0.0,0.0,0.0,True
2025-10-10,40.115,40.235,39.0125,39.0125,38.61946181287721,39233,0.0,0.0,0.0,True
2025-10-13,39.45,39.800000000000004,39.45,39.7825,39.381706478809036,165695,0.0,0.0,0.0,True
2025-10-14,39.29,39.4925,39.111201171875,39.47125,39.073592479964354,43555,0.0,0.0,0.0,True
2025-10-15,39.9525,40.091030273437504,39.925000000000004,39.9125,39.510395284665,49221,0.0,0.0,0.0,True
2025-10-16,40.112500000000004,40.24,39.9775,40.1575,39.75292976582658,610234,0.0,0.0,0.0,True
2025-10-17,39.52,40.01469970703125,39.269580078125,39.8425,39.44110075449925,170033,0.0,0.0,0.0,True
2025-10-20,40.26,40.56,40.16429931640625,40.5525,40.14394872768654,16270,0.0,0.0,0.0,True
2025-10-21,40.575,40.575,40.25278076171875,40.33,39.92368981909491,12563,0.0,0.0,0.0,True
2025-10-22,40.4675,40.5675,40.2475,40.2475,39.84201997083475,30714,0.0,0.0,0.0,True
2025-10-23,40.5,40.685,40.35949951171875,40.722500000000004,40.312236134390304,10565,0.0,0.0,0.0,True
2025-10-24,40.92,41.15,40.86300048828125,41.145,40.730479605856445,20446,0.0,0.0,0.0,True
2025-10-27,41.4125,41.425000000000004,41.300000000000004,41.39875,40.98167316577701,85414,0.0,0.0,0.0,True
2025-10-28,41.0475,41.4675,40.99,41.42125,41.00394390423831,15203,0.0,0.0,0.0,True
2025-10-29,41.917500000000004,42.2,41.903701171875,42.115,41.69071121506582,54530,0.0,0.0,0.0,True
2025-10-30,41.8875,41.905,41.745,41.8275,41.406098235328926,101220,0.0,0.0,0.0,True
2025-10-31,41.792500000000004,41.8525,41.584130859375,41.61125,41.192029402838806,35981,0.0,0.0,0.0,True
2025-11-03,41.915,42.02458984375,41.8027294921875,41.8725,41.45064938046881,29098,0.0,0.0,0.0,True
2025-11-04,41.550000000000004,41.7937109375,41.425000000000004,41.78625,41.36526935383464,24601,0.0,0.0,0.0,True
2025-11-05,41.36,41.775,41.3075,41.735,41.314535383756194,52491,0.0,0.0,0.0,True
2025-11-06,41.722500000000004,41.825,41.2532080078125,41.285000000000004,40.86906743933515,12501,0.0,0.0,0.0,True
2025-11-07,41.175000000000004,41.245,40.511730957031254,40.56375,40.1550840969172,39383,0.0,0.0,0.0,True
2025-11-10,41.67,41.67,41.435878906250004,41.4425,41.024981944998814,32708,0.0,0.0,0.0,True
2025-11-11,41.67,41.730000000000004,41.59875,41.67375,41.25390115920222,27334,0.0,0.0,0.0,True
2025-11-12,42.025,42.1,41.7567919921875,41.7975,41.37640714011961,17672,0.0,0.0,0.0,True
2025-11-13,42.045,42.0825,41.373779296875,41.38375,40.966827618172346,20880,0.0,0.0,0.0,True
2025-11-14,41.1,41.565,40.753720703125,41.55375,41.13511260782178,61478,0.0,0.0,0.0,True
2025-11-17,41.230000000000004,41.2875,40.980000000000004,41.1025,40.6884071315913,21276,0.0,0.0,0.0,True
2025-11-18,40.5025,40.6425,40.410000000000004,40.66125,40.251604326890636,48050,0.0,0.0,0.0,True
2025-11-19,40.5125,40.9075,40.5025,40.730000000000004,40.319661325246955,39526,0.0,0.0,0.0,True
2025-11-20,41.14,41.205,40.76,40.76,40.34935725456491,20475,0.0,0.0,0.0,True
2025-11-21,39.845,40.0575,39.70993896484375,39.9275,39.52524324932398,79836,0.0,0.0,0.0,True
2025-11-24,40.1875,40.480000000000004,40.00012939453125,40.4625,40.05485368856975,1290624,0.0,0.0,0.0,True
2025-11-25,40.43,40.485,40.01,40.1725,39.767777730485555,38836,0.0,0.0,0.0,True
2025-11-26,40.5625,40.6714111328125,40.4472509765625,40.57875,40.169934478630495,27087,0.0,0.0,0.0,True
2025-11-27,40.542500000000004,40.5875,40.461298828125,40.45,40.042480787529655,4230,0.0,0.0,0.0,True
2025-11-28,40.4,40.6775,40.4,40.64,40.23056870318447,77934,0.0,0.0,0.0,True
2025-12-01,40.472500000000004,40.6925,40.388378906250004,40.67,40.2602622154481,24314,0.0,0.0,0.0,True
2025-12-02,40.6425,40.795,40.6,40.63125,40.22190598051838,172063,0.0,0.0,0.0,True
2025-12-03,40.5475,40.555,40.222500000000004,40.2875,39.881616154628226,163167,0.0,0.0,0.0,True
2025-12-04,40.3925,40.4014892578125,40.23340087890625,40.3225,39.91626704529257,11229,0.0,0.0,0.0,True
2025-12-05,40.745,40.92,40.67,40.7425,40.33203422628704,21756,0.0,0.0,0.0,True
2025-12-08,40.735,40.825,40.526650390625,40.585,40.17611972062338,9693,0.0,0.0,0.0,True
2025-12-09,40.49,40.5775,40.3675,40.54625,40.13776348569366,91239,0.0,0.0,0.0,True
2025-12-10,40.595,40.68,40.51,40.62,40.21076819423341,42742,0.0,0.0,0.0,True
2025-12-11,40.1775,40.29952880859375,40.145,40.2975,39.9987458083006,23953,0.108894,0.0,0.0,True
2025-12-12,40.565,40.6325,40.0575,40.0925,39.79526504589897,38333,0.0,0.0,0.0,True
2025-12-15,40.07,40.2975,40.0325,40.14,39.84241397318184,25702,0.0,0.0,0.0,True
2025-12-16,39.6275,39.66905029296875,39.4225,39.455,39.1624927553025,44703,0.0,0.0,0.0,True
2025-12-17,39.935,40.03,39.4256005859375,39.46375,39.1711785304442,8533,0.0,0.0,0.0,True
2025-12-18,39.62,39.95,39.576279296875,39.9475,39.65134146098265,18287,0.0,0.0,0.0,True
2025-12-19,39.97,40.315,39.9151904296875,40.30125,40.00246828336132,14027,0.0,0.0,0.0,True
2025-12-22,40.275,40.305,40.13449951171875,40.2175,39.91934027746415,24783,0.0,0.0,0.0,True
2025-12-23,40.1,40.27,40.05375,40.22875,39.93050770264634,37116,0.0,0.0,0.0,True
2025-12-24,40.3225,40.3975,40.2781298828125,40.37125,40.07194963752218,31691,0.0,0.0,0.0,True
2025-12-29,40.655,40.68325927734375,40.43011962890625,40.48625,40.18609826892541,10208,0.0,0.0,0.0,True
2025-12-30,40.4925,40.8675,40.4925,40.8875,40.58437159510058,8237,0.0,0.0,0.0,True
2025-12-31,40.8525,40.895,40.80486083984375,40.862500000000004,40.55955751818208,8217,0.0,0.0,0.0,True
2026-01-02,41.505,41.758198242187504,41.5022509765625,41.5825,41.274221836628215,15963,0.0,0.0,0.0,True
2026-01-05,42.1975,42.2575,41.9598779296875,42.095,41.782921319145885,111270,0.0,0.0,0.0,True
2026-01-06,42.222500000000004,42.5925,42.136250000000004,42.52,42.20476789721929,77351,0.0,0.0,0.0,True
2026-01-07,42.415,42.43,42.2125,42.385,42.07076848897853,57115,0.0,0.0,0.0,True
2026-01-08,42.275,42.382031250000004,42.2525,42.2525,41.93925073077827,18531,0.0,0.0,0.0,True
2026-01-09,42.2875,42.61,42.232128906250004,42.597500000000004,42.2816942015016,35419,0.0,0.0,0.0,True
2026-01-12,42.675000000000004,42.955,42.515,42.895,42.57699116842845,26692,0.0,0.0,0.0,True
2026-01-13,42.7575,43.000698242187504,42.7181298828125,42.987500000000004,42.66880737295367,37301,0.0,0.0,0.0,True
2026-01-14,43.042500000000004,43.075,42.77837890625,42.9525,42.63406427238688,36372,0.0,0.0,0.0,True
2026-01-15,43.175000000000004,43.629951171875,43.1225,43.5875,43.26435491294287,33182,0.0,0.0,0.0,True
2026-01-16,43.365,43.42,43.097500000000004,43.1725,42.852430088058675,53115,0.0,0.0,0.0,True
2026-01-19,43.295,43.36,43.175000000000004,43.2675,42.94672794262439,23149,0.0,0.0,0.0,True
2026-01-20,42.8775,42.9264013671875,42.497880859375,42.89125,42.573268693367716,28865,0.0,0.0,0.0,True
2026-01-21,42.9775,43.5175,42.9775,43.44,43.11794725449969,32520,0.0,0.0,0.0,True
2026-01-22,43.410000000000004,43.77,43.31,43.706250000000004,43.382223595920465,876123,0.0,0.0,0.0,True
2026-01-23,43.54,43.542500000000004,43.2110595703125,43.32625,43.005046718575805,218526,0.0,0.0,0.0,True
2026-01-26,43.2575,43.3802490234375,43.06587890625,43.2775,42.95665454278634,299307,0.0,0.0,0.0,True
2026-01-27,43.6975,43.765,43.5702490234375,43.73375,43.409521746365805,113603,0.0,0.0,0.0,True
2026-01-28,44.2275,44.27,43.8975,43.95,43.6241699339496,198033,0.0,0.0,0.0,True
2026-01-29,44.1175,44.167500000000004,43.35,43.5375,43.21472675910589,204285,0.0,0.0,0.0,True
2026-01-30,43.4125,43.730000000000004,43.35,43.4275,43.10554385127,62773,0.0,0.0,0.0,True
2026-02-02,42.5175,43.4025,42.4353515625,43.32,42.99884259347459,190582,0.0,0.0,0.0,True
2026-02-03,43.82,43.9668896484375,43.6371484375,43.6775,43.35368462045488,70497,0.0,0.0,0.0,True
2026-02-04,43.8225,43.9275,43.325,43.325,43.003805893555565,81638,0.0,0.0,0.0,True
2026-02-05,43.4,43.571499023437504,43.162900390625,43.5125,43.18991025870103,66553,0.0,0.0,0.0,True
2026-02-06,43.3175,44.0125,43.245,43.99,43.66387148762464,177941,0.0,0.0,0.0,True
2026-02-09,44.2825,44.410000000000004,43.941669921875004,44.347500000000004,44.018718361577676,91984,0.0,0.0,0.0,True
2026-02-10,43.83,44.54712890625,43.83,44.475,44.145277666669706,26414,0.0,0.0,0.0,True
2026-02-11,44.755,45.0125,44.53462890625,44.855000000000004,44.522454544014366,35062,0.0,0.0,0.0,True
2026-02-12,45.325,45.445,44.701640625,44.765,44.43312483650235,62133,0.0,0.0,0.0,True
2026-02-13,44.7975,44.905,44.270732421875,44.6925,44.36116183230101,58733,0.0,0.0,0.0,True
2026-02-16,45.14,45.14,44.773251953125,44.89,44.55719764458116,43337,0.0,0.0,0.0,True
2026-02-17,45.0075,45.050498046875,44.653251953125,45.015,44.6812752996327,84098,0.0,0.0,0.0,True
2026-02-18,45.097500000000004,45.5375,45.075,45.5375,45.199896535339576,27791,0.0,0.0,0.0,True
2026-02-19,45.5375,45.545,45.1975,45.362500000000004,45.02619557342379,24653,0.0,0.0,0.0,True
2026-02-20,45.5,46.044912109375,45.309248046875,45.95375,45.61306218524402,29633,0.0,0.0,0.0,True
2026-02-23,45.9025,46.11,45.7,45.86375,45.52372763075927,20980,0.0,0.0,0.0,True
2026-02-24,46.167500000000004,46.537001953125,46.0725,46.4375,46.09322753926883,40848,0.0,0.0,0.0,True
2026-02-25,46.625,47.0,46.615,46.805,46.45800101338381,25247,0.0,0.0,0.0,True
2026-02-26,46.925000000000004,47.169628906250004,46.1775,46.485,46.14037404306533,119611,0.0,0.0,0.0,True
2026-02-27,46.635,46.695,46.29,46.62,46.274373451306076,26882,0.0,0.0,0.0,True
2026-03-02,46.0,45.977080078125,45.455,45.7775,45.43812039830799,73548,0.0,0.0,0.0,True
2026-03-03,44.905,44.905,42.93087890625,43.4925,43.17006190534989,136236,0.0,0.0,0.0,True
2026-03-04,43.235,44.2325,43.04087890625,44.1425,43.81524244614879,89779,0.0,0.0,0.0,True
2026-03-05,44.1475,44.3025,43.1225,43.292500000000004,42.971544443029245,49571,0.0,0.0,0.0,True
2026-03-06,44.1425,44.1425,42.59,42.948750000000004,42.630342886124666,47245,0.0,0.0,0.0,True
2026-03-09,42.5175,43.03587890625,42.25,42.99,42.67128417602143,54012,0.0,0.0,0.0,True
2026-03-10,43.7575,44.2872314453125,43.5660400390625,44.2,43.87231070313449,88974,0.0,0.0,0.0,True
2026-03-11,44.005,44.045,43.657041015625,43.845,43.519945479221946,67264,0.0,0.0,0.0,True
2026-03-12,43.8575,43.862500000000004,42.68,42.9575,42.63902757246786,194527,0.0,0.0,0.0,True
2026-03-13,42.7875,43.595498046875,42.7875,43.0575,42.738283880141815,28236,0.0,0.0,0.0,True
2026-03-16,43.345,43.92,43.2898388671875,43.615,43.29165306338821,87306,0.0,0.0,0.0,True
2026-03-17,43.8525,44.195332031250004,43.71,44.04125,43.71474046648186,81712,0.0,0.0,0.0,True
2026-03-18,44.6225,44.6225,43.605000000000004,43.605000000000004,43.28172646322627,19490,0.0,0.0,0.0,True
2026-03-19,43.1725,43.1725,42.2,42.545,42.352097670492476,140363,0.126137,0.0,0.0,True
2026-03-20,42.7125,42.7825,41.935,41.935,41.74486023300915,64005,0.0,0.0,0.0,True
2026-03-23,41.095,43.1647412109375,40.8389697265625,42.195,42.00368338484058,83053,0.0,0.0,0.0,True
2026-03-24,42.185,42.24,41.735,42.095,41.904137140496296,176470,0.0,0.0,0.0,True
2026-03-25,42.7275,42.9132177734375,42.455,42.8225,42.62833740484676,110921,0.0,0.0,0.0,True
2026-03-26,42.195,42.2725,41.7325,41.7325,41.54327896668963,57637,0.0,0.0,0.0,True
2026-03-27,41.8275,41.9,41.2525,41.44,41.25210656654963,122728,0.0,0.0,0.0,True
2026-03-30,41.45,41.752338867187504,41.435,41.655,41.46613172102391,84273,0.0,0.0,0.0,True
2026-03-31,41.155,41.7496484375,41.042500000000004,41.6925,41.503463385488196,46296,0.0,0.0,0.0,True
2026-04-01,42.917500000000004,43.160000000000004,42.6,43.0375,42.842362559321046,152522,0.0,0.0,0.0,True
2026-04-02,41.995,42.8725,41.81,42.4425,42.25006264851724,160594,0.0,0.0,0.0,True
2026-04-07,42.792500000000004,44.267651367187504,42.3125,42.472500000000004,42.279923119194855,35334,0.0,0.0,0.0,True
2026-04-08,44.612500000000004,45.0675,44.5225,44.6,44.397780526152935,75911,0.0,0.0,0.0,True
2026-04-09,44.565,44.565,44.16173828125,44.4975,44.295745504177695,21261,0.0,0.0,0.0,True
2026-04-10,44.7825,45.037177734375,44.737500000000004,44.835,44.63171590167484,24908,0.0,0.0,0.0,True
2026-04-13,44.5225,44.7335986328125,44.3866015625,44.6525,44.45003999550912,93576,0.0,0.0,0.0,True
2026-04-14,45.2025,45.5275,45.1668994140625,45.5275,45.32107327919197,299354,0.0,0.0,0.0,True
2026-04-15,45.542500000000004,45.7525,45.468251953125,45.72875,45.521410156696014,164649,0.0,0.0,0.0,True
2026-04-16,46.175000000000004,46.2275,45.7873388671875,46.055,45.84618105485387,272448,0.0,0.0,0.0,True
2026-04-17,45.975,47.1375,45.92,46.956250000000004,46.743346503661726,144940,0.0,0.0,0.0,True
2026-04-20,46.415,46.652050781250004,46.2980712890625,46.5175,46.30658547300482,149591,0.0,0.0,0.0,True
2026-04-21,46.8725,46.99,46.3175,46.375,46.16473000893435,78442,0.0,0.0,0.0,True
2026-04-22,46.612500000000004,46.78,46.4025,46.7725,46.56043106957434,97528,0.0,0.0,0.0,True
2026-04-23,46.32,46.6,46.14,46.575,46.36382249762292,44203,0.0,0.0,0.0,True
2026-04-24,46.6775,47.0839990234375,46.515,46.95,46.737124559584345,23876,0.0,0.0,0.0,True
2026-04-27,47.065,47.15,46.862500000000004,46.862500000000004,46.65002220339482,17546,0.0,0.0,0.0,True
2026-04-28,46.76,46.851162109375004,46.27462890625,46.305,46.09504909616149,84044,0.0,0.0,0.0,True
2026-04-29,46.855000000000004,46.93673828125,46.47,46.47,46.25929869801673,49268,0.0,0.0,0.0,True
2026-04-30,46.3175,46.722500000000004,46.253271484375,46.5225,46.311563028266725,26424,0.0,0.0,0.0,True
2026-05-01,46.6825,47.198701171875,46.5160009765625,46.9775,46.764501113524815,10537,0.0,0.0,0.0,True
2026-05-05,47.3225,48.085,47.292500000000004,48.0625,47.84458199642005,17892,0.0,0.0,0.0,True
2026-05-06,48.595,49.43158203125,48.5325,49.28,49.05655837196813,179347,0.0,0.0,0.0,True
2026-05-07,49.5875,49.7575,49.1425,49.225,49.001810124980985,78409,0.0,0.0,0.0,True
2026-05-08,49.2275,49.625,49.0025,49.557500000000005,49.332802967216224,521467,0.0,0.0,0.0,True
2026-05-11,49.54,49.825498046875,49.4225,49.792500000000004,49.56673348184432,24221,0.0,0.0,0.0,True
2026-05-12,49.03,49.112500000000004,48.2025,48.22,48.001365265382425,108151,0.0,0.0,0.0,True
2026-05-13,49.245000000000005,49.635,49.042500000000004,49.557500000000005,49.332802967216224,132411,0.0,0.0,0.0,True
2026-05-14,49.5625,50.0,49.471508789062504,49.9925,49.7658308314267,26492,0.0,0.0,0.0,True
2026-05-15,49.120000000000005,49.2275,48.485,48.9225,48.70068261431718,48075,0.0,0.0,0.0,True
2026-05-18,48.645,49.120000000000005,48.3655908203125,48.3825,48.163130950500516,54424,0.0,0.0,0.0,True
2026-05-19,48.3125,48.3125,47.362500000000004,47.65,47.43394826999434,691122,0.0,0.0,0.0,True
2026-05-20,47.8425,48.5522998046875,47.785000000000004,48.5225,48.302492776046236,123529,0.0,0.0,0.0,True
2026-05-21,48.660000000000004,48.85130859375,48.4439990234375,48.535000000000004,48.31493666420099,21132,0.0,0.0,0.0,True
2026-05-22,49.0025,49.17,48.7805517578125,49.0075,48.78529619287575,146538,0.0,0.0,0.0,True
2026-05-26,49.9375,50.587080078125,49.88,50.4675,50.238674276838594,38822,0.0,0.0,0.0,True
2026-05-27,50.6475,51.2525,50.535000000000004,50.6225,50.39297362906384,29575,0.0,0.0,0.0,True
2026-05-28,50.225,50.9393701171875,50.045498046875004,50.8275,50.597043673014305,45179,0.0,0.0,0.0,True
2026-05-29,51.185,51.377060546875,50.949248046875,51.015,50.78369227354811,43566,0.0,0.0,0.0,True
2026-06-01,52.0,52.04,51.445,51.9125,51.677124555909536,38442,0.0,0.0,0.0,True
2026-06-02,52.035000000000004,52.5275,51.94,52.5225,52.28435713249905,33165,0.0,0.0,0.0,True
2026-06-03,52.307500000000005,52.4275,51.8375,51.945,51.709473804218106,59296,0.0,0.0,0.0,True
2026-06-04,51.38,51.472500000000004,50.682500000000005,51.2475,51.01513887143906,469322,0.0,0.0,0.0,True
2026-06-05,50.155,50.350498046875,49.292500000000004,49.345,49.12126659037289,244250,0.0,0.0,0.0,True
2026-06-08,48.6775,49.69,48.550000000000004,49.38,49.15610461631242,45025,0.0,0.0,0.0,True
2026-06-09,50.2175,50.370000000000005,48.865,48.865,48.643440728805274,51534,0.0,0.0,0.0,True
2026-06-10,49.0525,49.3175,48.1875,48.6975,48.47670234931909,75384,0.0,0.0,0.0,True
2026-06-11,48.725,49.4275,48.725,49.22,48.99683256971908,111050,0.0,0.0,0.0,True
2026-06-12,49.96,50.777490234375,49.755,50.6925,50.462654541836685,74448,0.0,0.0,0.0,True
2026-06-15,51.6325,52.1875,51.5375,52.1325,51.896127265645724,106129,0.0,0.0,0.0,True
2026-06-16,52.235,52.2475,51.58,51.7,51.4655881790662,129754,0.0,0.0,0.0,True
2026-06-17,52.2475,52.405,51.90337890625,52.410000000000004,52.17236700000001,93196,0.0,0.0,0.0,True
2026-06-18,52.6375,53.455,52.57,53.3025,53.3025,24790,0.237633,0.0,0.0,False
2026-06-19,53.155,53.1775,52.847500000000004,52.8925,52.8925,37525,0.0,0.0,0.0,False
2026-06-22,53.5025,53.9675,53.480000000000004,53.667500000000004,53.667500000000004,27085,0.0,0.0,0.0,False
2026-06-23,51.13,51.5525,50.775478515625004,51.2025,51.2025,104578,0.0,0.0,0.0,False
2026-06-24,51.2875,51.425000000000004,50.99,51.155,51.155,337609,0.0,0.0,0.0,False
2026-06-25,52.0825,52.2783984375,51.095,51.3825,51.3825,87250,0.0,0.0,0.0,False
2026-06-26,50.550000000000004,50.871899414062504,49.9825,50.795,50.795,277443,0.0,0.0,0.0,False
2026-06-29,50.6475,50.877998046875,49.818232421875,50.230000000000004,50.230000000000004,187995,0.0,0.0,0.0,False
2026-06-30,50.9825,51.4798486328125,50.797412109375,51.27,51.27,129953,0.0,0.0,0.0,False
2026-07-01,50.735,50.8325,50.257998046875,50.4475,50.4475,28123,0.0,0.0,0.0,False
2026-07-02,49.4225,50.1425,49.05134765625,49.295,49.295,154170,0.0,0.0,0.0,False
2026-07-03,50.3175,50.5825,50.2075,50.495000000000005,50.495000000000005,312579,0.0,0.0,0.0,False
2026-07-06,50.3975,50.6025,50.225,50.6025,50.6025,175179,0.0,0.0,0.0,False
2026-07-07,49.38,49.445,48.625,48.698750000000004,48.698750000000004,116961,0.0,0.0,0.0,False
2026-07-08,49.04,49.1425,47.9975,48.5375,48.5375,67489,0.0,0.0,0.0,False
2026-07-09,48.910000000000004,49.737500000000004,48.86,49.6775,49.6775,71208,0.0,0.0,0.0,False
2026-07-10,49.557500000000005,49.8375,49.307500000000005,49.7975,49.7975,21974,0.0,0.0,0.0,False
2026-07-13,48.3525,48.722500000000004,48.275,48.5225,48.5225,21671,0.0,0.0,0.0,False
2026-07-14,48.1475,49.005,48.13,48.89875,48.89875,241238,0.0,0.0,0.0,False
2026-07-15,49.1225,49.25,48.150380859375,48.307500000000005,48.307500000000005,421050,0.0,0.0,0.0,False
2026-07-16,47.9475,48.042500000000004,47.3125,47.695,47.695,48923,0.0,0.0,0.0,False
2026-07-17,46.22,46.9375,45.9431298828125,46.7875,46.7875,54877,0.0,0.0,0.0,False
2026-07-20,46.8025,47.5,46.7725,47.46,47.46,23488,0.0,0.0,0.0,False
2026-07-21,48.1925,48.6625,48.0823388671875,48.6625,48.6625,59864,0.0,0.0,0.0,False
2026-07-22,48.07,48.5725,47.9675,48.573750000000004,48.573750000000004,22306,0.0,0.0,0.0,False
2026-07-23,48.94,48.955,48.0136279296875,48.04875,48.04875,15174,0.0,0.0,0.0,False
2026-07-24,47.78,48.182841796875,47.4384912109375,47.77875,47.77875,19011,0.0,0.0,0.0,False
2026-07-27,48.1475,48.34,47.1373388671875,47.222500000000004,47.222500000000004,17778,0.0,0.0,0.0,False
2026-07-28,46.6925,46.9025,46.2725,46.9025,46.9025,46843,0.0,0.0,0.0,False
2026-07-29,46.3025,46.6025,45.875,45.980000000000004,45.980000000000004,54129,0.0,0.0,0.0,False
2026-07-30,45.6,46.94,45.4575,46.8275,46.8275,46656,0.0,0.0,0.0,False
2026-07-31,48.3275,48.5175,47.2175,47.3925,47.3925,116382,0.0,0.0,0.0,False
2026-08-03,47.9,47.9575,47.049990234375,47.505,47.505,122866,0.0,0.0,0.0,False
2026-08-04,47.9675,48.795,47.87712890625,48.795,48.795,73186,0.0,0.0,0.0,False
2026-08-05,49.025,49.1425,48.6098779296875,48.915,48.915,43893,0.0,0.0,0.0,False
2026-08-06,48.1525,48.71,47.8575,48.525,48.525,120620,0.0,0.0,0.0,False
2026-08-07,48.2425,48.925000000000004,48.195,48.495000000000005,48.495000000000005,85681,0.0,0.0,0.0,False
2026-08-10,48.487500000000004,48.550498046875,48.1225,48.1225,48.1225,34557,0.0,0.0,0.0,False
2026-08-11,48.2,48.7068408203125,48.1685009765625,48.455,48.455,36770,0.0,0.0,0.0,False
2026-08-12,48.78,49.24,48.753627929687504,49.17,49.17,29583,0.0,0.0,0.0,False
2026-08-13,49.125,49.51962890625,49.015,49.47875,49.47875,12178,0.0,0.0,0.0,False
2026-08-14,49.2825,49.5,49.0675,49.0675,49.0675,48311,0.0,0.0,0.0,False
2026-08-17,49.725,50.08,49.567001953125,49.94,49.94,28015,0.0,0.0,0.0,False
2026-08-18,49.0875,49.13,48.21,48.26,48.26,37219,0.0,0.0,0.0,False
2026-08-19,48.3375,48.862500000000004,48.2825,48.5325,48.5325,78218,0.0,0.0,0.0,False
2026-08-20,49.0225,49.0225,48.19,48.71125,48.71125,42696,0.0,0.0,0.0,False
2026-08-21,49.315,49.478779296875004,49.042880859375,49.205,49.205,60135,0.0,0.0,0.0,False
2026-08-24,48.5525,48.8325,48.167500000000004,48.4075,48.4075,63171,0.0,0.0,0.0,False
2026-08-25,48.825,49.1,48.7025,49.0875,49.0875,113955,0.0,0.0,0.0,False
2026-08-26,49.44,49.542500000000004,49.3048779296875,49.44375,49.44375,29631,0.0,0.0,0.0,False
2026-08-27,49.722500000000004,49.8725,49.44458984375,49.612500000000004,49.612500000000004,47378,0.0,0.0,0.0,False
2026-08-28,49.755,49.96,49.682500000000005,49.765,49.765,29087,0.0,0.0,0.0,False
