Date,Open,High,Low,Close,Adj Close,Volume,Dividends,Stock Splits,Capital Gains,Repaired?
2008-01-02,10.034700393676758,10.034700393676758,10.034700393676758,10.034700393676758,7.60875473159139,0,0.0,0.0,0.0,True
2008-01-03,10.026700019836426,10.026700019836426,10.026700019836426,10.026700019836426,7.602690207481713,0,0.0,0.0,0.0,True
2008-01-04,10.058699607849121,10.058699607849121,10.058699607849121,10.058699607849121,7.62695317150539,0,0.0,0.0,0.0,True
2008-01-07,10.051600456237793,10.051600456237793,10.051600456237793,10.051600456237793,7.621570109291013,0,0.0,0.0,0.0,True
2008-01-08,10.011500358581543,10.011500358581543,10.011500358581543,10.011500358581543,7.591162792764209,0,0.0,0.0,0.0,True
2008-01-09,10.05049991607666,10.05049991607666,10.05049991607666,10.05049991607666,7.620737265503256,0,0.0,0.0,0.0,True
2008-01-10,10.051400184631348,10.051400184631348,10.051400184631348,10.051400184631348,7.62141678036457,0,0.0,0.0,0.0,True
2008-01-11,10.01930046081543,10.01930046081543,10.01930046081543,10.01930046081543,7.597077882015417,0,0.0,0.0,0.0,True
2008-01-14,10.024700164794922,10.024700164794922,10.024700164794922,10.024700164794922,7.601173468006173,0,0.0,0.0,0.0,True
2008-01-15,10.046299934387207,10.046299934387207,10.046299934387207,10.046299934387207,7.61755094438423,0,0.0,0.0,0.0,True
2008-01-16,10.073200225830078,10.073200225830078,10.073200225830078,10.073200225830078,7.637945638635084,0,0.0,0.0,0.0,True
2008-01-17,10.054800033569336,10.054800033569336,10.054800033569336,10.054800033569336,7.623996600396779,0,0.0,0.0,0.0,True
2008-01-18,10.040300369262695,10.040300369262695,10.040300369262695,10.040300369262695,7.613002672991596,0,0.0,0.0,0.0,True
2008-01-21,10.094400405883789,10.094400405883789,10.094400405883789,10.094400405883789,7.6540232717792085,0,0.0,0.0,0.0,True
2008-01-22,9.99077033996582,9.99077033996582,9.99077033996582,9.99077033996582,7.575445360907599,0,0.0,0.0,0.0,True
2008-01-23,10.04539966583252,10.04539966583252,10.04539966583252,10.04539966583252,7.616868022213439,0,0.0,0.0,0.0,True
2008-01-24,9.965950012207031,9.965950012207031,9.965950012207031,9.965950012207031,7.556626303910379,0,0.0,0.0,0.0,True
2008-01-25,9.980950355529785,9.980950355529785,9.980950355529785,9.980950355529785,7.567999902942945,0,0.0,0.0,0.0,True
2008-01-28,10.018799781799316,10.018799781799316,10.018799781799316,10.018799781799316,7.596699183905028,0,0.0,0.0,0.0,True
2008-01-29,9.949000358581543,9.949000358581543,9.949000358581543,9.949000358581543,7.543771498772529,0,0.0,0.0,0.0,True
2008-01-30,9.970609664916992,9.970609664916992,9.970609664916992,9.970609664916992,7.560161630871499,0,0.0,0.0,0.0,True
2008-01-31,10.038200378417969,10.038200378417969,10.038200378417969,10.038200378417969,7.611409999190579,0,0.0,0.0,0.0,True
2008-02-01,10.043100357055664,10.043100357055664,10.043100357055664,10.043100357055664,7.615123966519967,0,0.0,0.0,0.0,True
2008-02-04,10.017200469970703,10.017200469970703,10.017200469970703,10.017200469970703,7.595486181731394,0,0.0,0.0,0.0,True
2008-02-05,10.082500457763672,10.082500457763672,10.082500457763672,10.082500457763672,7.644997308975954,0,0.0,0.0,0.0,True
2008-02-06,10.038700103759766,10.038700103759766,10.038700103759766,10.038700103759766,7.611786750266981,0,0.0,0.0,0.0,True
2008-02-07,10.065299987792969,10.065299987792969,10.065299987792969,10.065299987792969,7.631957048850882,0,0.0,0.0,0.0,True
2008-02-08,10.060500144958496,10.060500144958496,10.060500144958496,10.060500144958496,7.628319502605468,0,0.0,0.0,0.0,True
2008-02-11,10.018600463867188,10.018600463867188,10.018600463867188,10.018600463867188,7.596549262288062,0,0.0,0.0,0.0,True
2008-02-12,9.918549537658691,9.918549537658691,9.918549537658691,9.918549537658691,7.520683569759748,0,0.0,0.0,0.0,True
2008-02-13,9.927160263061523,9.927160263061523,9.927160263061523,9.927160263061523,7.527211487958231,0,0.0,0.0,0.0,True
2008-02-14,9.909049987792969,9.909049987792969,9.909049987792969,9.909049987792969,7.513480517526422,0,0.0,0.0,0.0,True
2008-02-15,9.933329582214355,9.933329582214355,9.933329582214355,9.933329582214355,7.531891184144958,0,0.0,0.0,0.0,True
2008-02-18,9.896180152893066,9.896180152893066,9.896180152893066,9.896180152893066,7.503723443461209,0,0.0,0.0,0.0,True
2008-02-19,9.908470153808594,9.908470153808594,9.908470153808594,9.908470153808594,7.51304146136245,0,0.0,0.0,0.0,True
2008-02-20,9.89188003540039,9.89188003540039,9.89188003540039,9.89188003540039,7.5004641085676855,0,0.0,0.0,0.0,True
2008-02-21,9.903010368347168,9.903010368347168,9.903010368347168,9.903010368347168,7.50890304062399,0,0.0,0.0,0.0,True
2008-02-22,9.905309677124023,9.905309677124023,9.905309677124023,9.905309677124023,7.5106466095589655,0,0.0,0.0,0.0,True
2008-02-25,9.874919891357422,9.874919891357422,9.874919891357422,9.874919891357422,7.487604435844869,0,0.0,0.0,0.0,True
2008-02-26,9.880780220031738,9.880780220031738,9.880780220031738,9.880780220031738,7.4920465938852345,0,0.0,0.0,0.0,True
2008-02-27,9.888640403747559,9.888640403747559,9.888640403747559,9.888640403747559,7.498007438435128,0,0.0,0.0,0.0,True
2008-02-28,9.962459564208984,9.962459564208984,9.962459564208984,9.962459564208984,7.5539783376886405,0,0.0,0.0,0.0,True
2008-02-29,10.061300277709961,10.061300277709961,10.061300277709961,10.061300277709961,7.628923083141305,0,0.0,0.0,0.0,True
2008-03-03,10.080100059509277,10.080100059509277,10.080100059509277,10.080100059509277,7.643180239507985,0,0.0,0.0,0.0,True
2008-03-04,10.107099533081055,10.107099533081055,10.107099533081055,10.107099533081055,7.6636503813258186,0,0.0,0.0,0.0,True
2008-03-05,10.0516996383667,10.0516996383667,10.0516996383667,10.0516996383667,7.621644583340999,0,0.0,0.0,0.0,True
2008-03-06,10.116600036621094,10.116600036621094,10.116600036621094,10.116600036621094,7.670853920317641,0,0.0,0.0,0.0,True
2008-03-07,10.15839958190918,10.15839958190918,10.15839958190918,10.15839958190918,7.702548713068067,0,0.0,0.0,0.0,True
2008-03-10,10.186800003051758,10.186800003051758,10.186800003051758,10.186800003051758,7.724084855993549,0,0.0,0.0,0.0,True
2008-03-11,10.147100448608398,10.147100448608398,10.147100448608398,10.147100448608398,7.6939803032516565,0,0.0,0.0,0.0,True
2008-03-12,10.085399627685547,10.085399627685547,10.085399627685547,10.085399627685547,7.647197944139278,0,0.0,0.0,0.0,True
2008-03-13,10.121199607849121,10.121199607849121,10.121199607849121,10.121199607849121,7.674342518463083,0,0.0,0.0,0.0,True
2008-03-14,10.142499923706055,10.142499923706055,10.142499923706055,10.142499923706055,7.6904960859326845,0,0.0,0.0,0.0,True
2008-03-17,10.159600257873535,10.159600257873535,10.159600257873535,10.159600257873535,7.70346041173228,0,0.0,0.0,0.0,True
2008-03-18,10.135600090026855,10.135600090026855,10.135600090026855,10.135600090026855,7.685264405610764,0,0.0,0.0,0.0,True
2008-03-19,10.16469955444336,10.16469955444336,10.16469955444336,10.16469955444336,7.70732624771262,0,0.0,0.0,0.0,True
2008-03-20,10.187000274658203,10.187000274658203,10.187000274658203,10.187000274658203,7.724234777610516,0,0.0,0.0,0.0,True
2008-03-25,10.090299606323242,10.090299606323242,10.090299606323242,10.090299606323242,7.650914832019645,0,0.0,0.0,0.0,True
2008-03-26,10.100299835205078,10.100299835205078,10.100299835205078,10.100299835205078,7.65849658236336,0,0.0,0.0,0.0,True
2008-03-27,10.04990005493164,10.04990005493164,10.04990005493164,10.04990005493164,7.6202792257579155,0,0.0,0.0,0.0,True
2008-03-28,10.104000091552734,10.104000091552734,10.104000091552734,10.104000091552734,7.661300311304025,0,0.0,0.0,0.0,True
2008-03-31,10.13659954071045,10.13659954071045,10.13659954071045,10.13659954071045,7.686020828314547,0,0.0,0.0,0.0,True
2008-04-01,10.074999809265137,10.074999809265137,10.074999809265137,10.074999809265137,7.639311482976664,0,0.0,0.0,0.0,True
2008-04-02,10.096099853515625,10.096099853515625,10.096099853515625,10.096099853515625,7.65531074800283,0,0.0,0.0,0.0,True
2008-04-03,10.076299667358398,10.076299667358398,10.076299667358398,10.076299667358398,7.64029814244936,0,0.0,0.0,0.0,True
2008-04-04,10.076399803161621,10.076399803161621,10.076399803161621,10.076399803161621,7.640374563533333,0,0.0,0.0,0.0,True
2008-04-07,10.030400276184082,10.030400276184082,10.030400276184082,10.030400276184082,7.605492962905385,0,0.0,0.0,0.0,True
2008-04-08,10.037599563598633,10.037599563598633,10.037599563598633,10.037599563598633,7.610954393237721,0,0.0,0.0,0.0,True
2008-04-09,10.031999588012695,10.031999588012695,10.031999588012695,10.031999588012695,7.606705965079019,0,0.0,0.0,0.0,True
2008-04-10,10.059000015258789,10.059000015258789,10.059000015258789,10.059000015258789,7.6271814612403155,0,0.0,0.0,0.0,True
2008-04-11,10.119999885559082,10.119999885559082,10.119999885559082,10.119999885559082,7.673433253591353,0,0.0,0.0,0.0,True
2008-04-14,10.09529972076416,10.09529972076416,10.09529972076416,10.09529972076416,7.654704733674509,0,0.0,0.0,0.0,True
2008-04-15,10.094200134277344,10.094200134277344,10.094200134277344,10.094200134277344,7.65387237664525,0,0.0,0.0,0.0,True
2008-04-16,10.014399528503418,10.014399528503418,10.014399528503418,10.014399528503418,7.593364401444526,0,0.0,0.0,0.0,True
2008-04-17,9.940290451049805,9.940290451049805,9.940290451049805,9.940290451049805,7.537169593282557,0,0.0,0.0,0.0,True
2008-04-18,9.897890090942383,9.897890090942383,9.897890090942383,9.897890090942383,7.50501968133777,0,0.0,0.0,0.0,True
2008-04-21,9.941920280456543,9.941920280456543,9.941920280456543,9.941920280456543,7.538403039313051,0,0.0,0.0,0.0,True
2008-04-22,9.938300132751465,9.938300132751465,9.938300132751465,9.938300132751465,7.535658694908976,0,0.0,0.0,0.0,True
2008-04-23,9.964489936828613,9.964489936828613,9.964489936828613,9.964489936828613,7.555517468055026,0,0.0,0.0,0.0,True
2008-04-24,9.892680168151855,9.892680168151855,9.892680168151855,9.892680168151855,7.50106963613751,0,0.0,0.0,0.0,True
2008-04-25,9.905529975891113,9.905529975891113,9.905529975891113,9.905529975891113,7.51081259420632,0,0.0,0.0,0.0,True
2008-04-28,9.932869911193848,9.932869911193848,9.932869911193848,9.932869911193848,7.531541691544368,0,0.0,0.0,0.0,True
2008-04-29,9.971030235290527,9.971030235290527,9.971030235290527,9.971030235290527,7.56047607686033,0,0.0,0.0,0.0,True
2008-04-30,9.771309852600098,9.771309852600098,9.771309852600098,9.771309852600098,7.4090416144866555,0,0.0,0.0,0.0,True
2008-05-01,9.803400039672852,9.803400039672852,9.803400039672852,9.803400039672852,7.433375158492346,0,0.0,0.0,0.0,True
2008-05-02,9.721309661865234,9.721309661865234,9.721309661865234,9.721309661865234,7.371128968700109,0,0.0,0.0,0.0,True
2008-05-06,9.773260116577148,9.773260116577148,9.773260116577148,9.773260116577148,7.4105189265239675,0,0.0,0.0,0.0,True
2008-05-07,9.740400314331055,9.740400314331055,9.740400314331055,9.740400314331055,7.385602732597794,0,0.0,0.0,0.0,True
2008-05-08,9.80879020690918,9.80879020690918,9.80879020690918,9.80879020690918,7.437462956347155,0,0.0,0.0,0.0,True
2008-05-09,9.83098030090332,9.83098030090332,9.83098030090332,9.83098030090332,7.454284356474151,0,0.0,0.0,0.0,True
2008-05-12,9.823869705200195,9.823869705200195,9.823869705200195,9.823869705200195,7.448894479640821,0,0.0,0.0,0.0,True
2008-05-13,9.764559745788574,9.764559745788574,9.764559745788574,9.764559745788574,7.403921401860465,0,0.0,0.0,0.0,True
2008-05-14,9.697369575500488,9.697369575500488,9.697369575500488,9.697369575500488,7.352975310567801,0,0.0,0.0,0.0,True
2008-05-15,9.684619903564453,9.684619903564453,9.684619903564453,9.684619903564453,7.3433112073754465,0,0.0,0.0,0.0,True
2008-05-16,9.74878978729248,9.74878978729248,9.74878978729248,9.74878978729248,7.391965152907418,0,0.0,0.0,0.0,True
2008-05-19,9.6941499710083,9.6941499710083,9.6941499710083,9.6941499710083,7.350533729948638,0,0.0,0.0,0.0,True
2008-05-20,9.721050262451172,9.721050262451172,9.721050262451172,9.721050262451172,7.3709298844749815,0,0.0,0.0,0.0,True
2008-05-21,9.667699813842773,9.667699813842773,9.667699813842773,9.667699813842773,7.330479766645435,0,0.0,0.0,0.0,True
2008-05-22,9.630220413208008,9.630220413208008,9.630220413208008,9.630220413208008,7.3020603718189205,0,0.0,0.0,0.0,True
2008-05-23,9.656999588012695,9.656999588012695,9.656999588012695,9.656999588012695,7.322366962781882,0,0.0,0.0,0.0,True
2008-05-27,9.646220207214355,9.646220207214355,9.646220207214355,9.646220207214355,7.314192340589256,0,0.0,0.0,0.0,True
2008-05-28,9.621569633483887,9.621569633483887,9.621569633483887,9.621569633483887,7.295501301076653,0,0.0,0.0,0.0,True
2008-05-29,9.594409942626953,9.594409942626953,9.594409942626953,9.594409942626953,7.274908009359169,0,0.0,0.0,0.0,True
2008-05-30,9.626509666442871,9.626509666442871,9.626509666442871,9.626509666442871,7.299247881225316,0,0.0,0.0,0.0,True
2008-06-02,9.625309944152832,9.625309944152832,9.625309944152832,9.625309944152832,7.29833812959509,0,0.0,0.0,0.0,True
2008-06-03,9.575469970703125,9.575469970703125,9.575469970703125,9.575469970703125,7.260546199915711,0,0.0,0.0,0.0,True
2008-06-04,9.647150039672852,9.647150039672852,9.647150039672852,9.647150039672852,7.314896680133899,0,0.0,0.0,0.0,True
2008-06-05,9.574529647827148,9.574529647827148,9.574529647827148,9.574529647827148,7.259832125201136,0,0.0,0.0,0.0,True
2008-06-06,9.60927963256836,9.60927963256836,9.60927963256836,9.60927963256836,7.2861818228999224,0,0.0,0.0,0.0,True
2008-06-09,9.52853012084961,9.52853012084961,9.52853012084961,9.52853012084961,7.224954905399657,0,0.0,0.0,0.0,True
2008-06-10,9.536290168762207,9.536290168762207,9.536290168762207,9.536290168762207,7.230839328865576,0,0.0,0.0,0.0,True
2008-06-11,9.520919799804688,9.520919799804688,9.520919799804688,9.520919799804688,7.219183409904958,0,0.0,0.0,0.0,True
2008-06-12,9.517829895019531,9.517829895019531,9.517829895019531,9.517829895019531,7.216840641260615,0,0.0,0.0,0.0,True
2008-06-13,9.441889762878418,9.441889762878418,9.441889762878418,9.441889762878418,7.159260031658703,0,0.0,0.0,0.0,True
2008-06-16,9.491660118103027,9.491660118103027,9.491660118103027,9.491660118103027,7.196998904661947,0,0.0,0.0,0.0,True
2008-06-17,9.518460273742676,9.518460273742676,9.518460273742676,9.518460273742676,7.217318638104318,0,0.0,0.0,0.0,True
2008-06-18,9.533679962158203,9.533679962158203,9.533679962158203,9.533679962158203,7.228859682059729,0,0.0,0.0,0.0,True
2008-06-19,9.478300094604492,9.478300094604492,9.478300094604492,9.478300094604492,7.186868486829809,0,0.0,0.0,0.0,True
2008-06-20,9.53283977508545,9.53283977508545,9.53283977508545,9.53283977508545,7.228222515187623,0,0.0,0.0,0.0,True
2008-06-23,9.540780067443848,9.540780067443848,9.540780067443848,9.540780067443848,7.2342427442741055,0,0.0,0.0,0.0,True
2008-06-24,9.528289794921875,9.528289794921875,9.528289794921875,9.528289794921875,7.224772370963415,0,0.0,0.0,0.0,True
2008-06-25,9.57273006439209,9.57273006439209,9.57273006439209,9.57273006439209,7.258469201410535,0,0.0,0.0,0.0,True
2008-06-26,9.65250015258789,9.65250015258789,9.65250015258789,9.65250015258789,7.318952838686426,0,0.0,0.0,0.0,True
2008-06-27,9.620889663696289,9.620889663696289,9.620889663696289,9.620889663696289,7.294985823828708,0,0.0,0.0,0.0,True
2008-06-30,9.559439659118652,9.559439659118652,9.559439659118652,9.559439659118652,7.248390379979041,0,0.0,0.0,0.0,True
2008-07-01,9.528010368347168,9.528010368347168,9.528010368347168,9.528010368347168,7.224560144258879,0,0.0,0.0,0.0,True
2008-07-02,9.560319900512695,9.560319900512695,9.560319900512695,9.560319900512695,7.249059672911925,0,0.0,0.0,0.0,True
2008-07-03,9.613960266113281,9.613960266113281,9.613960266113281,9.613960266113281,7.289732726132935,0,0.0,0.0,0.0,True
2008-07-04,9.663240432739258,9.663240432739258,9.663240432739258,9.663240432739258,7.3270977686107575,0,0.0,0.0,0.0,True
2008-07-07,9.695050239562988,9.695050239562988,9.695050239562988,9.695050239562988,7.351216652119429,0,0.0,0.0,0.0,True
2008-07-08,9.694339752197266,9.694339752197266,9.694339752197266,9.694339752197266,7.350679757497631,0,0.0,0.0,0.0,True
2008-07-09,9.721929550170898,9.721929550170898,9.721929550170898,9.721929550170898,7.371598690649369,0,0.0,0.0,0.0,True
2008-07-10,9.739419937133789,9.739419937133789,9.739419937133789,9.739419937133789,7.384859939131917,0,0.0,0.0,0.0,True
2008-07-11,9.713500022888184,9.713500022888184,9.713500022888184,9.713500022888184,7.365207551588444,0,0.0,0.0,0.0,True
2008-07-14,9.715259552001953,9.715259552001953,9.715259552001953,9.715259552001953,7.36654078311075,0,0.0,0.0,0.0,True
2008-07-15,9.731929779052734,9.731929779052734,9.731929779052734,9.731929779052734,7.379181901268574,0,0.0,0.0,0.0,True
2008-07-16,9.715840339660645,9.715840339660645,9.715840339660645,9.715840339660645,7.366979839274722,0,0.0,0.0,0.0,True
2008-07-17,9.713680267333984,9.713680267333984,9.713680267333984,9.713680267333984,7.365344817484497,0,0.0,0.0,0.0,True
2008-07-18,9.618359565734863,9.618359565734863,9.618359565734863,9.618359565734863,7.293067508593437,0,0.0,0.0,0.0,True
2008-07-21,9.616410255432129,9.616410255432129,9.616410255432129,9.616410255432129,7.291589223039132,0,0.0,0.0,0.0,True
2008-07-22,9.656949996948242,9.656949996948242,9.656949996948242,9.656949996948242,7.322330942653131,0,0.0,0.0,0.0,True
2008-07-23,9.638199806213379,9.638199806213379,9.638199806213379,9.638199806213379,7.308112240207686,0,0.0,0.0,0.0,True
2008-07-24,9.687000274658203,9.687000274658203,9.687000274658203,9.687000274658203,7.345112213813026,0,0.0,0.0,0.0,True
2008-07-25,9.676239967346191,9.676239967346191,9.676239967346191,9.676239967346191,7.3369556016847755,0,0.0,0.0,0.0,True
2008-07-28,9.708169937133789,9.708169937133789,9.708169937133789,9.708169937133789,7.361165509032319,0,0.0,0.0,0.0,True
2008-07-29,9.744199752807617,9.744199752807617,9.744199752807617,9.744199752807617,7.388485316414916,0,0.0,0.0,0.0,True
2008-07-30,9.779589653015137,9.779589653015137,9.779589653015137,9.779589653015137,7.41531836530087,0,0.0,0.0,0.0,True
2008-07-31,9.790610313415527,9.790610313415527,9.790610313415527,9.790610313415527,7.4236774689637235,0,0.0,0.0,0.0,True
2008-08-01,9.753049850463867,9.753049850463867,9.753049850463867,9.753049850463867,7.395195769049639,0,0.0,0.0,0.0,True
2008-08-04,9.775850296020508,9.775850296020508,9.775850296020508,9.775850296020508,7.41248494409191,0,0.0,0.0,0.0,True
2008-08-05,9.800410270690918,9.800410270690918,9.800410270690918,9.800410270690918,7.431107837414982,0,0.0,0.0,0.0,True
2008-08-06,9.83395004272461,9.83395004272461,9.83395004272461,9.83395004272461,7.456538048313609,0,0.0,0.0,0.0,True
2008-08-07,9.873990058898926,9.873990058898926,9.873990058898926,9.873990058898926,7.486898636024736,0,0.0,0.0,0.0,True
2008-08-08,9.872079849243164,9.872079849243164,9.872079849243164,9.872079849243164,7.48544955598023,0,0.0,0.0,0.0,True
2008-08-11,9.860919952392578,9.860919952392578,9.860919952392578,9.860919952392578,7.476989206550074,0,0.0,0.0,0.0,True
2008-08-12,9.911459922790527,9.911459922790527,9.911459922790527,9.911459922790527,7.51530780892282,0,0.0,0.0,0.0,True
2008-08-13,9.918009757995605,9.918009757995605,9.918009757995605,9.918009757995605,7.5202790734490375,0,0.0,0.0,0.0,True
2008-08-14,9.887149810791016,9.887149810791016,9.887149810791016,9.887149810791016,7.496877185205922,0,0.0,0.0,0.0,True
2008-08-15,9.925029754638672,9.925029754638672,9.925029754638672,9.925029754638672,7.5255969100248645,0,0.0,0.0,0.0,True
2008-08-18,9.91802978515625,9.91802978515625,9.91802978515625,9.91802978515625,7.520289782135964,0,0.0,0.0,0.0,True
2008-08-19,9.922730445861816,9.922730445861816,9.922730445861816,9.922730445861816,7.523853341089889,0,0.0,0.0,0.0,True
2008-08-20,9.935999870300293,9.935999870300293,9.935999870300293,9.935999870300293,7.53391804652498,0,0.0,0.0,0.0,True
2008-08-21,9.932450294494629,9.932450294494629,9.932450294494629,9.932450294494629,7.531227245555537,0,0.0,0.0,0.0,True
2008-08-22,9.905099868774414,9.905099868774414,9.905099868774414,9.905099868774414,7.510484518979583,0,0.0,0.0,0.0,True
2008-08-26,9.979619979858398,9.979619979858398,9.979619979858398,9.979619979858398,7.566991826096396,0,0.0,0.0,0.0,True
2008-08-27,9.971779823303223,9.971779823303223,9.971779823303223,9.971779823303223,7.5610460710598995,0,0.0,0.0,0.0,True
2008-08-28,9.982529640197754,9.982529640197754,9.982529640197754,9.982529640197754,7.56919684208619,0,0.0,0.0,0.0,True
2008-08-29,9.991680145263672,9.991680145263672,9.991680145263672,9.991680145263672,7.5761350976973425,0,0.0,0.0,0.0,True
2008-09-01,10.003499984741211,10.003499984741211,10.003499984741211,10.003499984741211,7.585096321620544,0,0.0,0.0,0.0,True
2008-09-02,9.979849815368652,9.979849815368652,9.979849815368652,9.979849815368652,7.567166572396691,0,0.0,0.0,0.0,True
2008-09-03,9.979660034179688,9.979660034179688,9.979660034179688,9.979660034179688,7.567020058089202,0,0.0,0.0,0.0,True
2008-09-04,10.022500038146973,10.022500038146973,10.022500038146973,10.022500038146973,7.599503886362687,0,0.0,0.0,0.0,True
2008-09-05,10.067500114440918,10.067500114440918,10.067500114440918,10.067500114440918,7.6336276040113615,0,0.0,0.0,0.0,True
2008-09-08,9.999059677124023,9.999059677124023,9.999059677124023,9.999059677124023,7.581732333650243,0,0.0,0.0,0.0,True
2008-09-09,10.027600288391113,10.027600288391113,10.027600288391113,10.027600288391113,7.60337215613551,0,0.0,0.0,0.0,True
2008-09-10,10.016400337219238,10.016400337219238,10.016400337219238,10.016400337219238,7.594880654161569,0,0.0,0.0,0.0,True
2008-09-11,10.008500099182129,10.008500099182129,10.008500099182129,10.008500099182129,7.588887683550898,0,0.0,0.0,0.0,True
2008-09-12,9.906510353088379,9.906510353088379,9.906510353088379,9.906510353088379,7.511558308223178,0,0.0,0.0,0.0,True
2008-09-15,9.995949745178223,9.995949745178223,9.995949745178223,9.995949745178223,7.579373988734006,0,0.0,0.0,0.0,True
2008-09-16,10.035900115966797,10.035900115966797,10.035900115966797,10.035900115966797,7.609663509704624,0,0.0,0.0,0.0,True
2008-09-17,10.067299842834473,10.067299842834473,10.067299842834473,10.067299842834473,7.633475248601912,0,0.0,0.0,0.0,True
2008-09-18,10.061800003051758,10.061800003051758,10.061800003051758,10.061800003051758,7.6293017812516934,0,0.0,0.0,0.0,True
2008-09-19,9.937660217285156,9.937660217285156,9.937660217285156,9.937660217285156,7.535177290755796,0,0.0,0.0,0.0,True
2008-09-22,9.876749992370605,9.876749992370605,9.876749992370605,9.876749992370605,7.488989750526316,0,0.0,0.0,0.0,True
2008-09-23,9.885470390319824,9.885470390319824,9.885470390319824,9.885470390319824,7.495601877944717,0,0.0,0.0,0.0,True
2008-09-24,9.945590019226074,9.945590019226074,9.945590019226074,9.945590019226074,7.54118583763836,0,0.0,0.0,0.0,True
2008-09-25,9.900879859924316,9.900879859924316,9.900879859924316,9.900879859924316,7.507285542139644,0,0.0,0.0,0.0,True
2008-09-26,9.936829566955566,9.936829566955566,9.936829566955566,9.936829566955566,7.534546451744147,0,0.0,0.0,0.0,True
2008-09-29,10.035099983215332,10.035099983215332,10.035099983215332,10.035099983215332,7.609057982134799,0,0.0,0.0,0.0,True
2008-09-30,9.999170303344727,9.999170303344727,9.999170303344727,9.999170303344727,7.581815082594672,0,0.0,0.0,0.0,True
2008-10-01,10.043499946594238,10.043499946594238,10.043499946594238,10.043499946594238,7.615426730304879,0,0.0,0.0,0.0,True
2008-10-02,10.095399856567383,10.095399856567383,10.095399856567383,10.095399856567383,7.654781154758482,0,0.0,0.0,0.0,True
2008-10-03,10.096400260925293,10.096400260925293,10.096400260925293,10.096400260925293,7.65553709070377,0,0.0,0.0,0.0,True
2008-10-06,10.23900032043457,10.23900032043457,10.23900032043457,10.23900032043457,7.763664162872602,0,0.0,0.0,0.0,True
2008-10-07,10.217599868774414,10.217599868774414,10.217599868774414,10.217599868774414,7.747438555145497,0,0.0,0.0,0.0,True
2008-10-08,10.189200401306152,10.189200401306152,10.189200401306152,10.189200401306152,7.725904846012498,0,0.0,0.0,0.0,True
2008-10-09,10.102700233459473,10.102700233459473,10.102700233459473,10.102700233459473,7.660316572382309,0,0.0,0.0,0.0,True
2008-10-10,10.011199951171875,10.011199951171875,10.011199951171875,10.011199951171875,7.590937910338759,0,0.0,0.0,0.0,True
2008-10-13,9.84177017211914,9.84177017211914,9.84177017211914,9.84177017211914,7.4624682270782134,0,0.0,0.0,0.0,True
2008-10-14,9.785650253295898,9.785650253295898,9.785650253295898,9.785650253295898,7.419914339026175,0,0.0,0.0,0.0,True
2008-10-15,9.831560134887695,9.831560134887695,9.831560134887695,9.831560134887695,7.454726333189104,0,0.0,0.0,0.0,True
2008-10-16,9.882710456848145,9.882710456848145,9.882710456848145,9.882710456848145,7.493510276684641,0,0.0,0.0,0.0,True
2008-10-17,9.964630126953125,9.964630126953125,9.964630126953125,9.964630126953125,7.555626501958274,0,0.0,0.0,0.0,True
2008-10-20,9.995169639587402,9.995169639587402,9.995169639587402,9.995169639587402,7.578780630126598,0,0.0,0.0,0.0,True
2008-10-21,9.977580070495605,9.977580070495605,9.977580070495605,9.977580070495605,7.565445881111057,0,0.0,0.0,0.0,True
2008-10-22,10.05109977722168,10.05109977722168,10.05109977722168,10.05109977722168,7.621188003871148,0,0.0,0.0,0.0,True
2008-10-23,10.058600425720215,10.058600425720215,10.058600425720215,10.058600425720215,7.62687626366292,0,0.0,0.0,0.0,True
2008-10-24,10.15410041809082,10.15410041809082,10.15410041809082,10.15410041809082,7.699289864933041,0,0.0,0.0,0.0,True
2008-10-27,10.123299598693848,10.123299598693848,10.123299598693848,10.123299598693848,7.675934705505603,0,0.0,0.0,0.0,True
2008-10-28,10.081600189208984,10.081600189208984,10.081600189208984,10.081600189208984,7.644318767631633,0,0.0,0.0,0.0,True
2008-10-29,9.85770034790039,9.85770034790039,9.85770034790039,9.85770034790039,7.474545192138429,0,0.0,0.0,0.0,True
2008-10-30,9.85846996307373,9.85846996307373,9.85846996307373,9.85846996307373,7.475130275851393,0,0.0,0.0,0.0,True
2008-10-31,9.80208969116211,9.80208969116211,9.80208969116211,9.80208969116211,7.432380710883704,0,0.0,0.0,0.0,True
2008-11-03,9.809470176696777,9.809470176696777,9.809470176696777,9.809470176696777,7.437975513044121,0,0.0,0.0,0.0,True
2008-11-04,9.8123197555542,9.8123197555542,9.8123197555542,9.8123197555542,7.4401391545617,0,0.0,0.0,0.0,True
2008-11-05,9.845540046691895,9.845540046691895,9.845540046691895,9.845540046691895,7.4653269597289995,0,0.0,0.0,0.0,True
2008-11-06,9.86987018585205,9.86987018585205,9.86987018585205,9.86987018585205,7.48377461999328,0,0.0,0.0,0.0,True
2008-11-07,9.961480140686035,9.961480140686035,9.961480140686035,9.961480140686035,7.553236517739756,0,0.0,0.0,0.0,True
2008-11-10,9.938509941101074,9.938509941101074,9.938509941101074,9.938509941101074,7.535820785488359,0,0.0,0.0,0.0,True
2008-11-11,9.913020133972168,9.913020133972168,9.913020133972168,9.913020133972168,7.516491605586657,0,0.0,0.0,0.0,True
2008-11-12,9.969989776611328,9.969989776611328,9.969989776611328,9.969989776611328,7.5596885016127615,0,0.0,0.0,0.0,True
2008-11-13,9.993559837341309,9.993559837341309,9.993559837341309,9.993559837341309,7.577560326575514,0,0.0,0.0,0.0,True
2008-11-14,10.006600379943848,10.006600379943848,10.006600379943848,10.006600379943848,7.58745028571031,0,0.0,0.0,0.0,True
2008-11-17,9.964320182800293,9.964320182800293,9.964320182800293,9.964320182800293,7.555390910845899,0,0.0,0.0,0.0,True
2008-11-18,9.968790054321289,9.968790054321289,9.968790054321289,9.968790054321289,7.558780210258026,0,0.0,0.0,0.0,True
2008-11-19,10.009699821472168,10.009699821472168,10.009699821472168,10.009699821472168,7.58979938221511,0,0.0,0.0,0.0,True
2008-11-20,10.130800247192383,10.130800247192383,10.130800247192383,10.130800247192383,7.681622965297375,0,0.0,0.0,0.0,True
2008-11-21,10.195300102233887,10.195300102233887,10.195300102233887,10.195300102233887,7.730528564972112,0,0.0,0.0,0.0,True
2008-11-24,10.15369987487793,10.15369987487793,10.15369987487793,10.15369987487793,7.6989861276311355,0,0.0,0.0,0.0,True
2008-11-25,10.189200401306152,10.189200401306152,10.189200401306152,10.189200401306152,7.725904846012498,0,0.0,0.0,0.0,True
2008-11-26,10.265899658203125,10.265899658203125,10.265899658203125,10.265899658203125,7.784062751191429,0,0.0,0.0,0.0,True
2008-11-27,10.273500442504883,10.273500442504883,10.273500442504883,10.273500442504883,7.789822077723711,0,0.0,0.0,0.0,True
2008-11-28,10.235899925231934,10.235899925231934,10.235899925231934,10.235899925231934,7.761315553126298,0,0.0,0.0,0.0,True
2008-12-01,10.306599617004395,10.306599617004395,10.306599617004395,10.306599617004395,7.814924213395601,0,0.0,0.0,0.0,True
2008-12-02,10.446599960327148,10.446599960327148,10.446599960327148,10.446599960327148,7.921075532826559,0,0.0,0.0,0.0,True
2008-12-03,10.554699897766113,10.554699897766113,10.554699897766113,10.554699897766113,8.003043229868792,0,0.0,0.0,0.0,True
2008-12-04,10.52180004119873,10.52180004119873,10.52180004119873,10.52180004119873,7.978096370157331,0,0.0,0.0,0.0,True
2008-12-05,10.51259994506836,10.51259994506836,10.51259994506836,10.51259994506836,7.971122094417427,0,0.0,0.0,0.0,True
2008-12-08,10.359399795532227,10.359399795532227,10.359399795532227,10.359399795532227,7.8549571791935255,0,0.0,0.0,0.0,True
2008-12-09,10.356499671936035,10.356499671936035,10.356499671936035,10.356499671936035,7.852759951339678,0,0.0,0.0,0.0,True
2008-12-10,10.364100456237793,10.364100456237793,10.364100456237793,10.364100456237793,7.858519764630457,0,0.0,0.0,0.0,True
2008-12-11,10.332500457763672,10.332500457763672,10.332500457763672,10.332500457763672,7.834561024667182,0,0.0,0.0,0.0,True
2008-12-12,10.321100234985352,10.321100234985352,10.321100234985352,10.321100234985352,7.825917654042288,0,0.0,0.0,0.0,True
2008-12-15,10.410599708557129,10.410599708557129,10.410599708557129,10.410599708557129,7.893779576610298,0,0.0,0.0,0.0,True
2008-12-16,10.471699714660645,10.471699714660645,10.471699714660645,10.471699714660645,7.9401077900453085,0,0.0,0.0,0.0,True
2008-12-17,10.62030029296875,10.62030029296875,10.62030029296875,10.62030029296875,8.052784107123768,0,0.0,0.0,0.0,True
2008-12-18,10.621399879455566,10.621399879455566,10.621399879455566,10.621399879455566,8.053616950911525,0,0.0,0.0,0.0,True
2008-12-19,10.624199867248535,10.624199867248535,10.624199867248535,10.624199867248535,8.055738244439896,0,0.0,0.0,0.0,True
2008-12-22,10.684700012207031,10.684700012207031,10.684700012207031,10.684700012207031,8.101614745990021,0,0.0,0.0,0.0,True
2008-12-23,10.683300018310547,10.683300018310547,10.683300018310547,10.683300018310547,8.100554099225837,0,0.0,0.0,0.0,True
2008-12-24,10.746600151062012,10.746600151062012,10.746600151062012,10.746600151062012,8.14855092078734,0,0.0,0.0,0.0,True
2008-12-29,10.699000358581543,10.699000358581543,10.699000358581543,10.699000358581543,8.11245875177824,0,0.0,0.0,0.0,True
2008-12-30,10.710200309753418,10.710200309753418,10.710200309753418,10.710200309753418,8.120950740510677,0,0.0,0.0,0.0,True
2008-12-31,10.7677001953125,10.7677001953125,10.7677001953125,10.7677001953125,8.164550185813505,0,0.0,0.0,0.0,True
2009-01-02,10.755000114440918,10.8100004196167,10.755000114440918,10.755000114440918,8.154918695440426,228103,0.0,0.0,0.0,True
2009-01-05,10.720000267028809,10.729999542236328,10.6850004196167,10.680000305175781,8.098050213519103,197458,0.0,0.0,0.0,True
2009-01-06,10.680000305175781,10.6850004196167,10.545000076293945,10.539999961853027,7.991896460295663,851139,0.0,0.0,0.0,True
2009-01-07,10.574999809265137,10.600000381469727,10.545000076293945,10.555000305175781,8.003270059328228,648650,0.0,0.0,0.0,True
2009-01-08,10.5649995803833,10.635000228881836,10.545000076293945,10.614999771118164,8.048763481941496,563983,0.0,0.0,0.0,True
2009-01-09,10.635000228881836,10.694999694824219,10.619999885559082,10.6850004196167,8.101843035724947,869958,0.0,0.0,0.0,True
2009-01-12,10.640000343322754,10.6899995803833,10.619999885559082,10.6899995803833,8.105634397655301,379957,0.0,0.0,0.0,True
2009-01-13,10.694999694824219,10.694999694824219,10.59000015258789,10.625,8.056344258768217,105265,0.0,0.0,0.0,True
2009-01-14,10.5649995803833,10.65999984741211,10.545000076293945,10.609999656677246,8.044973580286632,260834,0.0,0.0,0.0,True
2009-01-15,10.604999542236328,10.649999618530273,10.595000267028809,10.609999656677246,8.044973580286632,312519,0.0,0.0,0.0,True
2009-01-16,10.555000305175781,10.595000267028809,10.470000267028809,10.489999771118164,7.953984788026109,92711,0.0,0.0,0.0,True
2009-01-19,10.319999694824219,10.395000457763672,10.319999694824219,10.350000381469727,7.847830548044172,790217,0.0,0.0,0.0,True
2009-01-20,10.305000305175781,10.305000305175781,10.199999809265137,10.295000076293945,7.806124106534789,603924,0.0,0.0,0.0,True
2009-01-21,10.34000015258789,10.375,10.289999961853027,10.324999809265137,7.8288732516339055,398041,0.0,0.0,0.0,True
2009-01-22,10.255000114440918,10.289999961853027,10.234999656677246,10.279999732971191,7.794751967777714,329079,0.0,0.0,0.0,True
2009-01-23,10.3100004196167,10.3100004196167,10.154999732971191,10.149999618530273,7.6961794781394905,2129367,0.0,0.0,0.0,True
2009-01-26,10.15999984741211,10.175000190734863,10.095000267028809,10.135000228881836,7.684806852623919,553953,0.0,0.0,0.0,True
2009-01-27,10.170000076293945,10.220000267028809,10.135000228881836,10.220000267028809,7.749257084888956,149152,0.0,0.0,0.0,True
2009-01-28,10.225000381469727,10.319999694824219,10.225000381469727,10.295000076293945,7.806124106534789,171896,0.0,0.0,0.0,True
2009-01-29,10.289999961853027,10.300000190734863,10.244999885559082,10.279999732971191,7.794751967777714,639664,0.0,0.0,0.0,True
2009-01-30,10.265000343322754,10.28499984741211,10.260000228881836,10.270000457763672,7.787169243917005,122970,0.0,0.0,0.0,True
2009-02-02,10.279999732971191,10.3100004196167,10.279999732971191,10.289999961853027,7.802333718121428,586955,0.0,0.0,0.0,True
2009-02-03,10.279999732971191,10.289999961853027,10.239999771118164,10.234999656677246,7.7606301971630245,197958,0.0,0.0,0.0,True
2009-02-04,10.234999656677246,10.305000305175781,10.220000267028809,10.255000114440918,7.775795158125944,239848,0.0,0.0,0.0,True
2009-02-05,10.260000228881836,10.595000267028809,10.199999809265137,10.324999809265137,7.8288732516339055,114274,0.0,0.0,0.0,True
2009-02-06,10.3100004196167,10.375,10.274999618530273,10.335000038146973,7.836457435770104,144164,0.0,0.0,0.0,True
2009-02-09,10.34000015258789,10.34000015258789,10.295000076293945,10.324999809265137,7.8288732516339055,199952,0.0,0.0,0.0,True
2009-02-10,10.324999809265137,10.420000076293945,10.319999694824219,10.40999984741211,7.893323483898943,148704,0.0,0.0,0.0,True
2009-02-11,10.46500015258789,10.925000190734863,10.46500015258789,10.524999618530273,7.980520914229111,174610,0.0,0.0,0.0,True
2009-02-12,10.5600004196167,10.664999961853027,10.5600004196167,10.630000114440918,8.060140488283537,884503,0.0,0.0,0.0,True
2009-02-13,10.484999656677246,10.630000114440918,10.484999656677246,10.585000038146973,8.026015797117868,206632,0.0,0.0,0.0,True
2009-02-16,10.600000381469727,10.625,10.585000038146973,10.604999542236328,8.041185138907258,119031,0.0,0.0,0.0,True
2009-02-17,10.649999618530273,10.670000076293945,10.614999771118164,10.65999984741211,8.082883305522198,217671,0.0,0.0,0.0,True
2009-02-18,10.670000076293945,10.71500015258789,10.630000114440918,10.619999885559082,8.05255630414734,1002179,0.0,0.0,0.0,True
2009-02-19,10.579999923706055,10.614999771118164,10.529999732971191,10.5600004196167,8.007060447741589,95573,0.0,0.0,0.0,True
2009-02-20,10.569999694824219,10.595000267028809,10.545000076293945,10.579999923706055,8.022225408704507,401539,0.0,0.0,0.0,True
2009-02-23,10.515000343322754,10.5600004196167,10.510000228881836,10.510000228881836,7.969147315196546,459140,0.0,0.0,0.0,True
2009-02-24,10.5600004196167,10.595000267028809,10.555000305175781,10.585000038146973,8.026015797117868,194917,0.0,0.0,0.0,True
2009-02-25,10.555000305175781,10.569999694824219,10.53499984741211,10.529999732971191,7.984312762917962,325895,0.0,0.0,0.0,True
2009-02-26,10.520000457763672,10.520000457763672,10.4399995803833,10.4350004196167,7.912280780309209,129789,0.0,0.0,0.0,True
2009-02-27,10.880000114440918,10.880000114440918,10.15999984741211,10.430000305175781,7.908488931620359,645060,0.0,0.0,0.0,True
2009-03-02,10.4399995803833,10.505000114440918,10.425000190734863,10.46500015258789,7.935030412166824,187081,0.0,0.0,0.0,True
2009-03-03,10.449999809265137,10.944999694824219,10.420000076293945,10.470000267028809,7.938818366787701,252928,0.0,0.0,0.0,True
2009-03-04,10.015000343322754,10.430000305175781,10.015000343322754,10.369999885559082,7.862992101697615,434676,0.0,0.0,0.0,True
2009-03-05,10.300000190734863,10.6899995803833,10.300000190734863,10.555000305175781,8.003270059328228,354848,0.0,0.0,0.0,True
2009-03-06,10.8149995803833,10.994999885559082,10.680000305175781,10.835000038146973,8.2155790260506,714863,0.0,0.0,0.0,True
2009-03-09,10.835000038146973,10.944999694824219,10.770000457763672,10.770000457763672,8.166292781231489,769099,0.0,0.0,0.0,True
2009-03-10,10.800000190734863,10.850000381469727,10.770000457763672,10.779999732971191,8.173872584541217,2007966,0.0,0.0,0.0,True
2009-03-11,10.795000076293945,10.824999809265137,10.770000457763672,10.8149995803833,8.200411631295196,249378,0.0,0.0,0.0,True
2009-03-12,10.829999923706055,10.914999961853027,10.795000076293945,10.899999618530273,8.264865270869711,2442198,0.0,0.0,0.0,True
2009-03-13,10.890000343322754,10.920000076293945,10.854999542236328,10.904999732971191,8.268656146041568,1189198,0.0,0.0,0.0,True
2009-03-16,10.859999656677246,10.904999732971191,10.454999923706055,10.819999694824219,8.204202506467055,665492,0.0,0.0,0.0,True
2009-03-17,10.329999923706055,10.845000267028809,10.329999923706055,10.770000457763672,8.166292781231489,196017,0.0,0.0,0.0,True
2009-03-18,10.6899995803833,10.8100004196167,10.6899995803833,10.755000114440918,8.154918695440426,193020,0.0,0.0,0.0,True
2009-03-19,10.40999984741211,10.869999885559082,10.40999984741211,10.795000076293945,8.185247157090775,301755,0.0,0.0,0.0,True
2009-03-20,10.75,10.854999542236328,10.75,10.84000015258789,8.21937087473945,271655,0.0,0.0,0.0,True
2009-03-23,10.8149995803833,10.824999809265137,10.729999542236328,10.744999885559082,8.147335484821221,355632,0.0,0.0,0.0,True
2009-03-24,10.65999984741211,10.970000267028809,10.574999809265137,10.59000015258789,8.029808132565215,321067,0.0,0.0,0.0,True
2009-03-25,10.510000228881836,10.600000381469727,10.399999618530273,10.520000457763672,7.97673052581575,317702,0.0,0.0,0.0,True
2009-03-26,10.444999694824219,10.585000038146973,10.444999694824219,10.5600004196167,8.007060447741589,345278,0.0,0.0,0.0,True
2009-03-27,10.520000457763672,10.600000381469727,10.520000457763672,10.579999923706055,8.022225408704507,328125,0.0,0.0,0.0,True
2009-03-30,10.609999656677246,10.6899995803833,10.604999542236328,10.640000343322754,8.067722238627251,167473,0.0,0.0,0.0,True
2009-03-31,10.680000305175781,10.6899995803833,10.640000343322754,10.680000305175781,8.098050213519103,157080,0.0,0.0,0.0,True
2009-04-01,10.699999809265137,10.789999961853027,10.699999809265137,10.75,8.151129767302555,276399,0.0,0.0,0.0,True
2009-04-02,10.625,10.729999542236328,10.524999618530273,10.5649995803833,8.010851809671943,248271,0.0,0.0,0.0,True
2009-04-03,10.550000190734863,10.604999542236328,10.529999732971191,10.524999618530273,7.980520914229111,154780,0.0,0.0,0.0,True
2009-04-06,10.494999885559082,10.520000457763672,10.489999771118164,10.520000457763672,7.97673052581575,198301,0.0,0.0,0.0,True
2009-04-07,10.510000228881836,10.539999961853027,10.484999656677246,10.510000228881836,7.969147315196546,676313,0.0,0.0,0.0,True
2009-04-08,10.529999732971191,10.595000267028809,10.529999732971191,10.574999809265137,8.018435507049643,881396,0.0,0.0,0.0,True
2009-04-09,10.555000305175781,10.609999656677246,10.545000076293945,10.614999771118164,8.048763481941496,771084,0.0,0.0,0.0,True
2009-04-14,10.625,10.6899995803833,10.625,10.649999618530273,8.075303015453974,144596,0.0,0.0,0.0,True
2009-04-15,10.670000076293945,10.670000076293945,10.600000381469727,10.595000267028809,8.033598520978577,219849,0.0,0.0,0.0,True
2009-04-16,10.574999809265137,10.604999542236328,10.539999961853027,10.609999656677246,8.044973580286632,159085,0.0,0.0,0.0,True
2009-04-17,10.604999542236328,10.604999542236328,10.46500015258789,10.46500015258789,7.935030412166824,227441,0.0,0.0,0.0,True
2009-04-20,10.524999618530273,10.640000343322754,10.494999885559082,10.625,8.056344258768217,191512,0.0,0.0,0.0,True
2009-04-21,10.664999961853027,10.664999961853027,10.46500015258789,10.555000305175781,8.003270059328228,421358,0.0,0.0,0.0,True
2009-04-22,10.510000228881836,10.539999961853027,10.414999961853027,10.484999656677246,7.950192939337259,703435,0.0,0.0,0.0,True
2009-04-23,10.479999542236328,10.489999771118164,10.375,10.470000267028809,7.938818366787701,810064,0.0,0.0,0.0,True
2009-04-24,10.46500015258789,10.524999618530273,10.40999984741211,10.515000343322754,7.972939163885396,320626,0.0,0.0,0.0,True
2009-04-27,10.604999542236328,10.604999542236328,10.545000076293945,10.555000305175781,8.003270059328228,341996,0.0,0.0,0.0,True
2009-04-28,10.399999618530273,10.430000305175781,10.3149995803833,10.399999618530273,7.885740760038235,416155,0.0,0.0,0.0,True
2009-04-29,10.364999771118164,10.46500015258789,10.359999656677246,10.359999656677246,7.855409864595404,285726,0.0,0.0,0.0,True
2009-04-30,10.329999923706055,10.350000381469727,10.28499984741211,10.3100004196167,7.817502086393824,320623,0.0,0.0,0.0,True
2009-05-01,10.380000114440918,10.385000228881836,10.305000305175781,10.3149995803833,7.821290041014701,179290,0.0,0.0,0.0,True
2009-05-05,10.319999694824219,10.34000015258789,10.295000076293945,10.319999694824219,7.825082863220545,702493,0.0,0.0,0.0,True
2009-05-06,10.324999809265137,10.329999923706055,10.274999618530273,10.28499984741211,7.798541382674081,428051,0.0,0.0,0.0,True
2009-05-07,10.260000228881836,10.270000457763672,10.175000190734863,10.260000228881836,7.779590900882767,700091,0.0,0.0,0.0,True
2009-05-08,10.260000228881836,10.3149995803833,10.1850004196167,10.255000114440918,7.775795158125944,475920,0.0,0.0,0.0,True
2009-05-11,10.255000114440918,10.3100004196167,10.255000114440918,10.270000457763672,7.787169243917005,313663,0.0,0.0,0.0,True
2009-05-12,10.265000343322754,10.279999732971191,10.225000381469727,10.270000457763672,7.787169243917005,243465,0.0,0.0,0.0,True
2009-05-13,10.140000343322754,10.399999618530273,10.140000343322754,10.364999771118164,7.859202686801248,456829,0.0,0.0,0.0,True
2009-05-14,10.34000015258789,10.430000305175781,10.34000015258789,10.390000343322754,7.8781594964530175,1090421,0.0,0.0,0.0,True
2009-05-15,10.390000343322754,10.40999984741211,10.34000015258789,10.345000267028809,7.844041133147805,197817,0.0,0.0,0.0,True
2009-05-18,10.3100004196167,10.399999618530273,10.3100004196167,10.375,7.866784923903459,316183,0.0,0.0,0.0,True
2009-05-19,10.324999809265137,10.380000114440918,10.149999618530273,10.350000381469727,7.847830548044172,197214,0.0,0.0,0.0,True
2009-05-20,10.364999771118164,10.375,10.295000076293945,10.305000305175781,7.813710237704973,432299,0.0,0.0,0.0,True
2009-05-21,10.28499984741211,10.289999961853027,10.234999656677246,10.239999771118164,7.764423506127365,398485,0.0,0.0,0.0,True
2009-05-22,10.149999618530273,10.225000381469727,10.149999618530273,10.1899995803833,7.726512320616309,337689,0.0,0.0,0.0,True
2009-05-26,10.25,10.3100004196167,10.149999618530273,10.234999656677246,7.7606301971630245,412587,0.0,0.0,0.0,True
2009-05-27,10.225000381469727,10.289999961853027,10.204999923706055,10.225000381469727,7.753049420336303,272617,0.0,0.0,0.0,True
2009-05-28,10.25,10.25,10.15999984741211,10.21500015258789,7.745465236200105,71130,0.0,0.0,0.0,True
2009-05-29,10.239999771118164,10.270000457763672,10.239999771118164,10.255000114440918,7.775795158125944,89304,0.0,0.0,0.0,True
2009-06-01,10.244999885559082,10.25,10.149999618530273,10.175000190734863,7.7151387215837435,253837,0.0,0.0,0.0,True
2009-06-02,10.204999923706055,10.234999656677246,10.15999984741211,10.170000076293945,7.711346872894893,377962,0.0,0.0,0.0,True
2009-06-03,10.114999771118164,10.239999771118164,9.984999656677246,10.210000038146973,7.741675334545241,1032312,0.0,0.0,0.0,True
2009-06-04,10.1899995803833,10.239999771118164,10.1899995803833,10.1899995803833,7.726512320616309,241944,0.0,0.0,0.0,True
2009-06-05,10.085000038146973,10.1899995803833,10.069999694824219,10.154999732971191,7.699971813586838,550918,0.0,0.0,0.0,True
2009-06-08,10.050000190734863,10.229999542236328,10.050000190734863,10.199999809265137,7.73409309744303,73728,0.0,0.0,0.0,True
2009-06-09,10.199999809265137,10.239999771118164,10.199999809265137,10.229999542236328,7.756839321991167,478344,0.0,0.0,0.0,True
2009-06-10,10.1850004196167,10.1899995803833,10.154999732971191,10.164999961853027,7.707554537447546,318300,0.0,0.0,0.0,True
2009-06-11,10.130000114440918,10.130000114440918,10.050000190734863,10.114999771118164,7.669640918144006,244941,0.0,0.0,0.0,True
2009-06-12,10.15999984741211,10.15999984741211,10.114999771118164,10.130000114440918,7.681016464210558,204683,0.0,0.0,0.0,True
2009-06-15,10.164999961853027,10.1850004196167,10.125,10.175000190734863,7.7151387215837435,369689,0.0,0.0,0.0,True
2009-06-16,10.1899995803833,10.210000038146973,10.145000457763672,10.180000305175781,7.718929109997104,211180,0.0,0.0,0.0,True
2009-06-17,10.204999923706055,10.25,10.194999694824219,10.25,7.7720072035050665,290032,0.0,0.0,0.0,True
2009-06-18,10.260000228881836,10.295000076293945,10.210000038146973,10.244999885559082,7.768214868057719,197482,0.0,0.0,0.0,True
2009-06-19,10.25,10.25,10.25,10.25,7.7720072035050665,332549,0.0,0.0,0.0,True
2009-06-22,10.220000267028809,10.220000267028809,10.220000267028809,10.335000038146973,7.836457435770104,162725,0.0,0.0,0.0,True
2009-06-23,10.270000457763672,10.270000457763672,10.270000457763672,10.3149995803833,7.821290041014701,514183,0.0,0.0,0.0,True
2009-06-24,10.369999885559082,10.380000114440918,10.295000076293945,10.3100004196167,7.817502086393824,630508,0.0,0.0,0.0,True
2009-06-25,10.260000228881836,10.380000114440918,10.260000228881836,10.3149995803833,7.821290041014701,305339,0.0,0.0,0.0,True
2009-06-26,10.354999542236328,10.364999771118164,10.274999618530273,10.335000038146973,7.836457435770104,233548,0.0,0.0,0.0,True
2009-06-29,10.329999923706055,10.395000457763672,10.329999923706055,10.395000457763672,7.881953292175854,289168,0.0,0.0,0.0,True
2009-06-30,10.385000228881836,10.385000228881836,10.295000076293945,10.319999694824219,7.825082863220545,163019,0.0,0.0,0.0,True
2009-07-01,10.3100004196167,10.350000381469727,10.225000381469727,10.25,7.7720072035050665,80144,0.0,0.0,0.0,True
2009-07-02,10.210000038146973,10.3100004196167,10.210000038146973,10.289999961853027,7.802333718121428,121223,0.0,0.0,0.0,True
2009-07-03,10.295000076293945,10.305000305175781,10.265000343322754,10.295000076293945,7.806124106534789,78272,0.0,0.0,0.0,True
2009-07-06,10.369999885559082,10.369999885559082,10.289999961853027,10.289999961853027,7.802333718121428,190116,0.0,0.0,0.0,True
2009-07-07,10.3149995803833,10.34000015258789,10.3149995803833,10.345000267028809,7.844041133147805,280608,0.0,0.0,0.0,True
2009-07-08,10.399999618530273,10.425000190734863,10.385000228881836,10.390000343322754,7.8781594964530175,211876,0.0,0.0,0.0,True
2009-07-09,10.425000190734863,10.4399995803833,10.295000076293945,10.28499984741211,7.798541382674081,240339,0.0,0.0,0.0,True
2009-07-10,10.270000457763672,10.354999542236328,10.239999771118164,10.354999542236328,7.851618989423546,475307,0.0,0.0,0.0,True
2009-07-13,10.369999885559082,10.390000343322754,10.354999542236328,10.390000343322754,7.8781594964530175,170666,0.0,0.0,0.0,True
2009-07-14,10.364999771118164,10.364999771118164,10.270000457763672,10.350000381469727,7.847830548044172,83269,0.0,0.0,0.0,True
2009-07-15,10.335000038146973,10.335000038146973,10.274999618530273,10.274999618530273,7.790961579364353,171010,0.0,0.0,0.0,True
2009-07-16,10.270000457763672,10.3149995803833,10.239999771118164,10.3100004196167,7.817502086393824,92006,0.0,0.0,0.0,True
2009-07-17,10.3100004196167,10.3100004196167,10.265000343322754,10.265000343322754,7.783380315779135,305812,0.0,0.0,0.0,True
2009-07-20,10.220000267028809,10.25,10.199999809265137,10.225000381469727,7.753049420336303,376127,0.0,0.0,0.0,True
2009-07-21,10.265000343322754,10.274999618530273,10.199999809265137,10.265000343322754,7.783380315779135,123845,0.0,0.0,0.0,True
2009-07-22,10.3100004196167,10.3100004196167,10.175000190734863,10.220000267028809,7.749257084888956,192110,0.0,0.0,0.0,True
2009-07-23,10.194999694824219,10.229999542236328,10.119999885559082,10.130000114440918,7.681016464210558,318909,0.0,0.0,0.0,True
2009-07-24,10.145000457763672,10.154999732971191,10.130000114440918,10.135000228881836,7.684806852623919,234628,0.0,0.0,0.0,True
2009-07-27,10.149999618530273,10.170000076293945,10.130000114440918,10.15999984741211,7.7037617152417015,412536,0.0,0.0,0.0,True
2009-07-28,10.145000457763672,10.1899995803833,10.145000457763672,10.164999961853027,7.707554537447546,182159,0.0,0.0,0.0,True
2009-07-29,10.104999542236328,10.164999961853027,10.104999542236328,10.135000228881836,7.684806852623919,166146,0.0,0.0,0.0,True
2009-07-30,10.135000228881836,10.164999961853027,10.114999771118164,10.145000457763672,7.692388116209137,129899,0.0,0.0,0.0,True
2009-07-31,10.175000190734863,10.274999618530273,10.164999961853027,10.244999885559082,7.768214868057719,94570,0.0,0.0,0.0,True
2009-08-03,10.199999809265137,10.255000114440918,10.164999961853027,10.1899995803833,7.726512320616309,229001,0.0,0.0,0.0,True
2009-08-04,10.170000076293945,10.239999771118164,10.170000076293945,10.204999923706055,7.737884459373384,236756,0.0,0.0,0.0,True
2009-08-05,10.199999809265137,10.255000114440918,10.199999809265137,10.255000114440918,7.775795158125944,100305,0.0,0.0,0.0,True
2009-08-06,10.225000381469727,10.399999618530273,10.204999923706055,10.34000015258789,7.840246850666471,157354,0.0,0.0,0.0,True
2009-08-07,10.395000457763672,10.430000305175781,10.324999809265137,10.345000267028809,7.844041133147805,96405,0.0,0.0,0.0,True
2009-08-10,10.399999618530273,10.404999732971191,10.369999885559082,10.399999618530273,7.885740760038235,134181,0.0,0.0,0.0,True
2009-08-11,10.380000114440918,10.420000076293945,10.354999542236328,10.380000114440918,7.870577259350806,58458,0.0,0.0,0.0,True
2009-08-12,10.40999984741211,10.420000076293945,10.380000114440918,10.399999618530273,7.885740760038235,134971,0.0,0.0,0.0,True
2009-08-13,10.380000114440918,10.425000190734863,10.359999656677246,10.430000305175781,7.908488931620359,177283,0.0,0.0,0.0,True
2009-08-14,10.449999809265137,10.484999656677246,10.414999961853027,10.484999656677246,7.950192939337259,1259763,0.0,0.0,0.0,True
2009-08-17,10.510000228881836,10.574999809265137,10.510000228881836,10.574999809265137,8.018435507049643,40316,0.0,0.0,0.0,True
2009-08-18,10.569999694824219,10.569999694824219,10.5,10.510000228881836,7.969147315196546,372492,0.0,0.0,0.0,True
2009-08-19,10.53499984741211,10.569999694824219,10.524999618530273,10.529999732971191,7.984312762917962,301252,0.0,0.0,0.0,True
2009-08-20,10.529999732971191,10.5649995803833,10.505000114440918,10.524999618530273,7.980520914229111,337238,0.0,0.0,0.0,True
2009-08-21,10.529999732971191,10.5649995803833,10.505000114440918,10.539999961853027,7.991896460295663,337238,0.0,0.0,0.0,True
2009-08-24,10.515000343322754,10.555000305175781,10.515000343322754,10.550000190734863,7.999475776846894,242818,0.0,0.0,0.0,True
2009-08-25,10.585000038146973,10.625,10.5600004196167,10.619999885559082,8.05255630414734,171981,0.0,0.0,0.0,True
2009-08-26,10.604999542236328,10.625,10.569999694824219,10.604999542236328,8.041185138907258,375525,0.0,0.0,0.0,True
2009-08-27,10.604999542236328,10.625,10.574999809265137,10.585000038146973,8.026015797117868,375525,0.0,0.0,0.0,True
2009-08-28,10.579999923706055,10.625,10.550000190734863,10.614999771118164,8.048763481941496,185867,0.0,0.0,0.0,True
2009-09-01,10.630000114440918,10.630000114440918,10.569999694824219,10.600000381469727,8.037390369667428,762239,0.0,0.0,0.0,True
2009-09-02,10.625,10.63031005859375,10.569999694824219,10.600000381469727,8.037390369667428,969228,0.0,0.0,0.0,True
2009-09-03,10.625,10.625,10.569999694824219,10.569999694824219,8.014643658360793,1491866,0.0,0.0,0.0,True
2009-09-04,10.539999961853027,10.579999923706055,10.529999732971191,10.5600004196167,8.007060447741589,527209,0.0,0.0,0.0,True
2009-09-07,10.569999694824219,10.595000267028809,10.550000190734863,10.569999694824219,8.014643658360793,795636,0.0,0.0,0.0,True
2009-09-08,10.5600004196167,10.585000038146973,10.539999961853027,10.545000076293945,7.99568587519203,158509,0.0,0.0,0.0,True
2009-09-09,10.550000190734863,10.574999809265137,10.484999656677246,10.484999656677246,7.950192939337259,103983,0.0,0.0,0.0,True
2009-09-10,10.479999542236328,10.585000038146973,10.479999542236328,10.555000305175781,8.003270059328228,395377,0.0,0.0,0.0,True
2009-09-11,10.609999656677246,10.649999618530273,10.545000076293945,10.625,8.056344258768217,114522,0.0,0.0,0.0,True
2009-09-14,10.539999961853027,10.649999618530273,10.539999961853027,10.630000114440918,8.060140488283537,222368,0.0,0.0,0.0,True
2009-09-15,10.630000114440918,10.670000076293945,10.545000076293945,10.640000343322754,8.067722238627251,103273,0.0,0.0,0.0,True
2009-09-16,10.630000114440918,10.670000076293945,10.545000076293945,10.585000038146973,8.026015797117868,189948,0.0,0.0,0.0,True
2009-09-17,10.569999694824219,10.585000038146973,10.539999961853027,10.5649995803833,8.010851809671943,195372,0.0,0.0,0.0,True
2009-09-18,10.579999923706055,10.600000381469727,10.550000190734863,10.574999809265137,8.018435507049643,312255,0.0,0.0,0.0,True
2009-09-21,10.574999809265137,10.579999923706055,10.550000190734863,10.569999694824219,8.014643658360793,93130,0.0,0.0,0.0,True
2009-09-22,10.505000114440918,10.550000190734863,10.505000114440918,10.524999618530273,7.980520914229111,297803,0.0,0.0,0.0,True
2009-09-23,10.524999618530273,10.550000190734863,10.505000114440918,10.545000076293945,7.99568587519203,197792,0.0,0.0,0.0,True
2009-09-24,10.5600004196167,10.65999984741211,10.550000190734863,10.59000015258789,8.029808132565215,212601,0.0,0.0,0.0,True
2009-09-25,10.630000114440918,10.635000228881836,10.595000267028809,10.645000457763672,8.071513600557605,96585,0.0,0.0,0.0,True
2009-09-28,10.670000076293945,10.675000190734863,10.604999542236328,10.619999885559082,8.05255630414734,736028,0.0,0.0,0.0,True
2009-09-29,10.604999542236328,10.649999618530273,10.59000015258789,10.635000228881836,8.06392892966291,613483,0.0,0.0,0.0,True
2009-09-30,10.625,10.654999732971191,10.619999885559082,10.645000457763672,8.071513600557605,219009,0.0,0.0,0.0,True
2009-10-01,10.609999656677246,10.710000038146973,10.609999656677246,10.694999694824219,8.109423325793172,85460,0.0,0.0,0.0,True
2009-10-02,10.774999618530273,10.774999618530273,10.699999809265137,10.734999656677246,8.13975178744352,106246,0.0,0.0,0.0,True
2009-10-05,10.75,10.774999618530273,10.740500450134277,10.760000228881836,8.158710544129278,0,0.0,0.0,0.0,True
2009-10-06,10.75,10.774999618530273,10.744999885559082,10.755000114440918,8.154918695440426,405759,0.0,0.0,0.0,True
2009-10-07,10.755000114440918,10.789999961853027,10.75,10.770000457763672,8.166292781231489,188058,0.0,0.0,0.0,True
2009-10-08,10.770000457763672,10.805000305175781,10.770000457763672,10.789999961853027,8.181458228952904,60328,0.0,0.0,0.0,True
2009-10-09,10.789999961853027,10.789999961853027,10.699999809265137,10.704999923706055,8.11700458937839,139185,0.0,0.0,0.0,True
2009-10-12,10.725000381469727,10.779999732971191,10.71500015258789,10.779999732971191,8.173872584541217,527551,0.0,0.0,0.0,True
2009-10-13,10.744999885559082,10.744999885559082,10.710000038146973,10.729999542236328,8.13596139903016,191933,0.0,0.0,0.0,True
2009-10-14,10.710000038146973,10.710000038146973,10.670000076293945,10.670000076293945,8.090467976416893,239004,0.0,0.0,0.0,True
2009-10-15,10.654999732971191,10.65999984741211,10.569999694824219,10.625,8.056344258768217,249052,0.0,0.0,0.0,True
2009-10-16,10.604999542236328,10.609999656677246,10.5649995803833,10.609999656677246,8.044973580286632,176401,0.0,0.0,0.0,True
2009-10-19,10.59000015258789,10.609999656677246,10.574999809265137,10.604999542236328,8.041185138907258,62691,0.0,0.0,0.0,True
2009-10-20,10.619999885559082,10.654999732971191,10.595000267028809,10.649999618530273,8.075303015453974,209779,0.0,0.0,0.0,True
2009-10-21,10.609999656677246,10.625,10.515000343322754,10.524999618530273,7.980520914229111,326356,0.0,0.0,0.0,True
2009-10-22,10.494999885559082,10.545000076293945,10.489999771118164,10.524999618530273,7.980520914229111,269879,0.0,0.0,0.0,True
2009-10-23,10.449999809265137,10.579999923706055,10.449999809265137,10.5649995803833,8.010851809671943,96520,0.0,0.0,0.0,True
2009-10-26,10.529999732971191,10.5649995803833,10.515000343322754,10.5600004196167,8.007060447741589,60700,0.0,0.0,0.0,True
2009-10-27,10.545000076293945,10.630000114440918,10.545000076293945,10.619999885559082,8.05255630414734,120278,0.0,0.0,0.0,True
2009-10-28,10.479999542236328,10.484999656677246,10.449999809265137,10.454999923706055,7.927446714789122,145323,0.0,0.0,0.0,True
2009-10-29,10.430000305175781,10.4399995803833,10.364999771118164,10.395000457763672,7.881953292175854,97691,0.0,0.0,0.0,True
2009-10-30,10.395000457763672,10.430000305175781,10.359999656677246,10.4350004196167,7.912280780309209,378567,0.0,0.0,0.0,True
2009-11-02,10.380000114440918,10.404999732971191,10.380000114440918,10.385000228881836,7.874369108039657,336601,0.0,0.0,0.0,True
2009-11-03,10.390000343322754,10.390000343322754,10.350000381469727,10.34000015258789,7.840246850666471,323087,0.0,0.0,0.0,True
2009-11-04,10.364999771118164,10.364999771118164,10.274999618530273,10.289999961853027,7.802333718121428,597234,0.0,0.0,0.0,True
2009-11-05,10.3149995803833,10.3149995803833,10.21500015258789,10.265000343322754,7.783380315779135,169909,0.0,0.0,0.0,True
2009-11-06,10.199999809265137,10.279999732971191,10.199999809265137,10.260000228881836,7.779590900882767,129455,0.0,0.0,0.0,True
2009-11-09,10.234999656677246,10.295000076293945,10.229999542236328,10.28499984741211,7.798541382674081,164294,0.0,0.0,0.0,True
2009-11-10,10.300000190734863,10.335000038146973,10.300000190734863,10.329999923706055,7.832663640047267,132959,0.0,0.0,0.0,True
2009-11-11,10.324999809265137,10.375,10.300000190734863,10.354999542236328,7.851618989423546,139789,0.0,0.0,0.0,True
2009-11-12,10.354999542236328,10.369999885559082,10.329999923706055,10.34000015258789,7.840246850666471,92897,0.0,0.0,0.0,True
2009-11-13,10.28499984741211,10.364999771118164,10.28499984741211,10.324999809265137,7.8288732516339055,175660,0.0,0.0,0.0,True
2009-11-16,10.274999618530273,10.364999771118164,10.274999618530273,10.330249786376953,7.832854449377951,78776,0.0,0.0,0.0,True
2009-11-17,10.369999885559082,10.425000190734863,10.345000267028809,10.420000076293945,7.900908641552134,295571,0.0,0.0,0.0,True
2009-11-18,10.420000076293945,10.4350004196167,10.40999984741211,10.425000190734863,7.904697569690005,141210,0.0,0.0,0.0,True
2009-11-19,10.430000305175781,10.449999809265137,10.375,10.444999694824219,7.919862043894428,319350,0.0,0.0,0.0,True
2009-11-20,10.4399995803833,10.470000267028809,10.420000076293945,10.449999809265137,7.923654379341775,106769,0.0,0.0,0.0,True
2009-11-23,10.4399995803833,10.46500015258789,10.4350004196167,10.454999923706055,7.927446714789122,151728,0.0,0.0,0.0,True
2009-11-24,10.404999732971191,10.479999542236328,10.404999732971191,10.454999923706055,7.927446714789122,156572,0.0,0.0,0.0,True
2009-11-25,10.4399995803833,10.494999885559082,10.4399995803833,10.460000038146973,7.931238563477972,196660,0.0,0.0,0.0,True
2009-11-26,10.484999656677246,10.524999618530273,10.484999656677246,10.520000457763672,7.97673052581575,73887,0.0,0.0,0.0,True
2009-11-27,10.5600004196167,10.5600004196167,10.494999885559082,10.5,7.961566538369825,264642,0.0,0.0,0.0,True
2009-11-30,10.529999732971191,10.529999732971191,10.475000381469727,10.510000228881836,7.969147315196546,85250,0.0,0.0,0.0,True
2009-12-01,10.489999771118164,10.510000228881836,10.479999542236328,10.489999771118164,7.953984788026109,307362,0.0,0.0,0.0,True
2009-12-02,10.475000381469727,10.479999542236328,10.460000038146973,10.46500015258789,7.935030412166824,291251,0.0,0.0,0.0,True
2009-12-03,10.425000190734863,10.449999809265137,10.414999961853027,10.4399995803833,7.916071168722571,272659,0.0,0.0,0.0,True
2009-12-04,10.449999809265137,10.449999809265137,10.369999885559082,10.395000457763672,7.881953292175854,596057,0.0,0.0,0.0,True
2009-12-07,10.399999618530273,10.40999984741211,10.390000343322754,10.399999618530273,7.885740760038235,457747,0.0,0.0,0.0,True
2009-12-08,10.385000228881836,10.4399995803833,10.385000228881836,10.404999732971191,7.889533095485582,403684,0.0,0.0,0.0,True
2009-12-09,10.380000114440918,10.444999694824219,10.369999885559082,10.420000076293945,7.900908641552134,171208,0.0,0.0,0.0,True
2009-12-10,10.354999542236328,10.369999885559082,10.300000190734863,10.300000190734863,7.809917902257626,538623,0.0,0.0,0.0,True
2009-12-11,10.28499984741211,10.335000038146973,10.274999618530273,10.28499984741211,7.798541382674081,696477,0.0,0.0,0.0,True
2009-12-14,10.260000228881836,10.3149995803833,10.260000228881836,10.319999694824219,7.825082863220545,175319,0.0,0.0,0.0,True
2009-12-15,10.319999694824219,10.319999694824219,10.270000457763672,10.279999732971191,7.794751967777714,280868,0.0,0.0,0.0,True
2009-12-16,10.295000076293945,10.3149995803833,10.260000228881836,10.3100004196167,7.817502086393824,578477,0.0,0.0,0.0,True
2009-12-17,10.300000190734863,10.34000015258789,10.289999961853027,10.345000267028809,7.844041133147805,225509,0.0,0.0,0.0,True
2009-12-18,10.329999923706055,10.420000076293945,10.329999923706055,10.404999732971191,7.889533095485582,1631469,0.0,0.0,0.0,True
2009-12-21,10.369999885559082,10.380000114440918,10.324999809265137,10.335000038146973,7.836457435770104,788109,0.0,0.0,0.0,True
2009-12-22,10.305000305175781,10.34000015258789,10.289999961853027,10.295000076293945,7.806124106534789,306989,0.0,0.0,0.0,True
2009-12-23,10.3100004196167,10.3100004196167,10.220000267028809,10.225000381469727,7.753049420336303,647635,0.0,0.0,0.0,True
2009-12-24,10.21500015258789,10.21500015258789,10.21500015258789,10.59000015258789,8.029808132565215,52323,0.0,0.0,0.0,True
2009-12-29,10.289999961853027,10.289999961853027,10.15999984741211,10.175000190734863,7.7151387215837435,121267,0.0,0.0,0.0,True
2009-12-30,10.170000076293945,10.204999923706055,10.170000076293945,10.204999923706055,7.737884459373384,97288,0.0,0.0,0.0,True
2009-12-31,10.135000228881836,10.255000114440918,10.135000228881836,10.229999542236328,7.756839321991167,5796,0.0,0.0,0.0,True
2010-01-04,10.210000038146973,10.28499984741211,10.210000038146973,10.255000114440918,7.775795158125944,177207,0.0,0.0,0.0,True
2010-01-05,10.239999771118164,10.244999885559082,10.210000038146973,10.220000267028809,7.749257084888956,595941,0.0,0.0,0.0,True
2010-01-06,10.21500015258789,10.229999542236328,10.1899995803833,10.180000305175781,7.718929109997104,235846,0.0,0.0,0.0,True
2010-01-07,10.175000190734863,10.210000038146973,10.175000190734863,10.1899995803833,7.726512320616309,1358011,0.0,0.0,0.0,True
2010-01-08,10.15999984741211,10.199999809265137,10.15999984741211,10.194999694824219,7.730302222271173,414646,0.0,0.0,0.0,True
2010-01-11,10.175000190734863,10.260000228881836,10.175000190734863,10.260000228881836,7.779590900882767,447580,0.0,0.0,0.0,True
2010-01-12,10.244999885559082,10.300000190734863,10.244999885559082,10.28499984741211,7.798541382674081,367802,0.0,0.0,0.0,True
2010-01-13,10.274999618530273,10.274999618530273,10.244999885559082,10.265000343322754,7.783380315779135,484842,0.0,0.0,0.0,True
2010-01-14,10.234999656677246,10.265000343322754,10.234999656677246,10.260000228881836,7.779590900882767,178823,0.0,0.0,0.0,True
2010-01-15,10.274999618530273,10.289999961853027,10.244999885559082,10.279999732971191,7.794751967777714,903117,0.0,0.0,0.0,True
2010-01-18,10.28499984741211,10.3149995803833,10.28499984741211,10.300000190734863,7.809917902257626,149697,0.0,0.0,0.0,True
2010-01-19,10.279999732971191,10.289999961853027,10.225000381469727,10.255000114440918,7.775795158125944,327125,0.0,0.0,0.0,True
2010-01-20,10.305000305175781,10.305000305175781,10.225000381469727,10.239999771118164,7.764423506127365,242676,0.0,0.0,0.0,True
2010-01-21,10.25,10.28499984741211,10.239999771118164,10.295000076293945,7.806124106534789,243430,0.0,0.0,0.0,True
2010-01-22,10.329999923706055,10.335000038146973,10.279999732971191,10.279999732971191,7.794751967777714,144587,0.0,0.0,0.0,True
2010-01-25,10.289999961853027,10.305000305175781,10.270000457763672,10.289999961853027,7.802333718121428,104212,0.0,0.0,0.0,True
2010-01-26,10.300000190734863,10.354999542236328,10.300000190734863,10.324999809265137,7.8288732516339055,206954,0.0,0.0,0.0,True
2010-01-27,10.335000038146973,10.350000381469727,10.3100004196167,10.3149995803833,7.821290041014701,443072,0.0,0.0,0.0,True
2010-01-28,10.3100004196167,10.3100004196167,10.260000228881836,10.274999618530273,7.790961579364353,448498,0.0,0.0,0.0,True
2010-01-29,10.270000457763672,10.28499984741211,10.270000457763672,10.305000305175781,7.813710237704973,263244,0.0,0.0,0.0,True
2010-02-01,10.289999961853027,10.3100004196167,10.289999961853027,10.3100004196167,7.817502086393824,216472,0.0,0.0,0.0,True
2010-02-02,10.305000305175781,10.319999694824219,10.295000076293945,10.300000190734863,7.809917902257626,69283,0.0,0.0,0.0,True
2010-02-03,10.305000305175781,10.319999694824219,10.270000457763672,10.3149995803833,7.821290041014701,174365,0.0,0.0,0.0,True
2010-02-04,10.300000190734863,10.345000267028809,10.289999961853027,10.3149995803833,7.821290041014701,81058,0.0,0.0,0.0,True
2010-02-05,10.345000267028809,10.350000381469727,10.319999694824219,10.324999809265137,7.8288732516339055,248247,0.0,0.0,0.0,True
2010-02-08,10.28499984741211,10.289999961853027,10.279999732971191,10.289999961853027,7.802333718121428,153541,0.0,0.0,0.0,True
2010-02-09,10.225000381469727,10.279999732971191,10.225000381469727,10.255000114440918,7.775795158125944,71510,0.0,0.0,0.0,True
2010-02-10,10.239999771118164,10.319999694824219,10.239999771118164,10.289999961853027,7.802333718121428,75039,0.0,0.0,0.0,True
2010-02-11,10.260000228881836,10.265000343322754,10.21500015258789,10.225000381469727,7.753049420336303,1650746,0.0,0.0,0.0,True
2010-02-12,10.220000267028809,10.234999656677246,10.164999961853027,10.210000038146973,7.741675334545241,222019,0.0,0.0,0.0,True
2010-02-15,10.170000076293945,10.21500015258789,10.170000076293945,10.199999809265137,7.73409309744303,193190,0.0,0.0,0.0,True
2010-02-16,10.21500015258789,10.220000267028809,10.21500015258789,10.210000038146973,7.741675334545241,930107,0.0,0.0,0.0,True
2010-02-17,10.194999694824219,10.225000381469727,10.1899995803833,10.21500015258789,7.745465236200105,92116,0.0,0.0,0.0,True
2010-02-18,10.199999809265137,10.199999809265137,10.154999732971191,10.164999961853027,7.707554537447546,194398,0.0,0.0,0.0,True
2010-02-19,10.154999732971191,10.154999732971191,10.109999656677246,10.130000114440918,7.681016464210558,801764,0.0,0.0,0.0,True
2010-02-22,10.119999885559082,10.130000114440918,10.109999656677246,10.130000114440918,7.681016464210558,136240,0.0,0.0,0.0,True
2010-02-23,10.114999771118164,10.164999961853027,10.114999771118164,10.154999732971191,7.699971813586838,650967,0.0,0.0,0.0,True
2010-02-24,10.194999694824219,10.260000228881836,10.194999694824219,10.210000038146973,7.741675334545241,859741,0.0,0.0,0.0,True
2010-02-25,10.239999771118164,10.25,10.239999771118164,10.244999885559082,7.768214868057719,202829,0.0,0.0,0.0,True
2010-02-26,10.270000457763672,10.270000457763672,10.244999885559082,10.260000228881836,7.779590900882767,70793,0.0,0.0,0.0,True
2010-03-01,10.225000381469727,10.229999542236328,10.199999809265137,10.229999542236328,7.756839321991167,513015,0.0,0.0,0.0,True
2010-03-02,10.229999542236328,10.265000343322754,10.225000381469727,10.270000457763672,7.787169243917005,134507,0.0,0.0,0.0,True
2010-03-03,10.260000228881836,10.260000228881836,10.244999885559082,10.255000114440918,7.775795158125944,43054,0.0,0.0,0.0,True
2010-03-04,10.255000114440918,10.279999732971191,10.244999885559082,10.300000190734863,7.809917902257626,427180,0.0,0.0,0.0,True
2010-03-05,10.295000076293945,10.295000076293945,10.229999542236328,10.229999542236328,7.756839321991167,289349,0.0,0.0,0.0,True
2010-03-08,10.229999542236328,10.239999771118164,10.204999923706055,10.220000267028809,7.749257084888956,232146,0.0,0.0,0.0,True
2010-03-09,10.220000267028809,10.274999618530273,10.220000267028809,10.25,7.7720072035050665,825581,0.0,0.0,0.0,True
2010-03-10,10.274999618530273,10.274999618530273,10.244999885559082,10.244999885559082,7.768214868057719,202072,0.0,0.0,0.0,True
2010-03-11,10.210000038146973,10.210000038146973,10.1899995803833,10.1850004196167,7.722719498410465,73343,0.0,0.0,0.0,True
2010-03-12,10.199999809265137,10.210000038146973,10.199999809265137,10.210000038146973,7.741675334545241,168930,0.0,0.0,0.0,True
2010-03-15,10.204999923706055,10.244999885559082,10.204999923706055,10.234999656677246,7.7606301971630245,663676,0.0,0.0,0.0,True
2010-03-16,10.21500015258789,10.274999618530273,10.21500015258789,10.265000343322754,7.783380315779135,1191700,0.0,0.0,0.0,True
2010-03-17,10.255000114440918,10.289999961853027,10.255000114440918,10.289999961853027,7.802333718121428,205987,0.0,0.0,0.0,True
2010-03-18,10.300000190734863,10.3149995803833,10.274999618530273,10.28499984741211,7.798541382674081,115356,0.0,0.0,0.0,True
2010-03-19,10.270000457763672,10.305000305175781,10.270000457763672,10.300000190734863,7.809917902257626,266667,0.0,0.0,0.0,True
2010-03-22,10.305000305175781,10.34000015258789,10.305000305175781,10.3100004196167,7.817502086393824,291108,0.0,0.0,0.0,True
2010-03-23,10.300000190734863,10.319999694824219,10.300000190734863,10.329999923706055,7.832663640047267,237632,0.0,0.0,0.0,True
2010-03-24,10.329999923706055,10.329999923706055,10.289999961853027,10.270000457763672,7.787169243917005,214149,0.0,0.0,0.0,True
2010-03-25,10.239999771118164,10.270000457763672,10.234999656677246,10.265000343322754,7.783380315779135,151578,0.0,0.0,0.0,True
2010-03-26,10.25,10.270000457763672,10.234999656677246,10.265000343322754,7.783380315779135,238890,0.0,0.0,0.0,True
2010-03-29,10.25,10.319999694824219,10.25,10.3100004196167,7.817502086393824,174907,0.0,0.0,0.0,True
2010-03-30,10.329999923706055,10.345000267028809,10.300000190734863,10.3100004196167,7.817502086393824,166115,0.0,0.0,0.0,True
2010-03-31,10.345000267028809,10.364999771118164,10.329999923706055,10.335000038146973,7.836457435770104,205269,0.0,0.0,0.0,True
2010-04-01,10.335000038146973,10.375,10.335000038146973,10.369999885559082,7.862992101697615,213614,0.0,0.0,0.0,True
2010-04-06,10.305000305175781,10.34000015258789,10.300000190734863,10.3100004196167,7.817502086393824,495304,0.0,0.0,0.0,True
2010-04-07,10.345000267028809,10.345000267028809,10.270000457763672,10.274999618530273,7.790961579364353,452283,0.0,0.0,0.0,True
2010-04-08,10.289999961853027,10.3100004196167,10.289999961853027,10.300000190734863,7.809917902257626,869919,0.0,0.0,0.0,True
2010-04-09,10.300000190734863,10.319999694824219,10.255000114440918,10.274999618530273,7.790961579364353,368855,0.0,0.0,0.0,True
2010-04-12,10.260000228881836,10.279999732971191,10.260000228881836,10.270000457763672,7.787169243917005,241272,0.0,0.0,0.0,True
2010-04-13,10.265000343322754,10.3149995803833,10.265000343322754,10.300000190734863,7.809917902257626,254903,0.0,0.0,0.0,True
2010-04-14,10.270000457763672,10.319999694824219,10.270000457763672,10.300000190734863,7.809917902257626,75340,0.0,0.0,0.0,True
2010-04-15,10.3100004196167,10.3100004196167,10.289999961853027,10.305000305175781,7.813710237704973,156994,0.0,0.0,0.0,True
2010-04-16,10.295000076293945,10.324999809265137,10.295000076293945,10.319999694824219,7.825082863220545,78218,0.0,0.0,0.0,True
2010-04-19,10.289999961853027,10.329999923706055,10.289999961853027,10.3149995803833,7.821290041014701,174376,0.0,0.0,0.0,True
2010-04-20,10.3149995803833,10.319999694824219,10.28499984741211,10.305000305175781,7.813710237704973,171436,0.0,0.0,0.0,True
2010-04-21,10.3149995803833,10.3149995803833,10.279999732971191,10.295000076293945,7.806124106534789,156319,0.0,0.0,0.0,True
2010-04-22,10.289999961853027,10.34000015258789,10.289999961853027,10.335000038146973,7.836457435770104,336258,0.0,0.0,0.0,True
2010-04-23,10.3149995803833,10.3149995803833,10.274999618530273,10.295000076293945,7.806124106534789,504647,0.0,0.0,0.0,True
2010-04-26,10.270000457763672,10.34000015258789,10.270000457763672,10.3100004196167,7.817502086393824,581580,0.0,0.0,0.0,True
2010-04-27,10.3149995803833,10.350000381469727,10.289999961853027,10.364999771118164,7.859202686801248,263720,0.0,0.0,0.0,True
2010-04-28,10.199999809265137,10.21500015258789,10.140000343322754,10.199999809265137,7.73409309744303,281472,0.0,0.0,0.0,True
2010-04-29,10.1899995803833,10.199999809265137,10.170000076293945,10.1850004196167,7.722719498410465,327211,0.0,0.0,0.0,True
2010-04-30,10.1850004196167,10.229999542236328,10.1850004196167,10.239999771118164,7.764423506127365,119071,0.0,0.0,0.0,True
2010-05-04,10.75,10.75,10.260000228881836,10.289999961853027,7.802333718121428,243077,0.0,0.0,0.0,True
2010-05-05,10.279999732971191,10.3149995803833,10.270000457763672,10.289999961853027,7.802333718121428,494136,0.0,0.0,0.0,True
2010-05-06,10.699999809265137,10.699999809265137,10.270000457763672,10.319999694824219,7.825082863220545,395689,0.0,0.0,0.0,True
2010-05-07,10.25,10.359999656677246,10.204999923706055,10.319999694824219,7.825082863220545,508192,0.0,0.0,0.0,True
2010-05-10,10.255000114440918,10.319999694824219,10.1850004196167,10.25,7.7720072035050665,525491,0.0,0.0,0.0,True
2010-05-11,10.170000076293945,10.265000343322754,10.170000076293945,10.255000114440918,7.775795158125944,96292,0.0,0.0,0.0,True
2010-05-12,10.265000343322754,10.28499984741211,10.244999885559082,10.274999618530273,7.790961579364353,77399,0.0,0.0,0.0,True
2010-05-13,10.244999885559082,10.300000190734863,10.244999885559082,10.279999732971191,7.794751967777714,61767,0.0,0.0,0.0,True
2010-05-14,10.324999809265137,10.350000381469727,10.324999809265137,10.335000038146973,7.836457435770104,125377,0.0,0.0,0.0,True
2010-05-17,10.324999809265137,10.34000015258789,10.3149995803833,10.34000015258789,7.840246850666471,68047,0.0,0.0,0.0,True
2010-05-18,10.329999923706055,10.335000038146973,10.295000076293945,10.324999809265137,7.8288732516339055,124077,0.0,0.0,0.0,True
2010-05-19,10.369999885559082,10.40999984741211,10.369999885559082,10.40999984741211,7.893323483898943,530651,0.0,0.0,0.0,True
2010-05-20,10.40999984741211,10.520000457763672,10.40999984741211,10.475000381469727,7.942610702235048,122806,0.0,0.0,0.0,True
2010-05-21,10.470000267028809,10.569999694824219,10.449999809265137,10.510000228881836,7.969147315196546,383652,0.0,0.0,0.0,True
2010-05-24,10.5,10.545000076293945,10.489999771118164,10.489999771118164,7.953984788026109,149766,0.0,0.0,0.0,True
2010-05-25,10.539999961853027,10.585000038146973,10.529999732971191,10.5649995803833,8.010851809671943,486779,0.0,0.0,0.0,True
2010-05-26,10.510000228881836,10.545000076293945,10.46500015258789,10.489999771118164,7.953984788026109,220199,0.0,0.0,0.0,True
2010-05-27,10.454999923706055,10.484999656677246,10.420000076293945,10.4399995803833,7.916071168722571,649557,0.0,0.0,0.0,True
2010-05-28,10.489999771118164,10.489999771118164,10.4399995803833,10.46500015258789,7.935030412166824,228174,0.0,0.0,0.0,True
2010-06-01,10.484999656677246,10.489999771118164,10.460000038146973,10.460000038146973,7.931238563477972,274786,0.0,0.0,0.0,True
2010-06-02,10.454999923706055,10.489999771118164,10.454999923706055,10.470000267028809,7.938818366787701,70214,0.0,0.0,0.0,True
2010-06-03,10.4399995803833,10.460000038146973,10.4399995803833,10.449999809265137,7.923654379341775,232170,0.0,0.0,0.0,True
2010-06-04,10.489999771118164,10.489999771118164,10.444999694824219,10.5,7.961566538369825,431098,0.0,0.0,0.0,True
2010-06-07,10.515000343322754,10.529999732971191,10.489999771118164,10.510000228881836,7.969147315196546,219962,0.0,0.0,0.0,True
2010-06-08,10.520000457763672,10.550000190734863,10.5,10.53499984741211,7.988106558640799,294895,0.0,0.0,0.0,True
2010-06-09,10.53499984741211,10.53499984741211,10.505000114440918,10.505000114440918,7.965356926783185,79914,0.0,0.0,0.0,True
2010-06-10,10.510000228881836,10.529999732971191,10.460000038146973,10.484999656677246,7.950192939337259,258390,0.0,0.0,0.0,True
2010-06-11,10.460000038146973,10.555000305175781,10.460000038146973,10.53499984741211,7.988106558640799,228524,0.0,0.0,0.0,True
2010-06-14,10.489999771118164,10.53499984741211,10.475000381469727,10.489999771118164,7.953984788026109,151708,0.0,0.0,0.0,True
2010-06-15,10.484999656677246,10.494999885559082,10.460000038146973,10.470000267028809,7.938818366787701,127937,0.0,0.0,0.0,True
2010-06-16,10.46500015258789,10.5,10.46500015258789,10.470000267028809,7.938818366787701,405428,0.0,0.0,0.0,True
2010-06-17,10.0,10.529999732971191,10.0,10.510000228881836,7.969147315196546,297289,0.0,0.0,0.0,True
2010-06-18,10.5,10.5,10.449999809265137,10.484999656677246,7.950192939337259,75106,0.0,0.0,0.0,True
2010-06-21,10.460000038146973,10.520000457763672,10.460000038146973,10.494999885559082,7.957774689680973,137619,0.0,0.0,0.0,True
2010-06-22,10.520000457763672,10.574999809265137,10.505000114440918,10.5600004196167,8.007060447741589,710770,0.0,0.0,0.0,True
2010-06-23,10.5,10.53499984741211,10.449999809265137,10.510000228881836,7.969147315196546,619540,0.0,0.0,0.0,True
2010-06-24,10.489999771118164,10.539999961853027,10.489999771118164,10.520000457763672,7.97673052581575,173273,0.0,0.0,0.0,True
2010-06-25,10.524999618530273,10.53499984741211,10.494999885559082,10.520000457763672,7.97673052581575,278555,0.0,0.0,0.0,True
2010-06-28,10.510000228881836,10.53499984741211,10.505000114440918,10.510000228881836,7.969147315196546,211280,0.0,0.0,0.0,True
2010-06-29,10.569999694824219,10.579999923706055,10.545000076293945,10.545000076293945,7.99568587519203,2724628,0.0,0.0,0.0,True
2010-06-30,10.569999694824219,10.600000381469727,10.470000267028809,10.574999809265137,8.018435507049643,576693,0.0,0.0,0.0,True
2010-07-01,10.574999809265137,10.604999542236328,10.5649995803833,10.604999542236328,8.041185138907258,416247,0.0,0.0,0.0,True
2010-07-02,10.600000381469727,10.609999656677246,10.574999809265137,10.600000381469727,8.037390369667428,555553,0.0,0.0,0.0,True
2010-07-05,10.614999771118164,10.635000228881836,10.609999656677246,10.625,8.056344258768217,171235,0.0,0.0,0.0,True
2010-07-06,10.600000381469727,10.619999885559082,10.579999923706055,10.595000267028809,8.033598520978577,1727883,0.0,0.0,0.0,True
2010-07-07,10.635000228881836,10.635000228881836,10.569999694824219,10.574999809265137,8.018435507049643,204064,0.0,0.0,0.0,True
2010-07-08,10.569999694824219,10.609999656677246,10.550000190734863,10.5649995803833,8.010851809671943,157524,0.0,0.0,0.0,True
2010-07-09,10.5600004196167,10.609999656677246,10.550000190734863,10.59000015258789,8.029808132565215,208521,0.0,0.0,0.0,True
2010-07-12,10.305000305175781,10.595000267028809,10.305000305175781,10.574999809265137,8.018435507049643,383026,0.0,0.0,0.0,True
2010-07-13,10.600000381469727,10.600000381469727,10.545000076293945,10.555000305175781,8.003270059328228,104575,0.0,0.0,0.0,True
2010-07-14,10.569999694824219,10.579999923706055,10.550000190734863,10.545000076293945,7.99568587519203,362162,0.0,0.0,0.0,True
2010-07-15,10.550000190734863,10.574999809265137,10.510000228881836,10.5600004196167,8.007060447741589,184745,0.0,0.0,0.0,True
2010-07-16,10.5600004196167,10.59000015258789,10.539999961853027,10.59000015258789,8.029808132565215,561035,0.0,0.0,0.0,True
2010-07-19,10.604999542236328,10.604999542236328,10.550000190734863,10.5649995803833,8.010851809671943,84898,0.0,0.0,0.0,True
2010-07-20,10.680000305175781,10.680000305175781,10.53499984741211,10.545000076293945,7.99568587519203,922367,0.0,0.0,0.0,True
2010-07-21,10.545000076293945,10.5600004196167,10.520000457763672,10.550000190734863,7.999475776846894,601230,0.0,0.0,0.0,True
2010-07-22,10.555000305175781,10.5600004196167,10.529999732971191,10.529999732971191,7.984312762917962,895693,0.0,0.0,0.0,True
2010-07-23,10.555000305175781,10.5600004196167,10.470000267028809,10.494999885559082,7.957774689680973,328413,0.0,0.0,0.0,True
2010-07-26,10.5,10.510000228881836,10.460000038146973,10.46500015258789,7.935030412166824,431879,0.0,0.0,0.0,True
2010-07-27,10.460000038146973,10.460000038146973,10.399999618530273,10.40999984741211,7.893323483898943,519815,0.0,0.0,0.0,True
2010-07-28,10.425000190734863,10.449999809265137,10.399999618530273,10.420000076293945,7.900908641552134,529050,0.0,0.0,0.0,True
2010-07-29,10.4399995803833,10.470000267028809,10.425000190734863,10.46500015258789,7.935030412166824,556128,0.0,0.0,0.0,True
2010-07-30,10.5,10.545000076293945,10.5,10.539999961853027,7.991896460295663,182002,0.0,0.0,0.0,True
2010-08-02,10.505000114440918,10.539999961853027,10.505000114440918,10.529999732971191,7.984312762917962,898446,0.0,0.0,0.0,True
2010-08-03,10.53499984741211,10.600000381469727,10.53499984741211,10.59000015258789,8.029808132565215,162467,0.0,0.0,0.0,True
2010-08-04,10.585000038146973,10.600000381469727,10.569999694824219,10.595000267028809,8.033598520978577,368454,0.0,0.0,0.0,True
2010-08-05,10.595000267028809,10.640000343322754,10.574999809265137,10.635000228881836,8.06392892966291,669247,0.0,0.0,0.0,True
2010-08-06,10.619999885559082,10.640000343322754,10.600000381469727,10.635000228881836,8.06392892966291,636602,0.0,0.0,0.0,True
2010-08-09,10.619999885559082,10.640000343322754,10.614999771118164,10.614999771118164,8.048763481941496,200296,0.0,0.0,0.0,True
2010-08-10,10.614999771118164,10.619999885559082,10.59000015258789,10.604999542236328,8.041185138907258,191386,0.0,0.0,0.0,True
2010-08-11,10.989999771118164,10.989999771118164,10.609999656677246,10.645000457763672,8.071513600557605,674771,0.0,0.0,0.0,True
2010-08-12,10.645000457763672,10.704999923706055,10.635000228881836,10.675000190734863,8.09426031186424,740698,0.0,0.0,0.0,True
2010-08-13,10.710000038146973,10.710000038146973,10.680000305175781,10.6899995803833,8.105634397655301,394126,0.0,0.0,0.0,True
2010-08-16,10.6850004196167,10.78499984741211,10.6850004196167,10.789999961853027,8.181458228952904,474559,0.0,0.0,0.0,True
2010-08-17,10.774999618530273,10.78499984741211,10.760000228881836,10.765000343322754,8.162500932542638,260563,0.0,0.0,0.0,True
2010-08-18,10.774999618530273,10.800000190734863,10.699999809265137,10.774999618530273,8.170083656403346,375558,0.0,0.0,0.0,True
2010-08-19,10.765000343322754,10.800000190734863,10.760000228881836,10.8100004196167,8.19662075612334,216434,0.0,0.0,0.0,True
2010-08-20,10.800000190734863,10.829999923706055,10.800000190734863,10.829999923706055,8.21178717736175,384240,0.0,0.0,0.0,True
2010-08-23,10.850000381469727,10.899999618530273,10.800000190734863,10.819999694824219,8.204202506467055,216605,0.0,0.0,0.0,True
2010-08-24,10.760000228881836,10.9399995803833,10.760000228881836,10.930000305175781,8.287611495417849,362032,0.0,0.0,0.0,True
2010-08-25,10.925000190734863,10.984999656677246,10.925000190734863,10.975000381469727,8.321732292515543,553498,0.0,0.0,0.0,True
2010-08-26,10.949999809265137,10.984999656677246,10.9399995803833,10.96500015258789,8.31414762162085,199844,0.0,0.0,0.0,True
2010-08-27,10.970000267028809,10.989999771118164,10.9350004196167,10.9399995803833,8.29519227224457,2022622,0.0,0.0,0.0,True
2010-08-31,11.25,11.25,10.989999771118164,10.994999885559082,8.33689481968598,709850,0.0,0.0,0.0,True
2010-09-01,10.984999656677246,10.984999656677246,10.899999618530273,10.899999618530273,8.264865270869711,347803,0.0,0.0,0.0,True
2010-09-02,10.899999618530273,10.90999984741211,10.84000015258789,10.859999656677246,8.234533401909886,462386,0.0,0.0,0.0,True
2010-09-03,10.850000381469727,10.880000114440918,10.819999694824219,10.824999809265137,8.207996302189892,105402,0.0,0.0,0.0,True
2010-09-06,10.859999656677246,10.864999771118164,10.835000038146973,10.845000267028809,8.223163696945294,148825,0.0,0.0,0.0,True
2010-09-07,10.880000114440918,10.90999984741211,10.880000114440918,10.890000343322754,8.25728157349201,45047,0.0,0.0,0.0,True
2010-09-08,10.899999618530273,10.925000190734863,10.850000381469727,10.845000267028809,8.223163696945294,133885,0.0,0.0,0.0,True
2010-09-09,10.854999542236328,10.880000114440918,10.8100004196167,10.805000305175781,8.192831827985469,342920,0.0,0.0,0.0,True
2010-09-10,10.805000305175781,10.8100004196167,10.734999656677246,10.739999771118164,8.143540715581391,313746,0.0,0.0,0.0,True
2010-09-13,10.710000038146973,10.744999885559082,10.6899995803833,10.729999542236328,8.13596139903016,500657,0.0,0.0,0.0,True
2010-09-14,10.744999885559082,10.800000190734863,10.744999885559082,10.774999618530273,8.170083656403346,137043,0.0,0.0,0.0,True
2010-09-15,10.774999618530273,10.779999732971191,10.734999656677246,10.770000457763672,8.166292781231489,1007505,0.0,0.0,0.0,True
2010-09-16,10.779999732971191,10.779999732971191,10.710000038146973,10.710000038146973,8.120798385101228,266455,0.0,0.0,0.0,True
2010-09-17,10.704999923706055,10.75,10.699999809265137,10.734999656677246,8.13975178744352,1197286,0.0,0.0,0.0,True
2010-09-20,10.710000038146973,10.739999771118164,10.694999694824219,10.704999923706055,8.11700458937839,353088,0.0,0.0,0.0,True
2010-09-21,10.694999694824219,10.744999885559082,10.694999694824219,10.725000381469727,8.13217247089229,190202,0.0,0.0,0.0,True
2010-09-22,10.805000305175781,10.875,10.805000305175781,10.859999656677246,8.234533401909886,575428,0.0,0.0,0.0,True
2010-09-23,10.869999885559082,10.90999984741211,10.869999885559082,10.885000228881836,8.25348972480316,202025,0.0,0.0,0.0,True
2010-09-24,10.869999885559082,10.885000228881836,10.819999694824219,10.829999923706055,8.21178717736175,958142,0.0,0.0,0.0,True
2010-09-27,10.850000381469727,10.890000343322754,10.850000381469727,10.880000114440918,8.249699823148296,110205,0.0,0.0,0.0,True
2010-09-28,10.904999732971191,10.960000038146973,10.875,10.930000305175781,8.287611495417849,386048,0.0,0.0,0.0,True
2010-09-29,10.9350004196167,10.984999656677246,10.9350004196167,10.975000381469727,8.321732292515543,410995,0.0,0.0,0.0,True
2010-09-30,10.984999656677246,10.989999771118164,10.920000076293945,10.9399995803833,8.29519227224457,898179,0.0,0.0,0.0,True
2010-10-01,10.925000190734863,10.96500015258789,10.885000228881836,10.914999961853027,8.276239843419269,1250794,0.0,0.0,0.0,True
2010-10-04,10.949999809265137,10.994999885559082,10.9350004196167,10.9399995803833,8.29519227224457,479791,0.0,0.0,0.0,True
2010-10-05,10.96500015258789,10.96500015258789,10.895000457763672,10.895000457763672,8.261071475146874,356360,0.0,0.0,0.0,True
2010-10-06,10.90999984741211,10.949999809265137,10.90999984741211,10.944999694824219,8.298985094450414,115378,0.0,0.0,0.0,True
2010-10-07,10.904999732971191,10.9399995803833,10.904999732971191,10.914999961853027,8.276239843419269,587159,0.0,0.0,0.0,True
2010-10-08,10.9399995803833,10.970000267028809,10.904999732971191,10.949999809265137,8.302777916656257,815041,0.0,0.0,0.0,True
2010-10-11,10.989999771118164,10.989999771118164,10.925000190734863,10.930000305175781,8.287611495417849,131639,0.0,0.0,0.0,True
2010-10-12,10.9399995803833,10.970000267028809,10.9399995803833,10.949999809265137,8.302777916656257,130260,0.0,0.0,0.0,True
2010-10-13,10.914999961853027,10.949999809265137,10.914999961853027,10.925000190734863,8.28382062024599,352943,0.0,0.0,0.0,True
2010-10-14,10.90999984741211,10.949999809265137,10.90999984741211,10.920000076293945,8.280030718591126,185840,0.0,0.0,0.0,True
2010-10-15,10.914999961853027,10.914999961853027,10.864999771118164,10.850000381469727,8.226948731015192,452844,0.0,0.0,0.0,True
2010-10-18,10.899999618530273,10.899999618530273,10.84000015258789,10.854999542236328,8.230741553221035,362529,0.0,0.0,0.0,True
2010-10-19,10.845000267028809,10.845000267028809,10.805000305175781,10.819999694824219,8.204202506467055,196438,0.0,0.0,0.0,True
2010-10-20,10.859999656677246,10.859999656677246,10.8149995803833,10.845000267028809,8.223163696945294,380576,0.0,0.0,0.0,True
2010-10-21,10.890000343322754,10.90999984741211,10.869999885559082,10.880000114440918,8.249699823148296,1696313,0.0,0.0,0.0,True
2010-10-22,10.854999542236328,10.925000190734863,10.850000381469727,10.850000381469727,8.226948731015192,649054,0.0,0.0,0.0,True
2010-10-25,10.84000015258789,10.914999961853027,10.84000015258789,10.90999984741211,8.272448968247412,958649,0.0,0.0,0.0,True
2010-10-26,10.880000114440918,10.880000114440918,10.795000076293945,10.78499984741211,8.17766540674706,555394,0.0,0.0,0.0,True
2010-10-27,10.680000305175781,10.680000305175781,10.585000038146973,10.600000381469727,8.037390369667428,1723145,0.0,0.0,0.0,True
2010-10-28,10.635000228881836,10.635000228881836,10.585000038146973,10.614999771118164,8.048763481941496,713997,0.0,0.0,0.0,True
2010-10-29,10.640000343322754,10.65999984741211,10.614999771118164,10.654999732971191,8.079093890625831,463560,0.0,0.0,0.0,True
2010-11-01,10.699999809265137,10.734999656677246,10.6850004196167,10.680000305175781,8.098050213519103,208202,0.0,0.0,0.0,True
2010-11-02,10.71500015258789,10.770000457763672,10.6899995803833,10.6850004196167,8.101843035724947,331809,0.0,0.0,0.0,True
2010-11-03,10.720000267028809,10.765000343322754,10.704999923706055,10.734999656677246,8.13975178744352,169462,0.0,0.0,0.0,True
2010-11-04,10.71500015258789,10.744999885559082,10.65999984741211,10.765000343322754,8.162500932542638,259550,0.0,0.0,0.0,True
2010-11-05,10.71500015258789,10.744999885559082,10.694999694824219,10.734999656677246,8.13975178744352,379430,0.0,0.0,0.0,True
2010-11-08,10.720000267028809,10.729999542236328,10.694999694824219,10.725000381469727,8.13217247089229,256157,0.0,0.0,0.0,True
2010-11-09,10.720000267028809,10.720000267028809,10.670000076293945,10.670000076293945,8.090467976416893,165767,0.0,0.0,0.0,True
2010-11-10,10.6850004196167,10.6850004196167,10.59000015258789,10.574999809265137,8.018435507049643,277863,0.0,0.0,0.0,True
2010-11-11,10.630000114440918,10.630000114440918,10.5649995803833,10.600000381469727,8.037390369667428,311830,0.0,0.0,0.0,True
2010-11-12,10.595000267028809,10.619999885559082,10.520000457763672,10.545000076293945,7.99568587519203,511514,0.0,0.0,0.0,True
2010-11-15,10.524999618530273,10.555000305175781,10.484999656677246,10.515000343322754,7.972939163885396,151007,0.0,0.0,0.0,True
2010-11-16,10.494999885559082,10.545000076293945,10.494999885559082,10.5,7.961566538369825,196799,0.0,0.0,0.0,True
2010-11-17,10.550000190734863,10.550000190734863,10.510000228881836,10.529999732971191,7.984312762917962,182350,0.0,0.0,0.0,True
2010-11-18,10.510000228881836,10.510000228881836,10.430000305175781,10.430000305175781,7.908488931620359,310258,0.0,0.0,0.0,True
2010-11-19,10.46500015258789,10.475000381469727,10.4399995803833,10.460000038146973,7.931238563477972,237499,0.0,0.0,0.0,True
2010-11-22,10.460000038146973,10.529999732971191,10.460000038146973,10.494999885559082,7.957774689680973,213215,0.0,0.0,0.0,True
2010-11-23,10.545000076293945,10.585000038146973,10.53499984741211,10.574999809265137,8.018435507049643,279422,0.0,0.0,0.0,True
2010-11-24,10.555000305175781,10.59000015258789,10.510000228881836,10.524999618530273,7.980520914229111,242851,0.0,0.0,0.0,True
2010-11-25,10.524999618530273,10.53499984741211,10.489999771118164,10.515000343322754,7.972939163885396,242602,0.0,0.0,0.0,True
2010-11-26,10.524999618530273,10.5600004196167,10.505000114440918,10.520000457763672,7.97673052581575,893376,0.0,0.0,0.0,True
2010-11-29,10.510000228881836,10.555000305175781,10.489999771118164,10.505000114440918,7.965356926783185,374711,0.0,0.0,0.0,True
2010-11-30,10.539999961853027,10.614999771118164,10.529999732971191,10.600000381469727,8.037390369667428,306709,0.0,0.0,0.0,True
2010-12-01,10.5600004196167,10.569999694824219,10.510000228881836,10.520000457763672,7.97673052581575,285644,0.0,0.0,0.0,True
2010-12-02,10.5,10.5,10.46500015258789,10.484999656677246,7.950192939337259,365593,0.0,0.0,0.0,True
2010-12-03,10.5,10.505000114440918,10.454999923706055,10.475000381469727,7.942610702235048,174570,0.0,0.0,0.0,True
2010-12-06,10.510000228881836,10.510000228881836,10.460000038146973,10.484999656677246,7.950192939337259,147461,0.0,0.0,0.0,True
2010-12-07,10.449999809265137,10.460000038146973,10.420000076293945,10.4350004196167,7.912280780309209,179985,0.0,0.0,0.0,True
2010-12-08,10.354999542236328,10.425000190734863,10.24174976348877,10.375,7.866784923903459,265297,0.0,0.0,0.0,True
2010-12-09,10.414999961853027,10.454999923706055,10.345000267028809,10.444999694824219,7.919862043894428,447596,0.0,0.0,0.0,True
2010-12-10,10.449999809265137,10.470000267028809,10.414999961853027,10.4350004196167,7.912280780309209,385013,0.0,0.0,0.0,True
2010-12-13,10.390000343322754,10.4399995803833,10.380000114440918,10.390000343322754,7.8781594964530175,216527,0.0,0.0,0.0,True
2010-12-14,10.414999961853027,10.414999961853027,10.359999656677246,10.354999542236328,7.851618989423546,589269,0.0,0.0,0.0,True
2010-12-15,10.359999656677246,10.385000228881836,10.34000015258789,10.354999542236328,7.851618989423546,555507,0.0,0.0,0.0,True
2010-12-16,10.359999656677246,10.385000228881836,10.34000015258789,10.359999656677246,7.855409864595404,0,0.0,0.0,0.0,True
2010-12-17,10.40999984741211,10.470000267028809,10.385000228881836,10.414999961853027,7.8971148458292975,479653,0.0,0.0,0.0,True
2010-12-20,10.449999809265137,10.494999885559082,10.430000305175781,10.494999885559082,7.957774689680973,254647,0.0,0.0,0.0,True
2010-12-21,10.5,10.5,10.470000267028809,10.484999656677246,7.950192939337259,163987,0.0,0.0,0.0,True
2010-12-22,10.475000381469727,10.520000457763672,10.475000381469727,10.489999771118164,7.953984788026109,464887,0.0,0.0,0.0,True
2010-12-23,10.510000228881836,10.524999618530273,10.489999771118164,10.489999771118164,7.953984788026109,540265,0.0,0.0,0.0,True
2010-12-24,10.960000038146973,10.960000038146973,10.494999885559082,10.494999885559082,7.957774689680973,40730,0.0,0.0,0.0,True
2010-12-29,10.520000457763672,10.520000457763672,10.390000343322754,10.470000267028809,7.938818366787701,163637,0.0,0.0,0.0,True
2010-12-30,10.505000114440918,10.524999618530273,10.505000114440918,10.520000457763672,7.97673052581575,258217,0.0,0.0,0.0,True
2010-12-31,10.5649995803833,10.574999809265137,10.5649995803833,10.579999923706055,8.022225408704507,39054,0.0,0.0,0.0,True
2011-01-04,10.600000381469727,10.600000381469727,10.5,10.520000457763672,7.97673052581575,316062,0.0,0.0,0.0,True
2011-01-05,10.529999732971191,10.550000190734863,10.449999809265137,10.449999809265137,7.923654379341775,438861,0.0,0.0,0.0,True
2011-01-06,10.414999961853027,10.460000038146973,10.414999961853027,10.460000038146973,7.931238563477972,227026,0.0,0.0,0.0,True
2011-01-07,10.46500015258789,10.484999656677246,10.449999809265137,10.46500015258789,7.935030412166824,83399,0.0,0.0,0.0,True
2011-01-10,10.4399995803833,10.475000381469727,10.425000190734863,10.470000267028809,7.938818366787701,1941827,0.0,0.0,0.0,True
2011-01-11,10.460000038146973,10.475000381469727,10.414999961853027,10.430000305175781,7.908488931620359,418075,0.0,0.0,0.0,True
2011-01-12,10.404999732971191,10.420000076293945,10.354999542236328,10.364999771118164,7.859202686801248,457138,0.0,0.0,0.0,True
2011-01-13,10.319999694824219,10.40999984741211,10.319999694824219,10.399999618530273,7.885740760038235,293434,0.0,0.0,0.0,True
2011-01-14,10.414999961853027,10.414999961853027,10.359999656677246,10.395000457763672,7.881953292175854,114017,0.0,0.0,0.0,True
2011-01-17,10.390000343322754,10.399999618530273,10.364999771118164,10.385000228881836,7.874369108039657,172932,0.0,0.0,0.0,True
2011-01-18,10.375,10.390000343322754,10.345000267028809,10.359999656677246,7.855409864595404,357164,0.0,0.0,0.0,True
2011-01-19,10.350000381469727,10.395000457763672,10.350000381469727,10.385000228881836,7.874369108039657,139855,0.0,0.0,0.0,True
2011-01-20,10.390000343322754,10.390000343322754,10.319999694824219,10.354999542236328,7.851618989423546,465633,0.0,0.0,0.0,True
2011-01-21,10.390000343322754,10.390000343322754,10.319999694824219,10.345000267028809,7.844041133147805,0,0.0,0.0,0.0,True
2011-01-24,10.364999771118164,10.385000228881836,10.359999656677246,10.364999771118164,7.859202686801248,138617,0.0,0.0,0.0,True
2011-01-25,10.390000343322754,10.444999694824219,10.385000228881836,10.390000343322754,7.8781594964530175,216653,0.0,0.0,0.0,True
2011-01-26,10.399999618530273,10.399999618530273,10.354999542236328,10.359999656677246,7.855409864595404,316578,0.0,0.0,0.0,True
2011-01-27,10.34000015258789,10.364999771118164,10.34000015258789,10.350000381469727,7.847830548044172,175347,0.0,0.0,0.0,True
2011-01-28,10.354999542236328,10.369999885559082,10.34000015258789,10.380000114440918,7.870577259350806,593352,0.0,0.0,0.0,True
2011-01-31,10.395000457763672,10.395000457763672,10.354999542236328,10.380000114440918,7.870577259350806,651564,0.0,0.0,0.0,True
2011-02-01,10.375,10.375,10.329999923706055,10.350000381469727,7.847830548044172,570187,0.0,0.0,0.0,True
2011-02-02,10.354999542236328,10.364999771118164,10.329999923706055,10.319999694824219,7.825082863220545,470505,0.0,0.0,0.0,True
2011-02-03,10.3100004196167,10.359999656677246,10.295000076293945,10.3149995803833,7.821290041014701,173025,0.0,0.0,0.0,True
2011-02-04,10.335000038146973,10.335000038146973,10.270000457763672,10.295000076293945,7.806124106534789,166397,0.0,0.0,0.0,True
2011-02-07,10.25,10.274999618530273,10.25,10.279999732971191,7.794751967777714,517560,0.0,0.0,0.0,True
2011-02-08,10.289999961853027,10.305000305175781,10.270000457763672,10.279999732971191,7.794751967777714,1218224,0.0,0.0,0.0,True
2011-02-09,10.279999732971191,10.289999961853027,10.25,10.255000114440918,7.775795158125944,665224,0.0,0.0,0.0,True
2011-02-10,10.239999771118164,10.295000076293945,10.239999771118164,10.265000343322754,7.783380315779135,219428,0.0,0.0,0.0,True
2011-02-11,10.28499984741211,10.324999809265137,10.28499984741211,10.279999732971191,7.794751967777714,140040,0.0,0.0,0.0,True
2011-02-14,10.289999961853027,10.329999923706055,10.272000312805176,10.3100004196167,7.817502086393824,76288,0.0,0.0,0.0,True
2011-02-15,10.30027961730957,10.319999694824219,10.269000053405762,10.300000190734863,7.809917902257626,244637,0.0,0.0,0.0,True
2011-02-16,10.30027961730957,10.350000381469727,10.298999786376953,10.322500228881836,7.826979274323467,533445,0.0,0.0,0.0,True
2011-02-17,10.329999923706055,10.355999946594238,10.309000015258789,10.350000381469727,7.847830548044172,137990,0.0,0.0,0.0,True
2011-02-18,10.34000015258789,10.345000267028809,10.314000129699707,10.327500343322754,7.830770636253821,164995,0.0,0.0,0.0,True
2011-02-21,10.324999809265137,10.387999534606934,10.324999809265137,10.380000114440918,7.870577259350806,213350,0.0,0.0,0.0,True
2011-02-22,10.399999618530273,10.524999618530273,10.395000457763672,10.420000076293945,7.900908641552134,625664,0.0,0.0,0.0,True
2011-02-23,10.414999961853027,10.4350004196167,10.369999885559082,10.422499656677246,7.902800671828587,643336,0.0,0.0,0.0,True
2011-02-24,10.454999923706055,10.470000267028809,10.420000076293945,10.4399995803833,7.916071168722571,657719,0.0,0.0,0.0,True
2011-02-25,10.414999961853027,10.454999923706055,10.414999961853027,10.444999694824219,7.919862043894428,89973,0.0,0.0,0.0,True
2011-02-28,10.444999694824219,10.470000267028809,10.008000373840332,10.452500343322754,7.9255503036862,238047,0.0,0.0,0.0,True
2011-03-01,10.437100410461426,10.460000038146973,10.425000190734863,10.442500114440918,7.917966606308499,99043,0.0,0.0,0.0,True
2011-03-02,10.484999656677246,10.484999656677246,10.444999694824219,10.4375,7.914177678170629,412793,0.0,0.0,0.0,True
2011-03-03,10.4399995803833,10.4399995803833,10.380000114440918,10.387499809265137,7.876262111833102,188807,0.0,0.0,0.0,True
2011-03-04,10.414999961853027,10.470000267028809,10.402999877929688,10.4399995803833,7.916071168722571,701702,0.0,0.0,0.0,True
2011-03-07,10.420000076293945,10.451000213623047,10.402000427246094,10.447500228881836,7.921758941755846,208302,0.0,0.0,0.0,True
2011-03-08,10.444999694824219,10.458999633789062,10.404999732971191,10.414999961853027,7.8971148458292975,118930,0.0,0.0,0.0,True
2011-03-09,10.425000190734863,10.444999694824219,10.411999702453613,10.427499771118164,7.90659203375894,400732,0.0,0.0,0.0,True
2011-03-10,10.46500015258789,10.495490074157715,10.390999794006348,10.482500076293945,7.948296528234337,320289,0.0,0.0,0.0,True
2011-03-11,10.494999885559082,10.537480354309082,10.489999771118164,10.512499809265137,7.971045673333454,128948,0.0,0.0,0.0,True
2011-03-14,10.539999961853027,10.550000190734863,10.484999656677246,10.542499542236328,7.993790924364598,703621,0.0,0.0,0.0,True
2011-03-15,10.609999656677246,10.619000434875488,10.539999961853027,10.5600004196167,8.007060447741589,562882,0.0,0.0,0.0,True
2011-03-16,10.550000190734863,10.630000114440918,10.546500205993652,10.6225004196167,8.054450768216276,303525,0.0,0.0,0.0,True
2011-03-17,10.59000015258789,10.600000381469727,10.539999961853027,10.555000305175781,8.003270059328228,1286230,0.0,0.0,0.0,True
2011-03-18,10.574999809265137,10.600190162658691,10.555000305175781,10.585000038146973,8.026015797117868,242070,0.0,0.0,0.0,True
2011-03-21,10.5649995803833,10.585000038146973,10.550000190734863,10.574999809265137,8.018435507049643,382500,0.0,0.0,0.0,True
2011-03-22,10.585000038146973,10.585000038146973,10.48900032043457,10.520000457763672,7.97673052581575,406313,0.0,0.0,0.0,True
2011-03-23,10.545000076293945,10.574999809265137,10.520000457763672,10.547499656677246,7.997581799536455,830555,0.0,0.0,0.0,True
2011-03-24,10.5600004196167,10.585040092468262,10.529999732971191,10.53499984741211,7.988106558640799,268087,0.0,0.0,0.0,True
2011-03-25,10.524999618530273,10.550000190734863,10.515000343322754,10.522500038146973,7.978626936918672,210057,0.0,0.0,0.0,True
2011-03-28,10.489999771118164,10.539999961853027,10.489970207214355,10.529999732971191,7.984312762917962,457587,0.0,0.0,0.0,True
2011-03-29,10.545000076293945,10.550000190734863,10.515000343322754,10.507499694824219,7.967251877610617,165419,0.0,0.0,0.0,True
2011-03-30,10.510000228881836,10.517999649047852,10.472999572753906,10.494999885559082,7.957774689680973,253590,0.0,0.0,0.0,True
2011-03-31,10.510000228881836,10.53499984741211,10.46500015258789,10.489999771118164,7.953984788026109,468727,0.0,0.0,0.0,True
2011-04-01,10.505000114440918,10.505000114440918,10.444999694824219,10.477499961853027,7.944506626579473,584964,0.0,0.0,0.0,True
2011-04-04,10.520000457763672,10.520000457763672,10.460000038146973,10.489999771118164,7.953984788026109,59418,0.0,0.0,0.0,True
2011-04-05,10.489999771118164,10.524999618530273,10.4399995803833,10.452500343322754,7.9255503036862,515220,0.0,0.0,0.0,True
2011-04-06,10.444999694824219,10.475000381469727,10.433500289916992,10.454999923706055,7.927446714789122,196550,0.0,0.0,0.0,True
2011-04-07,10.425000190734863,10.470999717712402,10.414999961853027,10.462499618530273,7.9331305937544245,212703,0.0,0.0,0.0,True
2011-04-08,10.420000076293945,10.444999694824219,10.414999961853027,10.422499656677246,7.902800671828587,866694,0.0,0.0,0.0,True
2011-04-11,10.40999984741211,10.428000450134277,10.404999732971191,10.412500381469727,7.895219408243369,547696,0.0,0.0,0.0,True
2011-04-12,10.425000190734863,10.496000289916992,10.42199993133545,10.492500305175781,7.955878765336548,197376,0.0,0.0,0.0,True
2011-04-13,10.479999542236328,10.505000114440918,10.460000038146973,10.494999885559082,7.957774689680973,197845,0.0,0.0,0.0,True
2011-04-14,10.5,10.545000076293945,10.5,10.512499809265137,7.971045673333454,322166,0.0,0.0,0.0,True
2011-04-15,10.550000190734863,10.59000015258789,10.515000343322754,10.577500343322754,8.020330944635573,199782,0.0,0.0,0.0,True
2011-04-18,10.614999771118164,10.628350257873535,10.59000015258789,10.617500305175781,8.05065940628592,492547,0.0,0.0,0.0,True
2011-04-19,10.625,10.625,10.579999923706055,10.602499961853027,8.039283860219369,299440,0.0,0.0,0.0,True
2011-04-20,10.574999809265137,10.609999656677246,10.569999694824219,10.595000267028809,8.033598520978577,201462,0.0,0.0,0.0,True
2011-04-21,10.588749885559082,10.640000343322754,10.575030326843262,10.640000343322754,8.067722238627251,198326,0.0,0.0,0.0,True
2011-04-26,10.654999732971191,10.675000190734863,10.635000228881836,10.675000190734863,8.09426031186424,185590,0.0,0.0,0.0,True
2011-04-27,10.510000228881836,10.522000312805176,10.449000358581543,10.447500228881836,7.921758941755846,178433,0.0,0.0,0.0,True
2011-04-28,10.475000381469727,10.529999732971191,10.463000297546387,10.522500038146973,7.978626936918672,259500,0.0,0.0,0.0,True
2011-04-29,10.519000053405762,10.519000053405762,10.519000053405762,10.519000053405762,7.975973129594974,0,0.0,0.0,0.0,True
2011-05-03,10.529999732971191,10.574999809265137,10.505000114440918,10.5625,8.008956372086013,329189,0.0,0.0,0.0,True
2011-05-04,10.585000038146973,10.585000038146973,10.529999732971191,10.577500343322754,8.020330944635573,206806,0.0,0.0,0.0,True
2011-05-05,10.5649995803833,10.583000183105469,10.529999732971191,10.5600004196167,8.007060447741589,230958,0.0,0.0,0.0,True
2011-05-06,10.574999809265137,10.585000038146973,10.515000343322754,10.552499771118164,8.001374621742299,312442,0.0,0.0,0.0,True
2011-05-09,10.5649995803833,10.59000015258789,10.515000343322754,10.569999694824219,8.014643658360793,494577,0.0,0.0,0.0,True
2011-05-10,10.569999694824219,10.585000038146973,10.54699993133545,10.5600004196167,8.007060447741589,291511,0.0,0.0,0.0,True
2011-05-11,10.600000381469727,10.600000381469727,10.505000114440918,10.522500038146973,7.978626936918672,196932,0.0,0.0,0.0,True
2011-05-12,10.680000305175781,10.680000305175781,10.529999732971191,10.5649995803833,8.010851809671943,505043,0.0,0.0,0.0,True
2011-05-13,10.545000076293945,10.5649995803833,10.524999618530273,10.555000305175781,8.003270059328228,2080406,0.0,0.0,0.0,True
2011-05-16,10.5600004196167,10.588000297546387,10.529999732971191,10.542499542236328,7.993790924364598,960279,0.0,0.0,0.0,True
2011-05-17,10.545000076293945,10.574999809265137,10.506999969482422,10.5600004196167,8.007060447741589,222245,0.0,0.0,0.0,True
2011-05-18,10.574999809265137,10.585000038146973,10.529999732971191,10.542499542236328,7.993790924364598,344897,0.0,0.0,0.0,True
2011-05-19,10.449999809265137,10.5600004196167,10.449999809265137,10.545000076293945,7.99568587519203,268897,0.0,0.0,0.0,True
2011-05-20,10.555000305175781,10.59000015258789,10.541999816894531,10.577500343322754,8.020330944635573,91598,0.0,0.0,0.0,True
2011-05-23,10.614999771118164,10.625,10.595000267028809,10.604999542236328,8.041185138907258,141670,0.0,0.0,0.0,True
2011-05-24,10.614999771118164,10.614999771118164,10.574999809265137,10.592499732971191,8.031705030426634,385184,0.0,0.0,0.0,True
2011-05-25,10.625,10.640000343322754,10.604999542236328,10.612500190734863,8.046870964906546,517358,0.0,0.0,0.0,True
2011-05-26,10.579999923706055,10.654999732971191,10.579000473022461,10.630000114440918,8.060140488283537,313178,0.0,0.0,0.0,True
2011-05-27,10.635000228881836,10.654999732971191,10.62399959564209,10.645000457763672,8.071513600557605,272354,0.0,0.0,0.0,True
2011-05-31,10.649999618530273,10.649999618530273,10.494000434875488,10.645000457763672,8.071513600557605,432756,0.0,0.0,0.0,True
2011-06-01,10.645000457763672,10.680500030517578,10.631999969482422,10.680000305175781,8.098050213519103,203856,0.0,0.0,0.0,True
2011-06-02,10.694999694824219,10.695500373840332,10.654999732971191,10.672499656677246,8.09236195372733,689415,0.0,0.0,0.0,True
2011-06-03,10.670000076293945,10.694999694824219,10.567000389099121,10.645000457763672,8.071513600557605,311101,0.0,0.0,0.0,True
2011-06-06,10.670000076293945,10.670000076293945,10.630000114440918,10.645000457763672,8.071513600557605,624247,0.0,0.0,0.0,True
2011-06-07,10.614999771118164,10.664999961853027,10.59000015258789,10.59749984741211,8.035494932081498,126039,0.0,0.0,0.0,True
2011-06-08,10.640000343322754,10.645000457763672,10.574999809265137,10.640000343322754,8.067722238627251,183743,0.0,0.0,0.0,True
2011-06-09,10.640000343322754,10.664999961853027,10.625,10.645000457763672,8.071513600557605,232832,0.0,0.0,0.0,True
2011-06-10,10.680000305175781,10.6899995803833,10.647500038146973,10.675000190734863,8.09426031186424,84895,0.0,0.0,0.0,True
2011-06-13,10.680000305175781,10.68317985534668,10.640000343322754,10.657500267028809,8.080990301728752,277136,0.0,0.0,0.0,True
2011-06-14,10.6850004196167,10.6850004196167,10.625,10.637499809265137,8.065823393731847,149651,0.0,0.0,0.0,True
2011-06-15,10.640000343322754,10.65999984741211,10.600000381469727,10.65250015258789,8.077199426556895,125613,0.0,0.0,0.0,True
2011-06-16,10.680000305175781,10.711000442504883,10.67488956451416,10.702500343322754,8.115111585584945,442591,0.0,0.0,0.0,True
2011-06-17,10.6899995803833,10.723999977111816,10.666000366210938,10.692500114440918,8.107526427931754,192801,0.0,0.0,0.0,True
2011-06-20,10.71500015258789,10.725000381469727,10.666000366210938,10.680000305175781,8.098050213519103,405318,0.0,0.0,0.0,True
2011-06-21,10.6850004196167,10.6850004196167,10.645000457763672,10.662500381469727,8.08478117690061,673633,0.0,0.0,0.0,True
2011-06-22,10.6899995803833,10.795000076293945,10.67199993133545,10.680000305175781,8.098050213519103,741403,0.0,0.0,0.0,True
2011-06-23,10.720000267028809,10.734999656677246,10.663999557495117,10.720000267028809,8.128379648686446,277484,0.0,0.0,0.0,True
2011-06-24,10.699999809265137,10.755000114440918,10.6899995803833,10.729999542236328,8.13596139903016,130834,0.0,0.0,0.0,True
2011-06-27,10.739999771118164,10.753000259399414,10.713000297546387,10.717499732971191,8.126483237583523,205568,0.0,0.0,0.0,True
2011-06-28,10.699999809265137,10.753999710083008,10.638999938964844,10.640000343322754,8.067722238627251,181891,0.0,0.0,0.0,True
2011-06-29,10.604999542236328,10.624199867248535,10.574999809265137,10.600000381469727,8.037390369667428,199669,0.0,0.0,0.0,True
2011-06-30,10.600000381469727,10.645000457763672,10.574999809265137,10.579999923706055,8.022225408704507,1239623,0.0,0.0,0.0,True
2011-07-01,10.579999923706055,10.609999656677246,10.36299991607666,10.567500114440918,8.012748220774865,286049,0.0,0.0,0.0,True
2011-07-04,10.595000267028809,10.619999885559082,10.579999923706055,10.595000267028809,8.033598520978577,306627,0.0,0.0,0.0,True
2011-07-05,10.619999885559082,10.625,10.57800006866455,10.619999885559082,8.05255630414734,298089,0.0,0.0,0.0,True
2011-07-06,10.649999618530273,10.675000190734863,10.635000228881836,10.664999961853027,8.086676127728042,129371,0.0,0.0,0.0,True
2011-07-07,10.635000228881836,10.675999641418457,10.609999656677246,10.632499694824219,8.062034465593976,205887,0.0,0.0,0.0,True
2011-07-08,10.630000114440918,10.720000267028809,10.62399959564209,10.704999923706055,8.11700458937839,600921,0.0,0.0,0.0,True
2011-07-11,10.734999656677246,10.789999961853027,10.710000038146973,10.755000114440918,8.154918695440426,324698,0.0,0.0,0.0,True
2011-07-12,10.795000076293945,10.864999771118164,10.618000030517578,10.767499923706055,8.164398803921049,277569,0.0,0.0,0.0,True
2011-07-13,10.774999618530273,10.793999671936035,10.71500015258789,10.727499961853027,8.134066448202727,180971,0.0,0.0,0.0,True
2011-07-14,10.760000228881836,10.760000228881836,10.722999572753906,10.744999885559082,8.147335484821221,202075,0.0,0.0,0.0,True
2011-07-15,10.770000457763672,10.78499984741211,10.75,10.765000343322754,8.162500932542638,179423,0.0,0.0,0.0,True
2011-07-18,10.84000015258789,10.84000015258789,10.788999557495117,10.8100004196167,8.19662075612334,119426,0.0,0.0,0.0,True
2011-07-19,10.739999771118164,10.800000190734863,10.739999771118164,10.787500381469727,8.179562791366976,209668,0.0,0.0,0.0,True
2011-07-20,10.8100004196167,10.8100004196167,10.76200008392334,10.774999618530273,8.170083656403346,475270,0.0,0.0,0.0,True
2011-07-21,10.829999923706055,10.829999923706055,10.699999809265137,10.71500015258789,8.124591207307072,192659,0.0,0.0,0.0,True
2011-07-22,10.704999923706055,10.770000457763672,10.657999992370605,10.760000228881836,8.158710544129278,312068,0.0,0.0,0.0,True
2011-07-25,10.795000076293945,10.835000038146973,10.78600025177002,10.8125,8.198518140743255,253323,0.0,0.0,0.0,True
2011-07-26,10.800000190734863,10.84000015258789,10.765000343322754,10.789999961853027,8.181458228952904,552308,0.0,0.0,0.0,True
2011-07-27,10.829999923706055,10.864999771118164,10.795000076293945,10.84000015258789,8.21937087473945,130254,0.0,0.0,0.0,True
2011-07-28,10.880000114440918,10.880000114440918,10.824999809265137,10.84000015258789,8.21937087473945,224006,0.0,0.0,0.0,True
2011-07-29,10.84000015258789,10.930000305175781,10.84000015258789,10.930000305175781,8.287611495417849,198830,0.0,0.0,0.0,True
2011-08-01,10.904999732971191,10.949999809265137,10.875,10.9399995803833,8.29519227224457,253130,0.0,0.0,0.0,True
2011-08-02,10.944999694824219,10.977999687194824,10.922499656677246,10.947500228881836,8.300880532036341,249834,0.0,0.0,0.0,True
2011-08-03,10.989999771118164,11.03600025177002,10.96399974822998,11.0024995803833,8.342581132443765,169529,0.0,0.0,0.0,True
2011-08-04,10.984999656677246,11.119999885559082,10.550000190734863,11.077500343322754,8.399453021674566,1007303,0.0,0.0,0.0,True
2011-08-05,11.15999984741211,11.15999984741211,10.869999885559082,11.050000190734863,8.378601261195364,126491,0.0,0.0,0.0,True
2011-08-08,10.75,12.225000381469727,10.75,11.072500228881836,8.395659225951729,3692601,0.0,0.0,0.0,True
2011-08-09,11.0649995803833,11.10099983215332,10.998000144958496,10.994999885559082,8.33689481968598,365372,0.0,0.0,0.0,True
2011-08-10,11.039999961853027,11.166000366210938,11.02299976348877,11.15999984741211,8.462007329595178,740265,0.0,0.0,0.0,True
2011-08-11,11.100000381469727,11.164999961853027,11.095000267028809,11.112500190734863,8.425992068428545,871084,0.0,0.0,0.0,True
2011-08-12,11.095000267028809,11.157999992370605,11.067500114440918,11.085000038146973,8.40513933443235,528829,0.0,0.0,0.0,True
2011-08-15,11.039999961853027,11.104999542236328,11.039999961853027,11.085000038146973,8.40513933443235,3927446,0.0,0.0,0.0,True
2011-08-16,11.079999923706055,11.109000205993652,11.045000076293945,11.055000305175781,8.382392136367221,2086190,0.0,0.0,0.0,True
2011-08-17,11.100000381469727,11.180000305175781,11.057000160217285,11.162500381469727,8.463902767181105,1006076,0.0,0.0,0.0,True
2011-08-18,11.220000267028809,11.362000465393066,11.187999725341797,11.300000190734863,8.568161569577114,563010,0.0,0.0,0.0,True
2011-08-19,11.319999694824219,11.343000411987305,11.222000122070312,11.265000343322754,8.541622522823134,1119934,0.0,0.0,0.0,True
2011-08-22,11.239999771118164,11.274999618530273,11.22700023651123,11.265000343322754,8.541622522823134,511225,0.0,0.0,0.0,True
2011-08-23,11.25,11.28499984741211,11.218999862670898,11.2524995803833,8.53214533489349,519017,0.0,0.0,0.0,True
2011-08-24,11.25,11.27400016784668,11.178999900817871,11.199999809265137,8.492336278004021,438204,0.0,0.0,0.0,True
2011-08-25,11.175000190734863,11.241000175476074,11.10099983215332,11.22249984741211,8.509401057379339,537415,0.0,0.0,0.0,True
2011-08-26,11.229999542236328,11.28499984741211,11.164999961853027,11.204999923706055,8.496129100209865,549873,0.0,0.0,0.0,True
2011-08-30,11.220000267028809,11.223999977111816,11.128999710083008,11.220000267028809,8.507503672759425,501201,0.0,0.0,0.0,True
2011-08-31,11.175000190734863,11.274999618530273,11.095000267028809,11.095000267028809,8.412724005327046,1307940,0.0,0.0,0.0,True
2011-09-01,11.199999809265137,11.199999809265137,11.050999641418457,11.162500381469727,8.463902767181105,269129,0.0,0.0,0.0,True
2011-09-02,11.194999694824219,13.503999710083008,11.175000190734863,11.239999771118164,8.52266619992986,502714,0.0,0.0,0.0,True
2011-09-05,11.3149995803833,11.414999961853027,11.29800033569336,11.364999771118164,8.617447814396225,410250,0.0,0.0,0.0,True
2011-09-06,11.399999618530273,12.743000030517578,11.282999992370605,11.354999542236328,8.609866064052511,219334,0.0,0.0,0.0,True
2011-09-07,11.255000114440918,11.333000183105469,11.255000114440918,11.289999961853027,8.560578845716407,467155,0.0,0.0,0.0,True
2011-09-08,11.270000457763672,11.369000434875488,11.255000114440918,11.307499885559082,8.57385080288588,214363,0.0,0.0,0.0,True
2011-09-09,11.324999809265137,11.39799976348877,11.295000076293945,11.390000343322754,8.636406084323486,258375,0.0,0.0,0.0,True
2011-09-12,11.46500015258789,11.470000267028809,11.428000450134277,11.4399995803833,8.67431483604206,135195,0.0,0.0,0.0,True
2011-09-13,11.479999542236328,11.517000198364258,11.428000450134277,11.4350004196167,8.670523960870202,431860,0.0,0.0,0.0,True
2011-09-14,11.444999694824219,11.482999801635742,11.37600040435791,11.404999732971191,8.647778709839057,259855,0.0,0.0,0.0,True
2011-09-15,11.40999984741211,11.412199974060059,11.278499603271484,11.324999809265137,8.587116918953395,188078,0.0,0.0,0.0,True
2011-09-16,11.369999885559082,11.380000114440918,11.3149995803833,11.367500305175781,8.619343251982155,254545,0.0,0.0,0.0,True
2011-09-19,11.425000190734863,11.475000381469727,11.385000228881836,11.430000305175781,8.666733085698343,355349,0.0,0.0,0.0,True
2011-09-20,11.479999542236328,11.494999885559082,11.416000366210938,11.4399995803833,8.67431483604206,584814,0.0,0.0,0.0,True
2011-09-21,11.444999694824219,11.444999694824219,11.378000259399414,11.399999618530273,8.643986861150207,265215,0.0,0.0,0.0,True
2011-09-22,11.475000381469727,11.545999526977539,11.439000129699707,11.482500076293945,8.706543116104806,266866,0.0,0.0,0.0,True
2011-09-23,11.479999542236328,11.54699993133545,11.443499565124512,11.475000381469727,8.700857776864012,358549,0.0,0.0,0.0,True
2011-09-26,11.489999771118164,11.51200008392334,11.413999557495117,11.425000190734863,8.662941237009493,149665,0.0,0.0,0.0,True
2011-09-27,11.364999771118164,11.397000312805176,11.300000190734863,11.329999923706055,8.590910714676232,231272,0.0,0.0,0.0,True
2011-09-28,11.300000190734863,11.395000457763672,11.295000076293945,11.364999771118164,8.617447814396225,348895,0.0,0.0,0.0,True
2011-09-29,11.364999771118164,11.416000366210938,11.350000381469727,11.354999542236328,8.609866064052511,214416,0.0,0.0,0.0,True
2011-09-30,11.380000114440918,11.470000267028809,11.36299991607666,11.442500114440918,8.676213194178967,435063,0.0,0.0,0.0,True
2011-10-03,11.430000305175781,11.555000305175781,11.430000305175781,11.539999961853027,8.750139154098157,76793,0.0,0.0,0.0,True
2011-10-04,11.619999885559082,11.729999542236328,11.619999885559082,11.642499923706055,8.827860856774173,935117,0.0,0.0,0.0,True
2011-10-05,11.595000267028809,11.661999702453613,11.545000076293945,11.567500114440918,8.770991888094352,760206,0.0,0.0,0.0,True
2011-10-06,11.545000076293945,11.722999572753906,11.524999618530273,11.587499618530273,8.786155388781783,1573372,0.0,0.0,0.0,True
2011-10-07,11.529999732971191,11.614999771118164,11.494999885559082,11.542499542236328,8.7520326446501,205756,0.0,0.0,0.0,True
2011-10-10,11.545000076293945,11.574000358581543,11.449999809265137,11.449999809265137,8.681899506936753,192124,0.0,0.0,0.0,True
2011-10-11,11.470000267028809,11.496999740600586,11.418999671936035,11.4375,8.672421345490116,718421,0.0,0.0,0.0,True
2011-10-12,11.46500015258789,11.47439956665039,11.354999542236328,11.364999771118164,8.617447814396225,159415,0.0,0.0,0.0,True
2011-10-13,11.385000228881836,11.479999542236328,11.343999862670898,11.460000038146973,8.689480283763475,367049,0.0,0.0,0.0,True
2011-10-14,11.470000267028809,11.470999717712402,11.333999633789062,11.407500267028809,8.649674147424987,172224,0.0,0.0,0.0,True
2011-10-17,11.404999732971191,11.498000144958496,11.368000030517578,11.475000381469727,8.700857776864012,673805,0.0,0.0,0.0,True
2011-10-18,11.555000305175781,11.569999694824219,11.484999656677246,11.557499885559082,8.763411111267631,545797,0.0,0.0,0.0,True
2011-10-19,11.484999656677246,11.5649995803833,11.484999656677246,11.53499984741211,8.746349252443293,187077,0.0,0.0,0.0,True
2011-10-20,11.545000076293945,11.583000183105469,11.5,11.539999961853027,8.750139154098157,1094597,0.0,0.0,0.0,True
2011-10-21,11.510000228881836,11.534000396728516,11.444000244140625,11.467499732971191,8.695166596521261,635119,0.0,0.0,0.0,True
2011-10-24,11.5,11.506999969482422,11.4399995803833,11.442500114440918,8.676213194178967,487801,0.0,0.0,0.0,True
2011-10-25,11.449999809265137,11.545999526977539,11.387999534606934,11.539999961853027,8.750139154098157,1230163,0.0,0.0,0.0,True
2011-10-26,11.4399995803833,11.444999694824219,11.366999626159668,11.417499542236328,8.657253950734715,273487,0.0,0.0,0.0,True
2011-10-27,11.255000114440918,11.38599967956543,11.255000114440918,11.282500267028809,8.554891559441627,1306601,0.0,0.0,0.0,True
2011-10-28,11.225000381469727,11.319999694824219,10.819999694824219,11.255000114440918,8.534040772479418,1127479,0.0,0.0,0.0,True
2011-10-31,11.319999694824219,11.430000305175781,11.288999557495117,11.430000305175781,8.666733085698343,553259,0.0,0.0,0.0,True
2011-11-01,11.555000305175781,11.621999740600586,11.482000350952148,11.579999923706055,8.78047004954099,1367451,0.0,0.0,0.0,True
2011-11-02,11.479999542236328,11.555000305175781,11.479999542236328,11.539999961853027,8.750139154098157,618352,0.0,0.0,0.0,True
2011-11-03,11.545000076293945,11.59000015258789,11.442000389099121,11.462499618530273,8.69137766838339,1940249,0.0,0.0,0.0,True
2011-11-04,11.489999771118164,11.545000076293945,11.435999870300293,11.494999885559082,8.716021277551443,403318,0.0,0.0,0.0,True
2011-11-07,11.520000457763672,11.581000328063965,11.510000228881836,11.532500267028809,8.744453814857366,418549,0.0,0.0,0.0,True
2011-11-08,11.53499984741211,11.593999862670898,11.517999649047852,11.567500114440918,8.770991888094352,423667,0.0,0.0,0.0,True
2011-11-09,11.579999923706055,11.720000267028809,11.553999900817871,11.637499809265137,8.824069981602316,237167,0.0,0.0,0.0,True
2011-11-10,11.694999694824219,11.694999694824219,11.59000015258789,11.609999656677246,8.803218221123114,550979,0.0,0.0,0.0,True
2011-11-11,11.635000228881836,11.635000228881836,11.550999641418457,11.557499885559082,8.763411111267631,351936,0.0,0.0,0.0,True
2011-11-14,11.569999694824219,11.645000457763672,11.5649995803833,11.632499694824219,8.820278132913465,557595,0.0,0.0,0.0,True
2011-11-15,11.6899995803833,11.739999771118164,11.640000343322754,11.710000038146973,8.879041565662218,489763,0.0,0.0,0.0,True
2011-11-16,11.680000305175781,11.746000289916992,11.670000076293945,11.699999809265137,8.871459815318504,366578,0.0,0.0,0.0,True
2011-11-17,11.744999885559082,11.765000343322754,11.659000396728516,11.675000190734863,8.852501545391245,317647,0.0,0.0,0.0,True
2011-11-18,11.664999961853027,11.71399974822998,11.598999977111816,11.630000114440918,8.818383668844529,515270,0.0,0.0,0.0,True
2011-11-21,11.6850004196167,11.704999923706055,11.645000457763672,11.664999961853027,8.84492271559851,275686,0.0,0.0,0.0,True
2011-11-22,11.604999542236328,11.725000381469727,11.593000411987305,11.6875,8.861982627388862,142553,0.0,0.0,0.0,True
2011-11-23,11.744999885559082,11.75,11.667499542236328,11.732500076293945,8.896100503935576,386170,0.0,0.0,0.0,True
2011-11-24,11.694999694824219,11.78600025177002,11.654999732971191,11.72249984741211,8.888521674142842,530482,0.0,0.0,0.0,True
2011-11-25,11.694999694824219,11.767999649047852,11.618000030517578,11.647500038146973,8.83165173194603,368699,0.0,0.0,0.0,True
2011-11-28,11.675000190734863,11.710000038146973,11.579999923706055,11.6899995803833,8.863876117940803,223510,0.0,0.0,0.0,True
2011-11-29,11.720000267028809,11.789999961853027,11.710000038146973,11.742500305175781,8.903685174830272,208410,0.0,0.0,0.0,True
2011-11-30,11.78499984741211,11.831000328063965,11.649999618530273,11.649999618530273,8.83354814304895,517662,0.0,0.0,0.0,True
2011-12-01,11.675000190734863,11.675000190734863,11.535499572753906,11.609999656677246,8.803218221123114,584285,0.0,0.0,0.0,True
2011-12-02,11.604999542236328,11.628000259399414,11.541999816894531,11.585000038146973,8.784260924712846,1049783,0.0,0.0,0.0,True
2011-12-05,11.614999771118164,11.614999771118164,11.515000343322754,11.539999961853027,8.750139154098157,525943,0.0,0.0,0.0,True
2011-12-06,11.5649995803833,11.6899995803833,11.513999938964844,11.677499771118164,8.854397956494166,795607,0.0,0.0,0.0,True
2011-12-07,11.649999618530273,11.720000267028809,11.628629684448242,11.649999618530273,8.83354814304895,395641,0.0,0.0,0.0,True
2011-12-08,11.654999732971191,11.713000297546387,11.621529579162598,11.692500114440918,8.865772529043726,357757,0.0,0.0,0.0,True
2011-12-09,11.670000076293945,11.708000183105469,11.630000114440918,11.657500267028809,8.839232508772751,345429,0.0,0.0,0.0,True
2011-12-12,11.654999732971191,11.765000343322754,11.654999732971191,11.732500076293945,8.896100503935576,263677,0.0,0.0,0.0,True
2011-12-13,11.755000114440918,11.771380424499512,11.670000076293945,11.692500114440918,8.865772529043726,325498,0.0,0.0,0.0,True
2011-12-14,11.670000076293945,11.760000228881836,11.654000282287598,11.744999885559082,8.905582559450187,1329236,0.0,0.0,0.0,True
2011-12-15,11.744999885559082,11.77299976348877,11.687999725341797,11.71500015258789,8.882831467317084,417210,0.0,0.0,0.0,True
2011-12-16,11.720000267028809,11.805000305175781,11.697999954223633,11.782500267028809,8.934014123239116,569539,0.0,0.0,0.0,True
2011-12-19,11.704999923706055,11.817999839782715,11.704999923706055,11.795000076293945,8.943493258202746,67674,0.0,0.0,0.0,True
2011-12-20,11.78499984741211,11.814000129699707,11.74899959564209,11.767499923706055,8.922638577172565,1463178,0.0,0.0,0.0,True
2011-12-21,11.779999732971191,11.843999862670898,11.739999771118164,11.765000343322754,8.920743139586635,809705,0.0,0.0,0.0,True
2011-12-22,11.78499984741211,11.805000305175781,11.744000434875488,11.772500038146973,8.926432372895402,334321,0.0,0.0,0.0,True
2011-12-23,11.795000076293945,11.850000381469727,11.762999534606934,11.824999809265137,8.966239482750884,300621,0.0,0.0,0.0,True
2011-12-28,11.795000076293945,11.868000030517578,11.729000091552734,11.835000038146973,8.973822206611592,245651,0.0,0.0,0.0,True
2011-12-29,11.850000381469727,11.895000457763672,11.821000099182129,11.8774995803833,9.006048539640352,171427,0.0,0.0,0.0,True
2011-12-30,11.899999618530273,11.90999984741211,11.843999862670898,11.84749984741211,8.98330134157522,86039,0.0,0.0,0.0,True
2012-01-03,11.789999961853027,11.855999946594238,11.734999656677246,11.819999694824219,8.962448607579026,1216064,0.0,0.0,0.0,True
2012-01-04,11.795000076293945,11.82800006866455,11.760000228881836,11.774999618530273,8.928326836964338,391051,0.0,0.0,0.0,True
2012-01-05,11.800000190734863,11.84000015258789,11.748000144958496,11.795000076293945,8.943493258202746,417461,0.0,0.0,0.0,True
2012-01-06,11.770000457763672,11.864999771118164,11.765000343322754,11.824999809265137,8.966239482750884,230865,0.0,0.0,0.0,True
2012-01-09,11.8149995803833,11.859999656677246,11.805000305175781,11.845000267028809,8.9814049304723,287422,0.0,0.0,0.0,True
2012-01-10,11.8100004196167,11.850000381469727,11.78499984741211,11.772500038146973,8.926432372895402,357257,0.0,0.0,0.0,True
2012-01-11,11.789999961853027,11.845000267028809,11.755000114440918,11.835000038146973,8.973822206611592,227393,0.0,0.0,0.0,True
2012-01-12,11.859999656677246,11.859999656677246,11.800000190734863,11.819999694824219,8.962448607579026,455633,0.0,0.0,0.0,True
2012-01-13,11.8149995803833,11.930000305175781,11.765000343322754,11.8774995803833,9.006048539640352,240232,0.0,0.0,0.0,True
2012-01-16,11.854999542236328,11.920000076293945,11.854999542236328,11.892499923706055,9.01742019163893,476290,0.0,0.0,0.0,True
2012-01-17,11.904999732971191,11.920000076293945,11.854999542236328,11.899999618530273,9.023109424947696,352427,0.0,0.0,0.0,True
2012-01-18,11.9350004196167,11.956999778747559,11.895000457763672,11.914999961853027,9.034481076946275,315084,0.0,0.0,0.0,True
2012-01-19,11.895000457763672,11.92199993133545,11.826000213623047,11.845000267028809,8.9814049304723,6343869,0.0,0.0,0.0,True
2012-01-20,11.854999542236328,11.854999542236328,11.755000114440918,11.774999618530273,8.928326836964338,672806,0.0,0.0,0.0,True
2012-01-23,11.779999732971191,11.791999816894531,11.684000015258789,11.720000267028809,8.886623316005934,107882,0.0,0.0,0.0,True
2012-01-24,11.739999771118164,11.770000457763672,11.692000389099121,11.712499618530273,8.880937976765141,168223,0.0,0.0,0.0,True
2012-01-25,11.725000381469727,11.760000228881836,11.713629722595215,11.729999542236328,8.894207986900629,422530,0.0,0.0,0.0,True
2012-01-26,11.765000343322754,11.79699993133545,11.741999626159668,11.77750015258789,8.930223248067259,376633,0.0,0.0,0.0,True
2012-01-27,11.819999694824219,11.82699966430664,11.781999588012695,11.789999961853027,8.939701409513896,733311,0.0,0.0,0.0,True
2012-01-30,11.819999694824219,11.871999740600586,11.807000160217285,11.850000381469727,8.985195805644157,644442,0.0,0.0,0.0,True
2012-01-31,11.850000381469727,11.899999618530273,11.807000160217285,11.892499923706055,9.01742019163893,636849,0.0,0.0,0.0,True
2012-02-01,11.875,11.890999794006348,11.82699966430664,11.84000015258789,8.977615028817436,1032365,0.0,0.0,0.0,True
2012-02-02,11.835000038146973,11.845000267028809,11.741999626159668,11.765000343322754,8.920743139586635,550851,0.0,0.0,0.0,True
2012-02-03,11.770000457763672,11.800000190734863,11.670000076293945,11.670000076293945,8.848709696702395,908383,0.0,0.0,0.0,True
2012-02-06,11.720000267028809,11.739999771118164,11.680000305175781,11.6850004196167,8.860087189802933,697426,0.0,0.0,0.0,True
2012-02-07,11.699999809265137,11.71399974822998,11.630000114440918,11.645000457763672,8.829758241394087,362163,0.0,0.0,0.0,True
2012-02-08,11.619999885559082,11.675000190734863,11.61400032043457,11.662500381469727,8.843025330978595,661575,0.0,0.0,0.0,True
2012-02-09,11.699999809265137,11.699999809265137,11.574999809265137,11.577500343322754,8.778575585472055,506765,0.0,0.0,0.0,True
2012-02-10,11.585000038146973,11.654999732971191,11.57699966430664,11.637499809265137,8.824069981602316,291062,0.0,0.0,0.0,True
2012-02-13,11.65999984741211,11.670000076293945,11.595000267028809,11.65250015258789,8.83544358063488,507020,0.0,0.0,0.0,True
2012-02-14,11.640000343322754,11.704999923706055,11.628000259399414,11.704999923706055,8.875252637524348,899083,0.0,0.0,0.0,True
2012-02-15,11.704999923706055,11.736000061035156,11.64799976348877,11.710000038146973,8.879041565662218,668148,0.0,0.0,0.0,True
2012-02-16,11.699999809265137,11.730999946594238,11.640000343322754,11.65250015258789,8.83544358063488,319011,0.0,0.0,0.0,True
2012-02-17,11.645000457763672,11.645000457763672,11.569999694824219,11.600000381469727,8.795634523745413,196705,0.0,0.0,0.0,True
2012-02-20,11.600000381469727,11.600000381469727,11.550000190734863,11.555000305175781,8.76151470016471,348348,0.0,0.0,0.0,True
2012-02-21,11.520000457763672,11.600000381469727,11.520000457763672,11.577500343322754,8.778575585472055,330877,0.0,0.0,0.0,True
2012-02-22,11.600000381469727,11.779999732971191,11.54800033569336,11.675000190734863,8.852501545391245,1417032,0.0,0.0,0.0,True
2012-02-23,11.680000305175781,11.696000099182129,11.640999794006348,11.6850004196167,8.860087189802933,723241,0.0,0.0,0.0,True
2012-02-24,11.71500015258789,11.732999801635742,11.640000343322754,11.717499732971191,8.884730798970985,135193,0.0,0.0,0.0,True
2012-02-27,11.729999542236328,11.800000190734863,11.729999542236328,11.767499923706055,8.922638577172565,188549,0.0,0.0,0.0,True
2012-02-28,11.755000114440918,11.800000190734863,11.755000114440918,11.774999618530273,8.928326836964338,1099580,0.0,0.0,0.0,True
2012-02-29,11.779999732971191,11.779999732971191,11.699999809265137,11.734999656677246,8.897998862072486,513608,0.0,0.0,0.0,True
2012-03-01,11.739999771118164,11.739999771118164,11.64799976348877,11.649999618530273,8.83354814304895,228766,0.0,0.0,0.0,True
2012-03-02,11.6899995803833,11.75,11.664999961853027,11.737500190734863,8.89989332614142,260805,0.0,0.0,0.0,True
2012-03-05,11.739999771118164,11.77299976348877,11.704999923706055,11.702500343322754,8.873356226421427,187326,0.0,0.0,0.0,True
2012-03-06,11.739999771118164,11.760000228881836,11.711000442504883,11.7475004196167,8.90747605000213,387553,0.0,0.0,0.0,True
2012-03-07,11.75,11.774999618530273,11.722000122070312,11.760000228881836,8.916953237931772,99639,0.0,0.0,0.0,True
2012-03-08,11.704999923706055,11.762999534606934,11.704999923706055,11.732500076293945,8.896100503935576,563011,0.0,0.0,0.0,True
2012-03-09,11.739999771118164,11.755000114440918,11.720000267028809,11.729999542236328,8.894207986900629,432887,0.0,0.0,0.0,True
2012-03-12,11.739999771118164,11.795000076293945,11.739999771118164,11.78499984741211,8.935910534342039,501596,0.0,0.0,0.0,True
2012-03-13,11.75,11.777999877929688,11.70300006866455,11.710000038146973,8.879041565662218,350442,0.0,0.0,0.0,True
2012-03-14,11.600000381469727,11.659000396728516,11.539999961853027,11.542499542236328,8.7520326446501,470143,0.0,0.0,0.0,True
2012-03-15,11.5,11.550000190734863,11.46500015258789,11.522500038146973,8.736871090996658,1230805,0.0,0.0,0.0,True
2012-03-16,11.505000114440918,11.515000343322754,11.423999786376953,11.457500457763672,8.687585819694538,825053,0.0,0.0,0.0,True
2012-03-19,11.479999542236328,11.517000198364258,11.45580005645752,11.477499961853027,8.702751267415955,418491,0.0,0.0,0.0,True
2012-03-20,11.475000381469727,11.53600025177002,11.45199966430664,11.46500015258789,8.693270185418339,379864,0.0,0.0,0.0,True
2012-03-21,11.484999656677246,11.538999557495117,11.449999809265137,11.520000457763672,8.734974679893735,493007,0.0,0.0,0.0,True
2012-03-22,11.5600004196167,11.61400032043457,11.529999732971191,11.5600004196167,8.765305575336567,425395,0.0,0.0,0.0,True
2012-03-23,11.545000076293945,11.630000114440918,11.545000076293945,11.595000267028809,8.791843648573554,199771,0.0,0.0,0.0,True
2012-03-26,11.614999771118164,11.644000053405762,11.539999961853027,11.539999961853027,8.750139154098157,471678,0.0,0.0,0.0,True
2012-03-27,11.5600004196167,11.614999771118164,11.553000450134277,11.609999656677246,8.803218221123114,961078,0.0,0.0,0.0,True
2012-03-28,11.600000381469727,11.651000022888184,11.57800006866455,11.632499694824219,8.820278132913465,441568,0.0,0.0,0.0,True
2012-03-29,11.640000343322754,11.667099952697754,11.622900009155273,11.647500038146973,8.83165173194603,991551,0.0,0.0,0.0,True
2012-03-30,11.654999732971191,11.699999809265137,11.625,11.635000228881836,8.8221725969824,458507,0.0,0.0,0.0,True
2012-04-02,11.600000381469727,11.659000396728516,11.567999839782715,11.630000114440918,8.818383668844529,622979,0.0,0.0,0.0,True
2012-04-03,11.600000381469727,11.670000076293945,11.586999893188477,11.654999732971191,8.837339991737803,511931,0.0,0.0,0.0,True
2012-04-04,11.609999656677246,11.680000305175781,11.609999656677246,11.630000114440918,8.818383668844529,174309,0.0,0.0,0.0,True
2012-04-05,11.645000457763672,11.718000411987305,11.62600040435791,11.6850004196167,8.860087189802933,489621,0.0,0.0,0.0,True
2012-04-10,11.734999656677246,11.822999954223633,11.722000122070312,11.8125,8.956761321304247,284991,0.0,0.0,0.0,True
2012-04-11,11.800000190734863,11.817000389099121,11.739999771118164,11.774999618530273,8.928326836964338,205356,0.0,0.0,0.0,True
2012-04-12,11.755000114440918,11.782999992370605,11.720000267028809,11.737500190734863,8.89989332614142,773799,0.0,0.0,0.0,True
2012-04-13,11.765000343322754,11.779999732971191,11.734999656677246,11.774999618530273,8.928326836964338,192015,0.0,0.0,0.0,True
2012-04-16,11.770000457763672,11.793999671936035,11.734999656677246,11.762499809265137,8.918848675517701,331690,0.0,0.0,0.0,True
2012-04-17,11.774999618530273,11.774999618530273,11.699999809265137,11.704999923706055,8.875252637524348,457677,0.0,0.0,0.0,True
2012-04-18,11.720000267028809,11.723999977111816,11.654000282287598,11.6875,8.861982627388862,498884,0.0,0.0,0.0,True
2012-04-19,11.670000076293945,11.697999954223633,11.640000343322754,11.664999961853027,8.84492271559851,404635,0.0,0.0,0.0,True
2012-04-20,11.645000457763672,11.684000015258789,11.60200023651123,11.649999618530273,8.83354814304895,215656,0.0,0.0,0.0,True
2012-04-23,11.675000190734863,11.704999923706055,11.65999984741211,11.675000190734863,8.852501545391245,211818,0.0,0.0,0.0,True
2012-04-24,11.6850004196167,11.699999809265137,11.630999565124512,11.682499885559082,8.858189805183017,249470,0.0,0.0,0.0,True
2012-04-25,11.550000190734863,11.638460159301758,11.520000457763672,11.53499984741211,8.746349252443293,670337,0.0,0.0,0.0,True
2012-04-26,11.545000076293945,11.60099983215332,11.529999732971191,11.572500228881836,8.774783736783204,253974,0.0,0.0,0.0,True
2012-04-27,11.630000114440918,11.630000114440918,11.539999961853027,11.547499656677246,8.755825466855944,756777,0.0,0.0,0.0,True
2012-04-30,11.555000305175781,11.569999694824219,11.517000198364258,11.542499542236328,8.7520326446501,203066,0.0,0.0,0.0,True
2012-05-01,11.539999961853027,11.609000205993652,11.529999732971191,11.552499771118164,8.75961926257878,511953,0.0,0.0,0.0,True
2012-05-02,11.53499984741211,11.630000114440918,11.53499984741211,11.600000381469727,8.795634523745413,448994,0.0,0.0,0.0,True
2012-05-03,11.619999885559082,11.670000076293945,11.583000183105469,11.602499961853027,8.797530934848334,979635,0.0,0.0,0.0,True
2012-05-04,11.630000114440918,11.649999618530273,11.588000297546387,11.630000114440918,8.818383668844529,307792,0.0,0.0,0.0,True
2012-05-08,11.704999923706055,11.710000038146973,11.597999572753906,11.697500228881836,8.869564377732576,231462,0.0,0.0,0.0,True
2012-05-09,11.699999809265137,11.739999771118164,11.670999526977539,11.704999923706055,8.875252637524348,3044772,0.0,0.0,0.0,True
2012-05-10,11.694999694824219,11.711999893188477,11.609000205993652,11.645000457763672,8.829758241394087,64858,0.0,0.0,0.0,True
2012-05-11,11.65999984741211,11.699999809265137,11.649999618530273,11.65999984741211,8.841128919875674,204585,0.0,0.0,0.0,True
2012-05-14,11.675000190734863,11.755000114440918,11.675000190734863,11.739999771118164,8.901789737244343,493583,0.0,0.0,0.0,True
2012-05-15,11.729999542236328,11.74899959564209,11.6899995803833,11.729999542236328,8.894207986900629,288488,0.0,0.0,0.0,True
2012-05-16,11.729999542236328,11.819999694824219,11.696000099182129,11.755000114440918,8.913162362759914,901990,0.0,0.0,0.0,True
2012-05-17,11.75,11.807000160217285,11.75,11.78499984741211,8.935910534342039,219472,0.0,0.0,0.0,True
2012-05-18,11.8149995803833,11.850000381469727,11.791000366210938,11.842499732971191,8.979510466403363,428129,0.0,0.0,0.0,True
2012-05-21,11.835000038146973,11.868000030517578,11.789999961853027,11.805000305175781,8.95107500854646,581074,0.0,0.0,0.0,True
2012-05-22,11.680000305175781,11.812000274658203,11.680000305175781,11.77750015258789,8.930223248067259,1401292,0.0,0.0,0.0,True
2012-05-23,11.720000267028809,11.878000259399414,11.720000267028809,11.862500190734863,8.994676887641774,184695,0.0,0.0,0.0,True
2012-05-24,11.84000015258789,11.904999732971191,11.84000015258789,11.875,9.004154075571416,837125,0.0,0.0,0.0,True
2012-05-25,11.854999542236328,11.90999984741211,11.854999542236328,11.895000457763672,9.019313682190873,582179,0.0,0.0,0.0,True
2012-05-29,11.84000015258789,11.904999732971191,11.84000015258789,11.850000381469727,8.985195805644157,672955,0.0,0.0,0.0,True
2012-05-30,11.885000228881836,11.968429565429688,11.869999885559082,11.957500457763672,9.066708383492028,1169480,0.0,0.0,0.0,True
2012-05-31,11.949999809265137,12.050000190734863,11.902999877929688,12.039999961853027,9.129263664929633,1961875,0.0,0.0,0.0,True
2012-06-01,12.029999732971191,12.210000038146973,12.029999732971191,12.125,9.193714383953168,1785922,0.0,0.0,0.0,True
2012-06-06,11.960000038146973,12.079999923706055,11.960000038146973,12.015000343322754,9.11030734203636,3382819,0.0,0.0,0.0,True
2012-06-07,12.039999961853027,12.0600004196167,11.906999588012695,11.920000076293945,9.038274872669112,1253837,0.0,0.0,0.0,True
2012-06-08,11.975000381469727,12.055000305175781,11.91100025177002,12.0024995803833,9.10082820707273,1146518,0.0,0.0,0.0,True
2012-06-11,11.960000038146973,11.996999740600586,11.920000076293945,11.975000381469727,9.079976446593529,623060,0.0,0.0,0.0,True
2012-06-12,11.944999694824219,12.0,11.881999969482422,11.90999984741211,9.030689228257424,214917,0.0,0.0,0.0,True
2012-06-13,11.864999771118164,11.899999618530273,11.8100004196167,11.850000381469727,8.985195805644157,1779169,0.0,0.0,0.0,True
2012-06-14,11.880000114440918,11.890000343322754,11.791000366210938,11.827500343322754,8.968134920336812,382640,0.0,0.0,0.0,True
2012-06-15,11.949999809265137,11.949999809265137,11.854999542236328,11.90999984741211,9.030689228257424,537246,0.0,0.0,0.0,True
2012-06-18,11.944999694824219,12.005000114440918,11.861000061035156,11.942500114440918,9.05533381094247,216185,0.0,0.0,0.0,True
2012-06-19,11.925000190734863,11.994999885559082,11.875,11.887499809265137,9.013629316467073,523778,0.0,0.0,0.0,True
2012-06-20,11.869999885559082,11.944999694824219,11.85099983215332,11.890000343322754,9.015525727569996,661694,0.0,0.0,0.0,True
2012-06-21,11.885000228881836,11.979999542236328,11.880999565124512,11.970000267028809,9.076184597904678,235285,0.0,0.0,0.0,True
2012-06-22,12.020000457763672,12.020000457763672,11.960000038146973,11.982500076293945,9.085665679902295,155367,0.0,0.0,0.0,True
2012-06-25,12.015000343322754,12.039999961853027,12.0,12.017499923706055,9.112200832588302,151782,0.0,0.0,0.0,True
2012-06-26,12.010000228881836,12.01200008392334,11.928000450134277,11.989999771118164,9.091351992660082,911207,0.0,0.0,0.0,True
2012-06-27,11.970000267028809,11.994999885559082,11.95300006866455,11.975000381469727,9.079976446593529,325058,0.0,0.0,0.0,True
2012-06-28,12.045000076293945,12.045000076293945,11.993000030517578,12.024999618530273,9.117889092380075,885918,0.0,0.0,0.0,True
2012-06-29,11.859999656677246,11.975000381469727,11.819999694824219,11.9399995803833,9.053438373356542,986390,0.0,0.0,0.0,True
2012-07-02,11.914999961853027,11.979999542236328,11.892999649047852,11.967499732971191,9.074290133835744,395781,0.0,0.0,0.0,True
2012-07-03,11.944999694824219,11.984999656677246,11.875,11.875,9.004154075571416,331815,0.0,0.0,0.0,True
2012-07-04,11.850000381469727,11.930000305175781,11.850000381469727,11.922499656677246,9.040171283772034,457089,0.0,0.0,0.0,True
2012-07-05,11.920000076293945,11.970000267028809,11.857999801635742,11.944999694824219,9.057228275011406,691118,0.0,0.0,0.0,True
2012-07-06,11.970000267028809,12.010000228881836,11.781999588012695,12.005000114440918,9.102724618175653,2347978,0.0,0.0,0.0,True
2012-07-09,12.015000343322754,12.052000045776367,11.99899959564209,12.02750015258789,9.119781609415025,64518,0.0,0.0,0.0,True
2012-07-10,12.015000343322754,12.045000076293945,12.008999824523926,12.024999618530273,9.117889092380075,215880,0.0,0.0,0.0,True
2012-07-11,12.050000190734863,12.0649995803833,12.001999855041504,12.045000076293945,9.133052593067504,439126,0.0,0.0,0.0,True
2012-07-12,12.050000190734863,12.114999771118164,12.03499984741211,12.087499618530273,9.165279899613259,142199,0.0,0.0,0.0,True
2012-07-13,12.095000267028809,12.109999656677246,12.069999694824219,12.092499732971191,9.169070774785116,119089,0.0,0.0,0.0,True
2012-07-16,12.074999809265137,12.163000106811523,12.074999809265137,12.142499923706055,9.206981473537676,172800,0.0,0.0,0.0,True
2012-07-17,12.135000228881836,12.164999961853027,12.109000205993652,12.132499694824219,9.199401670227948,204811,0.0,0.0,0.0,True
2012-07-18,12.095000267028809,12.204999923706055,12.095000267028809,12.172499656677246,9.229730618636792,81377,0.0,0.0,0.0,True
2012-07-19,12.135000228881836,12.173999786376953,12.100000381469727,12.114999771118164,9.18613166009246,243554,0.0,0.0,0.0,True
2012-07-20,12.119999885559082,12.164999961853027,12.10099983215332,12.140000343322754,9.205088956502726,255534,0.0,0.0,0.0,True
2012-07-23,12.1850004196167,12.215999603271484,12.133999824523926,12.147500038146973,9.210773322226526,496273,0.0,0.0,0.0,True
2012-07-24,12.125,12.17199993133545,12.07699966430664,12.15250015258789,9.21456614443237,92149,0.0,0.0,0.0,True
2012-07-25,12.149999618530273,12.201000213623047,12.126999855041504,12.162500381469727,9.22214692125909,196971,0.0,0.0,0.0,True
2012-07-26,12.15999984741211,12.204999923706055,12.123000144958496,12.154999732971191,9.216463529052286,288556,0.0,0.0,0.0,True
2012-07-27,12.145000457763672,12.17199993133545,12.079999923706055,12.114999771118164,9.18613166009246,179989,0.0,0.0,0.0,True
2012-07-30,12.114999771118164,12.130000114440918,12.050000190734863,12.100000381469727,9.174758061059894,192065,0.0,0.0,0.0,True
2012-07-31,12.140000343322754,12.180000305175781,12.083999633789062,12.164999961853027,9.22404235884502,1011056,0.0,0.0,0.0,True
2012-08-01,12.1850004196167,12.187000274658203,12.083939552307129,12.119999885559082,9.189919614713338,1151754,0.0,0.0,0.0,True
2012-08-02,12.140000343322754,12.190999984741211,12.104999542236328,12.175000190734863,9.231625082705728,306344,0.0,0.0,0.0,True
2012-08-03,12.15999984741211,12.1899995803833,11.902999877929688,12.087499618530273,9.165279899613259,504358,0.0,0.0,0.0,True
2012-08-06,12.125,12.1899995803833,12.09000015258789,12.147500038146973,9.210773322226526,340796,0.0,0.0,0.0,True
2012-08-07,12.145000457763672,12.184000015258789,12.062999725341797,12.077500343322754,9.157698149269544,476424,0.0,0.0,0.0,True
2012-08-08,12.119999885559082,12.149999618530273,12.09000015258789,12.095000267028809,9.17096523885405,682388,0.0,0.0,0.0,True
2012-08-09,12.100000381469727,12.121999740600586,12.0600004196167,12.057499885559082,9.142529780997148,496884,0.0,0.0,0.0,True
2012-08-10,12.095000267028809,12.154999732971191,12.095000267028809,12.142499923706055,9.206981473537676,600772,0.0,0.0,0.0,True
2012-08-13,12.175000190734863,12.175000190734863,12.07800006866455,12.104999542236328,9.17854796271476,1449777,0.0,0.0,0.0,True
2012-08-14,12.100000381469727,12.140000343322754,12.055000305175781,12.072500228881836,9.153904353546706,115761,0.0,0.0,0.0,True
2012-08-15,12.029999732971191,12.053999900817871,11.975000381469727,12.0,9.098933743003796,129970,0.0,0.0,0.0,True
2012-08-16,11.975000381469727,12.01200008392334,11.960000038146973,11.977499961853027,9.081873831213445,157602,0.0,0.0,0.0,True
2012-08-17,11.975000381469727,12.020000457763672,11.965999603271484,12.010000228881836,9.106514519830517,371428,0.0,0.0,0.0,True
2012-08-20,11.975000381469727,12.036999702453613,11.949000358581543,12.017499923706055,9.112200832588302,206593,0.0,0.0,0.0,True
2012-08-21,11.984999656677246,12.010000228881836,11.9350004196167,11.944999694824219,9.057228275011406,408751,0.0,0.0,0.0,True
2012-08-22,12.015000343322754,12.020000457763672,11.954999923706055,12.005000114440918,9.102724618175653,333258,0.0,0.0,0.0,True
2012-08-23,12.03499984741211,12.067000389099121,12.020000457763672,12.055000305175781,9.140636290445206,695942,0.0,0.0,0.0,True
2012-08-24,12.069999694824219,12.114999771118164,12.062999725341797,12.087499618530273,9.165279899613259,69376,0.0,0.0,0.0,True
2012-08-28,12.154999732971191,12.154999732971191,12.108699798583984,12.137499809265137,9.203193518916798,1108466,0.0,0.0,0.0,True
2012-08-29,12.170000076293945,12.170000076293945,12.109649658203125,12.1225004196167,9.191818946367238,273457,0.0,0.0,0.0,True
2012-08-30,12.140000343322754,12.1850004196167,12.111000061035156,12.175000190734863,9.231625082705728,117839,0.0,0.0,0.0,True
2012-08-31,12.1899995803833,12.194999694824219,12.104999542236328,12.140000343322754,9.205088956502726,529020,0.0,0.0,0.0,True
2012-09-03,12.149999618530273,12.184000015258789,12.114999771118164,12.125,9.193714383953168,267397,0.0,0.0,0.0,True
2012-09-04,12.100000381469727,12.15999984741211,12.071000099182129,12.142499923706055,9.206981473537676,2310194,0.0,0.0,0.0,True
2012-09-05,12.164999961853027,12.178999900817871,12.104999542236328,12.130000114440918,9.197504285608032,2612804,0.0,0.0,0.0,True
2012-09-06,12.079999923706055,12.121000289916992,12.039999961853027,12.052499771118164,9.13874182637627,137072,0.0,0.0,0.0,True
2012-09-07,11.979999542236328,12.079999923706055,11.944999694824219,12.069999694824219,9.152007942443785,281240,0.0,0.0,0.0,True
2012-09-10,12.0600004196167,12.0649995803833,11.989999771118164,12.012499809265137,9.108411904450431,214667,0.0,0.0,0.0,True
2012-09-11,11.989999771118164,12.020000457763672,11.982000350952148,11.992500305175781,9.093245483212023,169432,0.0,0.0,0.0,True
2012-09-12,11.979999542236328,11.984000205993652,11.906999588012695,11.930000305175781,9.045853702461846,261290,0.0,0.0,0.0,True
2012-09-13,11.9350004196167,11.984999656677246,11.916000366210938,11.96500015258789,9.072394696249814,315099,0.0,0.0,0.0,True
2012-09-14,11.9350004196167,11.944999694824219,11.814000129699707,11.829999923706055,8.970032304956728,461390,0.0,0.0,0.0,True
2012-09-17,11.805000305175781,11.885000228881836,11.805000305175781,11.875,9.004154075571416,199056,0.0,0.0,0.0,True
2012-09-18,11.90999984741211,11.920000076293945,11.869000434875488,11.90999984741211,9.030689228257424,1761573,0.0,0.0,0.0,True
2012-09-19,11.904999732971191,11.984999656677246,11.880999565124512,11.944999694824219,9.057228275011406,139439,0.0,0.0,0.0,True
2012-09-20,11.930000305175781,12.0,11.930000305175781,11.984999656677246,9.08756014397123,193775,0.0,0.0,0.0,True
2012-09-21,11.930000305175781,11.970000267028809,11.91100025177002,11.942500114440918,9.05533381094247,173888,0.0,0.0,0.0,True
2012-09-24,11.975000381469727,11.982999801635742,11.930000305175781,11.960000038146973,9.068603821077957,1730077,0.0,0.0,0.0,True
2012-09-25,11.970000267028809,12.015000343322754,11.956000328063965,11.96500015258789,9.072394696249814,476670,0.0,0.0,0.0,True
2012-09-26,12.020000457763672,12.102999687194824,12.006999969482422,12.074999809265137,9.155801738166621,249017,0.0,0.0,0.0,True
2012-09-27,12.0649995803833,12.088000297546387,12.03499984741211,12.050000190734863,9.136843468239363,132317,0.0,0.0,0.0,True
2012-09-28,12.079999923706055,12.083000183105469,12.015999794006348,12.055000305175781,9.140636290445206,888739,0.0,0.0,0.0,True
2012-10-01,12.050000190734863,12.08899974822998,11.991000175476074,12.022500038146973,9.11599170776016,269005,0.0,0.0,0.0,True
2012-10-02,12.069999694824219,12.069999694824219,11.989999771118164,12.039999961853027,9.129263664929633,913516,0.0,0.0,0.0,True
2012-10-03,12.069999694824219,12.083999633789062,12.050000190734863,12.072500228881836,9.153904353546706,179109,0.0,0.0,0.0,True
2012-10-04,12.0649995803833,12.104999542236328,12.02400016784668,12.0600004196167,9.144428139134057,8503237,0.0,0.0,0.0,True
2012-10-05,12.03499984741211,12.050000190734863,11.970000267028809,11.977499961853027,9.081873831213445,204669,0.0,0.0,0.0,True
2012-10-08,12.029999732971191,12.029999732971191,11.998000144958496,12.020000457763672,9.114099190725211,147626,0.0,0.0,0.0,True
2012-10-09,11.994999885559082,12.03499984741211,11.989999771118164,12.032500267028809,9.123577352171848,480822,0.0,0.0,0.0,True
2012-10-10,12.0,12.048999786376953,11.979999542236328,11.992500305175781,9.093245483212023,761797,0.0,0.0,0.0,True
2012-10-11,12.020000457763672,12.021100044250488,11.963000297546387,11.982500076293945,9.085665679902295,115600,0.0,0.0,0.0,True
2012-10-12,12.024999618530273,12.050000190734863,11.980999946594238,12.050000190734863,9.136843468239363,115481,0.0,0.0,0.0,True
2012-10-15,12.03499984741211,12.045000076293945,12.005000114440918,12.012499809265137,9.108411904450431,147971,0.0,0.0,0.0,True
2012-10-16,11.989999771118164,12.015000343322754,11.946999549865723,11.944999694824219,9.057228275011406,1239683,0.0,0.0,0.0,True
2012-10-17,11.90999984741211,11.934000015258789,11.854999542236328,11.859999656677246,8.992779503021858,206936,0.0,0.0,0.0,True
2012-10-18,11.859999656677246,11.90999984741211,11.843000411987305,11.882499694824219,9.009838441295216,138162,0.0,0.0,0.0,True
2012-10-19,11.875,11.909000396728516,11.859999656677246,11.887499809265137,9.013629316467073,301057,0.0,0.0,0.0,True
2012-10-22,11.869999885559082,11.895000457763672,11.847999572753906,11.875,9.004154075571416,183792,0.0,0.0,0.0,True
2012-10-23,11.880000114440918,11.960000038146973,11.868000030517578,11.949999809265137,9.061020123700256,613549,0.0,0.0,0.0,True
2012-10-24,11.78499984741211,11.845000267028809,11.78499984741211,11.802499771118164,8.949177623926547,475017,0.0,0.0,0.0,True
2012-10-25,11.770000457763672,11.786100387573242,11.732999801635742,11.77750015258789,8.930223248067259,260964,0.0,0.0,0.0,True
2012-10-26,11.795000076293945,11.829999923706055,11.779999732971191,11.8100004196167,8.954867830752304,518284,0.0,0.0,0.0,True
2012-10-29,11.84000015258789,11.883000373840332,11.84000015258789,11.880000114440918,9.007944950743275,227026,0.0,0.0,0.0,True
2012-10-30,11.864999771118164,11.88401985168457,11.84000015258789,11.859999656677246,8.992779503021858,233132,0.0,0.0,0.0,True
2012-10-31,11.84000015258789,11.869000434875488,11.819000244140625,11.845000267028809,8.9814049304723,168112,0.0,0.0,0.0,True
2012-11-01,11.8149995803833,11.843999862670898,11.795999526977539,11.800000190734863,8.947284133374604,189313,0.0,0.0,0.0,True
2012-11-02,11.824999809265137,11.84000015258789,11.770000457763672,11.8149995803833,8.958657732407168,200801,0.0,0.0,0.0,True
2012-11-05,11.84000015258789,11.875,11.824000358581543,11.869999885559082,9.000362226882565,989031,0.0,0.0,0.0,True
2012-11-06,11.845000267028809,11.883999824523926,11.831000328063965,11.850000381469727,8.985195805644157,382528,0.0,0.0,0.0,True
2012-11-07,11.859999656677246,11.914999961853027,11.840999603271484,11.899999618530273,9.023109424947696,572583,0.0,0.0,0.0,True
2012-11-08,11.920000076293945,11.937000274658203,11.87600040435791,11.90250015258789,9.025001941982644,231208,0.0,0.0,0.0,True
2012-11-09,11.920000076293945,11.979999542236328,11.914999961853027,11.930000305175781,9.045853702461846,252515,0.0,0.0,0.0,True
2012-11-12,11.960000038146973,11.970000267028809,11.90999984741211,11.930000305175781,9.045853702461846,139472,0.0,0.0,0.0,True
2012-11-13,11.9399995803833,11.958999633789062,11.899999618530273,11.927499771118164,9.043961185426898,630357,0.0,0.0,0.0,True
2012-11-14,11.899999618530273,11.944000244140625,11.855999946594238,11.895000457763672,9.019313682190873,96118,0.0,0.0,0.0,True
2012-11-15,11.904999732971191,11.923999786376953,11.880000114440918,11.912500381469727,9.032587586394333,125431,0.0,0.0,0.0,True
2012-11-16,11.904999732971191,11.9399995803833,11.901000022888184,11.947500228881836,9.05912565963132,79068,0.0,0.0,0.0,True
2012-11-19,11.920000076293945,11.928999900817871,11.880999565124512,11.899999618530273,9.023109424947696,136035,0.0,0.0,0.0,True
2012-11-20,11.880000114440918,11.899999618530273,11.8100004196167,11.822500228881836,8.964345018681948,278340,0.0,0.0,0.0,True
2012-11-21,11.8100004196167,11.843999862670898,11.802000045776367,11.817500114440918,8.960551222959111,302339,0.0,0.0,0.0,True
2012-11-22,11.795000076293945,11.848999977111816,11.791000366210938,11.84000015258789,8.977615028817436,254404,0.0,0.0,0.0,True
2012-11-23,11.800000190734863,11.875,11.800000190734863,11.854999542236328,8.98898862785,247005,0.0,0.0,0.0,True
2012-11-26,11.854999542236328,11.885000228881836,11.840999603271484,11.859999656677246,8.992779503021858,291072,0.0,0.0,0.0,True
2012-11-27,11.859999656677246,11.859999656677246,11.803000450134277,11.837499618530273,8.975719591231506,294811,0.0,0.0,0.0,True
2012-11-28,11.829999923706055,11.944999694824219,11.829999923706055,11.920000076293945,9.038274872669112,409076,0.0,0.0,0.0,True
2012-11-29,11.904999732971191,11.9350004196167,11.890000343322754,11.925000190734863,9.042065747840969,279477,0.0,0.0,0.0,True
2012-11-30,11.890000343322754,11.960000038146973,11.890000343322754,11.922499656677246,9.040171283772034,251856,0.0,0.0,0.0,True
2012-12-03,11.914999961853027,11.947999954223633,11.869999885559082,11.880000114440918,9.007944950743275,635371,0.0,0.0,0.0,True
2012-12-04,11.869999885559082,11.89900016784668,11.847000122070312,11.885000228881836,9.011734852398138,544112,0.0,0.0,0.0,True
2012-12-05,11.859999656677246,11.88599967956543,11.805000305175781,11.854999542236328,8.98898862785,624985,0.0,0.0,0.0,True
2012-12-06,11.859999656677246,11.904999732971191,11.803000450134277,11.892499923706055,9.01742019163893,301385,0.0,0.0,0.0,True
2012-12-07,11.859999656677246,11.928999900817871,11.845000267028809,11.882499694824219,9.009838441295216,426811,0.0,0.0,0.0,True
2012-12-10,11.949999809265137,11.949999809265137,11.847000122070312,11.857500076293945,8.99088406543593,203876,0.0,0.0,0.0,True
2012-12-11,11.869999885559082,11.875,11.795000076293945,11.829999923706055,8.970032304956728,384232,0.0,0.0,0.0,True
2012-12-12,11.805000305175781,11.850000381469727,11.795999526977539,11.832500457763672,8.971926769025663,519767,0.0,0.0,0.0,True
2012-12-13,11.854999542236328,11.87399959564209,11.800000190734863,11.8149995803833,8.958657732407168,343701,0.0,0.0,0.0,True
2012-12-14,11.78499984741211,11.8149995803833,11.776000022888184,11.805000305175781,8.95107500854646,264393,0.0,0.0,0.0,True
2012-12-17,11.78499984741211,11.807999610900879,11.765999794006348,11.792499542236328,8.941598794133812,200251,0.0,0.0,0.0,True
2012-12-18,11.779999732971191,11.782999992370605,11.729999542236328,11.734999656677246,8.897998862072486,222220,0.0,0.0,0.0,True
2012-12-19,11.71500015258789,11.744000434875488,11.696000099182129,11.72249984741211,8.888521674142842,587113,0.0,0.0,0.0,True
2012-12-20,11.720000267028809,11.762999534606934,11.711999893188477,11.737500190734863,8.89989332614142,308589,0.0,0.0,0.0,True
2012-12-21,11.654999732971191,11.79800033569336,11.654999732971191,11.78499984741211,8.935910534342039,455664,0.0,0.0,0.0,True
2012-12-24,11.770000457763672,11.824000358581543,11.770000457763672,11.792499542236328,8.941598794133812,156400,0.0,0.0,0.0,True
2012-12-27,11.774999618530273,11.881999969482422,11.770999908447266,11.869999885559082,9.000362226882565,273597,0.0,0.0,0.0,True
2012-12-28,11.899999618530273,11.907999992370605,11.85200023651123,11.857500076293945,8.99088406543593,392540,0.0,0.0,0.0,True
2012-12-31,11.829999923706055,11.892999649047852,11.829999923706055,11.867500305175781,8.998464842262651,91715,0.0,0.0,0.0,True
2013-01-02,11.734999656677246,11.800999641418457,11.694999694824219,11.694999694824219,8.867668940146647,350828,0.0,0.0,0.0,True
2013-01-03,11.699999809265137,11.710000038146973,11.619999885559082,11.635000228881836,8.8221725969824,389081,0.0,0.0,0.0,True
2013-01-04,11.585000038146973,11.699000358581543,11.576789855957031,11.595000267028809,8.791843648573554,471638,0.0,0.0,0.0,True
2013-01-07,11.600000381469727,11.647000312805176,11.600000381469727,11.637499809265137,8.824069981602316,859236,0.0,0.0,0.0,True
2013-01-08,11.65999984741211,11.71500015258789,11.637999534606934,11.710000038146973,8.879041565662218,935457,0.0,0.0,0.0,True
2013-01-09,11.6850004196167,11.737000465393066,11.6850004196167,11.712499618530273,8.880937976765141,567626,0.0,0.0,0.0,True
2013-01-10,11.710000038146973,11.73900032043457,11.625,11.647500038146973,8.83165173194603,3467535,0.0,0.0,0.0,True
2013-01-11,11.640000343322754,11.6850004196167,11.619999885559082,11.649999618530273,8.83354814304895,640672,0.0,0.0,0.0,True
2013-01-14,11.640000343322754,11.710000038146973,11.640000343322754,11.697500228881836,8.869564377732576,421303,0.0,0.0,0.0,True
2013-01-15,11.699999809265137,11.734000205993652,11.675000190734863,11.694999694824219,8.867668940146647,2512519,0.0,0.0,0.0,True
2013-01-16,11.704999923706055,11.741999626159668,11.692000389099121,11.720000267028809,8.886623316005934,430481,0.0,0.0,0.0,True
2013-01-17,11.699999809265137,11.720000267028809,11.654999732971191,11.677499771118164,8.854397956494166,279697,0.0,0.0,0.0,True
2013-01-18,11.6850004196167,11.699999809265137,11.64799976348877,11.699999809265137,8.871459815318504,106673,0.0,0.0,0.0,True
2013-01-21,11.699999809265137,11.711999893188477,11.649999618530273,11.65999984741211,8.841128919875674,640333,0.0,0.0,0.0,True
2013-01-22,11.640000343322754,11.696000099182129,11.640000343322754,11.675000190734863,8.852501545391245,731671,0.0,0.0,0.0,True
2013-01-23,11.694999694824219,11.729999542236328,11.65999984741211,11.720000267028809,8.886623316005934,631868,0.0,0.0,0.0,True
2013-01-24,11.694999694824219,11.762999534606934,11.6899995803833,11.694999694824219,8.867668940146647,492680,0.0,0.0,0.0,True
2013-01-25,11.734999656677246,11.734999656677246,11.635000228881836,11.657500267028809,8.839232508772751,255037,0.0,0.0,0.0,True
2013-01-28,11.649999618530273,11.65999984741211,11.604999542236328,11.619999885559082,8.810799971466828,291696,0.0,0.0,0.0,True
2013-01-29,11.65999984741211,11.664999961853027,11.621000289916992,11.637499809265137,8.824069981602316,302943,0.0,0.0,0.0,True
2013-01-30,11.625,11.63599967956543,11.597000122070312,11.612500190734863,8.805111711675055,754141,0.0,0.0,0.0,True
2013-01-31,11.640000343322754,11.680000305175781,11.619000434875488,11.632499694824219,8.820278132913465,581838,0.0,0.0,0.0,True
2013-02-01,11.625,11.673199653625488,11.61299991607666,11.654999732971191,8.837339991737803,308012,0.0,0.0,0.0,True
2013-02-04,11.619999885559082,11.670000076293945,11.579999923706055,11.640000343322754,8.82596444567125,254126,0.0,0.0,0.0,True
2013-02-05,11.649999618530273,11.708999633789062,11.607000350952148,11.635000228881836,8.8221725969824,2159710,0.0,0.0,0.0,True
2013-02-06,11.664999961853027,11.664999961853027,11.625,11.642499923706055,8.827860856774173,341603,0.0,0.0,0.0,True
2013-02-07,11.6850004196167,11.692000389099121,11.593999862670898,11.635000228881836,8.8221725969824,459948,0.0,0.0,0.0,True
2013-02-08,11.630000114440918,11.649999618530273,11.604999542236328,11.6274995803833,8.81648531070762,497251,0.0,0.0,0.0,True
2013-02-11,11.635000228881836,11.673999786376953,11.581999778747559,11.607500076293945,8.801321810020191,139148,0.0,0.0,0.0,True
2013-02-12,11.619999885559082,11.625,11.569999694824219,11.592499732971191,8.789947237470633,374639,0.0,0.0,0.0,True
2013-02-13,11.579999923706055,11.598999977111816,11.489999771118164,11.517499923706055,8.733081189341794,381268,0.0,0.0,0.0,True
2013-02-14,11.5,11.557999610900879,11.470000267028809,11.552499771118164,8.75961926257878,490361,0.0,0.0,0.0,True
2013-02-15,11.574999809265137,11.604000091552734,11.536999702453613,11.539999961853027,8.750139154098157,270141,0.0,0.0,0.0,True
2013-02-18,11.555000305175781,11.5649995803833,11.53499984741211,11.537500381469727,8.748244690029223,773019,0.0,0.0,0.0,True
2013-02-19,11.53499984741211,11.553999900817871,11.520000457763672,11.53499984741211,8.746349252443293,156993,0.0,0.0,0.0,True
2013-02-20,11.524999618530273,11.657999992370605,11.498000144958496,11.529999732971191,8.742560324305423,686394,0.0,0.0,0.0,True
2013-02-21,11.550000190734863,11.625,11.526000022888184,11.619999885559082,8.810799971466828,527759,0.0,0.0,0.0,True
2013-02-22,11.569999694824219,11.633999824523926,11.569999694824219,11.619999885559082,8.810799971466828,938293,0.0,0.0,0.0,True
2013-02-25,11.600000381469727,11.630000114440918,11.555000305175781,11.619999885559082,8.810799971466828,541982,0.0,0.0,0.0,True
2013-02-26,11.6850004196167,11.717000007629395,11.65999984741211,11.710000038146973,8.879041565662218,297935,0.0,0.0,0.0,True
2013-02-27,11.71500015258789,11.755000114440918,11.713000297546387,11.737500190734863,8.89989332614142,458429,0.0,0.0,0.0,True
2013-02-28,11.71500015258789,11.75,11.71500015258789,11.729999542236328,8.894207986900629,375797,0.0,0.0,0.0,True
2013-03-01,11.770000457763672,11.83899974822998,11.739999771118164,11.8149995803833,8.958657732407168,304909,0.0,0.0,0.0,True
2013-03-04,11.869999885559082,11.869999885559082,11.784000396728516,11.795000076293945,8.943493258202746,162093,0.0,0.0,0.0,True
2013-03-05,11.760000228881836,11.798999786376953,11.725000381469727,11.737500190734863,8.89989332614142,374227,0.0,0.0,0.0,True
2013-03-06,11.744999885559082,11.758999824523926,11.71500015258789,11.7475004196167,8.90747605000213,333554,0.0,0.0,0.0,True
2013-03-07,11.755000114440918,11.774999618530273,11.65999984741211,11.6850004196167,8.860087189802933,332373,0.0,0.0,0.0,True
2013-03-08,11.704999923706055,11.71500015258789,11.642999649047852,11.657500267028809,8.839232508772751,363006,0.0,0.0,0.0,True
2013-03-11,11.694999694824219,11.710000038146973,11.670999526977539,11.694999694824219,8.867668940146647,88068,0.0,0.0,0.0,True
2013-03-12,11.720000267028809,11.774999618530273,11.699999809265137,11.732500076293945,8.896100503935576,240361,0.0,0.0,0.0,True
2013-03-13,11.734999656677246,11.760000228881836,11.722000122070312,11.727499961853027,8.892311575797706,157220,0.0,0.0,0.0,True
2013-03-14,11.720000267028809,11.734999656677246,11.699999809265137,11.720000267028809,8.886623316005934,769195,0.0,0.0,0.0,True
2013-03-15,11.729999542236328,11.765999794006348,11.697999954223633,11.757499694824219,8.91505974737983,191245,0.0,0.0,0.0,True
2013-03-18,11.800000190734863,11.82699966430664,11.782999992370605,11.807499885559082,8.952969472615397,315538,0.0,0.0,0.0,True
2013-03-19,11.819999694824219,11.87600040435791,11.800000190734863,11.867500305175781,8.998464842262651,293014,0.0,0.0,0.0,True
2013-03-20,11.880000114440918,11.885000228881836,11.800000190734863,11.84749984741211,8.98330134157522,344366,0.0,0.0,0.0,True
2013-03-21,11.84000015258789,11.869999885559082,11.8100004196167,11.852499961853027,8.98709221674708,587309,0.0,0.0,0.0,True
2013-03-22,11.880000114440918,11.885000228881836,11.852999687194824,11.869999885559082,9.000362226882565,304161,0.0,0.0,0.0,True
2013-03-25,11.84000015258789,11.914999961853027,11.831000328063965,11.904999732971191,9.026898353085567,201942,0.0,0.0,0.0,True
2013-03-26,11.890000343322754,11.931400299072266,11.869999885559082,11.925000190734863,9.042065747840969,171676,0.0,0.0,0.0,True
2013-03-27,11.960000038146973,11.984999656677246,11.9350004196167,11.979999542236328,9.083767321765386,796484,0.0,0.0,0.0,True
2013-03-28,11.975000381469727,11.991399765014648,11.920000076293945,11.944999694824219,9.057228275011406,308196,0.0,0.0,0.0,True
2013-04-02,11.944999694824219,11.989999771118164,11.906000137329102,11.9399995803833,9.053438373356542,685373,0.0,0.0,0.0,True
2013-04-03,11.944999694824219,11.968199729919434,11.906000137329102,11.960000038146973,9.068603821077957,361136,0.0,0.0,0.0,True
2013-04-04,11.96500015258789,12.039999961853027,11.954999923706055,12.007499694824219,9.104622002795567,517642,0.0,0.0,0.0,True
2013-04-05,12.024999618530273,12.135000228881836,12.003000259399414,12.1274995803833,9.195609821539096,479122,0.0,0.0,0.0,True
2013-04-08,12.149999618530273,12.149999618530273,12.067999839782715,12.072500228881836,9.153904353546706,408809,0.0,0.0,0.0,True
2013-04-09,12.039999961853027,12.083999633789062,12.006999969482422,12.024999618530273,9.117889092380075,717855,0.0,0.0,0.0,True
2013-04-10,12.0,12.031999588012695,11.96500015258789,11.97249984741211,9.078080035490608,656572,0.0,0.0,0.0,True
2013-04-11,11.970000267028809,12.001999855041504,11.944999694824219,11.97249984741211,9.078080035490608,213328,0.0,0.0,0.0,True
2013-04-12,12.005000114440918,12.027299880981445,11.984000205993652,11.994999885559082,9.095145788382919,280387,0.0,0.0,0.0,True
2013-04-15,12.03499984741211,12.03499984741211,11.96500015258789,12.005000114440918,9.102724618175653,253370,0.0,0.0,0.0,True
2013-04-16,11.989999771118164,12.038999557495117,11.989999771118164,12.005000114440918,9.102724618175653,878777,0.0,0.0,0.0,True
2013-04-17,11.994999885559082,12.050000190734863,11.972999572753906,12.039999961853027,9.129263664929633,597196,0.0,0.0,0.0,True
2013-04-18,12.03499984741211,12.069999694824219,12.012999534606934,12.055000305175781,9.140636290445206,325749,0.0,0.0,0.0,True
2013-04-19,12.050000190734863,12.072999954223633,12.02400016784668,12.055000305175781,9.140636290445206,698575,0.0,0.0,0.0,True
2013-04-22,12.024999618530273,12.086400032043457,12.015000343322754,12.074999809265137,9.155801738166621,417248,0.0,0.0,0.0,True
2013-04-23,12.055000305175781,12.111000061035156,12.012999534606934,12.032500267028809,9.123577352171848,297748,0.0,0.0,0.0,True
2013-04-24,11.925000190734863,11.930000305175781,11.86400032043457,11.925000190734863,9.132306879050647,223580,0.1189,0.0,0.0,True
2013-04-25,11.925000190734863,11.9399995803833,11.875,11.895000457763672,9.1093299309751,345923,0.0,0.0,0.0,True
2013-04-26,11.895000457763672,11.951000213623047,11.864999771118164,11.9375,9.141878498128639,136207,0.0,0.0,0.0,True
2013-04-29,11.914999961853027,11.975000381469727,11.913999557495117,11.962499618530273,9.161024656835604,225421,0.0,0.0,0.0,True
2013-04-30,11.970000267028809,11.984999656677246,11.927000045776367,11.942500114440918,9.14570928749722,233955,0.0,0.0,0.0,True
2013-05-01,11.954999923706055,11.994999885559082,11.918999671936035,11.979999542236328,9.174425118248191,725451,0.0,0.0,0.0,True
2013-05-02,11.9350004196167,12.03499984741211,11.9350004196167,12.02750015258789,9.210799607185344,489927,0.0,0.0,0.0,True
2013-05-03,11.989999771118164,12.017000198364258,11.897000312805176,11.907500267028809,9.118904470604074,213325,0.0,0.0,0.0,True
2013-05-07,11.899999618530273,11.920000076293945,11.831999778747559,11.850000381469727,9.074869376446749,3756144,0.0,0.0,0.0,True
2013-05-08,11.875,11.881999969482422,11.836999893188477,11.867500305175781,9.08827081137633,1178950,0.0,0.0,0.0,True
2013-05-09,11.854999542236328,11.869999885559082,11.817999839782715,11.835000038146973,9.063382849442963,564455,0.0,0.0,0.0,True
2013-05-10,11.75,11.805999755859375,11.739999771118164,11.7475004196167,8.996374701278064,316460,0.0,0.0,0.0,True
2013-05-13,11.744999885559082,11.765000343322754,11.722700119018555,11.7524995803833,9.00020354361266,275192,0.0,0.0,0.0,True
2013-05-14,11.739999771118164,11.760000228881836,11.718999862670898,11.737500190734863,8.988715069574887,87928,0.0,0.0,0.0,True
2013-05-15,11.734999656677246,11.753000259399414,11.70199966430664,11.71500015258789,8.971484792310711,296217,0.0,0.0,0.0,True
2013-05-16,11.720000267028809,11.781999588012695,11.706999778747559,11.762499809265137,9.007860254764857,435517,0.0,0.0,0.0,True
2013-05-17,11.760000228881836,11.78499984741211,11.732000350952148,11.734999656677246,8.986800161649093,447542,0.0,0.0,0.0,True
2013-05-20,11.699999809265137,11.744999885559082,11.692999839782715,11.699999809265137,8.959998265306924,575756,0.0,0.0,0.0,True
2013-05-21,11.6899995803833,11.755000114440918,11.680000305175781,11.702500343322754,8.961914146749711,155509,0.0,0.0,0.0,True
2013-05-22,11.704999923706055,11.78499984741211,11.699000358581543,11.737500190734863,8.988715069574887,503743,0.0,0.0,0.0,True
2013-05-23,11.720000267028809,11.789999961853027,11.71049976348877,11.72249984741211,8.977228542571101,193206,0.0,0.0,0.0,True
2013-05-24,11.734999656677246,11.770999908447266,11.699999809265137,11.760000228881836,9.005946320356056,584241,0.0,0.0,0.0,True
2013-05-28,11.71500015258789,11.744999885559082,11.675999641418457,11.694999694824219,8.956169422972328,169278,0.0,0.0,0.0,True
2013-05-29,11.680000305175781,11.680000305175781,11.621000289916992,11.65250015258789,8.923622802852778,1993920,0.0,0.0,0.0,True
2013-05-30,11.65999984741211,11.710000038146973,11.649999618530273,11.694999694824219,8.956169422972328,385278,0.0,0.0,0.0,True
2013-05-31,11.71500015258789,11.73900032043457,11.621999740600586,11.654999732971191,8.925538684295566,1978260,0.0,0.0,0.0,True
2013-06-03,11.6850004196167,11.6850004196167,11.600000381469727,11.619999885559082,8.898733867402417,1590536,0.0,0.0,0.0,True
2013-06-04,11.619999885559082,11.654999732971191,11.60200023651123,11.609999656677246,8.891076182733226,920818,0.0,0.0,0.0,True
2013-06-05,11.619999885559082,11.649999618530273,11.60200023651123,11.640000343322754,8.914048263223805,514628,0.0,0.0,0.0,True
2013-06-06,11.65999984741211,11.663350105285645,11.60200023651123,11.640000343322754,8.914048263223805,2170715,0.0,0.0,0.0,True
2013-06-07,11.670000076293945,11.70300006866455,11.604999542236328,11.609999656677246,8.891076182733226,140349,0.0,0.0,0.0,True
2013-06-10,11.619999885559082,11.630000114440918,11.545000076293945,11.557499885559082,8.85087090442749,106458,0.0,0.0,0.0,True
2013-06-11,11.550000190734863,11.550999641418457,11.489999771118164,11.539999961853027,8.837467522463923,1370875,0.0,0.0,0.0,True
2013-06-12,11.545000076293945,11.593000411987305,11.517000198364258,11.5649995803833,8.856613681170886,863334,0.0,0.0,0.0,True
2013-06-13,11.5649995803833,11.602999687194824,11.541999816894531,11.569999694824219,8.860445444056461,952388,0.0,0.0,0.0,True
2013-06-14,11.614999771118164,11.628000259399414,11.576000213623047,11.604999542236328,8.88724734039863,578915,0.0,0.0,0.0,True
2013-06-17,11.600000381469727,11.614999771118164,11.574999809265137,11.587499618530273,8.873843958435064,77026,0.0,0.0,0.0,True
2013-06-18,11.550000190734863,11.572999954223633,11.53499984741211,11.5600004196167,8.85278483883629,203514,0.0,0.0,0.0,True
2013-06-19,11.710000038146973,11.710000038146973,11.553000450134277,11.574999809265137,8.86427233935707,419195,0.0,0.0,0.0,True
2013-06-20,11.46500015258789,11.51200008392334,11.4350004196167,11.457500457763672,8.774288216633622,1724356,0.0,0.0,0.0,True
2013-06-21,11.425000190734863,11.456999778747559,11.366999626159668,11.380000114440918,8.714938726654907,507147,0.0,0.0,0.0,True
2013-06-24,11.34000015258789,11.348349571228027,11.239999771118164,11.3100004196167,8.661330066385604,1841315,0.0,0.0,0.0,True
2013-06-25,11.335000038146973,11.357000350952148,11.27299976348877,11.319999694824219,8.668991645122768,2218482,0.0,0.0,0.0,True
2013-06-26,11.3100004196167,11.378999710083008,11.309000015258789,11.375,8.711108910803318,863212,0.0,0.0,0.0,True
2013-06-27,11.390000343322754,11.434000015258789,11.355999946594238,11.390000343322754,8.722598358358086,159256,0.0,0.0,0.0,True
2013-06-28,11.390000343322754,11.432999610900879,11.343000411987305,11.390000343322754,8.722598358358086,1023507,0.0,0.0,0.0,True
2013-07-01,11.350000381469727,11.413949966430664,11.331649780273438,11.40250015258789,8.732168030402091,765284,0.0,0.0,0.0,True
2013-07-02,11.420000076293945,11.4350004196167,11.37660026550293,11.4350004196167,8.757057939369444,433218,0.0,0.0,0.0,True
2013-07-03,11.489999771118164,11.489999771118164,11.397199630737305,11.399999618530273,8.730255069510283,293482,0.0,0.0,0.0,True
2013-07-04,11.404999732971191,11.458000183105469,11.37720012664795,11.414999961853027,8.74174159651407,779568,0.0,0.0,0.0,True
2013-07-05,11.420000076293945,11.420149803161621,11.322750091552734,11.350000381469727,8.691964699130342,1077786,0.0,0.0,0.0,True
2013-07-08,11.350000381469727,11.367250442504883,11.326000213623047,11.337499618530273,8.68239308005235,221083,0.0,0.0,0.0,True
2013-07-09,11.319999694824219,11.385000228881836,11.317749977111816,11.385000228881836,8.71876951602349,146117,0.0,0.0,0.0,True
2013-07-10,11.390000343322754,11.43280029296875,11.360039710998535,11.404999732971191,8.734083911844879,387237,0.0,0.0,0.0,True
2013-07-11,11.4399995803833,11.452249526977539,11.405799865722656,11.430000305175781,8.753229097034849,266509,0.0,0.0,0.0,True
2013-07-12,11.475000381469727,11.524999618530273,11.447199821472168,11.475000381469727,8.787692572114182,270396,0.0,0.0,0.0,True
2013-07-15,11.460000038146973,11.494999885559082,11.452199935913086,11.462499618530273,8.778119006002203,73444,0.0,0.0,0.0,True
2013-07-16,11.46500015258789,11.520000457763672,11.447099685668945,11.512499809265137,8.816410349899138,74615,0.0,0.0,0.0,True
2013-07-17,11.505000114440918,11.518349647521973,11.446649551391602,11.4975004196167,8.804919928827378,113853,0.0,0.0,0.0,True
2013-07-18,11.515000343322754,11.574999809265137,11.487099647521973,11.520000457763672,8.822152153125542,296250,0.0,0.0,0.0,True
2013-07-19,11.539999961853027,11.539999961853027,11.46500015258789,11.484999656677246,8.795350256783372,426554,0.0,0.0,0.0,True
2013-07-22,11.479999542236328,11.550000190734863,11.461649894714355,11.520000457763672,8.822152153125542,584016,0.0,0.0,0.0,True
2013-07-23,11.545000076293945,11.545000076293945,11.441650390625,11.46500015258789,8.780031966894011,131309,0.0,0.0,0.0,True
2013-07-24,11.425000190734863,11.442899703979492,11.359999656677246,11.399999618530273,8.730255069510283,229961,0.0,0.0,0.0,True
2013-07-25,11.404999732971191,11.437000274658203,11.376799583435059,11.420000076293945,8.745570438848665,114571,0.0,0.0,0.0,True
2013-07-26,11.454999923706055,11.470000267028809,11.420319557189941,11.46500015258789,8.780031966894011,880647,0.0,0.0,0.0,True
2013-07-29,11.470000267028809,11.487750053405762,11.444999694824219,11.460000038146973,8.776202151042423,299634,0.0,0.0,0.0,True
2013-07-30,11.505000114440918,11.505000114440918,11.460000038146973,11.477499961853027,8.789606506522983,409430,0.0,0.0,0.0,True
2013-07-31,11.444999694824219,11.491800308227539,11.425000190734863,11.457500457763672,8.774288216633622,9287163,0.0,0.0,0.0,True
2013-08-01,11.494999885559082,11.524999618530273,11.427399635314941,11.4375,8.758974794329225,1631395,0.0,0.0,0.0,True
2013-08-02,11.404999732971191,11.451000213623047,11.372400283813477,11.430000305175781,8.753229097034849,391269,0.0,0.0,0.0,True
2013-08-05,11.460000038146973,11.46500015258789,11.387999534606934,11.397500038146973,8.72833724103351,231937,0.0,0.0,0.0,True
2013-08-06,11.404999732971191,11.414999961853027,11.354999542236328,11.404999732971191,8.734083911844879,728220,0.0,0.0,0.0,True
2013-08-07,11.414999961853027,11.4350004196167,11.338000297546387,11.392499923706055,8.724512292766887,93097,0.0,0.0,0.0,True
2013-08-08,11.420000076293945,11.427749633789062,11.364999771118164,11.385000228881836,8.71876951602349,556774,0.0,0.0,0.0,True
2013-08-09,11.364999771118164,11.399999618530273,11.355999946594238,11.399999618530273,8.730255069510283,412106,0.0,0.0,0.0,True
2013-08-12,11.375,11.412750244140625,11.357399940490723,11.395000457763672,8.726425253658695,138780,0.0,0.0,0.0,True
2013-08-13,11.364999771118164,11.37874984741211,11.276000022888184,11.300000190734863,8.653672381716413,97101,0.0,0.0,0.0,True
2013-08-14,11.3100004196167,11.312749862670898,11.244999885559082,11.272500038146973,8.632615209151629,212688,0.0,0.0,0.0,True
2013-08-15,11.25,11.277000427246094,11.199999809265137,11.220000267028809,8.592409930845893,480081,0.0,0.0,0.0,True
2013-08-16,11.244999885559082,11.26333999633789,11.225000381469727,11.239999771118164,8.607723353150288,447328,0.0,0.0,0.0,True
2013-08-19,11.210000038146973,11.255000114440918,11.204999923706055,11.204999923706055,8.58092145680812,207535,0.0,0.0,0.0,True
2013-08-20,11.244999885559082,11.28499984741211,11.225000381469727,11.279999732971191,8.638357012378032,211897,0.0,0.0,0.0,True
2013-08-21,11.260000228881836,11.274999618530273,11.226799964904785,11.25,8.615382984853465,227236,0.0,0.0,0.0,True
2013-08-22,11.229999542236328,11.279999732971191,11.217399597167969,11.265000343322754,8.626869511857253,116443,0.0,0.0,0.0,True
2013-08-23,11.270000457763672,11.305000305175781,11.242400169372559,11.295000076293945,8.649844512898811,275932,0.0,0.0,0.0,True
2013-08-27,11.145000457763672,11.399999618530273,11.145000457763672,11.357500076293945,8.697707475873738,123347,0.0,0.0,0.0,True
2013-08-28,11.395000457763672,11.395000457763672,11.312399864196777,11.34000015258789,8.684307014461151,160750,0.0,0.0,0.0,True
2013-08-29,11.345000267028809,11.366999626159668,11.3149995803833,11.34749984741211,8.690049791204547,328692,0.0,0.0,0.0,True
2013-08-30,11.354999542236328,11.380999565124512,11.335000038146973,11.345000267028809,8.688137803829733,1982206,0.0,0.0,0.0,True
2013-09-02,11.28499984741211,11.324999809265137,11.266799926757812,11.3100004196167,8.661330066385604,79768,0.0,0.0,0.0,True
2013-09-03,11.300000190734863,11.324999809265137,11.256799697875977,11.272500038146973,8.632615209151629,125579,0.0,0.0,0.0,True
2013-09-04,11.279999732971191,11.305000305175781,11.260000228881836,11.265000343322754,8.626869511857253,181339,0.0,0.0,0.0,True
2013-09-05,11.239999771118164,11.260499954223633,11.161800384521484,11.180000305175781,8.561777245135142,1707554,0.0,0.0,0.0,True
2013-09-06,11.1850004196167,11.255000114440918,11.176799774169922,11.25,8.615382984853465,161609,0.0,0.0,0.0,True
2013-09-09,11.229999542236328,11.26200008392334,11.220399856567383,11.234999656677246,8.603897431366672,571891,0.0,0.0,0.0,True
2013-09-10,11.1850004196167,11.192749977111816,11.152400016784668,11.170000076293945,8.554117613431965,419160,0.0,0.0,0.0,True
2013-09-11,11.1899995803833,11.194999694824219,11.152000427246094,11.1899995803833,8.569432982770346,669023,0.0,0.0,0.0,True
2013-09-12,11.210000038146973,11.239999771118164,11.180000305175781,11.22249984741211,8.59432581228868,376541,0.0,0.0,0.0,True
2013-09-13,11.220000267028809,11.274999618530273,11.165249824523926,11.265000343322754,8.626869511857253,467851,0.0,0.0,0.0,True
2013-09-16,11.279999732971191,11.302749633789062,11.25387954711914,11.28499984741211,8.642185854712627,559843,0.0,0.0,0.0,True
2013-09-17,11.260000228881836,11.279000282287598,11.222999572753906,11.232500076293945,8.601980576406891,255683,0.0,0.0,0.0,True
2013-09-18,11.234999656677246,11.247750282287598,11.164999961853027,11.204999923706055,8.58092145680812,391266,0.0,0.0,0.0,True
2013-09-19,11.28499984741211,11.33174991607666,11.243749618530273,11.270000457763672,8.630699327708841,835514,0.0,0.0,0.0,True
2013-09-20,11.300000190734863,11.300000190734863,11.207249641418457,11.234999656677246,8.603897431366672,449913,0.0,0.0,0.0,True
2013-09-23,11.234999656677246,11.274999618530273,11.204999923706055,11.270000457763672,8.630699327708841,319543,0.0,0.0,0.0,True
2013-09-24,11.279999732971191,11.335000038146973,11.259650230407715,11.329999923706055,8.676648356274967,262044,0.0,0.0,0.0,True
2013-09-25,11.329999923706055,11.369999885559082,11.329999923706055,11.369999885559082,8.707280068468723,221104,0.0,0.0,0.0,True
2013-09-26,11.369999885559082,11.404999732971191,11.348589897155762,11.380000114440918,8.714938726654907,147456,0.0,0.0,0.0,True
2013-09-27,11.354999542236328,11.420000076293945,11.354999542236328,11.414999961853027,8.74174159651407,444801,0.0,0.0,0.0,True
2013-09-30,11.4399995803833,11.446249961853027,11.399999618530273,11.4350004196167,8.757057939369444,231849,0.0,0.0,0.0,True
2013-10-01,11.420000076293945,11.456999778747559,11.395000457763672,11.420000076293945,8.745570438848665,1109142,0.0,0.0,0.0,True
2013-10-02,11.4399995803833,11.461999893188477,11.399999618530273,11.444999694824219,8.764712703487655,723128,0.0,0.0,0.0,True
2013-10-03,11.4350004196167,11.460000038146973,11.389650344848633,11.4350004196167,8.757057939369444,283177,0.0,0.0,0.0,True
2013-10-04,11.46500015258789,11.46500015258789,11.399999618530273,11.420000076293945,8.745570438848665,612861,0.0,0.0,0.0,True
2013-10-07,11.404999732971191,11.444999694824219,11.418899536132812,11.430000305175781,8.753229097034849,110712,0.0,0.0,0.0,True
2013-10-08,11.399999618530273,11.4399995803833,11.399999618530273,11.4350004196167,8.757057939369444,170879,0.0,0.0,0.0,True
2013-10-09,11.454999923706055,11.484999656677246,11.435600280761719,11.4399995803833,8.76088678170404,188007,0.0,0.0,0.0,True
2013-10-10,11.454999923706055,11.454999923706055,11.399200439453125,11.404999732971191,8.734083911844879,507264,0.0,0.0,0.0,True
2013-10-11,11.430000305175781,11.431099891662598,11.394200325012207,11.40999984741211,8.737912754179474,228302,0.0,0.0,0.0,True
2013-10-14,11.40999984741211,11.42199993133545,11.385000228881836,11.40250015258789,8.732168030402091,573777,0.0,0.0,0.0,True
2013-10-15,11.359999656677246,11.375699996948242,11.34000015258789,11.359999656677246,8.699623357316526,327601,0.0,0.0,0.0,True
2013-10-16,11.335000038146973,11.35099983215332,11.309200286865234,11.332500457763672,8.678562290683768,242680,0.0,0.0,0.0,True
2013-10-17,11.369999885559082,11.404999732971191,11.354999542236328,11.399999618530273,8.730255069510283,619754,0.0,0.0,0.0,True
2013-10-18,11.404999732971191,11.44480037689209,11.377599716186523,11.40999984741211,8.737912754179474,135096,0.0,0.0,0.0,True
2013-10-21,11.375,11.414999961853027,11.375,11.399999618530273,8.730255069510283,424174,0.0,0.0,0.0,True
2013-10-22,11.369999885559082,11.489999771118164,11.364999771118164,11.479999542236328,8.79151946741479,209204,0.0,0.0,0.0,True
2013-10-23,11.369999885559082,11.404999732971191,11.359999656677246,11.395000457763672,8.818683512078461,344335,0.1201,0.0,0.0,True
2013-10-24,11.390000343322754,11.404800415039062,11.354999542236328,11.359999656677246,8.791598322291247,169003,0.0,0.0,0.0,True
2013-10-25,11.380000114440918,11.390000343322754,11.345000267028809,11.375,8.8032055654022,391907,0.0,0.0,0.0,True
2013-10-28,11.359999656677246,11.399999618530273,11.359800338745117,11.380000114440918,8.807075295450515,269115,0.0,0.0,0.0,True
2013-10-29,11.395000457763672,11.40999984741211,11.369999885559082,11.404999732971191,8.826422972175088,292301,0.0,0.0,0.0,True
2013-10-30,11.430000305175781,11.444999694824219,11.404999732971191,11.425000190734863,8.84190091885135,446175,0.0,0.0,0.0,True
2013-10-31,11.414999961853027,11.449999809265137,11.348199844360352,11.375,8.8032055654022,505860,0.0,0.0,0.0,True
2013-11-01,11.390000343322754,11.390000343322754,11.335000038146973,11.350000381469727,8.78385886219462,330054,0.0,0.0,0.0,True
2013-11-04,11.345000267028809,11.380000114440918,11.333200454711914,11.369999885559082,8.799335835353887,272509,0.0,0.0,0.0,True
2013-11-05,11.369999885559082,11.373600006103516,11.277000427246094,11.305000305175781,8.749033238793785,420874,0.0,0.0,0.0,True
2013-11-06,11.3149995803833,11.323599815368652,11.270000457763672,11.289999961853027,8.737422101614857,341830,0.0,0.0,0.0,True
2013-11-07,11.255000114440918,11.340399742126465,11.255000114440918,11.3100004196167,8.752900048291119,686440,0.0,0.0,0.0,True
2013-11-08,11.305000305175781,11.328869819641113,11.225000381469727,11.260000228881836,8.714206641875956,518048,0.0,0.0,0.0,True
2013-11-11,11.3100004196167,11.3100004196167,11.21500015258789,11.220000267028809,8.683251722040428,543152,0.0,0.0,0.0,True
2013-11-12,11.199999809265137,11.266799926757812,11.199999809265137,11.225000381469727,8.687120478571748,545562,0.0,0.0,0.0,True
2013-11-13,11.25,11.269960403442383,11.204999923706055,11.25,8.70646718177933,893192,0.0,0.0,0.0,True
2013-11-14,11.234999656677246,11.28499984741211,11.22819995880127,11.28499984741211,8.733553345083537,132976,0.0,0.0,0.0,True
2013-11-15,11.260000228881836,11.310999870300293,11.253999710083008,11.305000305175781,8.749033238793785,410631,0.0,0.0,0.0,True
2013-11-18,11.295000076293945,11.324999809265137,11.269000053405762,11.324999809265137,8.764508264919066,547054,0.0,0.0,0.0,True
2013-11-19,11.324999809265137,11.335000038146973,11.28499984741211,11.305000305175781,8.749033238793785,302637,0.0,0.0,0.0,True
2013-11-20,11.295000076293945,11.3149995803833,11.258000373840332,11.295000076293945,8.741292805180164,489061,0.0,0.0,0.0,True
2013-11-21,11.229999542236328,11.279600143432617,11.175000190734863,11.25,8.70646718177933,198184,0.0,0.0,0.0,True
2013-11-22,11.225000381469727,11.274999618530273,11.21500015258789,11.255000114440918,8.71033593831065,306231,0.0,0.0,0.0,True
2013-11-25,11.274999618530273,11.295000076293945,11.247200012207031,11.289999961853027,8.737422101614857,549098,0.0,0.0,0.0,True
2013-11-26,11.270000457763672,11.3149995803833,11.269000053405762,11.305000305175781,8.749033238793785,343106,0.0,0.0,0.0,True
2013-11-27,11.3100004196167,11.328800201416016,11.265000343322754,11.265000343322754,8.718075398407276,168249,0.0,0.0,0.0,True
2013-11-28,11.265000343322754,11.295999526977539,11.23900032043457,11.282500267028809,8.731617993300883,191104,0.0,0.0,0.0,True
2013-11-29,11.300000190734863,11.300000190734863,11.244999885559082,11.260000228881836,8.714206641875956,435915,0.0,0.0,0.0,True
2013-12-02,11.220000267028809,11.25,11.203200340270996,11.220000267028809,8.683251722040428,275570,0.0,0.0,0.0,True
2013-12-03,11.210000038146973,11.255000114440918,11.19219970703125,11.25,8.70646718177933,530019,0.0,0.0,0.0,True
2013-12-04,11.220000267028809,11.234999656677246,11.170000076293945,11.175000190734863,8.648424151605607,1725324,0.0,0.0,0.0,True
2013-12-05,11.180000305175781,11.21679973602295,11.15820026397705,11.1899995803833,8.66003139471656,381392,0.0,0.0,0.0,True
2013-12-06,11.194999694824219,11.225000381469727,11.140000343322754,11.220000267028809,8.683251722040428,620648,0.0,0.0,0.0,True
2013-12-09,11.244999885559082,11.244999885559082,11.187999725341797,11.1899995803833,8.66003139471656,448321,0.0,0.0,0.0,True
2013-12-10,11.210000038146973,11.244999885559082,11.19320011138916,11.220000267028809,8.683251722040428,268781,0.0,0.0,0.0,True
2013-12-11,11.25,11.25,11.213399887084961,11.239999771118164,8.69872674816571,513886,0.0,0.0,0.0,True
2013-12-12,11.255000114440918,11.255000114440918,11.204999923706055,11.220000267028809,8.683251722040428,538511,0.0,0.0,0.0,True
2013-12-13,11.225000381469727,11.251799583435059,11.204999923706055,11.225000381469727,8.687120478571748,1767111,0.0,0.0,0.0,True
2013-12-16,11.279999732971191,11.279999732971191,11.208200454711914,11.244999885559082,8.702597451731016,5154893,0.0,0.0,0.0,True
2013-12-17,11.234999656677246,11.255000114440918,11.210000038146973,11.25,8.70646718177933,330334,0.0,0.0,0.0,True
2013-12-18,11.25,11.281399726867676,11.199999809265137,11.212499618530273,8.677445666692467,1133138,0.0,0.0,0.0,True
2013-12-19,11.199999809265137,11.220999717712402,11.154999732971191,11.154999732971191,8.632946204929345,160918,0.0,0.0,0.0,True
2013-12-20,11.149999618530273,11.199999809265137,11.137200355529785,11.199999809265137,8.667771828330181,672683,0.0,0.0,0.0,True
2013-12-23,11.175000190734863,11.210000038146973,11.14723014831543,11.164999961853027,8.640685665025973,334577,0.0,0.0,0.0,True
2013-12-24,11.180000305175781,11.184000015258789,11.117219924926758,11.154999732971191,8.632946204929345,81914,0.0,0.0,0.0,True
2013-12-27,11.140000343322754,11.159000396728516,11.079999923706055,11.104999542236328,8.59424890444621,80997,0.0,0.0,0.0,True
2013-12-30,11.079999923706055,11.14900016784668,11.079999923706055,11.130000114440918,8.613599501721765,236045,0.0,0.0,0.0,True
2013-12-31,11.149999618530273,11.175000190734863,11.119999885559082,11.147500038146973,8.62714404364936,98485,0.0,0.0,0.0,True
2014-01-02,10.949999809265137,11.159000396728516,10.949999809265137,11.130000114440918,8.613599501721765,301438,0.0,0.0,0.0,True
2014-01-03,11.149999618530273,11.164999961853027,11.128000259399414,11.15999984741211,8.636814961460667,109964,0.0,0.0,0.0,True
2014-01-06,11.15999984741211,11.234999656677246,11.157999992370605,11.1899995803833,8.66003139471656,160432,0.0,0.0,0.0,True
2014-01-07,11.1850004196167,11.21500015258789,11.170000076293945,11.199999809265137,8.667771828330181,650058,0.0,0.0,0.0,True
2014-01-08,11.199999809265137,11.21500015258789,11.170000076293945,11.175000190734863,8.648424151605607,382887,0.0,0.0,0.0,True
2014-01-09,11.180000305175781,11.194999694824219,11.15999984741211,11.164999961853027,8.640685665025973,180871,0.0,0.0,0.0,True
2014-01-10,11.175000190734863,11.257749557495117,11.172200202941895,11.239999771118164,8.69872674816571,631289,0.0,0.0,0.0,True
2014-01-13,11.239999771118164,11.289999961853027,11.239999771118164,11.289999961853027,8.737422101614857,98286,0.0,0.0,0.0,True
2014-01-14,11.274999618530273,11.300000190734863,11.255000114440918,11.279999732971191,8.729684588552217,685878,0.0,0.0,0.0,True
2014-01-15,11.279999732971191,11.28499984741211,11.234999656677246,11.2475004196167,8.704532803513668,469589,0.0,0.0,0.0,True
2014-01-16,11.260000228881836,11.293999671936035,11.241120338439941,11.28499984741211,8.733553345083537,170449,0.0,0.0,0.0,True
2014-01-17,11.260000228881836,11.308870315551758,11.25613021850586,11.270000457763672,8.721945128455591,297155,0.0,0.0,0.0,True
2014-01-20,11.28499984741211,11.289999961853027,11.260000228881836,11.274999618530273,8.725814858503904,196761,0.0,0.0,0.0,True
2014-01-21,11.260000228881836,11.279999732971191,11.239999771118164,11.265000343322754,8.718075398407276,226714,0.0,0.0,0.0,True
2014-01-22,11.234999656677246,11.267000198364258,11.21500015258789,11.229999542236328,8.690988261586075,405105,0.0,0.0,0.0,True
2014-01-23,11.225000381469727,11.295000076293945,11.220000267028809,11.279999732971191,8.729684588552217,212011,0.0,0.0,0.0,True
2014-01-24,11.335000038146973,11.350000381469727,11.295000076293945,11.324999809265137,8.764508264919066,300241,0.0,0.0,0.0,True
2014-01-27,11.300000190734863,11.322600364685059,11.274999618530273,11.305000305175781,8.749033238793785,374204,0.0,0.0,0.0,True
2014-01-28,11.319999694824219,11.319999694824219,11.274999618530273,11.28499984741211,8.733553345083537,322417,0.0,0.0,0.0,True
2014-01-29,11.260000228881836,11.329999923706055,11.257749557495117,11.317500114440918,8.758706103639078,303799,0.0,0.0,0.0,True
2014-01-30,11.34000015258789,11.355999946594238,11.312259674072266,11.329999923706055,8.768379942001365,747903,0.0,0.0,0.0,True
2014-01-31,11.354999542236328,11.38224983215332,11.330960273742676,11.359999656677246,8.791598322291247,594444,0.0,0.0,0.0,True
2014-02-03,11.350000381469727,11.392600059509277,11.324999809265137,11.385000228881836,8.810946972532815,986518,0.0,0.0,0.0,True
2014-02-04,11.380000114440918,11.397000312805176,11.352749824523926,11.385000228881836,8.810946972532815,309901,0.0,0.0,0.0,True
2014-02-05,11.390000343322754,11.420999526977539,11.364999771118164,11.375,8.8032055654022,395251,0.0,0.0,0.0,True
2014-02-06,11.375,11.387800216674805,11.332269668579102,11.345000267028809,8.779991079180293,711355,0.0,0.0,0.0,True
2014-02-07,11.354999542236328,11.375,11.306550025939941,11.364999771118164,8.795467078822567,344512,0.0,0.0,0.0,True
2014-02-10,11.369999885559082,11.39169979095459,11.34000015258789,11.369999885559082,8.799335835353887,500149,0.0,0.0,0.0,True
2014-02-11,11.350000381469727,11.362600326538086,11.322999954223633,11.34000015258789,8.776120375614985,649377,0.0,0.0,0.0,True
2014-02-12,11.329999923706055,11.34000015258789,11.270000457763672,11.270000457763672,8.721945128455591,503029,0.0,0.0,0.0,True
2014-02-13,11.3149995803833,11.324999809265137,11.270000457763672,11.3100004196167,8.752900048291119,144976,0.0,0.0,0.0,True
2014-02-14,11.295000076293945,11.324999809265137,11.287199974060059,11.319999694824219,8.760642428938725,705174,0.0,0.0,0.0,True
2014-02-17,11.300000190734863,11.329999923706055,11.296649932861328,11.324999809265137,8.764508264919066,713504,0.0,0.0,0.0,True
2014-02-18,11.305000305175781,11.362730026245117,11.305000305175781,11.329999923706055,8.768379942001365,1015664,0.0,0.0,0.0,True
2014-02-19,11.369999885559082,11.380000114440918,11.324999809265137,11.354999542236328,8.78772761872594,1345356,0.0,0.0,0.0,True
2014-02-20,11.354999542236328,11.378499984741211,11.289999961853027,11.3149995803833,8.756770751856426,326599,0.0,0.0,0.0,True
2014-02-21,11.3149995803833,11.352849960327148,11.289999961853027,11.319999694824219,8.760642428938725,490777,0.0,0.0,0.0,True
2014-02-24,11.324999809265137,11.350000381469727,11.317259788513184,11.342499732971191,8.778053780363653,91019,0.0,0.0,0.0,True
2014-02-25,11.329999923706055,11.380000114440918,11.324999809265137,11.359999656677246,8.791598322291247,521296,0.0,0.0,0.0,True
2014-02-26,11.390000343322754,11.414999961853027,11.343079566955566,11.369999885559082,8.799335835353887,402450,0.0,0.0,0.0,True
2014-02-27,11.390000343322754,11.43280029296875,11.386500358581543,11.414999961853027,8.834161458754721,350450,0.0,0.0,0.0,True
2014-02-28,11.420000076293945,11.425000190734863,11.35219955444336,11.380000114440918,8.807075295450515,182488,0.0,0.0,0.0,True
2014-03-03,11.40999984741211,11.444999694824219,11.390999794006348,11.4350004196167,8.849640378947976,317679,0.0,0.0,0.0,True
2014-03-04,11.40999984741211,11.420000076293945,11.380000114440918,11.404999732971191,8.826422972175088,945790,0.0,0.0,0.0,True
2014-03-05,11.399999618530273,11.417799949645996,11.36227035522461,11.390000343322754,8.814816702581128,232054,0.0,0.0,0.0,True
2014-03-06,11.385000228881836,11.385000228881836,11.322150230407715,11.350000381469727,8.78385886219462,587388,0.0,0.0,0.0,True
2014-03-07,11.34000015258789,11.3725004196167,11.295000076293945,11.345000267028809,8.779991079180293,592821,0.0,0.0,0.0,True
2014-03-10,11.4350004196167,11.4350004196167,11.3149995803833,11.34000015258789,8.776120375614985,417066,0.0,0.0,0.0,True
2014-03-11,11.3149995803833,11.364999771118164,11.3149995803833,11.359999656677246,8.791598322291247,761992,0.0,0.0,0.0,True
2014-03-12,11.390000343322754,11.39780044555664,11.35614013671875,11.385000228881836,8.810946972532815,2683904,0.0,0.0,0.0,True
2014-03-13,11.395000457763672,11.430000305175781,11.354999542236328,11.420000076293945,8.838031188803036,406970,0.0,0.0,0.0,True
2014-03-14,11.4399995803833,11.470000267028809,11.414999961853027,11.460000038146973,8.868987082155558,246960,0.0,0.0,0.0,True
2014-03-17,11.4350004196167,11.479000091552734,11.422849655151367,11.430000305175781,8.845770648899663,347528,0.0,0.0,0.0,True
2014-03-18,11.4399995803833,11.483499526977539,11.396499633789062,11.449999809265137,8.861249569092916,380197,0.0,0.0,0.0,True
2014-03-19,11.484999656677246,11.484999656677246,11.404999732971191,11.40999984741211,8.830292702223401,545658,0.0,0.0,0.0,True
2014-03-20,11.4399995803833,11.4399995803833,11.324999809265137,11.352499961853027,8.78579324046028,581976,0.0,0.0,0.0,True
2014-03-21,11.380000114440918,11.40250015258789,11.335000038146973,11.3725004196167,8.801270213619548,560521,0.0,0.0,0.0,True
2014-03-24,11.369999885559082,11.428000450134277,11.345000267028809,11.414999961853027,8.834161458754721,422600,0.0,0.0,0.0,True
2014-03-25,11.5,11.5,11.341130256652832,11.40999984741211,8.830292702223401,323434,0.0,0.0,0.0,True
2014-03-26,11.425000190734863,11.438599586486816,11.385000228881836,11.395000457763672,8.818683512078461,595976,0.0,0.0,0.0,True
2014-03-27,11.420000076293945,11.443599700927734,11.381400108337402,11.422499656677246,8.839967514102682,463973,0.0,0.0,0.0,True
2014-03-28,11.454999923706055,11.454999923706055,11.361100196838379,11.395000457763672,8.818683512078461,472863,0.0,0.0,0.0,True
2014-03-31,11.380000114440918,11.401000022888184,11.31624984741211,11.395000457763672,8.818683512078461,493384,0.0,0.0,0.0,True
2014-04-01,11.46500015258789,11.46500015258789,11.311400413513184,11.399999618530273,8.822554215643768,214110,0.0,0.0,0.0,True
2014-04-02,11.399999618530273,11.399999618530273,11.340999603271484,11.354999542236328,8.78772761872594,478957,0.0,0.0,0.0,True
2014-04-03,11.359999656677246,11.408699989318848,11.324999809265137,11.399999618530273,8.822554215643768,975939,0.0,0.0,0.0,True
2014-04-04,11.420000076293945,11.454999923706055,11.359999656677246,11.454999923706055,8.865117352107244,174159,0.0,0.0,0.0,True
2014-04-07,11.46500015258789,11.467499732971191,11.426300048828125,11.460000038146973,8.868987082155558,515791,0.0,0.0,0.0,True
2014-04-08,11.475000381469727,11.475000381469727,11.399999618530273,11.4350004196167,8.849640378947976,408320,0.0,0.0,0.0,True
2014-04-09,11.395000457763672,11.4399995803833,11.395000457763672,11.4375,8.851577677764617,215508,0.0,0.0,0.0,True
2014-04-10,11.489999771118164,11.505000114440918,11.460000038146973,11.5,8.899942975508079,461007,0.0,0.0,0.0,True
2014-04-11,11.529999732971191,11.529999732971191,11.470000267028809,11.5,8.899942975508079,698460,0.0,0.0,0.0,True
2014-04-14,11.515000343322754,11.523200035095215,11.46500015258789,11.475000381469727,8.880598219334484,612882,0.0,0.0,0.0,True
2014-04-15,11.460000038146973,11.515000343322754,11.449199676513672,11.510000228881836,8.907684382638692,690030,0.0,0.0,0.0,True
2014-04-16,11.390000343322754,11.40155029296875,11.323100090026855,11.364999771118164,8.887040954796054,237750,0.1186,0.0,0.0,True
2014-04-17,11.34000015258789,11.375,11.33899974822998,11.350000381469727,8.875311048543946,515585,0.0,0.0,0.0,True
2014-04-22,11.364999771118164,11.364999771118164,11.289999961853027,11.3149995803833,8.847941591794692,198147,0.0,0.0,0.0,True
2014-04-23,11.3149995803833,11.354999542236328,11.296099662780762,11.354999542236328,8.879218745754997,1347930,0.0,0.0,0.0,True
2014-04-24,11.335000038146973,11.354999542236328,11.3100004196167,11.3100004196167,8.844030974032659,311433,0.0,0.0,0.0,True
2014-04-25,11.404999732971191,11.404999732971191,11.32610034942627,11.364999771118164,8.887040954796054,394849,0.0,0.0,0.0,True
2014-04-28,11.359999656677246,11.366740226745605,11.317870140075684,11.354999542236328,8.879218745754997,620209,0.0,0.0,0.0,True
2014-04-29,11.305000305175781,11.345000267028809,11.305000305175781,11.324999809265137,8.855759906767775,2830964,0.0,0.0,0.0,True
2014-04-30,11.345000267028809,11.352299690246582,11.3100004196167,11.34749984741211,8.873356226421427,1927946,0.0,0.0,0.0,True
2014-05-01,11.34000015258789,11.371399879455566,11.324999809265137,11.345000267028809,8.871401404298908,398594,0.0,0.0,0.0,True
2014-05-02,11.399999618530273,11.399999618530273,11.305000305175781,11.380000114440918,8.898769887531168,837776,0.0,0.0,0.0,True
2014-05-06,11.364999771118164,11.368399620056152,11.319999694824219,11.354999542236328,8.879218745754997,540558,0.0,0.0,0.0,True
2014-05-07,11.375,11.375,11.324999809265137,11.359999656677246,8.883129363517028,492345,0.0,0.0,0.0,True
2014-05-08,11.385000228881836,11.385000228881836,11.337699890136719,11.380000114440918,8.898769887531168,952434,0.0,0.0,0.0,True
2014-05-09,11.449999809265137,11.449999809265137,11.334400177001953,11.350000381469727,8.875311048543946,761373,0.0,0.0,0.0,True
2014-05-12,11.345000267028809,11.346209526062012,11.241299629211426,11.300000190734863,8.836211685542583,735107,0.0,0.0,0.0,True
2014-05-13,11.335000038146973,11.366700172424316,11.30270004272461,11.352499961853027,8.877266844183458,453884,0.0,0.0,0.0,True
2014-05-14,11.399999618530273,11.4350004196167,11.354849815368652,11.4350004196167,8.941776947743582,727977,0.0,0.0,0.0,True
2014-05-15,11.430000305175781,11.484999656677246,11.40999984741211,11.475000381469727,8.973055075220882,1120513,0.0,0.0,0.0,True
2014-05-16,11.475000381469727,11.48324966430664,11.442290306091309,11.454999923706055,8.957415524723736,515147,0.0,0.0,0.0,True
2014-05-19,11.484999656677246,11.484999656677246,11.419500350952148,11.449999809265137,8.953508801029677,439742,0.0,0.0,0.0,True
2014-05-20,11.420000076293945,11.445150375366211,11.38838005065918,11.40250015258789,8.916362313116847,603306,0.0,0.0,0.0,True
2014-05-21,11.40999984741211,11.420949935913086,11.366100311279297,11.390000343322754,8.90659014953824,436887,0.0,0.0,0.0,True
2014-05-22,11.430000305175781,11.430000305175781,11.359999656677246,11.3725004196167,8.892903474129625,193869,0.0,0.0,0.0,True
2014-05-23,11.404999732971191,11.404999732971191,11.364999771118164,11.395000457763672,8.910498820266284,524476,0.0,0.0,0.0,True
2014-05-27,11.399999618530273,11.485549926757812,11.369999885559082,11.390000343322754,8.90659014953824,548338,0.0,0.0,0.0,True
2014-05-28,11.359999656677246,11.460000038146973,11.359999656677246,11.4399995803833,8.945687565505613,447431,0.0,0.0,0.0,True
2014-05-29,11.449999809265137,11.482500076293945,11.444999694824219,11.475000381469727,8.973055075220882,433192,0.0,0.0,0.0,True
2014-05-30,11.449999809265137,11.454999923706055,11.425000190734863,11.449999809265137,8.953508801029677,162576,0.0,0.0,0.0,True
2014-06-02,11.430000305175781,11.444600105285645,11.395000457763672,11.404999732971191,8.91831810875636,1418139,0.0,0.0,0.0,True
2014-06-03,11.399999618530273,11.411100387573242,11.354999542236328,11.395000457763672,8.910498820266284,353395,0.0,0.0,0.0,True
2014-06-04,11.414999961853027,11.414999961853027,11.345000267028809,11.34749984741211,8.873356226421427,690844,0.0,0.0,0.0,True
2014-06-05,11.279999732971191,11.404999732971191,11.279999732971191,11.375,8.894858296252144,507172,0.0,0.0,0.0,True
2014-06-06,11.4399995803833,11.4399995803833,11.359999656677246,11.390000343322754,8.90659014953824,586703,0.0,0.0,0.0,True
2014-06-09,11.380000114440918,11.385000228881836,11.333379745483398,11.354999542236328,8.879218745754997,360281,0.0,0.0,0.0,True
2014-06-10,11.4350004196167,11.4350004196167,11.3149995803833,11.327500343322754,8.8577137553733,493841,0.0,0.0,0.0,True
2014-06-11,11.319999694824219,11.354999542236328,11.305000305175781,11.34749984741211,8.873356226421427,969474,0.0,0.0,0.0,True
2014-06-12,11.319999694824219,11.354999542236328,11.319999694824219,11.342499732971191,8.869445608659396,1004735,0.0,0.0,0.0,True
2014-06-13,11.430000305175781,11.430000305175781,11.300000190734863,11.319999694824219,8.851850262522737,468388,0.0,0.0,0.0,True
2014-06-16,11.345000267028809,11.350000381469727,11.3100004196167,11.324999809265137,8.855759906767775,618301,0.0,0.0,0.0,True
2014-06-17,11.390000343322754,11.390000343322754,11.300000190734863,11.305000305175781,8.840122303304614,258020,0.0,0.0,0.0,True
2014-06-18,11.329999923706055,11.359999656677246,11.314780235290527,11.337499618530273,8.86553401738037,626517,0.0,0.0,0.0,True
2014-06-19,11.345000267028809,11.380000114440918,11.319999694824219,11.327500343322754,8.8577137553733,237047,0.0,0.0,0.0,True
2014-06-20,11.380000114440918,11.380000114440918,11.294500350952148,11.3149995803833,8.847941591794692,611702,0.0,0.0,0.0,True
2014-06-23,11.324999809265137,11.350000381469727,11.305000305175781,11.34000015258789,8.86749176005387,454406,0.0,0.0,0.0,True
2014-06-24,11.34000015258789,11.354999542236328,11.319499969482422,11.335000038146973,8.863581142291837,203195,0.0,0.0,0.0,True
2014-06-25,11.369999885559082,11.40999984741211,11.345000267028809,11.399999618530273,8.914409438028315,236009,0.0,0.0,0.0,True
2014-06-26,11.40999984741211,11.420000076293945,11.369999885559082,11.414999961853027,8.926138370763429,130292,0.0,0.0,0.0,True
2014-06-27,11.414999961853027,11.431500434875488,11.394499778747559,11.404999732971191,8.91831810875636,456814,0.0,0.0,0.0,True
2014-06-30,11.484999656677246,11.484999656677246,11.375,11.385000228881836,8.902678558259213,485786,0.0,0.0,0.0,True
2014-07-01,11.390000343322754,11.45199966430664,11.345000267028809,11.350000381469727,8.875311048543946,469526,0.0,0.0,0.0,True
2014-07-02,11.385000228881836,11.385000228881836,11.324999809265137,11.329999923706055,8.859670524529806,609981,0.0,0.0,0.0,True
2014-07-03,11.319999694824219,11.348250389099121,11.3149995803833,11.335000038146973,8.863581142291837,751578,0.0,0.0,0.0,True
2014-07-04,11.34000015258789,11.350000381469727,11.319999694824219,11.335000038146973,8.863581142291837,4497020,0.0,0.0,0.0,True
2014-07-07,11.335000038146973,11.35890007019043,11.316200256347656,11.34000015258789,8.86749176005387,388499,0.0,0.0,0.0,True
2014-07-08,11.350000381469727,11.404999732971191,11.336000442504883,11.399999618530273,8.914409438028315,534164,0.0,0.0,0.0,True
2014-07-09,11.420000076293945,11.423199653625488,11.390000343322754,11.397500038146973,8.91245266887181,2015843,0.0,0.0,0.0,True
2014-07-10,11.404999732971191,11.467300415039062,11.39540958404541,11.427499771118164,8.935911507859032,848031,0.0,0.0,0.0,True
2014-07-11,11.4350004196167,11.454999923706055,11.408149719238281,11.444999694824219,8.94959623623366,373065,0.0,0.0,0.0,True
2014-07-14,11.430000305175781,11.452710151672363,11.430000305175781,11.4399995803833,8.945687565505613,134098,0.0,0.0,0.0,True
2014-07-15,11.460000038146973,11.46500015258789,11.404999732971191,11.40999984741211,8.922227753001398,499838,0.0,0.0,0.0,True
2014-07-16,11.414999961853027,11.4399995803833,11.404999732971191,11.404999732971191,8.91831810875636,190149,0.0,0.0,0.0,True
2014-07-17,11.414999961853027,11.475000381469727,11.414999961853027,11.460000038146973,8.961325168968774,590943,0.0,0.0,0.0,True
2014-07-18,11.475000381469727,11.505000114440918,11.45775032043457,11.494999885559082,8.988694625718027,201684,0.0,0.0,0.0,True
2014-07-21,11.489999771118164,11.510000228881836,11.470000267028809,11.494999885559082,8.988694625718027,348040,0.0,0.0,0.0,True
2014-07-22,11.484999656677246,11.516349792480469,11.46500015258789,11.494999885559082,8.988694625718027,263384,0.0,0.0,0.0,True
2014-07-23,11.494999885559082,11.53499984741211,11.486200332641602,11.515000343322754,9.004335149732167,158072,0.0,0.0,0.0,True
2014-07-24,11.515000343322754,11.525799751281738,11.475000381469727,11.484999656677246,8.980876310744945,291709,0.0,0.0,0.0,True
2014-07-25,11.5,11.529999732971191,11.479999542236328,11.522500038146973,9.010201563133712,263801,0.0,0.0,0.0,True
2014-07-28,11.5,11.524999618530273,11.489999771118164,11.512499809265137,9.002380327609648,756401,0.0,0.0,0.0,True
2014-07-29,11.515000343322754,11.54580020904541,11.5,11.52750015258789,9.014109260344764,442787,0.0,0.0,0.0,True
2014-07-30,11.545000076293945,11.545000076293945,11.489999771118164,11.510000228881836,9.00042550548713,307397,0.0,0.0,0.0,True
2014-07-31,11.5,11.515000343322754,11.470000267028809,11.489999771118164,8.98478790202397,255201,0.0,0.0,0.0,True
2014-08-01,11.5,11.569999694824219,11.484999656677246,11.569999694824219,9.047342209944581,1914980,0.0,0.0,0.0,True
2014-08-04,11.569999694824219,11.59000015258789,11.557000160217285,11.582500457763672,9.057115347040185,220321,0.0,0.0,0.0,True
2014-08-05,11.569999694824219,11.586600303649902,11.539999961853027,11.552499771118164,9.033659428603942,207633,0.0,0.0,0.0,True
2014-08-06,11.569999694824219,11.619999885559082,11.565099716186523,11.612500190734863,9.080576133061394,671364,0.0,0.0,0.0,True
2014-08-07,11.630000114440918,11.640000343322754,11.597999572753906,11.632499694824219,9.096214710041547,380543,0.0,0.0,0.0,True
2014-08-08,11.694999694824219,11.725000381469727,11.664999961853027,11.6875,9.139221770253961,769043,0.0,0.0,0.0,True
2014-08-11,11.670000076293945,11.686200141906738,11.631199836730957,11.635000228881836,9.098168558647073,339206,0.0,0.0,0.0,True
2014-08-12,11.640000343322754,11.659799575805664,11.611200332641602,11.614999771118164,9.082531928700906,508441,0.0,0.0,0.0,True
2014-08-13,11.595000267028809,11.670000076293945,11.583149909973145,11.640000343322754,9.102080149926097,865160,0.0,0.0,0.0,True
2014-08-14,11.664999961853027,11.699399948120117,11.654999732971191,11.670000076293945,9.125538015396327,263947,0.0,0.0,0.0,True
2014-08-15,11.725000381469727,11.795000076293945,11.671699523925781,11.795000076293945,9.223285936141236,256649,0.0,0.0,0.0,True
2014-08-18,11.8100004196167,11.8100004196167,11.701199531555176,11.71500015258789,9.160727734152651,264279,0.0,0.0,0.0,True
2014-08-19,11.729999542236328,11.751999855041504,11.690999984741211,11.727499961853027,9.170504765316226,300123,0.0,0.0,0.0,True
2014-08-20,11.720000267028809,11.73799991607666,11.696000099182129,11.710000038146973,9.15681711639062,308074,0.0,0.0,0.0,True
2014-08-21,11.699999809265137,11.739999771118164,11.675000190734863,11.732500076293945,9.17441343604427,461047,0.0,0.0,0.0,True
2014-08-22,11.75,11.770000457763672,11.720000267028809,11.739999771118164,9.180275955377843,224542,0.0,0.0,0.0,True
2014-08-26,11.755000114440918,11.789999961853027,11.699150085449219,11.789999961853027,9.219377265413192,272231,0.0,0.0,0.0,True
2014-08-27,11.829999923706055,11.869999885559082,11.787360191345215,11.864999771118164,9.27802387612275,121734,0.0,0.0,0.0,True
2014-08-28,11.859999656677246,11.885000228881836,11.844200134277344,11.859999656677246,9.274115205394706,793155,0.0,0.0,0.0,True
2014-08-29,11.890000343322754,11.890000343322754,11.824999809265137,11.880000114440918,9.28975086182388,201297,0.0,0.0,0.0,True
2014-09-01,11.869999885559082,11.885000228881836,11.84000015258789,11.854999542236328,9.270201667081695,854805,0.0,0.0,0.0,True
2014-09-02,11.824999809265137,11.84939956665039,11.770000457763672,11.795000076293945,9.223285936141236,160331,0.0,0.0,0.0,True
2014-09-03,11.78499984741211,11.824199676513672,11.71345043182373,11.755000114440918,9.192004888112956,420600,0.0,0.0,0.0,True
2014-09-04,11.774999618530273,11.8100004196167,11.725000381469727,11.75,9.188095243867918,1970729,0.0,0.0,0.0,True
2014-09-05,11.75,11.775799751281738,11.728449821472168,11.765000343322754,9.199824176603034,160655,0.0,0.0,0.0,True
2014-09-08,11.779999732971191,11.779999732971191,11.71500015258789,11.744999885559082,9.184187546656867,469644,0.0,0.0,0.0,True
2014-09-09,11.729999542236328,11.729999542236328,11.6850004196167,11.725000381469727,9.168547022642727,475408,0.0,0.0,0.0,True
2014-09-10,11.710000038146973,11.718979835510254,11.680000305175781,11.694999694824219,9.145090130689491,328822,0.0,0.0,0.0,True
2014-09-11,11.6899995803833,11.727499961853027,11.6899995803833,11.702500343322754,9.150952650023061,204024,0.0,0.0,0.0,True
2014-09-12,11.694999694824219,11.702500343322754,11.657299995422363,11.680000305175781,9.13335633036941,260772,0.0,0.0,0.0,True
2014-09-15,11.664999961853027,11.697999954223633,11.662300109863281,11.667499542236328,9.123583193273808,297465,0.0,0.0,0.0,True
2014-09-16,11.6899995803833,11.699999809265137,11.672499656677246,11.6850004196167,9.137270842199415,446655,0.0,0.0,0.0,True
2014-09-17,11.6850004196167,11.704400062561035,11.672499656677246,11.688750267028809,9.140201128349206,334365,0.0,0.0,0.0,True
2014-09-18,11.670000076293945,11.691579818725586,11.6225004196167,11.630000114440918,9.094258914402035,252446,0.0,0.0,0.0,True
2014-09-19,11.645000457763672,11.702500343322754,11.625,11.696249961853027,9.146065594716765,859597,0.0,0.0,0.0,True
2014-09-22,11.727499961853027,11.744999885559082,11.712679862976074,11.744999885559082,9.184187546656867,268602,0.0,0.0,0.0,True
2014-09-23,11.729999542236328,11.782500267028809,11.729999542236328,11.760000228881836,9.19591647939198,512838,0.0,0.0,0.0,True
2014-09-24,11.760000228881836,11.789999961853027,11.747900009155273,11.767499923706055,9.201778998725553,534186,0.0,0.0,0.0,True
2014-09-25,11.770000457763672,11.795599937438965,11.762499809265137,11.782500267028809,9.213510852011646,313870,0.0,0.0,0.0,True
2014-09-26,11.807499885559082,11.816900253295898,11.762499809265137,11.767499923706055,9.201778998725553,1228071,0.0,0.0,0.0,True
2014-09-29,11.772500038146973,11.815179824829102,11.758099555969238,11.797499656677246,9.225237837712776,205576,0.0,0.0,0.0,True
2014-09-30,11.797499656677246,11.8100004196167,11.770600318908691,11.8100004196167,9.23501486887635,363490,0.0,0.0,0.0,True
2014-10-01,11.755000114440918,11.850000381469727,11.755000114440918,11.845000267028809,9.262381405074626,247937,0.0,0.0,0.0,True
2014-10-02,11.854999542236328,11.875,11.842499732971191,11.875,9.285843164612828,488438,0.0,0.0,0.0,True
2014-10-03,11.854999542236328,11.880000114440918,11.819860458374023,11.822500228881836,9.24478995300594,389575,0.0,0.0,0.0,True
2014-10-06,11.854999542236328,11.867500305175781,11.842399597167969,11.854999542236328,9.270201667081695,293488,0.0,0.0,0.0,True
2014-10-07,11.869999885559082,11.9375,11.854999542236328,11.936249732971191,9.333738253648534,357458,0.0,0.0,0.0,True
2014-10-08,11.9375,11.994500160217285,11.9375,11.960000038146973,9.352310037329458,1735467,0.0,0.0,0.0,True
2014-10-09,12.0,12.007499694824219,11.9350004196167,11.9350004196167,9.332758895553287,169343,0.0,0.0,0.0,True
2014-10-10,11.952500343322754,11.993000030517578,11.924799919128418,11.977499961853027,9.3659928186701,413017,0.0,0.0,0.0,True
2014-10-13,11.992500305175781,12.045000076293945,11.986379623413086,12.032500267028809,9.409002799433493,472205,0.0,0.0,0.0,True
2014-10-14,12.029999732971191,12.125,12.015000343322754,12.087499618530273,9.452009859645907,634843,0.0,0.0,0.0,True
2014-10-15,12.079999923706055,12.274999618530273,12.069910049438477,12.229999542236328,9.56343861469747,723754,0.0,0.0,0.0,True
2014-10-16,12.1875,14.21399974822998,12.1181001663208,12.1225004196167,9.479380289912154,945978,0.0,0.0,0.0,True
2014-10-17,12.119999885559082,12.1456298828125,12.010000228881836,12.010000228881836,9.391407453296834,354240,0.0,0.0,0.0,True
2014-10-20,12.050000190734863,12.077500343322754,12.007499694824219,12.039999961853027,9.41486726580105,1361983,0.0,0.0,0.0,True
2014-10-21,12.0625,12.072250366210938,11.989999771118164,12.017499923706055,9.397272893181384,868085,0.0,0.0,0.0,True
2014-10-22,12.055000305175781,12.06637954711914,11.959890365600586,12.001250267028809,9.38456362883403,922707,0.0,0.0,0.0,True
2014-10-23,11.994999885559082,12.048879623413086,11.970000267028809,11.984999656677246,9.371857285037656,777601,0.0,0.0,0.0,True
2014-10-24,11.979999542236328,12.015000343322754,11.979999542236328,11.982500076293945,9.369902462915137,835287,0.0,0.0,0.0,True
2014-10-27,11.952500343322754,12.020000457763672,11.952500343322754,12.012499809265137,9.39336130190236,208885,0.0,0.0,0.0,True
2014-10-28,11.960000038146973,12.017800331115723,11.953200340270996,11.975000381469727,9.364039943581567,331002,0.0,0.0,0.0,True
2014-10-29,11.979999542236328,11.98639965057373,11.952500343322754,11.960000038146973,9.352310037329458,1571011,0.0,0.0,0.0,True
2014-10-30,11.805000305175781,11.869999885559082,11.805000305175781,11.84749984741211,9.369472168404105,1367424,0.1342,0.0,0.0,True
2014-10-31,11.845000267028809,11.84749984741211,11.819999694824219,11.827500343322754,9.353654464297186,452255,0.0,0.0,0.0,True
2014-11-03,11.854999542236328,11.87244987487793,11.791000366210938,11.805000305175781,9.335859547176904,354505,0.0,0.0,0.0,True
2014-11-04,11.827500343322754,11.864999771118164,11.817700386047363,11.854999542236328,9.375398939859233,3139472,0.0,0.0,0.0,True
2014-11-05,11.854999542236328,11.854999542236328,11.824999809265137,11.842499732971191,9.365515795343388,29979714,0.0,0.0,0.0,True
2014-11-06,11.829999923706055,11.859999656677246,11.807499885559082,11.84000015258789,9.363542476397997,3836427,0.0,0.0,0.0,True
2014-11-07,11.835000038146973,11.882499694824219,11.8100004196167,11.8774995803833,9.393194830496508,767805,0.0,0.0,0.0,True
2014-11-10,11.867500305175781,11.928999900817871,11.864999771118164,11.892499923706055,9.40505908209369,331144,0.0,0.0,0.0,True
2014-11-11,11.8774995803833,11.881509780883789,11.842399597167969,11.854999542236328,9.375398939859233,509561,0.0,0.0,0.0,True
2014-11-12,11.869999885559082,11.927499771118164,11.847800254821777,11.896249771118164,9.408025388372232,859447,0.0,0.0,0.0,True
2014-11-13,11.890000343322754,11.917400360107422,11.867500305175781,11.90250015258789,9.412967934147147,587508,0.0,0.0,0.0,True
2014-11-14,11.899999618530273,11.952500343322754,11.899999618530273,11.947500228881836,9.44855387431974,1091451,0.0,0.0,0.0,True
2014-11-17,11.975000381469727,11.99899959564209,11.932499885559082,11.949999809265137,9.450531087333104,841169,0.0,0.0,0.0,True
2014-11-18,11.957500457763672,11.988499641418457,11.922499656677246,11.942500114440918,9.444601395326996,250378,0.0,0.0,0.0,True
2014-11-19,11.954999923706055,11.972780227661133,11.916199684143066,11.930000305175781,9.434715330260174,870470,0.0,0.0,0.0,True
2014-11-20,11.9399995803833,11.9975004196167,11.9375,11.96500015258789,9.462391444862313,449273,0.0,0.0,0.0,True
2014-11-21,12.005000114440918,12.024999618530273,11.964750289916992,12.017499923706055,9.503911944625978,574788,0.0,0.0,0.0,True
2014-11-24,12.039999961853027,12.039999961853027,12.010000228881836,12.032500267028809,9.515776196223161,346901,0.0,0.0,0.0,True
2014-11-25,12.032500267028809,12.100000381469727,12.032500267028809,12.083749771118164,9.556307602721647,578077,0.0,0.0,0.0,True
2014-11-26,12.114999771118164,12.135000228881836,12.084600448608398,12.1274995803833,9.59090444962906,447632,0.0,0.0,0.0,True
2014-11-27,12.149999618530273,12.18634033203125,12.135499954223633,12.182499885559082,9.634401188889097,187063,0.0,0.0,0.0,True
2014-11-28,12.194999694824219,12.2191801071167,12.182499885559082,12.1850004196167,9.636380348936449,3932594,0.0,0.0,0.0,True
2014-12-01,12.287500381469727,12.287500381469727,12.185999870300293,12.199999809265137,9.648240706465657,557202,0.0,0.0,0.0,True
2014-12-02,12.239999771118164,12.239999771118164,12.107500076293945,12.119999885559082,9.584973784105959,272202,0.0,0.0,0.0,True
2014-12-03,12.130000114440918,12.15820026397705,12.100000381469727,12.104999542236328,9.57311050602577,2149616,0.0,0.0,0.0,True
2014-12-04,12.109999656677246,12.15999984741211,12.109999656677246,12.1274995803833,9.59090444962906,167556,0.0,0.0,0.0,True
2014-12-05,12.15999984741211,12.15999984741211,12.082500457763672,12.107500076293945,9.575088692556129,296653,0.0,0.0,0.0,True
2014-12-08,12.119999885559082,12.149999618530273,12.074999809265137,12.149999618530273,9.608701313783328,426137,0.0,0.0,0.0,True
2014-12-09,12.162500381469727,12.234999656677246,12.143199920654297,12.226249694824219,9.668999982830496,525554,0.0,0.0,0.0,True
2014-12-10,12.225000381469727,12.268549919128418,12.201899528503418,12.227499961853027,9.669991023129661,623233,0.0,0.0,0.0,True
2014-12-11,12.2524995803833,12.292499542236328,12.220000267028809,12.220000267028809,9.664058410572574,1461477,0.0,0.0,0.0,True
2014-12-12,12.300000190734863,12.341899871826172,12.262499809265137,12.327500343322754,9.74907370256229,1012638,0.0,0.0,0.0,True
2014-12-15,12.329999923706055,12.345000267028809,12.28499984741211,12.337499618530273,9.75698255461575,489854,0.0,0.0,0.0,True
2014-12-16,12.369999885559082,12.47249984741211,12.338800430297852,12.364999771118164,9.778729950728774,602351,0.0,0.0,0.0,True
2014-12-17,12.387499809265137,12.40250015258789,12.332500457763672,12.3725004196167,9.784662563285861,418751,0.0,0.0,0.0,True
2014-12-18,12.4350004196167,12.4350004196167,12.26632022857666,12.272500038146973,9.705576963302253,357853,0.0,0.0,0.0,True
2014-12-19,12.225000381469727,12.272500038146973,12.21500015258789,12.274999618530273,9.707553202798625,295393,0.0,0.0,0.0,True
2014-12-22,12.279999732971191,12.3125,12.265000343322754,12.295000076293945,9.723373827456522,412752,0.0,0.0,0.0,True
2014-12-23,12.302499771118164,12.324999809265137,12.262499809265137,12.274999618530273,9.707553202798625,659740,0.0,0.0,0.0,True
2014-12-24,12.260000228881836,12.274999618530273,12.220000267028809,12.234999656677246,9.675918768101782,138558,0.0,0.0,0.0,True
2014-12-29,12.322500228881836,12.329999923706055,12.26609992980957,12.305000305175781,9.731280732475994,213054,0.0,0.0,0.0,True
2014-12-30,12.305000305175781,12.362500190734863,12.27888011932373,12.345000267028809,9.762912246621857,546233,0.0,0.0,0.0,True
2014-12-31,12.345000267028809,12.412500381469727,12.345000267028809,12.399999618530273,9.806408985881895,93901,0.0,0.0,0.0,True
2015-01-02,12.375,12.447500228881836,12.353599548339844,12.442500114440918,9.840021607109094,117873,0.0,0.0,0.0,True
2015-01-05,12.40999984741211,12.513739585876465,12.403779983520508,12.513750076293945,9.896365850129532,386461,0.0,0.0,0.0,True
2015-01-06,12.537500381469727,12.617500305175781,12.521200180053711,12.607500076293945,9.97050987785522,217341,0.0,0.0,0.0,True
2015-01-07,12.595000267028809,12.617500305175781,12.552499771118164,12.583749771118164,9.951724893952765,2173707,0.0,0.0,0.0,True
2015-01-08,12.567500114440918,12.579999923706055,12.529999732971191,12.550000190734863,9.925034952064824,686702,0.0,0.0,0.0,True
2015-01-09,12.574999809265137,12.606550216674805,12.553000450134277,12.604999542236328,9.968532664841854,622062,0.0,0.0,0.0,True
2015-01-12,12.59749984741211,12.647500038146973,12.583720207214355,12.6225004196167,9.982372182418414,191646,0.0,0.0,0.0,True
2015-01-13,12.680000305175781,12.71975040435791,12.609999656677246,12.637499809265137,9.99423448698161,688612,0.0,0.0,0.0,True
2015-01-14,12.739999771118164,12.765399932861328,12.667499542236328,12.72249984741211,10.061455835368037,614189,0.0,0.0,0.0,True
2015-01-15,12.720000267028809,12.75,12.677499771118164,12.708749771118164,10.050581650553026,849480,0.0,0.0,0.0,True
2015-01-16,12.84000015258789,12.84000015258789,12.692500114440918,12.704999923706055,10.047615344274483,599350,0.0,0.0,0.0,True
2015-01-19,12.732500076293945,12.762499809265137,12.699749946594238,12.739999771118164,10.075295352944595,759392,0.0,0.0,0.0,True
2015-01-20,12.7475004196167,12.776249885559082,12.707500457763672,12.762499809265137,10.093087349513898,504115,0.0,0.0,0.0,True
2015-01-21,12.760000228881836,12.835000038146973,12.727499961853027,12.797499656677246,10.120768331701004,2352386,0.0,0.0,0.0,True
2015-01-22,12.800000190734863,12.823030471801758,12.645000457763672,12.744999885559082,10.079250752488319,688843,0.0,0.0,0.0,True
2015-01-23,12.779999732971191,12.851400375366211,12.770979881286621,12.835000038146973,10.150424579867488,1466364,0.0,0.0,0.0,True
2015-01-26,12.822500228881836,12.837499618530273,12.794650077819824,12.806249618530273,10.127688090489285,2380648,0.0,0.0,0.0,True
2015-01-27,12.842499732971191,12.850000381469727,12.800000190734863,12.822500228881836,10.140539488317659,1146381,0.0,0.0,0.0,True
2015-01-28,12.800000190734863,12.835000038146973,12.723480224609375,12.827500343322754,10.144492940827394,398806,0.0,0.0,0.0,True
2015-01-29,12.835000038146973,12.899999618530273,12.835000038146973,12.875,10.182059988081324,1539001,0.0,0.0,0.0,True
2015-01-30,12.854999542236328,12.973199844360352,12.854999542236328,12.96500015258789,10.253233815460494,492291,0.0,0.0,0.0,True
2015-02-02,12.952500343322754,13.0,12.910079956054688,12.927499771118164,10.223575620260023,1530347,0.0,0.0,0.0,True
2015-02-03,12.932499885559082,12.961600303649902,12.800000190734863,12.824999809265137,10.142514754297036,2022954,0.0,0.0,0.0,True
2015-02-04,12.84000015258789,12.84000015258789,12.732500076293945,12.737500190734863,10.073318139931231,454243,0.0,0.0,0.0,True
2015-02-05,12.782500267028809,12.85575008392334,12.71500015258789,12.720000267028809,10.059477648837678,712950,0.0,0.0,0.0,True
2015-02-06,12.720000267028809,12.75117015838623,12.607500076293945,12.607500076293945,9.97050987785522,527632,0.0,0.0,0.0,True
2015-02-09,12.617500305175781,12.6875,12.563610076904297,12.635000228881836,9.992255326934258,823980,0.0,0.0,0.0,True
2015-02-10,12.614999771118164,12.614999771118164,12.545000076293945,12.567500114440918,9.93887349612439,651045,0.0,0.0,0.0,True
2015-02-11,12.557499885559082,12.588850021362305,12.524999618530273,12.5337495803833,9.912185501270436,779226,0.0,0.0,0.0,True
2015-02-12,12.53499984741211,12.565950393676758,12.442500114440918,12.52750015258789,9.907241981978528,1422442,0.0,0.0,0.0,True
2015-02-13,12.489999771118164,12.532500267028809,12.471799850463867,12.520000457763672,9.90130936942144,407109,0.0,0.0,0.0,True
2015-02-16,12.482500076293945,12.515000343322754,12.470000267028809,12.512499809265137,9.89537870389834,373108,0.0,0.0,0.0,True
2015-02-17,12.539999961853027,12.571049690246582,12.399999618530273,12.432499885559082,9.832110808021648,603661,0.0,0.0,0.0,True
2015-02-18,12.430000305175781,12.441269874572754,12.324299812316895,12.329999923706055,9.751049942058662,326034,0.0,0.0,0.0,True
2015-02-19,12.3725004196167,12.391400337219238,12.34179973602295,12.367500305175781,9.780706190225146,513467,0.0,0.0,0.0,True
2015-02-20,12.367500305175781,12.454999923706055,12.353150367736816,12.432499885559082,9.832110808021648,1182919,0.0,0.0,0.0,True
2015-02-23,12.524999618530273,12.524999618530273,12.385000228881836,12.40250015258789,9.808386198895258,1695451,0.0,0.0,0.0,True
2015-02-24,12.404999732971191,12.463760375976562,12.3774995803833,12.462499618530273,9.855835417148038,1024078,0.0,0.0,0.0,True
2015-02-25,12.484999656677246,12.55525016784668,12.480999946594238,12.492500305175781,9.879561973308416,660497,0.0,0.0,0.0,True
2015-02-26,12.5024995803833,12.59475040435791,12.493200302124023,12.5024995803833,9.88746985184488,476831,0.0,0.0,0.0,True
2015-02-27,12.507499694824219,12.507499694824219,12.420900344848633,12.430000305175781,9.830135542042271,311572,0.0,0.0,0.0,True
2015-03-02,12.417499542236328,12.460700035095215,12.385000228881836,12.392499923706055,9.80048026739278,10073978,0.0,0.0,0.0,True
2015-03-03,12.404999732971191,12.404999732971191,12.287500381469727,12.322500228881836,9.745119276535561,399997,0.0,0.0,0.0,True
2015-03-04,12.28499984741211,12.302499771118164,12.262499809265137,12.279999732971191,9.711507628825354,421398,0.0,0.0,0.0,True
2015-03-05,12.350000381469727,12.350000381469727,12.25879955291748,12.292499542236328,9.721392720375185,384374,0.0,0.0,0.0,True
2015-03-06,12.3100004196167,12.319999694824219,12.180000305175781,12.199999809265137,9.648240706465657,363621,0.0,0.0,0.0,True
2015-03-09,12.167499542236328,12.244999885559082,12.167499542236328,12.210000038146973,9.656149558519115,328449,0.0,0.0,0.0,True
2015-03-10,12.234999656677246,12.323800086975098,12.100000381469727,12.326250076293945,9.748085582814104,198964,0.0,0.0,0.0,True
2015-03-11,12.367500305175781,12.367500305175781,12.257499694824219,12.319999694824219,9.743142063522196,324259,0.0,0.0,0.0,True
2015-03-12,12.337499618530273,12.437700271606445,12.334400177001953,12.404999732971191,9.810364385425617,597186,0.0,0.0,0.0,True
2015-03-13,12.399999618530273,12.457500457763672,12.300000190734863,12.438750267028809,9.837057247864538,645292,0.0,0.0,0.0,True
2015-03-16,12.467499732971191,12.505000114440918,12.445199966430664,12.475000381469727,9.865723429248849,386407,0.0,0.0,0.0,True
2015-03-17,12.475000381469727,12.553099632263184,12.475000381469727,12.4975004196167,9.883516399335145,502355,0.0,0.0,0.0,True
2015-03-18,12.507499694824219,12.592499732971191,12.502169609069824,12.579999923706055,9.948760534708207,531594,0.0,0.0,0.0,True
2015-03-19,12.574999809265137,12.692500114440918,12.574999809265137,12.667499542236328,10.017957149074013,961763,0.0,0.0,0.0,True
2015-03-20,12.670000076293945,12.704999923706055,12.652099609375,12.6875,10.033773879663936,296872,0.0,0.0,0.0,True
2015-03-23,12.699999809265137,12.739859580993652,12.664999961853027,12.694999694824219,10.03970843925501,454966,0.0,0.0,0.0,True
2015-03-24,12.697500228881836,12.737500190734863,12.6875,12.717499732971191,10.057501409341306,469494,0.0,0.0,0.0,True
2015-03-25,12.762499809265137,12.789999961853027,12.72754955291748,12.748749732971191,10.082216085249868,443301,0.0,0.0,0.0,True
2015-03-26,12.717499732971191,12.759650230407715,12.635000228881836,12.640000343322754,9.99621364702896,380222,0.0,0.0,0.0,True
2015-03-27,12.645000457763672,12.712499618530273,12.57075023651123,12.702500343322754,10.045639104778111,377099,0.0,0.0,0.0,True
2015-03-30,12.6875,12.728130340576172,12.654999732971191,12.662500381469727,10.014005643598264,332948,0.0,0.0,0.0,True
2015-03-31,12.675000190734863,12.698699951171875,12.630000114440918,12.649999618530273,10.004119578531439,467325,0.0,0.0,0.0,True
2015-04-01,12.642499923706055,12.725000381469727,12.600000381469727,12.710000038146973,10.051569770301212,755398,0.0,0.0,0.0,True
2015-04-02,12.662500381469727,12.739999771118164,12.648300170898438,12.672499656677246,10.021913522134728,2491211,0.0,0.0,0.0,True
2015-04-07,12.760000228881836,12.760000228881836,12.600000381469727,12.640000343322754,9.99621364702896,307602,0.0,0.0,0.0,True
2015-04-08,12.667499542236328,12.680100440979004,12.649999618530273,12.670000076293945,10.019937282638358,410210,0.0,0.0,0.0,True
2015-04-09,12.680000305175781,12.726699829101562,12.651949882507324,12.664999961853027,10.015982856611627,270601,0.0,0.0,0.0,True
2015-04-10,12.609999656677246,12.680000305175781,12.60824966430664,12.662500381469727,10.014005643598264,463647,0.0,0.0,0.0,True
2015-04-13,12.649999618530273,12.772100448608398,12.600000381469727,12.65250015258789,10.006096791544804,406158,0.0,0.0,0.0,True
2015-04-14,12.670000076293945,12.759900093078613,12.670000076293945,12.744999885559082,10.079250752488319,629516,0.0,0.0,0.0,True
2015-04-15,12.7524995803833,12.7524995803833,12.680000305175781,12.694999694824219,10.03970843925501,766646,0.0,0.0,0.0,True
2015-04-16,12.680000305175781,12.704999923706055,12.632399559020996,12.637499809265137,9.99423448698161,1550184,0.0,0.0,0.0,True
2015-04-17,12.680000305175781,12.737500190734863,12.602499961853027,12.649999618530273,10.004119578531439,703577,0.0,0.0,0.0,True
2015-04-20,12.699999809265137,12.699999809265137,12.636500358581543,12.667499542236328,10.017957149074013,258859,0.0,0.0,0.0,True
2015-04-21,12.649999618530273,12.682499885559082,12.632499694824219,12.65999984741211,10.012025510033919,398667,0.0,0.0,0.0,True
2015-04-22,12.677499771118164,12.677499771118164,12.5024995803833,12.5024995803833,9.88746985184488,1123408,0.0,0.0,0.0,True
2015-04-23,12.489999771118164,12.552499771118164,12.489999771118164,12.53499984741211,9.913172647501629,386637,0.0,0.0,0.0,True
2015-04-24,12.53499984741211,12.592499732971191,12.507610321044922,12.587499618530273,9.954694120782287,621877,0.0,0.0,0.0,True
2015-04-27,12.585000038146973,12.604229927062988,12.535099983215332,12.539999961853027,9.917125126494371,211975,0.0,0.0,0.0,True
2015-04-28,12.569999694824219,12.579999923706055,12.529999732971191,12.537500381469727,9.915149860514994,548959,0.0,0.0,0.0,True
2015-04-29,12.640000343322754,12.640000343322754,12.369999885559082,12.391249656677246,9.799490200610608,837684,0.0,0.0,0.0,True
2015-04-30,12.27750015258789,12.322500228881836,12.229949951171875,12.28499984741211,9.814309076282413,930374,0.1248,0.0,0.0,True
2015-05-01,12.329999923706055,12.329999923706055,12.231100082397461,12.263750076293945,9.797333860470477,533711,0.0,0.0,0.0,True
2015-05-05,12.172499656677246,12.301400184631348,12.107799530029297,12.135000228881836,9.694476922544801,318258,0.0,0.0,0.0,True
2015-05-06,12.104999542236328,12.18970012664795,12.082799911499023,12.147500038146973,9.704461312827947,726067,0.0,0.0,0.0,True
2015-05-07,12.1225004196167,12.227499961853027,12.074999809265137,12.21500015258789,9.758387339637062,1896152,0.0,0.0,0.0,True
2015-05-08,12.302499771118164,12.404500007629395,12.225000381469727,12.28499984741211,9.814309076282413,370045,0.0,0.0,0.0,True
2015-05-11,12.265000343322754,12.279000282287598,12.227899551391602,12.229999542236328,9.770370360307425,809513,0.0,0.0,0.0,True
2015-05-12,12.177499771118164,12.195500373840332,12.105400085449219,12.146249771118164,9.703463457909828,379543,0.0,0.0,0.0,True
2015-05-13,12.157500267028809,12.239899635314941,12.137499809265137,12.137499809265137,9.696475552932018,656460,0.0,0.0,0.0,True
2015-05-14,12.164999961853027,12.166099548339844,12.09000015258789,12.135000228881836,9.694476922544801,575928,0.0,0.0,0.0,True
2015-05-15,12.164999961853027,12.252599716186523,12.147500038146973,12.2475004196167,9.784352011365003,989092,0.0,0.0,0.0,True
2015-05-18,12.260000228881836,12.274900436401367,12.169899940490723,12.181249618530273,9.731424812991001,454412,0.0,0.0,0.0,True
2015-05-19,12.237500190734863,12.264900207519531,12.143899917602539,12.175000190734863,9.726431644332434,267892,0.0,0.0,0.0,True
2015-05-20,12.175000190734863,12.19419002532959,12.124899864196777,12.15999984741211,9.714446676628086,615009,0.0,0.0,0.0,True
2015-05-21,12.15999984741211,12.192079544067383,12.135000228881836,12.15999984741211,9.714446676628086,296339,0.0,0.0,0.0,True
2015-05-22,12.210000038146973,12.225000381469727,12.15530014038086,12.204999923706055,9.750398659190154,485474,0.0,0.0,0.0,True
2015-05-26,12.262499809265137,12.269599914550781,12.19729995727539,12.255000114440918,9.790341087907702,1140075,0.0,0.0,0.0,True
2015-05-27,12.220000267028809,12.267499923706055,12.214900016784668,12.241250038146973,9.779358842706438,236017,0.0,0.0,0.0,True
2015-05-28,12.282500267028809,12.302599906921387,12.152899742126465,12.272500038146973,9.804323712482274,737809,0.0,0.0,0.0,True
2015-05-29,12.3100004196167,12.337499618530273,12.289999961853027,12.332500457763672,9.852254821646731,162432,0.0,0.0,0.0,True
2015-06-01,12.352499961853027,12.352499961853027,12.281550407409668,12.287500381469727,9.81630770666963,2910846,0.0,0.0,0.0,True
2015-06-02,12.255000114440918,12.264900207519531,12.170000076293945,12.171250343322754,9.723436132544093,790792,0.0,0.0,0.0,True
2015-06-03,12.192500114440918,12.192500114440918,12.039999961853027,12.045000076293945,9.62257685148864,323309,0.0,0.0,0.0,True
2015-06-04,12.020000457763672,12.1274995803833,11.93649959564209,12.112500190734863,9.67650190478076,1085520,0.0,0.0,0.0,True
2015-06-05,12.085000038146973,12.104900360107422,12.032679557800293,12.074999809265137,9.646542892829364,453240,0.0,0.0,0.0,True
2015-06-08,12.077500343322754,12.09768009185791,12.050000190734863,12.09000015258789,9.658525913499728,249213,0.0,0.0,0.0,True
2015-06-09,12.085000038146973,12.117400169372559,12.012499809265137,12.023750305175781,9.605600662159711,258592,0.0,0.0,0.0,True
2015-06-10,11.992500305175781,12.020279884338379,11.967399597167969,11.979999542236328,9.57064556099877,415062,0.0,0.0,0.0,True
2015-06-11,11.989999771118164,12.058099746704102,11.954999923706055,12.057499885559082,9.632562215288779,694840,0.0,0.0,0.0,True
2015-06-12,12.077500343322754,12.164999961853027,12.053199768066406,12.118749618530273,9.681493126405341,473422,0.0,0.0,0.0,True
2015-06-15,12.192500114440918,12.192500114440918,12.089900016784668,12.103750228881836,9.669512052768965,249036,0.0,0.0,0.0,True
2015-06-16,12.100000381469727,12.170000076293945,12.087400436401367,12.123749732971191,9.685488440145788,159992,0.0,0.0,0.0,True
2015-06-17,12.132499694824219,12.157500267028809,12.039999961853027,12.047499656677246,9.62457353484187,325023,0.0,0.0,0.0,True
2015-06-18,11.994999885559082,12.14490032196045,11.994999885559082,12.055000305175781,9.630565531935549,582844,0.0,0.0,0.0,True
2015-06-19,12.077500343322754,12.125450134277344,12.072500228881836,12.085000038146973,9.654531573276273,2412572,0.0,0.0,0.0,True
2015-06-22,12.029999732971191,12.050700187683105,11.975000381469727,11.994999885559082,9.582632475737105,209020,0.0,0.0,0.0,True
2015-06-23,11.989999771118164,12.042499542236328,11.9399995803833,11.994999885559082,9.582632475737105,283067,0.0,0.0,0.0,True
2015-06-24,11.970000267028809,12.017399787902832,11.954999923706055,11.989999771118164,9.578638135513652,362419,0.0,0.0,0.0,True
2015-06-25,12.010000228881836,12.03499984741211,11.976630210876465,12.0024995803833,9.588623499313789,570033,0.0,0.0,0.0,True
2015-06-26,12.012499809265137,12.026000022888184,11.933250427246094,11.960000038146973,9.554673067689919,827865,0.0,0.0,0.0,True
2015-06-29,12.074999809265137,12.157500267028809,12.020700454711914,12.0649995803833,9.638554212382457,3604093,0.0,0.0,0.0,True
2015-06-30,12.072500228881836,12.143930435180664,12.072500228881836,12.118749618530273,9.681493126405341,561642,0.0,0.0,0.0,True
2015-07-01,12.104999542236328,12.107500076293945,11.973199844360352,12.005000114440918,9.590621156184014,230915,0.0,0.0,0.0,True
2015-07-02,11.989999771118164,12.045000076293945,11.949000358581543,12.032500267028809,9.612591487688501,1450525,0.0,0.0,0.0,True
2015-07-03,12.0600004196167,12.119999885559082,12.039730072021484,12.112500190734863,9.67650190478076,194593,0.0,0.0,0.0,True
2015-07-06,12.147500038146973,12.196229934692383,12.07699966430664,12.095000267028809,9.662522200757168,4456783,0.0,0.0,0.0,True
2015-07-07,12.09749984741211,12.28499984741211,12.088580131530762,12.270000457763672,9.802324108578064,417618,0.0,0.0,0.0,True
2015-07-08,12.34000015258789,12.34000015258789,12.194499969482422,12.217499732971191,9.760384996507286,1231322,0.0,0.0,0.0,True
2015-07-09,12.192500114440918,12.280179977416992,12.149999618530273,12.15999984741211,9.714446676628086,235307,0.0,0.0,0.0,True
2015-07-10,12.0600004196167,12.095879554748535,12.020099639892578,12.045000076293945,9.62257685148864,2945482,0.0,0.0,0.0,True
2015-07-13,12.037500381469727,12.037500381469727,11.949999809265137,12.0024995803833,9.588623499313789,404909,0.0,0.0,0.0,True
2015-07-14,12.017499923706055,12.017499923706055,11.945599555969238,11.979999542236328,9.57064556099877,584307,0.0,0.0,0.0,True
2015-07-15,12.012499809265137,12.015000343322754,11.960000038146973,12.010000228881836,9.594614522890474,1337457,0.0,0.0,0.0,True
2015-07-16,11.994999885559082,12.052499771118164,11.97249984741211,12.039999961853027,9.618581537748192,802439,0.0,0.0,0.0,True
2015-07-17,12.100000381469727,12.100000381469727,12.020000457763672,12.042499542236328,9.62057724758443,1650049,0.0,0.0,0.0,True
2015-07-20,12.039999961853027,12.089500427246094,12.015199661254883,12.039999961853027,9.618581537748192,441008,0.0,0.0,0.0,True
2015-07-21,12.037500381469727,12.060799598693848,11.984999656677246,12.024999618530273,9.60659851707783,616156,0.0,0.0,0.0,True
2015-07-22,12.055000305175781,12.104999542236328,12.040749549865723,12.104999542236328,9.670509907687084,710631,0.0,0.0,0.0,True
2015-07-23,12.100000381469727,12.133000373840332,12.095000267028809,12.117500305175781,9.680495271487223,416912,0.0,0.0,0.0,True
2015-07-24,12.147500038146973,12.227999687194824,12.147500038146973,12.210000038146973,9.75439105237962,565375,0.0,0.0,0.0,True
2015-07-27,12.210000038146973,12.267999649047852,12.210000038146973,12.237500190734863,9.776362357401101,383349,0.0,0.0,0.0,True
2015-07-28,12.220000267028809,12.229999542236328,12.185500144958496,12.229999542236328,9.770370360307425,353547,0.0,0.0,0.0,True
2015-07-29,12.25,12.25,12.177499771118164,12.1875,9.736417008132573,397416,0.0,0.0,0.0,True
2015-07-30,12.1850004196167,12.22700023651123,12.175000190734863,12.210000038146973,9.75439105237962,676903,0.0,0.0,0.0,True
2015-07-31,12.21500015258789,12.30519962310791,12.192500114440918,12.297499656677246,9.824294440082552,623105,0.0,0.0,0.0,True
2015-08-03,12.265000343322754,12.337499618530273,12.262499809265137,12.337499618530273,9.856250135387178,5534129,0.0,0.0,0.0,True
2015-08-04,12.350000381469727,12.371999740600586,12.317500114440918,12.324999809265137,9.846262824553053,209634,0.0,0.0,0.0,True
2015-08-05,12.295000076293945,12.312999725341797,12.20199966430664,12.21500015258789,9.758387339637062,451914,0.0,0.0,0.0,True
2015-08-06,12.22249984741211,12.311249732971191,12.220199584960938,12.307499885559082,9.832285067563447,240673,0.0,0.0,0.0,True
2015-08-07,12.375,12.392499923706055,12.277999877929688,12.392499923706055,9.900192745430141,342456,0.0,0.0,0.0,True
2015-08-10,12.369999885559082,12.390000343322754,12.303000450134277,12.3125,9.8362794077869,299423,0.0,0.0,0.0,True
2015-08-11,12.329999923706055,12.417499542236328,12.32800006866455,12.40250015258789,9.908177531809077,875617,0.0,0.0,0.0,True
2015-08-12,12.5,12.510000228881836,12.389699935913086,12.420000076293945,9.922158209349663,1248694,0.0,0.0,0.0,True
2015-08-13,12.327500343322754,12.388750076293945,12.3100004196167,12.364999771118164,9.878219493374674,323657,0.0,0.0,0.0,True
2015-08-14,12.34000015258789,12.366999626159668,12.300350189208984,12.327500343322754,9.848261454940271,335244,0.0,0.0,0.0,True
2015-08-17,12.324999809265137,12.380000114440918,12.324999809265137,12.380000114440918,9.89020348756203,946805,0.0,0.0,0.0,True
2015-08-18,12.3774995803833,12.397199630737305,12.297200202941895,12.319999694824219,9.842269457846593,775989,0.0,0.0,0.0,True
2015-08-19,12.319999694824219,12.350000381469727,12.282500267028809,12.350000381469727,9.866238419738297,611030,0.0,0.0,0.0,True
2015-08-20,12.387499809265137,12.447199821472168,12.372200012207031,12.425000190734863,9.92615352309011,743964,0.0,0.0,0.0,True
2015-08-21,12.470000267028809,12.492500305175781,12.442850112915039,12.492500305175781,9.980077602865238,773736,0.0,0.0,0.0,True
2015-08-24,12.470000267028809,12.604700088500977,12.46500015258789,12.494999885559082,9.982074286218468,3498775,0.0,0.0,0.0,True
2015-08-25,12.425000190734863,12.501399993896484,12.3818998336792,12.392499923706055,9.900192745430141,2147106,0.0,0.0,0.0,True
2015-08-26,12.432499885559082,12.454400062561035,12.327500343322754,12.327500343322754,9.848261454940271,312948,0.0,0.0,0.0,True
2015-08-27,12.239999771118164,12.347200393676758,12.239999771118164,12.3125,9.8362794077869,1685915,0.0,0.0,0.0,True
2015-08-28,12.385000228881836,12.404999732971191,12.3100004196167,12.3100004196167,9.834281750916677,2229497,0.0,0.0,0.0,True
2015-09-01,12.272500038146973,12.369999885559082,12.272500038146973,12.327500343322754,9.848261454940271,961593,0.0,0.0,0.0,True
2015-09-02,12.3125,12.37969970703125,12.3125,12.34000015258789,9.858248765774396,399880,0.0,0.0,0.0,True
2015-09-03,12.302499771118164,12.387499809265137,12.302499771118164,12.362500190734863,9.876222810021442,410525,0.0,0.0,0.0,True
2015-09-04,12.387499809265137,12.470000267028809,12.387499809265137,12.46500015258789,9.958109218394737,385017,0.0,0.0,0.0,True
2015-09-07,12.489999771118164,12.489999771118164,12.433079719543457,12.489999771118164,9.978079945995015,321059,0.0,0.0,0.0,True
2015-09-08,12.477499961853027,12.486129760742188,12.4350004196167,12.444999694824219,9.942130883983927,457576,0.0,0.0,0.0,True
2015-09-09,12.399999618530273,12.43970012664795,12.377799987792969,12.404999732971191,9.9101751886793,215201,0.0,0.0,0.0,True
2015-09-10,12.4399995803833,12.462499618530273,12.395000457763672,12.395000457763672,9.902185534715398,380653,0.0,0.0,0.0,True
2015-09-11,12.444999694824219,12.449999809265137,12.385299682617188,12.447500228881836,9.944129514371143,698530,0.0,0.0,0.0,True
2015-09-14,12.430000305175781,12.45337963104248,12.40250015258789,12.417499542236328,9.920162499513426,674491,0.0,0.0,0.0,True
2015-09-15,12.407500267028809,12.427200317382812,12.350000381469727,12.367500305175781,9.880219097278884,690975,0.0,0.0,0.0,True
2015-09-16,12.327500343322754,12.347200393676758,12.264200210571289,12.307499885559082,9.832285067563447,311628,0.0,0.0,0.0,True
2015-09-17,12.300000190734863,12.320079803466797,12.27750015258789,12.289999961853027,9.818303416505868,297339,0.0,0.0,0.0,True
2015-09-18,12.382499694824219,12.434700012207031,12.364999771118164,12.412500381469727,9.916166212255984,1128556,0.0,0.0,0.0,True
2015-09-21,12.449999809265137,12.449999809265137,12.34000015258789,12.350000381469727,9.866238419738297,323930,0.0,0.0,0.0,True
2015-09-22,12.404999732971191,12.47249984741211,12.356380462646484,12.462499618530273,9.956111561524512,373602,0.0,0.0,0.0,True
2015-09-23,12.460000038146973,12.464699745178223,12.425749778747559,12.460000038146973,9.954110984103309,534654,0.0,0.0,0.0,True
2015-09-24,12.452500343322754,12.531900405883789,12.425299644470215,12.507499694824219,9.9920606235356,368089,0.0,0.0,0.0,True
2015-09-25,12.479999542236328,12.479999542236328,12.392499923706055,12.414999961853027,9.918163869126209,341964,0.0,0.0,0.0,True
2015-09-28,12.420000076293945,12.479999542236328,12.420000076293945,12.470000267028809,9.96210355861819,798526,0.0,0.0,0.0,True
2015-09-29,12.512499809265137,12.521650314331055,12.45913028717041,12.5024995803833,9.988066283312147,221203,0.0,0.0,0.0,True
2015-09-30,12.539999961853027,12.539999961853027,12.447500228881836,12.4975004196167,9.984071943088692,319657,0.0,0.0,0.0,True
2015-10-01,12.479999542236328,12.522500038146973,12.463950157165527,12.523750305175781,10.005041499124081,453825,0.0,0.0,0.0,True
2015-10-02,12.5024995803833,12.622200012207031,12.460000038146973,12.5649995803833,10.037997969897807,1623315,0.0,0.0,0.0,True
2015-10-05,12.532500267028809,12.570249557495117,12.444999694824219,12.462499618530273,9.956111561524512,1091973,0.0,0.0,0.0,True
2015-10-06,12.454999923706055,12.461700439453125,12.401650428771973,12.444999694824219,9.942130883983927,489106,0.0,0.0,0.0,True
2015-10-07,12.420000076293945,12.466150283813477,12.362500190734863,12.404999732971191,9.9101751886793,519465,0.0,0.0,0.0,True
2015-10-08,12.430000305175781,12.457200050354004,12.390000343322754,12.401249885559082,9.907178703373964,855586,0.0,0.0,0.0,True
2015-10-09,12.3725004196167,12.420000076293945,12.345100402832031,12.363750457763672,9.877223585490542,742739,0.0,0.0,0.0,True
2015-10-12,12.289999961853027,12.414999961853027,12.289999961853027,12.40999984741211,9.914167581868767,645911,0.0,0.0,0.0,True
2015-10-13,12.412500381469727,12.464799880981445,12.3774995803833,12.387499809265137,9.896195484655706,914193,0.0,0.0,0.0,True
2015-10-14,12.425000190734863,12.464400291442871,12.412799835205078,12.462499618530273,9.956111561524512,250073,0.0,0.0,0.0,True
2015-10-15,12.369999885559082,12.47249984741211,12.369999885559082,12.449999809265137,9.946126197724373,1600773,0.0,0.0,0.0,True
2015-10-16,12.4399995803833,12.487099647521973,12.40999984741211,12.422499656677246,9.924155866219886,1838944,0.0,0.0,0.0,True
2015-10-19,12.385000228881836,12.416399955749512,12.3725004196167,12.382499694824219,9.89220017091526,1547142,0.0,0.0,0.0,True
2015-10-20,12.40250015258789,12.417900085449219,12.342499732971191,12.357500076293945,9.872227496280995,988215,0.0,0.0,0.0,True
2015-10-21,12.359999656677246,12.425000190734863,12.359999656677246,12.417499542236328,9.920162499513426,532405,0.0,0.0,0.0,True
2015-10-22,12.414999961853027,12.442500114440918,12.395000457763672,12.427499771118164,9.928152153477328,995709,0.0,0.0,0.0,True
2015-10-23,12.422499656677246,12.455599784851074,12.359999656677246,12.359999656677246,9.874225153151219,712499,0.0,0.0,0.0,True
2015-10-26,12.454999923706055,12.454999923706055,12.345100402832031,12.4037504196167,9.909177333761182,423795,0.0,0.0,0.0,True
2015-10-27,12.414999961853027,12.479999542236328,12.404999732971191,12.47249984741211,9.964098294937434,458003,0.0,0.0,0.0,True
2015-10-28,12.452500343322754,12.47249984741211,12.412500381469727,12.442500114440918,9.94013517414769,527799,0.0,0.0,0.0,True
2015-10-29,12.390000343322754,12.413800239562988,12.3100004196167,12.3100004196167,9.834281750916677,769590,0.0,0.0,0.0,True
2015-10-30,12.335000038146973,12.354999542236328,12.2878999710083,12.332500457763672,9.852254821646731,477754,0.0,0.0,0.0,True
2015-11-02,12.350000381469727,12.350000381469727,12.297499656677246,12.3149995803833,9.838275117623139,723607,0.0,0.0,0.0,True
2015-11-03,12.244999885559082,12.343799591064453,12.244999885559082,12.274999618530273,9.806319422318511,572218,0.0,0.0,0.0,True
2015-11-04,12.260000228881836,12.270000457763672,12.198699951171875,12.227499961853027,9.768374650471188,533086,0.0,0.0,0.0,True
2015-11-05,12.180000305175781,12.292499542236328,12.180000305175781,12.274999618530273,9.806319422318511,4850475,0.0,0.0,0.0,True
2015-11-06,12.182499885559082,12.320300102233887,12.182499885559082,12.220000267028809,9.762381679860516,686774,0.0,0.0,0.0,True
2015-11-09,12.204999923706055,12.222000122070312,12.15250015258789,12.21500015258789,9.758387339637062,305050,0.0,0.0,0.0,True
2015-11-10,12.210000038146973,12.253399848937988,12.210000038146973,12.237500190734863,9.776362357401101,715803,0.0,0.0,0.0,True
2015-11-11,12.3100004196167,12.3100004196167,12.204999923706055,12.210000038146973,9.75439105237962,467474,0.0,0.0,0.0,True
2015-11-12,12.220000267028809,12.220000267028809,12.08240032196045,12.1274995803833,9.789100827258254,279797,0.1255,0.0,0.0,True
2015-11-13,12.182499885559082,12.182499885559082,12.127099990844727,12.162500381469727,9.817351316886434,681484,0.0,0.0,0.0,True
2015-11-16,12.172499656677246,12.194999694824219,12.151200294494629,12.194999694824219,9.843586626338508,1857170,0.0,0.0,0.0,True
2015-11-17,12.1899995803833,12.202699661254883,12.140000343322754,12.15999984741211,9.815334189676344,338411,0.0,0.0,0.0,True
2015-11-18,12.125,12.219900131225586,12.125,12.197500228881836,9.845604727065592,357103,0.0,0.0,0.0,True
2015-11-19,12.225000381469727,17.405099868774414,12.207500457763672,12.242500305175781,9.881925672568114,209157,0.0,0.0,0.0,True
2015-11-20,12.227499961853027,12.267499923706055,12.223699569702148,12.267499923706055,9.902105706321949,394771,0.0,0.0,0.0,True
2015-11-23,12.237500190734863,12.255000114440918,12.203800201416016,12.255000114440918,9.892015202686535,380123,0.0,0.0,0.0,True
2015-11-24,12.255000114440918,12.302499771118164,12.255000114440918,12.265000343322754,9.90008857911186,433536,0.0,0.0,0.0,True
2015-11-25,12.359999656677246,12.359999656677246,12.244999885559082,12.262499809265137,9.89806853135079,878341,0.0,0.0,0.0,True
2015-11-26,12.270000457763672,12.31760025024414,12.265000343322754,12.3125,9.938431519409438,266980,0.0,0.0,0.0,True
2015-11-27,12.319999694824219,12.350000381469727,12.307499885559082,12.34749984741211,9.966682009037617,346152,0.0,0.0,0.0,True
2015-11-30,12.3125,12.364999771118164,12.30620002746582,12.34000015258789,9.960627706856368,218525,0.0,0.0,0.0,True
2015-12-01,12.305000305175781,12.427499771118164,12.287500381469727,12.427499771118164,10.031258311753284,462559,0.0,0.0,0.0,True
2015-12-02,12.375,12.445099830627441,12.375,12.4375,10.039329741144622,284240,0.0,0.0,0.0,True
2015-12-03,12.432499885559082,12.432499885559082,12.28499984741211,12.287500381469727,9.918251485655604,536836,0.0,0.0,0.0,True
2015-12-04,12.380000114440918,12.380000114440918,12.1899995803833,12.241250038146973,9.880919055997056,502288,0.0,0.0,0.0,True
2015-12-07,12.332500457763672,12.380000114440918,12.2524995803833,12.380000114440918,9.992915371455705,382460,0.0,0.0,0.0,True
2015-12-08,12.399999618530273,12.407500267028809,12.348799705505371,12.392499923706055,10.003007822125106,700677,0.0,0.0,0.0,True
2015-12-09,12.385000228881836,12.385000228881836,12.297499656677246,12.30875015258789,9.93540485507731,296998,0.0,0.0,0.0,True
2015-12-10,12.357500076293945,12.3774995803833,12.324999809265137,12.323749542236328,9.947509565371835,345659,0.0,0.0,0.0,True
2015-12-11,12.329999923706055,12.401300430297852,12.316300392150879,12.3725004196167,9.986861069274457,346594,0.0,0.0,0.0,True
2015-12-14,12.267499923706055,12.397500038146973,12.267499923706055,12.375,9.988880143518534,247137,0.0,0.0,0.0,True
2015-12-15,12.467499732971191,12.467499732971191,12.217499732971191,12.227499961853027,9.869822909307578,657470,0.0,0.0,0.0,True
2015-12-16,12.244999885559082,12.244999885559082,12.202500343322754,12.202500343322754,9.849638981485771,681475,0.0,0.0,0.0,True
2015-12-17,12.272500038146973,12.300000190734863,12.225000381469727,12.292499542236328,9.922283793041796,412623,0.0,0.0,0.0,True
2015-12-18,12.34000015258789,12.352499961853027,12.282600402832031,12.324999809265137,9.948519102493872,232168,0.0,0.0,0.0,True
2015-12-21,12.25,12.359999656677246,12.232500076293945,12.359999656677246,9.976770565639043,415257,0.0,0.0,0.0,True
2015-12-22,12.432499885559082,12.432499885559082,12.257499694824219,12.292499542236328,9.922283793041796,426688,0.0,0.0,0.0,True
2015-12-23,12.25,12.267499923706055,12.199999809265137,12.210000038146973,9.855692310150026,212345,0.0,0.0,0.0,True
2015-12-24,12.210000038146973,12.265000343322754,12.205599784851074,12.265000343322754,9.90008857911186,151184,0.0,0.0,0.0,True
2015-12-29,12.145000457763672,12.292099952697754,12.145000457763672,12.234999656677246,9.87587234390386,326588,0.0,0.0,0.0,True
2015-12-30,12.1899995803833,12.220100402832031,12.154999732971191,12.170000076293945,9.823406592584675,251649,0.0,0.0,0.0,True
2015-12-31,12.25,12.25,12.166399955749512,12.1850004196167,9.83551519694717,77576,0.0,0.0,0.0,True
2016-01-04,12.270000457763672,12.3100004196167,12.237799644470215,12.292499542236328,9.922283793041796,335865,0.0,0.0,0.0,True
2016-01-05,12.289999961853027,12.30109977722168,12.235400199890137,12.295000076293945,9.924305787836852,344676,0.0,0.0,0.0,True
2016-01-06,12.329999923706055,12.378000259399414,12.314000129699707,12.367500305175781,9.98282681485428,847344,0.0,0.0,0.0,True
2016-01-07,12.407500267028809,12.465399742126465,12.322500228881836,12.350000381469727,9.968701083281692,356595,0.0,0.0,0.0,True
2016-01-08,12.382499694824219,12.40999984741211,12.327500343322754,12.399999618530273,10.009057256721388,371356,0.0,0.0,0.0,True
2016-01-11,12.382499694824219,12.385000228881836,12.333999633789062,12.367500305175781,9.98282681485428,504710,0.0,0.0,0.0,True
2016-01-12,12.342499732971191,12.406000137329102,12.335000038146973,12.40250015258789,10.01107535744847,199010,0.0,0.0,0.0,True
2016-01-13,12.390000343322754,12.414999961853027,12.279999732971191,12.404999732971191,10.01309540520954,768700,0.0,0.0,0.0,True
2016-01-14,12.425000190734863,12.482999801635742,12.417499542236328,12.4399995803833,10.041347841871705,602994,0.0,0.0,0.0,True
2016-01-15,12.430000305175781,12.510000228881836,12.430000305175781,12.488750457763672,10.080695451706356,523015,0.0,0.0,0.0,True
2016-01-18,12.520000457763672,12.552499771118164,12.442500114440918,12.457500457763672,10.055471626410304,456535,0.0,0.0,0.0,True
2016-01-19,12.4350004196167,12.467399597167969,12.390000343322754,12.447500228881836,10.04740117053596,520730,0.0,0.0,0.0,True
2016-01-20,12.520000457763672,12.566570281982422,12.440199851989746,12.53499984741211,10.118029828398889,3854272,0.0,0.0,0.0,True
2016-01-21,12.5024995803833,12.547499656677246,12.475000381469727,12.492500305175781,10.083723089555477,2034786,0.0,0.0,0.0,True
2016-01-22,12.457500457763672,12.492400169372559,12.3774995803833,12.449999809265137,10.04941829774605,681525,0.0,0.0,0.0,True
2016-01-25,12.484999656677246,12.5024995803833,12.470000267028809,12.494999885559082,10.085739243248572,430971,0.0,0.0,0.0,True
2016-01-26,12.539999961853027,12.56350040435791,12.494000434875488,12.511249542236328,10.098859331767093,329673,0.0,0.0,0.0,True
2016-01-27,12.529999732971191,12.562199592590332,12.484000205993652,12.4975004196167,10.087759291009641,600179,0.0,0.0,0.0,True
2016-01-28,12.412500381469727,12.581000328063965,12.412500381469727,12.538749694824219,10.12105454569703,390687,0.0,0.0,0.0,True
2016-01-29,12.592499732971191,12.661499977111816,12.565799713134766,12.640000343322754,10.202784217834406,2753036,0.0,0.0,0.0,True
2016-02-01,12.642499923706055,12.654999732971191,12.552499771118164,12.567500114440918,10.144261243782992,490071,0.0,0.0,0.0,True
2016-02-02,12.579999923706055,12.66349983215332,12.579500198364258,12.630000114440918,10.194708894375093,270238,0.0,0.0,0.0,True
2016-02-03,12.635000228881836,12.70259952545166,12.60099983215332,12.672499656677246,10.229013686184521,319896,0.0,0.0,0.0,True
2016-02-04,12.602499961853027,12.68910026550293,12.602499961853027,12.637499809265137,10.20076514359033,489103,0.0,0.0,0.0,True
2016-02-05,12.657500267028809,12.662500381469727,12.593000411987305,12.632499694824219,10.196728942136163,337090,0.0,0.0,0.0,True
2016-02-08,12.680000305175781,12.8100004196167,12.63599967956543,12.802499771118164,10.333951029924851,1027296,0.0,0.0,0.0,True
2016-02-09,12.569999694824219,12.819999694824219,12.569999694824219,12.779999732971191,10.315787149864112,451256,0.0,0.0,0.0,True
2016-02-10,12.694999694824219,12.807499885559082,12.694999694824219,12.7787504196167,10.314777612742075,2666273,0.0,0.0,0.0,True
2016-02-11,12.854999542236328,12.958900451660156,12.829500198364258,12.927499771118164,10.434845357592062,1201548,0.0,0.0,0.0,True
2016-02-12,12.697500228881836,12.902600288391113,12.697500228881836,12.762499809265137,10.30166239180852,480857,0.0,0.0,0.0,True
2016-02-15,12.7475004196167,12.795000076293945,12.698599815368652,12.7475004196167,10.28955281392903,1933122,0.0,0.0,0.0,True
2016-02-16,12.729999542236328,12.770600318908691,12.70829963684082,12.755000114440918,10.295609063144266,1439340,0.0,0.0,0.0,True
2016-02-17,12.782500267028809,12.78689956665039,12.65999984741211,12.680000305175781,10.235070908916748,770490,0.0,0.0,0.0,True
2016-02-18,12.75,12.750399589538574,12.65999984741211,12.737500190734863,10.281483331571678,593330,0.0,0.0,0.0,True
2016-02-19,12.744999885559082,12.801899909973145,12.723600387573242,12.755000114440918,10.295609063144266,2099834,0.0,0.0,0.0,True
2016-02-22,12.694999694824219,12.77245044708252,12.694999694824219,12.772500038146973,10.309732847682865,660099,0.0,0.0,0.0,True
2016-02-23,12.767499923706055,12.908300399780273,12.660900115966797,12.729999542236328,10.275427082356444,292795,0.0,0.0,0.0,True
2016-02-24,12.757499694824219,12.829400062561035,12.75,12.805000305175781,10.335967183617946,261278,0.0,0.0,0.0,True
2016-02-25,12.800000190734863,12.809399604797363,12.695500373840332,12.75,10.291570914656113,473863,0.0,0.0,0.0,True
2016-02-26,12.739999771118164,12.769499778747559,12.641500473022461,12.699999809265137,10.251211820665437,419805,0.0,0.0,0.0,True
2016-02-29,12.739999771118164,12.819499969482422,12.729999542236328,12.8100004196167,10.340001438038126,701876,0.0,0.0,0.0,True
2016-03-01,12.897500038146973,12.897500038146973,12.75100040435791,12.760000228881836,10.299643317564444,656966,0.0,0.0,0.0,True
2016-03-02,12.697500228881836,12.765299797058105,12.677000045776367,12.699999809265137,10.251211820665437,597573,0.0,0.0,0.0,True
2016-03-03,12.765000343322754,12.765000343322754,12.684000015258789,12.765000343322754,10.303680492535603,259798,0.0,0.0,0.0,True
2016-03-04,12.7475004196167,12.786499977111816,12.6899995803833,12.697500228881836,10.249196640489336,519289,0.0,0.0,0.0,True
2016-03-07,12.712499618530273,12.744400024414062,12.670599937438965,12.699999809265137,10.251211820665437,485085,0.0,0.0,0.0,True
2016-03-08,12.710000038146973,12.850000381469727,12.704000473022461,12.84000015258789,10.364220593797105,1732519,0.0,0.0,0.0,True
2016-03-09,12.850000381469727,12.850000381469727,12.710000038146973,12.737500190734863,10.281483331571678,420964,0.0,0.0,0.0,True
2016-03-10,12.675000190734863,12.824999809265137,12.675000190734863,12.697500228881836,10.249196640489336,446172,0.0,0.0,0.0,True
2016-03-11,12.6850004196167,12.724699974060059,12.640000343322754,12.640000343322754,10.202784217834406,603215,0.0,0.0,0.0,True
2016-03-14,12.672499656677246,12.714500427246094,12.64229965209961,12.694999694824219,10.247178539762253,949598,0.0,0.0,0.0,True
2016-03-15,12.569999694824219,12.751099586486816,12.569999694824219,12.697500228881836,10.249196640489336,1003992,0.0,0.0,0.0,True
2016-03-16,12.6899995803833,12.739999771118164,12.682000160217285,12.682499885559082,10.237087062609845,2593542,0.0,0.0,0.0,True
2016-03-17,12.774999618530273,12.810600280761719,12.71500015258789,12.755000114440918,10.295609063144266,997613,0.0,0.0,0.0,True
2016-03-18,12.779999732971191,12.791000366210938,12.73900032043457,12.774999618530273,10.311753868960928,587891,0.0,0.0,0.0,True
2016-03-21,12.779999732971191,12.784500122070312,12.712499618530273,12.734999656677246,10.279465230844597,474832,0.0,0.0,0.0,True
2016-03-22,12.717499732971191,12.786499977111816,12.717499732971191,12.748749732971191,10.290564298085055,372216,0.0,0.0,0.0,True
2016-03-23,12.779999732971191,12.779999732971191,12.68850040435791,12.757499694824219,10.297626190354354,736036,0.0,0.0,0.0,True
2016-03-24,12.789999961853027,12.807000160217285,12.725000381469727,12.739999771118164,10.283499485264775,954828,0.0,0.0,0.0,True
2016-03-29,12.77750015258789,12.800000190734863,12.719900131225586,12.774999618530273,10.311753868960928,807699,0.0,0.0,0.0,True
2016-03-30,12.802499771118164,12.802800178527832,12.714500427246094,12.729999542236328,10.275427082356444,652917,0.0,0.0,0.0,True
2016-03-31,12.774999618530273,12.81149959564209,12.763999938964844,12.792499542236328,10.32587862701652,861112,0.0,0.0,0.0,True
2016-04-01,12.8149995803833,12.8149995803833,12.734000205993652,12.78499984741211,10.319825298352265,733705,0.0,0.0,0.0,True
2016-04-04,12.805000305175781,12.8149995803833,12.737500190734863,12.787500381469727,10.321843399079347,829823,0.0,0.0,0.0,True
2016-04-05,12.832500457763672,12.875499725341797,12.775799751281738,12.827500343322754,10.354129116644698,1167604,0.0,0.0,0.0,True
2016-04-06,12.807499885559082,12.852499961853027,12.774999618530273,12.84749984741211,10.370272948944367,1022384,0.0,0.0,0.0,True
2016-04-07,12.84000015258789,12.912500381469727,12.824999809265137,12.907500267028809,10.418702498809386,299643,0.0,0.0,0.0,True
2016-04-08,12.885000228881836,12.894000053405762,12.833999633789062,12.842499732971191,10.366236747490202,415916,0.0,0.0,0.0,True
2016-04-11,12.862500190734863,12.882499694824219,12.782500267028809,12.795000076293945,10.327893807192622,756829,0.0,0.0,0.0,True
2016-04-12,12.800000190734863,12.800000190734863,12.724499702453613,12.742500305175781,10.285518559508851,341177,0.0,0.0,0.0,True
2016-04-13,12.737500190734863,12.787500381469727,12.712499618530273,12.78499984741211,10.319825298352265,767285,0.0,0.0,0.0,True
2016-04-14,12.802499771118164,12.807999610900879,12.732500076293945,12.772500038146973,10.309732847682865,288474,0.0,0.0,0.0,True
2016-04-15,12.78499984741211,12.822500228881836,12.769000053405762,12.802499771118164,10.333951029924851,480616,0.0,0.0,0.0,True
2016-04-18,12.8125,12.82349967956543,12.715999603271484,12.717499732971191,10.265339499272011,692447,0.0,0.0,0.0,True
2016-04-19,12.720000267028809,12.727499961853027,12.67650032043457,12.677499771118164,10.233052808189667,670926,0.0,0.0,0.0,True
2016-04-20,12.774999618530273,12.774999618530273,12.712499618530273,12.7524995803833,10.29358998890019,776594,0.0,0.0,0.0,True
2016-04-21,12.697500228881836,12.708800315856934,12.618499755859375,12.640000343322754,10.202784217834406,689952,0.0,0.0,0.0,True
2016-04-22,12.649999618530273,12.678000450134277,12.617500305175781,12.632499694824219,10.196728942136163,522229,0.0,0.0,0.0,True
2016-04-25,12.577500343322754,12.645000457763672,12.577500343322754,12.6274995803833,10.192692740681998,416861,0.0,0.0,0.0,True
2016-04-26,12.649999618530273,12.649999618530273,12.55150032043457,12.5625,10.140226015845819,592460,0.0,0.0,0.0,True
2016-04-27,12.507499694824219,12.621000289916992,12.507499694824219,12.602499961853027,10.17251465396215,924803,0.0,0.0,0.0,True
2016-04-28,12.672499656677246,12.6875,12.620499610900879,12.630000114440918,10.194708894375093,584667,0.0,0.0,0.0,True
2016-04-29,12.642499923706055,12.664999961853027,12.623000144958496,12.645000457763672,10.206819445771577,520389,0.0,0.0,0.0,True
2016-05-03,12.5600004196167,12.757499694824219,12.5600004196167,12.7475004196167,10.28955281392903,370696,0.0,0.0,0.0,True
2016-05-04,12.707500457763672,12.774999618530273,12.707500457763672,12.729999542236328,10.275427082356444,799996,0.0,0.0,0.0,True
2016-05-05,12.71500015258789,12.774999618530273,12.704000473022461,12.774999618530273,10.311753868960928,447018,0.0,0.0,0.0,True
2016-05-06,12.800000190734863,12.855299949645996,12.795000076293945,12.835000038146973,10.360184392342939,1585412,0.0,0.0,0.0,True
2016-05-09,12.858099937438965,12.858099937438965,12.802499771118164,12.819999694824219,10.348073840946457,325738,0.0,0.0,0.0,True
2016-05-10,12.807499885559082,12.838500022888184,12.791000366210938,12.827500343322754,10.354129116644698,1392943,0.0,0.0,0.0,True
2016-05-11,12.829999923706055,12.862000465393066,12.8149995803833,12.842499732971191,10.366236747490202,359479,0.0,0.0,0.0,True
2016-05-12,12.802499771118164,12.802499771118164,12.675000190734863,12.694999694824219,10.348060211708551,827293,0.1252,0.0,0.0,True
2016-05-13,12.712499618530273,12.7524995803833,12.708999633789062,12.734999656677246,10.3806652428477,617070,0.0,0.0,0.0,True
2016-05-16,12.765000343322754,12.767499923706055,12.711000442504883,12.729999542236328,10.376587180162822,420444,0.0,0.0,0.0,True
2016-05-17,12.7475004196167,12.751899719238281,12.6850004196167,12.739999771118164,10.384739411464603,1088649,0.0,0.0,0.0,True
2016-05-18,12.699999809265137,12.741999626159668,12.63860034942627,12.647500038146973,10.30934052033457,550526,0.0,0.0,0.0,True
2016-05-19,12.6899995803833,12.6899995803833,12.600000381469727,12.65250015258789,10.31341663598546,345678,0.0,0.0,0.0,True
2016-05-20,12.654999732971191,12.666000366210938,12.607999801635742,12.637499809265137,10.301190236066777,333182,0.0,0.0,0.0,True
2016-05-23,12.680000305175781,12.682000160217285,12.626999855041504,12.647500038146973,10.30934052033457,491684,0.0,0.0,0.0,True
2016-05-24,12.675000190734863,12.675000190734863,12.621899604797363,12.635000228881836,10.29915071796584,337453,0.0,0.0,0.0,True
2016-05-25,12.614999771118164,12.682499885559082,12.609999656677246,12.667499542236328,10.325643035904145,757040,0.0,0.0,0.0,True
2016-05-26,12.737500190734863,12.737500190734863,12.647600173950195,12.727499961853027,10.374549609095874,2901443,0.0,0.0,0.0,True
2016-05-27,12.739999771118164,12.7524995803833,12.706500053405762,12.720000267028809,10.368437869412022,390341,0.0,0.0,0.0,True
2016-05-31,12.692500114440918,12.755000114440918,12.667499542236328,12.755000114440918,10.396967758417274,204277,0.0,0.0,0.0,True
2016-06-01,12.770000457763672,12.83899974822998,12.745499610900879,12.832500457763672,10.460140249628623,430231,0.0,0.0,0.0,True
2016-06-02,12.742500305175781,12.852499961853027,12.742500305175781,12.850000381469727,10.474402273580269,729695,0.0,0.0,0.0,True
2016-06-03,12.84749984741211,12.940999984741211,12.835000038146973,12.9350004196167,10.543691372060437,658757,0.0,0.0,0.0,True
2016-06-06,12.9350004196167,12.951000213623047,12.890000343322754,12.90250015258789,10.517199054122132,1002294,0.0,0.0,0.0,True
2016-06-07,12.904999732971191,12.924500465393066,12.868499755859375,12.899999618530273,10.515158562504205,465238,0.0,0.0,0.0,True
2016-06-08,12.922499656677246,12.944999694824219,12.895500183105469,12.925000190734863,10.535539140758656,21152781,0.0,0.0,0.0,True
2016-06-09,12.970000267028809,12.992500305175781,12.947500228881836,12.960000038146973,10.56406708272992,245012,0.0,0.0,0.0,True
2016-06-10,12.989999771118164,13.004899978637695,12.949999809265137,12.984999656677246,10.584445713950386,233330,0.0,0.0,0.0,True
2016-06-13,13.074999809265137,13.074999809265137,12.979999542236328,12.989999771118164,10.588521829601275,318355,0.0,0.0,0.0,True
2016-06-14,13.055000305175781,13.130000114440918,13.03600025177002,13.092499732971191,10.672073925550082,236417,0.0,0.0,0.0,True
2016-06-15,13.0649995803833,13.157500267028809,13.008999824523926,13.157500267028809,10.725056614392702,729039,0.0,0.0,0.0,True
2016-06-16,13.1899995803833,13.1899995803833,13.097700119018555,13.1225004196167,10.69652672538745,337473,0.0,0.0,0.0,True
2016-06-17,13.170000076293945,13.170000076293945,13.052499771118164,13.055000305175781,10.641505491960888,589365,0.0,0.0,0.0,True
2016-06-20,13.020000457763672,13.036600112915039,12.917499542236328,12.925000190734863,10.535539140758656,520109,0.0,0.0,0.0,True
2016-06-21,12.850000381469727,12.933500289916992,12.850000381469727,12.87874984741211,10.497837748159652,383477,0.0,0.0,0.0,True
2016-06-22,12.782500267028809,12.882499694824219,12.782500267028809,12.850000381469727,10.474402273580269,3513248,0.0,0.0,0.0,True
2016-06-23,12.850000381469727,12.864999771118164,12.747599601745605,12.792499542236328,10.427535218489474,474271,0.0,0.0,0.0,True
2016-06-24,13.482500076293945,13.800000190734863,11.0,13.147500038146973,10.716906330124909,451188,0.0,0.0,0.0,True
2016-06-27,13.229999542236328,13.382499694824219,13.192500114440918,13.362500190734863,10.892157885739335,1034612,0.0,0.0,0.0,True
2016-06-28,13.34000015258789,13.36359977722168,13.281700134277344,13.352499961853027,10.884008574988535,439869,0.0,0.0,0.0,True
2016-06-29,13.34000015258789,13.418299674987793,13.297900199890137,13.395000457763672,10.918649230160646,415358,0.0,0.0,0.0,True
2016-06-30,13.345000267028809,13.495100021362305,13.326499938964844,13.462499618530273,10.973670463587208,3736189,0.0,0.0,0.0,True
2016-07-01,13.550000190734863,13.642900466918945,13.493499755859375,13.550000190734863,11.044994212583344,732857,0.0,0.0,0.0,True
2016-07-04,13.717499732971191,13.717499732971191,13.507100105285645,13.5600004196167,11.053144496851138,646656,0.0,0.0,0.0,True
2016-07-05,13.680000305175781,13.680000305175781,13.373600006103516,13.643750190734863,11.121414323039334,504041,0.0,0.0,0.0,True
2016-07-06,13.5,13.736300468444824,13.5,13.667499542236328,11.140770761416848,599914,0.0,0.0,0.0,True
2016-07-07,13.539999961853027,13.667900085449219,13.539999961853027,13.604999542236328,11.089825643641177,877919,0.0,0.0,0.0,True
2016-07-08,13.744999885559082,13.744999885559082,13.527799606323242,13.648750305175781,11.125489465173231,603599,0.0,0.0,0.0,True
2016-07-11,13.649999618530273,13.702099800109863,13.625,13.625,11.106128159210751,2129641,0.0,0.0,0.0,True
2016-07-12,13.59000015258789,13.6274995803833,13.545000076293945,13.545000076293945,11.040918096932453,1213060,0.0,0.0,0.0,True
2016-07-13,13.550000190734863,13.667499542236328,13.550000190734863,13.667499542236328,11.140770761416848,1222451,0.0,0.0,0.0,True
2016-07-14,13.612500190734863,13.630000114440918,13.524499893188477,13.612500190734863,11.095939330359016,677804,0.0,0.0,0.0,True
2016-07-15,13.609999656677246,13.619999885559082,13.502400398254395,13.537500381469727,11.034806357248602,398203,0.0,0.0,0.0,True
2016-07-18,13.555000305175781,13.567299842834473,13.514399528503418,13.539999961853027,11.036842954798557,222511,0.0,0.0,0.0,True
2016-07-19,13.5625,13.593500137329102,13.517499923706055,13.542499542236328,11.038880525865505,596763,0.0,0.0,0.0,True
2016-07-20,13.545000076293945,13.556300163269043,13.461299896240234,13.479999542236328,10.987933461055848,523606,0.0,0.0,0.0,True
2016-07-21,13.454999923706055,13.478799819946289,13.406200408935547,13.460000038146973,10.97163289252026,434062,0.0,0.0,0.0,True
2016-07-22,13.4975004196167,13.530599594116211,13.4621000289917,13.522500038146973,11.022578983812924,569583,0.0,0.0,0.0,True
2016-07-25,13.489999771118164,13.537500381469727,13.468000411987305,13.524999618530273,11.024614607845885,368001,0.0,0.0,0.0,True
2016-07-26,13.532500267028809,13.600600242614746,13.488699913024902,13.507499694824219,11.010349663343261,445355,0.0,0.0,0.0,True
2016-07-27,13.515000343322754,13.638099670410156,13.507499694824219,13.635000228881836,11.114279416995538,352321,0.0,0.0,0.0,True
2016-07-28,13.664999961853027,13.6806001663208,13.613699913024902,13.645000457763672,11.122433595331305,471375,0.0,0.0,0.0,True
2016-07-29,13.602499961853027,13.718099594116211,13.593799591064453,13.704999923706055,11.171338221489048,2070448,0.0,0.0,0.0,True
2016-08-01,13.729999542236328,13.729999542236328,13.646200180053711,13.664999961853027,11.138735137383886,501379,0.0,0.0,0.0,True
2016-08-02,13.600000381469727,13.6274995803833,13.543000221252441,13.569999694824219,11.061297701669911,348979,0.0,0.0,0.0,True
2016-08-03,13.579999923706055,13.619999885559082,13.567700386047363,13.604999542236328,11.089825643641177,447834,0.0,0.0,0.0,True
2016-08-04,13.609999656677246,13.833100318908691,13.576899528503418,13.8100004196167,11.25692983553879,562592,0.0,0.0,0.0,True
2016-08-05,13.8100004196167,13.870599746704102,13.386699676513672,13.822500228881836,11.26711671735654,480373,0.0,0.0,0.0,True
2016-08-08,13.797499656677246,13.894700050354004,13.797499656677246,13.892499923706055,11.324176495367043,1064696,0.0,0.0,0.0,True
2016-08-09,13.90250015258789,13.982500076293945,13.8725004196167,13.96500015258789,11.383273844444494,673460,0.0,0.0,0.0,True
2016-08-10,14.0,14.107500076293945,13.972800254821777,14.095000267028809,11.489239222129735,420062,0.0,0.0,0.0,True
2016-08-11,14.109999656677246,14.192999839782715,14.087699890136719,14.142499923706055,11.527958913503715,634520,0.0,0.0,0.0,True
2016-08-12,14.142499923706055,14.192500114440918,14.0826997756958,14.119999885559082,11.5096178533502,2406511,0.0,0.0,0.0,True
2016-08-15,14.149999618530273,14.151000022888184,14.035200119018555,14.069999694824219,11.46886059090927,598237,0.0,0.0,0.0,True
2016-08-16,14.0,14.107500076293945,13.990900039672852,13.9975004196167,11.409765188865805,600116,0.0,0.0,0.0,True
2016-08-17,14.022500038146973,14.03849983215332,13.944100379943848,13.987500190734863,11.401613931081018,450793,0.0,0.0,0.0,True
2016-08-18,14.029999732971191,14.045000076293945,14.0,14.032500267028809,11.438294104354062,475853,0.0,0.0,0.0,True
2016-08-19,14.022500038146973,14.037500381469727,13.924400329589844,13.9375,11.360858615674076,1350843,0.0,0.0,0.0,True
2016-08-22,13.975000381469727,14.029500007629395,13.946599960327148,14.010000228881836,11.419953044200547,478488,0.0,0.0,0.0,True
2016-08-23,14.007499694824219,14.099499702453613,13.989999771118164,14.0649995803833,11.464783501741387,556954,0.0,0.0,0.0,True
2016-08-24,14.074999809265137,14.107500076293945,14.05090045928955,14.077500343322754,11.474974277627108,246297,0.0,0.0,0.0,True
2016-08-25,14.074999809265137,14.100000381469727,14.041500091552734,14.0600004196167,11.460712253675462,876632,0.0,0.0,0.0,True
2016-08-26,14.0600004196167,14.130000114440918,14.053400039672852,14.09749984741211,11.491278740230669,850101,0.0,0.0,0.0,True
2016-08-30,14.039999961853027,14.194999694824219,13.94320011138916,14.109999656677246,11.501466595565413,602523,0.0,0.0,0.0,True
2016-08-31,14.095000267028809,14.151700019836426,14.0625,14.0625,11.462746904191432,656625,0.0,0.0,0.0,True
2016-09-01,14.03499984741211,14.062700271606445,13.960100173950195,14.0600004196167,11.460712253675462,863060,0.0,0.0,0.0,True
2016-09-02,14.050000190734863,14.072500228881836,13.946599960327148,13.967499732971191,11.385312389028437,502074,0.0,0.0,0.0,True
2016-09-05,14.010000228881836,14.03279972076416,13.968400001525879,13.992500305175781,11.40568809969792,316850,0.0,0.0,0.0,True
2016-09-06,13.979999542236328,14.082500457763672,13.972700119018555,14.022500038146973,11.430141873052282,329823,0.0,0.0,0.0,True
2016-09-07,14.029999732971191,14.061599731445312,13.991600036621094,14.017499923706055,11.42606770443538,2095127,0.0,0.0,0.0,True
2016-09-08,14.012499809265137,14.031200408935547,13.882499694824219,13.882499694824219,11.316025237582256,211630,0.0,0.0,0.0,True
2016-09-09,13.8149995803833,13.88479995727539,13.707099914550781,13.713749885559082,11.178473127532845,448232,0.0,0.0,0.0,True
2016-09-12,13.6899995803833,13.719799995422363,13.640000343322754,13.707500457763672,11.17337676607299,539728,0.0,0.0,0.0,True
2016-09-13,13.712499618530273,13.785900115966797,13.64840030670166,13.672499656677246,11.144847850584732,355903,0.0,0.0,0.0,True
2016-09-14,13.607500076293945,13.65999984741211,13.579899787902832,13.65999984741211,11.134658048216004,584283,0.0,0.0,0.0,True
2016-09-15,13.617500305175781,13.637299537658691,13.526000022888184,13.630000114440918,11.110205248378634,642111,0.0,0.0,0.0,True
2016-09-16,13.635000228881836,13.686200141906738,13.602100372314453,13.654999732971191,11.130581932565113,1249425,0.0,0.0,0.0,True
2016-09-19,13.65250015258789,13.657500267028809,13.59589958190918,13.625,11.106128159210751,359794,0.0,0.0,0.0,True
2016-09-20,13.6274995803833,13.7298002243042,13.620200157165527,13.725000381469727,11.187640737058622,645658,0.0,0.0,0.0,True
2016-09-21,13.694999694824219,13.721199989318848,13.607500076293945,13.699999809265137,11.167264052872145,409008,0.0,0.0,0.0,True
2016-09-22,13.78499984741211,13.87339973449707,13.771599769592285,13.854999542236328,11.29360806177785,435814,0.0,0.0,0.0,True
2016-09-23,13.850000381469727,13.912500381469727,13.834699630737305,13.850000381469727,11.289533893160945,165694,0.0,0.0,0.0,True
2016-09-26,13.890000343322754,13.91670036315918,13.86520004272461,13.899999618530273,11.330289208567889,433984,0.0,0.0,0.0,True
2016-09-27,13.895000457763672,14.048689842224121,13.895000457763672,13.949999809265137,11.371044523974831,565502,0.0,0.0,0.0,True
2016-09-28,13.957500457763672,13.968700408935547,13.919699668884277,13.942500114440918,11.364930837256992,161649,0.0,0.0,0.0,True
2016-09-29,13.9975004196167,13.9975004196167,13.819999694824219,13.869999885559082,11.305835435213526,298417,0.0,0.0,0.0,True
2016-09-30,13.9350004196167,13.94279956817627,13.756600379943848,13.774999618530273,11.228398973016546,209596,0.0,0.0,0.0,True
2016-10-03,13.649999618530273,13.838700294494629,13.649999618530273,13.822500228881836,11.26711671735654,311998,0.0,0.0,0.0,True
2016-10-04,13.845000267028809,13.88070011138916,13.758319854736328,13.805000305175781,11.252852746370907,364261,0.0,0.0,0.0,True
2016-10-05,13.75,13.76669979095459,13.697699546813965,13.720000267028809,11.18356656844172,421537,0.0,0.0,0.0,True
2016-10-06,13.694999694824219,13.733400344848633,13.552200317382812,13.640000343322754,11.11835650616342,361935,0.0,0.0,0.0,True
2016-10-07,13.517499923706055,15.506999969482422,13.449999809265137,13.515000343322754,11.016463350061098,1303312,0.0,0.0,0.0,True
2016-10-10,13.5024995803833,13.519499778747559,13.449999809265137,13.454999923706055,10.967557750386362,678225,0.0,0.0,0.0,True
2016-10-11,13.494999885559082,13.546699523925781,13.462499618530273,13.524999618530273,11.024614607845885,595437,0.0,0.0,0.0,True
2016-10-12,13.484999656677246,13.489800453186035,13.375900268554688,13.425000190734863,10.943103003515008,595271,0.0,0.0,0.0,True
2016-10-13,13.454999923706055,13.519800186157227,13.428400039672852,13.457500457763672,10.96959532145331,652401,0.0,0.0,0.0,True
2016-10-14,13.4399995803833,13.443400382995605,13.342499732971191,13.375,10.902347688108065,753574,0.0,0.0,0.0,True
2016-10-17,13.332500457763672,13.357500076293945,13.22089958190918,13.357500076293945,10.888081770088446,687708,0.0,0.0,0.0,True
2016-10-18,13.362500190734863,13.562760353088379,13.330900192260742,13.407500267028809,10.928839032529375,1260031,0.0,0.0,0.0,True
2016-10-19,13.3774995803833,13.439800262451172,13.37090015411377,13.40999984741211,10.930876603596323,247711,0.0,0.0,0.0,True
2016-10-20,13.385000228881836,13.4350004196167,13.345000267028809,13.4350004196167,10.951256208333781,658736,0.0,0.0,0.0,True
2016-10-21,13.4350004196167,13.4798002243042,13.389100074768066,13.4350004196167,10.951256208333781,2351625,0.0,0.0,0.0,True
2016-10-24,13.432499885559082,13.484999656677246,13.406599998474121,13.425000190734863,10.943103003515008,2959814,0.0,0.0,0.0,True
2016-10-25,13.447500228881836,13.447500228881836,13.30757999420166,13.414999961853027,10.93495174573022,556706,0.0,0.0,0.0,True
2016-10-26,13.404999732971191,13.412320137023926,13.30720043182373,13.322500228881836,10.859552854600187,521324,0.0,0.0,0.0,True
2016-10-27,13.332500457763672,13.35420036315918,13.174699783325195,13.204999923706055,10.763773385215703,555516,0.0,0.0,0.0,True
2016-10-28,13.227499961853027,13.267900466918945,13.116800308227539,13.197500228881836,10.757663592565837,388034,0.0,0.0,0.0,True
2016-10-31,13.197500228881836,13.24120044708252,13.173800468444824,13.22249984741211,10.778040276752316,597202,0.0,0.0,0.0,True
2016-11-01,13.170000076293945,13.220000267028809,13.137499809265137,13.164999961853027,10.731170301110541,1141230,0.0,0.0,0.0,True
2016-11-02,13.217499732971191,13.39330005645752,13.210000038146973,13.274999618530273,10.820830242675227,6400807,0.0,0.0,0.0,True
2016-11-03,13.28499984741211,13.315600395202637,13.15250015258789,13.2475004196167,10.798419881489773,1237151,0.0,0.0,0.0,True
2016-11-04,13.260000228881836,13.363699913024902,13.239999771118164,13.345000267028809,10.877894888270697,1463379,0.0,0.0,0.0,True
2016-11-07,13.274999618530273,13.319199562072754,13.245400428771973,13.2475004196167,10.798419881489773,1122789,0.0,0.0,0.0,True
2016-11-08,13.25,13.287500381469727,13.214200019836426,13.21500015258789,10.771925616517484,616143,0.0,0.0,0.0,True
2016-11-09,13.305000305175781,13.319199562072754,13.074299812316895,13.192500114440918,10.753586503397955,1577424,0.0,0.0,0.0,True
2016-11-10,13.017499923706055,13.020000457763672,12.88070011138916,12.942500114440918,10.648521628931505,1851607,0.1223,0.0,0.0,True
2016-11-11,12.8774995803833,12.961000442504883,12.850299835205078,12.920000076293945,10.630010203304163,1835787,0.0,0.0,0.0,True
2016-11-14,12.850000381469727,12.862500190734863,12.760000228881836,12.859999656677246,10.580642183057615,1016758,0.0,0.0,0.0,True
2016-11-15,12.880000114440918,12.954899787902832,12.866600036621094,12.914999961853027,10.625893199939554,3759343,0.0,0.0,0.0,True
2016-11-16,12.904999732971191,12.942899703979492,12.861499786376953,12.932499885559082,10.640293463304248,1043493,0.0,0.0,0.0,True
2016-11-17,12.967499732971191,12.982000350952148,12.887499809265137,12.944999694824219,10.650577696821324,2932034,0.0,0.0,0.0,True
2016-11-18,12.84749984741211,12.916000366210938,12.803779602050781,12.835000038146973,10.560074689540453,1128531,0.0,0.0,0.0,True
2016-11-21,12.885000228881836,12.917400360107422,12.842570304870605,12.899999618530273,10.61355095149867,1900216,0.0,0.0,0.0,True
2016-11-22,12.9350004196167,12.984999656677246,12.912500381469727,12.9375,10.644405599083889,476597,0.0,0.0,0.0,True
2016-11-23,12.942500114440918,12.963600158691406,12.770000457763672,12.854999542236328,10.576530047277974,509327,0.0,0.0,0.0,True
2016-11-24,12.899999618530273,12.899999618530273,12.830100059509277,12.869999885559082,10.588869375167878,655117,0.0,0.0,0.0,True
2016-11-25,12.899999618530273,12.933300018310547,12.875,12.897500038146973,10.611494883608849,660283,0.0,0.0,0.0,True
2016-11-28,12.912500381469727,12.959199905395508,12.899999618530273,12.9350004196167,10.642350504711061,492433,0.0,0.0,0.0,True
2016-11-29,12.907500267028809,13.032699584960938,12.891400337219238,12.949999809265137,10.654691779634954,860508,0.0,0.0,0.0,True
2016-11-30,13.012499809265137,13.012499809265137,12.900099754333496,12.917499542236328,10.627951214863362,256427,0.0,0.0,0.0,True
2016-12-01,12.90999984741211,12.916099548339844,12.824999809265137,12.845000267028809,10.56829993461673,879298,0.0,0.0,0.0,True
2016-12-02,12.8149995803833,12.959199905395508,12.8149995803833,12.9375,10.644405599083889,1345307,0.0,0.0,0.0,True
2016-12-05,12.922499656677246,12.9399995803833,12.852499961853027,12.930000305175781,10.638236421897433,1091750,0.0,0.0,0.0,True
2016-12-06,12.982500076293945,12.982500076293945,12.899999618530273,12.907500267028809,10.619724022753099,292926,0.0,0.0,0.0,True
2016-12-07,12.920000076293945,12.970000267028809,12.895999908447266,12.960000038146973,10.662916051194237,357864,0.0,0.0,0.0,True
2016-12-08,12.967499732971191,12.967499732971191,12.878499984741211,12.949999809265137,10.654691779634954,348139,0.0,0.0,0.0,True
2016-12-09,12.9375,12.937600135803223,12.820500373840332,12.862500190734863,10.58269922446443,599646,0.0,0.0,0.0,True
2016-12-12,12.8100004196167,12.874500274658203,12.773300170898438,12.795000076293945,10.52716300054842,716990,0.0,0.0,0.0,True
2016-12-13,12.800000190734863,12.90999984741211,12.800000190734863,12.880000114440918,10.597099487829123,691719,0.0,0.0,0.0,True
2016-12-14,12.885000228881836,12.94480037689209,12.885000228881836,12.932499885559082,10.640293463304248,2450489,0.0,0.0,0.0,True
2016-12-15,12.779999732971191,12.833499908447266,12.751500129699707,12.8100004196167,10.53950427547231,1500072,0.0,0.0,0.0,True
2016-12-16,12.84000015258789,12.876700401306152,12.796500205993652,12.867500305175781,10.586812333761065,360279,0.0,0.0,0.0,True
2016-12-19,12.857500076293945,12.914999961853027,12.847100257873535,12.914999961853027,10.625893199939554,904919,0.0,0.0,0.0,True
2016-12-20,12.869999885559082,12.914999961853027,12.84630012512207,12.90999984741211,10.621781064159913,342333,0.0,0.0,0.0,True
2016-12-21,12.927499771118164,12.970000267028809,12.904999732971191,12.970000267028809,10.671147137372474,322607,0.0,0.0,0.0,True
2016-12-22,12.952500343322754,13.005000114440918,12.944600105285645,13.005000114440918,10.6999418229999,1975297,0.0,0.0,0.0,True
2016-12-23,12.962499618530273,13.0600004196167,12.962499618530273,13.03499984741211,10.724624372847684,103288,0.0,0.0,0.0,True
2016-12-28,13.079999923706055,13.095000267028809,13.055800437927246,13.0912504196167,10.770907317742505,168399,0.0,0.0,0.0,True
2016-12-29,13.180000305175781,13.188699722290039,13.106599807739258,13.182499885559082,10.845983974747762,240675,0.0,0.0,0.0,True
2016-12-30,13.180000305175781,13.1899995803833,13.130000114440918,13.1899995803833,10.852151204900231,82816,0.0,0.0,0.0,True
2017-01-03,13.149999618530273,13.179300308227539,12.976699829101562,13.024999618530273,10.71639718073742,466287,0.0,0.0,0.0,True
2017-01-04,13.039999961853027,13.045999526977539,13.012499809265137,13.020000457763672,10.712283097923791,177345,0.0,0.0,0.0,True
2017-01-05,13.029999732971191,13.029999732971191,12.951000213623047,13.020000457763672,10.712283097923791,380975,0.0,0.0,0.0,True
2017-01-06,13.015000343322754,13.037500381469727,12.940799713134766,12.947500228881836,10.652633764711146,602643,0.0,0.0,0.0,True
2017-01-09,12.949999809265137,13.017499923706055,12.9483003616333,13.007499694824219,10.701998864406713,388991,0.0,0.0,0.0,True
2017-01-10,12.975000381469727,13.024200439453125,12.96500015258789,12.984999656677246,10.683485491745385,913826,0.0,0.0,0.0,True
2017-01-11,12.975000381469727,13.015000343322754,12.960800170898438,13.0024995803833,10.697885755110079,260859,0.0,0.0,0.0,True
2017-01-12,13.03499984741211,13.049200057983398,12.975000381469727,13.039999961853027,10.728738455661311,852430,0.0,0.0,0.0,True
2017-01-13,13.010000228881836,13.028499603271484,12.939000129699707,12.952500343322754,10.656747847524775,1499890,0.0,0.0,0.0,True
2017-01-16,12.962499618530273,13.015000343322754,12.962499618530273,13.012499809265137,10.706111973703349,700980,0.0,0.0,0.0,True
2017-01-17,13.069999694824219,13.095199584960938,13.0177001953125,13.0625,10.747249881288653,1313760,0.0,0.0,0.0,True
2017-01-18,13.017499923706055,13.038200378417969,12.979999542236328,13.022500038146973,10.714340139330606,612665,0.0,0.0,0.0,True
2017-01-19,12.96500015258789,12.977700233459473,12.918299674987793,12.9399995803833,10.64646166697371,555243,0.0,0.0,0.0,True
2017-01-20,12.90999984741211,12.959500312805176,12.872699737548828,12.90250015258789,10.615608966422476,249074,0.0,0.0,0.0,True
2017-01-23,12.944999694824219,12.991510391235352,12.903300285339355,12.942500114440918,10.648521628931505,410059,0.0,0.0,0.0,True
2017-01-24,12.9399995803833,12.998700141906738,12.916000366210938,12.960000038146973,10.662916051194237,399265,0.0,0.0,0.0,True
2017-01-25,12.920000076293945,12.9399995803833,12.850000381469727,12.850000381469727,10.572413043913365,349071,0.0,0.0,0.0,True
2017-01-26,12.835000038146973,12.843449592590332,12.785799980163574,12.805000305175781,10.535391166175677,492505,0.0,0.0,0.0,True
2017-01-27,12.817500114440918,12.861200332641602,12.803299903869629,12.859999656677246,10.580642183057615,290016,0.0,0.0,0.0,True
2017-01-30,12.842499732971191,12.905799865722656,12.816200256347656,12.904999732971191,10.61766600782929,649010,0.0,0.0,0.0,True
2017-01-31,12.887499809265137,12.9399995803833,12.842499732971191,12.9399995803833,10.64646166697371,1038924,0.0,0.0,0.0,True
2017-02-01,12.892499923706055,12.908699989318848,12.855799674987793,12.875,10.592985405015494,301573,0.0,0.0,0.0,True
2017-02-02,12.867500305175781,12.979999542236328,12.852499961853027,12.94124984741211,10.647491647952608,409903,0.0,0.0,0.0,True
2017-02-03,12.899999618530273,13.029999732971191,12.8858003616333,12.97249984741211,10.673201258228309,292763,0.0,0.0,0.0,True
2017-02-06,12.979999542236328,13.022700309753418,12.940500259399414,12.994999885559082,10.69171560440663,120950,0.0,0.0,0.0,True
2017-02-07,13.02750015258789,13.045000076293945,12.988300323486328,13.045000076293945,10.732851564957947,145156,0.0,0.0,0.0,True
2017-02-08,13.047499656677246,13.137499809265137,13.03499984741211,13.130000114440918,10.80278805223865,297408,0.0,0.0,0.0,True
2017-02-09,13.109999656677246,13.145000457763672,13.085800170898438,13.109999656677246,10.786329773950149,358888,0.0,0.0,0.0,True
2017-02-10,13.0649995803833,13.095999717712402,13.059679985046387,13.079999923706055,10.761648197619358,303670,0.0,0.0,0.0,True
2017-02-13,13.0649995803833,13.083700180053711,13.017200469970703,13.022500038146973,10.714340139330606,424302,0.0,0.0,0.0,True
2017-02-14,13.037500381469727,13.063699722290039,12.981269836425781,13.022500038146973,10.714340139330606,296083,0.0,0.0,0.0,True
2017-02-15,13.024999618530273,13.029999732971191,12.99120044708252,13.008749961853027,10.70302884538561,533588,0.0,0.0,0.0,True
2017-02-16,13.022500038146973,13.082500457763672,13.008000373840332,13.072500228881836,10.755479020432903,972676,0.0,0.0,0.0,True
2017-02-17,13.057499885559082,13.147500038146973,13.057499885559082,13.137499809265137,10.80895528239112,3175679,0.0,0.0,0.0,True
2017-02-20,13.109999656677246,13.128000259399414,13.084699630737305,13.102499961853027,10.780160596763693,219026,0.0,0.0,0.0,True
2017-02-21,13.09000015258789,13.14387035369873,13.0649995803833,13.100000381469727,10.778103555356878,578115,0.0,0.0,0.0,True
2017-02-22,13.104999542236328,13.175000190734863,13.059499740600586,13.135000228881836,10.806900188018291,249404,0.0,0.0,0.0,True
2017-02-23,13.140000343322754,13.194999694824219,13.130000114440918,13.1850004196167,10.848038095603595,262341,0.0,0.0,0.0,True
2017-02-24,13.212499618530273,13.300000190734863,13.192399978637695,13.300000190734863,10.942658106249075,472906,0.0,0.0,0.0,True
2017-02-27,13.274999618530273,13.311200141906738,13.267999649047852,13.279999732971191,10.926201774994562,292894,0.0,0.0,0.0,True
2017-02-28,13.28499984741211,13.349499702453613,13.258700370788574,13.317500114440918,10.95705252851181,249210,0.0,0.0,0.0,True
2017-03-01,13.307499885559082,13.309499740600586,13.262499809265137,13.262499809265137,10.911803458663856,1469438,0.0,0.0,0.0,True
2017-03-02,13.272500038146973,13.331700325012207,13.225000381469727,13.225000381469727,10.880948811078635,747246,0.0,0.0,0.0,True
2017-03-03,13.265000343322754,13.277700424194336,13.229700088500977,13.25,10.901517278112792,641128,0.0,0.0,0.0,True
2017-03-06,13.287500381469727,13.324199676513672,13.201000213623047,13.229999542236328,10.885061920375271,557921,0.0,0.0,0.0,True
2017-03-07,13.225000381469727,13.265000343322754,13.206999778747559,13.257499694824219,10.907686455299247,1008546,0.0,0.0,0.0,True
2017-03-08,13.22249984741211,13.258600234985352,13.173700332641602,13.227499961853027,10.88300585248545,567398,0.0,0.0,0.0,True
2017-03-09,13.192500114440918,13.329999923706055,13.192500114440918,13.234999656677246,10.889176003188899,890146,0.0,0.0,0.0,True
2017-03-10,13.199999809265137,13.237500190734863,13.171199798583984,13.197500228881836,10.858322329120673,295762,0.0,0.0,0.0,True
2017-03-13,13.21500015258789,13.25,13.164999961853027,13.182499885559082,10.845983974747762,593342,0.0,0.0,0.0,True
2017-03-14,13.15999984741211,13.210000038146973,13.14799976348877,13.210000038146973,10.868607536154745,449786,0.0,0.0,0.0,True
2017-03-15,13.197500228881836,13.241999626159668,13.194000244140625,13.225000381469727,10.880948811078635,605145,0.0,0.0,0.0,True
2017-03-16,13.232500076293945,13.253700256347656,13.137499809265137,13.199999809265137,10.860378397010495,273070,0.0,0.0,0.0,True
2017-03-17,13.204999923706055,13.237700462341309,13.167200088500977,13.227499961853027,10.88300585248545,518713,0.0,0.0,0.0,True
2017-03-20,13.21500015258789,13.242500305175781,13.172499656677246,13.242500305175781,10.895347127409343,276039,0.0,0.0,0.0,True
2017-03-21,13.194999694824219,13.229999542236328,13.152199745178223,13.210000038146973,10.868607536154745,455897,0.0,0.0,0.0,True
2017-03-22,13.22249984741211,13.319999694824219,13.215800285339355,13.3149995803833,10.954995487104995,357598,0.0,0.0,0.0,True
2017-03-23,13.300000190734863,13.332500457763672,13.227499961853027,13.227499961853027,10.88300585248545,495959,0.0,0.0,0.0,True
2017-03-24,13.220000267028809,13.272199630737305,13.20829963684082,13.262499809265137,10.911803458663856,251627,0.0,0.0,0.0,True
2017-03-27,13.262499809265137,13.343299865722656,13.262499809265137,13.289999961853027,10.934427020070839,492965,0.0,0.0,0.0,True
2017-03-28,13.282500267028809,13.309000015258789,13.270000457763672,13.270000457763672,10.917972635850312,528335,0.0,0.0,0.0,True
2017-03-29,13.217499732971191,13.319700241088867,13.217499732971191,13.302499771118164,10.94471222710491,665014,0.0,0.0,0.0,True
2017-03-30,13.319999694824219,13.367199897766113,13.319999694824219,13.357500076293945,10.989965191020836,260818,0.0,0.0,0.0,True
2017-03-31,13.359999656677246,13.399999618530273,13.331700325012207,13.345000267028809,10.979679010469772,1133460,0.0,0.0,0.0,True
2017-04-03,13.367500305175781,13.462499618530273,13.342499732971191,13.462499618530273,11.07635411548808,442032,0.0,0.0,0.0,True
2017-04-04,13.460000038146973,13.494000434875488,13.4350004196167,13.44124984741211,11.05886780325467,466407,0.0,0.0,0.0,True
2017-04-05,13.462499618530273,13.462499618530273,13.367799758911133,13.392499923706055,11.01875987664826,326076,0.0,0.0,0.0,True
2017-04-06,13.430000305175781,13.430000305175781,13.353500366210938,13.375,11.004362533834549,775130,0.0,0.0,0.0,True
2017-04-07,13.399999618530273,13.456600189208984,13.382499694824219,13.404999732971191,11.029046057199325,293854,0.0,0.0,0.0,True
2017-04-10,13.3725004196167,13.408900260925293,13.36970043182373,13.407500267028809,11.031101151572154,387617,0.0,0.0,0.0,True
2017-04-11,13.449999809265137,13.461799621582031,13.390999794006348,13.447500228881836,11.064012840564187,433457,0.0,0.0,0.0,True
2017-04-12,13.447500228881836,14.625,13.420000076293945,13.462499618530273,11.07635411548808,366163,0.0,0.0,0.0,True
2017-04-13,13.482500076293945,13.505000114440918,13.457799911499023,13.460000038146973,11.074296100564272,394983,0.0,0.0,0.0,True
2017-04-18,13.484999656677246,13.521499633789062,13.4399995803833,13.5,11.107206816039312,316502,0.0,0.0,0.0,True
2017-04-19,13.5,13.5,13.4350004196167,13.4350004196167,11.053728607047109,384427,0.0,0.0,0.0,True
2017-04-20,13.489999771118164,13.489999771118164,13.412799835205078,13.4399995803833,11.057839769309759,376764,0.0,0.0,0.0,True
2017-04-21,13.454999923706055,13.490799903869629,13.449799537658691,13.477499961853027,11.088694416894977,420207,0.0,0.0,0.0,True
2017-04-24,13.492500305175781,13.492500305175781,13.354999542236328,13.422499656677246,11.043441452979051,4806368,0.0,0.0,0.0,True
2017-04-25,13.432499885559082,13.440899848937988,13.37279987335205,13.390000343322754,11.016703808758441,312685,0.0,0.0,0.0,True
2017-04-26,13.380000114440918,13.426679611206055,13.359999656677246,13.390000343322754,11.016703808758441,394809,0.0,0.0,0.0,True
2017-04-27,13.399999618530273,13.412500381469727,13.323800086975098,13.40250015258789,11.026987068758524,571406,0.0,0.0,0.0,True
2017-04-28,13.385000228881836,13.407500267028809,13.351699829101562,13.40250015258789,11.026987068758524,342170,0.0,0.0,0.0,True
2017-05-02,13.399999618530273,13.399999618530273,13.345000267028809,13.385000228881836,11.012588752427819,420638,0.0,0.0,0.0,True
2017-05-03,13.392499923706055,13.444299697875977,13.369999885559082,13.390000343322754,11.016703808758441,228234,0.0,0.0,0.0,True
2017-05-04,13.337499618530273,13.369400024414062,13.3149995803833,13.324999809265137,10.963225599766238,1093955,0.0,0.0,0.0,True
2017-05-05,13.327500343322754,13.342499732971191,13.289999961853027,13.300000190734863,10.942658106249075,1062256,0.0,0.0,0.0,True
2017-05-08,13.282500267028809,13.321900367736816,13.25,13.270000457763672,10.917972635850312,328927,0.0,0.0,0.0,True
2017-05-09,13.237500190734863,13.242500305175781,13.1875,13.229999542236328,10.885061920375271,483953,0.0,0.0,0.0,True
2017-05-10,13.225000381469727,13.283699989318848,13.218099594116211,13.27750015258789,10.92414278655376,324357,0.0,0.0,0.0,True
2017-05-11,13.142499923706055,13.162500381469727,13.108099937438965,13.162500381469727,10.930454097221237,2145235,0.1226,0.0,0.0,True
2017-05-12,13.177499771118164,13.262499809265137,13.164999961853027,13.262499809265137,11.013498990816542,664205,0.0,0.0,0.0,True
2017-05-15,13.229999542236328,13.234999656677246,13.178099632263184,13.1850004196167,10.94913783535639,653849,0.0,0.0,0.0,True
2017-05-16,13.164999961853027,13.226900100708008,13.143099784851074,13.217499732971191,10.976128593995256,728599,0.0,0.0,0.0,True
2017-05-17,13.2524995803833,13.292499542236328,13.220000267028809,13.292499542236328,11.038409343640755,370452,0.0,0.0,0.0,True
2017-05-18,13.274999618530273,13.336899757385254,13.274999618530273,13.292499542236328,11.038409343640755,283833,0.0,0.0,0.0,True
2017-05-19,13.300000190734863,13.300800323486328,13.258099555969238,13.289999961853027,11.036333805411068,595163,0.0,0.0,0.0,True
2017-05-22,13.297499656677246,13.309399604797363,13.260600090026855,13.272500038146973,11.021802117252282,515279,0.0,0.0,0.0,True
2017-05-23,13.3125,13.3193998336792,13.268799781799316,13.297499656677246,11.04256139361712,259281,0.0,0.0,0.0,True
2017-05-24,13.292499542236328,13.34000015258789,13.288100242614746,13.311249732971191,11.053980747948371,716836,0.0,0.0,0.0,True
2017-05-25,13.352499961853027,13.360600471496582,13.32129955291748,13.34000015258789,11.07785333165774,306858,0.0,0.0,0.0,True
2017-05-26,13.369999885559082,13.396900177001953,13.34060001373291,13.385000228881836,11.115222754962033,757295,0.0,0.0,0.0,True
2017-05-30,13.425000190734863,13.425000190734863,13.350000381469727,13.375,11.106920602043287,588009,0.0,0.0,0.0,True
2017-05-31,13.3725004196167,13.397500038146973,13.317500114440918,13.322500228881836,11.063322617015947,428278,0.0,0.0,0.0,True
2017-06-01,13.319999694824219,13.338899612426758,13.274999618530273,13.287500381469727,11.034257293664387,3435214,0.0,0.0,0.0,True
2017-06-02,13.3149995803833,13.331899642944336,13.287500381469727,13.327500343322754,11.067473693475321,333811,0.0,0.0,0.0,True
2017-06-05,13.317500114440918,13.317500114440918,13.270600318908691,13.307499885559082,11.050867440603842,838226,0.0,0.0,0.0,True
2017-06-06,13.337499618530273,13.391599655151367,13.308600425720215,13.375,11.106920602043287,639403,0.0,0.0,0.0,True
2017-06-07,13.359999656677246,13.395000457763672,13.348799705505371,13.382499694824219,11.113148190249339,233639,0.0,0.0,0.0,True
2017-06-08,13.382499694824219,13.382499694824219,13.277000427246094,13.297499656677246,11.04256139361712,782692,0.0,0.0,0.0,True
2017-06-09,13.319999694824219,13.359999656677246,13.252670288085938,13.350000381469727,11.086157431610474,585512,0.0,0.0,0.0,True
2017-06-12,13.354999542236328,13.380200386047363,13.337499618530273,13.3725004196167,11.104846037330592,349072,0.0,0.0,0.0,True
2017-06-13,13.359999656677246,13.362500190734863,13.244999885559082,13.274999618530273,11.023875708447981,510772,0.0,0.0,0.0,True
2017-06-14,13.279999732971191,13.42080020904541,13.259300231933594,13.40250015258789,11.129757363671798,605762,0.0,0.0,0.0,True
2017-06-15,13.390000343322754,13.394700050354004,13.274999618530273,13.287500381469727,11.034257293664387,292797,0.0,0.0,0.0,True
2017-06-16,13.2475004196167,13.322500228881836,13.222299575805664,13.302499771118164,11.046713443593488,346438,0.0,0.0,0.0,True
2017-06-19,13.279999732971191,13.332500457763672,13.274999618530273,13.3125,11.05501754354622,102563,0.0,0.0,0.0,True
2017-06-20,13.307499885559082,13.359999656677246,13.289299964904785,13.359999656677246,11.0944625050802,116761,0.0,0.0,0.0,True
2017-06-21,13.362500190734863,13.392499923706055,13.299699783325195,13.342499732971191,11.079930816921413,97808,0.0,0.0,0.0,True
2017-06-22,13.350000381469727,13.402700424194336,13.342499732971191,13.362500190734863,11.096539990343873,164095,0.0,0.0,0.0,True
2017-06-23,13.342499732971191,13.364999771118164,13.302499771118164,13.354999542236328,11.090310455103833,161738,0.0,0.0,0.0,True
2017-06-26,13.337499618530273,13.382499694824219,13.324999809265137,13.354999542236328,11.090310455103833,197577,0.0,0.0,0.0,True
2017-06-27,13.362500190734863,13.364999771118164,13.274999618530273,13.280400276184082,11.028362648270038,265410,0.0,0.0,0.0,True
2017-06-28,13.232500076293945,13.247699737548828,13.140000343322754,13.210000038146973,10.969899058755216,92977,0.0,0.0,0.0,True
2017-06-29,13.272500038146973,13.165800094604492,13.0625,13.0625,10.847413097693906,173977,0.0,0.0,0.0,True
2017-06-30,13.052499771118164,13.112700462341309,13.034099578857422,13.069999694824219,10.853638738865973,135307,0.0,0.0,0.0,True
2017-07-03,13.015000343322754,13.140000343322754,13.013899803161621,13.055000305175781,10.841185509487852,288136,0.0,0.0,0.0,True
2017-07-04,13.077500343322754,13.083499908447266,13.055000305175781,13.074999809265137,10.857791762359332,1437809,0.0,0.0,0.0,True
2017-07-05,13.085000038146973,13.085000038146973,13.020000457763672,13.047499656677246,10.834955974247812,439137,0.0,0.0,0.0,True
2017-07-06,13.039999961853027,13.039999961853027,12.964799880981445,12.970000267028809,10.77059773933864,289332,0.0,0.0,0.0,True
2017-07-07,12.967499732971191,13.015000343322754,12.949299812316895,12.993749618530273,10.790319246588638,584777,0.0,0.0,0.0,True
2017-07-10,12.984999656677246,13.052499771118164,12.975099563598633,13.052499771118164,10.839107050707186,334097,0.0,0.0,0.0,True
2017-07-11,13.010000228881836,13.047499656677246,12.989800453186035,13.042499542236328,10.83080197723746,535342,0.0,0.0,0.0,True
2017-07-12,13.0649995803833,13.072600364685059,13.029800415039062,13.047499656677246,10.834955974247812,218770,0.0,0.0,0.0,True
2017-07-13,13.042499542236328,13.092599868774414,12.984700202941895,13.010000228881836,10.80381608618356,694764,0.0,0.0,0.0,True
2017-07-14,13.042499542236328,13.200300216674805,13.0,13.0,10.795511012713833,847801,0.0,0.0,0.0,True
2017-07-17,13.017499923706055,13.0649995803833,13.009300231933594,13.047499656677246,10.834955974247812,289409,0.0,0.0,0.0,True
2017-07-18,13.047499656677246,13.164999961853027,13.014800071716309,13.117500305175781,10.893084673916945,1222965,0.0,0.0,0.0,True
2017-07-19,13.107500076293945,13.155099868774414,13.081399917602539,13.15250015258789,10.922150970785497,301455,0.0,0.0,0.0,True
2017-07-20,13.137499809265137,13.149499893188477,13.034700393676758,13.112500190734863,10.888932623940578,279745,0.0,0.0,0.0,True
2017-07-21,13.147500038146973,13.170000076293945,13.142499923706055,13.170000076293945,10.936685579495263,191931,0.0,0.0,0.0,True
2017-07-24,13.147500038146973,13.199700355529785,13.142499923706055,13.162500381469727,10.930454097221237,263937,0.0,0.0,0.0,True
2017-07-25,13.149999618530273,13.159500122070312,13.067500114440918,13.067500114440918,10.851565147670271,130682,0.0,0.0,0.0,True
2017-07-26,13.100000381469727,13.117500305175781,13.09749984741211,13.09749984741211,10.876477447528472,286609,0.0,0.0,0.0,True
2017-07-27,13.142499923706055,13.15250015258789,13.107500076293945,13.135000228881836,10.907618309109717,447539,0.0,0.0,0.0,True
2017-07-28,13.137499809265137,13.149999618530273,13.099300384521484,13.117500305175781,10.893084673916945,866657,0.0,0.0,0.0,True
2017-07-31,13.125,13.142499923706055,13.100000381469727,13.119999885559082,10.895161185663625,395381,0.0,0.0,0.0,True
2017-08-01,13.102499961853027,13.151900291442871,13.07979965209961,13.149999618530273,10.920071538487838,351180,0.0,0.0,0.0,True
2017-08-02,13.1274995803833,13.142000198364258,13.082300186157227,13.107500076293945,10.884782520998199,180893,0.0,0.0,0.0,True
2017-08-03,13.104999542236328,13.210000038146973,13.0649995803833,13.199999809265137,10.961596905836469,1626305,0.0,0.0,0.0,True
2017-08-04,13.220000267028809,13.220000267028809,13.167499542236328,13.167499542236328,10.934603226646624,1687864,0.0,0.0,0.0,True
2017-08-07,13.172499656677246,13.220100402832031,13.162500381469727,13.220000267028809,10.978204132224942,467942,0.0,0.0,0.0,True
2017-08-08,13.225000381469727,13.225099563598633,13.197500228881836,13.197500228881836,10.959519420572796,174033,0.0,0.0,0.0,True
2017-08-09,13.234999656677246,13.287599563598633,13.227499961853027,13.267499923706055,11.017648120241928,536967,0.0,0.0,0.0,True
2017-08-10,13.260000228881836,13.3100004196167,13.24429988861084,13.305000305175781,11.04879092885716,170101,0.0,0.0,0.0,True
2017-08-11,13.319999694824219,13.358200073242188,13.289299964904785,13.317500114440918,11.059171540556575,375025,0.0,0.0,0.0,True
2017-08-14,13.324999809265137,13.324999809265137,13.26669979095459,13.295000076293945,11.040482934836454,711043,0.0,0.0,0.0,True
2017-08-15,13.267499923706055,13.28499984741211,13.246800422668457,13.274999618530273,11.023875708447981,214984,0.0,0.0,0.0,True
2017-08-16,13.260000228881836,13.281999588012695,13.21500015258789,13.237500190734863,10.992738740934708,285427,0.0,0.0,0.0,True
2017-08-17,13.282500267028809,13.285099983215332,13.224300384521484,13.270000457763672,11.019725605505602,470496,0.0,0.0,0.0,True
2017-08-18,13.297499656677246,13.305100440979004,13.26930046081543,13.272500038146973,11.021802117252282,127562,0.0,0.0,0.0,True
2017-08-21,13.2524995803833,13.31760025024414,13.2524995803833,13.302499771118164,11.046713443593488,514655,0.0,0.0,0.0,True
2017-08-22,13.262499809265137,13.305700302124023,13.262299537658691,13.274999618530273,11.023875708447981,167217,0.0,0.0,0.0,True
2017-08-23,13.287500381469727,13.333200454711914,13.2524995803833,13.3149995803833,11.057093081775907,232035,0.0,0.0,0.0,True
2017-08-24,13.3100004196167,13.332599639892578,13.298199653625488,13.329999923706055,11.069551178738994,226434,0.0,0.0,0.0,True
2017-08-25,13.3100004196167,13.342499732971191,13.295000076293945,13.342499732971191,11.079930816921413,257801,0.0,0.0,0.0,True
2017-08-29,13.5,13.5,13.250300407409668,13.399999618530273,11.127677931374139,308506,0.0,0.0,0.0,True
2017-08-30,13.5,13.5,13.332300186157227,13.34000015258789,11.07785333165774,276698,0.0,0.0,0.0,True
2017-08-31,13.327500343322754,13.370100021362305,13.327300071716309,13.354999542236328,11.090310455103833,755999,0.0,0.0,0.0,True
2017-09-01,13.3725004196167,13.375100135803223,13.302300453186035,13.327500343322754,11.067473693475321,247450,0.0,0.0,0.0,True
2017-09-04,13.345000267028809,13.356399536132812,13.311200141906738,13.322500228881836,11.063322617015947,318955,0.0,0.0,0.0,True
2017-09-05,13.319999694824219,13.40250015258789,13.289799690246582,13.40250015258789,11.129757363671798,221162,0.0,0.0,0.0,True
2017-09-06,13.414999961853027,13.414999961853027,13.364800453186035,13.407500267028809,11.133907466614179,188323,0.0,0.0,0.0,True
2017-09-07,13.385000228881836,13.462499618530273,13.321000099182129,13.457500457763672,11.175429913411831,354829,0.0,0.0,0.0,True
2017-09-08,13.47249984741211,13.491999626159668,13.410300254821777,13.430000305175781,11.152593151783318,3045015,0.0,0.0,0.0,True
2017-09-11,13.407500267028809,13.410099983215332,13.352999687194824,13.362500190734863,11.096539990343873,181453,0.0,0.0,0.0,True
2017-09-12,13.335000038146973,13.357500076293945,13.208000183105469,13.210000038146973,10.969899058755216,1957484,0.0,0.0,0.0,True
2017-09-13,13.197500228881836,13.276200294494629,13.187700271606445,13.210000038146973,10.969899058755216,244827,0.0,0.0,0.0,True
2017-09-14,13.197500228881836,13.280599594116211,13.112500190734863,13.1225004196167,10.897235750376318,552478,0.0,0.0,0.0,True
2017-09-15,13.104999542236328,13.117600440979004,12.988200187683105,13.029999732971191,10.820422339055039,347488,0.0,0.0,0.0,True
2017-09-18,13.024999618530273,13.055000305175781,12.987099647521973,13.037500381469727,10.826651874295079,694065,0.0,0.0,0.0,True
2017-09-19,13.032500267028809,13.081600189208984,12.994999885559082,13.007499694824219,10.801738600919887,616685,0.0,0.0,0.0,True
2017-09-20,12.984999656677246,13.045000076293945,12.954000473022461,13.020000457763672,10.812120186136292,233058,0.0,0.0,0.0,True
2017-09-21,12.944999694824219,13.0,12.905799865722656,13.0,10.795511012713833,460015,0.0,0.0,0.0,True
2017-09-22,12.987500190734863,13.014399528503418,12.977299690246582,13.012499809265137,10.805890650896254,272642,0.0,0.0,0.0,True
2017-09-25,12.982500076293945,13.03499984741211,12.972299575805664,13.024999618530273,10.816270289078673,516262,0.0,0.0,0.0,True
2017-09-26,13.007499694824219,13.052499771118164,13.00160026550293,13.02750015258789,10.818346800825353,424256,0.0,0.0,0.0,True
2017-09-27,12.989999771118164,13.003700256347656,12.927499771118164,12.962499618530273,10.764369177615594,355537,0.0,0.0,0.0,True
2017-09-28,12.789999961853027,12.99899959564209,12.789999961853027,12.979999542236328,10.778901839291374,688664,0.0,0.0,0.0,True
2017-09-29,13.015000343322754,13.033499717712402,12.975000381469727,13.015000343322754,10.807967162642933,361409,0.0,0.0,0.0,True
2017-10-02,12.96500015258789,13.069999694824219,12.964400291442871,13.0649995803833,10.849486688889606,188811,0.0,0.0,0.0,True
2017-10-03,13.03499984741211,13.039999961853027,12.989800453186035,13.022500038146973,10.814193777331994,321807,0.0,0.0,0.0,True
2017-10-04,13.045000076293945,13.048500061035156,12.977499961853027,12.984999656677246,10.783052915750748,478839,0.0,0.0,0.0,True
2017-10-05,12.994999885559082,13.020299911499023,12.94729995727539,12.957500457763672,10.760219074673214,1166030,0.0,0.0,0.0,True
2017-10-06,12.97249984741211,12.985699653625488,12.907299995422363,12.978750228881836,10.777862123142544,150197,0.0,0.0,0.0,True
2017-10-09,12.885000228881836,13.017499923706055,12.885000228881836,13.017499923706055,10.81004270087262,199148,0.0,0.0,0.0,True
2017-10-10,12.967499732971191,12.992799758911133,12.932499885559082,12.987500190734863,10.785131374531414,519389,0.0,0.0,0.0,True
2017-10-11,12.920000076293945,12.979999542236328,12.920000076293945,12.952500343322754,10.756066051179854,334731,0.0,0.0,0.0,True
2017-10-12,12.994999885559082,13.003299713134766,12.957500457763672,12.984999656677246,10.783052915750748,1816623,0.0,0.0,0.0,True
2017-10-13,12.975000381469727,13.021200180053711,12.9399995803833,13.017499923706055,10.81004270087262,535768,0.0,0.0,0.0,True
2017-10-16,12.970000267028809,13.05774974822998,12.96500015258789,13.045000076293945,10.83287848898414,266609,0.0,0.0,0.0,True
2017-10-17,13.02750015258789,13.132499694824219,13.023699760437012,13.09749984741211,10.876477447528472,298312,0.0,0.0,0.0,True
2017-10-18,13.130000114440918,13.138199806213379,13.06089973449707,13.079999923706055,10.861945759369686,344292,0.0,0.0,0.0,True
2017-10-19,13.072500228881836,13.134099960327148,13.068900108337402,13.109999656677246,10.886857085710892,296205,0.0,0.0,0.0,True
2017-10-20,13.104999542236328,13.104999542236328,13.037500381469727,13.037500381469727,10.826651874295079,2159969,0.0,0.0,0.0,True
2017-10-23,13.045000076293945,13.079999923706055,13.015700340270996,13.079999923706055,10.861945759369686,161355,0.0,0.0,0.0,True
2017-10-24,13.039999961853027,13.058199882507324,12.949700355529785,13.022500038146973,10.814193777331994,338539,0.0,0.0,0.0,True
2017-10-25,13.020000457763672,13.041799545288086,12.919400215148926,12.957500457763672,10.760219074673214,538353,0.0,0.0,0.0,True
2017-10-26,12.960000038146973,13.024999618530273,12.94729995727539,12.967499732971191,10.768523174625948,340147,0.0,0.0,0.0,True
2017-10-27,12.977499961853027,13.039999961853027,12.958200454711914,13.039999961853027,10.828729359558753,251752,0.0,0.0,0.0,True
2017-10-30,13.017499923706055,13.047699928283691,13.005000114440918,13.032500267028809,10.82249885080172,281118,0.0,0.0,0.0,True
2017-10-31,13.039999961853027,13.0600004196167,13.029800415039062,13.050000190734863,10.837033459511487,216109,0.0,0.0,0.0,True
2017-11-01,13.024999618530273,13.053099632263184,13.001399993896484,13.042499542236328,10.83080197723746,332071,0.0,0.0,0.0,True
2017-11-02,13.012499809265137,13.133600234985352,13.01140022277832,13.1225004196167,10.897235750376318,705785,0.0,0.0,0.0,True
2017-11-03,13.145000457763672,13.172499656677246,13.088700294494629,13.117500305175781,10.893084673916945,547905,0.0,0.0,0.0,True
2017-11-06,13.132499694824219,13.142499923706055,13.109999656677246,13.1274995803833,10.901389747386672,242053,0.0,0.0,0.0,True
2017-11-07,13.107500076293945,13.175000190734863,13.09689998626709,13.154999732971191,10.924226509015185,256447,0.0,0.0,0.0,True
2017-11-08,13.15250015258789,13.223099708557129,13.15250015258789,13.197500228881836,10.959519420572796,86625,0.0,0.0,0.0,True
2017-11-09,13.199999809265137,13.199999809265137,13.129400253295898,13.132499694824219,10.90554277088003,225804,0.0,0.0,0.0,True
2017-11-10,13.114999771118164,13.114999771118164,13.03499984741211,13.03499984741211,10.8245753625484,352629,0.0,0.0,0.0,True
2017-11-13,13.052499771118164,13.098099708557129,13.047499656677246,13.055000305175781,10.841185509487852,533195,0.0,0.0,0.0,True
2017-11-14,13.055000305175781,13.083100318908691,13.026900291442871,13.069999694824219,10.853638738865973,230941,0.0,0.0,0.0,True
2017-11-15,13.109999656677246,13.142499923706055,13.081199645996094,13.112500190734863,10.888932623940578,286101,0.0,0.0,0.0,True
2017-11-16,13.052499771118164,13.089200019836426,13.019399642944336,13.032500267028809,10.862844315554488,87482,0.0487,0.0,0.0,True
2017-11-17,13.047499656677246,13.057499885559082,13.005000114440918,13.055000305175781,10.881600093947144,159401,0.0,0.0,0.0,True
2017-11-20,13.02750015258789,13.09749984741211,13.02750015258789,13.085000038146973,10.90660293088572,109117,0.0,0.0,0.0,True
2017-11-21,13.095000267028809,13.140000343322754,13.095000267028809,13.119999885559082,10.935777288140526,299321,0.0,0.0,0.0,True
2017-11-22,13.132499694824219,13.132499694824219,13.085000038146973,13.09000015258789,10.910771530650972,371510,0.0,0.0,0.0,True
2017-11-23,13.107500076293945,13.1225004196167,13.095000267028809,13.1225004196167,10.937859640989167,399102,0.0,0.0,0.0,True
2017-11-24,13.112500190734863,13.145000457763672,13.107500076293945,13.145000457763672,10.956616392898816,87152,0.0,0.0,0.0,True
2017-11-27,13.149999618530273,13.149999618530273,13.114999771118164,13.1274995803833,10.94202824075442,468967,0.0,0.0,0.0,True
2017-11-28,13.145000457763672,13.145000457763672,13.109999656677246,13.109999656677246,10.92744203564401,332918,0.0,0.0,0.0,True
2017-11-29,13.050000190734863,13.067500114440918,13.0,13.017499923706055,10.85034143680971,246109,0.0,0.0,0.0,True
2017-11-30,12.97249984741211,13.032500267028809,12.97249984741211,13.029999732971191,10.860760015671863,229385,0.0,0.0,0.0,True
2017-12-01,13.005000114440918,13.177499771118164,13.005000114440918,13.177499771118164,10.983703529720017,374302,0.0,0.0,0.0,True
2017-12-04,13.130000114440918,13.130000114440918,13.0600004196167,13.079999923706055,10.902437251671447,153317,0.0,0.0,0.0,True
2017-12-05,13.067500114440918,13.109999656677246,13.0625,13.109999656677246,10.92744203564401,327210,0.0,0.0,0.0,True
2017-12-06,13.140000343322754,13.175000190734863,13.119999885559082,13.130000114440918,10.944110593603058,277478,0.0,0.0,0.0,True
2017-12-07,13.137499809265137,13.147500038146973,13.085000038146973,13.109999656677246,10.92744203564401,870078,0.0,0.0,0.0,True
2017-12-08,13.022500038146973,13.087499618530273,13.015000343322754,13.074999809265137,10.898267678389201,276649,0.0,0.0,0.0,True
2017-12-11,13.117500305175781,13.175000190734863,13.107500076293945,13.170000076293945,10.977456471174099,266457,0.0,0.0,0.0,True
2017-12-12,13.170000076293945,13.170000076293945,13.132499694824219,13.15250015258789,10.962867345512707,427005,0.0,0.0,0.0,True
2017-12-13,13.15999984741211,13.229999542236328,13.106200218200684,13.157500267028809,10.967033998243974,220514,0.0,0.0,0.0,True
2017-12-14,13.145000457763672,13.239999771118164,13.145000457763672,13.239999771118164,11.035800318098747,197774,0.0,0.0,0.0,True
2017-12-15,13.265000343322754,13.28499984741211,13.242500305175781,13.274999618530273,11.064971754802574,307300,0.0,0.0,0.0,True
2017-12-18,13.257499694824219,13.292499542236328,13.257499694824219,13.27750015258789,11.067056054685201,412680,0.0,0.0,0.0,True
2017-12-19,13.229999542236328,13.265000343322754,13.170000076293945,13.180000305175781,10.985791723670618,191207,0.0,0.0,0.0,True
2017-12-20,13.1850004196167,13.1850004196167,13.09749984741211,13.09749984741211,10.917022483264864,450095,0.0,0.0,0.0,True
2017-12-21,13.050000190734863,13.100000381469727,13.050000190734863,13.095000267028809,10.914939156899232,754755,0.0,0.0,0.0,True
2017-12-22,13.087499618530273,13.172499656677246,13.0,13.087499618530273,10.908689177802332,2338026,0.0,0.0,0.0,True
2017-12-27,13.149999618530273,13.21500015258789,13.1225004196167,13.21500015258789,11.014962186857451,510097,0.0,0.0,0.0,True
2017-12-28,13.1899995803833,13.217499732971191,13.164999961853027,13.197500228881836,11.000375008230048,570193,0.0,0.0,0.0,True
2017-12-29,13.194999694824219,13.232500076293945,13.172499656677246,13.199999809265137,11.002459308112673,352037,0.0,0.0,0.0,True
2018-01-02,13.281999588012695,13.281999588012695,13.09000015258789,13.104000091552734,10.922443025883483,825891,0.0,0.0,0.0,True
2018-01-03,13.069999694824219,13.1899995803833,13.069999694824219,13.1899995803833,10.994125029133148,158879,0.0,0.0,0.0,True
2018-01-04,13.145000457763672,13.182499885559082,13.145000457763672,13.182499885559082,10.987874076519256,263043,0.0,0.0,0.0,True
2018-01-05,13.172499656677246,13.1899995803833,13.154999732971191,13.170000076293945,10.977456471174099,159020,0.0,0.0,0.0,True
2018-01-08,13.180000305175781,13.270000457763672,13.137499809265137,13.175000190734863,10.981619229837392,224619,0.0,0.0,0.0,True
2018-01-09,13.15999984741211,13.1850004196167,13.125,13.130000114440918,10.944110593603058,199592,0.0,0.0,0.0,True
2018-01-10,13.109999656677246,13.1225004196167,13.092499732971191,13.1225004196167,10.937859640989167,304565,0.0,0.0,0.0,True
2018-01-11,13.194999694824219,13.194999694824219,13.09000015258789,13.092499732971191,10.912856804050591,529506,0.0,0.0,0.0,True
2018-01-12,13.102499961853027,13.109999656677246,13.050000190734863,13.085000038146973,10.90660293088572,258457,0.0,0.0,0.0,True
2018-01-15,13.057499885559082,13.145000457763672,13.057499885559082,13.114999771118164,10.931608688375274,261721,0.0,0.0,0.0,True
2018-01-16,13.079999923706055,13.149999618530273,13.079999923706055,13.125,10.939945887905779,506848,0.0,0.0,0.0,True
2018-01-17,13.197500228881836,13.197500228881836,13.112500190734863,13.119999885559082,10.935777288140526,318398,0.0,0.0,0.0,True
2018-01-18,13.050000190734863,13.104999542236328,13.050000190734863,13.085000038146973,10.90660293088572,259497,0.0,0.0,0.0,True
2018-01-19,13.069999694824219,13.09000015258789,13.0600004196167,13.067500114440918,10.892017699292303,170501,0.0,0.0,0.0,True
2018-01-22,13.067500114440918,13.074999809265137,13.032500267028809,13.055000305175781,10.881600093947144,217347,0.0,0.0,0.0,True
2018-01-23,13.0649995803833,13.09000015258789,13.052499771118164,13.072500228881836,10.89618435202357,392260,0.0,0.0,0.0,True
2018-01-24,13.050000190734863,13.050000190734863,13.0,13.010000228881836,10.844091457712812,561432,0.0,0.0,0.0,True
2018-01-25,12.979999542236328,13.024999618530273,12.979999542236328,13.012499809265137,10.846174784078446,794660,0.0,0.0,0.0,True
2018-01-26,13.010000228881836,13.045000076293945,12.989999771118164,13.005000114440918,10.83991993739658,639514,0.0,0.0,0.0,True
2018-01-29,12.90999984741211,13.0,12.90999984741211,12.994999885559082,10.831586631934048,170370,0.0,0.0,0.0,True
2018-01-30,13.012499809265137,13.020000457763672,12.979999542236328,12.987500190734863,10.82533665283715,264026,0.0,0.0,0.0,True
2018-01-31,12.949999809265137,13.0,12.914999961853027,12.9399995803833,10.785744690237184,595252,0.0,0.0,0.0,True
2018-02-01,12.854999542236328,12.932499885559082,12.854999542236328,12.925000190734863,10.77323986445842,350397,0.0,0.0,0.0,True
2018-02-02,12.892499923706055,12.90250015258789,12.862500190734863,12.899999618530273,10.752399786183139,383006,0.0,0.0,0.0,True
2018-02-05,12.854999542236328,12.914999961853027,12.854999542236328,12.907500267028809,10.758654632865003,498339,0.0,0.0,0.0,True
2018-02-06,12.920000076293945,12.982500076293945,12.897500038146973,12.932499885559082,10.779493737623293,644601,0.0,0.0,0.0,True
2018-02-07,12.925000190734863,12.932499885559082,12.8774995803833,12.9037504196167,10.75552866979956,656641,0.0,0.0,0.0,True
2018-02-08,12.904999732971191,12.904999732971191,12.802499771118164,12.854999542236328,10.714894070499785,169083,0.0,0.0,0.0,True
2018-02-09,12.862000465393066,12.932000160217285,12.842000007629395,12.878000259399414,10.734065540648574,186677,0.0,0.0,0.0,True
2018-02-12,12.957500457763672,12.957500457763672,12.829999923706055,12.8774995803833,10.733648875375449,659773,0.0,0.0,0.0,True
2018-02-13,12.869999885559082,12.887499809265137,12.829999923706055,12.850000381469727,10.710727417768519,324383,0.0,0.0,0.0,True
2018-02-14,12.864999771118164,12.875,12.807499885559082,12.807499885559082,10.675301134382826,212168,0.0,0.0,0.0,True
2018-02-15,12.789999961853027,12.789999961853027,12.732500076293945,12.779999732971191,10.652379676775897,1616955,0.0,0.0,0.0,True
2018-02-16,12.8149995803833,12.897500038146973,12.8125,12.885000228881836,10.739900801506334,195314,0.0,0.0,0.0,True
2018-02-19,12.895000457763672,12.895000457763672,12.854999542236328,12.867500305175781,10.725314596395924,252661,0.0,0.0,0.0,True
2018-02-20,12.875,12.904999732971191,12.822500228881836,12.895000457763672,10.748237027519846,281991,0.0,0.0,0.0,True
2018-02-21,12.869999885559082,12.952500343322754,12.869999885559082,12.930000305175781,10.777409437740666,301818,0.0,0.0,0.0,True
2018-02-22,12.869999885559082,12.944999694824219,12.869999885559082,12.925000190734863,10.77323986445842,298200,0.0,0.0,0.0,True
2018-02-23,12.952500343322754,12.957500457763672,12.925000190734863,12.952500343322754,10.796163269099335,283663,0.0,0.0,0.0,True
2018-02-26,12.914999961853027,12.967499732971191,12.914999961853027,12.963749885559082,10.805539211261676,162244,0.0,0.0,0.0,True
2018-02-27,12.96500015258789,12.989999771118164,12.899999618530273,12.914999961853027,10.764906558995888,345237,0.0,0.0,0.0,True
2018-02-28,12.949999809265137,12.989999771118164,12.90999984741211,12.989999771118164,10.827418032168795,213694,0.0,0.0,0.0,True
2018-03-01,12.994999885559082,13.0600004196167,12.994999885559082,13.032500267028809,10.862844315554488,621701,0.0,0.0,0.0,True
2018-03-02,13.029999732971191,13.079999923706055,13.017499923706055,13.017499923706055,10.85034143680971,194217,0.0,0.0,0.0,True
2018-03-05,13.069999694824219,13.069999694824219,12.987500190734863,12.987500190734863,10.82533665283715,365885,0.0,0.0,0.0,True
2018-03-06,12.944999694824219,12.970000267028809,12.885000228881836,12.948749542236328,10.793038279550887,1353514,0.0,0.0,0.0,True
2018-03-07,12.949999809265137,12.992500305175781,12.949999809265137,12.967499732971191,10.808666147844113,646342,0.0,0.0,0.0,True
2018-03-08,12.979999542236328,13.007499694824219,12.9375,12.994999885559082,10.831586631934048,190035,0.0,0.0,0.0,True
2018-03-09,12.9350004196167,12.987500190734863,12.9350004196167,12.967499732971191,10.808666147844113,316188,0.0,0.0,0.0,True
2018-03-12,12.970000267028809,12.975000381469727,12.949999809265137,12.954999923706055,10.798245621947975,142588,0.0,0.0,0.0,True
2018-03-13,12.880000114440918,13.007499694824219,12.880000114440918,13.007499694824219,10.842007157830187,345580,0.0,0.0,0.0,True
2018-03-14,13.017499923706055,13.095000267028809,13.0024995803833,13.092499732971191,10.912856804050591,145547,0.0,0.0,0.0,True
2018-03-15,13.085000038146973,13.114999771118164,13.074999809265137,13.104999542236328,10.92327440939575,333857,0.0,0.0,0.0,True
2018-03-16,13.114999771118164,13.130000114440918,13.100000381469727,13.1225004196167,10.937859640989167,142283,0.0,0.0,0.0,True
2018-03-19,13.135000228881836,13.145000457763672,13.050000190734863,13.145000457763672,10.956616392898816,280106,0.0,0.0,0.0,True
2018-03-20,13.0600004196167,13.140000343322754,13.0600004196167,13.102499961853027,10.921191083030116,242400,0.0,0.0,0.0,True
2018-03-21,13.0600004196167,13.149999618530273,13.017499923706055,13.0649995803833,10.889932425892683,268201,0.0,0.0,0.0,True
2018-03-22,13.119999885559082,13.225000381469727,13.024999618530273,13.15999984741211,10.9691182981266,355133,0.0,0.0,0.0,True
2018-03-23,13.15999984741211,13.204999923706055,13.100000381469727,13.151249885559082,10.961824708812898,277073,0.0,0.0,0.0,True
2018-03-26,13.100000381469727,13.164999961853027,13.100000381469727,13.15999984741211,10.9691182981266,355103,0.0,0.0,0.0,True
2018-03-27,13.157500267028809,13.182499885559082,13.157500267028809,13.167499542236328,10.975366330189512,311439,0.0,0.0,0.0,True
2018-03-28,13.202500343322754,13.232500076293945,13.199999809265137,13.2212495803833,11.02016952925454,329556,0.0,0.0,0.0,True
2018-03-29,13.220000267028809,13.244999885559082,13.192500114440918,13.244999885559082,11.039966970830013,354412,0.0,0.0,0.0,True
2018-04-03,13.265000343322754,13.279999732971191,13.199999809265137,13.204999923706055,11.006624987326946,330203,0.0,0.0,0.0,True
2018-04-04,13.210000038146973,13.234999656677246,13.157500267028809,13.157500267028809,10.967033998243974,591365,0.0,0.0,0.0,True
2018-04-05,13.180000305175781,13.180000305175781,13.092499732971191,13.09749984741211,10.917022483264864,558852,0.0,0.0,0.0,True
2018-04-06,13.119999885559082,13.149999618530273,13.109999656677246,13.140000343322754,10.952445846099577,527554,0.0,0.0,0.0,True
2018-04-09,13.135000228881836,13.145000457763672,13.117500305175781,13.140000343322754,10.952445846099577,252638,0.0,0.0,0.0,True
2018-04-10,13.130000114440918,13.140000343322754,13.09000015258789,13.114999771118164,10.931608688375274,640524,0.0,0.0,0.0,True
2018-04-11,13.069999694824219,13.194999694824219,13.069999694824219,13.170000076293945,10.977456471174099,773637,0.0,0.0,0.0,True
2018-04-12,13.1850004196167,13.1850004196167,13.085000038146973,13.095000267028809,10.914939156899232,290853,0.0,0.0,0.0,True
2018-04-13,13.074999809265137,13.104999542236328,13.055000305175781,13.104999542236328,10.92327440939575,158121,0.0,0.0,0.0,True
2018-04-16,13.055000305175781,13.074999809265137,13.037500381469727,13.055000305175781,10.881600093947144,173763,0.0,0.0,0.0,True
2018-04-17,13.029999732971191,13.09000015258789,13.029999732971191,13.069999694824219,10.894100052140942,208860,0.0,0.0,0.0,True
2018-04-18,13.145000457763672,13.180000305175781,13.085000038146973,13.100000381469727,10.919106783147491,630297,0.0,0.0,0.0,True
2018-04-19,13.0600004196167,13.0600004196167,12.97249984741211,12.979999542236328,10.819084726706265,379892,0.0,0.0,0.0,True
2018-04-20,13.010000228881836,13.024999618530273,12.989999771118164,13.024999618530273,10.856592389423604,390413,0.0,0.0,0.0,True
2018-04-23,13.010000228881836,13.010000228881836,12.947500228881836,12.947500228881836,10.79199661636807,436543,0.0,0.0,0.0,True
2018-04-24,13.015000343322754,13.015000343322754,12.922499656677246,12.9399995803833,10.785744690237184,323920,0.0,0.0,0.0,True
2018-04-25,12.90999984741211,12.962499618530273,12.90999984741211,12.962499618530273,10.80449754807886,593657,0.0,0.0,0.0,True
2018-04-26,12.977499961853027,13.024999618530273,12.975000381469727,13.024999618530273,10.856592389423604,365733,0.0,0.0,0.0,True
2018-04-27,13.022500038146973,13.087499618530273,13.022500038146973,13.074999809265137,10.898267678389201,478367,0.0,0.0,0.0,True
2018-04-30,13.020000457763672,13.114999771118164,13.020000457763672,13.114999771118164,10.931608688375274,255017,0.0,0.0,0.0,True
2018-05-01,13.102499961853027,13.1225004196167,13.102499961853027,13.104999542236328,10.92327440939575,283944,0.0,0.0,0.0,True
2018-05-02,13.050000190734863,13.104999542236328,13.029999732971191,13.057499885559082,10.883681473278791,192127,0.0,0.0,0.0,True
2018-05-03,13.005000114440918,13.145000457763672,13.005000114440918,13.145000457763672,10.956616392898816,133412,0.0,0.0,0.0,True
2018-05-04,13.145000457763672,13.170000076293945,13.104999542236328,13.125,10.939945887905779,270200,0.0,0.0,0.0,True
2018-05-08,13.074999809265137,13.140000343322754,13.055000305175781,13.069999694824219,10.894100052140942,424055,0.0,0.0,0.0,True
2018-05-09,13.09000015258789,13.09000015258789,13.010000228881836,13.047499656677246,10.875347194299266,218304,0.0,0.0,0.0,True
2018-05-10,13.109999656677246,13.109999656677246,13.024999618530273,13.09000015258789,10.910771530650972,248365,0.0,0.0,0.0,True
2018-05-11,13.03499984741211,13.167499542236328,13.03499984741211,13.0600004196167,10.88576382612743,257943,0.0,0.0,0.0,True
2018-05-14,13.010000228881836,13.03499984741211,13.007499694824219,13.020000457763672,10.852425736692338,530721,0.0,0.0,0.0,True
2018-05-15,12.954999923706055,13.02750015258789,12.954999923706055,12.989999771118164,10.827418032168795,229473,0.0,0.0,0.0,True
2018-05-16,12.994999885559082,13.03499984741211,12.994999885559082,13.005000114440918,10.83991993739658,211879,0.0,0.0,0.0,True
2018-05-17,12.819999694824219,12.920000076293945,12.819999694824219,12.862500190734863,10.794102333624549,261611,0.0879,0.0,0.0,True
2018-05-18,12.835000038146973,12.920000076293945,12.835000038146973,12.920000076293945,10.842355676913783,275993,0.0,0.0,0.0,True
2018-05-21,12.930000305175781,12.954999923706055,12.90999984741211,12.954999923706055,10.871726684601233,315956,0.0,0.0,0.0,True
2018-05-22,12.9350004196167,12.9350004196167,12.880000114440918,12.895000457763672,10.82137930625944,282603,0.0,0.0,0.0,True
2018-05-23,12.944999694824219,12.9975004196167,12.944999694824219,12.984999656677246,10.896900860530627,131998,0.0,0.0,0.0,True
2018-05-24,12.9375,13.020000457763672,12.9375,13.020000457763672,10.926276735803045,241919,0.0,0.0,0.0,True
2018-05-25,12.984999656677246,13.135000228881836,12.984999656677246,13.104999542236328,10.99760632590114,233628,0.0,0.0,0.0,True
2018-05-29,13.104999542236328,13.4375,13.104999542236328,13.237500190734863,11.108800463357323,675734,0.0,0.0,0.0,True
2018-05-30,13.237500190734863,13.25,13.15999984741211,13.212499618530273,11.087819225118013,271862,0.0,0.0,0.0,True
2018-05-31,13.142499923706055,13.2475004196167,13.142499923706055,13.225000381469727,11.098310817754662,479551,0.0,0.0,0.0,True
2018-06-01,13.194999694824219,13.207500457763672,13.135000228881836,13.162500381469727,11.045859669190376,502985,0.0,0.0,0.0,True
2018-06-04,13.135000228881836,13.164999961853027,13.1225004196167,13.140000343322754,11.026977333588592,356079,0.0,0.0,0.0,True
2018-06-05,13.170000076293945,13.170000076293945,13.107500076293945,13.135000228881836,11.022781475347527,312692,0.0,0.0,0.0,True
2018-06-06,13.095000267028809,13.119999885559082,13.010000228881836,13.012499809265137,10.919981974924456,267208,0.0,0.0,0.0,True
2018-06-07,12.982500076293945,13.012499809265137,12.970000267028809,12.97249984741211,10.886413161961952,261643,0.0,0.0,0.0,True
2018-06-08,13.0600004196167,13.072500228881836,12.9975004196167,12.9975004196167,10.90739342668427,339380,0.0,0.0,0.0,True
2018-06-11,12.994999885559082,13.0,12.952500343322754,12.984999656677246,10.896900860530627,274507,0.0,0.0,0.0,True
2018-06-12,12.960000038146973,13.010000228881836,12.944999694824219,13.010000228881836,10.917884045803923,177181,0.0,0.0,0.0,True
2018-06-13,13.03499984741211,13.082500457763672,12.992500305175781,13.06624984741211,10.965087937774395,170397,0.0,0.0,0.0,True
2018-06-14,13.067500114440918,13.130000114440918,13.020000457763672,13.1225004196167,11.012290856227873,188772,0.0,0.0,0.0,True
2018-06-15,13.135000228881836,13.244999885559082,13.092499732971191,13.118749618530273,11.009145422822565,397536,0.0,0.0,0.0,True
2018-06-18,13.130000114440918,13.149999618530273,13.095000267028809,13.114999771118164,11.005997068866277,244723,0.0,0.0,0.0,True
2018-06-19,13.170000076293945,13.210000038146973,13.135000228881836,13.147500038146973,11.033273067984176,164932,0.0,0.0,0.0,True
2018-06-20,13.082500457763672,13.15250015258789,13.069999694824219,13.135000228881836,11.022781475347527,360653,0.0,0.0,0.0,True
2018-06-21,13.104999542236328,13.162500381469727,13.0625,13.142499923706055,11.029075262709124,195024,0.0,0.0,0.0,True
2018-06-22,13.130000114440918,13.137499809265137,13.092499732971191,13.100000381469727,10.993410467660077,236928,0.0,0.0,0.0,True
2018-06-25,13.199999809265137,13.199999809265137,13.085000038146973,13.104999542236328,10.99760632590114,334209,0.0,0.0,0.0,True
2018-06-26,13.067500114440918,13.132499694824219,13.0649995803833,13.109999656677246,11.001803157659198,177046,0.0,0.0,0.0,True
2018-06-27,13.15999984741211,13.194999694824219,13.119999885559082,13.192500114440918,11.071035792153756,701342,0.0,0.0,0.0,True
2018-06-28,13.182499885559082,13.212499618530273,13.180000305175781,13.180000305175781,11.060547120068087,209966,0.0,0.0,0.0,True
2018-06-29,13.164999961853027,13.177499771118164,13.107500076293945,13.154999732971191,11.039566855345772,194496,0.0,0.0,0.0,True
2018-07-02,13.210000038146973,13.210000038146973,13.140000343322754,13.1899995803833,11.068938836550217,250083,0.0,0.0,0.0,True
2018-07-03,13.154999732971191,13.22249984741211,13.140000343322754,13.212499618530273,11.087819225118013,462814,0.0,0.0,0.0,True
2018-07-04,13.164999961853027,13.217499732971191,13.15999984741211,13.180000305175781,11.060547120068087,231035,0.0,0.0,0.0,True
2018-07-05,13.180000305175781,13.210000038146973,13.102499961853027,13.1899995803833,11.068938836550217,139700,0.0,0.0,0.0,True
2018-07-06,13.244999885559082,13.244999885559082,13.175000190734863,13.180000305175781,11.060547120068087,244785,0.0,0.0,0.0,True
2018-07-09,13.145000457763672,13.199999809265137,13.130000114440918,13.180000305175781,11.060547120068087,267887,0.0,0.0,0.0,True
2018-07-10,13.15250015258789,13.180000305175781,13.1274995803833,13.149999618530273,11.035368076553727,369366,0.0,0.0,0.0,True
2018-07-11,13.182499885559082,13.21500015258789,13.130000114440918,13.162500381469727,11.045859669190376,217314,0.0,0.0,0.0,True
2018-07-12,13.1274995803833,13.199999809265137,13.1274995803833,13.199999809265137,11.077330553032345,173739,0.0,0.0,0.0,True
2018-07-13,13.199999809265137,13.229999542236328,13.170000076293945,13.170000076293945,11.052156377102952,137307,0.0,0.0,0.0,True
2018-07-16,13.145000457763672,13.192500114440918,13.117500305175781,13.149999618530273,11.035368076553727,161131,0.0,0.0,0.0,True
2018-07-17,13.170000076293945,13.194999694824219,13.154999732971191,13.1875,11.066840907429684,163150,0.0,0.0,0.0,True
2018-07-18,13.21500015258789,13.270000457763672,13.15999984741211,13.225000381469727,11.098310817754662,500453,0.0,0.0,0.0,True
2018-07-19,13.229999542236328,13.289999961853027,13.194999694824219,13.289999961853027,11.152857948405492,261243,0.0,0.0,0.0,True
2018-07-20,13.279999732971191,13.295000076293945,13.220000267028809,13.220000267028809,11.09411301247961,1138798,0.0,0.0,0.0,True
2018-07-23,13.210000038146973,13.255000114440918,13.149999618530273,13.1850004196167,11.064742004792159,414030,0.0,0.0,0.0,True
2018-07-24,13.220000267028809,13.220000267028809,13.177499771118164,13.199999809265137,11.077330553032345,347475,0.0,0.0,0.0,True
2018-07-25,13.164999961853027,13.239999771118164,13.164999961853027,13.229999542236328,11.102505702478732,187162,0.0,0.0,0.0,True
2018-07-26,13.154999732971191,13.220000267028809,13.154999732971191,13.175000190734863,11.056348341276044,251859,0.0,0.0,0.0,True
2018-07-27,13.225000381469727,13.225000381469727,13.15999984741211,13.180000305175781,11.060547120068087,301529,0.0,0.0,0.0,True
2018-07-30,13.15250015258789,13.207500457763672,13.074999809265137,13.079999923706055,10.976627034695818,1094687,0.0,0.0,0.0,True
2018-07-31,13.109999656677246,13.125,13.09000015258789,13.119999885559082,11.010194874141327,382313,0.0,0.0,0.0,True
2018-08-01,13.149999618530273,13.149999618530273,13.055000305175781,13.069999694824219,10.968233371179704,203303,0.0,0.0,0.0,True
2018-08-02,13.052499771118164,13.114999771118164,13.039999961853027,13.055000305175781,10.955646769973503,194668,0.0,0.0,0.0,True
2018-08-03,13.102499961853027,13.1274995803833,13.0625,13.1274995803833,11.016487687985931,222084,0.0,0.0,0.0,True
2018-08-06,13.0649995803833,13.162500381469727,13.0649995803833,13.154999732971191,11.039566855345772,189082,0.0,0.0,0.0,True
2018-08-07,13.137499809265137,13.170000076293945,13.104999542236328,13.130000114440918,11.018586590623457,79260,0.0,0.0,0.0,True
2018-08-08,13.119999885559082,13.175000190734863,13.119999885559082,13.147500038146973,11.033273067984176,130215,0.0,0.0,0.0,True
2018-08-09,13.164999961853027,13.164999961853027,13.125,13.145000457763672,11.031175138863643,253526,0.0,0.0,0.0,True
2018-08-10,13.1850004196167,13.220000267028809,13.172499656677246,13.220000267028809,11.09411301247961,340446,0.0,0.0,0.0,True
2018-08-13,13.217499732971191,13.227499961853027,13.175000190734863,13.199999809265137,11.077330553032345,124412,0.0,0.0,0.0,True
2018-08-14,13.180000305175781,13.210000038146973,13.175000190734863,13.180000305175781,11.060547120068087,97019,0.0,0.0,0.0,True
2018-08-15,13.130000114440918,13.257499694824219,13.130000114440918,13.225000381469727,11.098310817754662,266194,0.0,0.0,0.0,True
2018-08-16,13.229999542236328,13.239999771118164,13.210000038146973,13.232500076293945,11.104603631599264,304054,0.0,0.0,0.0,True
2018-08-17,13.274999618530273,13.27750015258789,13.225000381469727,13.225000381469727,11.098310817754662,154569,0.0,0.0,0.0,True
2018-08-20,13.204999923706055,13.227499961853027,13.1899995803833,13.227499961853027,11.1004077733582,140918,0.0,0.0,0.0,True
2018-08-21,13.199999809265137,13.229999542236328,13.170000076293945,13.170000076293945,11.052156377102952,330932,0.0,0.0,0.0,True
2018-08-22,13.15999984741211,13.1850004196167,13.149999618530273,13.1587495803833,11.042714235785066,260814,0.0,0.0,0.0,True
2018-08-23,13.1875,13.1875,13.132499694824219,13.170000076293945,11.052156377102952,217826,0.0,0.0,0.0,True
2018-08-24,13.119999885559082,13.170000076293945,13.119999885559082,13.145000457763672,11.031175138863643,182831,0.0,0.0,0.0,True
2018-08-28,13.145000457763672,13.145000457763672,13.095000267028809,13.130000114440918,11.018586590623457,276581,0.0,0.0,0.0,True
2018-08-29,13.095000267028809,13.142499923706055,13.03499984741211,13.074999809265137,10.972429229420767,560055,0.0,0.0,0.0,True
2018-08-30,13.109999656677246,13.119999885559082,13.0649995803833,13.119999885559082,11.010194874141327,296202,0.0,0.0,0.0,True
2018-08-31,13.09000015258789,13.162500381469727,13.09000015258789,13.145000457763672,11.031175138863643,271771,0.0,0.0,0.0,True
2018-09-03,13.102499961853027,13.175000190734863,13.102499961853027,13.162500381469727,11.045859669190376,140096,0.0,0.0,0.0,True
2018-09-04,13.1850004196167,13.1850004196167,13.119999885559082,13.119999885559082,11.010194874141327,262732,0.0,0.0,0.0,True
2018-09-05,13.119999885559082,13.149999618530273,13.057499885559082,13.079999923706055,10.976627034695818,104574,0.0,0.0,0.0,True
2018-09-06,13.149999618530273,13.149999618530273,13.079999923706055,13.142499923706055,11.029075262709124,124212,0.0,0.0,0.0,True
2018-09-07,13.100000381469727,13.132499694824219,13.074999809265137,13.095000267028809,10.989213635902018,243584,0.0,0.0,0.0,True
2018-09-10,13.032500267028809,13.095000267028809,13.032500267028809,13.055000305175781,10.955646769973503,227382,0.0,0.0,0.0,True
2018-09-11,13.024999618530273,13.0600004196167,13.024999618530273,13.029999732971191,10.934665531734193,318265,0.0,0.0,0.0,True
2018-09-12,13.057499885559082,13.069999694824219,13.029999732971191,13.039999961853027,10.943061142284296,176045,0.0,0.0,0.0,True
2018-09-13,13.0625,13.0625,13.0,13.022500038146973,10.92837271788959,218316,0.0,0.0,0.0,True
2018-09-14,13.020000457763672,13.020000457763672,12.975000381469727,12.984999656677246,10.896900860530627,287371,0.0,0.0,0.0,True
2018-09-17,12.989999771118164,13.007499694824219,12.96500015258789,12.994999885559082,10.90529647108073,90388,0.0,0.0,0.0,True
2018-09-18,12.96500015258789,13.010000228881836,12.9350004196167,12.944999694824219,10.863334968119105,150473,0.0,0.0,0.0,True
2018-09-19,12.960000038146973,12.960000038146973,12.859999656677246,12.885000228881836,10.812983695709338,349252,0.0,0.0,0.0,True
2018-09-20,12.869999885559082,12.914999961853027,12.869999885559082,12.914999961853027,10.838158845155725,103571,0.0,0.0,0.0,True
2018-09-21,12.899999618530273,12.975000381469727,12.899999618530273,12.975000381469727,10.888513038116471,214319,0.0,0.0,0.0,True
2018-09-24,12.944999694824219,12.96500015258789,12.869999885559082,12.869999885559082,10.800396120986145,163921,0.0,0.0,0.0,True
2018-09-25,12.864999771118164,12.875,12.832500457763672,12.859999656677246,10.792003430987023,344194,0.0,0.0,0.0,True
2018-09-26,12.8774995803833,12.899999618530273,12.875,12.899999618530273,10.825569323398545,149153,0.0,0.0,0.0,True
2018-09-27,12.914999961853027,12.970000267028809,12.904999732971191,12.90999984741211,10.83396590746564,211202,0.0,0.0,0.0,True
2018-09-28,12.960000038146973,12.982500076293945,12.930000305175781,12.932499885559082,10.85284726955043,106838,0.0,0.0,0.0,True
2018-10-01,12.914999961853027,12.9350004196167,12.890000343322754,12.926250457763672,10.847601959990604,301014,0.0,0.0,0.0,True
2018-10-02,12.932499885559082,12.979999542236328,12.932499885559082,12.979999542236328,10.89270694932355,147493,0.0,0.0,0.0,True
2018-10-03,12.9375,12.962499618530273,12.907500267028809,12.907500267028809,10.831867004828116,299762,0.0,0.0,0.0,True
2018-10-04,12.824999809265137,12.914999961853027,12.8149995803833,12.8149995803833,10.754240706817443,1993495,0.0,0.0,0.0,True
2018-10-05,12.774999618530273,12.819999694824219,12.744999885559082,12.767499923706055,10.714379080010337,164618,0.0,0.0,0.0,True
2018-10-08,12.71500015258789,12.824999809265137,12.71500015258789,12.800000190734863,10.741655079128236,236007,0.0,0.0,0.0,True
2018-10-09,12.805000305175781,12.805000305175781,12.739999771118164,12.744999885559082,10.695496744408553,335214,0.0,0.0,0.0,True
2018-10-10,12.6850004196167,12.725000381469727,12.675000190734863,12.71500015258789,10.670321594962166,295148,0.0,0.0,0.0,True
2018-10-11,12.732500076293945,12.75,12.707500457763672,12.737500190734863,10.68920393056395,305672,0.0,0.0,0.0,True
2018-10-12,12.720000267028809,12.800000190734863,12.720000267028809,12.795000076293945,10.737457273853185,145991,0.0,0.0,0.0,True
2018-10-15,12.835000038146973,12.835000038146973,12.802499771118164,12.805000305175781,10.745849963852306,281635,0.0,0.0,0.0,True
2018-10-16,12.835000038146973,12.845000267028809,12.800000190734863,12.845000267028809,10.77941585626383,139993,0.0,0.0,0.0,True
2018-10-17,12.895000457763672,12.90999984741211,12.857500076293945,12.890000343322754,10.817179553950403,215803,0.0,0.0,0.0,True
2018-10-18,12.880000114440918,12.930000305175781,12.875,12.930000305175781,10.850749340429898,272414,0.0,0.0,0.0,True
2018-10-19,12.914999961853027,12.952500343322754,12.912500381469727,12.912500381469727,10.836061889552186,402810,0.0,0.0,0.0,True
2018-10-22,12.904999732971191,12.970000267028809,12.899999618530273,12.943750381469727,10.86228746383433,264041,0.0,0.0,0.0,True
2018-10-23,13.029999732971191,13.029999732971191,12.96500015258789,13.029999732971191,10.934665531734193,564871,0.0,0.0,0.0,True
2018-10-24,13.005000114440918,13.045000076293945,13.005000114440918,13.026249885559082,10.931520098328885,250505,0.0,0.0,0.0,True
2018-10-25,13.005000114440918,13.047499656677246,13.005000114440918,13.039999961853027,10.943061142284296,263345,0.0,0.0,0.0,True
2018-10-26,13.029999732971191,13.119999885559082,13.029999732971191,13.087499618530273,10.98292179557441,253179,0.0,0.0,0.0,True
2018-10-29,13.119999885559082,13.119999885559082,13.050000190734863,13.077500343322754,10.974528132058293,301047,0.0,0.0,0.0,True
2018-10-30,13.109999656677246,13.114999771118164,13.069999694824219,13.095000267028809,10.989213635902018,292220,0.0,0.0,0.0,True
2018-10-31,13.052499771118164,13.085000038146973,13.020000457763672,13.047499656677246,10.949352009094913,297182,0.0,0.0,0.0,True
2018-11-01,13.012499809265137,13.0649995803833,13.010000228881836,13.050000190734863,10.951452858766425,279438,0.0,0.0,0.0,True
2018-11-02,13.005000114440918,13.032500267028809,12.984999656677246,13.0,10.9094913558048,438971,0.0,0.0,0.0,True
2018-11-05,12.989999771118164,13.0,12.970000267028809,13.0,10.9094913558048,503940,0.0,0.0,0.0,True
2018-11-06,12.975000381469727,12.987500190734863,12.9399995803833,12.949999809265137,10.867531799877163,705279,0.0,0.0,0.0,True
2018-11-07,12.930000305175781,12.960000038146973,12.890000343322754,12.9399995803833,10.859140083395033,313652,0.0,0.0,0.0,True
2018-11-08,12.875,12.914999961853027,12.875,12.895000457763672,10.82137930625944,629739,0.0,0.0,0.0,True
2018-11-09,12.890000343322754,12.962499618530273,12.890000343322754,12.962499618530273,10.878022418996817,167004,0.0,0.0,0.0,True
2018-11-12,12.949999809265137,13.042499542236328,12.949999809265137,13.0,10.9094913558048,240810,0.0,0.0,0.0,True
2018-11-13,12.944999694824219,12.989999771118164,12.904999732971191,12.930000305175781,10.850749340429898,491760,0.0,0.0,0.0,True
2018-11-14,12.96500015258789,12.96500015258789,12.895000457763672,12.897500038146973,10.823473341311999,290239,0.0,0.0,0.0,True
2018-11-15,12.882499694824219,12.949999809265137,12.8149995803833,12.914999961853027,10.90921000939374,208200,0.084,0.0,0.0,True
2018-11-16,12.899999618530273,12.925000190734863,12.869999885559082,12.895000457763672,10.892318516043229,179788,0.0,0.0,0.0,True
2018-11-19,12.914999961853027,12.925000190734863,12.882499694824219,12.925000190734863,10.917656242827494,101296,0.0,0.0,0.0,True
2018-11-20,12.930000305175781,12.930000305175781,12.880000114440918,12.890000343322754,10.888092478775372,380099,0.0,0.0,0.0,True
2018-11-21,12.864999771118164,12.912500381469727,12.864999771118164,12.912500381469727,10.907098451035303,277099,0.0,0.0,0.0,True
2018-11-22,12.864999771118164,12.932499885559082,12.854999542236328,12.885000228881836,10.883870335575489,320895,0.0,0.0,0.0,True
2018-11-23,12.854999542236328,12.9350004196167,12.854999542236328,12.899999618530273,10.896536765175139,321217,0.0,0.0,0.0,True
2018-11-26,12.899999618530273,12.914999961853027,12.864999771118164,12.869999885559082,10.87119806487388,146169,0.0,0.0,0.0,True
2018-11-27,12.960000038146973,12.960000038146973,12.850000381469727,12.850000381469727,10.854305598006373,444167,0.0,0.0,0.0,True
2018-11-28,12.890000343322754,12.890000343322754,12.829999923706055,12.829999923706055,10.837412157621875,523808,0.0,0.0,0.0,True
2018-11-29,12.885000228881836,12.895000457763672,12.854999542236328,12.854999542236328,10.858527741206256,246938,0.0,0.0,0.0,True
2018-11-30,12.8725004196167,12.8725004196167,12.819999694824219,12.802499771118164,10.814183068645066,625849,0.0,0.0,0.0,True
2018-12-03,12.8149995803833,12.897500038146973,12.78499984741211,12.897500038146973,10.894427153850687,338923,0.0,0.0,0.0,True
2018-12-04,12.930000305175781,12.989999771118164,12.912500381469727,12.989999771118164,10.972561627731855,385975,0.0,0.0,0.0,True
2018-12-05,12.989999771118164,13.039999961853027,12.925000190734863,12.982500076293945,10.96622695265654,327413,0.0,0.0,0.0,True
2018-12-06,12.984999656677246,13.154999732971191,12.984999656677246,13.0649995803833,11.035913246069969,328139,0.0,0.0,0.0,True
2018-12-07,13.079999923706055,13.104999542236328,13.055000305175781,13.104999542236328,11.069702073872953,302345,0.0,0.0,0.0,True
2018-12-10,13.104999542236328,13.332500457763672,13.09000015258789,13.28499984741211,11.221745957884426,391092,0.0,0.0,0.0,True
2018-12-11,13.329999923706055,13.329999923706055,13.175000190734863,13.22249984741211,11.168952131338504,331601,0.0,0.0,0.0,True
2018-12-12,13.172499656677246,13.270000457763672,13.092499732971191,13.114999771118164,11.078147333789714,520686,0.0,0.0,0.0,True
2018-12-13,13.052499771118164,13.175000190734863,13.045000076293945,13.074999809265137,11.044360453020714,588909,0.0,0.0,0.0,True
2018-12-14,13.055000305175781,13.132499694824219,13.055000305175781,13.132499694824219,11.09293116284976,172622,0.0,0.0,0.0,True
2018-12-17,13.132499694824219,13.132499694824219,13.069999694824219,13.130000114440918,11.090819604491323,351099,0.0,0.0,0.0,True
2018-12-18,13.140000343322754,13.194999694824219,13.09000015258789,13.119999885559082,11.082372397540576,724129,0.0,0.0,0.0,True
2018-12-19,13.079999923706055,13.15999984741211,13.079999923706055,13.117500305175781,11.080260839182138,321664,0.0,0.0,0.0,True
2018-12-20,13.130000114440918,13.172499656677246,13.109999656677246,13.135000228881836,11.095042721208198,151056,0.0,0.0,0.0,True
2018-12-21,13.0649995803833,13.112500190734863,13.047499656677246,13.05875015258789,11.030633863415376,243122,0.0,0.0,0.0,True
2018-12-24,13.109999656677246,13.1899995803833,13.052499771118164,13.1899995803833,11.141500899161812,67383,0.0,0.0,0.0,True
2018-12-27,13.0649995803833,13.175000190734863,13.0649995803833,13.072500228881836,11.042248894662276,40207,0.0,0.0,0.0,True
2018-12-28,13.085000038146973,13.140000343322754,13.085000038146973,13.125,11.086596487774445,255693,0.0,0.0,0.0,True
2018-12-31,13.050000190734863,13.095000267028809,13.050000190734863,13.095000267028809,11.061254866922207,39723,0.0,0.0,0.0,True
2019-01-02,13.069999694824219,13.204999923706055,13.069999694824219,13.15999984741211,11.116160251826567,453058,0.0,0.0,0.0,True
2019-01-03,13.1899995803833,13.225000381469727,13.130000114440918,13.225000381469727,11.171066610247921,152842,0.0,0.0,0.0,True
2019-01-04,13.167499542236328,13.177499771118164,13.104999542236328,13.114999771118164,11.078147333789714,99225,0.0,0.0,0.0,True
2019-01-07,13.125,13.172499656677246,13.119999885559082,13.157500267028809,11.11404869346813,150045,0.0,0.0,0.0,True
2019-01-08,13.119999885559082,13.21500015258789,13.109999656677246,13.21500015258789,11.162618429780181,552314,0.0,0.0,0.0,True
2019-01-09,13.135000228881836,13.1850004196167,13.09000015258789,13.180000305175781,11.13305466572806,358692,0.0,0.0,0.0,True
2019-01-10,13.244999885559082,13.244999885559082,13.109999656677246,13.15999984741211,11.116160251826567,356055,0.0,0.0,0.0,True
2019-01-11,13.119999885559082,13.164999961853027,13.085000038146973,13.095000267028809,11.061254866922207,344835,0.0,0.0,0.0,True
2019-01-14,13.074999809265137,13.145000457763672,13.074999809265137,13.09000015258789,11.057031750205331,312787,0.0,0.0,0.0,True
2019-01-15,13.112500190734863,13.170000076293945,13.112500190734863,13.170000076293945,11.1246094058113,150076,0.0,0.0,0.0,True
2019-01-16,13.175000190734863,13.175000190734863,13.03499984741211,13.117500305175781,11.080260839182138,384116,0.0,0.0,0.0,True
2019-01-17,13.164999961853027,13.164999961853027,13.055000305175781,13.069999694824219,11.040137336303838,352584,0.0,0.0,0.0,True
2019-01-18,12.984999656677246,13.069999694824219,12.984999656677246,13.047499656677246,11.021131364043907,276501,0.0,0.0,0.0,True
2019-01-21,13.024999618530273,13.102499961853027,13.024999618530273,13.0625,11.033803634745517,277769,0.0,0.0,0.0,True
2019-01-22,13.042499542236328,13.109999656677246,13.042499542236328,13.074999809265137,11.044360453020714,167568,0.0,0.0,0.0,True
2019-01-23,13.050000190734863,13.125,13.045000076293945,13.125,11.086596487774445,127189,0.0,0.0,0.0,True
2019-01-24,13.154999732971191,13.182499885559082,13.104999542236328,13.170000076293945,11.1246094058113,233306,0.0,0.0,0.0,True
2019-01-25,13.114999771118164,13.197500228881836,13.114999771118164,13.125,11.086596487774445,221316,0.0,0.0,0.0,True
2019-01-28,13.119999885559082,13.182499885559082,13.109999656677246,13.19124984741211,11.142557165099529,156560,0.0,0.0,0.0,True
2019-01-29,13.182499885559082,13.210000038146973,13.180000305175781,13.1850004196167,11.137277782444936,343871,0.0,0.0,0.0,True
2019-01-30,13.194999694824219,13.227499961853027,13.180000305175781,13.220000267028809,11.166840572980066,155310,0.0,0.0,0.0,True
2019-01-31,13.204999923706055,13.262499809265137,13.204999923706055,13.225000381469727,11.171066610247921,201400,0.0,0.0,0.0,True
2019-02-01,13.265000343322754,13.265000343322754,13.1899995803833,13.207500457763672,11.156282781187874,153331,0.0,0.0,0.0,True
2019-02-04,13.140000343322754,13.220000267028809,13.140000343322754,13.149999618530273,11.107711097841834,128407,0.0,0.0,0.0,True
2019-02-05,13.162500381469727,13.234999656677246,13.149999618530273,13.237500190734863,11.181625375557106,153623,0.0,0.0,0.0,True
2019-02-06,13.28499984741211,13.28499984741211,13.22249984741211,13.241250038146973,11.184792226336267,174396,0.0,0.0,0.0,True
2019-02-07,13.220000267028809,13.297499656677246,13.220000267028809,13.292499542236328,11.228082579993726,214388,0.0,0.0,0.0,True
2019-02-08,13.34000015258789,13.34000015258789,13.289999961853027,13.34000015258789,11.26820413583804,196561,0.0,0.0,0.0,True
2019-02-11,13.3100004196167,13.317500114440918,13.279999732971191,13.3100004196167,11.242863488502795,123231,0.0,0.0,0.0,True
2019-02-12,13.28499984741211,13.300000190734863,13.274999618530273,13.300000190734863,11.234418228586035,158353,0.0,0.0,0.0,True
2019-02-13,13.234999656677246,13.324999809265137,13.234999656677246,13.324999809265137,11.255533812170418,184495,0.0,0.0,0.0,True
2019-02-14,13.34000015258789,13.359999656677246,13.295000076293945,13.337499618530273,11.26609160396261,127485,0.0,0.0,0.0,True
2019-02-15,13.3125,13.322500228881836,13.289999961853027,13.307499885559082,11.240752903661349,148391,0.0,0.0,0.0,True
2019-02-18,13.307499885559082,13.329999923706055,13.289999961853027,13.302499771118164,11.23652881342748,125226,0.0,0.0,0.0,True
2019-02-19,13.350000381469727,13.350000381469727,13.282500267028809,13.295000076293945,11.230191217801185,338664,0.0,0.0,0.0,True
2019-02-20,13.270000457763672,13.305000305175781,13.260000228881836,13.270000457763672,11.209076607733797,246117,0.0,0.0,0.0,True
2019-02-21,13.220000267028809,13.282500267028809,13.204999923706055,13.270000457763672,11.209076607733797,189091,0.0,0.0,0.0,True
2019-02-22,13.289999961853027,13.327500343322754,13.28499984741211,13.305000305175781,11.238642318819904,352877,0.0,0.0,0.0,True
2019-02-25,13.28499984741211,13.300000190734863,13.260000228881836,13.279999732971191,11.217524788201535,228755,0.0,0.0,0.0,True
2019-02-26,13.265000343322754,13.265000343322754,13.21500015258789,13.21500015258789,11.162618429780181,187831,0.0,0.0,0.0,True
2019-02-27,13.15999984741211,13.225000381469727,13.104999542236328,13.119999885559082,11.082372397540576,226165,0.0,0.0,0.0,True
2019-02-28,13.104999542236328,13.175000190734863,13.095000267028809,13.109999656677246,11.073926164106823,204964,0.0,0.0,0.0,True
2019-03-01,13.0649995803833,13.137499809265137,13.0649995803833,13.130000114440918,11.090819604491323,277108,0.0,0.0,0.0,True
2019-03-04,13.119999885559082,13.1875,13.114999771118164,13.1875,11.139390314320368,154795,0.0,0.0,0.0,True
2019-03-05,13.1899995803833,13.199999809265137,13.149999618530273,13.1899995803833,11.141500899161812,166610,0.0,0.0,0.0,True
2019-03-06,13.244999885559082,13.270000457763672,13.192500114440918,13.270000457763672,11.209076607733797,224812,0.0,0.0,0.0,True
2019-03-07,13.25,13.350000381469727,13.204999923706055,13.350000381469727,11.2766493957548,316925,0.0,0.0,0.0,True
2019-03-08,13.380000114440918,13.380000114440918,13.260000228881836,13.260000228881836,11.200630374300044,141753,0.0,0.0,0.0,True
2019-03-11,13.292499542236328,13.3125,13.287500381469727,13.300000190734863,11.234418228586035,146133,0.0,0.0,0.0,True
2019-03-12,13.255000114440918,13.302499771118164,13.21500015258789,13.295000076293945,11.230191217801185,142390,0.0,0.0,0.0,True
2019-03-13,13.289999961853027,13.289999961853027,13.229999542236328,13.25,11.192183167349297,212549,0.0,0.0,0.0,True
2019-03-14,13.1899995803833,13.239999771118164,13.1899995803833,13.220000267028809,11.166840572980066,165071,0.0,0.0,0.0,True
2019-03-15,13.194999694824219,13.270000457763672,13.194999694824219,13.260000228881836,11.200630374300044,266377,0.0,0.0,0.0,True
2019-03-18,13.265000343322754,13.297499656677246,13.2475004196167,13.279999732971191,11.217524788201535,127363,0.0,0.0,0.0,True
2019-03-19,13.302499771118164,13.3125,13.25,13.3125,11.244976020378227,244223,0.0,0.0,0.0,True
2019-03-20,13.3125,13.397500038146973,13.3125,13.380000114440918,11.301992963641025,363354,0.0,0.0,0.0,True
2019-03-21,13.444999694824219,13.522500038146973,13.444999694824219,13.522500038146973,11.422363472275924,308439,0.0,0.0,0.0,True
2019-03-22,13.510000228881836,13.619999885559082,13.4975004196167,13.619999885559082,11.504719115839983,301922,0.0,0.0,0.0,True
2019-03-25,13.612500190734863,13.625,13.552499771118164,13.619999885559082,11.504719115839983,294998,0.0,0.0,0.0,True
2019-03-26,13.595000267028809,13.617500305175781,13.522500038146973,13.522500038146973,11.422363472275924,482774,0.0,0.0,0.0,True
2019-03-27,13.59749984741211,13.59749984741211,13.547499656677246,13.550000190734863,11.445591587735738,212242,0.0,0.0,0.0,True
2019-03-28,13.582500457763672,13.614999771118164,13.524999618530273,13.532500267028809,11.430808732192684,378245,0.0,0.0,0.0,True
2019-03-29,13.612500190734863,13.612500190734863,13.5024995803833,13.52750015258789,11.42658366844182,168097,0.0,0.0,0.0,True
2019-04-01,13.482500076293945,13.537500381469727,13.482500076293945,13.492500305175781,11.397018930872706,196518,0.0,0.0,0.0,True
2019-04-02,13.452500343322754,13.5600004196167,13.452500343322754,13.550000190734863,11.445591587735738,213029,0.0,0.0,0.0,True
2019-04-03,13.4399995803833,13.470000267028809,13.395000457763672,13.4375,11.350563673470072,209933,0.0,0.0,0.0,True
2019-04-04,13.40999984741211,13.442500114440918,13.40999984741211,13.412500381469727,11.32944516933471,199622,0.0,0.0,0.0,True
2019-04-05,13.417499542236328,13.417499542236328,13.342499732971191,13.385000228881836,11.3062160803579,310493,0.0,0.0,0.0,True
2019-04-08,13.369999885559082,13.397500038146973,13.369999885559082,13.380000114440918,11.301992963641025,135855,0.0,0.0,0.0,True
2019-04-09,13.399999618530273,13.417499542236328,13.369999885559082,13.399999618530273,11.318885430508532,257352,0.0,0.0,0.0,True
2019-04-10,13.4399995803833,13.4399995803833,13.375,13.4350004196167,11.348450168077646,257728,0.0,0.0,0.0,True
2019-04-11,13.40999984741211,13.454999923706055,13.345000267028809,13.345000267028809,11.272430173105896,159713,0.0,0.0,0.0,True
2019-04-12,13.397500038146973,13.397500038146973,13.267499923706055,13.279999732971191,11.217524788201535,175949,0.0,0.0,0.0,True
2019-04-15,13.255000114440918,13.279999732971191,13.237500190734863,13.279999732971191,11.217524788201535,532761,0.0,0.0,0.0,True
2019-04-16,13.279999732971191,13.289999961853027,13.25,13.274999618530273,11.21329875093368,191419,0.0,0.0,0.0,True
2019-04-17,13.242500305175781,13.260000228881836,13.239999771118164,13.260000228881836,11.200630374300044,217512,0.0,0.0,0.0,True
2019-04-18,13.207500457763672,13.300000190734863,13.207500457763672,13.295000076293945,11.230191217801185,186519,0.0,0.0,0.0,True
2019-04-23,13.239999771118164,13.295000076293945,13.239999771118164,13.2475004196167,11.190070635473866,254678,0.0,0.0,0.0,True
2019-04-24,13.25,13.3149995803833,13.25,13.3149995803833,11.247086605219671,415013,0.0,0.0,0.0,True
2019-04-25,13.3149995803833,13.345000267028809,13.3149995803833,13.335000038146973,11.263982966155151,118760,0.0,0.0,0.0,True
2019-04-26,13.354999542236328,13.364999771118164,13.335000038146973,13.364999771118164,11.28932166645641,206122,0.0,0.0,0.0,True
2019-04-29,13.350000381469727,13.350000381469727,13.319999694824219,13.34000015258789,11.26820413583804,134513,0.0,0.0,0.0,True
2019-04-30,13.3100004196167,13.34749984741211,13.282500267028809,13.3100004196167,11.242863488502795,153794,0.0,0.0,0.0,True
2019-05-01,13.3149995803833,13.350000381469727,13.3149995803833,13.359999656677246,11.285098549739532,73345,0.0,0.0,0.0,True
2019-05-02,13.3774995803833,13.3774995803833,13.265000343322754,13.265000343322754,11.20485349101692,528412,0.0,0.0,0.0,True
2019-05-03,13.25,13.319999694824219,13.25,13.25,11.192183167349297,190239,0.0,0.0,0.0,True
2019-05-07,13.2475004196167,13.34000015258789,13.2475004196167,13.335000038146973,11.263982966155151,125369,0.0,0.0,0.0,True
2019-05-08,13.295000076293945,13.414999961853027,13.295000076293945,13.404999732971191,11.323108547225408,360493,0.0,0.0,0.0,True
2019-05-09,13.380000114440918,13.399999618530273,13.375,13.375,11.29776984692415,100846,0.0,0.0,0.0,True
2019-05-10,13.397500038146973,13.397500038146973,13.359999656677246,13.380000114440918,11.301992963641025,121766,0.0,0.0,0.0,True
2019-05-13,13.367500305175781,13.40999984741211,13.367500305175781,13.397500038146973,11.316775819184079,153733,0.0,0.0,0.0,True
2019-05-14,13.375,13.425000190734863,13.375,13.399999618530273,11.318885430508532,115982,0.0,0.0,0.0,True
2019-05-15,13.457500457763672,13.505000114440918,13.447500228881836,13.460000038146973,11.369568672213008,205444,0.0,0.0,0.0,True
2019-05-16,13.430000305175781,13.430000305175781,13.367500305175781,13.369999885559082,11.363533840371627,137666,0.0829,0.0,0.0,True
2019-05-17,13.367500305175781,13.4350004196167,13.367500305175781,13.399999618530273,11.389030250425797,161567,0.0,0.0,0.0,True
2019-05-20,13.399999618530273,13.399999618530273,13.369999885559082,13.3725004196167,11.365660001484963,129975,0.0,0.0,0.0,True
2019-05-21,13.350000381469727,13.395000457763672,13.319999694824219,13.354999542236328,11.350784661827547,113901,0.0,0.0,0.0,True
2019-05-22,13.34000015258789,13.444999694824219,13.34000015258789,13.4399995803833,11.42302838438234,294804,0.0,0.0,0.0,True
2019-05-23,13.4399995803833,13.520000457763672,13.4399995803833,13.510000228881836,11.482521954876058,301634,0.0,0.0,0.0,True
2019-05-24,13.475000381469727,13.52750015258789,13.475000381469727,13.524999618530273,11.495273080454124,165366,0.0,0.0,0.0,True
2019-05-28,13.585000038146973,13.587499618530273,13.539999961853027,13.539999961853027,11.50802128548121,310715,0.0,0.0,0.0,True
2019-05-29,13.555000305175781,13.569999694824219,13.550000190734863,13.5649995803833,11.529269267376678,348735,0.0,0.0,0.0,True
2019-05-30,13.522500038146973,13.577500343322754,13.522500038146973,13.569999694824219,11.533518669052373,90953,0.0,0.0,0.0,True
2019-05-31,13.640000343322754,13.640000343322754,13.59000015258789,13.592499732971191,11.552642436868492,211506,0.0,0.0,0.0,True
2019-06-03,13.59000015258789,13.649999618530273,13.59000015258789,13.640000343322754,11.593013213063086,122230,0.0,0.0,0.0,True
2019-06-04,13.6274995803833,13.649999618530273,13.59000015258789,13.595000267028809,11.55476859798183,406571,0.0,0.0,0.0,True
2019-06-05,13.607500076293945,13.649999618530273,13.59749984741211,13.640000343322754,11.593013213063086,157807,0.0,0.0,0.0,True
2019-06-06,13.675000190734863,13.704999923706055,13.649999618530273,13.704999923706055,11.648258355398104,80166,0.0,0.0,0.0,True
2019-06-07,13.697500228881836,13.744999885559082,13.664999961853027,13.744999885559082,11.682255515837653,118426,0.0,0.0,0.0,True
2019-06-10,13.654999732971191,13.704999923706055,13.654999732971191,13.704999923706055,11.648258355398104,93147,0.0,0.0,0.0,True
2019-06-11,13.675000190734863,13.692500114440918,13.645000457763672,13.664999961853027,11.614263141992543,192469,0.0,0.0,0.0,True
2019-06-12,13.699999809265137,13.699999809265137,13.595000267028809,13.595000267028809,11.55476859798183,174909,0.0,0.0,0.0,True
2019-06-13,13.5625,13.694999694824219,13.5625,13.670000076293945,11.618510596634252,256064,0.0,0.0,0.0,True
2019-06-14,13.699999809265137,13.699999809265137,13.662500381469727,13.670000076293945,11.618510596634252,121299,0.0,0.0,0.0,True
2019-06-17,13.677499771118164,13.677499771118164,13.645000457763672,13.651249885559082,11.60257314993716,105270,0.0,0.0,0.0,True
2019-06-18,13.704999923706055,13.71500015258789,13.677499771118164,13.704999923706055,11.648258355398104,146285,0.0,0.0,0.0,True
2019-06-19,13.664999961853027,13.664999961853027,13.630000114440918,13.645000457763672,11.597263588255775,177634,0.0,0.0,0.0,True
2019-06-20,13.6899995803833,13.72249984741211,13.6850004196167,13.710000038146973,11.652508730590792,206767,0.0,0.0,0.0,True
2019-06-21,13.710000038146973,13.710000038146973,13.649999618530273,13.667499542236328,11.616388329588887,99044,0.0,0.0,0.0,True
2019-06-24,13.619999885559082,13.71500015258789,13.619999885559082,13.694999694824219,11.63975857852972,149165,0.0,0.0,0.0,True
2019-06-25,13.71500015258789,13.734999656677246,13.6850004196167,13.720000267028809,11.661008507459176,421279,0.0,0.0,0.0,True
2019-06-26,13.75,13.75,13.642499923706055,13.642499923706055,11.595138400659431,240126,0.0,0.0,0.0,True
2019-06-27,13.595000267028809,13.645000457763672,13.595000267028809,13.640000343322754,11.593013213063086,159964,0.0,0.0,0.0,True
2019-06-28,13.670000076293945,13.670000076293945,13.612500190734863,13.635000228881836,11.588764784904384,179022,0.0,0.0,0.0,True
2019-07-01,13.635000228881836,13.699999809265137,13.635000228881836,13.6850004196167,11.631260748695324,129060,0.0,0.0,0.0,True
2019-07-02,13.71500015258789,13.800000190734863,13.71500015258789,13.75,11.686505891030341,307023,0.0,0.0,0.0,True
2019-07-03,13.850000381469727,13.899999618530273,13.850000381469727,13.864999771118164,11.784246997156298,227564,0.0,0.0,0.0,True
2019-07-04,13.90999984741211,13.914999961853027,13.859999656677246,13.890000343322754,11.805497899602747,131053,0.0,0.0,0.0,True
2019-07-05,13.90999984741211,13.90999984741211,13.774999618530273,13.774999618530273,11.707751925891824,265964,0.0,0.0,0.0,True
2019-07-08,13.779999732971191,13.84749984741211,13.779999732971191,13.819999694824219,11.746001408558048,284649,0.0,0.0,0.0,True
2019-07-09,13.880000114440918,13.880000114440918,13.78499984741211,13.8100004196167,11.737502605206657,325331,0.0,0.0,0.0,True
2019-07-10,13.737500190734863,13.779999732971191,13.725000381469727,13.770000457763672,11.703505444767108,260330,0.0,0.0,0.0,True
2019-07-11,13.734999656677246,13.744999885559082,13.649999618530273,13.675000190734863,11.622761945343933,193701,0.0,0.0,0.0,True
2019-07-12,13.614999771118164,13.694999694824219,13.614999771118164,13.670000076293945,11.618510596634252,163392,0.0,0.0,0.0,True
2019-07-15,13.710000038146973,13.75,13.699999809265137,13.744999885559082,11.682255515837653,121429,0.0,0.0,0.0,True
2019-07-16,13.75,13.760000228881836,13.694999694824219,13.71500015258789,11.65675910578348,731963,0.0,0.0,0.0,True
2019-07-17,13.649999618530273,13.774999618530273,13.649999618530273,13.770000457763672,11.703505444767108,181959,0.0,0.0,0.0,True
2019-07-18,13.789999961853027,13.797499656677246,13.765000343322754,13.765000343322754,11.699256043091413,108315,0.0,0.0,0.0,True
2019-07-19,13.792499542236328,13.8149995803833,13.782500267028809,13.8149995803833,11.74175103336536,165510,0.0,0.0,0.0,True
2019-07-22,13.795000076293945,13.854999542236328,13.795000076293945,13.850000381469727,11.771497818612218,191803,0.0,0.0,0.0,True
2019-07-23,13.875,13.899999618530273,13.8725004196167,13.885000228881836,11.801246550893065,98962,0.0,0.0,0.0,True
2019-07-24,13.885000228881836,13.920000076293945,13.864999771118164,13.880000114440918,11.796998122734363,134964,0.0,0.0,0.0,True
2019-07-25,13.880000114440918,13.917499542236328,13.8149995803833,13.8149995803833,11.74175103336536,259694,0.0,0.0,0.0,True
2019-07-26,13.824999809265137,13.850000381469727,13.824999809265137,13.850000381469727,11.771497818612218,171483,0.0,0.0,0.0,True
2019-07-29,13.890000343322754,13.897500038146973,13.84749984741211,13.875,11.792747747541675,74214,0.0,0.0,0.0,True
2019-07-30,13.947500228881836,13.947500228881836,13.829999923706055,13.829999923706055,11.754500211909438,140210,0.0,0.0,0.0,True
2019-07-31,13.829999923706055,13.922499656677246,13.8100004196167,13.922499656677246,11.833116576702283,91109,0.0,0.0,0.0,True
2019-08-01,13.952500343322754,13.98900032043457,13.880000114440918,13.960000038146973,11.86499244361346,101381,0.0,0.0,0.0,True
2019-08-02,14.029999732971191,14.0625,13.991499900817871,14.005000114440918,11.90323803221171,218574,0.0,0.0,0.0,True
2019-08-05,14.119999885559082,14.1225004196167,14.080100059509277,14.095000267028809,11.979733103476184,149136,0.0,0.0,0.0,True
2019-08-06,14.149999618530273,14.149999618530273,14.071000099182129,14.104999542236328,11.98823093331058,879252,0.0,0.0,0.0,True
2019-08-07,14.045000076293945,14.278499603271484,14.045000076293945,14.204999923706055,12.073222860892457,262217,0.0,0.0,0.0,True
2019-08-08,14.100000381469727,14.15779972076416,14.089500427246094,14.107500076293945,11.990354173872937,235483,0.0,0.0,0.0,True
2019-08-09,14.162500381469727,14.192500114440918,14.137499809265137,14.164999961853027,12.039226673969903,193643,0.0,0.0,0.0,True
2019-08-12,14.104999542236328,14.157500267028809,14.104999542236328,14.140000343322754,12.017979665591426,368215,0.0,0.0,0.0,True
2019-08-13,14.125,14.202500343322754,14.125,14.175000190734863,12.047725477321293,286552,0.0,0.0,0.0,True
2019-08-14,14.175000190734863,14.2993803024292,14.175000190734863,14.28499984741211,12.141218155288549,446862,0.0,0.0,0.0,True
2019-08-15,14.229999542236328,14.453499794006348,14.229999542236328,14.4375,12.270833181291694,207052,0.0,0.0,0.0,True
2019-08-16,14.399999618530273,14.522500038146973,14.3149995803833,14.329999923706055,12.179463743886798,279364,0.0,0.0,0.0,True
2019-08-19,14.404999732971191,14.404999732971191,14.217399597167969,14.287500381469727,12.143342369367899,251247,0.0,0.0,0.0,True
2019-08-20,14.300000190734863,14.402799606323242,14.253299713134766,14.324999809265137,12.175215315728096,302252,0.0,0.0,0.0,True
2019-08-21,14.380000114440918,14.380000114440918,14.305000305175781,14.335000038146973,12.183714119079486,243802,0.0,0.0,0.0,True
2019-08-22,14.407500267028809,14.407500267028809,14.229999542236328,14.229999542236328,12.094469869270934,125155,0.0,0.0,0.0,True
2019-08-23,14.260000228881836,14.260000228881836,14.135210037231445,14.239999771118164,12.102968672622325,236983,0.0,0.0,0.0,True
2019-08-27,14.319999694824219,14.34749984741211,14.220000267028809,14.329999923706055,12.179463743886798,196753,0.0,0.0,0.0,True
2019-08-28,14.324999809265137,14.449999809265137,14.324999809265137,14.425000190734863,12.260208216826966,202660,0.0,0.0,0.0,True
2019-08-29,14.420000076293945,14.630900382995605,14.405599594116211,14.444999694824219,12.277206797046741,61444,0.0,0.0,0.0,True
2019-08-30,14.420000076293945,14.470000267028809,14.369999885559082,14.404999732971191,12.243207689573206,159177,0.0,0.0,0.0,True
2019-09-02,14.449999809265137,14.511500358581543,14.397500038146973,14.513750076293945,12.335639234017778,141667,0.0,0.0,0.0,True
2019-09-03,14.494999885559082,14.654999732971191,14.494999885559082,14.586250305175781,12.397257992107843,291858,0.0,0.0,0.0,True
2019-09-04,14.582500457763672,14.582500457763672,14.385000228881836,14.414999961853027,12.251708439958582,423353,0.0,0.0,0.0,True
2019-09-05,14.399999618530273,14.428899765014648,14.109999656677246,14.15999984741211,12.034975325260222,378308,0.0,0.0,0.0,True
2019-09-06,14.149999618530273,14.40250015258789,14.149999618530273,14.359999656677246,12.204962100974956,326425,0.0,0.0,0.0,True
2019-09-09,14.390000343322754,14.390000343322754,14.210000038146973,14.239999771118164,12.102968672622325,187565,0.0,0.0,0.0,True
2019-09-10,14.3100004196167,14.3100004196167,14.173500061035156,14.180000305175781,12.051975852513982,99548,0.0,0.0,0.0,True
2019-09-11,14.199999809265137,14.201000213623047,14.1048002243042,14.194999694824219,12.064723084024074,127844,0.0,0.0,0.0,True
2019-09-12,14.1899995803833,14.318599700927734,14.170000076293945,14.180000305175781,12.051975852513982,150940,0.0,0.0,0.0,True
2019-09-13,14.1274995803833,14.161299705505371,13.990699768066406,14.022500038146973,11.91811142483514,355048,0.0,0.0,0.0,True
2019-09-16,13.989999771118164,14.148099899291992,13.953410148620605,14.132499694824219,12.011603129285401,109275,0.0,0.0,0.0,True
2019-09-17,14.194999694824219,14.234399795532227,14.126999855041504,14.135000228881836,12.013729290398738,981576,0.0,0.0,0.0,True
2019-09-18,14.199999809265137,14.274999618530273,14.154500007629395,14.274999618530273,12.13271740490317,189475,0.0,0.0,0.0,True
2019-09-19,14.220000267028809,14.316100120544434,14.204999923706055,14.260000228881836,12.119969199876085,143461,0.0,0.0,0.0,True
2019-09-20,14.274999618530273,14.308500289916992,14.232500076293945,14.289999961853027,12.145467556964244,180144,0.0,0.0,0.0,True
2019-09-23,14.367500305175781,14.444999694824219,14.274200439453125,14.444999694824219,12.277206797046741,214869,0.0,0.0,0.0,True
2019-09-24,14.364999771118164,14.465100288391113,14.364999771118164,14.449999809265137,12.28145425168845,70366,0.0,0.0,0.0,True
2019-09-25,14.390000343322754,14.515199661254883,14.38910961151123,14.462499618530273,12.292080189670171,278888,0.0,0.0,0.0,True
2019-09-26,14.399999618530273,14.480199813842773,14.398699760437012,14.457500457763672,12.287830787994475,115936,0.0,0.0,0.0,True
2019-09-27,14.537500381469727,14.555000305175781,14.45110034942627,14.461250305175781,12.291015162079516,111114,0.0,0.0,0.0,True
2019-09-30,14.494999885559082,14.494999885559082,14.412500381469727,14.479999542236328,12.306954555810593,252730,0.0,0.0,0.0,True
2019-10-01,14.362500190734863,14.504400253295898,14.3100004196167,14.484999656677246,12.311202010452302,171221,0.0,0.0,0.0,True
2019-10-02,14.494999885559082,14.510000228881836,14.404999732971191,14.479999542236328,12.306954555810593,201469,0.0,0.0,0.0,True
2019-10-03,14.520000457763672,14.545000076293945,14.447500228881836,14.449999809265137,12.28145425168845,226736,0.0,0.0,0.0,True
2019-10-04,14.510000228881836,14.545000076293945,14.469599723815918,14.545000076293945,12.362199698145611,145922,0.0,0.0,0.0,True
2019-10-07,14.59000015258789,14.59000015258789,14.487500190734863,14.505000114440918,12.32820156418907,102705,0.0,0.0,0.0,True
2019-10-08,14.460000038146973,14.582500457763672,14.460000038146973,14.579999923706055,12.391946483392472,132360,0.0,0.0,0.0,True
2019-10-09,14.607500076293945,14.607500076293945,14.467499732971191,14.479999542236328,12.306954555810593,180830,0.0,0.0,0.0,True
2019-10-10,14.4399995803833,14.524999618530273,14.3100004196167,14.3100004196167,12.162466137184017,270082,0.0,0.0,0.0,True
2019-10-11,14.289999961853027,14.337499618530273,14.079299926757812,14.100000381469727,11.983982505151879,416307,0.0,0.0,0.0,True
2019-10-14,14.079999923706055,14.321800231933594,14.079999923706055,14.220000267028809,12.08597301295353,129882,0.0,0.0,0.0,True
2019-10-15,14.27750015258789,14.27750015258789,14.083800315856934,14.140000343322754,12.017979665591426,216756,0.0,0.0,0.0,True
2019-10-16,14.100000381469727,14.244999885559082,14.057829856872559,14.119999885559082,12.000978164820673,237299,0.0,0.0,0.0,True
2019-10-17,14.077500343322754,14.202170372009277,13.978599548339844,14.079999923706055,11.966981977898119,197541,0.0,0.0,0.0,True
2019-10-18,14.055000305175781,14.098999977111816,14.020000457763672,14.095000267028809,11.979733103476184,174599,0.0,0.0,0.0,True
2019-10-21,14.045000076293945,14.075400352478027,13.935700416564941,13.97249984741211,11.875615461044202,138307,0.0,0.0,0.0,True
2019-10-22,13.975000381469727,14.0649995803833,13.960000038146973,14.039999961853027,11.93298481745857,533162,0.0,0.0,0.0,True
2019-10-23,14.172499656677246,14.172499656677246,14.047730445861816,14.114999771118164,11.99672973666197,196422,0.0,0.0,0.0,True
2019-10-24,14.145000457763672,14.22089958190918,14.067500114440918,14.21875,12.084910905913855,111933,0.0,0.0,0.0,True
2019-10-25,14.210000038146973,14.29563045501709,14.13479995727539,14.162500381469727,12.037100512856565,367708,0.0,0.0,0.0,True
2019-10-28,14.15999984741211,14.295599937438965,14.012499809265137,14.029999732971191,11.92448601410718,175729,0.0,0.0,0.0,True
2019-10-29,14.100000381469727,14.100000381469727,13.994400024414062,14.010000228881836,11.907488407404399,412664,0.0,0.0,0.0,True
2019-10-30,14.055000305175781,14.09000015258789,13.94491958618164,14.09000015258789,11.975478834215522,175219,0.0,0.0,0.0,True
2019-10-31,14.1274995803833,14.206000328063965,14.125,14.194999694824219,12.064723084024074,238853,0.0,0.0,0.0,True
2019-11-01,14.125,14.239999771118164,14.11460018157959,14.145000457763672,12.022227120233135,274591,0.0,0.0,0.0,True
2019-11-04,14.079999923706055,14.142499923706055,14.02750015258789,14.02750015258789,11.922359852993841,108546,0.0,0.0,0.0,True
2019-11-05,14.020000457763672,14.039199829101562,13.9399995803833,13.9399995803833,11.847992889876693,866635,0.0,0.0,0.0,True
2019-11-06,13.9375,14.010199546813965,13.884510040283203,14.0,11.898988630536014,421640,0.0,0.0,0.0,True
2019-11-07,14.0024995803833,14.060290336608887,13.9399995803833,13.954999923706055,11.860741094903778,151188,0.0,0.0,0.0,True
2019-11-08,13.867500305175781,13.983400344848633,13.853599548339844,13.912500381469727,11.824619720384879,275687,0.0,0.0,0.0,True
2019-11-11,13.90999984741211,13.960700035095215,13.864100456237793,13.880000114440918,11.796998122734363,145287,0.0,0.0,0.0,True
2019-11-12,13.914999961853027,13.914999961853027,13.828900337219238,13.890000343322754,11.805497899602747,111727,0.0,0.0,0.0,True
2019-11-13,13.864999771118164,14.00730037689209,13.864999771118164,13.97249984741211,11.875615461044202,126674,0.0,0.0,0.0,True
2019-11-14,13.904999732971191,13.9399995803833,13.870260238647461,13.9399995803833,11.923857122129515,130550,0.0889,0.0,0.0,True
2019-11-15,13.960000038146973,13.960000038146973,13.88479995727539,13.899999618530273,11.889644814434451,152340,0.0,0.0,0.0,True
2019-11-18,13.807499885559082,13.912500381469727,13.807499885559082,13.880000114440918,11.87253720031143,107516,0.0,0.0,0.0,True
2019-11-19,13.859999656677246,13.895000457763672,13.819100379943848,13.869999885559082,11.86398193297443,109235,0.0,0.0,0.0,True
2019-11-20,13.944999694824219,13.964400291442871,13.880000114440918,13.880000114440918,11.87253720031143,228011,0.0,0.0,0.0,True
2019-11-21,13.850000381469727,13.904999732971191,13.800000190734863,13.826250076293945,11.826559939752498,824292,0.0,0.0,0.0,True
2019-11-22,13.850000381469727,13.934300422668457,13.770000457763672,13.907500267028809,11.896058344386223,160945,0.0,0.0,0.0,True
2019-11-25,13.882499694824219,13.929300308227539,13.869799613952637,13.925000190734863,11.911027141674994,125003,0.0,0.0,0.0,True
2019-11-26,13.954999923706055,14.029999732971191,13.918899536132812,14.029999732971191,12.000839925407627,253766,0.0,0.0,0.0,True
2019-11-27,13.989999771118164,14.056110382080078,13.952500343322754,13.960000038146973,11.940965709769532,232178,0.0,0.0,0.0,True
2019-11-28,13.992500305175781,14.003399848937988,13.970000267028809,13.981249809265137,11.959142245551183,222735,0.0,0.0,0.0,True
2019-11-29,14.020000457763672,14.02750015258789,13.934309959411621,13.954999923706055,11.936690996652011,161596,0.0,0.0,0.0,True
2019-12-02,13.930000305175781,13.966620445251465,13.875100135803223,13.944999694824219,11.928133782281023,182972,0.0,0.0,0.0,True
2019-12-03,13.90250015258789,14.020000457763672,13.849410057067871,14.010000228881836,11.983735231835583,919767,0.0,0.0,0.0,True
2019-12-04,14.012499809265137,14.0797700881958,13.880000114440918,13.899999618530273,11.889644814434451,501120,0.0,0.0,0.0,True
2019-12-05,13.854999542236328,13.88070011138916,13.826000213623047,13.854999542236328,11.85115000548592,555457,0.0,0.0,0.0,True
2019-12-06,13.800000190734863,13.909299850463867,13.799030303955078,13.887499809265137,11.878951703780194,195044,0.0,0.0,0.0,True
2019-12-09,13.819999694824219,13.926799774169922,13.819999694824219,13.899999618530273,11.889644814434451,216861,0.0,0.0,0.0,True
2019-12-10,13.869999885559082,13.930000305175781,13.82979965209961,13.84749984741211,11.844736475534148,151527,0.0,0.0,0.0,True
2019-12-11,13.875,13.897439956665039,13.852499961853027,13.869999885559082,11.86398193297443,129682,0.0,0.0,0.0,True
2019-12-12,13.8149995803833,13.917799949645996,13.770000457763672,13.78499984741211,11.791275789847825,205786,0.0,0.0,0.0,True
2019-12-13,13.682499885559082,13.885000228881836,13.682499885559082,13.869999885559082,11.86398193297443,226052,0.0,0.0,0.0,True
2019-12-16,13.8725004196167,13.944999694824219,13.804499626159668,13.8100004196167,11.812659090605361,137298,0.0,0.0,0.0,True
2019-12-17,13.897500038146973,13.909560203552246,13.820449829101562,13.869999885559082,11.86398193297443,280283,0.0,0.0,0.0,True
2019-12-18,13.90999984741211,13.920000076293945,13.845000267028809,13.859999656677246,11.855428612671414,164761,0.0,0.0,0.0,True
2019-12-19,13.904999732971191,13.904999732971191,13.8125,13.824999809265137,11.825491018093869,480144,0.0,0.0,0.0,True
2019-12-20,13.827500343322754,13.873499870300293,13.800999641418457,13.859999656677246,11.855428612671414,380338,0.0,0.0,0.0,True
2019-12-23,13.932499885559082,13.938300132751465,13.856100082397461,13.890000343322754,11.881089547097451,192257,0.0,0.0,0.0,True
2019-12-24,13.920000076293945,13.920000076293945,13.816900253295898,13.8725004196167,11.866120749808678,79098,0.0,0.0,0.0,True
2019-12-27,13.829999923706055,13.925000190734863,13.829999923706055,13.914999961853027,11.902474794888974,80079,0.0,0.0,0.0,True
2019-12-30,13.949999809265137,13.949999809265137,13.741620063781738,13.732500076293945,11.746368424464515,125672,0.0,0.0,0.0,True
2019-12-31,13.779999732971191,13.824999809265137,13.701199531555176,13.797499656677246,11.801966953468098,112963,0.0,0.0,0.0,True
2020-01-02,13.837499618530273,13.903499603271484,13.665909767150879,13.869999885559082,11.86398193297443,193513,0.0,0.0,0.0,True
2020-01-03,13.975000381469727,14.008500099182129,13.92140007019043,13.979999542236328,11.958071376858568,163453,0.0,0.0,0.0,True
2020-01-06,14.0,14.032059669494629,13.90250015258789,13.90250015258789,11.891781684234715,146113,0.0,0.0,0.0,True
2020-01-07,13.862500190734863,13.960200309753418,13.862500190734863,13.90999984741211,11.89819618770348,108039,0.0,0.0,0.0,True
2020-01-08,13.867500305175781,13.941360473632812,13.867500305175781,13.875,11.868259566642928,184104,0.0,0.0,0.0,True
2020-01-09,13.880000114440918,13.895000457763672,13.8100004196167,13.845000267028809,11.842599605733886,120185,0.0,0.0,0.0,True
2020-01-10,13.864999771118164,13.914999961853027,13.811189651489258,13.914999961853027,11.902474794888974,330028,0.0,0.0,0.0,True
2020-01-13,14.0,14.010000228881836,13.811200141906738,13.927499771118164,11.913165958509245,140976,0.0,0.0,0.0,True
2020-01-14,13.962499618530273,14.0,13.915599822998047,14.0,11.975180938015576,168620,0.0,0.0,0.0,True
2020-01-15,13.922499656677246,14.103500366210938,13.922499656677246,14.050000190734863,12.017948513047642,223287,0.0,0.0,0.0,True
2020-01-16,14.039999961853027,14.117500305175781,14.018899917602539,14.071249961853027,12.0361240753123,166023,0.0,0.0,0.0,True
2020-01-17,14.050000190734863,14.124600410461426,14.045000076293945,14.100000381469727,12.060719008630688,281866,0.0,0.0,0.0,True
2020-01-20,14.135000228881836,14.135000228881836,14.039999961853027,14.038749694824219,12.008325297569005,233790,0.0,0.0,0.0,True
2020-01-21,14.0,14.115400314331055,14.0,14.109999656677246,12.069271355416708,261131,0.0,0.0,0.0,True
2020-01-22,14.125,14.132499694824219,14.05508041381836,14.119999885559082,12.07782662275371,184168,0.0,0.0,0.0,True
2020-01-23,14.145000457763672,14.232500076293945,14.13290023803711,14.227499961853027,12.169776276286605,135654,0.0,0.0,0.0,True
2020-01-24,14.227499961853027,14.267149925231934,14.180899620056152,14.25,12.189022707243877,270827,0.0,0.0,0.0,True
2020-01-27,14.239999771118164,14.351670265197754,14.239999771118164,14.28499984741211,12.218961275338414,180526,0.0,0.0,0.0,True
2020-01-28,14.279999732971191,14.368900299072266,14.234999656677246,14.234999656677246,12.17619077975537,399897,0.0,0.0,0.0,True
2020-01-29,14.239999771118164,14.320549964904785,14.22566032409668,14.305000305175781,12.236067915944444,112706,0.0,0.0,0.0,True
2020-01-30,14.34000015258789,14.448690414428711,14.229999542236328,14.244999885559082,12.184745073575376,237222,0.0,0.0,0.0,True
2020-01-31,14.2524995803833,14.309300422668457,14.225000381469727,14.305000305175781,12.236067915944444,203685,0.0,0.0,0.0,True
2020-02-03,14.34749984741211,14.34749984741211,14.248100280761719,14.332500457763672,12.259592954087209,160326,0.0,0.0,0.0,True
2020-02-04,14.319999694824219,14.385000228881836,14.190930366516113,14.225000381469727,12.167639406486341,145413,0.0,0.0,0.0,True
2020-02-05,14.180000305175781,14.265399932861328,14.0600004196167,14.114999771118164,12.073548015568216,432646,0.0,0.0,0.0,True
2020-02-06,14.119999885559082,14.1875,14.10669994354248,14.170000076293945,12.120592250751788,85730,0.0,0.0,0.0,True
2020-02-07,14.25,14.252799987792969,14.186670303344727,14.1875,12.135562021557554,362372,0.0,0.0,0.0,True
2020-02-10,14.180000305175781,14.25,14.180000305175781,14.232500076293945,12.174053909955106,248798,0.0,0.0,0.0,True
2020-02-11,14.15250015258789,14.260000228881836,14.15250015258789,14.255000114440918,12.193299367395385,180823,0.0,0.0,0.0,True
2020-02-12,14.239999771118164,14.252799987792969,14.160840034484863,14.210000038146973,12.154808452514827,180547,0.0,0.0,0.0,True
2020-02-13,14.087499618530273,14.28499984741211,14.055000305175781,14.114999771118164,12.073548015568216,277206,0.0,0.0,0.0,True
2020-02-14,14.132499694824219,14.203100204467773,14.132499694824219,14.180000305175781,12.129148491605783,133129,0.0,0.0,0.0,True
2020-02-17,14.175000190734863,14.181900024414062,14.13284969329834,14.147500038146973,12.101346793311508,136513,0.0,0.0,0.0,True
2020-02-18,14.067500114440918,14.23855972290039,14.067500114440918,14.164999961853027,12.116315590600282,376231,0.0,0.0,0.0,True
2020-02-19,14.177499771118164,14.212499618530273,14.137260437011719,14.1875,12.135562021557554,195159,0.0,0.0,0.0,True
2020-02-20,14.260000228881836,14.270000457763672,14.210000038146973,14.270000457763672,12.206131294883892,153932,0.0,0.0,0.0,True
2020-02-21,14.225000381469727,14.346890449523926,14.225000381469727,14.319999694824219,12.248898869915958,140132,0.0,0.0,0.0,True
2020-02-24,14.417499542236328,14.483799934387207,14.359999656677246,14.364999771118164,12.28739075831351,165316,0.0,0.0,0.0,True
2020-02-25,14.385000228881836,14.4375,14.280400276184082,14.404999732971191,12.321606960076547,503970,0.0,0.0,0.0,True
2020-02-26,14.359999656677246,14.509900093078613,14.342499732971191,14.399999618530273,12.317328352891053,619254,0.0,0.0,0.0,True
2020-02-27,14.449999809265137,14.50879955291748,14.401439666748047,14.420000076293945,12.334434993497084,232965,0.0,0.0,0.0,True
2020-02-28,14.515000343322754,14.574999809265137,14.4399995803833,14.4399995803833,12.351542607620106,459333,0.0,0.0,0.0,True
2020-03-02,14.430000305175781,14.591899871826172,14.420999526977539,14.444999694824219,12.355819267771611,585969,0.0,0.0,0.0,True
2020-03-03,14.529999732971191,14.585000038146973,14.425000190734863,14.585000038146973,12.475571593115774,581195,0.0,0.0,0.0,True
2020-03-04,14.612500190734863,14.614399909973145,14.520000457763672,14.520000457763672,12.419973064112193,316507,0.0,0.0,0.0,True
2020-03-05,14.479999542236328,14.641850471496582,14.472000122070312,14.617500305175781,12.503373291410048,386626,0.0,0.0,0.0,True
2020-03-06,14.6225004196167,14.977499961853027,14.6225004196167,14.9399995803833,12.779229066627687,778624,0.0,0.0,0.0,True
2020-03-09,15.1899995803833,15.500699996948242,15.017889976501465,15.145000457763672,12.95457992097543,429817,0.0,0.0,0.0,True
2020-03-10,15.145000457763672,15.81116008758545,14.825300216674805,15.095000267028809,12.911810398909378,318793,0.0,0.0,0.0,True
2020-03-11,14.984999656677246,15.185660362243652,14.880000114440918,14.925000190734863,12.766398112656173,446091,0.0,0.0,0.0,True
2020-03-12,15.024999618530273,15.182100296020508,14.803500175476074,14.850000381469727,12.70224723686657,579732,0.0,0.0,0.0,True
2020-03-13,14.494999885559082,15.0,14.072500228881836,14.5600004196167,12.454186345324251,381306,0.0,0.0,0.0,True
2020-03-16,14.072500228881836,14.75,14.072500228881836,14.300000190734863,12.231790282275943,501871,0.0,0.0,0.0,True
2020-03-17,14.40250015258789,14.490500450134277,14.231399536132812,14.3149995803833,12.244621236247458,265712,0.0,0.0,0.0,True
2020-03-18,14.072500228881836,14.224710464477539,13.602499961853027,13.614999771118164,11.645864477111614,944560,0.0,0.0,0.0,True
2020-03-19,13.930000305175781,14.139200210571289,13.5,14.100000381469727,12.060719008630688,406838,0.0,0.0,0.0,True
2020-03-20,14.260000228881836,14.67959976196289,14.020000457763672,14.46500015258789,12.372926881894635,248143,0.0,0.0,0.0,True
2020-03-23,14.46500015258789,14.921899795532227,13.0,14.850000381469727,12.70224723686657,393232,0.0,0.0,0.0,True
2020-03-24,14.875,14.875,14.604999542236328,14.604999542236328,12.492678233721803,189488,0.0,0.0,0.0,True
2020-03-25,14.545000076293945,14.812800407409668,14.516400337219238,14.5649995803833,12.458463005475759,356034,0.0,0.0,0.0,True
2020-03-26,14.5649995803833,14.842499732971191,14.5649995803833,14.640000343322754,12.52261680181634,239047,0.0,0.0,0.0,True
2020-03-27,14.630000114440918,14.876700401306152,14.628000259399414,14.694999694824219,12.569662010516907,199646,0.0,0.0,0.0,True
2020-03-30,15.109999656677246,15.109999656677246,14.628000259399414,14.864999771118164,12.715075270287105,367585,0.0,0.0,0.0,True
2020-03-31,14.59749984741211,14.981399536132812,14.592499732971191,14.739999771118164,12.608153898914459,167437,0.0,0.0,0.0,True
2020-04-01,14.699999809265137,14.920999526977539,14.629599571228027,14.699999809265137,12.573939644185407,183742,0.0,0.0,0.0,True
2020-04-02,14.645000457763672,14.819000244140625,14.645000457763672,14.767499923706055,12.631676990023237,185939,0.0,0.0,0.0,True
2020-04-03,14.694999694824219,14.819000244140625,14.694999694824219,14.789999961853027,12.650922447463516,256387,0.0,0.0,0.0,True
2020-04-06,14.645000457763672,14.816499710083008,14.645000457763672,14.72249984741211,12.593185101625686,189374,0.0,0.0,0.0,True
2020-04-07,14.707500457763672,14.761300086975098,14.617500305175781,14.617500305175781,12.503373291410048,467647,0.0,0.0,0.0,True
2020-04-08,14.744999885559082,14.804499626159668,14.64050006866455,14.800000190734863,12.659476741283525,91826,0.0,0.0,0.0,True
2020-04-09,14.75,14.977499961853027,14.741999626159668,14.970000267028809,12.804887080502745,178146,0.0,0.0,0.0,True
2020-04-14,14.994999885559082,15.039299964904785,14.854999542236328,14.914999961853027,12.757843818836164,363781,0.0,0.0,0.0,True
2020-04-15,14.854999542236328,14.96500015258789,14.852999687194824,14.913749694824219,12.756773923660543,183714,0.0,0.0,0.0,True
2020-04-16,14.975000381469727,14.982000350952148,14.847999572753906,14.922499656677246,12.764257348787936,455170,0.0,0.0,0.0,True
2020-04-17,14.944999694824219,14.974100112915039,14.868260383605957,14.9399995803833,12.779229066627687,372156,0.0,0.0,0.0,True
2020-04-20,14.944999694824219,14.944999694824219,14.850099563598633,14.880000114440918,12.727906224258621,149681,0.0,0.0,0.0,True
2020-04-21,14.949999809265137,15.017900466918945,14.81980037689209,15.015000343322754,12.843381889451276,174339,0.0,0.0,0.0,True
2020-04-22,15.020000457763672,15.020000457763672,14.948030471801758,14.994999885559082,12.82627330181126,148332,0.0,0.0,0.0,True
2020-04-23,14.614999771118164,15.100879669189453,14.614999771118164,15.03499984741211,12.860486583023318,112879,0.0,0.0,0.0,True
2020-04-24,15.055000305175781,15.136799812316895,14.9891996383667,15.010000228881836,12.839103282265782,176939,0.0,0.0,0.0,True
2020-04-27,14.970000267028809,15.085700035095215,14.967499732971191,15.010000228881836,12.839103282265782,97035,0.0,0.0,0.0,True
2020-04-28,15.055000305175781,15.056400299072266,14.953900337219238,15.0,12.830548988445774,242561,0.0,0.0,0.0,True
2020-04-29,15.045000076293945,15.062600135803223,14.963500022888184,15.029999732971191,12.856210896388804,164927,0.0,0.0,0.0,True
2020-04-30,14.979999542236328,15.140000343322754,14.977499961853027,15.107500076293945,12.922500589012657,448944,0.0,0.0,0.0,True
2020-05-01,15.194999694824219,15.194999694824219,14.994999885559082,15.0649995803833,12.886150438000334,293673,0.0,0.0,0.0,True
2020-05-04,15.125,15.130000114440918,15.02258014678955,15.130000114440918,12.94174701996993,339541,0.0,0.0,0.0,True
2020-05-05,14.779999732971191,15.164999961853027,14.765000343322754,15.164999961853027,12.971685588064465,142292,0.0,0.0,0.0,True
2020-05-06,15.204999923706055,15.204999923706055,15.0649995803833,15.123749732971191,12.93640338519378,331628,0.0,0.0,0.0,True
2020-05-07,15.045000076293945,15.158599853515625,15.039999961853027,15.149999618530273,12.958854634092951,223800,0.0,0.0,0.0,True
2020-05-11,15.149999618530273,15.149999618530273,15.050000190734863,15.095000267028809,12.911810398909378,136916,0.0,0.0,0.0,True
2020-05-12,15.050000190734863,15.11616039276123,15.011199951171875,15.069999694824219,12.890424177600861,136000,0.0,0.0,0.0,True
2020-05-13,15.164999961853027,15.164999961853027,15.04699993133545,15.109999656677246,12.924639405846905,261311,0.0,0.0,0.0,True
2020-05-14,15.149999618530273,15.149999618530273,14.984999656677246,14.987500190734863,12.886207875502938,104304,0.0778,0.0,0.0,True
2020-05-15,15.039999961853027,15.073200225830078,14.964360237121582,14.970000267028809,12.871161196854704,283961,0.0,0.0,0.0,True
2020-05-18,15.007499694824219,15.007499694824219,14.875,14.885000228881836,12.798080249685686,850513,0.0,0.0,0.0,True
2020-05-19,14.885000228881836,14.954999923706055,14.789999961853027,14.904999732971191,12.81527450682111,447854,0.0,0.0,0.0,True
2020-05-20,15.02750015258789,15.02750015258789,14.947500228881836,14.979999542236328,12.879759298939408,207674,0.0,0.0,0.0,True
2020-05-21,15.005000114440918,15.090200424194336,14.932299613952637,15.045000076293945,12.935645988973002,149531,0.0,0.0,0.0,True
2020-05-22,15.145000457763672,15.145000457763672,15.003100395202637,15.029999732971191,12.922748835845944,179010,0.0,0.0,0.0,True
2020-05-26,15.0,15.058300018310547,14.9306001663208,14.932499885559082,12.83891928755405,272354,0.0,0.0,0.0,True
2020-05-27,15.022500038146973,15.022500038146973,14.930000305175781,14.992500305175781,12.890507900062284,157172,0.0,0.0,0.0,True
2020-05-28,14.864999771118164,15.022500038146973,14.864999771118164,14.954999923706055,12.858264043727646,183324,0.0,0.0,0.0,True
2020-05-29,15.029999732971191,15.063699722290039,14.97819995880127,15.055000305175781,12.944244091057708,171696,0.0,0.0,0.0,True
2020-06-01,15.0,15.085000038146973,14.943849563598633,14.96500015258789,12.866861172295357,146721,0.0,0.0,0.0,True
2020-06-02,14.942500114440918,15.041099548339844,14.913849830627441,14.9399995803833,12.845366890600587,227129,0.0,0.0,0.0,True
2020-06-03,15.017499923706055,15.017499923706055,14.774999618530273,14.8149995803833,12.737892561575753,239554,0.0,0.0,0.0,True
2020-06-04,14.739999771118164,14.864999771118164,14.732500076293945,14.739999771118164,12.673405822423467,379914,0.0,0.0,0.0,True
2020-06-05,14.682499885559082,14.74724006652832,14.640000343322754,14.640000343322754,12.58742772212739,343009,0.0,0.0,0.0,True
2020-06-08,14.614999771118164,14.751620292663574,14.614999771118164,14.704999923706055,12.643314412160985,195209,0.0,0.0,0.0,True
2020-06-09,14.755000114440918,14.817500114440918,14.708270072937012,14.779999732971191,12.707799204279283,187710,0.0,0.0,0.0,True
2020-06-10,14.850000381469727,14.90999984741211,14.723099708557129,14.90999984741211,12.819572584346469,162549,0.0,0.0,0.0,True
2020-06-11,14.9399995803833,15.067239761352539,14.88700008392334,15.039999961853027,12.931345964413657,263027,0.0,0.0,0.0,True
2020-06-12,14.994999885559082,15.064499855041504,14.97029972076416,15.0,12.896954529591827,206928,0.0,0.0,0.0,True
2020-06-15,15.100000381469727,15.06719970703125,14.982500076293945,14.984999656677246,12.884059323498755,202649,0.0,0.0,0.0,True
2020-06-16,14.890000343322754,15.02145004272461,14.890000343322754,14.984999656677246,12.884059323498755,251239,0.0,0.0,0.0,True
2020-06-17,15.050000190734863,15.0600004196167,14.939200401306152,15.02750015258789,12.920600283841761,234980,0.0,0.0,0.0,True
2020-06-18,15.067500114440918,15.116800308227539,14.839900016784668,14.890000343322754,12.802378327211045,367927,0.0,0.0,0.0,True
2020-06-19,14.8100004196167,14.922499656677246,14.77750015258789,14.824999809265137,12.746489690143465,330596,0.0,0.0,0.0,True
2020-06-22,14.827500343322754,14.895000457763672,14.783100128173828,14.864999771118164,12.780882098482287,243220,0.0,0.0,0.0,True
2020-06-23,14.862500190734863,14.89169979095459,14.798100471496582,14.854999542236328,12.772285943431568,189007,0.0,0.0,0.0,True
2020-06-24,14.835000038146973,14.949999809265137,14.835000038146973,14.949999809265137,12.853964019168298,325098,0.0,0.0,0.0,True
2020-06-25,14.9975004196167,15.089300155639648,14.942500114440918,15.055000305175781,12.944244091057708,316676,0.0,0.0,0.0,True
2020-06-26,14.979999542236328,15.068699836730957,14.952400207519531,14.954999923706055,12.858264043727646,171379,0.0,0.0,0.0,True
2020-06-29,14.914999961853027,15.005399703979492,14.914999961853027,15.0,12.896954529591827,258934,0.0,0.0,0.0,True
2020-06-30,14.882499694824219,15.0516996383667,14.882499694824219,14.96500015258789,12.866861172295357,231525,0.0,0.0,0.0,True
2020-07-01,14.914999961853027,14.930000305175781,14.850600242614746,14.885000228881836,12.798080249685686,250126,0.0,0.0,0.0,True
2020-07-02,14.824999809265137,14.944999694824219,14.824999809265137,14.944999694824219,12.84966594164294,188466,0.0,0.0,0.0,True
2020-07-03,14.944999694824219,14.960000038146973,14.902799606323242,14.914999961853027,12.823871635388823,99978,0.0,0.0,0.0,True
2020-07-06,14.975000381469727,14.975000381469727,14.843099594116211,14.944999694824219,12.84966594164294,132541,0.0,0.0,0.0,True
2020-07-07,14.982500076293945,15.001700401306152,14.908100128173828,14.944999694824219,12.84966594164294,149263,0.0,0.0,0.0,True
2020-07-08,14.9399995803833,15.050600051879883,14.925999641418457,14.930000305175781,12.836768788515881,146508,0.0,0.0,0.0,True
2020-07-09,15.005000114440918,15.005000114440918,14.893099784851074,14.994999885559082,12.892656452066468,150016,0.0,0.0,0.0,True
2020-07-10,15.0600004196167,15.0600004196167,14.975000381469727,15.0,12.896954529591827,184685,0.0,0.0,0.0,True
2020-07-13,15.015000343322754,15.015000343322754,14.885000228881836,14.930000305175781,12.836768788515881,92593,0.0,0.0,0.0,True
2020-07-14,14.930000305175781,15.020000457763672,14.913100242614746,14.975000381469727,12.875460247897056,236468,0.0,0.0,0.0,True
2020-07-15,15.0,15.010000228881836,14.757499694824219,14.883749961853027,12.797002566374116,420833,0.0,0.0,0.0,True
2020-07-16,14.779999732971191,14.96500015258789,14.779999732971191,14.899999618530273,12.810976429295751,220075,0.0,0.0,0.0,True
2020-07-17,14.960000038146973,14.96310043334961,14.871700286865234,14.892499923706055,12.804525905698235,401807,0.0,0.0,0.0,True
2020-07-20,14.944999694824219,14.944999694824219,14.834440231323242,14.917499542236328,12.826022134426992,175393,0.0,0.0,0.0,True
2020-07-21,14.975000381469727,14.975000381469727,14.863100051879883,14.942500114440918,12.847517389638757,197969,0.0,0.0,0.0,True
2020-07-22,14.880000114440918,15.020000457763672,14.880000114440918,15.010000228881836,12.90555457871052,144233,0.0,0.0,0.0,True
2020-07-23,15.020000457763672,15.0600004196167,14.947449684143066,14.989999771118164,12.888357401024114,187398,0.0,0.0,0.0,True
2020-07-24,14.867500305175781,15.069999694824219,14.867500305175781,14.927499771118164,12.834620236511698,250999,0.0,0.0,0.0,True
2020-07-27,14.927499771118164,15.017499923706055,14.927499771118164,15.015000343322754,12.909852656235879,187238,0.0,0.0,0.0,True
2020-07-28,15.045000076293945,15.045000076293945,14.953900337219238,15.015000343322754,12.909852656235879,177071,0.0,0.0,0.0,True
2020-07-29,14.979999542236328,15.050000190734863,14.96500015258789,14.984999656677246,12.884059323498755,120039,0.0,0.0,0.0,True
2020-07-30,15.050000190734863,15.0649995803833,14.9399995803833,15.020000457763672,12.914152680795224,177011,0.0,0.0,0.0,True
2020-07-31,15.09000015258789,15.09000015258789,14.970000267028809,15.020000457763672,12.914152680795224,160432,0.0,0.0,0.0,True
2020-08-03,14.97249984741211,15.025199890136719,14.935799598693848,15.015000343322754,12.909852656235879,261591,0.0,0.0,0.0,True
2020-08-04,14.9399995803833,15.071240425109863,14.9399995803833,15.03499984741211,12.927046913371303,209936,0.0,0.0,0.0,True
2020-08-05,14.989999771118164,15.109999656677246,14.927499771118164,14.930000305175781,12.836768788515881,223054,0.0,0.0,0.0,True
2020-08-06,14.944999694824219,15.02750015258789,14.888299942016602,15.017499923706055,12.912001208240062,223377,0.0,0.0,0.0,True
2020-08-07,14.925000190734863,15.029999732971191,14.904279708862305,14.914999961853027,12.823871635388823,161257,0.0,0.0,0.0,True
2020-08-10,14.819999694824219,14.967599868774414,14.819999694824219,14.920000076293945,12.828173606982155,107212,0.0,0.0,0.0,True
2020-08-11,14.90250015258789,14.934000015258789,14.792499542236328,14.791250228881836,12.717472069124577,144126,0.0,0.0,0.0,True
2020-08-12,14.770000457763672,14.820300102233887,14.714599609375,14.720000267028809,12.656212538805036,342775,0.0,0.0,0.0,True
2020-08-13,14.694999694824219,14.805500030517578,14.692500114440918,14.707500457763672,12.645465884716147,109613,0.0,0.0,0.0,True
2020-08-14,14.744999885559082,14.744999885559082,14.673640251159668,14.694999694824219,12.634717283593272,220730,0.0,0.0,0.0,True
2020-08-17,14.720000267028809,14.760000228881836,14.660799980163574,14.755000114440918,12.686304922584512,159611,0.0,0.0,0.0,True
2020-08-18,14.694999694824219,14.787989616394043,14.694999694824219,14.739999771118164,12.673405822423467,130253,0.0,0.0,0.0,True
2020-08-19,14.8149995803833,14.8149995803833,14.689000129699707,14.697500228881836,12.636867782631441,469786,0.0,0.0,0.0,True
2020-08-20,14.694999694824219,14.755000114440918,14.665800094604492,14.6850004196167,12.626120155025559,132155,0.0,0.0,0.0,True
2020-08-21,14.635000228881836,14.755999565124512,14.635000228881836,14.732500076293945,12.666959192893925,130551,0.0,0.0,0.0,True
2020-08-24,14.720000267028809,14.789999961853027,14.641799926757812,14.739999771118164,12.673405822423467,141083,0.0,0.0,0.0,True
2020-08-25,14.774999618530273,14.774999618530273,14.592499732971191,14.600000381469727,12.553035313788568,338407,0.0,0.0,0.0,True
2020-08-26,14.604999542236328,14.625399589538574,14.529999732971191,14.5600004196167,12.518644852483732,211931,0.0,0.0,0.0,True
2020-08-27,14.454999923706055,14.6274995803833,14.454999923706055,14.5,12.467056239975498,833609,0.0,0.0,0.0,True
2020-08-28,14.449999809265137,14.572500228881836,14.410900115966797,14.5649995803833,12.522941956492097,284172,0.0,0.0,0.0,True
2020-09-01,14.5649995803833,14.630000114440918,14.49563980102539,14.572500228881836,12.52939150657262,221892,0.0,0.0,0.0,True
2020-09-02,14.649999618530273,14.704999923706055,14.571800231933594,14.704999923706055,12.643314412160985,518695,0.0,0.0,0.0,True
2020-09-03,14.734999656677246,14.734999656677246,14.667140007019043,14.72249984741211,12.658362064326212,137197,0.0,0.0,0.0,True
2020-09-04,14.744999885559082,14.744999885559082,14.648200035095215,14.672499656677246,12.61537058038569,110470,0.0,0.0,0.0,True
2020-09-07,14.649999618530273,14.700989723205566,14.584050178527832,14.699999809265137,12.639017308152617,157658,0.0,0.0,0.0,True
2020-09-08,14.680000305175781,14.917499542236328,14.680000305175781,14.760000228881836,12.690604947143859,443130,0.0,0.0,0.0,True
2020-09-09,14.854999542236328,14.9399995803833,14.711999893188477,14.729999542236328,12.664809667372747,161403,0.0,0.0,0.0,True
2020-09-10,14.779999732971191,14.779999732971191,14.654999732971191,14.694999694824219,12.634717283593272,145258,0.0,0.0,0.0,True
2020-09-11,14.770000457763672,14.835000038146973,14.726799964904785,14.835000038146973,12.75509071277915,287793,0.0,0.0,0.0,True
2020-09-14,14.842499732971191,14.920000076293945,14.792400360107422,14.792499542236328,12.718547805402158,224093,0.0,0.0,0.0,True
2020-09-15,14.75,14.880000114440918,14.75,14.779999732971191,12.707799204279283,239937,0.0,0.0,0.0,True
2020-09-16,14.710000038146973,14.824999809265137,14.710000038146973,14.805000305175781,12.729294459491047,197763,0.0,0.0,0.0,True
2020-09-17,14.734999656677246,14.88833999633789,14.734999656677246,14.805000305175781,12.729294459491047,299132,0.0,0.0,0.0,True
2020-09-18,14.84000015258789,14.864999771118164,14.759380340576172,14.8149995803833,12.737892561575753,142781,0.0,0.0,0.0,True
2020-09-21,14.869999885559082,14.90250015258789,14.81305980682373,14.875,12.789481174083987,144971,0.0,0.0,0.0,True
2020-09-22,14.829999923706055,14.894000053405762,14.784000396728516,14.8100004196167,12.733592537016406,330421,0.0,0.0,0.0,True
2020-09-23,14.869999885559082,14.869999885559082,14.742500305175781,14.767499923706055,12.6970515766734,218270,0.0,0.0,0.0,True
2020-09-24,14.859999656677246,14.859999656677246,14.752099990844727,14.770000457763672,12.69920207571157,146689,0.0,0.0,0.0,True
2020-09-25,14.734999656677246,14.860389709472656,14.734999656677246,14.859999656677246,12.776582073922942,258124,0.0,0.0,0.0,True
2020-09-28,14.850000381469727,14.895000457763672,14.786999702453613,14.822500228881836,12.744342111656275,139787,0.0,0.0,0.0,True
2020-09-29,14.795000076293945,14.872329711914062,14.795000076293945,14.859999656677246,12.776582073922942,614992,0.0,0.0,0.0,True
2020-09-30,14.829999923706055,14.892499923706055,14.755000114440918,14.755000114440918,12.686304922584512,305368,0.0,0.0,0.0,True
2020-10-01,14.680000305175781,14.792499542236328,14.640000343322754,14.720000267028809,12.656212538805036,630830,0.0,0.0,0.0,True
2020-10-02,14.6850004196167,14.793299674987793,14.680000305175781,14.704999923706055,12.643314412160985,138447,0.0,0.0,0.0,True
2020-10-05,14.760000228881836,14.774999618530273,14.595000267028809,14.630000114440918,12.578830593559678,466533,0.0,0.0,0.0,True
2020-10-06,14.585000038146973,14.680000305175781,14.585000038146973,14.612500190734863,12.563783914911443,195032,0.0,0.0,0.0,True
2020-10-07,14.6850004196167,14.699999809265137,14.579999923706055,14.595000267028809,12.548736262746216,202907,0.0,0.0,0.0,True
2020-10-08,14.545000076293945,14.640399932861328,14.545000076293945,14.612500190734863,12.563783914911443,246851,0.0,0.0,0.0,True
2020-10-09,14.72249984741211,14.72249984741211,14.588330268859863,14.662500381469727,12.606774425334972,210041,0.0,0.0,0.0,True
2020-10-12,14.635000228881836,14.664999961853027,14.629790306091309,14.654999732971191,12.600325848771442,145153,0.0,0.0,0.0,True
2020-10-13,14.65999984741211,14.744999885559082,14.569999694824219,14.729999542236328,12.664809667372747,345385,0.0,0.0,0.0,True
2020-10-14,14.779999732971191,14.799599647521973,14.71049976348877,14.768750190734863,12.698127312950982,335584,0.0,0.0,0.0,True
2020-10-15,14.829999923706055,14.921669960021973,14.766960144042969,14.850000381469727,12.767987865906209,307510,0.0,0.0,0.0,True
2020-10-16,14.899999618530273,14.960000038146973,14.770000457763672,14.859999656677246,12.776582073922942,362525,0.0,0.0,0.0,True
2020-10-19,14.904999732971191,14.904999732971191,14.805970191955566,14.869999885559082,12.785182123041634,290456,0.0,0.0,0.0,True
2020-10-20,14.819999694824219,14.930000305175781,14.809599876403809,14.819999694824219,12.74218966558412,301798,0.0,0.0,0.0,True
2020-10-21,14.832500457763672,14.84000015258789,14.694999694824219,14.694999694824219,12.634717283593272,218552,0.0,0.0,0.0,True
2020-10-22,14.675000190734863,14.730400085449219,14.630379676818848,14.645000457763672,12.59172579965275,183333,0.0,0.0,0.0,True
2020-10-23,14.649999618530273,14.67039966583252,14.577179908752441,14.649999618530273,12.596025824212097,96976,0.0,0.0,0.0,True
2020-10-26,14.6899995803833,14.729999542236328,14.577199935913086,14.6274995803833,12.576681068038502,147523,0.0,0.0,0.0,True
2020-10-27,14.642499923706055,14.765000343322754,14.593400001525879,14.765000343322754,12.694903998186211,559902,0.0,0.0,0.0,True
2020-10-28,14.734999656677246,14.826390266418457,14.734999656677246,14.8149995803833,12.737892561575753,383029,0.0,0.0,0.0,True
2020-10-29,14.755000114440918,14.837650299072266,14.755000114440918,14.787500381469727,12.714248754359806,369379,0.0,0.0,0.0,True
2020-10-30,14.720000267028809,14.791999816894531,14.670000076293945,14.670000076293945,12.613222028381507,107746,0.0,0.0,0.0,True
2020-11-02,14.720000267028809,14.768150329589844,14.679499626159668,14.762499809265137,12.692752525631048,120587,0.0,0.0,0.0,True
2020-11-03,14.6850004196167,14.795000076293945,14.649999618530273,14.649999618530273,12.596025824212097,318658,0.0,0.0,0.0,True
2020-11-04,14.77750015258789,14.81410026550293,14.572500228881836,14.8100004196167,12.733592537016406,144302,0.0,0.0,0.0,True
2020-11-05,14.869999885559082,14.883199691772461,14.71500015258789,14.725000381469727,12.660509642813402,150600,0.0,0.0,0.0,True
2020-11-06,14.732500076293945,14.764300346374512,14.609350204467773,14.640000343322754,12.58742772212739,534357,0.0,0.0,0.0,True
2020-11-09,14.59000015258789,14.714249610900879,14.390000343322754,14.449999809265137,12.424066703068963,439398,0.0,0.0,0.0,True
2020-11-10,14.520000457763672,14.520000457763672,14.403249740600586,14.414999961853027,12.393974319289487,393253,0.0,0.0,0.0,True
2020-11-11,14.350000381469727,14.449999809265137,14.338199615478516,14.3774995803833,12.361732409988834,305053,0.0,0.0,0.0,True
2020-11-12,14.34000015258789,14.449999809265137,14.319999694824219,14.449999809265137,12.478747205547874,393552,0.063,0.0,0.0,True
2020-11-13,14.425000190734863,14.520000457763672,14.425000190734863,14.46500015258789,12.491700822660544,238468,0.0,0.0,0.0,True
2020-11-16,14.470000267028809,14.524999618530273,14.365280151367188,14.4399995803833,12.470111136300432,575849,0.0,0.0,0.0,True
2020-11-17,14.4399995803833,14.505000114440918,14.380000114440918,14.476249694824219,12.50141554873655,186479,0.0,0.0,0.0,True
2020-11-18,14.5600004196167,14.5600004196167,14.4350004196167,14.452500343322754,12.480905492721991,369654,0.0,0.0,0.0,True
2020-11-19,14.420000076293945,14.524999618530273,14.420000076293945,14.460000038146973,12.487383274795318,207933,0.0,0.0,0.0,True
2020-11-20,14.539999961853027,14.539999961853027,14.399999618530273,14.520000457763672,12.539197743245994,926375,0.0,0.0,0.0,True
2020-11-23,14.479999542236328,14.529999732971191,14.458999633789062,14.494999885559082,12.517608056885882,447818,0.0,0.0,0.0,True
2020-11-24,14.4350004196167,14.559120178222656,14.430000305175781,14.515000343322754,12.534879221863775,278608,0.0,0.0,0.0,True
2020-11-25,14.507499694824219,14.550990104675293,14.470000267028809,14.5337495803833,12.55106880946213,687167,0.0,0.0,0.0,True
2020-11-26,14.537500381469727,14.617500305175781,14.505849838256836,14.612500190734863,12.619080653647105,273977,0.0,0.0,0.0,True
2020-11-27,14.569999694824219,14.675000190734863,14.555800437927246,14.600000381469727,12.608283376674565,236204,0.0,0.0,0.0,True
2020-11-30,14.710000038146973,14.710000038146973,14.5600004196167,14.5600004196167,12.573741046718776,220129,0.0,0.0,0.0,True
2020-12-01,14.524999618530273,14.6225004196167,14.451499938964844,14.462499618530273,12.489541561969434,306137,0.0,0.0,0.0,True
2020-12-02,14.4350004196167,14.529999732971191,14.432499885559082,14.454999923706055,12.483063779896106,278642,0.0,0.0,0.0,True
2020-12-03,14.520000457763672,14.520000457763672,14.442310333251953,14.482500076293945,12.506813700464322,166385,0.0,0.0,0.0,True
2020-12-04,14.489999771118164,14.524189949035645,14.433919906616211,14.470000267028809,12.496020317559756,232954,0.0,0.0,0.0,True
2020-12-07,14.475000381469727,14.602499961853027,14.404500007629395,14.602499961853027,12.610443610882667,158140,0.0,0.0,0.0,True
2020-12-08,14.630000114440918,14.679120063781738,14.545000076293945,14.664999961853027,12.664418313541447,365111,0.0,0.0,0.0,True
2020-12-09,14.5649995803833,14.757499694824219,14.5649995803833,14.675000190734863,12.673053409271898,1023673,0.0,0.0,0.0,True
2020-12-10,14.670000076293945,14.805930137634277,14.670000076293945,14.782500267028809,12.76588798975169,302258,0.0,0.0,0.0,True
2020-12-11,14.835000038146973,14.890000343322754,14.768349647521973,14.835000038146973,12.811225649646031,421962,0.0,0.0,0.0,True
2020-12-14,14.739999771118164,14.832380294799805,14.669050216674805,14.765000343322754,12.750775111947911,243293,0.0,0.0,0.0,True
2020-12-15,14.710000038146973,14.801529884338379,14.625200271606445,14.630000114440918,12.634191584416897,243304,0.0,0.0,0.0,True
2020-12-16,14.654999732971191,14.654999732971191,14.538949966430664,14.604999542236328,12.612599951022798,258696,0.0,0.0,0.0,True
2020-12-17,14.602499961853027,14.680000305175781,14.566200256347656,14.640000343322754,12.642827653664341,507618,0.0,0.0,0.0,True
2020-12-18,14.757499694824219,14.800000190734863,14.604999542236328,14.6875,12.683847765693457,256306,0.0,0.0,0.0,True
2020-12-21,14.5,14.851699829101562,14.5,14.787500381469727,12.770205537616915,144498,0.0,0.0,0.0,True
2020-12-22,14.729999542236328,14.835000038146973,14.707500457763672,14.835000038146973,12.811225649646031,235463,0.0,0.0,0.0,True
2020-12-23,14.850000381469727,14.854999542236328,14.552499771118164,14.569999694824219,12.582378089483214,239699,0.0,0.0,0.0,True
2020-12-24,14.5,14.662500381469727,14.5,14.65625,12.656860901122565,101678,0.0,0.0,0.0,True
2020-12-29,14.657500267028809,14.757499694824219,14.657500267028809,14.757499694824219,12.74429927690857,194931,0.0,0.0,0.0,True
2020-12-30,14.682499885559082,14.78499984741211,14.677399635314941,14.75,12.73782052131825,67370,0.0,0.0,0.0,True
2020-12-31,14.765000343322754,14.800000190734863,14.743180274963379,14.770000457763672,12.75509363333013,34082,0.0,0.0,0.0,True
2021-01-04,14.829999923706055,14.852100372314453,14.730090141296387,14.8125,12.791795223977028,137756,0.0,0.0,0.0,True
2021-01-05,14.819999694824219,14.825900077819824,14.72249984741211,14.729999542236328,12.720549356340355,103547,0.0,0.0,0.0,True
2021-01-06,14.664999961853027,14.697600364685059,14.5600004196167,14.648750305175781,12.650383119049236,112085,0.0,0.0,0.0,True
2021-01-07,14.6899995803833,14.704999923706055,14.553600311279297,14.567500114440918,12.580219802309097,104390,0.0,0.0,0.0,True
2021-01-08,14.587499618530273,14.614999771118164,14.53909969329834,14.595000267028809,12.603964855292347,455084,0.0,0.0,0.0,True
2021-01-11,14.600000381469727,14.611949920654297,14.519399642944336,14.53499984741211,12.552152333875657,231000,0.0,0.0,0.0,True
2021-01-12,14.545000076293945,14.545000076293945,14.449999809265137,14.489999771118164,12.51328856198667,272969,0.0,0.0,0.0,True
2021-01-13,14.595000267028809,14.595000267028809,14.505000114440918,14.572500228881836,12.584535403140336,233065,0.0,0.0,0.0,True
2021-01-14,14.515000343322754,14.6225004196167,14.515000343322754,14.592499732971191,12.601805594601238,199250,0.0,0.0,0.0,True
2021-01-15,14.577500343322754,14.640000343322754,14.545000076293945,14.592499732971191,12.601805594601238,138355,0.0,0.0,0.0,True
2021-01-18,14.555000305175781,14.623200416564941,14.555000305175781,14.59749984741211,12.606124115983457,171954,0.0,0.0,0.0,True
2021-01-19,14.614999771118164,14.630000114440918,14.546199798583984,14.612500190734863,12.619080653647105,286304,0.0,0.0,0.0,True
2021-01-20,14.539999961853027,14.61340045928955,14.539999961853027,14.5649995803833,12.578057621067009,369109,0.0,0.0,0.0,True
2021-01-21,14.619999885559082,14.619999885559082,14.484999656677246,14.52750015258789,12.54567455180233,454661,0.0,0.0,0.0,True
2021-01-22,14.510000228881836,14.558899879455566,14.448140144348145,14.547499656677246,12.562946690297217,182853,0.0,0.0,0.0,True
2021-01-25,14.585000038146973,14.649999618530273,14.493840217590332,14.632499694824219,12.636350845108007,152236,0.0,0.0,0.0,True
2021-01-26,14.645000457763672,14.691800117492676,14.599430084228516,14.619999885559082,12.625555515169452,264941,0.0,0.0,0.0,True
2021-01-27,14.539999961853027,14.729999542236328,14.539999961853027,14.65625,12.656860901122565,179272,0.0,0.0,0.0,True
2021-01-28,14.640000343322754,14.75,14.555000305175781,14.612500190734863,12.619080653647105,185310,0.0,0.0,0.0,True
2021-01-29,14.604999542236328,14.66331958770752,14.504730224609375,14.557499885559082,12.571581786027668,335072,0.0,0.0,0.0,True
2021-02-01,14.569999694824219,14.57532024383545,14.4399995803833,14.547499656677246,12.562946690297217,205222,0.0,0.0,0.0,True
2021-02-02,14.449999809265137,14.649999618530273,14.420000076293945,14.5024995803833,12.52408291840823,226005,0.0,0.0,0.0,True
2021-02-03,14.59000015258789,14.59000015258789,14.43511962890625,14.447500228881836,12.476586971339772,335005,0.0,0.0,0.0,True
2021-02-04,14.460000038146973,14.485389709472656,14.259300231933594,14.327500343322754,12.372959007955412,406684,0.0,0.0,0.0,True
2021-02-05,14.287500381469727,14.357789993286133,14.178799629211426,14.22249984741211,12.282282714649735,214208,0.0,0.0,0.0,True
2021-02-08,14.300000190734863,14.322500228881836,14.140000343322754,14.265000343322754,12.318985278813628,192303,0.0,0.0,0.0,True
2021-02-09,14.244999885559082,14.34000015258789,14.21498966217041,14.295000076293945,12.344891539521972,277380,0.0,0.0,0.0,True
2021-02-10,14.239999771118164,14.282500267028809,14.22819995880127,14.25,12.306030688183965,178134,0.0,0.0,0.0,True
2021-02-11,14.229999542236328,14.342490196228027,14.21500015258789,14.266249656677246,12.320063935642189,94931,0.0,0.0,0.0,True
2021-02-12,14.2524995803833,14.300000190734863,14.151599884033203,14.192500114440918,12.256374506907404,270013,0.0,0.0,0.0,True
2021-02-15,14.085000038146973,14.175000190734863,14.020000457763672,14.078749656677246,12.158140801182846,363586,0.0,0.0,0.0,True
2021-02-16,14.095000267028809,14.170000076293945,13.983200073242188,13.987500190734863,12.07934044167827,223461,0.0,0.0,0.0,True
2021-02-17,13.904999732971191,14.10200023651123,13.904999732971191,14.095000267028809,12.172175995675056,708514,0.0,0.0,0.0,True
2021-02-18,14.09000015258789,14.130279541015625,13.967499732971191,14.007499694824219,12.096613553690151,267579,0.0,0.0,0.0,True
2021-02-19,13.994999885559082,14.054499626159668,13.884900093078613,13.930000305175781,12.029685233918702,234677,0.0,0.0,0.0,True
2021-02-22,13.807499885559082,13.996199607849121,13.807499885559082,13.932499885559082,12.031843521092819,244512,0.0,0.0,0.0,True
2021-02-23,13.832500457763672,13.925700187683105,13.789999961853027,13.835000038146973,11.94764500986047,472530,0.0,0.0,0.0,True
2021-02-24,13.837499618530273,13.87384033203125,13.649999618530273,13.75,11.874240855049681,411352,0.0,0.0,0.0,True
2021-02-25,13.867500305175781,13.867500305175781,13.617500305175781,13.71500015258789,11.844015099442124,760483,0.0,0.0,0.0,True
2021-02-26,13.824999809265137,13.833600044250488,13.682499885559082,13.71500015258789,11.844015099442124,408835,0.0,0.0,0.0,True
2021-03-01,13.619999885559082,13.829999923706055,13.619999885559082,13.805000305175781,11.921735828601145,286194,0.0,0.0,0.0,True
2021-03-02,13.807499885559082,13.957670211791992,13.744999885559082,13.947500228881836,12.044796164688494,356254,0.0,0.0,0.0,True
2021-03-03,13.859999656677246,13.928000450134277,13.758279800415039,13.807499885559082,11.923896062809247,327036,0.0,0.0,0.0,True
2021-03-04,13.734999656677246,13.904999732971191,13.734999656677246,13.867500305175781,11.975710531259924,424760,0.0,0.0,0.0,True
2021-03-05,13.84749984741211,13.88860034942627,13.797229766845703,13.869999885559082,11.97786881843404,229855,0.0,0.0,0.0,True
2021-03-08,13.869999885559082,13.885100364685059,13.77262020111084,13.868749618530273,11.976790161605479,124855,0.0,0.0,0.0,True
2021-03-09,13.899999618530273,13.969300270080566,13.878299713134766,13.925000190734863,12.025366712536485,298004,0.0,0.0,0.0,True
2021-03-10,14.032500267028809,14.032500267028809,13.899999618530273,13.9350004196167,12.03400375530092,230013,0.0,0.0,0.0,True
2021-03-11,13.979999542236328,13.999600410461426,13.887399673461914,13.897500038146973,12.001617765485262,200433,0.0,0.0,0.0,True
2021-03-12,13.795000076293945,13.84000015258789,13.734999656677246,13.739999771118164,11.865606732836223,240616,0.0,0.0,0.0,True
2021-03-15,13.760000228881836,13.875,13.693300247192383,13.8100004196167,11.926055323500357,228036,0.0,0.0,0.0,True
2021-03-16,13.78499984741211,13.867500305175781,13.760000228881836,13.813750267028809,11.929294214537022,426809,0.0,0.0,0.0,True
2021-03-17,13.90999984741211,13.90999984741211,13.71500015258789,13.755000114440918,11.878558402914905,458139,0.0,0.0,0.0,True
2021-03-18,13.835000038146973,13.850000381469727,13.600000381469727,13.6899995803833,11.822423466048024,343328,0.0,0.0,0.0,True
2021-03-19,13.6899995803833,13.789999961853027,13.6899995803833,13.7475004196167,11.872083541392557,477027,0.0,0.0,0.0,True
2021-03-22,13.787500381469727,13.789999961853027,13.739509582519531,13.770000457763672,11.891511046510582,129317,0.0,0.0,0.0,True
2021-03-23,13.75,13.90999984741211,13.75,13.8725004196167,11.980029052642143,299491,0.0,0.0,0.0,True
2021-03-24,13.90999984741211,13.946310043334961,13.859999656677246,13.881250381469727,11.987585491544031,299214,0.0,0.0,0.0,True
2021-03-25,13.8100004196167,13.971799850463867,13.8100004196167,13.944999694824219,12.042636903997385,748170,0.0,0.0,0.0,True
2021-03-26,14.03499984741211,14.03499984741211,13.837499618530273,13.8774995803833,11.984345626990374,476056,0.0,0.0,0.0,True
2021-03-29,13.774999618530273,13.975600242614746,13.774999618530273,13.837499618530273,11.949803297034586,704927,0.0,0.0,0.0,True
2021-03-30,13.75,13.807979583740234,13.729999542236328,13.744999885559082,11.86992136015047,610391,0.0,0.0,0.0,True
2021-03-31,13.760000228881836,13.850000381469727,13.71500015258789,13.720000267028809,11.848331673790355,209413,0.0,0.0,0.0,True
2021-04-01,13.75,13.799300193786621,13.658699989318848,13.77750015258789,11.897986881549922,289987,0.0,0.0,0.0,True
2021-04-06,13.789999961853027,13.8149995803833,13.727499961853027,13.8149995803833,11.93037189784859,307963,0.0,0.0,0.0,True
2021-04-07,13.895000457763672,13.895000457763672,13.805000305175781,13.829999923706055,11.943328435512237,213280,0.0,0.0,0.0,True
2021-04-08,13.819999694824219,13.891799926757812,13.798700332641602,13.8774995803833,11.984345626990374,253254,0.0,0.0,0.0,True
2021-04-09,13.800000190734863,13.881529808044434,13.797499656677246,13.835000038146973,11.94764500986047,160364,0.0,0.0,0.0,True
2021-04-12,13.854999542236328,13.899999618530273,13.818400382995605,13.835000038146973,11.94764500986047,448906,0.0,0.0,0.0,True
2021-04-13,13.800000190734863,13.871399879455566,13.798600196838379,13.837499618530273,11.949803297034586,491089,0.0,0.0,0.0,True
2021-04-14,13.899999618530273,13.899999618530273,13.789199829101562,13.797499656677246,11.915259020044811,185995,0.0,0.0,0.0,True
2021-04-15,13.78499984741211,13.9266996383667,13.771989822387695,13.920000076293945,12.021050138188253,264541,0.0,0.0,0.0,True
2021-04-16,13.904999732971191,14.012499809265137,13.845000267028809,13.859999656677246,11.969232749186595,135816,0.0,0.0,0.0,True
2021-04-19,13.78499984741211,13.920000076293945,13.78499984741211,13.885000228881836,11.990823409063703,188299,0.0,0.0,0.0,True
2021-04-20,13.867500305175781,13.930000305175781,13.782500267028809,13.920000076293945,12.021050138188253,146417,0.0,0.0,0.0,True
2021-04-21,14.010000228881836,14.010000228881836,13.876700401306152,13.890000343322754,11.995142903962915,285541,0.0,0.0,0.0,True
2021-04-22,13.920000076293945,13.942500114440918,13.879059791564941,13.904999732971191,12.008093600524603,142550,0.0,0.0,0.0,True
2021-04-23,13.819999694824219,14.0,13.819999694824219,13.90999984741211,12.012413095423815,225714,0.0,0.0,0.0,True
2021-04-26,13.899999618530273,13.940520286560059,13.8149995803833,13.899999618530273,12.00377702617637,145030,0.0,0.0,0.0,True
2021-04-27,13.890000343322754,13.979999542236328,13.859999656677246,13.8725004196167,11.980029052642143,273994,0.0,0.0,0.0,True
2021-04-28,13.805000305175781,13.850629806518555,13.755000114440918,13.842499732971191,11.954121818416803,130127,0.0,0.0,0.0,True
2021-04-29,13.904999732971191,13.9350004196167,13.739999771118164,13.779999732971191,11.900147115758026,324730,0.0,0.0,0.0,True
2021-04-30,13.800000190734863,13.890000343322754,13.779999732971191,13.789999961853027,11.908784158522462,849112,0.0,0.0,0.0,True
2021-05-04,13.824999809265137,13.885000228881836,13.710000038146973,13.875,11.982187339816258,786289,0.0,0.0,0.0,True
2021-05-05,13.8725004196167,13.875,13.755000114440918,13.817500114440918,11.932532132056691,280343,0.0,0.0,0.0,True
2021-05-06,13.875,13.90250015258789,13.778499603271484,13.84000015258789,11.951962557725695,356318,0.0,0.0,0.0,True
2021-05-07,13.850000381469727,14.005000114440918,13.812529563903809,13.859999656677246,11.969232749186595,286653,0.0,0.0,0.0,True
2021-05-10,13.760000228881836,13.904999732971191,13.760000228881836,13.835000038146973,11.94764500986047,178176,0.0,0.0,0.0,True
2021-05-11,13.782500267028809,13.84076976776123,13.734999656677246,13.737500190734863,11.863446498628122,514269,0.0,0.0,0.0,True
2021-05-12,13.75,13.785550117492676,13.661700248718262,13.670000076293945,11.80515230107013,180749,0.0,0.0,0.0,True
2021-05-13,13.614999771118164,13.653420448303223,13.568499565124512,13.585000038146973,11.780006357133542,167324,0.056,0.0,0.0,True
2021-05-14,13.602499961853027,13.678999900817871,13.568340301513672,13.645000457763672,11.832035972839735,624129,0.0,0.0,0.0,True
2021-05-17,13.567500114440918,13.779999732971191,13.567500114440918,13.647500038146973,11.834202048149796,224946,0.0,0.0,0.0,True
2021-05-18,13.625,13.67693042755127,13.619999885559082,13.645000457763672,11.832035972839735,651653,0.0,0.0,0.0,True
2021-05-19,13.545000076293945,13.68239974975586,13.545000076293945,13.667499542236328,11.851545253385193,265274,0.0,0.0,0.0,True
2021-05-20,13.75,13.75,13.613800048828125,13.675000190734863,11.85804932041734,168872,0.0,0.0,0.0,True
2021-05-21,13.682499885559082,13.706500053405762,13.637499809265137,13.677499771118164,11.860216369244396,199617,0.0,0.0,0.0,True
2021-05-24,13.707500457763672,13.734999656677246,13.691499710083008,13.734999656677246,11.910076015572553,201174,0.0,0.0,0.0,True
2021-05-25,13.739999771118164,13.835000038146973,13.71580982208252,13.779999732971191,11.94909652369746,181640,0.0,0.0,0.0,True
2021-05-26,13.802499771118164,13.842499732971191,13.7708101272583,13.832500457763672,11.994622072371506,222317,0.0,0.0,0.0,True
2021-05-27,13.899999618530273,13.899999618530273,13.736900329589844,13.767499923706055,11.93825738549421,231046,0.0,0.0,0.0,True
2021-05-28,13.734999656677246,13.812600135803223,13.718799591064453,13.789999961853027,11.957768613073656,327274,0.0,0.0,0.0,True
2021-06-01,13.755000114440918,13.800000190734863,13.72350025177002,13.729999542236328,11.905738997367463,640218,0.0,0.0,0.0,True
2021-06-02,13.725000381469727,13.824999809265137,13.670000076293945,13.760000228881836,11.931755265496049,259205,0.0,0.0,0.0,True
2021-06-03,13.739999771118164,13.84000015258789,13.697500228881836,13.702500343322754,11.881895619167892,183912,0.0,0.0,0.0,True
2021-06-04,13.704999923706055,13.767499923706055,13.6673002243042,13.767499923706055,11.93825738549421,131412,0.0,0.0,0.0,True
2021-06-07,13.7475004196167,13.786299705505371,13.729999542236328,13.739999771118164,11.914414980811632,138497,0.0,0.0,0.0,True
2021-06-08,13.744999885559082,13.829999923706055,13.713700294494629,13.792499542236328,11.959936635417703,933924,0.0,0.0,0.0,True
2021-06-09,13.800000190734863,13.899999618530273,13.773420333862305,13.859999656677246,12.018467397605063,169637,0.0,0.0,0.0,True
2021-06-10,13.875,13.907890319824219,13.791000366210938,13.824999809265137,11.988119952373346,139391,0.0,0.0,0.0,True
2021-06-11,13.897500038146973,13.9350004196167,13.779999732971191,13.895000457763672,12.04881776338776,499693,0.0,0.0,0.0,True
2021-06-14,13.899999618530273,13.949999809265137,13.83942985534668,13.850000381469727,12.009797255262855,145451,0.0,0.0,0.0,True
2021-06-15,13.84749984741211,13.90999984741211,13.774999618530273,13.832500457763672,11.994622072371506,320154,0.0,0.0,0.0,True
2021-06-16,13.824999809265137,13.864999771118164,13.809300422668457,13.864999771118164,12.022803442293162,167831,0.0,0.0,0.0,True
2021-06-17,13.787500381469727,13.97249984741211,13.758999824523926,13.822500228881836,11.985950956512303,295548,0.0,0.0,0.0,True
2021-06-18,13.850000381469727,13.949999809265137,13.832260131835938,13.920000076293945,12.070496039794262,405325,0.0,0.0,0.0,True
2021-06-21,13.979999542236328,13.986140251159668,13.859000205993652,13.899999618530273,12.053153808075859,376076,0.0,0.0,0.0,True
2021-06-22,13.890000343322754,13.914999961853027,13.800000190734863,13.837499618530273,11.998958117059603,131245,0.0,0.0,0.0,True
2021-06-23,13.739999771118164,13.904999732971191,13.739999771118164,13.835000038146973,11.996790094715555,407347,0.0,0.0,0.0,True
2021-06-24,13.8149995803833,13.891400337219238,13.802499771118164,13.890000343322754,12.044482692216656,162877,0.0,0.0,0.0,True
2021-06-25,13.885000228881836,13.962499618530273,13.8149995803833,13.829999923706055,11.99245502354445,243815,0.0,0.0,0.0,True
2021-06-28,13.829999923706055,13.914999961853027,13.795499801635742,13.904999732971191,12.057488879246963,289637,0.0,0.0,0.0,True
2021-06-29,13.890000343322754,13.949640274047852,13.854999542236328,13.890000343322754,12.044482692216656,223830,0.0,0.0,0.0,True
2021-06-30,13.869999885559082,13.975000381469727,13.852100372314453,13.897500038146973,12.05098578573181,242337,0.0,0.0,0.0,True
2021-07-01,13.875,13.984999656677246,13.807499885559082,13.885000228881836,12.040145674011566,664307,0.0,0.0,0.0,True
2021-07-02,13.90999984741211,13.989999771118164,13.885899543762207,13.920000076293945,12.070496039794262,197192,0.0,0.0,0.0,True
2021-07-05,13.899999618530273,14.015000343322754,13.883899688720703,13.90999984741211,12.061822976901073,63553,0.0,0.0,0.0,True
2021-07-06,13.897500038146973,14.037500381469727,13.886799812316895,14.022500038146973,12.159377167764319,397776,0.0,0.0,0.0,True
2021-07-07,13.9399995803833,14.131400108337402,13.9399995803833,14.085000038146973,12.213571885263582,133223,0.0,0.0,0.0,True
2021-07-08,14.164999961853027,14.196399688720703,14.065699577331543,14.085000038146973,12.213571885263582,170021,0.0,0.0,0.0,True
2021-07-09,14.052499771118164,14.108799934387207,13.994999885559082,14.00374984741211,12.143118460459442,148859,0.0,0.0,0.0,True
2021-07-12,14.010000228881836,14.100000381469727,13.989399909973145,14.042499542236328,12.17672134651671,65075,0.0,0.0,0.0,True
2021-07-13,14.095000267028809,14.135000228881836,13.9399995803833,14.086250305175781,12.214658330228088,138615,0.0,0.0,0.0,True
2021-07-14,14.029999732971191,14.10509967803955,13.992389678955078,14.095000267028809,12.222243974639776,153127,0.0,0.0,0.0,True
2021-07-15,14.132499694824219,14.172499656677246,14.013999938964844,14.022500038146973,12.159377167764319,277820,0.0,0.0,0.0,True
2021-07-16,14.039999961853027,14.140000343322754,14.0,14.082500457763672,12.211404836436525,112510,0.0,0.0,0.0,True
2021-07-19,14.1899995803833,14.305000305175781,14.09850025177002,14.234999656677246,12.343642517219585,479881,0.0,0.0,0.0,True
2021-07-20,14.172499656677246,14.352499961853027,14.172499656677246,14.270000457763672,12.373993856519276,238092,0.0,0.0,0.0,True
2021-07-21,14.287500381469727,14.311440467834473,14.170000076293945,14.194999694824219,12.308956106748791,121900,0.0,0.0,0.0,True
2021-07-22,14.21500015258789,14.270000457763672,14.128100395202637,14.260000228881836,12.365322740660075,164843,0.0,0.0,0.0,True
2021-07-23,14.237500190734863,14.269720077514648,14.1850004196167,14.257499694824219,12.363153744799032,46352,0.0,0.0,0.0,True
2021-07-26,14.300000190734863,14.880000114440918,14.242500305175781,14.270000457763672,12.373993856519276,114455,0.0,0.0,0.0,True
2021-07-27,14.1850004196167,14.3774995803833,14.1850004196167,14.3125,12.410845368783141,116187,0.0,0.0,0.0,True
2021-07-28,14.324999809265137,14.399999618530273,14.255000114440918,14.270000457763672,12.373993856519276,109999,0.0,0.0,0.0,True
2021-07-29,14.292499542236328,14.369999885559082,14.1899995803833,14.274999618530273,12.378327954173388,133031,0.0,0.0,0.0,True
2021-07-30,14.270000457763672,14.300000190734863,14.2524995803833,14.276249885559082,12.379412452103908,96420,0.0,0.0,0.0,True
2021-08-02,14.255000114440918,14.337499618530273,14.2475004196167,14.337499618530273,12.432523645189642,584865,0.0,0.0,0.0,True
2021-08-03,14.319999694824219,14.442500114440918,14.296500205993652,14.367500305175781,12.458539913318228,76933,0.0,0.0,0.0,True
2021-08-04,14.367500305175781,14.44729995727539,14.343500137329102,14.382499694824219,12.471544153314548,189537,0.0,0.0,0.0,True
2021-08-05,14.385000228881836,14.414999961853027,14.34850025177002,14.375,12.465041059799395,489519,0.0,0.0,0.0,True
2021-08-06,14.444999694824219,14.444999694824219,14.233499526977539,14.234999656677246,12.343642517219585,130925,0.0,0.0,0.0,True
2021-08-09,14.154999732971191,14.352499961853027,14.154999732971191,14.34749984741211,12.441195734565838,587176,0.0,0.0,0.0,True
2021-08-10,14.357500076293945,14.395000457763672,14.31190013885498,14.335000038146973,12.430356596362587,86744,0.0,0.0,0.0,True
2021-08-11,14.3125,14.414999961853027,14.292499542236328,14.332500457763672,12.428189547535531,270935,0.0,0.0,0.0,True
2021-08-12,14.300000190734863,14.370789527893066,14.265000343322754,14.286250114440918,12.388084541480104,65366,0.0,0.0,0.0,True
2021-08-13,14.375,14.375,14.25944995880127,14.3125,12.410845368783141,149524,0.0,0.0,0.0,True
2021-08-16,14.354999542236328,14.420000076293945,14.300000190734863,14.324999809265137,12.421685480503385,61554,0.0,0.0,0.0,True
2021-08-17,14.3725004196167,14.414999961853027,14.32036018371582,14.34749984741211,12.441195734565838,304165,0.0,0.0,0.0,True
2021-08-18,14.375,14.387269973754883,14.31190013885498,14.31624984741211,12.414096915540718,164624,0.0,0.0,0.0,True
2021-08-19,14.3725004196167,14.442500114440918,14.265000343322754,14.359999656677246,12.452033899252095,97761,0.0,0.0,0.0,True
2021-08-20,14.454999923706055,14.454999923706055,14.34850025177002,14.3725004196167,12.462874010972339,70965,0.0,0.0,0.0,True
2021-08-23,14.337499618530273,14.399999618530273,14.3100004196167,14.352499961853027,12.445531779253935,37399,0.0,0.0,0.0,True
2021-08-24,14.40999984741211,14.40999984741211,14.286270141601562,14.351249694824219,12.444448254840408,72332,0.0,0.0,0.0,True
2021-08-25,14.342499732971191,14.427499771118164,14.220100402832031,14.239999771118164,12.347979535424678,48205,0.0,0.0,0.0,True
2021-08-26,14.227499961853027,14.246800422668457,14.186400413513184,14.229999542236328,12.339308419565475,155028,0.0,0.0,0.0,True
2021-08-27,14.244999885559082,14.319999694824219,14.142499923706055,14.267499923706055,12.371825834175228,29065,0.0,0.0,0.0,True
2021-08-31,14.204999923706055,14.380000114440918,14.167499542236328,14.172499656677246,12.289445852686338,136839,0.0,0.0,0.0,True
2021-09-01,14.085000038146973,14.265000343322754,14.085000038146973,14.210000038146973,12.321965214330078,661642,0.0,0.0,0.0,True
2021-09-02,14.239999771118164,14.265000343322754,14.192790031433105,14.239999771118164,12.347979535424678,106388,0.0,0.0,0.0,True
2021-09-03,14.255000114440918,14.34000015258789,14.138699531555176,14.170000076293945,12.287278803859282,199893,0.0,0.0,0.0,True
2021-09-06,14.175000190734863,14.229999542236328,14.130000114440918,14.208749771118164,12.320881689916549,98892,0.0,0.0,0.0,True
2021-09-07,14.130000114440918,14.27750015258789,14.095000267028809,14.1225004196167,12.246090273390328,179249,0.0,0.0,0.0,True
2021-09-08,14.055000305175781,14.1875,14.055000305175781,14.145000457763672,12.26560052745278,138024,0.0,0.0,0.0,True
2021-09-09,14.140000343322754,14.175000190734863,14.113800048828125,14.170000076293945,12.287278803859282,76297,0.0,0.0,0.0,True
2021-09-10,14.255000114440918,14.255000114440918,14.143699645996094,14.145000457763672,12.26560052745278,77481,0.0,0.0,0.0,True
2021-09-13,14.119999885559082,14.168800354003906,14.119999885559082,14.164999961853027,12.282943732688178,5137,0.0,0.0,0.0,True
2021-09-14,14.15999984741211,14.242500305175781,14.093700408935547,14.177499771118164,12.293783844408422,132939,0.0,0.0,0.0,True
2021-09-15,14.25,14.257499694824219,14.124730110168457,14.140000343322754,12.261266429798669,102370,0.0,0.0,0.0,True
2021-09-16,14.100000381469727,14.13008975982666,14.037500381469727,14.067500114440918,12.198397675889225,154260,0.0,0.0,0.0,True
2021-09-17,13.960000038146973,14.067119598388672,13.960000038146973,14.012499809265137,12.150706051905116,206415,0.0,0.0,0.0,True
2021-09-20,14.0600004196167,14.093799591064453,14.037500381469727,14.085000038146973,12.213571885263582,129394,0.0,0.0,0.0,True
2021-09-21,13.994999885559082,14.154999732971191,13.994999885559082,14.079999923706055,12.209237787609469,141078,0.0,0.0,0.0,True
2021-09-22,14.0625,14.082500457763672,14.023619651794434,14.069999694824219,12.200566671750268,140003,0.0,0.0,0.0,True
2021-09-23,14.020000457763672,14.114999771118164,13.9128999710083,13.920000076293945,12.070496039794262,348843,0.0,0.0,0.0,True
2021-09-24,13.875,13.957500457763672,13.817099571228027,13.857500076293945,12.016301322295002,562651,0.0,0.0,0.0,True
2021-09-27,13.875,13.890290260314941,13.765299797058105,13.817500114440918,11.9816158853412,646151,0.0,0.0,0.0,True
2021-09-28,13.699999809265137,13.827500343322754,13.574999809265137,13.739999771118164,11.914414980811632,383362,0.0,0.0,0.0,True
2021-09-29,13.762499809265137,13.832500457763672,13.720000267028809,13.725000381469727,11.901404899713352,211621,0.0,0.0,0.0,True
2021-09-30,13.675000190734863,13.757499694824219,13.587499618530273,13.649999618530273,11.83637104401084,666452,0.0,0.0,0.0,True
2021-10-01,13.625,13.782500267028809,13.625,13.670000076293945,11.85371230221225,261189,0.0,0.0,0.0,True
2021-10-04,13.739999771118164,13.78499984741211,13.607500076293945,13.680000305175781,11.862384391588446,184922,0.0,0.0,0.0,True
2021-10-05,13.649999618530273,13.732500076293945,13.529999732971191,13.550000190734863,11.74965793838483,696636,0.0,0.0,0.0,True
2021-10-06,13.482500076293945,13.585000038146973,13.435469627380371,13.574999809265137,11.77133524127434,430435,0.0,0.0,0.0,True
2021-10-07,13.479999542236328,13.647500038146973,13.479999542236328,13.574999809265137,11.77133524127434,252112,0.0,0.0,0.0,True
2021-10-08,13.529999732971191,13.589739799499512,13.447500228881836,13.447500228881836,11.660776810414774,638445,0.0,0.0,0.0,True
2021-10-11,13.359999656677246,13.454950332641602,13.339369773864746,13.420000076293945,11.636930511664223,240708,0.0,0.0,0.0,True
2021-10-12,13.524999618530273,13.529999732971191,13.34749984741211,13.515000343322754,11.719307572602133,389532,0.0,0.0,0.0,True
2021-10-13,13.614999771118164,13.77340030670166,13.521100044250488,13.65999984741211,11.84504215987004,307576,0.0,0.0,0.0,True
2021-10-14,13.630000114440918,13.753899574279785,13.606719970703125,13.75,11.92308512315384,271483,0.0,0.0,0.0,True
2021-10-15,13.720000267028809,13.824649810791016,13.6225004196167,13.637499809265137,11.825529958773602,182962,0.0,0.0,0.0,True
2021-10-18,13.585000038146973,13.643899917602539,13.47249984741211,13.611249923706055,11.802770104987559,161555,0.0,0.0,0.0,True
2021-10-19,13.619999885559082,13.681929588317871,13.558699607849121,13.614999771118164,11.806022625262129,306735,0.0,0.0,0.0,True
2021-10-20,13.532500267028809,13.671680450439453,13.5024995803833,13.574999809265137,11.77133524127434,134834,0.0,0.0,0.0,True
2021-10-21,13.5,13.652700424194336,13.479999542236328,13.505000114440918,11.710636456742932,220274,0.0,0.0,0.0,True
2021-10-22,13.420000076293945,13.613900184631348,13.420000076293945,13.59000015258789,11.78434240182164,124215,0.0,0.0,0.0,True
2021-10-25,13.59749984741211,13.695899963378906,13.529999732971191,13.619999885559082,11.81035672291624,128446,0.0,0.0,0.0,True
2021-10-26,13.545000076293945,13.70829963684082,13.545000076293945,13.6899995803833,11.871055507447647,294469,0.0,0.0,0.0,True
2021-10-27,13.699999809265137,13.984999656677246,13.64857006072998,13.96875,12.112771015227725,469259,0.0,0.0,0.0,True
2021-10-28,13.875,14.080389976501465,13.875,14.015000343322754,12.152874074249166,855440,0.0,0.0,0.0,True
2021-10-29,14.024999618530273,14.024999618530273,13.90250015258789,13.947500228881836,12.094343312061806,869564,0.0,0.0,0.0,True
2021-11-01,14.0600004196167,14.0600004196167,13.824999809265137,13.90999984741211,12.061822976901073,165406,0.0,0.0,0.0,True
2021-11-02,13.930000305175781,13.981399536132812,13.866510391235352,13.880000114440918,12.035812549874448,387989,0.0,0.0,0.0,True
2021-11-03,13.880000114440918,13.956709861755371,13.800000190734863,13.822500228881836,11.985950956512303,377184,0.0,0.0,0.0,True
2021-11-04,13.862500190734863,14.014100074768066,13.829330444335938,13.970000267028809,12.11385356612426,165517,0.0,0.0,0.0,True
2021-11-05,13.932499885559082,14.192500114440918,13.89050006866455,14.167499542236328,12.285110781515233,249707,0.0,0.0,0.0,True
2021-11-08,14.069999694824219,14.2295503616333,14.069999694824219,14.170000076293945,12.287278803859282,166485,0.0,0.0,0.0,True
2021-11-09,14.154999732971191,14.285499572753906,14.105899810791016,14.267499923706055,12.371825834175228,184625,0.0,0.0,0.0,True
2021-11-10,14.274999618530273,14.291720390319824,14.050000190734863,14.0625,12.194063578235115,281778,0.0,0.0,0.0,True
2021-11-11,13.957500457763672,14.055000305175781,13.949199676513672,13.994999885559082,12.182832112683569,205866,0.0546,0.0,0.0,True
2021-11-12,14.0,14.076919555664062,13.968500137329102,13.979999542236328,12.169774329252618,152173,0.0,0.0,0.0,True
2021-11-15,14.0600004196167,14.094710350036621,13.920000076293945,13.947500228881836,12.14148295191072,300413,0.0,0.0,0.0,True
2021-11-16,13.899999618530273,13.970379829406738,13.848600387573242,13.90250015258789,12.102311548651857,1350985,0.0,0.0,0.0,True
2021-11-17,13.864999771118164,13.914999961853027,13.812760353088379,13.899999618530273,12.100133791137875,189952,0.0,0.0,0.0,True
2021-11-18,14.037500381469727,14.037500381469727,13.896100044250488,13.982500076293945,12.171951113249607,495351,0.0,0.0,0.0,True
2021-11-19,13.967499732971191,14.102899551391602,13.885180473327637,14.069999694824219,12.248121029838323,269391,0.0,0.0,0.0,True
2021-11-22,14.017499923706055,14.112899780273438,13.954999923706055,13.984999656677246,12.174126923729602,136452,0.0,0.0,0.0,True
2021-11-23,14.012499809265137,14.015999794006348,13.90999984741211,13.970000267028809,12.161070113815644,185071,0.0,0.0,0.0,True
2021-11-24,13.954999923706055,14.047579765319824,13.882109642028809,13.930000305175781,12.126250331516768,335343,0.0,0.0,0.0,True
2021-11-25,13.960000038146973,14.025979995727539,13.903650283813477,14.012499809265137,12.198066680111507,183699,0.0,0.0,0.0,True
2021-11-26,14.15999984741211,14.25,14.068849563598633,14.25,12.404813457492738,273899,0.0,0.0,0.0,True
2021-11-29,14.135000228881836,14.258299827575684,14.109999656677246,14.207500457763672,12.367817864713867,307701,0.0,0.0,0.0,True
2021-11-30,14.242500305175781,14.385000228881836,14.227499961853027,14.335000038146973,12.478807563601459,209391,0.0,0.0,0.0,True
2021-12-01,14.239999771118164,14.370869636535645,14.197500228881836,14.244999885559082,12.400461836532747,182459,0.0,0.0,0.0,True
2021-12-02,14.282500267028809,14.327500343322754,14.251529693603516,14.28499984741211,12.435281618831622,182395,0.0,0.0,0.0,True
2021-12-03,14.25,14.337400436401367,14.226739883422852,14.338749885559082,12.482071766079947,161877,0.0,0.0,0.0,True
2021-12-06,14.390000343322754,14.433600425720215,14.312299728393555,14.385000228881836,12.522332534854302,202125,0.0,0.0,0.0,True
2021-12-07,14.3100004196167,14.477499961853027,14.28689956665039,14.444999694824219,12.574563668578104,274413,0.0,0.0,0.0,True
2021-12-08,14.432499885559082,14.529500007629395,14.395400047302246,14.4350004196167,12.56585945314113,155924,0.0,0.0,0.0,True
2021-12-09,14.420000076293945,14.545000076293945,14.364999771118164,14.364999771118164,12.504923130463359,148376,0.0,0.0,0.0,True
2021-12-10,14.359999656677246,14.430000305175781,14.274999618530273,14.390000343322754,12.52668707636527,242485,0.0,0.0,0.0,True
2021-12-13,14.460000038146973,14.460000038146973,14.312600135803223,14.40625,12.54083130476073,62702,0.0,0.0,0.0,True
2021-12-14,14.319999694824219,14.449799537658691,14.314599990844727,14.336250305175781,12.479896929116945,421194,0.0,0.0,0.0,True
2021-12-15,14.3100004196167,14.335000038146973,14.244999885559082,14.289999961853027,12.439634213308606,200396,0.0,0.0,0.0,True
2021-12-16,14.257499694824219,14.357799530029297,14.108499526977539,14.2475004196167,12.402637647012742,1733652,0.0,0.0,0.0,True
2021-12-17,14.1899995803833,14.314399719238281,14.1899995803833,14.207500457763672,12.367817864713867,159251,0.0,0.0,0.0,True
2021-12-20,14.289999961853027,14.343830108642578,14.1850004196167,14.1850004196167,12.348229729291951,155213,0.0,0.0,0.0,True
2021-12-21,14.079999923706055,14.255000114440918,14.015700340270996,14.022500038146973,12.206771869065475,504638,0.0,0.0,0.0,True
2021-12-22,14.024999618530273,14.119999885559082,13.935199737548828,14.008749961853027,12.194802477633019,191321,0.0,0.0,0.0,True
2021-12-23,13.914999961853027,14.04304027557373,13.90742015838623,13.956250190734863,12.149101695900182,121949,0.0,0.0,0.0,True
2021-12-24,13.932499885559082,14.021039962768555,13.875,13.97249984741211,12.163247871329625,100810,0.0,0.0,0.0,True
2021-12-29,13.9350004196167,14.024999618530273,13.807100296020508,13.875,12.078370818752957,100468,0.0,0.0,0.0,True
2021-12-30,13.850000381469727,13.944999694824219,13.780719757080078,13.944999694824219,12.139306167913734,84683,0.0,0.0,0.0,True
2021-12-31,13.892499923706055,13.975000381469727,13.824999809265137,13.914999961853027,12.113193521602811,208999,0.0,0.0,0.0,True
2022-01-04,13.914999961853027,13.920000076293945,13.742500305175781,13.757499694824219,11.97608533530234,234592,0.0,0.0,0.0,True
2022-01-05,13.757499694824219,13.8125,13.727700233459473,13.774999618530273,11.991319902730279,297530,0.0,0.0,0.0,True
2022-01-06,13.862500190734863,13.862500190734863,13.632499694824219,13.654999732971191,11.886858608799665,280881,0.0,0.0,0.0,True
2022-01-07,13.667499542236328,13.677200317382812,13.612199783325195,13.625,11.860744015454758,279447,0.0,0.0,0.0,True
2022-01-10,13.552499771118164,13.630200386047363,13.552499771118164,13.600000381469727,11.838980069552846,251115,0.0,0.0,0.0,True
2022-01-11,13.550000190734863,13.670000076293945,13.550000190734863,13.670000076293945,11.899915418713624,222354,0.0,0.0,0.0,True
2022-01-12,13.654999732971191,13.715180397033691,13.634099960327148,13.6899995803833,11.917325796621558,79813,0.0,0.0,0.0,True
2022-01-13,13.682499885559082,13.766799926757812,13.64490032196045,13.734999656677246,11.956498173397417,112098,0.0,0.0,0.0,True
2022-01-14,13.699999809265137,13.766469955444336,13.677499771118164,13.6899995803833,11.917325796621558,183247,0.0,0.0,0.0,True
2022-01-17,13.6875,13.692500114440918,13.607439994812012,13.612500190734863,11.849863016020795,107773,0.0,0.0,0.0,True
2022-01-18,13.59749984741211,13.614999771118164,13.5600004196167,13.5649995803833,11.808511908213962,230725,0.0,0.0,0.0,True
2022-01-19,13.654999732971191,13.654999732971191,13.394100189208984,13.492500305175781,11.745398801539203,375776,0.0,0.0,0.0,True
2022-01-20,13.482500076293945,13.5447998046875,13.479330062866211,13.539999961853027,11.786749909346037,109569,0.0,0.0,0.0,True
2022-01-21,13.614999771118164,13.664999961853027,13.555009841918945,13.612500190734863,11.849863016020795,377598,0.0,0.0,0.0,True
2022-01-24,13.635000228881836,13.70479965209961,13.597200393676758,13.6899995803833,11.917325796621558,322785,0.0,0.0,0.0,True
2022-01-25,13.609999656677246,13.727100372314453,13.606900215148926,13.654999732971191,11.886858608799665,117528,0.0,0.0,0.0,True
2022-01-26,13.585000038146973,13.639699935913086,13.550000190734863,13.574999809265137,11.817217097167928,176145,0.0,0.0,0.0,True
2022-01-27,13.53499984741211,13.550000190734863,13.460000038146973,13.520000457763672,11.769339531438103,139883,0.0,0.0,0.0,True
2022-01-28,13.494999885559082,13.520000457763672,13.449999809265137,13.515000343322754,11.764986936961119,77302,0.0,0.0,0.0,True
2022-01-31,13.452500343322754,13.523300170898438,13.354999542236328,13.387499809265137,11.653996264556534,741991,0.0,0.0,0.0,True
2022-02-01,13.444999694824219,13.467499732971191,13.340299606323242,13.414999961853027,11.677936020938441,337099,0.0,0.0,0.0,True
2022-02-02,13.470000267028809,13.516599655151367,13.385000228881836,13.522500038146973,11.771517288952085,120235,0.0,0.0,0.0,True
2022-02-03,13.5,13.53499984741211,13.30679988861084,13.345000267028809,11.616998724743677,151434,0.0,0.0,0.0,True
2022-02-04,13.369999885559082,13.412110328674316,13.25564956665039,13.289999961853027,11.569119211979865,163959,0.0,0.0,0.0,True
2022-02-07,13.305000305175781,13.364999771118164,13.251449584960938,13.272500038146973,11.5538885386199,234835,0.0,0.0,0.0,True
2022-02-08,13.180000305175781,13.263250350952148,13.117500305175781,13.147500038146973,11.445074650212304,267108,0.0,0.0,0.0,True
2022-02-09,13.204999923706055,13.244999885559082,13.173139572143555,13.239999771118164,11.525595214244015,220644,0.0,0.0,0.0,True
2022-02-10,13.265000343322754,13.265000343322754,13.095000267028809,13.095000267028809,11.399371921445479,249824,0.0,0.0,0.0,True
2022-02-11,13.109999656677246,13.170000076293945,13.069999694824219,13.069999694824219,11.37760894906056,1821473,0.0,0.0,0.0,True
2022-02-14,12.992500305175781,13.209609985351562,12.992500305175781,13.032500267028809,11.344964003724687,153937,0.0,0.0,0.0,True
2022-02-15,13.067500114440918,13.104610443115234,12.965629577636719,13.079999923706055,11.386313164497535,285933,0.0,0.0,0.0,True
2022-02-16,13.045000076293945,13.137499809265137,13.03499984741211,13.137499809265137,11.436367514224349,140435,0.0,0.0,0.0,True
2022-02-17,13.132499694824219,13.229999542236328,13.117400169372559,13.192500114440918,11.48424605347117,283291,0.0,0.0,0.0,True
2022-02-18,13.202500343322754,13.329999923706055,13.179619789123535,13.3100004196167,11.586531536921786,94445,0.0,0.0,0.0,True
2022-02-21,13.239999771118164,13.34000015258789,13.239999771118164,13.303750038146973,11.581092497480295,60344,0.0,0.0,0.0,True
2022-02-22,13.319999694824219,13.374059677124023,13.175189971923828,13.202500343322754,11.492951242425136,147060,0.0,0.0,0.0,True
2022-02-23,13.199999809265137,13.277389526367188,13.165229797363281,13.188750267028809,11.480982824509672,217620,0.0,0.0,0.0,True
2022-02-24,13.270000457763672,13.351679801940918,13.154999732971191,13.177499771118164,11.471190217074204,242849,0.0,0.0,0.0,True
2022-02-25,13.22249984741211,13.234009742736816,13.117500305175781,13.130000114440918,11.429839109267371,161473,0.0,0.0,0.0,True
2022-02-28,13.172499656677246,13.235369682312012,13.1225004196167,13.202500343322754,11.492951242425136,181616,0.0,0.0,0.0,True
2022-03-01,13.244999885559082,13.649999618530273,13.242500305175781,13.649999618530273,11.882506987839676,200721,0.0,0.0,0.0,True
2022-03-02,13.585000038146973,13.617300033569336,13.392230033874512,13.414999961853027,11.677936020938441,199177,0.0,0.0,0.0,True
2022-03-03,13.354999542236328,13.442500114440918,13.248570442199707,13.313750267028809,11.589795739400275,141696,0.0,0.0,0.0,True
2022-03-04,13.3100004196167,13.470000267028809,13.3100004196167,13.462499618530273,11.719284208194296,397913,0.0,0.0,0.0,True
2022-03-07,13.520000457763672,13.541879653930664,13.311860084533691,13.319999694824219,11.595234778841766,764948,0.0,0.0,0.0,True
2022-03-08,13.257499694824219,13.324399948120117,13.157500267028809,13.148750305175781,11.44616109517681,216487,0.0,0.0,0.0,True
2022-03-09,13.140000343322754,13.180500030517578,13.0,13.074999809265137,11.381960570020551,114620,0.0,0.0,0.0,True
2022-03-10,13.072500228881836,13.124380111694336,12.986559867858887,13.03499984741211,11.347139814204683,137813,0.0,0.0,0.0,True
2022-03-11,12.9399995803833,13.098440170288086,12.9399995803833,13.055000305175781,11.364549218595624,92340,0.0,0.0,0.0,True
2022-03-14,13.007499694824219,13.010000228881836,12.907500267028809,12.911250114440918,11.23941431779558,238459,0.0,0.0,0.0,True
2022-03-15,12.944999694824219,12.998129844665527,12.921899795532227,12.975000381469727,11.294909653997873,181645,0.0,0.0,0.0,True
2022-03-16,12.9399995803833,12.9399995803833,12.821439743041992,12.885000228881836,11.216564900446155,147382,0.0,0.0,0.0,True
2022-03-17,12.930000305175781,13.017499923706055,12.86320972442627,12.9399995803833,11.264440519141996,502083,0.0,0.0,0.0,True
2022-03-18,12.84000015258789,13.039999961853027,12.84000015258789,13.015000343322754,11.329730409813742,134223,0.0,0.0,0.0,True
2022-03-21,13.022500038146973,13.022500038146973,12.845000267028809,12.845000267028809,11.1817421975963,168769,0.0,0.0,0.0,True
2022-03-22,12.854999542236328,12.854999542236328,12.741000175476074,12.770000457763672,11.11645425395854,198356,0.0,0.0,0.0,True
2022-03-23,12.772500038146973,12.869999885559082,12.75625991821289,12.845000267028809,11.1817421975963,323245,0.0,0.0,0.0,True
2022-03-24,12.800000190734863,12.875940322875977,12.738759994506836,12.850000381469727,11.186095765590277,301482,0.0,0.0,0.0,True
2022-03-25,12.927499771118164,12.930000305175781,12.762499809265137,12.795000076293945,11.138218199860452,348202,0.0,0.0,0.0,True
2022-03-28,12.75,12.960920333862305,12.72189998626709,12.925000190734863,11.251382735711044,313163,0.0,0.0,0.0,True
2022-03-29,12.864999771118164,12.943129539489746,12.795000076293945,12.875,11.207858737975195,413089,0.0,0.0,0.0,True
2022-03-30,12.897500038146973,12.950630187988281,12.781599998474121,12.869999885559082,11.203507117015205,298533,0.0,0.0,0.0,True
2022-03-31,12.920000076293945,12.947500228881836,12.848210334777832,12.914999961853027,11.24267852027407,348544,0.0,0.0,0.0,True
2022-04-01,12.927499771118164,12.96500015258789,12.84000015258789,12.954999923706055,11.277498302572946,303708,0.0,0.0,0.0,True
2022-04-04,12.97249984741211,13.107500076293945,12.917499542236328,13.047499656677246,11.358021787155637,294632,0.0,0.0,0.0,True
2022-04-05,13.029999732971191,13.032500267028809,12.878800392150879,12.949999809265137,11.273147655129948,113554,0.0,0.0,0.0,True
2022-04-06,12.890000343322754,12.962499618530273,12.780619621276855,12.84000015258789,11.177389603119316,137183,0.0,0.0,0.0,True
2022-04-07,12.859999656677246,12.916879653930664,12.767499923706055,12.800000190734863,11.142569820820441,91014,0.0,0.0,0.0,True
2022-04-08,12.925000190734863,12.925000190734863,12.699999809265137,12.765000343322754,11.11210263299855,242365,0.0,0.0,0.0,True
2022-04-11,12.704999923706055,12.710630416870117,12.630000114440918,12.640000343322754,11.003286797556967,154763,0.0,0.0,0.0,True
2022-04-12,12.595000267028809,12.720230102539062,12.5487699508667,12.6850004196167,11.04246014784982,118961,0.0,0.0,0.0,True
2022-04-13,12.600000381469727,12.68124008178711,12.561269760131836,12.670000076293945,11.029404311452856,120972,0.0,0.0,0.0,True
2022-04-14,12.6875,12.72916030883789,12.52750015258789,12.5600004196167,10.933646259442224,92719,0.0,0.0,0.0,True
2022-04-19,12.4975004196167,12.615900039672852,12.390000343322754,12.4399995803833,10.829183991994617,451632,0.0,0.0,0.0,True
2022-04-20,12.449999809265137,12.565600395202637,12.444999694824219,12.524999618530273,10.903177124586344,300209,0.0,0.0,0.0,True
2022-04-21,12.510000228881836,12.55150032043457,12.432499885559082,12.460000038146973,10.846593396385558,320684,0.0,0.0,0.0,True
2022-04-22,12.477499961853027,12.567999839782715,12.432499885559082,12.545000076293945,10.920587502494278,382585,0.0,0.0,0.0,True
2022-04-25,12.600000381469727,12.677499771118164,12.554089546203613,12.670000076293945,11.029404311452856,75817,0.0,0.0,0.0,True
2022-04-26,12.667499542236328,12.760000228881836,12.6274995803833,12.75,11.099043876050606,114496,0.0,0.0,0.0,True
2022-04-27,12.667499542236328,12.745909690856934,12.663299560546875,12.692500114440918,11.048990499840784,186745,0.0,0.0,0.0,True
2022-04-28,12.630000114440918,12.767180442810059,12.579429626464844,12.604999542236328,10.97282058325207,101094,0.0,0.0,0.0,True
2022-04-29,12.604999542236328,12.677499771118164,12.539999961853027,12.5600004196167,10.933646259442224,547159,0.0,0.0,0.0,True
2022-05-03,12.442500114440918,12.54800033569336,12.399829864501953,12.510000228881836,10.890120314672387,533229,0.0,0.0,0.0,True
2022-05-04,12.592499732971191,12.592499732971191,12.433300018310547,12.494999885559082,10.87706350475843,194944,0.0,0.0,0.0,True
2022-05-05,12.5,12.724089622497559,12.452750205993652,12.475000381469727,10.859653126850496,227589,0.0,0.0,0.0,True
2022-05-06,12.475000381469727,12.527999877929688,12.401000022888184,12.425000190734863,10.816126208563666,192608,0.0,0.0,0.0,True
2022-05-09,12.362500190734863,12.480489730834961,12.31167984008789,12.460000038146973,10.846593396385558,283777,0.0,0.0,0.0,True
2022-05-10,12.430000305175781,12.647500038146973,12.430000305175781,12.609999656677246,10.977172204212058,185154,0.0,0.0,0.0,True
2022-05-11,12.640000343322754,12.649100303649902,12.454999923706055,12.539999961853027,10.91623588153429,538039,0.0,0.0,0.0,True
2022-05-12,12.619999885559082,12.727499961853027,12.614259719848633,12.6899995803833,11.099389474583223,284825,0.0594,0.0,0.0,True
2022-05-13,12.702500343322754,12.717499732971191,12.614999771118164,12.642499923706055,11.057844636894725,291767,0.0,0.0,0.0,True
2022-05-16,12.647500038146973,12.66409969329834,12.568929672241211,12.662500381469727,11.075335816713102,172121,0.0,0.0,0.0,True
2022-05-17,12.640000343322754,12.877510070800781,12.475000381469727,12.475000381469727,10.911339091058059,716368,0.0,0.0,0.0,True
2022-05-18,12.475000381469727,12.554300308227539,12.430000305175781,12.494999885559082,10.928832217910422,324849,0.0,0.0,0.0,True
2022-05-19,12.5,12.616499900817871,12.487879753112793,12.506250381469727,10.938671554161568,260588,0.0,0.0,0.0,True
2022-05-20,12.425000190734863,12.487500190734863,12.401049613952637,12.452500343322754,10.891657498004786,1716297,0.0,0.0,0.0,True
2022-05-23,12.412500381469727,12.457500457763672,12.350000381469727,12.364999771118164,10.815125433094568,176448,0.0,0.0,0.0,True
2022-05-24,12.3774995803833,12.500659942626953,12.352499961853027,12.479999542236328,10.9157121293919,1151989,0.0,0.0,0.0,True
2022-05-25,12.46500015258789,12.483160018920898,12.3774995803833,12.414999961853027,10.858858736983974,283793,0.0,0.0,0.0,True
2022-05-26,12.4399995803833,12.485289573669434,12.324000358581543,12.335000038146973,10.78888622957452,1058583,0.0,0.0,0.0,True
2022-05-27,12.335000038146973,12.444999694824219,12.327569961547852,12.404999732971191,10.850112660316288,79544,0.0,0.0,0.0,True
2022-05-30,13.0,13.0,12.279999732971191,12.298749923706055,10.757180728137168,107960,0.0,0.0,0.0,True
2022-05-31,12.295000076293945,12.332500457763672,12.087499618530273,12.145000457763672,10.622701037718569,620092,0.0,0.0,0.0,True
2022-06-01,12.09000015258789,12.168519973754883,12.077500343322754,12.114999771118164,10.596462807715513,355908,0.0,0.0,0.0,True
2022-06-06,12.039999961853027,12.09000015258789,11.984399795532227,11.987500190734863,10.484943515583574,279833,0.0,0.0,0.0,True
2022-06-07,12.0,12.07699966430664,11.947500228881836,12.072500228881836,10.55928906132687,190335,0.0,0.0,0.0,True
2022-06-08,12.039999961853027,12.080280303955078,11.986000061035156,12.023750305175781,10.516650964054913,338165,0.0,0.0,0.0,True
2022-06-09,12.017499923706055,12.022000312805176,11.911680221557617,11.970000267028809,10.469635934381138,90628,0.0,0.0,0.0,True
2022-06-10,11.982500076293945,12.010000228881836,11.84000015258789,11.84000015258789,10.355932070116264,386893,0.0,0.0,0.0,True
2022-06-13,11.807499885559082,11.890000343322754,11.726149559020996,11.78499984741211,10.30782378085903,489523,0.0,0.0,0.0,True
2022-06-14,11.8100004196167,11.865500450134277,11.680000305175781,11.680000305175781,10.215987055297356,129548,0.0,0.0,0.0,True
2022-06-15,11.760000228881836,11.871789932250977,11.672730445861816,11.800000190734863,10.320943869377551,290329,0.0,0.0,0.0,True
2022-06-16,11.800000190734863,11.827500343322754,11.489480018615723,11.7524995803833,10.279399031689053,43258,0.0,0.0,0.0,True
2022-06-17,11.795000076293945,11.841739654541016,11.680000305175781,11.739999771118164,10.268465462337453,187973,0.0,0.0,0.0,True
2022-06-20,11.697500228881836,11.78499984741211,11.585000038146973,11.585000038146973,10.13289445936938,86936,0.0,0.0,0.0,True
2022-06-21,11.595000267028809,11.641329765319824,11.482500076293945,11.529999732971191,10.084788117146132,303326,0.0,0.0,0.0,True
2022-06-22,11.489999771118164,11.748359680175781,11.444930076599121,11.704999923706055,10.237852246966568,277223,0.0,0.0,0.0,True
2022-06-23,11.600000381469727,11.937399864196777,11.592499732971191,11.890000343322754,10.399664400488676,980927,0.0,0.0,0.0,True
2022-06-24,11.962499618530273,11.96500015258789,11.837499618530273,11.927499771118164,10.432462187992497,598353,0.0,0.0,0.0,True
2022-06-27,11.864999771118164,11.917499542236328,11.786600112915039,11.80875015258789,10.328598633495762,202423,0.0,0.0,0.0,True
2022-06-28,11.739999771118164,11.822500228881836,11.682499885559082,11.6899995803833,10.224732158448047,326917,0.0,0.0,0.0,True
2022-06-29,11.697500228881836,11.80659008026123,11.675000190734863,11.801250457763672,10.322038102478004,163147,0.0,0.0,0.0,True
2022-06-30,11.864999771118164,11.904999732971191,11.778280258178711,11.890000343322754,10.399664400488676,185876,0.0,0.0,0.0,True
2022-07-01,11.875,12.168689727783203,11.875,12.100000381469727,10.583340772163005,311425,0.0,0.0,0.0,True
2022-07-04,12.182499885559082,13.600000381469727,11.930000305175781,11.928750038146973,10.433557394609943,176583,0.0,0.0,0.0,True
2022-07-05,11.930000305175781,12.104900360107422,11.920000076293945,12.0600004196167,10.548356465492265,262163,0.0,0.0,0.0,True
2022-07-06,12.007499694824219,12.149200439453125,11.980409622192383,12.0,10.495875137901187,272595,0.0,0.0,0.0,True
2022-07-07,11.96500015258789,12.014399528503418,11.906499862670898,11.987500190734863,10.484943515583574,397927,0.0,0.0,0.0,True
2022-07-08,12.0600004196167,12.0600004196167,11.84883975982666,11.863750457763672,10.37670497571901,164785,0.0,0.0,0.0,True
2022-07-11,11.899999618530273,11.968999862670898,11.876020431518555,11.904999732971191,10.412784489007198,676993,0.0,0.0,0.0,True
2022-07-12,11.944999694824219,12.072540283203125,11.942399978637695,11.960000038146973,10.460890831230447,873170,0.0,0.0,0.0,True
2022-07-13,11.899999618530273,12.04419994354248,11.852499961853027,12.015000343322754,10.508997173453695,768007,0.0,0.0,0.0,True
2022-07-14,11.954999923706055,11.994999885559082,11.907959938049316,11.979999542236328,10.478382984565817,488163,0.0,0.0,0.0,True
2022-07-15,12.047499656677246,12.051529884338379,11.893250465393066,11.954999923706055,10.456515845862617,1206948,0.0,0.0,0.0,True
2022-07-18,11.892499923706055,11.943280220031738,11.827500343322754,11.867500305175781,10.379983780952399,93369,0.0,0.0,0.0,True
2022-07-19,11.954999923706055,11.954999923706055,11.78499984741211,11.8149995803833,10.334064931413065,289385,0.0,0.0,0.0,True
2022-07-20,11.845000267028809,11.9350004196167,11.817500114440918,11.854999542236328,10.369050211600799,413430,0.0,0.0,0.0,True
2022-07-21,11.8100004196167,12.02750015258789,11.77750015258789,12.0,10.495875137901187,284312,0.0,0.0,0.0,True
2022-07-22,12.057499885559082,12.151459693908691,12.034199714660645,12.130000114440918,10.609580949200048,394142,0.0,0.0,0.0,True
2022-07-25,12.117500305175781,12.133950233459473,12.057499885559082,12.0649995803833,10.552729503826107,250908,0.0,0.0,0.0,True
2022-07-26,12.09000015258789,12.14739990234375,12.072500228881836,12.109999656677246,10.592089769381671,277846,0.0,0.0,0.0,True
2022-07-27,12.024999618530273,12.09220027923584,12.008779525756836,12.047499656677246,10.537421922623672,536001,0.0,0.0,0.0,True
2022-07-28,12.0,12.210000038146973,11.979840278625488,12.210000038146973,10.679555403643489,1101035,0.0,0.0,0.0,True
2022-07-29,12.140000343322754,12.229999542236328,12.067500114440918,12.229999542236328,10.697046583461866,327635,0.0,0.0,0.0,True
2022-08-01,12.194999694824219,12.380000114440918,12.15198040008545,12.369999885559082,10.819497497911417,479915,0.0,0.0,0.0,True
2022-08-02,12.40250015258789,12.544839859008789,12.359000205993652,12.364999771118164,10.815125433094568,211122,0.0,0.0,0.0,True
2022-08-03,12.327500343322754,12.327500343322754,12.194499969482422,12.265000343322754,10.727661745866737,400158,0.0,0.0,0.0,True
2022-08-04,12.34000015258789,12.464249610900879,12.228599548339844,12.300000190734863,10.758273987720628,247528,0.0,0.0,0.0,True
2022-08-05,12.297499656677246,12.322199821472168,12.104999542236328,12.103750228881836,10.586622497947374,110394,0.0,0.0,0.0,True
2022-08-08,12.135000228881836,12.251199722290039,12.135000228881836,12.225000381469727,10.692673545128024,231109,0.0,0.0,0.0,True
2022-08-09,12.220000267028809,12.25687026977539,12.1850004196167,12.220000267028809,10.688301480311173,185375,0.0,0.0,0.0,True
2022-08-10,12.21500015258789,12.305000305175781,12.182499885559082,12.220000267028809,10.688301480311173,186152,0.0,0.0,0.0,True
2022-08-11,12.255000114440918,12.255000114440918,12.048450469970703,12.079999923706055,10.565849592344629,115681,0.0,0.0,0.0,True
2022-08-12,12.039999961853027,12.077500343322754,11.982500076293945,12.005000114440918,10.50024817623503,336592,0.0,0.0,0.0,True
2022-08-15,12.042499542236328,12.132200241088867,11.983050346374512,12.125,10.605209857900192,110419,0.0,0.0,0.0,True
2022-08-16,12.100000381469727,12.110799789428711,11.978569984436035,12.005000114440918,10.50024817623503,230624,0.0,0.0,0.0,True
2022-08-17,11.982500076293945,12.022500038146973,11.787500381469727,11.859999656677246,10.373424223451634,327150,0.0,0.0,0.0,True
2022-08-18,11.827500343322754,11.8725004196167,11.746540069580078,11.845000267028809,10.360305108450108,195544,0.0,0.0,0.0,True
2022-08-19,11.7524995803833,11.805000305175781,11.65999984741211,11.710000038146973,10.242226258817404,289132,0.0,0.0,0.0,True
2022-08-22,11.765000343322754,11.783379554748535,11.57859992980957,11.592499732971191,10.139454990387136,361726,0.0,0.0,0.0,True
2022-08-23,11.670000076293945,11.670000076293945,11.479999542236328,11.53499984741211,10.089160181962981,178833,0.0,0.0,0.0,True
2022-08-24,11.447500228881836,11.514289855957031,11.39428997039795,11.444999694824219,10.01044159788584,153462,0.0,0.0,0.0,True
2022-08-25,11.457500457763672,11.5024995803833,11.447500228881836,11.5,10.05854794010909,147842,0.0,0.0,0.0,True
2022-08-26,11.5024995803833,11.550000190734863,11.45359992980957,11.515000343322754,10.071667055110618,291413,0.0,0.0,0.0,True
2022-08-30,11.5,13.0,11.317399978637695,11.40999984741211,9.97982935603195,234616,0.0,0.0,0.0,True
2022-08-31,11.380000114440918,11.446940422058105,11.191100120544434,11.279999732971191,9.866124518250082,378635,0.0,0.0,0.0,True
2022-09-01,11.210000038146973,11.255000114440918,11.125,11.147500038146973,9.7502321877843,362602,0.0,0.0,0.0,True
2022-09-02,11.149999618530273,11.232500076293945,11.092499732971191,11.092499732971191,9.70212487204406,239858,0.0,0.0,0.0,True
2022-09-05,11.055000305175781,11.180000305175781,11.029899597167969,11.149999618530273,9.752418706951223,278437,0.0,0.0,0.0,True
2022-09-06,11.175000190734863,11.175000190734863,10.904999732971191,11.010000228881836,9.629965845467684,340636,0.0,0.0,0.0,True
2022-09-07,10.954999923706055,11.053000450134277,10.927499771118164,11.029999732971191,9.64745994583704,189786,0.0,0.0,0.0,True
2022-09-08,11.069999694824219,11.113229751586914,10.885000228881836,10.885000228881836,9.520634046019659,221053,0.0,0.0,0.0,True
2022-09-09,10.914999961853027,10.983050346374512,10.866769790649414,10.922499656677246,9.553433780557466,242890,0.0,0.0,0.0,True
2022-09-12,10.913649559020996,10.992500305175781,10.913649559020996,10.977499961853027,9.60153914926372,110165,0.0,0.0,0.0,True
2022-09-13,10.897500038146973,11.050000190734863,10.891160011291504,10.920000076293945,9.551247261390545,223707,0.0,0.0,0.0,True
2022-09-14,10.880000114440918,10.984999656677246,10.852499961853027,10.975000381469727,9.599353603613793,276869,0.0,0.0,0.0,True
2022-09-15,10.979999542236328,11.029999732971191,10.90250015258789,10.921250343322754,9.552340520974004,234077,0.0,0.0,0.0,True
2022-09-16,10.930000305175781,10.96714973449707,10.881409645080566,10.920000076293945,9.551247261390545,192310,0.0,0.0,0.0,True
2022-09-20,10.895000457763672,10.917499542236328,10.763799667358398,10.779999732971191,9.428796346940992,172092,0.0,0.0,0.0,True
2022-09-21,10.829999923706055,10.855170249938965,10.727499961853027,10.78499984741211,9.433170358791827,77951,0.0,0.0,0.0,True
2022-09-22,10.800000190734863,10.890000343322754,10.557499885559082,10.569999694824219,9.245118028232676,361232,0.0,0.0,0.0,True
2022-09-23,10.630000114440918,10.642359733581543,10.265000343322754,10.289999961853027,9.000213278782592,435845,0.0,0.0,0.0,True
2022-09-26,10.180000305175781,10.180000305175781,9.8725004196167,9.979999542236328,8.729071272846447,1122787,0.0,0.0,0.0,True
2022-09-27,9.977499961853027,10.039999961853027,9.5625,9.5625,8.363901154596737,483730,0.0,0.0,0.0,True
2022-09-28,9.604999542236328,10.329999923706055,9.470000267028809,10.25,8.965228972111852,1133368,0.0,0.0,0.0,True
2022-09-29,10.359999656677246,10.359999656677246,10.114999771118164,10.239999771118164,8.95648094841018,807586,0.0,0.0,0.0,True
2022-09-30,10.359999656677246,10.40999984741211,10.199999809265137,10.40999984741211,9.105172039896775,358517,0.0,0.0,0.0,True
2022-10-03,10.350000381469727,10.550000190734863,10.282500267028809,10.387499809265137,9.085493367394482,1418358,0.0,0.0,0.0,True
2022-10-04,10.505000114440918,10.505000114440918,10.287500381469727,10.305000305175781,9.013334340818107,614523,0.0,0.0,0.0,True
2022-10-05,10.27750015258789,10.6274995803833,10.03499984741211,10.175000190734863,8.899629503036241,1338791,0.0,0.0,0.0,True
2022-10-06,10.104999542236328,10.566749572753906,9.965510368347168,10.03499984741211,8.777176641552701,318640,0.0,0.0,0.0,True
2022-10-07,10.055000305175781,10.055000305175781,9.912500381469727,9.954999923706055,8.707204134143247,608749,0.0,0.0,0.0,True
2022-10-10,9.954999923706055,9.993209838867188,9.683030128479004,9.710000038146973,8.492912600064047,157609,0.0,0.0,0.0,True
2022-10-11,9.699999809265137,9.817500114440918,9.649999618530273,9.737500190734863,8.516967231451162,389795,0.0,0.0,0.0,True
2022-10-12,9.640000343322754,9.729999542236328,9.517499923706055,9.727499961853027,8.508220181266482,405043,0.0,0.0,0.0,True
2022-10-13,9.704999923706055,10.114999771118164,9.704999923706055,9.90250015258789,8.661285284603913,313572,0.0,0.0,0.0,True
2022-10-14,10.020000457763672,10.217499732971191,9.767499923706055,9.772500038146973,8.547579473305053,487859,0.0,0.0,0.0,True
2022-10-17,10.0,10.6274995803833,9.960000038146973,10.135000228881836,8.864641302297526,909926,0.0,0.0,0.0,True
2022-10-18,10.104999542236328,10.211700439453125,10.000100135803223,10.1875,8.910561125353853,443460,0.0,0.0,0.0,True
2022-10-19,10.077500343322754,10.399999618530273,10.074999809265137,10.380000114440918,9.078931862859733,565139,0.0,0.0,0.0,True
2022-10-20,10.350000381469727,10.479999542236328,10.276579856872559,10.380000114440918,9.078931862859733,440323,0.0,0.0,0.0,True
2022-10-21,10.3100004196167,10.545660018920898,10.185859680175781,10.194999694824219,8.917120682854618,317946,0.0,0.0,0.0,True
2022-10-24,10.449999809265137,10.618149757385254,10.337499618530273,10.5,9.1838925710079,285923,0.0,0.0,0.0,True
2022-10-25,10.6274995803833,10.762499809265137,10.527099609375,10.595000267028809,9.266984193418883,953877,0.0,0.0,0.0,True
2022-10-26,10.595000267028809,10.712499618530273,10.507499694824219,10.640000343322754,9.306344458974447,602736,0.0,0.0,0.0,True
2022-10-27,10.630000114440918,10.795000076293945,10.582500457763672,10.795000076293945,9.44191546194252,217358,0.0,0.0,0.0,True
2022-10-28,10.9399995803833,11.0,10.7295503616333,10.765000343322754,9.41567625842247,164020,0.0,0.0,0.0,True
2022-10-31,10.800000190734863,10.800000190734863,10.645000457763672,10.694999694824219,9.354448854163708,383335,0.0,0.0,0.0,True
2022-11-01,10.739999771118164,10.829999923706055,10.635000228881836,10.755000114440918,9.406929208237793,326486,0.0,0.0,0.0,True
2022-11-02,10.797499656677246,10.8149995803833,10.725000381469727,10.789999961853027,9.43754339712567,200649,0.0,0.0,0.0,True
2022-11-03,10.739999771118164,10.779470443725586,10.607950210571289,10.675000190734863,9.336955727311345,475082,0.0,0.0,0.0,True
2022-11-04,10.739999771118164,10.739999771118164,10.57151985168457,10.630000114440918,9.297597408789768,139784,0.0,0.0,0.0,True
2022-11-07,10.630000114440918,10.669949531555176,10.537500381469727,10.5600004196167,9.236370978047999,262788,0.0,0.0,0.0,True
2022-11-08,10.4350004196167,10.663479804992676,10.4350004196167,10.647500038146973,9.312905963509197,311793,0.0,0.0,0.0,True
2022-11-09,10.657500267028809,10.818099975585938,10.628520011901855,10.78499984741211,9.433170358791827,333091,0.0,0.0,0.0,True
2022-11-10,10.822500228881836,11.01449966430664,10.737500190734863,10.979999542236328,9.603725668430641,243353,0.0,0.0,0.0,True
2022-11-11,10.979999542236328,10.979999542236328,10.837499618530273,10.875,9.511887969351974,647061,0.0,0.0,0.0,True
2022-11-14,10.9375,10.979999542236328,10.84749984741211,10.875,9.511887969351974,227139,0.0,0.0,0.0,True
2022-11-15,10.892499923706055,10.944999694824219,10.829999923706055,10.944999694824219,9.57311342657675,349393,0.0,0.0,0.0,True
2022-11-16,10.944999694824219,11.1225004196167,10.867500305175781,11.102499961853027,9.710871922228739,234956,0.0,0.0,0.0,True
2022-11-17,11.0649995803833,11.069999694824219,10.890000343322754,10.952500343322754,9.648590199066247,334008,0.0793,0.0,0.0,True
2022-11-18,10.917499542236328,11.0024995803833,10.852499961853027,10.930000305175781,9.628768419565942,204304,0.0,0.0,0.0,True
2022-11-21,10.930000305175781,11.045000076293945,10.864999771118164,11.0,9.690434879988675,363646,0.0,0.0,0.0,True
2022-11-22,10.949999809265137,11.032500267028809,10.949999809265137,10.994999885559082,9.686030689111048,311917,0.0,0.0,0.0,True
2022-11-23,11.0,11.167499542236328,10.995039939880371,11.137499809265137,9.811563758361345,225426,0.0,0.0,0.0,True
2022-11-24,11.164999961853027,11.239999771118164,11.0649995803833,11.0649995803833,9.747695202499797,85018,0.0,0.0,0.0,True
2022-11-25,10.994999885559082,11.0649995803833,10.967499732971191,10.994999885559082,9.686030689111048,447468,0.0,0.0,0.0,True
2022-11-28,11.0625,11.0625,10.9375,10.979999542236328,9.672814222410192,76269,0.0,0.0,0.0,True
2022-11-29,11.029999732971191,11.050000190734863,10.9350004196167,11.0,9.690434879988675,209967,0.0,0.0,0.0,True
2022-11-30,10.920000076293945,10.992500305175781,10.912500381469727,10.925000190734863,9.624363255171321,104617,0.0,0.0,0.0,True
2022-12-01,10.979999542236328,11.055000305175781,10.9375,10.979999542236328,9.672814222410192,506313,0.0,0.0,0.0,True
2022-12-02,10.984999656677246,11.042499542236328,10.87559986114502,10.895000457763672,9.597935189354574,145217,0.0,0.0,0.0,True
2022-12-05,10.892499923706055,10.97249984741211,10.892399787902832,10.949999809265137,9.646388103627432,259317,0.0,0.0,0.0,True
2022-12-06,10.954999923706055,11.02750015258789,10.9375,10.979999542236328,9.672814222410192,91743,0.0,0.0,0.0,True
2022-12-07,11.055000305175781,11.055000305175781,10.904999732971191,10.960000038146973,9.655197458899682,327363,0.0,0.0,0.0,True
2022-12-08,10.949999809265137,10.987500190734863,10.907500267028809,10.930000305175781,9.628768419565942,73766,0.0,0.0,0.0,True
2022-12-09,10.890000343322754,10.932499885559082,10.824999809265137,10.845000267028809,9.553887439476338,183383,0.0,0.0,0.0,True
2022-12-12,10.8725004196167,10.925000190734863,10.77750015258789,10.78499984741211,9.501031307842844,121299,0.0,0.0,0.0,True
2022-12-13,10.75,10.829790115356445,10.680000305175781,10.704999923706055,9.430554518630867,238824,0.0,0.0,0.0,True
2022-12-14,10.762499809265137,10.762499809265137,10.654999732971191,10.699999809265137,9.42615032775324,876100,0.0,0.0,0.0,True
2022-12-15,10.967499732971191,11.199999809265137,10.742199897766113,10.779999732971191,9.49662516993123,135475,0.0,0.0,0.0,True
2022-12-16,10.770000457763672,10.770000457763672,10.640000343322754,10.704999923706055,9.430554518630867,183739,0.0,0.0,0.0,True
2022-12-19,10.6899995803833,10.710000038146973,10.582500457763672,10.585000038146973,9.324841281846888,143064,0.0,0.0,0.0,True
2022-12-20,10.510000228881836,10.574999809265137,10.460000038146973,10.5,9.249960301757284,430662,0.0,0.0,0.0,True
2022-12-21,10.47249984741211,10.569999694824219,10.47249984741211,10.545000076293945,9.2896028872409,221565,0.0,0.0,0.0,True
2022-12-22,10.574999809265137,10.582500457763672,10.47301959991455,10.522500038146973,9.269782081257588,2091746,0.0,0.0,0.0,True
2022-12-23,10.4975004196167,10.512499809265137,10.447500228881836,10.510000228881836,9.258770630546525,502511,0.0,0.0,0.0,True
2022-12-28,10.40999984741211,10.475000381469727,10.362500190734863,10.475000381469727,9.227937400335158,172035,0.0,0.0,0.0,True
2022-12-29,10.487500190734863,10.487500190734863,10.422499656677246,10.475000381469727,9.227937400335158,69035,0.0,0.0,0.0,True
2022-12-30,10.432499885559082,10.489999771118164,10.40250015258789,10.489999771118164,9.241149972968042,24994,0.0,0.0,0.0,True
2023-01-03,11.0,11.0,10.470000267028809,10.489999771118164,9.241149972968042,204591,0.0,0.0,0.0,True
2023-01-04,10.507499694824219,10.609999656677246,10.507499694824219,10.609999656677246,9.346864183269014,79431,0.0,0.0,0.0,True
2023-01-05,10.612500190734863,10.6225004196167,10.517499923706055,10.539999961853027,9.285198696363272,143529,0.0,0.0,0.0,True
2023-01-06,10.5649995803833,10.595000267028809,10.48960018157959,10.59000015258789,9.329245472724516,242218,0.0,0.0,0.0,True
2023-01-09,10.555000305175781,10.5600004196167,10.505000114440918,10.505000114440918,9.254365466151905,413864,0.0,0.0,0.0,True
2023-01-10,10.5,10.5600004196167,10.467499732971191,10.53499984741211,9.280794505485645,107724,0.0,0.0,0.0,True
2023-01-11,10.567500114440918,10.737500190734863,10.5600004196167,10.6850004196167,9.412937755120357,438778,0.0,0.0,0.0,True
2023-01-12,10.699999809265137,10.797499656677246,10.699999809265137,10.760000228881836,9.479006459386731,291482,0.0,0.0,0.0,True
2023-01-13,10.787500381469727,10.832500457763672,10.72249984741211,10.734999656677246,9.456982584447614,422290,0.0,0.0,0.0,True
2023-01-16,10.680000305175781,10.762499809265137,10.664999961853027,10.725000381469727,9.448173229175366,142888,0.0,0.0,0.0,True
2023-01-17,10.6875,10.755000114440918,10.623200416564941,10.755000114440918,9.474602268509104,242993,0.0,0.0,0.0,True
2023-01-18,10.800000190734863,10.859999656677246,10.712499618530273,10.755000114440918,9.474602268509104,176276,0.0,0.0,0.0,True
2023-01-19,10.824999809265137,10.825909614562988,10.730030059814453,10.8149995803833,9.527458400142597,220224,0.0,0.0,0.0,True
2023-01-20,10.827500343322754,10.832500457763672,10.732500076293945,10.729999542236328,9.452577420052993,660041,0.0,0.0,0.0,True
2023-01-23,10.760000228881836,10.767499923706055,10.688300132751465,10.731249809265137,9.453680414806387,215790,0.0,0.0,0.0,True
2023-01-24,10.725000381469727,10.819999694824219,10.725000381469727,10.8125,9.52525533118679,709017,0.0,0.0,0.0,True
2023-01-25,10.84749984741211,10.912500381469727,10.8149995803833,10.829999923706055,9.540672919809467,273311,0.0,0.0,0.0,True
2023-01-26,10.867500305175781,10.897500038146973,10.772500038146973,10.782500267028809,9.498829212404031,138265,0.0,0.0,0.0,True
2023-01-27,10.744999885559082,10.766500473022461,10.717499732971191,10.75,9.470198077631476,114120,0.0,0.0,0.0,True
2023-01-30,10.800000190734863,10.800000190734863,10.699999809265137,10.75,9.470198077631476,169438,0.0,0.0,0.0,True
2023-01-31,10.789999961853027,10.809599876403809,10.708000183105469,10.755000114440918,9.474602268509104,686294,0.0,0.0,0.0,True
2023-02-01,10.710000038146973,10.837499618530273,10.704999923706055,10.739999771118164,9.461386775325241,758133,0.0,0.0,0.0,True
2023-02-02,10.800000190734863,11.005000114440918,10.795000076293945,11.005000114440918,9.694839070866305,372276,0.0,0.0,0.0,True
2023-02-03,11.024999618530273,11.02750015258789,10.90250015258789,10.920000076293945,9.619958090776699,194855,0.0,0.0,0.0,True
2023-02-06,10.827500343322754,10.920000076293945,10.75,10.795000076293945,9.509838716081106,205727,0.0,0.0,0.0,True
2023-02-07,10.774999618530273,10.806400299072266,10.714799880981445,10.7524995803833,9.472399199553298,279558,0.0,0.0,0.0,True
2023-02-08,10.760000228881836,10.782500267028809,10.702500343322754,10.725000381469727,9.448173229175366,134860,0.0,0.0,0.0,True
2023-02-09,10.920000076293945,10.920000076293945,10.737500190734863,10.75,9.470198077631476,346835,0.0,0.0,0.0,True
2023-02-10,10.6899995803833,10.795000076293945,10.65999984741211,10.672499656677246,9.40192241034132,246502,0.0,0.0,0.0,True
2023-02-13,10.672499656677246,10.672499656677246,10.614999771118164,10.65999984741211,9.390911933147251,87149,0.0,0.0,0.0,True
2023-02-14,10.675000190734863,10.682299613952637,10.557499885559082,10.574999809265137,9.316030953057647,108220,0.0,0.0,0.0,True
2023-02-15,10.574999809265137,10.6875,10.574999809265137,10.59000015258789,9.329245472724516,222234,0.0,0.0,0.0,True
2023-02-16,10.600000381469727,10.8125,10.539999961853027,10.595000267028809,9.333650637119137,468484,0.0,0.0,0.0,True
2023-02-17,10.532500267028809,10.59000015258789,10.5,10.542499542236328,9.2873988447681,218563,0.0,0.0,0.0,True
2023-02-20,10.572500228881836,10.614999771118164,10.555000305175781,10.592499732971191,9.33144756816333,190822,0.0,0.0,0.0,True
2023-02-21,10.592499732971191,10.630000114440918,10.444999694824219,10.475000381469727,9.227937400335158,275143,0.0,0.0,0.0,True
2023-02-22,10.482500076293945,10.515000343322754,10.422800064086914,10.515000343322754,9.263172874390166,137226,0.0,0.0,0.0,True
2023-02-23,10.510000228881836,10.510000228881836,10.430000305175781,10.507499694824219,9.256566588073726,127745,0.0,0.0,0.0,True
2023-02-24,10.532500267028809,10.552499771118164,10.422499656677246,10.444999694824219,9.201506413967433,85470,0.0,0.0,0.0,True
2023-02-27,10.457500457763672,10.479999542236328,10.372599601745605,10.385000228881836,9.148651255850933,139347,0.0,0.0,0.0,True
2023-02-28,10.382499694824219,10.412500381469727,10.3125,10.385000228881836,9.148651255850933,424258,0.0,0.0,0.0,True
2023-03-01,10.385000228881836,10.439900398254395,10.329999923706055,10.335000038146973,9.104603505972696,209423,0.0,0.0,0.0,True
2023-03-02,10.1899995803833,10.367500305175781,10.1899995803833,10.324999809265137,9.095793177183454,734435,0.0,0.0,0.0,True
2023-03-03,10.319999694824219,10.375,10.310600280761719,10.350000381469727,9.117818025639565,270084,0.0,0.0,0.0,True
2023-03-06,10.354999542236328,10.41670036315918,10.34689998626709,10.350000381469727,9.117818025639565,398870,0.0,0.0,0.0,True
2023-03-07,10.354999542236328,10.4975004196167,10.335000038146973,10.3774995803833,9.142043022500504,116299,0.0,0.0,0.0,True
2023-03-08,10.319999694824219,10.479999542236328,10.319999694824219,10.449999809265137,9.205911578362054,313591,0.0,0.0,0.0,True
2023-03-09,10.427499771118164,10.457500457763672,10.395000457763672,10.425000190734863,9.183888676939928,258605,0.0,0.0,0.0,True
2023-03-10,10.489999771118164,10.612500190734863,10.47249984741211,10.524999618530273,9.271982229662417,390499,0.0,0.0,0.0,True
2023-03-13,10.539999961853027,10.875,10.537500381469727,10.726249694824219,9.449274276894771,617491,0.0,0.0,0.0,True
2023-03-14,10.8100004196167,10.8125,10.60830020904541,10.647500038146973,9.379899508919195,211994,0.0,0.0,0.0,True
2023-03-15,10.59000015258789,10.882499694824219,10.59000015258789,10.792499542236328,9.507637594159286,413025,0.0,0.0,0.0,True
2023-03-16,10.710000038146973,10.880000114440918,10.710000038146973,10.770000457763672,9.487815814658981,222373,0.0,0.0,0.0,True
2023-03-17,10.852499961853027,10.917499542236328,10.737500190734863,10.819999694824219,9.531863564537218,211741,0.0,0.0,0.0,True
2023-03-20,10.954999923706055,10.990900039672852,10.792499542236328,10.805000305175781,9.518650018387342,660453,0.0,0.0,0.0,True
2023-03-21,10.852499961853027,10.852499961853027,10.702500343322754,10.755000114440918,9.474602268509104,144078,0.0,0.0,0.0,True
2023-03-22,10.699999809265137,10.72249984741211,10.594400405883789,10.680000305175781,9.408530643691748,396302,0.0,0.0,0.0,True
2023-03-23,10.800000190734863,12.350000381469727,10.662300109863281,10.757499694824219,9.476805337464912,313745,0.0,0.0,0.0,True
2023-03-24,10.854999542236328,10.982500076293945,10.819999694824219,10.819999694824219,9.531863564537218,247145,0.0,0.0,0.0,True
2023-03-27,10.802499771118164,10.819999694824219,10.6850004196167,10.766249656677246,9.48451267150076,151415,0.0,0.0,0.0,True
2023-03-28,10.717499732971191,10.7524995803833,10.667499542236328,10.734999656677246,9.456982584447614,227138,0.0,0.0,0.0,True
2023-03-29,10.710000038146973,10.762499809265137,10.694600105285645,10.729999542236328,9.452577420052993,205061,0.0,0.0,0.0,True
2023-03-30,10.782500267028809,10.797499656677246,10.6899995803833,10.6899995803833,9.417339025447005,219591,0.0,0.0,0.0,True
2023-03-31,10.699999809265137,10.712499618530273,10.640000343322754,10.694999694824219,9.421744189841625,232541,0.0,0.0,0.0,True
2023-04-03,10.710000038146973,10.82699966430664,10.647500038146973,10.8149995803833,9.527458400142597,296029,0.0,0.0,0.0,True
2023-04-04,10.78499984741211,10.805000305175781,10.707500457763672,10.792499542236328,9.507637594159286,571596,0.0,0.0,0.0,True
2023-04-05,10.789999961853027,10.832500457763672,10.707500457763672,10.78499984741211,9.501031307842844,196741,0.0,0.0,0.0,True
2023-04-06,10.805000305175781,10.832500457763672,10.78279972076416,10.795000076293945,9.509838716081106,136919,0.0,0.0,0.0,True
2023-04-11,10.699999809265137,10.852499961853027,10.680000305175781,10.697500228881836,9.423945311763445,284990,0.0,0.0,0.0,True
2023-04-12,10.727499961853027,10.781200408935547,10.653070449829102,10.6850004196167,9.412937755120357,320375,0.0,0.0,0.0,True
2023-04-13,10.699999809265137,10.715200424194336,10.63479995727539,10.640000343322754,9.373293222602754,962286,0.0,0.0,0.0,True
2023-04-14,10.640000343322754,10.654999732971191,10.579999923706055,10.579999923706055,9.320436117452267,212587,0.0,0.0,0.0,True
2023-04-17,10.574999809265137,10.592499732971191,10.532500267028809,10.53499984741211,9.280794505485645,287982,0.0,0.0,0.0,True
2023-04-18,10.520000457763672,10.527589797973633,10.479999542236328,10.4975004196167,9.247757232801476,524932,0.0,0.0,0.0,True
2023-04-19,10.444999694824219,10.447500228881836,10.390000343322754,10.420000076293945,9.1794844860623,420473,0.0,0.0,0.0,True
2023-04-20,10.427499771118164,10.494999885559082,10.41469955444336,10.494999885559082,9.245555137362663,397532,0.0,0.0,0.0,True
2023-04-21,10.515000343322754,10.532500267028809,10.471400260925293,10.494999885559082,9.245555137362663,213711,0.0,0.0,0.0,True
2023-04-24,10.489999771118164,10.517499923706055,10.460000038146973,10.489999771118164,9.241149972968042,298188,0.0,0.0,0.0,True
2023-04-25,10.512499809265137,10.574999809265137,10.5,10.5649995803833,9.307219650751412,568186,0.0,0.0,0.0,True
2023-04-26,10.5649995803833,10.579999923706055,10.510000228881836,10.510000228881836,9.258770630546525,309749,0.0,0.0,0.0,True
2023-04-27,10.460000038146973,10.524999618530273,10.4399995803833,10.4399995803833,9.197103196606799,857700,0.0,0.0,0.0,True
2023-04-28,10.457500457763672,10.529999732971191,10.452500343322754,10.505000114440918,9.254365466151905,294603,0.0,0.0,0.0,True
2023-05-02,10.4350004196167,10.555000305175781,10.429889678955078,10.555000305175781,9.298412242513148,141763,0.0,0.0,0.0,True
2023-05-03,10.550000190734863,10.586899757385254,10.510000228881836,10.529999732971191,9.27638836757403,147336,0.0,0.0,0.0,True
2023-05-04,10.515000343322754,10.5649995803833,10.46500015258789,10.5649995803833,9.307219650751412,128645,0.0,0.0,0.0,True
2023-05-05,10.422499656677246,10.630000114440918,10.422499656677246,10.454999923706055,9.210318689790661,156740,0.0,0.0,0.0,True
2023-05-09,10.460000038146973,10.75,10.399999618530273,10.414999961853027,9.175078348150686,327304,0.0,0.0,0.0,True
2023-05-10,10.397500038146973,10.457500457763672,10.387499809265137,10.4399995803833,9.197103196606799,332966,0.0,0.0,0.0,True
2023-05-11,10.467499732971191,10.545000076293945,10.442500114440918,10.517499923706055,9.265375943345974,247646,0.0,0.0,0.0,True
2023-05-12,10.4975004196167,10.517499923706055,10.4375,10.457500457763672,9.21251981171248,254138,0.0,0.0,0.0,True
2023-05-15,10.430000305175781,10.449999809265137,10.407500267028809,10.414999961853027,9.175078348150686,280334,0.0,0.0,0.0,True
2023-05-16,10.470000267028809,10.477499961853027,10.399999618530273,10.399999618530273,9.161863828483815,484457,0.0,0.0,0.0,True
2023-05-17,10.444999694824219,10.452500343322754,10.395000457763672,10.399999618530273,9.161863828483815,412541,0.0,0.0,0.0,True
2023-05-18,10.3725004196167,10.417499542236328,10.289999961853027,10.292499542236328,9.067163015927893,398629,0.0,0.0,0.0,True
2023-05-19,10.289999961853027,10.292499542236328,10.020000457763672,10.15999984741211,9.047392832828233,359494,0.1103,0.0,0.0,True
2023-05-22,10.175000190734863,10.194999694824219,10.117500305175781,10.117500305175781,9.009549306748209,482680,0.0,0.0,0.0,True
2023-05-23,10.119999885559082,10.119999885559082,10.020000457763672,10.037500381469727,8.938309280213497,492399,0.0,0.0,0.0,True
2023-05-24,9.885000228881836,10.02750015258789,9.866080284118652,10.010000228881836,8.913820460247376,906282,0.0,0.0,0.0,True
2023-05-25,9.982500076293945,9.987500190734863,9.892800331115723,9.914999961853027,8.829223780564773,2566518,0.0,0.0,0.0,True
2023-05-26,9.979999542236328,10.085000038146973,9.868200302124023,9.90250015258789,8.81809356078053,878580,0.0,0.0,0.0,True
2023-05-30,10.0,10.0,9.90487003326416,9.970000267028809,8.878200446980019,799163,0.0,0.0,0.0,True
2023-05-31,10.0,10.279999732971191,10.0,10.042499542236328,8.942761173423795,730372,0.0,0.0,0.0,True
2023-06-01,10.005000114440918,10.112500190734863,10.005000114440918,10.087499618530273,8.982834053418443,383204,0.0,0.0,0.0,True
2023-06-02,10.100000381469727,10.100000381469727,10.05519962310791,10.085000038146973,8.980607620054798,275532,0.0,0.0,0.0,True
2023-06-05,10.03499984741211,10.077500343322754,10.015000343322754,10.032500267028809,8.933857387003197,345568,0.0,0.0,0.0,True
2023-06-06,10.03499984741211,10.07409954071045,10.016300201416016,10.0625,8.96057166681597,541079,0.0,0.0,0.0,True
2023-06-07,10.052499771118164,10.073599815368652,10.024999618530273,10.032500267028809,8.933857387003197,528409,0.0,0.0,0.0,True
2023-06-08,10.005000114440918,10.02750015258789,9.98408031463623,10.020000457763672,8.92272619370196,286667,0.0,0.0,0.0,True
2023-06-09,10.03499984741211,10.0625,10.010000228881836,10.0337495803833,8.934970116926523,162196,0.0,0.0,0.0,True
2023-06-12,10.03499984741211,10.039999961853027,9.954999923706055,9.961250305175781,8.870409390482749,322630,0.0,0.0,0.0,True
2023-06-13,9.9399995803833,9.958600044250488,9.881699562072754,9.882499694824219,8.800283067388355,321571,0.0,0.0,0.0,True
2023-06-14,9.897500038146973,9.9399995803833,9.882499694824219,9.9399995803833,8.851486167167247,5623472,0.0,0.0,0.0,True
2023-06-15,9.922499656677246,9.989999771118164,9.91409969329834,9.957500457763672,8.867069253678784,211929,0.0,0.0,0.0,True
2023-06-16,9.957500457763672,10.005000114440918,9.932499885559082,9.962499618530273,8.871521146889082,464424,0.0,0.0,0.0,True
2023-06-19,9.977499961853027,9.977499961853027,9.90250015258789,9.9087495803833,8.823658183914155,605352,0.0,0.0,0.0,True
2023-06-20,9.920000076293945,10.024999618530273,9.899100303649902,10.010000228881836,8.913820460247376,738590,0.0,0.0,0.0,True
2023-06-21,10.0,10.0,9.907500267028809,9.944999694824219,8.855938060377547,313570,0.0,0.0,0.0,True
2023-06-22,9.962499618530273,10.005000114440918,9.9350004196167,9.979999542236328,8.88710520691761,529331,0.0,0.0,0.0,True
2023-06-23,9.984999656677246,10.086999893188477,9.984299659729004,10.007499694824219,8.91159402688373,1289332,0.0,0.0,0.0,True
2023-06-26,10.0,10.0625,9.989999771118164,10.047499656677246,8.947214040151087,204646,0.0,0.0,0.0,True
2023-06-27,10.047499656677246,10.079999923706055,10.007499694824219,10.017499923706055,8.920497813304328,749089,0.0,0.0,0.0,True
2023-06-28,10.029999732971191,10.0625,10.004599571228027,10.048749923706055,8.948326770074413,306000,0.0,0.0,0.0,True
2023-06-29,10.02750015258789,10.05405044555664,9.984600067138672,10.005000114440918,8.909367593520084,357832,0.0,0.0,0.0,True
2023-06-30,9.982500076293945,10.005000114440918,9.949999809265137,10.0024995803833,8.907142133673432,461543,0.0,0.0,0.0,True
2023-07-03,10.0,10.057499885559082,9.962499618530273,9.975000381469727,8.882654287224305,159786,0.0,0.0,0.0,True
2023-07-04,9.975000381469727,10.017499923706055,9.942500114440918,10.0,8.904915700309786,466539,0.0,0.0,0.0,True
2023-07-05,9.967499732971191,10.100000381469727,9.932499885559082,9.9375,8.849260707320594,357639,0.0,0.0,0.0,True
2023-07-06,9.907500267028809,9.930000305175781,9.774999618530273,9.817500114440918,8.742400667518524,1007913,0.0,0.0,0.0,True
2023-07-07,9.837499618530273,9.837499618530273,9.755000114440918,9.800000190734863,8.726818554523982,418844,0.0,0.0,0.0,True
2023-07-10,9.805000305175781,9.819999694824219,9.771650314331055,9.807499885559082,8.733495907580933,359548,0.0,0.0,0.0,True
2023-07-11,9.842499732971191,9.845600128173828,9.792499542236328,9.802499771118164,8.729043040853641,117164,0.0,0.0,0.0,True
2023-07-12,9.819999694824219,9.899999618530273,9.802499771118164,9.887499809265137,8.804734960598653,278293,0.0,0.0,0.0,True
2023-07-13,10.079999923706055,10.079999923706055,9.899999618530273,9.949999809265137,8.860390927104838,462942,0.0,0.0,0.0,True
2023-07-14,9.944999694824219,9.99485969543457,9.9350004196167,9.954999923706055,8.86484379383213,180378,0.0,0.0,0.0,True
2023-07-17,9.970000267028809,10.0,9.932499885559082,9.942500114440918,8.853713574047886,339811,0.0,0.0,0.0,True
2023-07-18,9.975000381469727,10.032500267028809,9.975000381469727,10.022500038146973,8.924951653548613,387522,0.0,0.0,0.0,True
2023-07-19,10.102499961853027,10.182299613952637,10.102499961853027,10.130000114440918,9.020679526532453,284888,0.0,0.0,0.0,True
2023-07-20,10.15999984741211,10.175000190734863,10.082500457763672,10.085000038146973,8.980607620054798,499772,0.0,0.0,0.0,True
2023-07-21,10.112500190734863,10.112500190734863,10.057499885559082,10.092499732971191,8.987286920145737,645807,0.0,0.0,0.0,True
2023-07-24,10.107500076293945,10.167499542236328,10.079999923706055,10.100000381469727,8.99396524671968,491133,0.0,0.0,0.0,True
2023-07-25,10.050000190734863,10.104999542236328,10.050000190734863,10.087499618530273,8.982834053418443,483870,0.0,0.0,0.0,True
2023-07-26,10.149999618530273,10.149999618530273,10.0625,10.079999923706055,8.9761557268445,250625,0.0,0.0,0.0,True
2023-07-27,10.119999885559082,10.119999885559082,10.055000305175781,10.0625,8.96057166681597,339160,0.0,0.0,0.0,True
2023-07-28,10.029999732971191,10.070300102233887,9.9975004196167,10.045000076293945,8.944988580304434,392718,0.0,0.0,0.0,True
2023-07-31,10.029999732971191,10.082500457763672,10.007499694824219,10.0649995803833,8.962797126662624,449898,0.0,0.0,0.0,True
2023-08-01,10.082500457763672,10.329999923706055,10.00220012664795,10.0024995803833,8.907142133673432,1005443,0.0,0.0,0.0,True
2023-08-02,10.015000343322754,10.039999961853027,9.98289966583252,10.015000343322754,8.918274300491662,1464957,0.0,0.0,0.0,True
2023-08-03,9.97249984741211,10.020000457763672,9.930000305175781,9.947500228881836,8.858164493741192,247626,0.0,0.0,0.0,True
2023-08-04,9.932499885559082,10.010000228881836,9.90999984741211,10.0,8.904915700309786,241100,0.0,0.0,0.0,True
2023-08-07,10.005000114440918,10.005000114440918,9.932499885559082,9.954999923706055,8.86484379383213,407110,0.0,0.0,0.0,True
2023-08-08,10.0,10.045000076293945,9.979999542236328,10.0,8.904915700309786,236881,0.0,0.0,0.0,True
2023-08-09,10.010000228881836,10.032500267028809,9.97249984741211,10.020000457763672,8.92272619370196,225408,0.0,0.0,0.0,True
2023-08-10,9.989999771118164,10.047499656677246,9.987500190734863,10.021249771118164,8.923838923625286,355694,0.0,0.0,0.0,True
2023-08-11,9.960000038146973,9.989999771118164,9.869999885559082,9.869999885559082,8.789151874087118,950886,0.0,0.0,0.0,True
2023-08-14,9.887499809265137,9.914999961853027,9.852499961853027,9.859999656677246,8.780246140632533,314765,0.0,0.0,0.0,True
2023-08-15,9.84000015258789,9.857500076293945,9.75,9.857500076293945,8.77802068078588,330216,0.0,0.0,0.0,True
2023-08-16,9.857500076293945,9.864999771118164,9.797499656677246,9.797499656677246,8.724591147643343,2796109,0.0,0.0,0.0,True
2023-08-17,9.760000228881836,9.787500381469727,9.725000381469727,9.729999542236328,8.664484261443853,230474,0.0,0.0,0.0,True
2023-08-18,9.8100004196167,9.8100004196167,9.742500305175781,9.782500267028809,8.71123352097846,192843,0.0,0.0,0.0,True
2023-08-21,9.765000343322754,9.800000190734863,9.737199783325195,9.739999771118164,8.67338804786445,141075,0.0,0.0,0.0,True
2023-08-22,9.7524995803833,9.8100004196167,9.7524995803833,9.792499542236328,8.720137307399057,494375,0.0,0.0,0.0,True
2023-08-23,9.807499885559082,9.942500114440918,9.807499885559082,9.927499771118164,8.84035497386601,189432,0.0,0.0,0.0,True
2023-08-24,9.967499732971191,10.0,9.947500228881836,9.979999542236328,8.88710520691761,343507,0.0,0.0,0.0,True
2023-08-25,9.967499732971191,9.987500190734863,9.932299613952637,9.967499732971191,8.875974987133366,199736,0.0,0.0,0.0,True
2023-08-29,10.020000457763672,10.020000457763672,9.928400039672852,9.9975004196167,8.902690240463134,235010,0.0,0.0,0.0,True
2023-08-30,9.967499732971191,10.007499694824219,9.944999694824219,9.984999656677246,8.89155710012791,175208,0.0,0.0,0.0,True
2023-08-31,9.984999656677246,10.045000076293945,9.97249984741211,10.02750015258789,8.929404520275906,171703,0.0,0.0,0.0,True
2023-09-01,10.039999961853027,10.069999694824219,9.975000381469727,9.975000381469727,8.882654287224305,790801,0.0,0.0,0.0,True
2023-09-04,9.984999656677246,9.984999656677246,9.927499771118164,9.9350004196167,8.847034273956949,108273,0.0,0.0,0.0,True
2023-09-05,9.952500343322754,10.007499694824219,9.897000312805176,9.90250015258789,8.81809356078053,184759,0.0,0.0,0.0,True
2023-09-06,9.887499809265137,9.916600227355957,9.867500305175781,9.880000114440918,8.798056634024709,94443,0.0,0.0,0.0,True
2023-09-07,9.897500038146973,9.962499618530273,9.897500038146973,9.952500343322754,8.862617360468484,175562,0.0,0.0,0.0,True
2023-09-08,9.987500190734863,10.007499694824219,9.960000038146973,9.994999885559082,8.900462833582493,314904,0.0,0.0,0.0,True
2023-09-11,9.977499961853027,9.979999542236328,9.920000076293945,9.9350004196167,8.847034273956949,428807,0.0,0.0,0.0,True
2023-09-12,9.9350004196167,9.984999656677246,9.9350004196167,9.982500076293945,8.889331640281256,226081,0.0,0.0,0.0,True
2023-09-13,9.970000267028809,10.042499542236328,9.970000267028809,10.042499542236328,8.942761173423795,182576,0.0,0.0,0.0,True
2023-09-14,10.042499542236328,10.12279987335205,10.029999732971191,10.095000267028809,8.989512379992389,353188,0.0,0.0,0.0,True
2023-09-15,10.069999694824219,10.083600044250488,10.012499809265137,10.020000457763672,8.92272619370196,309337,0.0,0.0,0.0,True
2023-09-18,10.015000343322754,10.017499923706055,9.960000038146973,9.989999771118164,8.896009966855202,395051,0.0,0.0,0.0,True
2023-09-19,9.979999542236328,10.029999732971191,9.979999542236328,10.017499923706055,8.920497813304328,383497,0.0,0.0,0.0,True
2023-09-20,10.020000457763672,10.104999542236328,10.020000457763672,10.092499732971191,8.987286920145737,492958,0.0,0.0,0.0,True
2023-09-21,10.067500114440918,10.094599723815918,9.987500190734863,10.055000305175781,8.953892366725032,593459,0.0,0.0,0.0,True
2023-09-22,10.095000267028809,10.112500190734863,10.05270004272461,10.077500343322754,8.973929293480854,565772,0.0,0.0,0.0,True
2023-09-25,10.069999694824219,10.079999923706055,9.989999771118164,10.012499809265137,8.916046893611023,270350,0.0,0.0,0.0,True
2023-09-26,9.989999771118164,10.042499542236328,9.970000267028809,10.005000114440918,8.909367593520084,186362,0.0,0.0,0.0,True
2023-09-27,10.007499694824219,10.055000305175781,9.982500076293945,9.982500076293945,8.889331640281256,523303,0.0,0.0,0.0,True
2023-09-28,9.987500190734863,9.987500190734863,9.84749984741211,9.8774995803833,8.79582922714407,608612,0.0,0.0,0.0,True
2023-09-29,9.942500114440918,9.954999923706055,9.90999984741211,9.917499542236328,8.83145021392842,207619,0.0,0.0,0.0,True
2023-10-02,9.907500267028809,9.925399780273438,9.829500198364258,9.842499732971191,8.764663054120998,155352,0.0,0.0,0.0,True
2023-10-03,9.84749984741211,9.864999771118164,9.8125,9.81624984741211,8.741287937595198,226042,0.0,0.0,0.0,True
2023-10-04,9.899999618530273,9.899999618530273,9.755000114440918,9.821249961853027,8.745739830805496,724877,0.0,0.0,0.0,True
2023-10-05,9.827500343322754,9.857500076293945,9.79800033569336,9.854999542236328,8.775794247422235,177768,0.0,0.0,0.0,True
2023-10-06,9.837499618530273,9.857500076293945,9.782500267028809,9.824999809265137,8.749079967609463,240355,0.0,0.0,0.0,True
2023-10-09,9.854999542236328,9.880000114440918,9.819999694824219,9.885000228881836,8.802510474268994,135780,0.0,0.0,0.0,True
2023-10-10,9.885000228881836,9.930000305175781,9.859999656677246,9.930000305175781,8.84258238074665,511046,0.0,0.0,0.0,True
2023-10-11,9.914999961853027,10.029999732971191,9.914999961853027,10.02750015258789,8.929404520275906,392961,0.0,0.0,0.0,True
2023-10-12,10.052499771118164,10.072500228881836,9.957300186157227,9.962499618530273,8.871521146889082,223828,0.0,0.0,0.0,True
2023-10-13,9.957500457763672,10.020000457763672,9.949999809265137,9.979999542236328,8.88710520691761,627373,0.0,0.0,0.0,True
2023-10-16,9.979999542236328,9.979999542236328,9.90250015258789,9.920000076293945,8.833677620809059,413961,0.0,0.0,0.0,True
2023-10-17,9.90250015258789,9.9350004196167,9.856300354003906,9.887499809265137,8.804734960598653,220825,0.0,0.0,0.0,True
2023-10-18,9.862500190734863,9.880000114440918,9.795000076293945,9.805000305175781,8.731268500700294,159842,0.0,0.0,0.0,True
2023-10-19,9.762499809265137,9.79170036315918,9.760000228881836,9.779999732971191,8.709007087614813,137545,0.0,0.0,0.0,True
2023-10-20,9.787500381469727,9.794099807739258,9.739999771118164,9.782500267028809,8.71123352097846,183369,0.0,0.0,0.0,True
2023-10-23,9.755000114440918,9.827500343322754,9.710000038146973,9.822500228881836,8.746853534245817,177457,0.0,0.0,0.0,True
2023-10-24,9.890000343322754,9.90470027923584,9.837499618530273,9.863750457763672,8.783587250953493,350342,0.0,0.0,0.0,True
2023-10-25,9.875,9.897500038146973,9.817500114440918,9.817500114440918,8.742400667518524,371727,0.0,0.0,0.0,True
2023-10-26,9.787500381469727,9.858499526977539,9.78499984741211,9.822500228881836,8.746853534245817,164458,0.0,0.0,0.0,True
2023-10-27,9.845000267028809,9.882499694824219,9.822500228881836,9.87125015258789,8.790265577527437,82751,0.0,0.0,0.0,True
2023-10-30,9.892499923706055,9.907500267028809,9.827500343322754,9.857500076293945,8.77802068078588,352554,0.0,0.0,0.0,True
2023-10-31,9.90250015258789,9.949999809265137,9.898699760437012,9.90250015258789,8.81809356078053,514065,0.0,0.0,0.0,True
2023-11-01,9.862500190734863,9.957500457763672,9.859100341796875,9.90999984741211,8.824771887354474,364358,0.0,0.0,0.0,True
2023-11-02,9.90250015258789,10.042499542236328,9.90250015258789,10.005000114440918,8.909367593520084,258677,0.0,0.0,0.0,True
2023-11-03,10.0,10.085000038146973,9.989999771118164,10.074999809265137,8.971702860117206,389521,0.0,0.0,0.0,True
2023-11-06,10.037500381469727,10.057499885559082,10.006400108337402,10.008749961853027,8.91270773032405,130798,0.0,0.0,0.0,True
2023-11-07,10.007499694824219,10.102899551391602,10.007499694824219,10.087499618530273,8.982834053418443,121682,0.0,0.0,0.0,True
2023-11-08,10.092499732971191,10.146699905395508,10.092499732971191,10.143750190734863,9.032923449757016,218399,0.0,0.0,0.0,True
2023-11-09,10.147500038146973,10.15999984741211,10.095000267028809,10.109999656677246,9.002871953691258,250819,0.0,0.0,0.0,True
2023-11-10,10.082500457763672,10.095000267028809,10.045900344848633,10.069999694824219,8.967249993389915,240720,0.0,0.0,0.0,True
2023-11-13,10.085000038146973,10.095000267028809,10.044300079345703,10.085000038146973,8.980607620054798,399045,0.0,0.0,0.0,True
2023-11-14,10.09000015258789,10.237500190734863,10.069999694824219,10.237500190734863,9.116407399516293,332365,0.0,0.0,0.0,True
2023-11-15,10.237500190734863,10.25,10.170000076293945,10.170000076293945,9.05629953979981,710735,0.0,0.0,0.0,True
2023-11-16,10.0625,10.130399703979492,10.062000274658203,10.107500076293945,9.129826357751753,301774,0.1439,0.0,0.0,True
2023-11-17,10.170000076293945,10.178000450134277,10.109999656677246,10.117500305175781,9.138859621932458,242503,0.0,0.0,0.0,True
2023-11-20,10.102499961853027,10.137499809265137,10.086899757385254,10.102499961853027,9.125309238902904,602364,0.0,0.0,0.0,True
2023-11-21,10.135000228881836,10.154999732971191,10.112600326538086,10.1274995803833,9.147891912596169,187270,0.0,0.0,0.0,True
2023-11-22,10.107500076293945,10.166299819946289,10.045900344848633,10.047499656677246,9.075629693218506,632843,0.0,0.0,0.0,True
2023-11-23,10.055000305175781,10.082300186157227,9.98490047454834,9.9975004196167,9.030466292865961,198325,0.0,0.0,0.0,True
2023-11-24,9.962499618530273,9.984760284423828,9.934000015258789,9.970000267028809,9.005626033265266,288455,0.0,0.0,0.0,True
2023-11-27,9.987500190734863,10.03499984741211,9.956600189208984,10.015000343322754,9.046274261802946,202739,0.0,0.0,0.0,True
2023-11-28,10.02750015258789,10.069999694824219,10.010000228881836,10.055000305175781,9.082404397974786,289891,0.0,0.0,0.0,True
2023-11-29,10.0649995803833,10.139800071716309,10.055000305175781,10.117500305175781,9.138859621932458,375458,0.0,0.0,0.0,True
2023-11-30,10.092499732971191,10.125300407409668,10.01990032196045,10.042499542236328,9.071112574369657,312873,0.0,0.0,0.0,True
2023-12-01,10.047499656677246,10.087499618530273,10.01449966430664,10.0649995803833,9.091436688638497,1026631,0.0,0.0,0.0,True
2023-12-04,10.052499771118164,10.069999694824219,10.0,10.020000457763672,9.050790407134802,298223,0.0,0.0,0.0,True
2023-12-05,10.067500114440918,10.170000076293945,10.047499656677246,10.147500038146973,9.165955520406598,425170,0.0,0.0,0.0,True
2023-12-06,10.157500267028809,10.23009967803955,10.121600151062012,10.217499732971191,9.229186422637545,513984,0.0,0.0,0.0,True
2023-12-07,10.217499732971191,10.234100341796875,10.1875,10.21500015258789,9.226928836730114,473289,0.0,0.0,0.0,True
2023-12-08,10.212499618530273,10.212499618530273,10.130000114440918,10.162500381469727,9.179505903436153,346541,0.0,0.0,0.0,True
2023-12-11,10.172499656677246,10.18274974822998,10.125,10.125,9.145634326688738,414560,0.0,0.0,0.0,True
2023-12-12,10.199999809265137,10.2475004196167,10.181400299072266,10.21500015258789,9.226928836730114,541446,0.0,0.0,0.0,True
2023-12-13,10.21500015258789,10.352499961853027,10.21500015258789,10.335000038146973,9.335321192279617,659054,0.0,0.0,0.0,True
2023-12-14,10.329999923706055,10.487500190734863,10.300000190734863,10.3774995803833,9.373708914358886,273013,0.0,0.0,0.0,True
2023-12-15,10.380000114440918,10.499099731445312,10.369999885559082,10.494999885559082,9.479843684000958,287395,0.0,0.0,0.0,True
2023-12-18,10.487500190734863,10.555000305175781,10.456199645996094,10.479999542236328,9.466295248005391,384282,0.0,0.0,0.0,True
2023-12-19,10.510000228881836,10.550299644470215,10.487500190734863,10.522500038146973,9.504684917118649,884640,0.0,0.0,0.0,True
2023-12-20,10.59749984741211,10.802499771118164,10.577500343322754,10.595000267028809,9.570172431740032,611288,0.0,0.0,0.0,True
2023-12-21,10.630000114440918,10.670000076293945,10.579999923706055,10.614999771118164,9.588237013067454,492878,0.0,0.0,0.0,True
2023-12-22,10.449999809265137,10.645000457763672,10.449999809265137,10.645000457763672,9.615334858575583,258320,0.0,0.0,0.0,True
2023-12-27,10.677499771118164,10.710000038146973,10.604999542236328,10.680000305175781,9.646950796449552,281096,0.0,0.0,0.0,True
2023-12-28,10.6850004196167,10.75,10.609000205993652,10.637499809265137,9.608560153819303,167812,0.0,0.0,0.0,True
2023-12-29,10.609999656677246,10.6274995803833,10.53499984741211,10.595000267028809,9.570172431740032,91997,0.0,0.0,0.0,True
2024-01-02,10.795000076293945,10.795000076293945,10.442500114440918,10.470000267028809,9.457261010307693,313773,0.0,0.0,0.0,True
2024-01-03,10.47249984741211,10.5625,10.4399995803833,10.460000038146973,9.448229693160975,779483,0.0,0.0,0.0,True
2024-01-04,10.449999809265137,10.495400428771973,10.395000457763672,10.412500381469727,9.405324852232857,423017,0.0,0.0,0.0,True
2024-01-05,10.40250015258789,10.417499542236328,10.302499771118164,10.367500305175781,9.364676623695175,864417,0.0,0.0,0.0,True
2024-01-08,10.327500343322754,10.382499694824219,10.318300247192383,10.382499694824219,9.378226033207735,174401,0.0,0.0,0.0,True
2024-01-09,10.34749984741211,10.404999732971191,10.321399688720703,10.352499961853027,9.351126240665621,309223,0.0,0.0,0.0,True
2024-01-10,10.385000228881836,10.392499923706055,10.346500396728516,10.354999542236328,9.35338577360704,211455,0.0,0.0,0.0,True
2024-01-11,10.385000228881836,10.39330005645752,10.322500228881836,10.322500228881836,9.324031315708474,248213,0.0,0.0,0.0,True
2024-01-12,10.352499961853027,10.397500038146973,10.341699600219727,10.382499694824219,9.378226033207735,287901,0.0,0.0,0.0,True
2024-01-15,10.350700378417969,10.371990203857422,10.322500228881836,10.352499961853027,9.351126240665621,124758,0.0,0.0,0.0,True
2024-01-16,10.357500076293945,10.3725004196167,10.319999694824219,10.337499618530273,9.337577804670055,394979,0.0,0.0,0.0,True
2024-01-17,10.34000015258789,10.399999618530273,10.1875,10.199999809265137,9.213379427217554,306414,0.0,0.0,0.0,True
2024-01-18,10.1899995803833,10.259590148925781,10.187450408935547,10.244999885559082,9.254025708721247,260476,0.0,0.0,0.0,True
2024-01-19,10.257499694824219,10.295000076293945,10.216500282287598,10.270000457763672,9.276608382414514,479799,0.0,0.0,0.0,True
2024-01-22,10.272500038146973,10.31348991394043,10.262499809265137,10.295000076293945,9.299190082590785,779038,0.0,0.0,0.0,True
2024-01-23,10.274999618530273,10.274999618530273,10.21500015258789,10.21500015258789,9.226928836730114,432089,0.0,0.0,0.0,True
2024-01-24,10.237500190734863,10.268250465393066,10.180000305175781,10.207500457763672,9.22015315845684,1221149,0.0,0.0,0.0,True
2024-01-25,10.202500343322754,10.247300148010254,10.166999816894531,10.234999656677246,9.244993418057536,468792,0.0,0.0,0.0,True
2024-01-26,10.270000457763672,10.272500038146973,10.201499938964844,10.22249984741211,9.233701594452407,1655703,0.0,0.0,0.0,True
2024-01-29,10.244999885559082,10.287500381469727,10.242500305175781,10.282500267028809,9.28789923250265,303078,0.0,0.0,0.0,True
2024-01-30,10.307499885559082,10.329999923706055,10.269000053405762,10.270000457763672,9.276608382414514,272345,0.0,0.0,0.0,True
2024-01-31,10.317500114440918,10.369999885559082,10.28499984741211,10.369999885559082,9.3669351831196,511683,0.0,0.0,0.0,True
2024-02-01,10.460000038146973,10.460000038146973,10.324999809265137,10.407500267028809,9.400808706901001,1120778,0.0,0.0,0.0,True
2024-02-02,10.362500190734863,10.38325023651123,10.263899803161621,10.270000457763672,9.276608382414514,287608,0.0,0.0,0.0,True
2024-02-05,10.2475004196167,10.262499809265137,10.170000076293945,10.1850004196167,9.199829044188,684291,0.0,0.0,0.0,True
2024-02-06,10.210000038146973,10.261799812316895,10.198100090026855,10.257499694824219,9.26531558529239,290329,0.0,0.0,0.0,True
2024-02-07,10.270000457763672,10.270000457763672,10.218000411987305,10.242500305175781,9.251767149296823,232444,0.0,0.0,0.0,True
2024-02-08,10.234999656677246,10.26360034942627,10.197500228881836,10.202500343322754,9.215637013124985,232285,0.0,0.0,0.0,True
2024-02-09,10.182499885559082,10.238900184631348,10.175000190734863,10.1899995803833,9.204345189519856,558825,0.0,0.0,0.0,True
2024-02-12,10.199999809265137,10.227499961853027,10.187800407409668,10.212499618530273,9.224669303788696,164937,0.0,0.0,0.0,True
2024-02-13,10.1875,10.212499618530273,10.1274995803833,10.147500038146973,9.165955520406598,253453,0.0,0.0,0.0,True
2024-02-14,10.145000457763672,10.59000015258789,10.145000457763672,10.204999923706055,9.217894599032416,410266,0.0,0.0,0.0,True
2024-02-15,10.2475004196167,10.27750015258789,10.197500228881836,10.197500228881836,9.211119894276136,290156,0.0,0.0,0.0,True
2024-02-16,10.1899995803833,10.220000267028809,10.145000457763672,10.164999961853027,9.181763489343584,7899815,0.0,0.0,0.0,True
2024-02-19,10.147500038146973,10.179200172424316,10.145000457763672,10.167499542236328,9.184021075251016,577616,0.0,0.0,0.0,True
2024-02-20,10.167499542236328,10.231100082397461,10.167499542236328,10.22249984741211,9.233701594452407,303007,0.0,0.0,0.0,True
2024-02-21,10.212499618530273,10.225000381469727,10.170000076293945,10.170000076293945,9.186280608192433,162552,0.0,0.0,0.0,True
2024-02-22,10.1850004196167,10.227499961853027,10.147299766540527,10.182499885559082,9.197570484763576,425542,0.0,0.0,0.0,True
2024-02-23,10.180000305175781,10.234999656677246,10.15250015258789,10.234999656677246,9.244993418057536,178584,0.0,0.0,0.0,True
2024-02-26,10.227499961853027,10.255000114440918,10.1875,10.1875,9.202087603612425,450434,0.0,0.0,0.0,True
2024-02-27,10.212499618530273,10.244460105895996,10.167499542236328,10.167499542236328,9.184021075251016,248045,0.0,0.0,0.0,True
2024-02-28,10.177499771118164,10.193499565124512,10.162500381469727,10.162500381469727,9.179505903436153,193912,0.0,0.0,0.0,True
2024-02-29,10.175000190734863,10.2524995803833,10.119999885559082,10.232500076293945,9.242734858633112,669388,0.0,0.0,0.0,True
2024-03-01,10.244999885559082,10.282500267028809,10.187999725341797,10.239999771118164,9.249510536906385,288512,0.0,0.0,0.0,True
2024-03-04,10.229999542236328,10.274999618530273,10.21500015258789,10.242500305175781,9.251767149296823,282129,0.0,0.0,0.0,True
2024-03-05,10.265000343322754,10.354999542236328,10.251830101013184,10.34749984741211,9.346610095333766,198882,0.0,0.0,0.0,True
2024-03-06,10.329999923706055,10.367500305175781,10.297499656677246,10.354999542236328,9.35338577360704,272754,0.0,0.0,0.0,True
2024-03-07,10.3125,10.412500381469727,10.3125,10.3725004196167,9.36919276902703,188513,0.0,0.0,0.0,True
2024-03-08,10.364999771118164,10.413299560546875,10.364100456237793,10.382499694824219,9.378226033207735,242554,0.0,0.0,0.0,True
2024-03-11,10.369999885559082,10.4375,10.356499671936035,10.3774995803833,9.373708914358886,146640,0.0,0.0,0.0,True
2024-03-12,10.399999618530273,10.456100463867188,10.387499809265137,10.397500038146973,9.391774469203304,183137,0.0,0.0,0.0,True
2024-03-13,10.412500381469727,10.422499656677246,10.337499618530273,10.337499618530273,9.337577804670055,238195,0.0,0.0,0.0,True
2024-03-14,10.337499618530273,10.359999656677246,10.28499984741211,10.295000076293945,9.299190082590785,352210,0.0,0.0,0.0,True
2024-03-15,10.27750015258789,10.297499656677246,10.239999771118164,10.289999961853027,9.29467393725893,282146,0.0,0.0,0.0,True
2024-03-18,10.319999694824219,10.319999694824219,10.262499809265137,10.289999961853027,9.29467393725893,218480,0.0,0.0,0.0,True
2024-03-19,10.300000190734863,10.342499732971191,10.279999732971191,10.307499885559082,9.31048093267892,451492,0.0,0.0,0.0,True
2024-03-20,10.317500114440918,10.380000114440918,10.317500114440918,10.352499961853027,9.351126240665621,343775,0.0,0.0,0.0,True
2024-03-21,10.342499732971191,10.418899536132812,10.342499732971191,10.354999542236328,9.35338577360704,270789,0.0,0.0,0.0,True
2024-03-22,10.392499923706055,10.41862964630127,10.3725004196167,10.40250015258789,9.396291588052152,273734,0.0,0.0,0.0,True
2024-03-25,10.40999984741211,10.414389610290527,10.34160041809082,10.359999656677246,9.357901918938895,239063,0.0,0.0,0.0,True
2024-03-26,10.359999656677246,10.40999984741211,10.352499961853027,10.3774995803833,9.373708914358886,447726,0.0,0.0,0.0,True
2024-03-27,10.420000076293945,10.427499771118164,10.380000114440918,10.40999984741211,9.40306531929144,191947,0.0,0.0,0.0,True
2024-03-28,10.414999961853027,10.4375,10.381340026855469,10.420000076293945,9.41209760995515,202991,0.0,0.0,0.0,True
2024-04-02,10.332500457763672,10.399999618530273,10.272500038146973,10.295000076293945,9.299190082590785,313386,0.0,0.0,0.0,True
2024-04-03,10.300000190734863,10.357930183410645,10.267200469970703,10.302499771118164,9.305963813830072,599521,0.0,0.0,0.0,True
2024-04-04,10.380000114440918,10.408599853515625,10.307499885559082,10.335000038146973,9.335321192279617,442129,0.0,0.0,0.0,True
2024-04-05,10.324999809265137,10.370059967041016,10.28499984741211,10.305000305175781,9.30822334677149,408859,0.0,0.0,0.0,True
2024-04-08,10.302499771118164,10.305000305175781,10.239999771118164,10.302499771118164,9.305963813830072,326110,0.0,0.0,0.0,True
2024-04-09,10.289999961853027,10.352499961853027,10.289999961853027,10.34000015258789,9.339836364094479,227450,0.0,0.0,0.0,True
2024-04-10,10.319999694824219,10.3725004196167,10.25,10.257499694824219,9.26531558529239,386290,0.0,0.0,0.0,True
2024-04-11,10.239999771118164,10.26039981842041,10.1875,10.1875,9.202087603612425,592729,0.0,0.0,0.0,True
2024-04-12,10.1850004196167,10.297499656677246,10.1850004196167,10.262499809265137,9.269833677658232,477690,0.0,0.0,0.0,True
2024-04-15,10.2524995803833,10.2524995803833,10.170000076293945,10.172499656677246,9.188538194099864,697660,0.0,0.0,0.0,True
2024-04-16,10.180000305175781,10.1899995803833,10.119000434875488,10.140000343322754,9.159181789167311,301608,0.0,0.0,0.0,True
2024-04-17,10.132499694824219,10.182499885559082,10.11559009552002,10.167499542236328,9.184021075251016,433460,0.0,0.0,0.0,True
2024-04-18,10.175000190734863,10.247209548950195,10.172499656677246,10.175000190734863,9.190796753524289,590843,0.0,0.0,0.0,True
2024-04-19,10.197500228881836,10.35813045501709,10.147500038146973,10.202500343322754,9.215637013124985,486181,0.0,0.0,0.0,True
2024-04-22,10.162500381469727,10.23031997680664,10.156570434570312,10.212499618530273,9.224669303788696,976286,0.0,0.0,0.0,True
2024-04-23,10.242500305175781,10.242500305175781,10.167499542236328,10.1850004196167,9.199829044188,337466,0.0,0.0,0.0,True
2024-04-24,10.1899995803833,10.1899995803833,10.102499961853027,10.130000114440918,9.1501494985036,946955,0.0,0.0,0.0,True
2024-04-25,10.085000038146973,10.14894962310791,10.082500457763672,10.102499961853027,9.125309238902904,447085,0.0,0.0,0.0,True
2024-04-26,10.102499961853027,10.162500381469727,10.094070434570312,10.132499694824219,9.152408057928024,387472,0.0,0.0,0.0,True
2024-04-29,10.1875,10.1875,10.1318998336792,10.162500381469727,9.179505903436153,320920,0.0,0.0,0.0,True
2024-04-30,10.180000305175781,10.185799598693848,10.114999771118164,10.119999885559082,9.141117207839889,720065,0.0,0.0,0.0,True
2024-05-01,10.087499618530273,10.137499809265137,10.062399864196777,10.104999542236328,9.127568771844322,505609,0.0,0.0,0.0,True
2024-05-02,10.050000190734863,10.182499885559082,10.050000190734863,10.164999961853027,9.181763489343584,516790,0.0,0.0,0.0,True
2024-05-03,10.140000343322754,10.2524995803833,10.140000343322754,10.217499732971191,9.229186422637545,529981,0.0,0.0,0.0,True
2024-05-07,10.399999618530273,10.399999618530273,10.232500076293945,10.305000305175781,9.30822334677149,221150,0.0,0.0,0.0,True
2024-05-08,10.2524995803833,10.3149995803833,10.2524995803833,10.3125,9.31499805152777,334550,0.0,0.0,0.0,True
2024-05-09,10.324999809265137,10.324999809265137,10.267399787902832,10.305000305175781,9.30822334677149,447691,0.0,0.0,0.0,True
2024-05-10,10.319999694824219,10.34000015258789,10.278800010681152,10.28499984741211,9.29015681841008,194048,0.0,0.0,0.0,True
2024-05-13,10.295000076293945,10.322500228881836,10.260000228881836,10.27750015258789,9.2833821136538,298256,0.0,0.0,0.0,True
2024-05-14,10.300000190734863,10.335000038146973,10.213459968566895,10.27750015258789,9.2833821136538,548979,0.0,0.0,0.0,True
2024-05-15,10.300000190734863,10.374509811401367,10.282500267028809,10.369999885559082,9.3669351831196,497850,0.0,0.0,0.0,True
2024-05-16,10.3725004196167,10.3725004196167,10.19635009765625,10.210000038146973,9.368954257363676,816346,0.1622,0.0,0.0,True
2024-05-17,10.229999542236328,10.25730037689209,10.145000457763672,10.164999961853027,9.327660587059446,369646,0.0,0.0,0.0,True
2024-05-20,10.212499618530273,10.212499618530273,10.117500305175781,10.130000114440918,9.295544261450926,470533,0.0,0.0,0.0,True
2024-05-21,10.130000114440918,10.15999984741211,10.095049858093262,10.145000457763672,9.309308818219003,308282,0.0,0.0,0.0,True
2024-05-22,10.09000015258789,10.125,10.0649995803833,10.085000038146973,9.25425156466369,583289,0.0,0.0,0.0,True
2024-05-23,10.087499618530273,10.142499923706055,10.057499885559082,10.0600004196167,9.231310636716897,120906,0.0,0.0,0.0,True
2024-05-24,10.072500228881836,10.095000267028809,10.045000076293945,10.072500228881836,9.242780613931796,358923,0.0,0.0,0.0,True
2024-05-28,10.149999618530273,10.149999618530273,10.041000366210938,10.050000190734863,9.222135239055172,545874,0.0,0.0,0.0,True
2024-05-29,10.047499656677246,10.09000015258789,9.947500228881836,9.947500228881836,9.128075974197824,460698,0.0,0.0,0.0,True
2024-05-30,9.970000267028809,9.996549606323242,9.935700416564941,9.994999885559082,9.171664224055231,372656,0.0,0.0,0.0,True
2024-05-31,9.930000305175781,10.055000305175781,9.925000190734863,10.032500267028809,9.206075129216925,226492,0.0,0.0,0.0,True
2024-06-03,10.104999542236328,10.142499923706055,10.037500381469727,10.107500076293945,9.274896939540316,586210,0.0,0.0,0.0,True
2024-06-04,10.104999542236328,10.158069610595703,10.039999961853027,10.140000343322754,9.304720632629644,408288,0.0,0.0,0.0,True
2024-06-05,10.100000381469727,10.182499885559082,10.082500457763672,10.137499809265137,9.302425079559475,289389,0.0,0.0,0.0,True
2024-06-06,10.140000343322754,10.210000038146973,10.082500457763672,10.162500381469727,9.325366981023263,182328,0.0,0.0,0.0,True
2024-06-07,10.157500267028809,10.207079887390137,10.0826997756958,10.100000381469727,9.268015147914774,295425,0.0,0.0,0.0,True
2024-06-10,10.0625,10.09749984741211,10.03499984741211,10.042499542236328,9.215249553361657,277218,0.0,0.0,0.0,True
2024-06-11,10.039999961853027,10.085840225219727,10.00238037109375,10.079999923706055,9.249661432040345,274487,0.0,0.0,0.0,True
2024-06-12,10.100000381469727,10.194999694824219,10.037360191345215,10.194999694824219,9.355188727078605,4720080,0.0,0.0,0.0,True
2024-06-13,10.1899995803833,10.192500114440918,10.1225004196167,10.192500114440918,9.352895121042422,469704,0.0,0.0,0.0,True
2024-06-14,10.147500038146973,10.264800071716309,10.137499809265137,10.257499694824219,9.412539586670102,430317,0.0,0.0,0.0,True
2024-06-17,10.2524995803833,10.29065990447998,10.199999809265137,10.199999809265137,9.359777886184958,195665,0.0,0.0,0.0,True
2024-06-18,10.217499732971191,10.279999732971191,10.202500343322754,10.260000228881836,9.414836113257264,306850,0.0,0.0,0.0,True
2024-06-19,10.197500228881836,10.264249801635742,10.197500228881836,10.2475004196167,9.40336516252537,190138,0.0,0.0,0.0,True
2024-06-20,10.282500267028809,10.292499542236328,10.206660270690918,10.242500305175781,9.39877600341902,166905,0.0,0.0,0.0,True
2024-06-21,10.199999809265137,10.34060001373291,10.199999809265137,10.239999771118164,9.396482397382837,406414,0.0,0.0,0.0,True
2024-06-24,10.239999771118164,10.252799987792969,10.197500228881836,10.225000381469727,9.382718814131753,206203,0.0,0.0,0.0,True
2024-06-25,10.232500076293945,10.276450157165527,10.227499961853027,10.2475004196167,9.40336516252537,256534,0.0,0.0,0.0,True
2024-06-26,10.242500305175781,10.242500305175781,10.1850004196167,10.1875,9.348306935453063,400058,0.0,0.0,0.0,True
2024-06-27,10.1899995803833,10.232000350952148,10.167499542236328,10.207500457763672,9.3666596778105,272973,0.0,0.0,0.0,True
2024-06-28,10.199999809265137,10.227100372314453,10.15999984741211,10.164999961853027,9.327660587059446,234141,0.0,0.0,0.0,True
2024-07-01,10.15250015258789,10.207500457763672,10.085000038146973,10.087499618530273,9.256545170699873,313371,0.0,0.0,0.0,True
2024-07-02,10.050000190734863,10.177399635314941,10.050000190734863,10.104999542236328,9.27260235998714,429161,0.0,0.0,0.0,True
2024-07-03,10.100000381469727,10.2475004196167,10.052499771118164,10.167499542236328,9.32995419309563,483569,0.0,0.0,0.0,True
2024-07-04,10.162500381469727,10.225000381469727,10.107500076293945,10.15250015258789,9.316190609844545,242405,0.0,0.0,0.0,True
2024-07-05,10.25,10.25,10.175000190734863,10.22249984741211,9.380424234578577,388822,0.0,0.0,0.0,True
2024-07-08,10.21500015258789,10.23740005493164,10.127699851989746,10.220000267028809,9.378130628542394,302653,0.0,0.0,0.0,True
2024-07-09,10.217499732971191,10.279999732971191,10.17609977722168,10.177499771118164,9.339130564274347,272007,0.0,0.0,0.0,True
2024-07-10,10.22249984741211,10.282500267028809,10.149999618530273,10.199999809265137,9.359777886184958,389822,0.0,0.0,0.0,True
2024-07-11,10.25,10.265000343322754,10.137499809265137,10.265000343322754,9.41942332532963,315111,0.0,0.0,0.0,True
2024-07-12,10.244999885559082,10.2475004196167,10.199000358581543,10.232500076293945,9.389599632240301,297632,0.0,0.0,0.0,True
2024-07-15,10.239999771118164,10.28320026397705,10.188799858093262,10.234999656677246,9.391894211793478,297231,0.0,0.0,0.0,True
2024-07-16,10.2524995803833,10.287500381469727,10.2524995803833,10.287500381469727,9.440070647240242,412941,0.0,0.0,0.0,True
2024-07-17,10.28499984741211,10.2878999710083,10.258179664611816,10.279999732971191,9.433186908580714,382787,0.0,0.0,0.0,True
2024-07-18,10.289999961853027,10.352499961853027,10.199999809265137,10.289999961853027,9.442363279759432,200711,0.0,0.0,0.0,True
2024-07-19,10.319999694824219,10.319999694824219,10.22700023651123,10.237500190734863,9.394188791346654,282330,0.0,0.0,0.0,True
2024-07-22,10.3125,10.3125,10.202500343322754,10.210000038146973,9.368954257363676,214714,0.0,0.0,0.0,True
2024-07-23,10.210000038146973,10.23462963104248,10.175000190734863,10.227499961853027,9.385011446650942,293195,0.0,0.0,0.0,True
2024-07-24,10.239999771118164,10.282500267028809,10.200799942016602,10.225000381469727,9.382718814131753,261373,0.0,0.0,0.0,True
2024-07-25,10.279999732971191,10.279999732971191,10.199999809265137,10.232500076293945,9.389599632240301,423763,0.0,0.0,0.0,True
2024-07-26,10.272500038146973,10.272500038146973,10.180999755859375,10.2475004196167,9.40336516252537,201249,0.0,0.0,0.0,True
2024-07-29,10.25,10.308950424194336,10.25,10.279999732971191,9.433186908580714,244335,0.0,0.0,0.0,True
2024-07-30,10.289999961853027,10.342499732971191,10.24020004272461,10.297499656677246,9.449246044901967,203416,0.0,0.0,0.0,True
2024-07-31,10.2475004196167,10.354999542236328,10.242500305175781,10.350000381469727,9.497421506831738,396263,0.0,0.0,0.0,True
2024-08-01,10.369999885559082,10.46500015258789,10.324999809265137,10.425000190734863,9.566243317155129,513999,0.0,0.0,0.0,True
2024-08-02,10.487500190734863,10.515000343322754,10.397500038146973,10.444999694824219,9.58459508599557,339508,0.0,0.0,0.0,True
2024-08-05,10.5,10.547499656677246,10.430000305175781,10.4375,9.577713294370028,2501955,0.0,0.0,0.0,True
2024-08-06,10.422499656677246,10.46500015258789,10.399999618530273,10.404999732971191,9.547890574797693,427002,0.0,0.0,0.0,True
2024-08-07,10.34000015258789,10.453700065612793,10.34000015258789,10.382499694824219,9.527244226404074,236823,0.0,0.0,0.0,True
2024-08-08,10.337499618530273,10.460000038146973,10.337499618530273,10.380000114440918,9.52495062036789,161279,0.0,0.0,0.0,True
2024-08-09,10.350000381469727,10.420000076293945,10.327500343322754,10.397500038146973,9.54100878317215,203212,0.0,0.0,0.0,True
2024-08-12,10.387499809265137,10.442500114440918,10.332500457763672,10.404999732971191,9.547890574797693,342081,0.0,0.0,0.0,True
2024-08-13,10.380000114440918,10.467040061950684,10.380000114440918,10.432499885559082,9.573124135263676,348983,0.0,0.0,0.0,True
2024-08-14,10.467499732971191,10.510000228881836,10.4350004196167,10.5,9.63506610099551,276187,0.0,0.0,0.0,True
2024-08-15,10.425000190734863,10.494999885559082,10.40999984741211,10.430000305175781,9.570831502744486,194259,0.0,0.0,0.0,True
2024-08-16,10.4399995803833,10.507499694824219,10.420000076293945,10.425000190734863,9.566243317155129,521253,0.0,0.0,0.0,True
2024-08-19,10.40999984741211,10.46500015258789,10.375,10.427499771118164,9.568535949674317,303076,0.0,0.0,0.0,True
2024-08-20,10.427499771118164,10.477499961853027,10.380000114440918,10.427499771118164,9.568535949674317,266817,0.0,0.0,0.0,True
2024-08-21,10.430000305175781,10.505000114440918,10.367500305175781,10.460000038146973,9.59836061628064,236442,0.0,0.0,0.0,True
2024-08-22,10.507499694824219,10.507499694824219,10.382200241088867,10.395000457763672,9.538716150652961,307658,0.0,0.0,0.0,True
2024-08-23,10.417499542236328,10.460000038146973,10.399999618530273,10.444999694824219,9.58459508599557,216381,0.0,0.0,0.0,True
2024-08-27,10.487500190734863,10.487500190734863,10.375,10.392499923706055,9.536419624065799,189967,0.0,0.0,0.0,True
2024-08-28,10.454999923706055,10.477499961853027,10.383700370788574,10.395000457763672,9.538716150652961,398152,0.0,0.0,0.0,True
2024-08-29,10.375,10.454999923706055,10.36870002746582,10.3774995803833,9.522655067297721,610090,0.0,0.0,0.0,True
2024-08-30,10.427499771118164,10.442500114440918,10.357500076293945,10.380000114440918,9.52495062036789,484988,0.0,0.0,0.0,True
2024-09-02,10.4350004196167,10.4350004196167,10.350000381469727,10.362500190734863,9.50889148404664,144223,0.0,0.0,0.0,True
2024-09-03,10.399999618530273,10.4399995803833,10.362500190734863,10.40999984741211,9.552478760387052,285042,0.0,0.0,0.0,True
2024-09-04,10.5,10.5,10.426799774169922,10.454999923706055,9.593772430691281,276303,0.0,0.0,0.0,True
2024-09-05,10.470000267028809,10.507499694824219,10.414999961853027,10.479999542236328,9.61671141160409,428530,0.0,0.0,0.0,True
2024-09-06,10.5,10.539999961853027,10.432499885559082,10.4975004196167,9.632771521442335,772213,0.0,0.0,0.0,True
2024-09-09,10.422499656677246,10.515000343322754,10.422499656677246,10.508749961853027,9.643094695639144,183343,0.0,0.0,0.0,True
2024-09-10,10.5625,10.567500114440918,10.475000381469727,10.537500381469727,9.669477006157207,219922,0.0,0.0,0.0,True
2024-09-11,10.5600004196167,10.600000381469727,10.53499984741211,10.600000381469727,9.726827865748703,207122,0.0,0.0,0.0,True
2024-09-12,10.569999694824219,10.645000457763672,10.507499694824219,10.574999809265137,9.703886937801908,157613,0.0,0.0,0.0,True
2024-09-13,10.587499618530273,10.6850004196167,10.576600074768066,10.595000267028809,9.722240653676337,128121,0.0,0.0,0.0,True
2024-09-16,10.664999961853027,10.667499542236328,10.543100357055664,10.607500076293945,9.733709657374245,137118,0.0,0.0,0.0,True
2024-09-17,10.677499771118164,10.677499771118164,10.579099655151367,10.585000038146973,9.713063308980626,190944,0.0,0.0,0.0,True
2024-09-18,10.582500457763672,10.630000114440918,10.521200180053711,10.537500381469727,9.669477006157207,200847,0.0,0.0,0.0,True
2024-09-19,10.515000343322754,10.587499618530273,10.454999923706055,10.494999885559082,9.630476941889158,260529,0.0,0.0,0.0,True
2024-09-20,10.425000190734863,10.52750015258789,10.425000190734863,10.47249984741211,9.609830593495541,741536,0.0,0.0,0.0,True
2024-09-23,10.479999542236328,10.515000343322754,10.4399995803833,10.462499618530273,9.600654222316823,446437,0.0,0.0,0.0,True
2024-09-24,10.432499885559082,10.487500190734863,10.405200004577637,10.470000267028809,9.607536013942365,441188,0.0,0.0,0.0,True
2024-09-25,10.432499885559082,10.477499961853027,10.404999732971191,10.404999732971191,9.547890574797693,255346,0.0,0.0,0.0,True
2024-09-26,10.40999984741211,10.430000305175781,10.387700080871582,10.404999732971191,9.547890574797693,161965,0.0,0.0,0.0,True
2024-09-27,10.430000305175781,10.430000305175781,10.380000114440918,10.407500267028809,9.550185154350869,953822,0.0,0.0,0.0,True
2024-09-30,10.385000228881836,10.422499656677246,10.380000114440918,10.40250015258789,9.545595995244517,1691754,0.0,0.0,0.0,True
2024-10-01,10.420000076293945,10.479999542236328,10.399999618530273,10.449999809265137,9.589184245101922,422945,0.0,0.0,0.0,True
2024-10-02,10.460000038146973,10.460000038146973,10.375,10.395000457763672,9.538716150652961,267199,0.0,0.0,0.0,True
2024-10-03,10.3774995803833,10.415900230407715,10.375,10.40999984741211,9.552478760387052,624510,0.0,0.0,0.0,True
2024-10-04,10.380000114440918,10.397500038146973,10.3100004196167,10.317500114440918,9.467598787259401,275643,0.0,0.0,0.0,True
2024-10-07,10.319999694824219,10.319999694824219,10.262499809265137,10.262499809265137,9.417129719293447,634087,0.0,0.0,0.0,True
2024-10-08,10.300000190734863,10.305000305175781,10.2475004196167,10.272500038146973,9.426305116955172,301296,0.0,0.0,0.0,True
2024-10-09,10.332500457763672,10.47249984741211,10.272500038146973,10.279999732971191,9.433186908580714,455002,0.0,0.0,0.0,True
2024-10-10,10.292499542236328,10.292499542236328,10.232500076293945,10.25,9.405659742078546,361333,0.0,0.0,0.0,True
2024-10-11,10.260000228881836,10.287500381469727,10.234700202941895,10.272500038146973,9.426305116955172,209566,0.0,0.0,0.0,True
2024-10-14,10.260000228881836,10.309000015258789,10.209500312805176,10.2475004196167,9.40336516252537,436111,0.0,0.0,0.0,True
2024-10-15,10.300000190734863,10.319999694824219,10.2475004196167,10.319999694824219,9.469892393295584,386959,0.0,0.0,0.0,True
2024-10-16,10.319999694824219,10.4375,10.3149995803833,10.407500267028809,9.550185154350869,438812,0.0,0.0,0.0,True
2024-10-17,10.414999961853027,10.414999961853027,10.357500076293945,10.390000343322754,9.534126018029616,325713,0.0,0.0,0.0,True
2024-10-18,10.329999923706055,10.414999961853027,10.329999923706055,10.407500267028809,9.550185154350869,382461,0.0,0.0,0.0,True
2024-10-21,10.40250015258789,10.432499885559082,10.345000267028809,10.345000267028809,9.49283332124238,328372,0.0,0.0,0.0,True
2024-10-22,10.317500114440918,10.353300094604492,10.295000076293945,10.3149995803833,9.465303234189232,430579,0.0,0.0,0.0,True
2024-10-23,10.287500381469727,10.342499732971191,10.262499809265137,10.27750015258789,9.430893302544531,268738,0.0,0.0,0.0,True
2024-10-24,10.27750015258789,10.297499656677246,10.212499618530273,10.267499923706055,9.42171595784882,604025,0.0,0.0,0.0,True
2024-10-25,10.289999961853027,10.305299758911133,10.267499923706055,10.295000076293945,9.446951465348791,315694,0.0,0.0,0.0,True
2024-10-28,10.2475004196167,10.32349967956543,10.227499961853027,10.274999618530273,9.428599696508348,277078,0.0,0.0,0.0,True
2024-10-29,10.287500381469727,10.287500381469727,10.22249984741211,10.22249984741211,9.380424234578577,612840,0.0,0.0,0.0,True
2024-10-30,10.295000076293945,10.331399917602539,10.161879539489746,10.225000381469727,9.382718814131753,605068,0.0,0.0,0.0,True
2024-10-31,10.142499923706055,10.1899995803833,10.079999923706055,10.135000228881836,9.300131473523292,4525863,0.0,0.0,0.0,True
2024-11-01,10.074999809265137,10.185199737548828,10.0024995803833,10.125,9.290956075861569,2623322,0.0,0.0,0.0,True
2024-11-04,10.172499656677246,10.1850004196167,10.107500076293945,10.112500190734863,9.279485125129675,318684,0.0,0.0,0.0,True
2024-11-05,10.132499694824219,10.132499694824219,10.067500114440918,10.079999923706055,9.249661432040345,361841,0.0,0.0,0.0,True
2024-11-06,10.09749984741211,10.114999771118164,10.022500038146973,10.0600004196167,9.231310636716897,478091,0.0,0.0,0.0,True
2024-11-07,10.100000381469727,10.117500305175781,10.029999732971191,10.087499618530273,9.256545170699873,537833,0.0,0.0,0.0,True
2024-11-08,10.154999732971191,10.162500381469727,10.092499732971191,10.145000457763672,9.309308818219003,441003,0.0,0.0,0.0,True
2024-11-11,10.1899995803833,10.1899995803833,10.125,10.167499542236328,9.32995419309563,1117736,0.0,0.0,0.0,True
2024-11-12,10.145000457763672,10.182499885559082,10.1225004196167,10.1225004196167,9.288661496308393,596853,0.0,0.0,0.0,True
2024-11-13,10.1225004196167,10.149999618530273,10.077500343322754,10.102499961853027,9.270308753950957,386150,0.0,0.0,0.0,True
2024-11-14,9.850000381469727,9.9350004196167,9.842419624328613,9.9350004196167,9.303083177046936,250944,0.2025,0.0,0.0,True
2024-11-15,9.757499694824219,9.942500114440918,9.757499694824219,9.927499771118164,9.296059608459473,282848,0.0,0.0,0.0,False
2024-11-18,9.920000076293945,9.960000038146973,9.897500038146973,9.925000190734863,9.293718338012695,612898,0.0,0.0,0.0,False
2024-11-19,9.930000305175781,9.994999885559082,9.922499656677246,9.947500228881836,9.314787864685059,319512,0.0,0.0,0.0,False
2024-11-20,9.90999984741211,9.952500343322754,9.90250015258789,9.949999809265137,9.317129135131836,397932,0.0,0.0,0.0,False
2024-11-21,9.9399995803833,9.97249984741211,9.907500267028809,9.949999809265137,9.317129135131836,359463,0.0,0.0,0.0,False
2024-11-22,9.932499885559082,10.010000228881836,9.930000305175781,9.987500190734863,9.35224437713623,319907,0.0,0.0,0.0,False
2024-11-25,10.037500381469727,10.0600004196167,10.0,10.042499542236328,9.4037446975708,606218,0.0,0.0,0.0,False
2024-11-26,10.045000076293945,10.045000076293945,10.007499694824219,10.020000457763672,9.38267707824707,286211,0.0,0.0,0.0,False
2024-11-27,10.092499732971191,10.092499732971191,10.039999961853027,10.0649995803833,9.424814224243164,555568,0.0,0.0,0.0,False
2024-11-28,10.260000228881836,10.742500305175781,9.979999542236328,10.082500457763672,9.441201210021973,717924,0.0,0.0,0.0,False
2024-11-29,10.0600004196167,10.1225004196167,10.0600004196167,10.107500076293945,9.464612007141113,651996,0.0,0.0,0.0,False
2024-12-02,10.09000015258789,10.137499809265137,10.085000038146973,10.119999885559082,9.47631549835205,1027522,0.0,0.0,0.0,False
2024-12-03,10.145000457763672,10.145000457763672,10.085000038146973,10.100000381469727,9.457588195800781,391528,0.0,0.0,0.0,False
2024-12-04,10.095000267028809,10.109999656677246,10.0600004196167,10.104999542236328,9.46226978302002,404567,0.0,0.0,0.0,False
2024-12-05,10.112500190734863,10.1274995803833,10.072500228881836,10.074999809265137,9.434178352355957,458073,0.0,0.0,0.0,False
2024-12-06,10.074999809265137,10.117500305175781,10.0600004196167,10.069999694824219,9.429495811462402,604042,0.0,0.0,0.0,False
2024-12-09,10.079999923706055,10.114999771118164,10.074999809265137,10.079999923706055,9.438859939575195,242609,0.0,0.0,0.0,False
2024-12-10,10.042499542236328,10.087499618530273,10.029999732971191,10.039999961853027,9.40140438079834,849255,0.0,0.0,0.0,False
2024-12-11,10.057499885559082,10.067500114440918,10.017499923706055,10.029999732971191,9.392040252685547,982092,0.0,0.0,0.0,False
2024-12-12,10.069999694824219,10.069999694824219,9.992500305175781,10.020000457763672,9.38267707824707,412906,0.0,0.0,0.0,False
2024-12-13,9.984999656677246,10.02750015258789,9.977499961853027,9.977499961853027,9.342880249023438,359082,0.0,0.0,0.0,False
2024-12-16,10.012499809265137,10.012499809265137,9.947500228881836,9.947500228881836,9.314787864685059,231948,0.0,0.0,0.0,False
2024-12-17,9.987500190734863,9.987500190734863,9.892499923706055,9.907500267028809,9.277332305908203,641084,0.0,0.0,0.0,False
2024-12-18,9.9399995803833,9.9399995803833,9.862500190734863,9.887499809265137,9.2586030960083,658676,0.0,0.0,0.0,False
2024-12-19,9.850000381469727,9.887499809265137,9.802499771118164,9.863750457763672,9.236366271972656,928727,0.0,0.0,0.0,False
2024-12-20,9.930000305175781,10.0,9.805000305175781,9.914999961853027,9.284355163574219,469580,0.0,0.0,0.0,False
2024-12-23,9.864999771118164,9.912500381469727,9.864999771118164,9.885000228881836,9.256263732910156,229904,0.0,0.0,0.0,False
2024-12-24,9.8100004196167,9.890000343322754,9.8100004196167,9.890000343322754,9.260946273803711,103762,0.0,0.0,0.0,False
2024-12-27,9.869999885559082,9.869999885559082,9.81624984741211,9.835000038146973,9.209444046020508,262865,0.0,0.0,0.0,False
2024-12-30,9.845000267028809,9.862500190734863,9.8125,9.84749984741211,9.221148490905762,128866,0.0,0.0,0.0,False
2024-12-31,9.875,10.067500114440918,9.832500457763672,9.880000114440918,9.251581192016602,80765,0.0,0.0,0.0,False
2025-01-02,9.890000343322754,9.920000076293945,9.845000267028809,9.859999656677246,9.232853889465332,374470,0.0,0.0,0.0,False
2025-01-03,9.869999885559082,9.897500038146973,9.852499961853027,9.852499961853027,9.225830078125,1106698,0.0,0.0,0.0,False
2025-01-06,9.867500305175781,9.8725004196167,9.829999923706055,9.84000015258789,9.214125633239746,230829,0.0,0.0,0.0,False
2025-01-07,9.84000015258789,9.869999885559082,9.792499542236328,9.807499885559082,9.18369197845459,364326,0.0,0.0,0.0,False
2025-01-08,9.84000015258789,9.84000015258789,9.698399543762207,9.732500076293945,9.113462448120117,515153,0.0,0.0,0.0,False
2025-01-09,9.732500076293945,9.742500305175781,9.602499961853027,9.737500190734863,9.118145942687988,983848,0.0,0.0,0.0,False
2025-01-10,9.717499732971191,9.723099708557129,9.667499542236328,9.710000038146973,9.09239387512207,581250,0.0,0.0,0.0,False
2025-01-13,9.680000305175781,9.707500457763672,9.65250015258789,9.6899995803833,9.073665618896484,551802,0.0,0.0,0.0,False
2025-01-14,9.677499771118164,9.727499961853027,9.670000076293945,9.670000076293945,9.054938316345215,645389,0.0,0.0,0.0,False
2025-01-15,9.682499885559082,9.819999694824219,9.680000305175781,9.789999961853027,9.167305946350098,777206,0.0,0.0,0.0,False
2025-01-16,9.805000305175781,9.842499732971191,9.767499923706055,9.838749885559082,9.2129545211792,256951,0.0,0.0,0.0,False
2025-01-17,9.739999771118164,9.890000343322754,9.739999771118164,9.854999542236328,9.228171348571777,750629,0.0,0.0,0.0,False
2025-01-20,9.854999542236328,9.907500267028809,9.8125,9.84749984741211,9.221148490905762,5475310,0.0,0.0,0.0,False
2025-01-21,9.842499732971191,9.904999732971191,9.837499618530273,9.904999732971191,9.274991035461426,957294,0.0,0.0,0.0,False
2025-01-22,9.907500267028809,9.914999961853027,9.869999885559082,9.880000114440918,9.251581192016602,301862,0.0,0.0,0.0,False
2025-01-23,9.862500190734863,9.897500038146973,9.859999656677246,9.890000343322754,9.260946273803711,514310,0.0,0.0,0.0,False
2025-01-24,9.904999732971191,9.914999961853027,9.850000381469727,9.875,9.246899604797363,352004,0.0,0.0,0.0,False
2025-01-27,9.9399995803833,9.9399995803833,9.892499923706055,9.922499656677246,9.291377067565918,606798,0.0,0.0,0.0,False
2025-01-28,9.90999984741211,9.932499885559082,9.890000343322754,9.90250015258789,9.272649765014648,430833,0.0,0.0,0.0,False
2025-01-29,9.927499771118164,9.93554973602295,9.890000343322754,9.890000343322754,9.260946273803711,407943,0.0,0.0,0.0,False
2025-01-30,9.899999618530273,9.962499618530273,9.899999618530273,9.942500114440918,9.31010627746582,1255199,0.0,0.0,0.0,False
2025-01-31,9.9350004196167,9.977499961853027,9.920000076293945,9.942500114440918,9.31010627746582,1054379,0.0,0.0,0.0,False
2025-02-03,9.850000381469727,10.020000457763672,9.850000381469727,9.989999771118164,9.354584693908691,1085746,0.0,0.0,0.0,False
2025-02-04,9.987500190734863,9.987500190734863,9.925000190734863,9.96500015258789,9.331174850463867,630714,0.0,0.0,0.0,False
2025-02-05,9.979999542236328,10.042499542236328,9.97249984741211,10.029999732971191,9.392040252685547,464757,0.0,0.0,0.0,False
2025-02-06,10.042499542236328,10.095000267028809,10.0024995803833,10.010000228881836,9.373312950134277,789982,0.0,0.0,0.0,False
2025-02-07,10.0,10.055000305175781,9.984999656677246,10.0024995803833,9.366289138793945,810840,0.0,0.0,0.0,False
2025-02-10,10.022500038146973,10.042499542236328,9.977499961853027,10.010000228881836,9.373312950134277,464409,0.0,0.0,0.0,False
2025-02-11,10.017499923706055,10.029999732971191,9.975000381469727,9.9975004196167,9.361607551574707,327795,0.0,0.0,0.0,False
2025-02-12,9.9975004196167,9.9975004196167,9.933300018310547,9.953749656677246,9.320639610290527,462863,0.0,0.0,0.0,False
2025-02-13,9.947500228881836,10.020000457763672,9.932499885559082,10.005000114440918,9.368630409240723,547618,0.0,0.0,0.0,False
2025-02-14,10.050000190734863,10.050000190734863,9.97249984741211,10.012499809265137,9.375654220581055,345756,0.0,0.0,0.0,False
2025-02-17,9.927499771118164,9.989999771118164,9.922499656677246,9.984999656677246,9.349902153015137,366218,0.0,0.0,0.0,False
2025-02-18,9.970000267028809,9.97249984741211,9.9350004196167,9.954999923706055,9.32181167602539,555173,0.0,0.0,0.0,False
2025-02-19,9.922499656677246,9.960000038146973,9.90999984741211,9.917499542236328,9.28669548034668,868251,0.0,0.0,0.0,False
2025-02-20,9.920000076293945,9.944999694824219,9.899999618530273,9.932499885559082,9.300743103027344,440435,0.0,0.0,0.0,False
2025-02-21,9.899999618530273,9.960000038146973,9.899999618530273,9.954999923706055,9.32181167602539,348446,0.0,0.0,0.0,False
2025-02-24,9.979999542236328,9.979999542236328,9.930000305175781,9.958749771118164,9.325323104858398,4038561,0.0,0.0,0.0,False
2025-02-25,9.970000267028809,10.024999618530273,9.967499732971191,10.0024995803833,9.366289138793945,603208,0.0,0.0,0.0,False
2025-02-26,9.987500190734863,10.037500381469727,9.987500190734863,10.005000114440918,9.368630409240723,311910,0.0,0.0,0.0,False
2025-02-27,10.015000343322754,10.045000076293945,9.984999656677246,9.994999885559082,9.35926628112793,477243,0.0,0.0,0.0,False
2025-02-28,10.045000076293945,10.045000076293945,10.005000114440918,10.022500038146973,9.385017395019531,2260960,0.0,0.0,0.0,False
2025-03-03,10.007499694824219,10.039999961853027,9.962499618530273,10.0,9.363948822021484,549844,0.0,0.0,0.0,False
2025-03-04,10.0024995803833,10.050000190734863,10.0024995803833,10.022500038146973,9.385017395019531,510495,0.0,0.0,0.0,False
2025-03-05,10.050000190734863,10.050000190734863,9.890000343322754,9.920000076293945,9.289037704467773,363797,0.0,0.0,0.0,False
2025-03-06,9.84749984741211,10.0,9.829099655151367,9.914999961853027,9.284355163574219,858282,0.0,0.0,0.0,False
2025-03-07,9.925000190734863,9.979999542236328,9.895000457763672,9.9350004196167,9.303083419799805,592676,0.0,0.0,0.0,False
2025-03-10,9.952500343322754,9.977499961853027,9.9375,9.9375,9.305423736572266,1041306,0.0,0.0,0.0,False
2025-03-11,9.895000457763672,9.975000381469727,9.890899658203125,9.913749694824219,9.283184051513672,313856,0.0,0.0,0.0,False
2025-03-12,9.887499809265137,9.930000305175781,9.867500305175781,9.8725004196167,9.244559288024902,323198,0.0,0.0,0.0,False
2025-03-13,9.869999885559082,9.932499885559082,9.859999656677246,9.904999732971191,9.274991035461426,381047,0.0,0.0,0.0,False
2025-03-14,9.954999923706055,9.970000267028809,9.890000343322754,9.930000305175781,9.298401832580566,383325,0.0,0.0,0.0,False
2025-03-17,9.904999732971191,9.977499961853027,9.904999732971191,9.977499961853027,9.342880249023438,512051,0.0,0.0,0.0,False
2025-03-18,9.967499732971191,9.985799789428711,9.917699813842773,9.947500228881836,9.314787864685059,318464,0.0,0.0,0.0,False
2025-03-19,9.954999923706055,10.012499809265137,9.942500114440918,9.962499618530273,9.32883358001709,326032,0.0,0.0,0.0,False
2025-03-20,9.899999618530273,10.022500038146973,9.899999618530273,9.960000038146973,9.326492309570312,725665,0.0,0.0,0.0,False
2025-03-21,9.9350004196167,9.960000038146973,9.899999618530273,9.899999618530273,9.270308494567871,496052,0.0,0.0,0.0,False
2025-03-24,9.897500038146973,9.942500114440918,9.862500190734863,9.895000457763672,9.26562786102295,713596,0.0,0.0,0.0,False
2025-03-25,9.880000114440918,9.895000457763672,9.852499961853027,9.859999656677246,9.232853889465332,345289,0.0,0.0,0.0,False
2025-03-26,10.050000190734863,10.050000190734863,9.837499618530273,9.892499923706055,9.263286590576172,570991,0.0,0.0,0.0,False
2025-03-27,9.8774995803833,9.920000076293945,9.842100143432617,9.857500076293945,9.230512619018555,456197,0.0,0.0,0.0,False
2025-03-28,9.887499809265137,9.970000267028809,9.882499694824219,9.90999984741211,9.279672622680664,539613,0.0,0.0,0.0,False
2025-03-31,9.930000305175781,9.977499961853027,9.90999984741211,9.930000305175781,9.298401832580566,425535,0.0,0.0,0.0,False
2025-04-01,9.917499542236328,10.0,9.917499542236328,9.962499618530273,9.32883358001709,301810,0.0,0.0,0.0,False
2025-04-02,9.970000267028809,10.0,9.9399995803833,9.949999809265137,9.317129135131836,292839,0.0,0.0,0.0,False
2025-04-03,9.989999771118164,10.055000305175781,9.984999656677246,10.052499771118164,9.413108825683594,505447,0.0,0.0,0.0,False
2025-04-04,10.0600004196167,10.149999618530273,10.0600004196167,10.117500305175781,9.47397518157959,1006123,0.0,0.0,0.0,False
2025-04-07,10.162500381469727,10.1850004196167,9.895000457763672,9.954999923706055,9.32181167602539,1118770,0.0,0.0,0.0,False
2025-04-08,9.979999542236328,10.022500038146973,9.911999702453613,9.944999694824219,9.312446594238281,650188,0.0,0.0,0.0,False
2025-04-09,10.050000190734863,10.050000190734863,9.787799835205078,9.822500228881836,9.197738647460938,606556,0.0,0.0,0.0,False
2025-04-10,9.824999809265137,9.967499732971191,9.802499771118164,9.967499732971191,9.333516120910645,853044,0.0,0.0,0.0,False
2025-04-11,9.800000190734863,9.947500228881836,9.800000190734863,9.895000457763672,9.26562786102295,821705,0.0,0.0,0.0,False
2025-04-14,9.897500038146973,9.957500457763672,9.895000457763672,9.957500457763672,9.324151992797852,282556,0.0,0.0,0.0,False
2025-04-15,9.957500457763672,9.982500076293945,9.925000190734863,9.9375,9.305423736572266,538282,0.0,0.0,0.0,False
2025-04-16,10.039999961853027,10.039999961853027,9.947500228881836,9.989999771118164,9.354584693908691,386457,0.0,0.0,0.0,False
2025-04-17,9.992500305175781,10.02750015258789,9.944999694824219,10.0024995803833,9.366289138793945,313650,0.0,0.0,0.0,False
2025-04-22,10.005000114440918,10.022500038146973,9.960000038146973,10.017499923706055,9.380334854125977,395897,0.0,0.0,0.0,False
2025-04-23,10.010000228881836,10.100000381469727,10.010000228881836,10.015000343322754,9.377995491027832,561817,0.0,0.0,0.0,False
2025-04-24,9.895000457763672,10.085000038146973,9.895000457763672,10.085000038146973,9.443543434143066,328415,0.0,0.0,0.0,False
2025-04-25,10.0625,10.09749984741211,10.03499984741211,10.072500228881836,9.431838035583496,329413,0.0,0.0,0.0,False
2025-04-28,10.0600004196167,10.100000381469727,10.042499542236328,10.069999694824219,9.429495811462402,1219647,0.0,0.0,0.0,False
2025-04-29,10.0,10.100000381469727,10.0,10.079999923706055,9.438859939575195,245439,0.0,0.0,0.0,False
2025-04-30,10.079999923706055,10.132499694824219,10.079999923706055,10.1225004196167,9.478657722473145,2302146,0.0,0.0,0.0,False
2025-05-01,10.149999618530273,10.1850004196167,10.067500114440918,10.067500114440918,9.427155494689941,216752,0.0,0.0,0.0,False
2025-05-02,10.074999809265137,10.1274995803833,10.057499885559082,10.067500114440918,9.427155494689941,403433,0.0,0.0,0.0,False
2025-05-06,10.047499656677246,10.0649995803833,9.989999771118164,10.0649995803833,9.424814224243164,431467,0.0,0.0,0.0,False
2025-05-07,10.055000305175781,10.106499671936035,10.047499656677246,10.102499961853027,9.459928512573242,240069,0.0,0.0,0.0,False
2025-05-08,10.092499732971191,10.117500305175781,10.03499984741211,10.045000076293945,9.406086921691895,458140,0.0,0.0,0.0,False
2025-05-09,10.017499923706055,10.037500381469727,9.989999771118164,10.015000343322754,9.377995491027832,408898,0.0,0.0,0.0,False
2025-05-12,9.987500190734863,9.989999771118164,9.942500114440918,9.975000381469727,9.34053897857666,417764,0.0,0.0,0.0,False
2025-05-13,9.989999771118164,9.989999771118164,9.947500228881836,9.949999809265137,9.317129135131836,380974,0.0,0.0,0.0,False
2025-05-14,9.949999809265137,9.970000267028809,9.90999984741211,9.927499771118164,9.296059608459473,388047,0.0,0.0,0.0,False
2025-05-15,9.977499961853027,9.977499961853027,9.710000038146973,9.7524995803833,9.132190704345703,498712,0.0,0.0,0.0,False
2025-05-16,9.8100004196167,9.8100004196167,9.762499809265137,9.762499809265137,9.338229179382324,332613,0.2054,0.0,0.0,False
2025-05-19,9.765000343322754,9.770000457763672,9.704999923706055,9.767499923706055,9.343012809753418,332823,0.0,0.0,0.0,False
2025-05-20,9.739999771118164,9.800000190734863,9.71500015258789,9.732500076293945,9.309534072875977,443795,0.0,0.0,0.0,False
2025-05-21,9.800000190734863,9.800000190734863,9.670000076293945,9.6850004196167,9.264098167419434,346429,0.0,0.0,0.0,False
2025-05-22,9.694999694824219,9.697500228881836,9.645000457763672,9.692500114440918,9.271271705627441,1140940,0.0,0.0,0.0,False
2025-05-23,9.710000038146973,9.737500190734863,9.680000305175781,9.704999923706055,9.283227920532227,504931,0.0,0.0,0.0,False
2025-05-27,9.767499923706055,9.845000267028809,9.72249984741211,9.760000228881836,9.335838317871094,520235,0.0,0.0,0.0,False
2025-05-28,9.757499694824219,9.757499694824219,9.71500015258789,9.725000381469727,9.302359580993652,1111756,0.0,0.0,0.0,False
2025-05-29,9.72249984741211,9.792499542236328,9.692500114440918,9.792499542236328,9.366925239562988,446457,0.0,0.0,0.0,False
2025-05-30,9.800000190734863,9.805000305175781,9.755000114440918,9.78499984741211,9.35975170135498,274817,0.0,0.0,0.0,False
2025-06-02,9.767499923706055,9.789999961853027,9.734100341796875,9.765000343322754,9.340620994567871,157017,0.0,0.0,0.0,False
2025-06-03,9.782500267028809,9.827500343322754,9.782500267028809,9.805000305175781,9.37888240814209,275752,0.0,0.0,0.0,False
2025-06-04,9.77750015258789,9.84220027923584,9.770000457763672,9.837499618530273,9.409969329833984,465979,0.0,0.0,0.0,False
2025-06-05,9.800000190734863,9.8725004196167,9.800000190734863,9.829999923706055,9.402796745300293,259478,0.0,0.0,0.0,False
2025-06-06,9.827500343322754,9.852499961853027,9.800000190734863,9.807499885559082,9.381274223327637,391961,0.0,0.0,0.0,False
2025-06-09,9.850000381469727,9.8725004196167,9.787500381469727,9.8100004196167,9.383666038513184,162087,0.0,0.0,0.0,False
2025-06-10,9.854999542236328,9.899999618530273,9.837499618530273,9.869999885559082,9.441058158874512,450349,0.0,0.0,0.0,False
2025-06-11,9.850000381469727,9.885000228881836,9.827500343322754,9.859999656677246,9.43149185180664,547963,0.0,0.0,0.0,False
2025-06-12,9.90999984741211,9.954999923706055,9.875,9.9399995803833,9.508014678955078,307815,0.0,0.0,0.0,False
2025-06-13,9.970000267028809,9.970000267028809,9.875,9.885000228881836,9.455405235290527,148392,0.0,0.0,0.0,False
2025-06-16,9.859999656677246,10.0,9.845199584960938,9.890000343322754,9.460188865661621,491863,0.0,0.0,0.0,False
2025-06-17,9.8725004196167,9.914999961853027,9.859999656677246,9.887499809265137,9.457797050476074,500865,0.0,0.0,0.0,False
2025-06-18,9.887499809265137,9.920000076293945,9.859999656677246,9.917499542236328,9.486493110656738,603299,0.0,0.0,0.0,False
2025-06-19,9.805000305175781,9.920000076293945,9.805000305175781,9.875,9.445840835571289,178234,0.0,0.0,0.0,False
2025-06-20,9.922499656677246,9.9375,9.869999885559082,9.895000457763672,9.464971542358398,252498,0.0,0.0,0.0,False
2025-06-23,9.8725004196167,9.9350004196167,9.852499961853027,9.932499885559082,9.500842094421387,156198,0.0,0.0,0.0,False
2025-06-24,9.960000038146973,9.960000038146973,9.889399528503418,9.9350004196167,9.503232955932617,192599,0.0,0.0,0.0,False
2025-06-25,9.967499732971191,9.967499732971191,9.912500381469727,9.920000076293945,9.488884925842285,217179,0.0,0.0,0.0,False
2025-06-26,9.96500015258789,9.96500015258789,9.907500267028809,9.952500343322754,9.519972801208496,674381,0.0,0.0,0.0,False
2025-06-27,9.914999961853027,9.960000038146973,9.904999732971191,9.90999984741211,9.47931957244873,242745,0.0,0.0,0.0,False
2025-06-30,9.899999618530273,9.947500228881836,9.899999618530273,9.912500381469727,9.481711387634277,1116565,0.0,0.0,0.0,False
2025-07-01,9.962499618530273,9.979999542236328,9.9375,9.954999923706055,9.522363662719727,459734,0.0,0.0,0.0,False
2025-07-02,9.942500114440918,9.952500343322754,9.800000190734863,9.829999923706055,9.402796745300293,966373,0.0,0.0,0.0,False
2025-07-03,9.8725004196167,9.90999984741211,9.84000015258789,9.882499694824219,9.453014373779297,758427,0.0,0.0,0.0,False
2025-07-04,9.90250015258789,9.925000190734863,9.869999885559082,9.875,9.445840835571289,287996,0.0,0.0,0.0,False
2025-07-07,9.875,9.914999961853027,9.845000267028809,9.850000381469727,9.421927452087402,588322,0.0,0.0,0.0,False
2025-07-08,9.829999923706055,9.857500076293945,9.797499656677246,9.819999694824219,9.393230438232422,805781,0.0,0.0,0.0,False
2025-07-09,9.800000190734863,9.842499732971191,9.800000190734863,9.837499618530273,9.409969329833984,278952,0.0,0.0,0.0,False
2025-07-10,9.84000015258789,9.869999885559082,9.832099914550781,9.850000381469727,9.421927452087402,340121,0.0,0.0,0.0,False
2025-07-11,9.857500076293945,9.857500076293945,9.817500114440918,9.827500343322754,9.400405883789062,268832,0.0,0.0,0.0,False
2025-07-14,9.75,9.8774995803833,9.75,9.835000038146973,9.40757942199707,2166184,0.0,0.0,0.0,False
2025-07-15,9.84749984741211,9.8725004196167,9.800000190734863,9.8149995803833,9.388447761535645,299600,0.0,0.0,0.0,False
2025-07-16,9.837499618530273,9.837499618530273,9.782500267028809,9.817500114440918,9.390839576721191,634655,0.0,0.0,0.0,False
2025-07-17,9.8125,9.817500114440918,9.774999618530273,9.8100004196167,9.383666038513184,502355,0.0,0.0,0.0,False
2025-07-18,9.807499885559082,9.807499885559082,9.770000457763672,9.78499984741211,9.35975170135498,406919,0.0,0.0,0.0,False
2025-07-21,9.807499885559082,9.845000267028809,9.792499542236328,9.845000267028809,9.417143821716309,304856,0.0,0.0,0.0,False
2025-07-22,9.857500076293945,9.869999885559082,9.805000305175781,9.864999771118164,9.436274528503418,344614,0.0,0.0,0.0,False
2025-07-23,9.857500076293945,9.857500076293945,9.817500114440918,9.824999809265137,9.3980131149292,369016,0.0,0.0,0.0,False
2025-07-24,9.824999809265137,9.850000381469727,9.795000076293945,9.845000267028809,9.417143821716309,307596,0.0,0.0,0.0,False
2025-07-25,9.805000305175781,9.845000267028809,9.800000190734863,9.832500457763672,9.40518856048584,228721,0.0,0.0,0.0,False
2025-07-28,9.949999809265137,9.949999809265137,9.8125,9.819999694824219,9.393230438232422,341360,0.0,0.0,0.0,False
2025-07-29,9.84749984741211,9.854999542236328,9.802300453186035,9.845000267028809,9.417143821716309,579398,0.0,0.0,0.0,False
2025-07-30,9.845000267028809,9.880000114440918,9.829999923706055,9.862500190734863,9.433883666992188,362052,0.0,0.0,0.0,False
2025-07-31,9.907500267028809,9.907500267028809,9.864999771118164,9.892499923706055,9.462579727172852,993813,0.0,0.0,0.0,False
2025-08-01,9.84749984741211,9.930000305175781,9.829999923706055,9.90999984741211,9.47931957244873,362085,0.0,0.0,0.0,False
2025-08-04,9.917499542236328,9.9399995803833,9.882499694824219,9.927499771118164,9.49605941772461,290145,0.0,0.0,0.0,False
2025-08-05,9.947500228881836,9.949999809265137,9.90999984741211,9.932499885559082,9.500842094421387,824133,0.0,0.0,0.0,False
2025-08-06,9.917499542236328,9.9350004196167,9.892499923706055,9.912500381469727,9.481711387634277,343330,0.0,0.0,0.0,False
2025-08-07,9.9350004196167,9.9350004196167,9.887499809265137,9.90999984741211,9.47931957244873,158205,0.0,0.0,0.0,False
2025-08-08,9.90999984741211,9.90999984741211,9.859999656677246,9.859999656677246,9.43149185180664,380622,0.0,0.0,0.0,False
2025-08-11,9.8725004196167,9.907500267028809,9.854999542236328,9.892499923706055,9.462579727172852,783864,0.0,0.0,0.0,False
2025-08-12,9.882499694824219,9.892499923706055,9.837499618530273,9.852499961853027,9.424318313598633,298234,0.0,0.0,0.0,False
2025-08-13,9.850000381469727,9.885000228881836,9.850000381469727,9.869999885559082,9.441058158874512,272662,0.0,0.0,0.0,False
2025-08-14,9.882499694824219,9.90250015258789,9.832500457763672,9.842499732971191,9.414752006530762,555202,0.0,0.0,0.0,False
2025-08-15,9.84749984741211,9.869999885559082,9.79889965057373,9.805000305175781,9.37888240814209,548923,0.0,0.0,0.0,False
2025-08-18,9.824999809265137,9.829999923706055,9.760000228881836,9.765000343322754,9.340620994567871,176827,0.0,0.0,0.0,False
2025-08-19,9.760000228881836,9.789999961853027,9.755000114440918,9.770000457763672,9.345404624938965,310909,0.0,0.0,0.0,False
2025-08-20,9.77750015258789,9.824999809265137,9.75,9.819999694824219,9.393230438232422,583982,0.0,0.0,0.0,False
2025-08-21,9.827500343322754,9.845000267028809,9.779999732971191,9.787500381469727,9.362144470214844,658815,0.0,0.0,0.0,False
2025-08-22,9.779999732971191,9.822500228881836,9.765000343322754,9.807499885559082,9.381274223327637,252845,0.0,0.0,0.0,False
2025-08-26,9.797499656677246,9.829999923706055,9.720000267028809,9.77750015258789,9.352578163146973,315929,0.0,0.0,0.0,False
2025-08-27,9.770000457763672,9.800000190734863,9.757499694824219,9.779999732971191,9.354969024658203,420189,0.0,0.0,0.0,False
2025-08-28,9.789999961853027,9.824999809265137,9.779999732971191,9.805000305175781,9.37888240814209,194561,0.0,0.0,0.0,False
2025-08-29,9.807499885559082,9.824999809265137,9.78499984741211,9.787500381469727,9.362144470214844,650961,0.0,0.0,0.0,False
2025-09-01,9.805000305175781,9.805000305175781,9.762499809265137,9.765000343322754,9.340620994567871,195561,0.0,0.0,0.0,False
2025-09-02,9.765000343322754,9.765000343322754,9.720000267028809,9.729999542236328,9.30714225769043,287130,0.0,0.0,0.0,False
2025-09-03,9.757499694824219,9.789199829101562,9.704999923706055,9.779999732971191,9.354969024658203,547541,0.0,0.0,0.0,False
2025-09-04,9.789999961853027,9.824999809265137,9.765000343322754,9.800000190734863,9.374099731445312,448533,0.0,0.0,0.0,False
2025-09-05,9.805000305175781,9.859999656677246,9.805000305175781,9.854999542236328,9.426709175109863,686351,0.0,0.0,0.0,False
2025-09-08,9.854999542236328,9.895000457763672,9.845000267028809,9.895000457763672,9.464971542358398,566275,0.0,0.0,0.0,False
2025-09-09,9.880000114440918,9.899999618530273,9.859999656677246,9.880000114440918,9.450623512268066,274951,0.0,0.0,0.0,False
2025-09-10,9.8774995803833,9.90250015258789,9.857500076293945,9.8725004196167,9.443449974060059,547753,0.0,0.0,0.0,False
2025-09-11,9.859999656677246,9.914999961853027,9.84000015258789,9.899999618530273,9.46975326538086,546156,0.0,0.0,0.0,False
2025-09-12,9.895000457763672,9.90999984741211,9.857500076293945,9.857500076293945,9.42910099029541,229492,0.0,0.0,0.0,False
2025-09-15,9.862500190734863,9.887499809265137,9.845000267028809,9.8725004196167,9.443449974060059,227280,0.0,0.0,0.0,False
2025-09-16,9.899999618530273,9.899999618530273,9.862500190734863,9.8725004196167,9.443449974060059,281313,0.0,0.0,0.0,False
2025-09-17,9.880000114440918,9.90999984741211,9.8774995803833,9.890000343322754,9.460188865661621,208108,0.0,0.0,0.0,False
2025-09-18,9.897500038146973,9.917499542236328,9.857500076293945,9.8725004196167,9.443449974060059,155883,0.0,0.0,0.0,False
2025-09-19,9.800000190734863,9.897500038146973,9.800000190734863,9.835000038146973,9.40757942199707,373532,0.0,0.0,0.0,False
2025-09-22,9.827500343322754,9.850000381469727,9.805000305175781,9.835000038146973,9.40757942199707,370595,0.0,0.0,0.0,False
2025-09-23,9.852499961853027,9.8774995803833,9.837499618530273,9.857500076293945,9.42910099029541,269405,0.0,0.0,0.0,False
2025-09-24,9.880000114440918,9.899999618530273,9.857500076293945,9.875,9.445840835571289,485544,0.0,0.0,0.0,False
2025-09-25,9.850000381469727,9.880000114440918,9.8125,9.8149995803833,9.388447761535645,412496,0.0,0.0,0.0,False
2025-09-26,9.8125,9.845000267028809,9.805000305175781,9.824999809265137,9.3980131149292,319358,0.0,0.0,0.0,False
2025-09-29,9.835000038146973,9.862500190734863,9.832500457763672,9.862500190734863,9.433883666992188,439908,0.0,0.0,0.0,False
2025-09-30,9.859999656677246,9.880000114440918,9.832500457763672,9.854999542236328,9.426709175109863,454809,0.0,0.0,0.0,False
2025-10-01,9.857500076293945,9.890000343322754,9.822500228881836,9.862500190734863,9.433883666992188,163470,0.0,0.0,0.0,False
2025-10-02,9.882499694824219,9.882499694824219,9.824999809265137,9.857500076293945,9.42910099029541,207253,0.0,0.0,0.0,False
2025-10-03,9.835000038146973,9.880000114440918,9.835000038146973,9.8725004196167,9.443449974060059,175800,0.0,0.0,0.0,False
2025-10-06,9.869999885559082,9.869999885559082,9.819999694824219,9.84000015258789,9.412361145019531,204018,0.0,0.0,0.0,False
2025-10-07,9.832500457763672,9.850000381469727,9.8149995803833,9.842499732971191,9.414752006530762,172674,0.0,0.0,0.0,False
2025-10-08,9.857500076293945,9.904999732971191,9.84749984741211,9.854999542236328,9.426709175109863,261979,0.0,0.0,0.0,False
2025-10-09,9.890000343322754,9.890000343322754,9.827500343322754,9.84000015258789,9.412361145019531,300902,0.0,0.0,0.0,False
2025-10-10,9.824999809265137,9.899999618530273,9.824999809265137,9.897500038146973,9.467362403869629,750970,0.0,0.0,0.0,False
2025-10-13,9.899999618530273,9.90999984741211,9.8725004196167,9.904999732971191,9.474535942077637,252183,0.0,0.0,0.0,False
2025-10-14,9.912500381469727,9.96500015258789,9.912500381469727,9.954999923706055,9.522363662719727,899061,0.0,0.0,0.0,False
2025-10-15,9.947500228881836,10.007499694824219,9.947500228881836,9.989999771118164,9.555842399597168,819257,0.0,0.0,0.0,False
2025-10-16,10.15999984741211,10.280699729919434,9.975000381469727,10.017499923706055,9.582147598266602,591236,0.0,0.0,0.0,False
2025-10-17,10.055000305175781,10.112500190734863,9.989999771118164,9.994999885559082,9.560625076293945,366335,0.0,0.0,0.0,False
2025-10-20,9.989999771118164,10.022500038146973,9.989999771118164,10.020000457763672,9.584539413452148,382472,0.0,0.0,0.0,False
2025-10-21,10.012499809265137,10.057499885559082,10.012499809265137,10.055000305175781,9.61801815032959,819258,0.0,0.0,0.0,False
2025-10-22,10.100000381469727,10.135000228881836,10.074999809265137,10.095000267028809,9.656279563903809,455844,0.0,0.0,0.0,False
2025-10-23,10.087499618530273,10.107500076293945,10.077500343322754,10.095000267028809,9.656279563903809,807645,0.0,0.0,0.0,False
2025-10-24,10.100000381469727,10.135000228881836,10.057499885559082,10.095,9.656279308479862,710022,0.0,0.0,0.0,True
2025-10-27,10.077500343322754,10.119999885559082,10.057499885559082,10.119999885559082,9.680192947387695,942804,0.0,0.0,0.0,False
2025-10-28,10.142499923706055,10.147500038146973,10.117500305175781,10.117500305175781,9.677802085876465,439364,0.0,0.0,0.0,False
2025-10-29,10.130000114440918,10.147500038146973,10.069999694824219,10.132499694824219,9.69214916229248,408679,0.0,0.0,0.0,False
2025-10-30,10.107500076293945,10.147500038146973,10.045000076293945,10.119999885559082,9.680192947387695,604333,0.0,0.0,0.0,False
2025-10-31,10.079999923706055,10.140000343322754,10.0649995803833,10.132499694824219,9.69214916229248,488106,0.0,0.0,0.0,False
2025-11-03,10.147500038146973,10.147500038146973,10.095000267028809,10.09749984741211,9.658670425415039,449634,0.0,0.0,0.0,False
2025-11-04,10.132499694824219,10.157500267028809,10.112500190734863,10.114999771118164,9.675410270690918,518062,0.0,0.0,0.0,False
2025-11-05,10.199999809265137,10.199999809265137,10.0600004196167,10.074999809265137,9.6371488571167,403134,0.0,0.0,0.0,False
2025-11-06,10.095000267028809,10.117500305175781,10.079999923706055,10.109999656677246,9.67062759399414,633834,0.0,0.0,0.0,False
2025-11-07,9.989999771118164,10.092499732971191,9.989999771118164,10.082500457763672,9.644322395324707,380483,0.0,0.0,0.0,False
2025-11-10,10.0600004196167,10.100000381469727,10.045000076293945,10.095000267028809,9.656279563903809,603601,0.0,0.0,0.0,False
2025-11-11,10.1274995803833,10.15999984741211,10.117500305175781,10.154999732971191,9.713671684265137,388670,0.0,0.0,0.0,False
2025-11-12,10.154999732971191,10.154999732971191,10.107500076293945,10.130000114440918,9.68975830078125,338350,0.0,0.0,0.0,False
2025-11-13,10.0,10.0,9.864999771118164,9.892499923706055,9.669329643249512,397259,0.2166,0.0,0.0,False
2025-11-14,10.0,10.0,9.760000228881836,9.795000076293945,9.574029922485352,1404200,0.0,0.0,0.0,False
2025-11-17,9.787500381469727,9.827500343322754,9.774999618530273,9.824999809265137,9.603352546691895,333000,0.0,0.0,0.0,False
2025-11-18,9.827500343322754,9.84000015258789,9.805000305175781,9.805000305175781,9.5838041305542,429915,0.0,0.0,0.0,False
2025-11-19,9.869999885559082,9.869999885559082,9.758000373840332,9.767499923706055,9.547149658203125,576745,0.0,0.0,0.0,False
2025-11-20,9.779999732971191,9.822500228881836,9.75,9.792499542236328,9.571585655212402,327013,0.0,0.0,0.0,False
2025-11-21,9.797499656677246,9.837499618530273,9.755000114440918,9.827500343322754,9.605796813964844,1566996,0.0,0.0,0.0,False
2025-11-24,9.835000038146973,9.845000267028809,9.819299697875977,9.822500228881836,9.600909233093262,373791,0.0,0.0,0.0,False
2025-11-25,9.822500228881836,9.8725004196167,9.8149995803833,9.862500190734863,9.640007019042969,773333,0.0,0.0,0.0,False
2025-11-26,9.850000381469727,9.930000305175781,9.77750015258789,9.930000305175781,9.705984115600586,1264018,0.0,0.0,0.0,False
2025-11-27,10.0,10.0,9.895000457763672,9.90999984741211,9.686434745788574,840005,0.0,0.0,0.0,False
2025-11-28,10.0,10.0,9.890000343322754,9.917499542236328,9.693765640258789,414205,0.0,0.0,0.0,False
2025-12-01,9.960000038146973,9.960000038146973,9.8725004196167,9.895000457763672,9.671773910522461,322128,0.0,0.0,0.0,False
2025-12-02,10.0,10.0,9.867500305175781,9.895000457763672,9.671773910522461,336428,0.0,0.0,0.0,False
2025-12-03,9.850000381469727,9.9399995803833,9.850000381469727,9.922499656677246,9.698653221130371,465536,0.0,0.0,0.0,False
2025-12-04,9.9350004196167,9.957500457763672,9.904999732971191,9.942500114440918,9.718201637268066,359891,0.0,0.0,0.0,False
2025-12-05,9.942500114440918,9.952500343322754,9.912500381469727,9.917499542236328,9.693765640258789,442819,0.0,0.0,0.0,False
2025-12-08,9.944999694824219,9.944999694824219,9.869999885559082,9.890000343322754,9.666886329650879,340410,0.0,0.0,0.0,False
2025-12-09,9.920000076293945,9.9350004196167,9.875,9.907500267028809,9.683991432189941,185203,0.0,0.0,0.0,False
2025-12-10,9.895000457763672,9.90250015258789,9.8725004196167,9.897500038146973,9.674217224121094,362845,0.0,0.0,0.0,False
2025-12-11,9.989999771118164,9.989999771118164,9.899999618530273,9.917499542236328,9.693765640258789,371117,0.0,0.0,0.0,False
2025-12-12,9.979999542236328,9.979999542236328,9.880000114440918,9.880000114440918,9.657112121582031,235825,0.0,0.0,0.0,False
2025-12-15,9.897500038146973,9.920000076293945,9.890000343322754,9.90999984741211,9.686434745788574,304629,0.0,0.0,0.0,False
2025-12-16,9.90999984741211,9.957500457763672,9.857500076293945,9.887499809265137,9.66444206237793,249308,0.0,0.0,0.0,False
2025-12-17,9.899999618530273,9.975000381469727,9.899999618530273,9.912500381469727,9.688879013061523,413679,0.0,0.0,0.0,False
2025-12-18,9.989999771118164,9.989999771118164,9.899999618530273,9.9375,9.7133150100708,298228,0.0,0.0,0.0,False
2025-12-19,9.850000381469727,9.96500015258789,9.850000381469727,9.897500038146973,9.674217224121094,480036,0.0,0.0,0.0,False
2025-12-22,9.897500038146973,9.9375,9.87969970703125,9.890000343322754,9.666886329650879,1486951,0.0,0.0,0.0,False
2025-12-23,9.897500038146973,9.947500228881836,9.890000343322754,9.907500267028809,9.683991432189941,306993,0.0,0.0,0.0,False
2025-12-24,9.989999771118164,9.989999771118164,9.890000343322754,9.899999618530273,9.676660537719727,172579,0.0,0.0,0.0,False
2025-12-29,9.899999618530273,9.984999656677246,9.859999656677246,9.932499885559082,9.708427429199219,248838,0.0,0.0,0.0,False
2025-12-30,9.850000381469727,9.989999771118164,9.850000381469727,9.927499771118164,9.703539848327637,89922,0.0,0.0,0.0,False
2025-12-31,9.920000076293945,9.957500457763672,9.912500381469727,9.912500381469727,9.688879013061523,94738,0.0,0.0,0.0,False
2026-01-02,9.989999771118164,9.989999771118164,9.890000343322754,9.907500267028809,9.683991432189941,296959,0.0,0.0,0.0,False
2026-01-05,9.912500381469727,9.96500015258789,9.899999618530273,9.922499656677246,9.698653221130371,483312,0.0,0.0,0.0,False
2026-01-06,9.989999771118164,9.989999771118164,9.899999618530273,9.944999694824219,9.7206449508667,304500,0.0,0.0,0.0,False
2026-01-07,9.96500015258789,10.0,9.961099624633789,9.9975004196167,9.771961212158203,587808,0.0,0.0,0.0,False
2026-01-08,9.994999885559082,10.020000457763672,9.970000267028809,9.99625015258789,9.770739555358887,226785,0.0,0.0,0.0,False
2026-01-09,10.0024995803833,10.029999732971191,9.989999771118164,10.022500038146973,9.79639720916748,709523,0.0,0.0,0.0,False
2026-01-12,10.024999618530273,10.032500267028809,10.007499694824219,10.020000457763672,9.793953895568848,364303,0.0,0.0,0.0,False
2026-01-13,10.020000457763672,10.085000038146973,9.987500190734863,10.017499923706055,9.791509628295898,460699,0.0,0.0,0.0,False
2026-01-14,10.0,10.047499656677246,9.989999771118164,10.045000076293945,9.818389892578125,253608,0.0,0.0,0.0,False
2026-01-15,10.199999809265137,10.199999809265137,10.012499809265137,10.022500038146973,9.79639720916748,590847,0.0,0.0,0.0,False
2026-01-16,10.017499923706055,10.02750015258789,10.0024995803833,10.015000343322754,9.789066314697266,360251,0.0,0.0,0.0,False
2026-01-19,10.02750015258789,10.02750015258789,9.9975004196167,10.007499694824219,9.78173542022705,1092211,0.0,0.0,0.0,False
2026-01-20,9.979999542236328,10.039999961853027,9.922499656677246,9.962499618530273,9.737750053405762,417751,0.0,0.0,0.0,False
2026-01-21,9.994999885559082,10.0,9.962499618530273,9.982500076293945,9.757299423217773,231056,0.0,0.0,0.0,False
2026-01-22,9.9975004196167,10.012499809265137,9.942500114440918,9.970000267028809,9.745081901550293,945138,0.0,0.0,0.0,False
2026-01-23,9.975000381469727,9.994999885559082,9.930000305175781,9.9399995803833,9.715758323669434,448042,0.0,0.0,0.0,False
2026-01-26,9.930000305175781,10.0,9.899999618530273,9.949999809265137,9.725532531738281,239771,0.0,0.0,0.0,False
2026-01-27,9.944999694824219,9.957500457763672,9.930000305175781,9.9375,9.7133150100708,889800,0.0,0.0,0.0,False
2026-01-28,9.9399995803833,9.947500228881836,9.912300109863281,9.920000076293945,9.696209907531738,280675,0.0,0.0,0.0,False
2026-01-29,9.930000305175781,9.960000038146973,9.899999618530273,9.942500114440918,9.718201637268066,290576,0.0,0.0,0.0,False
2026-01-30,9.917499542236328,9.952500343322754,9.914999961853027,9.9375,9.7133150100708,362922,0.0,0.0,0.0,False
2026-02-02,9.952500343322754,9.960000038146973,9.904999732971191,9.944999694824219,9.7206449508667,596560,0.0,0.0,0.0,False
2026-02-03,9.922499656677246,9.942500114440918,9.922499656677246,9.942500114440918,9.718201637268066,505584,0.0,0.0,0.0,False
2026-02-04,9.970000267028809,9.970000267028809,9.90999984741211,9.912500381469727,9.688879013061523,485339,0.0,0.0,0.0,False
2026-02-05,9.899999618530273,9.942500114440918,9.869999885559082,9.907500267028809,9.683991432189941,1352189,0.0,0.0,0.0,False
2026-02-06,9.8725004196167,9.9375,9.8725004196167,9.922499656677246,9.698653221130371,357200,0.0,0.0,0.0,False
2026-02-09,9.994999885559082,9.994999885559082,9.8725004196167,9.927499771118164,9.703539848327637,535879,0.0,0.0,0.0,False
2026-02-10,9.952500343322754,9.957500457763672,9.932499885559082,9.947500228881836,9.723089218139648,355917,0.0,0.0,0.0,False
2026-02-11,9.944999694824219,9.970000267028809,9.927499771118164,9.967499732971191,9.742637634277344,710978,0.0,0.0,0.0,False
2026-02-12,9.970000267028809,9.994999885559082,9.960000038146973,9.987500190734863,9.762187004089355,520175,0.0,0.0,0.0,False
2026-02-13,9.9975004196167,10.024999618530273,9.979999542236328,10.017499923706055,9.791509628295898,500911,0.0,0.0,0.0,False
2026-02-16,10.015000343322754,10.039999961853027,10.001999855041504,10.022500038146973,9.79639720916748,374932,0.0,0.0,0.0,False
2026-02-17,10.050000190734863,10.0649995803833,10.0447998046875,10.045000076293945,9.818389892578125,264328,0.0,0.0,0.0,False
2026-02-18,10.042499542236328,10.0625,10.03499984741211,10.047499656677246,9.820833206176758,296189,0.0,0.0,0.0,False
2026-02-19,10.039999961853027,10.057499885559082,10.032500267028809,10.050000190734863,9.82327651977539,495131,0.0,0.0,0.0,False
2026-02-20,10.087499618530273,10.095000267028809,10.055000305175781,10.067500114440918,9.84038257598877,495827,0.0,0.0,0.0,False
2026-02-23,10.077500343322754,10.102499961853027,10.067500114440918,10.09749984741211,9.869705200195312,295542,0.0,0.0,0.0,False
2026-02-24,10.100000381469727,10.117500305175781,10.09000015258789,10.104999542236328,9.877035140991211,1360279,0.0,0.0,0.0,False
2026-02-25,10.112500190734863,10.112500190734863,10.079999923706055,10.095000267028809,9.86726188659668,295819,0.0,0.0,0.0,False
2026-02-26,10.024999618530273,10.15999984741211,10.024999618530273,10.130000114440918,9.901472091674805,427943,0.0,0.0,0.0,False
2026-02-27,10.104999542236328,10.180000305175781,10.104999542236328,10.15999984741211,9.930794715881348,4673047,0.0,0.0,0.0,False
2026-03-02,10.154999732971191,10.130000114440918,10.100000381469727,10.107500076293945,9.87947940826416,245795,0.0,0.0,0.0,False
2026-03-03,10.067500114440918,10.085000038146973,9.987500190734863,10.022500038146973,9.79639720916748,336340,0.0,0.0,0.0,False
2026-03-04,10.03499984741211,10.072500228881836,10.007499694824219,10.067500114440918,9.84038257598877,405713,0.0,0.0,0.0,False
2026-03-05,9.982500076293945,10.077500343322754,9.954999923706055,9.979999542236328,9.754855155944824,554805,0.0,0.0,0.0,False
2026-03-06,9.979999542236328,9.992500305175781,9.867500305175781,9.925000190734863,9.701096534729004,804522,0.0,0.0,0.0,False
2026-03-09,9.850000381469727,9.942500114440918,9.802499771118164,9.922499656677246,9.698653221130371,523015,0.0,0.0,0.0,False
2026-03-10,9.982500076293945,10.022500038146973,9.949999809265137,9.982500076293945,9.757299423217773,553533,0.0,0.0,0.0,False
2026-03-11,9.982500076293945,9.982500076293945,9.881199836730957,9.895000457763672,9.671773910522461,374709,0.0,0.0,0.0,False
2026-03-12,9.8725004196167,9.897500038146973,9.8100004196167,9.829999923706055,9.608240127563477,541149,0.0,0.0,0.0,False
2026-03-13,9.8100004196167,9.857500076293945,9.797499656677246,9.802499771118164,9.58135986328125,306057,0.0,0.0,0.0,False
2026-03-16,9.829999923706055,9.875,9.802499771118164,9.832500457763672,9.610684394836426,464288,0.0,0.0,0.0,False
2026-03-17,9.854999542236328,9.899999618530273,9.832500457763672,9.897500038146973,9.674217224121094,3259338,0.0,0.0,0.0,False
2026-03-18,9.899999618530273,9.947500228881836,9.842499732971191,9.859999656677246,9.63756275177002,371113,0.0,0.0,0.0,False
2026-03-19,9.75,10.0,9.75,9.819999694824219,9.598464965820312,4044470,0.0,0.0,0.0,False
2026-03-20,9.829999923706055,9.829999923706055,9.680000305175781,9.699999809265137,9.481172561645508,377091,0.0,0.0,0.0,False
2026-03-23,9.680000305175781,9.84000015258789,9.612500190734863,9.739999771118164,9.520270347595215,779285,0.0,0.0,0.0,False
2026-03-24,9.760000228881836,9.77750015258789,9.707500457763672,9.732500076293945,9.512939453125,864094,0.0,0.0,0.0,False
2026-03-25,9.739999771118164,9.827500343322754,9.739999771118164,9.8125,9.591135025024414,1948173,0.0,0.0,0.0,False
2026-03-26,9.800000190734863,9.800000190734863,9.717499732971191,9.717499732971191,9.49827766418457,1260558,0.0,0.0,0.0,False
2026-03-27,9.704999923706055,9.720000267028809,9.630000114440918,9.712499618530273,9.493390083312988,536337,0.0,0.0,0.0,False
2026-03-30,9.710000038146973,9.760430335998535,9.692500114440918,9.739999771118164,9.520270347595215,571197,0.0,0.0,0.0,False
2026-03-31,9.75,9.800000190734863,9.729999542236328,9.762499809265137,9.542262077331543,1029660,0.0,0.0,0.0,False
2026-04-01,9.789999961853027,9.869999885559082,9.78499984741211,9.829999923706055,9.608240127563477,778461,0.0,0.0,0.0,False
2026-04-02,9.755000114440918,9.84000015258789,9.7524995803833,9.819999694824219,9.598464965820312,292499,0.0,0.0,0.0,False
2026-04-07,9.850000381469727,9.850000381469727,9.739999771118164,9.774999618530273,9.55448055267334,379167,0.0,0.0,0.0,False
2026-04-08,9.885000228881836,9.988349914550781,9.859999656677246,9.920000076293945,9.696209907531738,607691,0.0,0.0,0.0,False
2026-04-09,9.895000457763672,9.912500381469727,9.822500228881836,9.864999771118164,9.642450332641602,404887,0.0,0.0,0.0,False
2026-04-10,9.854999542236328,9.867500305175781,9.819999694824219,9.827500343322754,9.605796813964844,226665,0.0,0.0,0.0,False
2026-04-13,9.807499885559082,9.824999809265137,9.75,9.800000190734863,9.578916549682617,329248,0.0,0.0,0.0,False
2026-04-14,9.837499618530273,9.859999656677246,9.8125,9.850000381469727,9.627789497375488,306750,0.0,0.0,0.0,False
2026-04-15,9.897500038146973,9.897500038146973,9.832500457763672,9.835000038146973,9.613126754760742,1243404,0.0,0.0,0.0,False
2026-04-16,9.869999885559082,9.869999885559082,9.795000076293945,9.800000190734863,9.578916549682617,344943,0.0,0.0,0.0,False
2026-04-17,9.789999961853027,9.897500038146973,9.782500267028809,9.880000114440918,9.657112121582031,563385,0.0,0.0,0.0,False
2026-04-20,9.852499961853027,9.854999542236328,9.807499885559082,9.822500228881836,9.600909233093262,509610,0.0,0.0,0.0,False
2026-04-21,9.819999694824219,9.827500343322754,9.776800155639648,9.77750015258789,9.556924819946289,274488,0.0,0.0,0.0,False
2026-04-22,9.800000190734863,9.815699577331543,9.779999732971191,9.795000076293945,9.574029922485352,472918,0.0,0.0,0.0,False
2026-04-23,9.762499809265137,9.779999732971191,9.734999656677246,9.757499694824219,9.537375450134277,529878,0.0,0.0,0.0,False
2026-04-24,9.770000457763672,9.774999618530273,9.72249984741211,9.762499809265137,9.542262077331543,345730,0.0,0.0,0.0,False
2026-04-27,9.755000114440918,9.77750015258789,9.725000381469727,9.725000381469727,9.505608558654785,343048,0.0,0.0,0.0,False
2026-04-28,9.729999542236328,9.737500190734863,9.699999809265137,9.702500343322754,9.483616828918457,481289,0.0,0.0,0.0,False
2026-04-29,9.699999809265137,9.744999885559082,9.677499771118164,9.692500114440918,9.473841667175293,571263,0.0,0.0,0.0,False
2026-04-30,9.670000076293945,9.7475004196167,9.65250015258789,9.725000381469727,9.505608558654785,492339,0.0,0.0,0.0,False
2026-05-01,9.692500114440918,9.767499923706055,9.6875,9.7524995803833,9.532487869262695,164499,0.0,0.0,0.0,False
2026-05-05,9.664999961853027,9.732500076293945,9.654999732971191,9.692500114440918,9.473841667175293,1055852,0.0,0.0,0.0,False
2026-05-06,9.657500267028809,9.795000076293945,9.657500267028809,9.770000457763672,9.549593925476074,813320,0.0,0.0,0.0,False
2026-05-07,9.779999732971191,9.8149995803833,9.767499923706055,9.770000457763672,9.549593925476074,1986041,0.0,0.0,0.0,False
2026-05-08,9.789999961853027,9.829999923706055,9.75,9.800000190734863,9.578916549682617,465765,0.0,0.0,0.0,False
2026-05-11,9.795000076293945,9.795000076293945,9.725000381469727,9.737500190734863,9.517827033996582,410245,0.0,0.0,0.0,False
2026-05-12,9.670000076293945,9.692500114440918,9.592499732971191,9.677499771118164,9.459179878234863,717999,0.0,0.0,0.0,False
2026-05-13,9.645000457763672,9.71500015258789,9.645000457763672,9.697500228881836,9.478729248046875,1871518,0.0,0.0,0.0,False
2026-05-14,9.720000267028809,9.7524995803833,9.69279956817627,9.737500190734863,9.517827033996582,281827,0.0,0.0,0.0,False
2026-05-15,9.710000038146973,9.78499984741211,9.619999885559082,9.6274995803833,9.410307884216309,832808,0.0,0.0,0.0,False
2026-05-18,9.65999984741211,9.6899995803833,9.614999771118164,9.647500038146973,9.42985725402832,1493622,0.0,0.0,0.0,False
2026-05-19,9.712499618530273,9.717499732971191,9.649999618530273,9.65999984741211,9.4420747756958,939466,0.0,0.0,0.0,False
2026-05-20,9.692500114440918,9.772500038146973,9.6899995803833,9.755000114440918,9.534932136535645,765965,0.0,0.0,0.0,False
2026-05-21,9.569999694824219,9.582500457763672,9.52750015258789,9.552499771118164,9.336999893188477,778534,0.0,0.0,0.0,False
2026-05-22,9.59000015258789,9.617500305175781,9.577500343322754,9.609999656677246,9.609999656677246,670395,0.2155,0.0,0.0,False
2026-05-26,9.682499885559082,9.682499885559082,9.612500190734863,9.617500305175781,9.617500305175781,290354,0.0,0.0,0.0,False
2026-05-27,9.657500267028809,9.677499771118164,9.6225004196167,9.637499809265137,9.637499809265137,634167,0.0,0.0,0.0,False
2026-05-28,9.649999618530273,9.682499885559082,9.614999771118164,9.672499656677246,9.672499656677246,270283,0.0,0.0,0.0,False
2026-05-29,9.670000076293945,9.682499885559082,9.649999618530273,9.670000076293945,9.670000076293945,408576,0.0,0.0,0.0,False
2026-06-01,9.680000305175781,9.680000305175781,9.592499732971191,9.619999885559082,9.619999885559082,287575,0.0,0.0,0.0,False
2026-06-02,9.65250015258789,9.664999961853027,9.635000228881836,9.637499809265137,9.637499809265137,480364,0.0,0.0,0.0,False
2026-06-03,9.614999771118164,9.6225004196167,9.59000015258789,9.592499732971191,9.592499732971191,581352,0.0,0.0,0.0,False
2026-06-04,9.607500076293945,9.630000114440918,9.592499732971191,9.612500190734863,9.612500190734863,291358,0.0,0.0,0.0,False
2026-06-05,9.619999885559082,9.630000114440918,9.600000381469727,9.619999885559082,9.619999885559082,539627,0.0,0.0,0.0,False
2026-06-08,9.609999656677246,9.6225004196167,9.577500343322754,9.592499732971191,9.592499732971191,277140,0.0,0.0,0.0,False
2026-06-09,9.595000267028809,9.6274995803833,9.59000015258789,9.604999542236328,9.604999542236328,669963,0.0,0.0,0.0,False
2026-06-10,9.602499961853027,9.625,9.579999923706055,9.602499961853027,9.602499961853027,277822,0.0,0.0,0.0,False
2026-06-11,9.595000267028809,9.635000228881836,9.585000038146973,9.6274995803833,9.6274995803833,309481,0.0,0.0,0.0,False
2026-06-12,9.677499771118164,9.702500343322754,9.635000228881836,9.664999961853027,9.664999961853027,243370,0.0,0.0,0.0,False
2026-06-15,9.710000038146973,9.727499961853027,9.675000190734863,9.6850004196167,9.6850004196167,266741,0.0,0.0,0.0,False
2026-06-16,9.712499618530273,9.712499618530273,9.672499656677246,9.6899995803833,9.6899995803833,230848,0.0,0.0,0.0,False
2026-06-17,9.72249984741211,9.737500190734863,9.6899995803833,9.717499732971191,9.717499732971191,251610,0.0,0.0,0.0,False
2026-06-18,9.739999771118164,9.742500305175781,9.707500457763672,9.729999542236328,9.729999542236328,497692,0.0,0.0,0.0,False
2026-06-19,9.702500343322754,9.72249984741211,9.664999961853027,9.672499656677246,9.672499656677246,631380,0.0,0.0,0.0,False
2026-06-22,9.710000038146973,9.729999542236328,9.657500267028809,9.6875,9.6875,466642,0.0,0.0,0.0,False
2026-06-23,9.732500076293945,9.734999656677246,9.692500114440918,9.732500076293945,9.732500076293945,329419,0.0,0.0,0.0,False
2026-06-24,9.734999656677246,9.792499542236328,9.725000381469727,9.77750015258789,9.77750015258789,508429,0.0,0.0,0.0,False
2026-06-25,9.787500381469727,9.795000076293945,9.767499923706055,9.774999618530273,9.774999618530273,2518060,0.0,0.0,0.0,False
2026-06-26,9.782500267028809,9.792499542236328,9.72249984741211,9.755000114440918,9.755000114440918,753336,0.0,0.0,0.0,False
2026-06-29,9.742500305175781,9.767499923706055,9.727499961853027,9.762499809265137,9.762499809265137,264102,0.0,0.0,0.0,False
2026-06-30,9.792499542236328,9.792499542236328,9.727499961853027,9.737500190734863,9.737500190734863,391209,0.0,0.0,0.0,False
2026-07-01,9.720000267028809,9.746899604797363,9.692500114440918,9.742500305175781,9.742500305175781,3712639,0.0,0.0,0.0,False
2026-07-02,9.737500190734863,9.737500190734863,9.699999809265137,9.727499961853027,9.727499961853027,361745,0.0,0.0,0.0,False
2026-07-03,9.72249984741211,9.729999542236328,9.704999923706055,9.725000381469727,9.725000381469727,360613,0.0,0.0,0.0,False
2026-07-06,9.734999656677246,9.739999771118164,9.710000038146973,9.710000038146973,9.710000038146973,438865,0.0,0.0,0.0,False
2026-07-07,9.697500228881836,9.717499732971191,9.682499885559082,9.682499885559082,9.682499885559082,388793,0.0,0.0,0.0,False
2026-07-08,9.649999618530273,9.65999984741211,9.592499732971191,9.592499732971191,9.592499732971191,344227,0.0,0.0,0.0,False
2026-07-09,9.632499694824219,9.65250015258789,9.609999656677246,9.645000457763672,9.645000457763672,153219,0.0,0.0,0.0,False
2026-07-10,9.667499542236328,9.682499885559082,9.645000457763672,9.670000076293945,9.670000076293945,358925,0.0,0.0,0.0,False
2026-07-13,9.647500038146973,9.65250015258789,9.604999542236328,9.604999542236328,9.604999542236328,210551,0.0,0.0,0.0,False
2026-07-14,9.5625,9.6274995803833,9.561200141906738,9.619999885559082,9.619999885559082,379523,0.0,0.0,0.0,False
2026-07-15,9.59749984741211,9.642499923706055,9.59000015258789,9.642499923706055,9.642499923706055,219730,0.0,0.0,0.0,False
2026-07-16,9.6274995803833,9.6274995803833,9.592499732971191,9.6225004196167,9.6225004196167,316874,0.0,0.0,0.0,False
2026-07-17,9.625,9.642499923706055,9.612500190734863,9.625,9.625,99363,0.0,0.0,0.0,False
2026-07-20,9.592499732971191,9.630000114440918,9.569999694824219,9.572500228881836,9.572500228881836,324602,0.0,0.0,0.0,False
2026-07-21,9.572500228881836,9.592499732971191,9.555000305175781,9.579999923706055,9.579999923706055,674358,0.0,0.0,0.0,False
2026-07-22,9.572500228881836,9.587499618530273,9.552499771118164,9.5649995803833,9.5649995803833,529731,0.0,0.0,0.0,False
2026-07-23,9.5600004196167,9.5625,9.524999618530273,9.524999618530273,9.524999618530273,266411,0.0,0.0,0.0,False
2026-07-24,9.550000190734863,9.587499618530273,9.539999961853027,9.582500457763672,9.582500457763672,630129,0.0,0.0,0.0,False
2026-07-27,9.6225004196167,9.647500038146973,9.602499961853027,9.614999771118164,9.614999771118164,279501,0.0,0.0,0.0,False
2026-07-28,9.642499923706055,9.647500038146973,9.6225004196167,9.635000228881836,9.635000228881836,139309,0.0,0.0,0.0,False
2026-07-29,9.619999885559082,9.637499809265137,9.585000038146973,9.585000038146973,9.585000038146973,256482,0.0,0.0,0.0,False
2026-07-30,9.572500228881836,9.617500305175781,9.567500114440918,9.612500190734863,9.612500190734863,213717,0.0,0.0,0.0,False
2026-07-31,9.6225004196167,9.635000228881836,9.572500228881836,9.577500343322754,9.577500343322754,322434,0.0,0.0,0.0,False
2026-08-03,9.640000343322754,9.647500038146973,9.595000267028809,9.637499809265137,9.637499809265137,287502,0.0,0.0,0.0,False
2026-08-04,9.649999618530273,9.672499656677246,9.612500190734863,9.670000076293945,9.670000076293945,186754,0.0,0.0,0.0,False
2026-08-05,9.682499885559082,9.694999694824219,9.670000076293945,9.682499885559082,9.682499885559082,553570,0.0,0.0,0.0,False
2026-08-06,9.682499885559082,9.6875,9.654999732971191,9.657500267028809,9.657500267028809,2046362,0.0,0.0,0.0,False
2026-08-07,9.647500038146973,9.6850004196167,9.640000343322754,9.667499542236328,9.667499542236328,215967,0.0,0.0,0.0,False
2026-08-10,9.667499542236328,9.675000190734863,9.6225004196167,9.625,9.625,195833,0.0,0.0,0.0,False
2026-08-11,9.604999542236328,9.662500381469727,9.577500343322754,9.635000228881836,9.635000228881836,458065,0.0,0.0,0.0,False
2026-08-12,9.640000343322754,9.667499542236328,9.630000114440918,9.635000228881836,9.635000228881836,286960,0.0,0.0,0.0,False
2026-08-13,9.637499809265137,9.677499771118164,9.635000228881836,9.645000457763672,9.645000457763672,150003,0.0,0.0,0.0,False
2026-08-14,9.6274995803833,9.649999618530273,9.596949577331543,9.600000381469727,9.600000381469727,137359,0.0,0.0,0.0,False
2026-08-17,9.609999656677246,9.617500305175781,9.574999809265137,9.579999923706055,9.579999923706055,504062,0.0,0.0,0.0,False
2026-08-18,9.5649995803833,9.582500457763672,9.552499771118164,9.5649995803833,9.5649995803833,202921,0.0,0.0,0.0,False
2026-08-19,9.59000015258789,9.614999771118164,9.569999694824219,9.59749984741211,9.59749984741211,442371,0.0,0.0,0.0,False
2026-08-20,9.602499961853027,9.609999656677246,9.5649995803833,9.577500343322754,9.577500343322754,280904,0.0,0.0,0.0,False
2026-08-21,9.577500343322754,9.607500076293945,9.577500343322754,9.59000015258789,9.59000015258789,276823,0.0,0.0,0.0,False
2026-08-24,9.607500076293945,9.614999771118164,9.577500343322754,9.595000267028809,9.595000267028809,446126,0.0,0.0,0.0,False
2026-08-25,9.604999542236328,9.645000457763672,9.577500343322754,9.645000457763672,9.645000457763672,630397,0.0,0.0,0.0,False
2026-08-26,9.642499923706055,9.654999732971191,9.614999771118164,9.614999771118164,9.614999771118164,296946,0.0,0.0,0.0,False
2026-08-27,9.630000114440918,9.654999732971191,9.609999656677246,9.6225004196167,9.6225004196167,193790,0.0,0.0,0.0,False
2026-08-28,9.609999656677246,9.645000457763672,9.592499732971191,9.600000381469727,9.600000381469727,389482,0.0,0.0,0.0,False
