Date,Open,High,Low,Close,Adj Close,Volume,Dividends,Stock Splits,Capital Gains,Repaired?
2009-01-02,4.4625,4.585,4.445,4.585,2.749131984217073,3492665,0.0,0.0,0.0,True
2009-01-05,4.6000000000000005,4.6225000000000005,4.5375000000000005,4.6025,2.7596248656172686,8843876,0.0,0.0,0.0,True
2009-01-06,4.62,4.7,4.58,4.655,2.7911035098178534,10981299,0.0,0.0,0.0,True
2009-01-07,4.67,4.67,4.4975000000000005,4.515,2.707160642530922,10084698,0.0,0.0,0.0,True
2009-01-08,4.4575000000000005,4.535,4.43,4.5225,2.7116571713261353,7024435,0.0,0.0,0.0,True
2009-01-09,4.5075,4.5525,4.445,4.4675,2.678679622888936,10853958,0.0,0.0,0.0,True
2009-01-12,4.5,4.5,4.42,4.4375,2.660691852476406,4707321,0.0,0.0,0.0,True
2009-01-13,4.41,4.415,4.3275,4.41,2.644202434556601,22960920,0.0,0.0,0.0,True
2009-01-14,4.4275,4.4325,4.13,4.195,2.5152907849395465,12177127,0.0,0.0,0.0,True
2009-01-15,4.29,4.29,4.1075,4.14,2.4823128686730844,8789037,0.0,0.0,0.0,True
2009-01-16,4.21,4.2700000000000005,4.1675,4.1675,2.498801550934372,6888504,0.0,0.0,0.0,True
2009-01-19,4.2375,4.2700000000000005,4.05,4.13,2.476317619555887,17903600,0.0,0.0,0.0,True
2009-01-20,4.1225000000000005,4.2025,4.0775,4.1025,2.459828385550711,11130857,0.0,0.0,0.0,True
2009-01-21,4.075,4.1325,4.0200000000000005,4.085,2.449335136321255,18203504,0.0,0.0,0.0,True
2009-01-22,4.15,4.17,4.07,4.08,2.4463375117626573,8176606,0.0,0.0,0.0,True
2009-01-23,4.0625,4.09,3.9725,4.065,2.4373439024283354,14078119,0.0,0.0,0.0,True
2009-01-26,4.1125,4.24,4.05,4.23,2.536276547739938,10906288,0.0,0.0,0.0,True
2009-01-27,4.23,4.23,4.1450000000000005,4.2125,2.5257836663397417,8396176,0.0,0.0,0.0,True
2009-01-28,4.25,4.335,4.2475000000000005,4.3125,2.5857431462676845,16005774,0.0,0.0,0.0,True
2009-01-29,4.2825,4.285,4.165,4.21,2.524284946017757,17609322,0.0,0.0,0.0,True
2009-01-30,4.2025,4.245,4.1450000000000005,4.1675,2.498801550934372,8246634,0.0,0.0,0.0,True
2009-02-02,4.125,4.135,4.0525,4.1,2.4583294813140957,12554344,0.0,0.0,0.0,True
2009-02-03,4.12,4.19,4.0600000000000005,4.18,2.5062968077759673,11565226,0.0,0.0,0.0,True
2009-02-04,4.195,4.2925,4.1925,4.26,2.554264318152468,9393838,0.0,0.0,0.0,True
2009-02-05,4.19,4.265,4.165,4.2625,2.555763590218345,5906146,0.0,0.0,0.0,True
2009-02-06,4.2525,4.3675,4.2525,4.325,2.5932378513653878,15693473,0.0,0.0,0.0,True
2009-02-09,4.355,4.365,4.275,4.3425,2.6037303649363235,7733725,0.0,0.0,0.0,True
2009-02-10,4.3,4.3375,4.2425,4.25,2.5482687012060086,8084216,0.0,0.0,0.0,True
2009-02-11,4.2325,4.275,4.2125,4.2625,2.555763590218345,11940567,0.0,0.0,0.0,True
2009-02-12,4.23,4.2325,4.1625,4.2325,2.5377754519765534,10356972,0.0,0.0,0.0,True
2009-02-13,4.2875000000000005,4.32,4.2,4.215,2.5272831223202483,7450903,0.0,0.0,0.0,True
2009-02-16,4.1875,4.2125,4.155,4.16,2.494304838224526,2826890,0.0,0.0,0.0,True
2009-02-17,4.1325,4.1375,4.0225,4.0600000000000005,2.4343453582965853,10639860,0.0,0.0,0.0,True
2009-02-18,4.09,4.1,3.975,4.05,2.4283495574354936,7805851,0.0,0.0,0.0,True
2009-02-19,4.0725,4.085,4.0275,4.065,2.4373439024283354,5530131,0.0,0.0,0.0,True
2009-02-20,4.0025,4.0075,3.92,3.9250000000000003,2.353400667312143,11486329,0.0,0.0,0.0,True
2009-02-23,3.99,4.0,3.8875,3.89,2.3324149045117517,11023504,0.0,0.0,0.0,True
2009-02-24,3.87,3.8850000000000002,3.8125,3.8625000000000003,2.315925854421207,22825252,0.0,0.0,0.0,True
2009-02-25,3.87,3.8925,3.81,3.855,2.3114295095406234,11237765,0.0,0.0,0.0,True
2009-02-26,3.9,4.0,3.86,3.92,2.3504035944974353,8349576,0.0,0.0,0.0,True
2009-02-27,3.8475,3.875,3.7675,3.8375,2.300936995969687,11516258,0.0,0.0,0.0,True
2009-03-02,3.7375000000000003,3.7475,3.6350000000000002,3.6375,2.1810180361138043,15403951,0.0,0.0,0.0,True
2009-03-03,3.6625,3.685,3.5075000000000003,3.5225,2.1120651307661737,16997232,0.0,0.0,0.0,True
2009-03-04,3.535,3.66,3.535,3.66,2.194508358157968,19340772,0.0,0.0,0.0,True
2009-03-05,3.625,3.6325000000000003,3.54,3.5475,2.127054724876213,12569504,0.0,0.0,0.0,True
2009-03-06,3.54,3.6,3.505,3.535,2.1195592841199886,39034772,0.0,0.0,0.0,True
2009-03-09,3.5425,3.56,3.4575,3.535,2.1195592841199886,39459392,0.0,0.0,0.0,True
2009-03-10,3.52,3.735,3.5125,3.7175000000000002,2.2289855464903057,16347068,0.0,0.0,0.0,True
2009-03-11,3.72,3.7800000000000002,3.67,3.7075,2.222989377799956,18287756,0.0,0.0,0.0,True
2009-03-12,3.64,3.7375000000000003,3.63,3.7275,2.2349804277782446,5193722,0.0,0.0,0.0,True
2009-03-13,3.805,3.83,3.75,3.77,2.2604645585201526,16327176,0.0,0.0,0.0,True
2009-03-16,3.8200000000000003,3.8775,3.8000000000000003,3.875,2.3234211112628023,5664281,0.0,0.0,0.0,True
2009-03-17,3.855,3.8725,3.8075,3.87,2.32042275104568,9909209,0.0,0.0,0.0,True
2009-03-18,3.91,3.92,3.785,3.8225000000000002,2.2919424670622157,12150928,0.0,0.0,0.0,True
2009-03-19,3.8525,3.9250000000000003,3.81,3.8225000000000002,2.2919424670622157,15375193,0.0,0.0,0.0,True
2009-03-20,3.7975,3.87,3.7875,3.865,2.3174254943163435,13387539,0.0,0.0,0.0,True
2009-03-23,3.93,3.9939999389648437,3.8579998779296876,3.9720001220703125,2.3815815382775463,9829683,0.0,0.0,0.0,True
2009-03-24,4.017000122070312,4.032999877929687,3.8979998779296876,3.935,2.359396652087864,12706288,0.0,0.0,0.0,True
2009-03-25,3.8979998779296876,3.991000061035156,3.8760000610351564,3.92,2.3504035944974353,12093623,0.0,0.0,0.0,True
2009-03-26,3.9339999389648437,3.95,3.898999938964844,3.95,2.3683900775075526,11376242,0.0,0.0,0.0,True
2009-03-27,3.923999938964844,3.975,3.8970001220703128,3.9160000610351564,2.34800516380422,24300136,0.0,0.0,0.0,True
2009-03-30,3.867999877929688,3.8689999389648437,3.7800000000000002,3.7800000000000002,2.2664594398080893,7739458,0.0,0.0,0.0,True
2009-03-31,3.8229998779296874,3.9429998779296875,3.8229998779296874,3.938999938964844,2.361794714951816,16845674,0.0,0.0,0.0,True
2009-04-01,3.94,3.983999938964844,3.85,3.971000061035156,2.3809821604975303,7715724,0.0,0.0,0.0,True
2009-04-02,4.053999938964844,4.1450000000000005,4.052000122070313,4.126000061035156,2.4739190049480424,13979599,0.0,0.0,0.0,True
2009-04-03,4.13,4.142999877929688,4.026000061035156,4.042999877929687,2.4241528094876035,12598889,0.0,0.0,0.0,True
2009-04-06,4.096000061035157,4.106000061035156,3.97,4.0,2.398370369215414,10327416,0.0,0.0,0.0,True
2009-04-07,4.031000061035156,4.04,3.9070001220703126,3.93,2.356398475785373,51357056,0.0,0.0,0.0,True
2009-04-08,3.8960000610351564,3.9479998779296874,3.88,3.9339999389648437,2.358796906478587,10199424,0.0,0.0,0.0,True
2009-04-09,3.9760000610351565,3.995,3.92,3.992999877929688,2.394172517779743,7741653,0.0,0.0,0.0,True
2009-04-14,4.007000122070313,4.052000122070313,3.9570001220703124,4.007000122070313,2.402567668907196,11262610,0.0,0.0,0.0,True
2009-04-15,3.971000061035156,4.03,3.9560000610351564,3.9810000610351564,2.3869783291878806,6660388,0.0,0.0,0.0,True
2009-04-16,4.021000061035156,4.065,3.98,4.065,2.4373439024283354,10361343,0.0,0.0,0.0,True
2009-04-17,4.091000061035157,4.125,4.053999938964844,4.103999938964844,2.4607277280926807,7498621,0.0,0.0,0.0,True
2009-04-20,4.125,4.125,3.9760000610351565,3.992999877929688,2.394172517779743,9054684,0.0,0.0,0.0,True
2009-04-21,4.003999938964844,4.028999938964843,3.9029998779296875,3.9939999389648437,2.394772079474387,13084725,0.0,0.0,0.0,True
2009-04-22,4.0,4.047999877929688,3.9579998779296877,4.042999877929687,2.4241528094876035,10899890,0.0,0.0,0.0,True
2009-04-23,4.027000122070312,4.092999877929688,4.013999938964844,4.031000061035156,2.416957701322591,8261855,0.0,0.0,0.0,True
2009-04-24,4.051000061035157,4.163999938964844,4.051000061035157,4.163999938964844,2.49670326891774,15583582,0.0,0.0,0.0,True
2009-04-27,4.118999938964844,4.187000122070312,4.102999877929688,4.173999938964844,2.5026998054373513,4576710,0.0,0.0,0.0,True
2009-04-28,4.11,4.135,4.072999877929687,4.112000122070312,2.4655247733937387,8991340,0.0,0.0,0.0,True
2009-04-29,4.131000061035157,4.212999877929688,4.111000061035156,4.207999877929687,2.5230854547992068,7564513,0.0,0.0,0.0,True
2009-04-30,4.235,4.3100000000000005,4.232000122070312,4.2620001220703125,2.55546399328565,15090743,0.0,0.0,0.0,True
2009-05-01,4.252999877929687,4.2660000610351565,4.227000122070312,4.257999877929688,2.553064826933915,7099213,0.0,0.0,0.0,True
2009-05-05,4.365,4.388999938964844,4.33,4.347999877929688,2.607027954256877,16582823,0.0,0.0,0.0,True
2009-05-06,4.347999877929688,4.46,4.343999938964844,4.42,2.65019897107621,24107924,0.0,0.0,0.0,True
2009-05-07,4.457000122070313,4.54,4.401000061035156,4.427000122070313,2.6543964546826224,29691198,0.0,0.0,0.0,True
2009-05-08,4.45,4.507999877929688,4.442000122070312,4.481000061035156,2.686773889681288,13159294,0.0,0.0,0.0,True
2009-05-11,4.486000061035156,4.487000122070312,4.425,4.457999877929687,2.672982315472756,3961807,0.0,0.0,0.0,True
2009-05-12,4.423999938964844,4.48,4.422000122070313,4.45,2.668186925403371,10104453,0.0,0.0,0.0,True
2009-05-13,4.4839999389648435,4.4839999389648435,4.3589999389648435,4.362000122070312,2.6154225536404425,8414888,0.0,0.0,0.0,True
2009-05-14,4.357999877929688,4.407000122070313,4.325,4.397000122070312,2.6364086842700902,7539305,0.0,0.0,0.0,True
2009-05-15,4.417000122070313,4.44,4.333999938964844,4.392999877929688,2.6340102535768786,13210027,0.0,0.0,0.0,True
2009-05-18,4.3510000610351565,4.486000061035156,4.343999938964844,4.486000061035156,2.689771698154517,10058253,0.0,0.0,0.0,True
2009-05-19,4.502000122070313,4.545,4.48,4.521000061035156,2.7107581966134275,5901368,0.0,0.0,0.0,True
2009-05-20,4.5200000000000005,4.55,4.496000061035156,4.521000061035156,2.7107581966134275,5860833,0.0,0.0,0.0,True
2009-05-21,4.452000122070313,4.461000061035157,4.378999938964844,4.397000122070312,2.6364086842700902,7290520,0.0,0.0,0.0,True
2009-05-22,4.407999877929687,4.445,4.3870001220703125,4.412999877929687,2.646001855299058,7569219,0.0,0.0,0.0,True
2009-05-26,4.397000122070312,4.472999877929688,4.3500000000000005,4.456000061035156,2.6717844794858774,6007104,0.0,0.0,0.0,True
2009-05-27,4.44,4.44,4.3910000610351565,4.412999877929687,2.646001855299058,7837664,0.0,0.0,0.0,True
2009-05-28,4.381000061035157,4.405,4.34,4.383999938964844,2.628613646581174,5078004,0.0,0.0,0.0,True
2009-05-29,4.428999938964844,4.467000122070313,4.408999938964844,4.412999877929687,2.646001855299058,5257515,0.0,0.0,0.0,True
2009-06-01,4.492999877929687,4.5160000610351565,4.47,4.505,2.7011648416698315,6666229,0.0,0.0,0.0,True
2009-06-02,4.466000061035157,4.4879998779296875,4.442000122070312,4.473999938964844,2.6825771417333946,5652464,0.0,0.0,0.0,True
2009-06-03,4.486000061035156,4.486000061035156,4.373999938964844,4.4,2.6382070015247696,6742753,0.0,0.0,0.0,True
2009-06-04,4.412999877929687,4.451000061035156,4.377999877929688,4.405,2.6412048099979994,5970221,0.0,0.0,0.0,True
2009-06-05,4.447000122070313,4.51,4.437000122070312,4.451000061035156,2.668786119268757,5822349,0.0,0.0,0.0,True
2009-06-08,4.433999938964844,4.438999938964844,4.3870001220703125,4.422999877929688,2.6519980239894076,3555497,0.0,0.0,0.0,True
2009-06-09,4.4429998779296875,4.465,4.407999877929687,4.421000061035157,2.650798716685487,3688796,0.0,0.0,0.0,True
2009-06-10,4.482000122070312,4.521000061035156,4.44,4.457000122070313,2.6723845929244128,5102651,0.0,0.0,0.0,True
2009-06-11,4.436000061035156,4.496000061035156,4.425,4.4750000000000005,2.6831757838548898,5411219,0.0,0.0,0.0,True
2009-06-12,4.428999938964844,4.4879998779296875,4.428999938964844,4.452000122070313,2.6693862327072924,7222251,0.0,0.0,0.0,True
2009-06-15,4.428999938964844,4.428999938964844,4.327999877929687,4.332999877929687,2.598034528837186,16071457,0.0,0.0,0.0,True
2009-06-16,4.342000122070313,4.382000122070313,4.33,4.335,2.5992343878849984,11802256,0.0,0.0,0.0,True
2009-06-17,4.32,4.337999877929688,4.267999877929688,4.292000122070313,2.57345102803966,10920623,0.0,0.0,0.0,True
2009-06-18,4.298999938964844,4.316000061035156,4.25,4.292999877929687,2.574050957563566,7521807,0.0,0.0,0.0,True
2009-06-19,4.308999938964844,4.308999938964844,4.308999938964844,4.363999938964844,2.6166209413712114,10148451,0.0,0.0,0.0,True
2009-06-22,4.3500000000000005,4.3500000000000005,4.3500000000000005,4.247000122070313,2.5464694643781796,4913132,0.0,0.0,0.0,True
2009-06-23,4.241000061035156,4.241000061035156,4.241000061035156,4.252999877929687,2.5500666506314253,49622916,0.0,0.0,0.0,True
2009-06-24,4.263999938964844,4.308999938964844,4.238999938964843,4.297999877929688,2.5770487660367967,5064482,0.0,0.0,0.0,True
2009-06-25,4.281000061035156,4.3060000610351565,4.23,4.267999877929688,2.559060995624265,5230647,0.0,0.0,0.0,True
2009-06-26,4.302999877929688,4.322999877929687,4.235,4.26,2.554264318152468,8463737,0.0,0.0,0.0,True
2009-06-29,4.243999938964844,4.322999877929687,4.243999938964844,4.315,2.587241130931148,5010562,0.0,0.0,0.0,True
2009-06-30,4.32,4.322000122070313,4.252999877929687,4.272000122070312,2.5614592424028495,5493521,0.0,0.0,0.0,True
2009-07-01,4.288999938964844,4.371000061035156,4.287000122070313,4.3589999389648435,2.613623500727241,11275280,0.0,0.0,0.0,True
2009-07-02,4.327000122070313,4.336000061035157,4.2379998779296875,4.2379998779296875,2.5410726734678444,11578426,0.0,0.0,0.0,True
2009-07-03,4.236000061035156,4.276000061035156,4.235,4.25,2.5482687012060086,7198058,0.0,0.0,0.0,True
2009-07-06,4.212999877929688,4.232000122070312,4.186000061035156,4.21,2.524284946017757,6311167,0.0,0.0,0.0,True
2009-07-07,4.23,4.253999938964844,4.196000061035156,4.197999877929687,2.5170898378527458,3200486,0.0,0.0,0.0,True
2009-07-08,4.177999877929688,4.208999938964844,4.142000122070312,4.1529998779296875,2.490107354618113,5331643,0.0,0.0,0.0,True
2009-07-09,4.163999938964844,4.198999938964844,4.15,4.172999877929688,2.502099324169555,5035157,0.0,0.0,0.0,True
2009-07-10,4.147000122070312,4.172999877929688,4.135,4.1410000610351565,2.4829129821116225,3814355,0.0,0.0,0.0,True
2009-07-13,4.13,4.221000061035157,4.11,4.212000122070313,2.5254835176631594,5586074,0.0,0.0,0.0,True
2009-07-14,4.205,4.271000061035156,4.205,4.252000122070313,2.54946745676604,5167451,0.0,0.0,0.0,True
2009-07-15,4.34,4.36,4.2700000000000005,4.36,2.6142239819950412,3723773,0.0,0.0,0.0,True
2009-07-16,4.3629998779296875,4.397000122070312,4.345,4.375,2.6232174074147303,4359068,0.0,0.0,0.0,True
2009-07-17,4.406000061035156,4.425,4.38,4.4029998779296875,2.6400056866087067,3788104,0.0,0.0,0.0,True
2009-07-20,4.4350000000000005,4.4750000000000005,4.407000122070313,4.453999938964844,2.670584804352695,7837072,0.0,0.0,0.0,True
2009-07-21,4.48,4.512999877929688,4.452000122070313,4.493999938964844,2.6945692951994666,5120029,0.0,0.0,0.0,True
2009-07-22,4.501000061035156,4.512999877929688,4.467999877929688,4.505,2.7011648416698315,11040185,0.0,0.0,0.0,True
2009-07-23,4.517999877929688,4.583999938964844,4.487000122070312,4.571000061035156,2.740737568748138,6566435,0.0,0.0,0.0,True
2009-07-24,4.566000061035156,4.615,4.552999877929688,4.59,2.752129424861042,10442843,0.0,0.0,0.0,True
2009-07-27,4.632000122070313,4.632000122070313,4.562999877929688,4.593999938964844,2.754527671639627,7150677,0.0,0.0,0.0,True
2009-07-28,4.61,4.623999938964844,4.532000122070313,4.537000122070313,2.720351183727763,6905780,0.0,0.0,0.0,True
2009-07-29,4.53,4.592999877929688,4.53,4.555,2.731144213804542,7428695,0.0,0.0,0.0,True
2009-07-30,4.5970001220703125,4.662999877929687,4.577000122070313,4.6450000000000005,2.7851073411275027,7954561,0.0,0.0,0.0,True
2009-07-31,4.65,4.66,4.611000061035156,4.62,2.7701171952735733,4815617,0.0,0.0,0.0,True
2009-08-03,4.607000122070312,4.723999938964844,4.606000061035156,4.698999938964844,2.817485143955427,3901702,0.0,0.0,0.0,True
2009-08-04,4.687999877929688,4.687999877929688,4.637999877929688,4.6850000000000005,2.8090910963157554,5977109,0.0,0.0,0.0,True
2009-08-05,4.683999938964844,4.716000061035157,4.65,4.662999877929687,2.7959009229481717,17998548,0.0,0.0,0.0,True
2009-08-06,4.697999877929687,4.746000061035156,4.69,4.711000061035157,2.8246813556082206,5459496,0.0,0.0,0.0,True
2009-08-07,4.678999938964844,4.765,4.653999938964843,4.752000122070313,2.849263752917967,5503549,0.0,0.0,0.0,True
2009-08-10,4.731000061035156,4.751000061035156,4.712999877929688,4.743999938964844,2.8444665237022773,2277005,0.0,0.0,0.0,True
2009-08-11,4.7700000000000005,4.7700000000000005,4.677999877929688,4.6939999389648435,2.814487335482198,8168713,0.0,0.0,0.0,True
2009-08-12,4.673999938964844,4.752999877929688,4.661000061035156,4.746000061035156,2.8456667505793516,10875366,0.0,0.0,0.0,True
2009-08-13,4.86,4.86,4.745,4.802000122070313,2.8792431250526755,20413926,0.0,0.0,0.0,True
2009-08-14,4.803999938964844,4.831000061035156,4.741000061035156,4.757999877929688,2.8528616748297315,8262242,0.0,0.0,0.0,True
2009-08-17,4.735,4.737000122070312,4.6489999389648435,4.69,2.8120890887036145,8249884,0.0,0.0,0.0,True
2009-08-18,4.716000061035157,4.736000061035156,4.69,4.7250000000000005,2.8330748515040036,5378631,0.0,0.0,0.0,True
2009-08-19,4.8589999389648435,4.8589999389648435,4.678999938964844,4.737000122070312,2.8402705114129083,7301617,0.0,0.0,0.0,True
2009-08-20,4.782999877929687,4.816000061035156,4.778999938964843,4.8060000610351565,2.881641187916631,3293268,0.0,0.0,0.0,True
2009-08-21,4.792000122070313,4.908999938964844,4.78,4.903999938964843,2.940401728369911,3947143,0.0,0.0,0.0,True
2009-08-24,4.937999877929688,4.961000061035157,4.918999938964844,4.941000061035156,2.9625866145595916,4845244,0.0,0.0,0.0,True
2009-08-25,4.94,4.9750000000000005,4.912000122070313,4.962999877929688,2.975777707500324,4969910,0.0,0.0,0.0,True
2009-08-26,4.903999938964843,4.9310000610351565,4.88,4.897999877929688,2.9368045421166658,4249476,0.0,0.0,0.0,True
2009-08-27,4.8870001220703125,4.912000122070313,4.866000061035156,4.877000122070313,2.9242128269559484,9588671,0.0,0.0,0.0,True
2009-08-28,4.926000061035157,4.946000061035156,4.8950000000000005,4.915,2.946997642669538,5765172,0.0,0.0,0.0,True
2009-09-01,4.91,4.92,4.817000122070312,4.817000122070312,2.8882369183016263,4587208,0.0,0.0,0.0,True
2009-09-02,4.8189999389648435,4.828999938964844,4.767999877929688,4.82,2.8900363390440873,7825631,0.0,0.0,0.0,True
2009-09-03,4.838999938964844,4.845,4.797000122070313,4.8,2.8780440016633846,4901769,0.0,0.0,0.0,True
2009-09-04,4.823999938964844,4.873999938964844,4.823999938964844,4.855,2.9110219179298453,21716968,0.0,0.0,0.0,True
2009-09-07,4.8950000000000005,4.9439999389648435,4.882999877929688,4.9320001220703125,2.9571898236492573,4137687,0.0,0.0,0.0,True
2009-09-08,4.948999938964844,4.9720001220703125,4.927999877929688,4.952000122070313,2.96918234494459,3022914,0.0,0.0,0.0,True
2009-09-09,4.936000061035156,5.01,4.933999938964844,5.01,3.0039585784657272,5912408,0.0,0.0,0.0,True
2009-09-10,5.05,5.05,4.962999877929688,4.993999938964844,2.9943646717782415,9296276,0.0,0.0,0.0,True
2009-09-11,5.0160000610351565,5.043999938964844,5.01,5.01,3.0039585784657272,5960321,0.0,0.0,0.0,True
2009-09-14,4.9720001220703125,5.025,4.957000122070313,5.025,3.0129520038854176,3189845,0.0,0.0,0.0,True
2009-09-15,5.028999938964843,5.067000122070312,5.002000122070313,5.053999938964844,3.0303409482618218,4973807,0.0,0.0,0.0,True
2009-09-16,5.072000122070313,5.1370001220703125,5.072000122070313,5.132999877929688,3.0777085291144153,5572132,0.0,0.0,0.0,True
2009-09-17,5.172999877929688,5.18,5.1450000000000005,5.1690002441406255,3.099294405353345,5642722,0.0,0.0,0.0,True
2009-09-18,5.15,5.190999755859375,5.15,5.1820001220703125,3.1070883395544833,5496964,0.0,0.0,0.0,True
2009-09-21,5.184000244140625,5.184000244140625,5.115,5.145999755859375,3.085503566803335,8092858,0.0,0.0,0.0,True
2009-09-22,5.160999755859375,5.195,5.15,5.15,3.087901261838029,6300695,0.0,0.0,0.0,True
2009-09-23,5.157999877929687,5.1820001220703125,5.132000122070313,5.144000244140625,3.084303707755524,4081066,0.0,0.0,0.0,True
2009-09-24,5.124000244140625,5.174000244140625,5.081000061035156,5.087999877929688,3.0507262297944147,9133906,0.0,0.0,0.0,True
2009-09-25,5.111000061035156,5.127999877929688,5.086000061035157,5.093999938964844,3.0543243356208136,7675755,0.0,0.0,0.0,True
2009-09-28,5.092999877929688,5.175999755859375,5.057999877929688,5.174000244140625,3.102292581655835,8905510,0.0,0.0,0.0,True
2009-09-29,5.162999877929687,5.1929998779296875,5.147000122070312,5.162000122070313,3.0950971056615635,5480575,0.0,0.0,0.0,True
2009-09-30,5.165,5.195999755859375,5.097999877929688,5.142000122070312,3.0831045843662337,7552578,0.0,0.0,0.0,True
2009-10-01,5.14,5.172000122070313,5.05,5.055,3.0309408777857296,7268643,0.0,0.0,0.0,True
2009-10-02,5.0200000000000005,5.036000061035156,4.962000122070313,4.992000122070313,2.9931657323035794,14575234,0.0,0.0,0.0,True
2009-10-05,5.005,5.035,4.98,5.035,3.0189483564903985,16658709,0.0,0.0,0.0,True
2009-10-06,5.0570001220703125,5.154000244140625,5.042999877929687,5.14,3.0819060127208293,5695973,0.0,0.0,0.0,True
2009-10-07,5.132000122070313,5.165,5.111000061035156,5.1129998779296875,3.0657163756483476,7394741,0.0,0.0,0.0,True
2009-10-08,5.167999877929687,5.18,5.13,5.17,3.099893967047993,6069490,0.0,0.0,0.0,True
2009-10-09,5.14,5.18,5.135,5.172999877929688,3.101691548644148,3870846,0.0,0.0,0.0,True
2009-10-12,5.194000244140625,5.239000244140625,5.184000244140625,5.215,3.1268757146241017,4343932,0.0,0.0,0.0,True
2009-10-13,5.227000122070312,5.230999755859375,5.165999755859375,5.165999755859375,3.0974953524401463,4434894,0.0,0.0,0.0,True
2009-10-14,5.23,5.2700000000000005,5.217000122070313,5.265999755859375,3.1574540967095674,7181094,0.0,0.0,0.0,True
2009-10-15,5.2809997558593755,5.2809997558593755,5.230999755859375,5.235,3.1388669485170193,6725433,0.0,0.0,0.0,True
2009-10-16,5.267000122070312,5.28,5.187999877929688,5.202000122070313,3.1190803091059234,5358552,0.0,0.0,0.0,True
2009-10-19,5.235,5.292999877929687,5.235,5.292999877929687,3.1736444694405725,2890170,0.0,0.0,0.0,True
2009-10-20,5.305999755859375,5.305999755859375,5.257999877929688,5.257999877929688,3.1526572353231397,3863913,0.0,0.0,0.0,True
2009-10-21,5.284000244140625,5.284000244140625,5.189000244140625,5.270999755859375,3.160452273012057,4862281,0.0,0.0,0.0,True
2009-10-22,5.2009997558593755,5.229000244140625,5.179000244140625,5.2140002441406255,3.1262761529294547,8530505,0.0,0.0,0.0,True
2009-10-23,5.26,5.3100000000000005,5.25,5.252999877929688,3.1496590590206486,6321891,0.0,0.0,0.0,True
2009-10-26,5.265,5.290999755859375,5.177000122070313,5.204000244140625,3.1202794324952166,10089611,0.0,0.0,0.0,True
2009-10-27,5.219000244140625,5.2379998779296875,5.19,5.209000244140625,3.1232779766269663,8590518,0.0,0.0,0.0,True
2009-10-28,5.190999755859375,5.192000122070312,5.082999877929687,5.085,3.04892791253974,13511985,0.0,0.0,0.0,True
2009-10-29,5.062999877929688,5.149000244140625,5.057999877929688,5.140999755859375,3.0825057583301074,8923434,0.0,0.0,0.0,True
2009-10-30,5.149000244140625,5.17,5.0279998779296875,5.045,3.0249443412661177,8244137,0.0,0.0,0.0,True
2009-11-02,5.021000061035156,5.12,5.021000061035156,5.11,3.0639178744790376,6369377,0.0,0.0,0.0,True
2009-11-03,5.061000061035156,5.061000061035156,4.988999938964844,5.042000122070313,3.0231454722675513,9317549,0.0,0.0,0.0,True
2009-11-04,5.083999938964844,5.132000122070313,5.072999877929687,5.124000244140625,3.0723122899479747,8104057,0.0,0.0,0.0,True
2009-11-05,5.13,5.17,5.052000122070313,5.142000122070312,3.0831045843662337,3923798,0.0,0.0,0.0,True
2009-11-06,5.14,5.1690002441406255,5.091000061035157,5.157000122070313,3.092098561529813,3599760,0.0,0.0,0.0,True
2009-11-09,5.202999877929687,5.255,5.199000244140625,5.242999877929687,3.1436630742449267,3295007,0.0,0.0,0.0,True
2009-11-10,5.25,5.275999755859375,5.235999755859375,5.244000244140625,3.144263371598095,3960819,0.0,0.0,0.0,True
2009-11-11,5.285999755859375,5.322000122070313,5.282000122070313,5.29,3.1718446808688516,7947311,0.0,0.0,0.0,True
2009-11-12,5.285,5.322000122070313,5.275,5.295,3.1748413858543016,6113576,0.0,0.0,0.0,True
2009-11-13,5.267999877929688,5.32,5.267999877929688,5.319000244140625,3.189233441330627,2138151,0.0,0.0,0.0,True
2009-11-16,5.3470001220703125,5.415999755859375,5.345999755859375,5.4029998779296875,3.2395984628271908,5615074,0.0,0.0,0.0,True
2009-11-17,5.38,5.394000244140625,5.3629998779296875,5.372999877929687,3.221610876329292,8406066,0.0,0.0,0.0,True
2009-11-18,5.4,5.4059997558593755,5.3659997558593755,5.374000244140625,3.22221190934098,3663603,0.0,0.0,0.0,True
2009-11-19,5.36,5.3790002441406255,5.29,5.302999877929688,3.1796397185577736,5961326,0.0,0.0,0.0,True
2009-11-20,5.302000122070313,5.342999877929688,5.257000122070313,5.285,3.1688461367371015,4933624,0.0,0.0,0.0,True
2009-11-23,5.332999877929687,5.410999755859375,5.332999877929687,5.3870001220703125,3.230004372225075,4949710,0.0,0.0,0.0,True
2009-11-24,5.352999877929688,5.407000122070313,5.34,5.357999877929688,3.2126181865681223,3174083,0.0,0.0,0.0,True
2009-11-25,5.357999877929688,5.370999755859375,5.33,5.3659997558593755,3.217413576637509,4061892,0.0,0.0,0.0,True
2009-11-26,5.315999755859375,5.335999755859375,5.190999755859375,5.1929998779296875,3.1136849895126293,7786314,0.0,0.0,0.0,True
2009-11-27,5.102000122070312,5.269000244140625,5.091000061035157,5.2409997558593755,3.142463215197116,11998654,0.0,0.0,0.0,True
2009-11-30,5.26,5.26,5.1850000000000005,5.1850000000000005,3.1088895994432435,4264348,0.0,0.0,0.0,True
2009-12-01,5.230999755859375,5.312000122070312,5.227999877929688,5.312000122070312,3.1850357738095854,5377109,0.0,0.0,0.0,True
2009-12-02,5.302999877929688,5.3500000000000005,5.282999877929687,5.327999877929687,3.1946291287531805,4108312,0.0,0.0,0.0,True
2009-12-03,5.357999877929688,5.369000244140625,5.312000122070312,5.315999755859375,3.1874336527589078,5164816,0.0,0.0,0.0,True
2009-12-04,5.297000122070313,5.374000244140625,5.275999755859375,5.325,3.1928289723522005,6720695,0.0,0.0,0.0,True
2009-12-07,5.299000244140625,5.327999877929687,5.2540002441406255,5.3100000000000005,3.183837018249554,4982880,0.0,0.0,0.0,True
2009-12-08,5.2809997558593755,5.322000122070313,5.207000122070313,5.227999877929688,3.1346703844837602,7010438,0.0,0.0,0.0,True
2009-12-09,5.207000122070313,5.242999877929687,5.180999755859375,5.202000122070313,3.1190803091059234,5469138,0.0,0.0,0.0,True
2009-12-10,5.195,5.250999755859375,5.192000122070312,5.242999877929687,3.1436630742449267,9408733,0.0,0.0,0.0,True
2009-12-11,5.247999877929687,5.305,5.247999877929687,5.255,3.1508589180684603,13153465,0.0,0.0,0.0,True
2009-12-14,5.275,5.325,5.275,5.3070001220703125,3.182037229677834,13541532,0.0,0.0,0.0,True
2009-12-15,5.3,5.3259997558593755,5.255999755859375,5.287000122070313,3.1700445244678703,21415996,0.0,0.0,0.0,True
2009-12-16,5.295999755859375,5.337000122070313,5.285999755859375,5.32,3.18983226736675,4744338,0.0,0.0,0.0,True
2009-12-17,5.309000244140625,5.309000244140625,5.217999877929688,5.217999877929688,3.1286743997080406,5961260,0.0,0.0,0.0,True
2009-12-18,5.245999755859375,5.287000122070313,5.197999877929687,5.197999877929687,3.116682062327338,7741535,0.0,0.0,0.0,True
2009-12-21,5.219000244140625,5.317000122070312,5.207999877929687,5.29,3.1718446808688516,11204389,0.0,0.0,0.0,True
2009-12-22,5.292999877929687,5.36,5.292999877929687,5.3259997558593755,3.1934292697053697,3725834,0.0,0.0,0.0,True
2009-12-23,5.372999877929687,5.385,5.349000244140625,5.369000244140625,3.2192115260629266,7566902,0.0,0.0,0.0,True
2009-12-24,5.380999755859375,5.402000122070312,5.370999755859375,5.399000244140625,3.237200951707128,991836,0.0,0.0,0.0,True
2009-12-29,5.39,5.444000244140625,5.39,5.430999755859375,3.2563865581065397,10025818,0.0,0.0,0.0,True
2009-12-30,5.414000244140625,5.432999877929688,5.389000244140625,5.392999877929688,3.23360211022221,3779943,0.0,0.0,0.0,True
2009-12-31,5.42,5.4320001220703125,5.390999755859375,5.4029998779296875,3.2395984628271908,637454,0.0,0.0,0.0,True
2010-01-04,5.43,5.5,5.409000244140625,5.5,3.2977588898419317,3549031,0.0,0.0,0.0,True
2010-01-05,5.49,5.534000244140625,5.48,5.517999877929688,3.308552471662605,4149908,0.0,0.0,0.0,True
2010-01-06,5.5200000000000005,5.534000244140625,5.495,5.527000122070312,3.3139477912558943,3635957,0.0,0.0,0.0,True
2010-01-07,5.515,5.545999755859375,5.497999877929687,5.522999877929688,3.311549912306573,5106946,0.0,0.0,0.0,True
2010-01-08,5.505,5.545,5.459000244140625,5.53,3.3157464763398363,4840655,0.0,0.0,0.0,True
2010-01-11,5.557999877929688,5.592999877929688,5.525,5.537000122070313,3.3199437760316175,5673493,0.0,0.0,0.0,True
2010-01-12,5.535999755859375,5.542999877929687,5.457000122070313,5.495999755859375,3.295361378721872,5309565,0.0,0.0,0.0,True
2010-01-13,5.467999877929688,5.505999755859375,5.447999877929687,5.4720001220703125,3.2809707945625863,3535869,0.0,0.0,0.0,True
2010-01-14,5.507999877929688,5.5200000000000005,5.4720001220703125,5.500999755859375,3.2983599228536207,4441313,0.0,0.0,0.0,True
2010-01-15,5.495,5.5440002441406255,5.445999755859375,5.445999755859375,3.265381454843271,9089389,0.0,0.0,0.0,True
2010-01-18,5.4720001220703125,5.5,5.455,5.4909997558593755,3.29236283459012,3353236,0.0,0.0,0.0,True
2010-01-19,5.4720001220703125,5.5279998779296875,5.425999755859375,5.505,3.3007563304859033,22142138,0.0,0.0,0.0,True
2010-01-20,5.492000122070313,5.507999877929688,5.402000122070312,5.420999755859375,3.25039094116008,5948693,0.0,0.0,0.0,True
2010-01-21,5.452000122070313,5.4640002441406255,5.332000122070313,5.332000122070313,3.1970270077025043,11650538,0.0,0.0,0.0,True
2010-01-22,5.3,5.337999877929688,5.249000244140625,5.305,3.1808370028007595,14115779,0.0,0.0,0.0,True
2010-01-25,5.2409997558593755,5.325,5.2409997558593755,5.257999877929688,3.1526572353231397,8969553,0.0,0.0,0.0,True
2010-01-26,5.227000122070312,5.275999755859375,5.215,5.275999755859375,3.1634504493145466,8373571,0.0,0.0,0.0,True
2010-01-27,5.224000244140625,5.257000122070313,5.19,5.210999755859375,3.124476364357736,11060239,0.0,0.0,0.0,True
2010-01-28,5.279000244140625,5.279000244140625,5.144000244140625,5.144000244140625,3.084303707755524,9402876,0.0,0.0,0.0,True
2010-01-29,5.260999755859375,5.260999755859375,5.149000244140625,5.187000122070312,3.1100843088814094,13732494,0.0,0.0,0.0,True
2010-02-01,5.177000122070313,5.245,5.16,5.242999877929687,3.1436630742449267,7351945,0.0,0.0,0.0,True
2010-02-02,5.1820001220703125,5.285,5.1820001220703125,5.279000244140625,3.1652483987399656,5214777,0.0,0.0,0.0,True
2010-02-03,5.315,5.315,5.2409997558593755,5.259000244140625,3.153255693530005,7513080,0.0,0.0,0.0,True
2010-02-04,5.2779998779296875,5.2779998779296875,5.130999755859375,5.1450000000000005,3.08490382119406,12206751,0.0,0.0,0.0,True
2010-02-05,5.117000122070313,5.125999755859375,5.042999877929687,5.07,3.0399341192907907,14134946,0.0,0.0,0.0,True
2010-02-08,5.09,5.125,5.045,5.0970001220703125,3.05612302070475,6738627,0.0,0.0,0.0,True
2010-02-09,5.106000061035156,5.142999877929688,5.09,5.125,3.072911115984097,7191917,0.0,0.0,0.0,True
2010-02-10,5.154000244140625,5.197999877929687,5.122999877929687,5.155,3.0909001737990414,11402255,0.0,0.0,0.0,True
2010-02-11,5.195,5.217000122070313,5.130999755859375,5.18,3.105889583994451,7852976,0.0,0.0,0.0,True
2010-02-12,5.22,5.2250000000000005,5.14,5.162999877929687,3.095695563868427,7808206,0.0,0.0,0.0,True
2010-02-15,5.180999755859375,5.212000122070313,5.175,5.187999877929688,3.1106853418930975,4483317,0.0,0.0,0.0,True
2010-02-16,5.23,5.265999755859375,5.2,5.257999877929688,3.1526572353231397,5058724,0.0,0.0,0.0,True
2010-02-17,5.3,5.325,5.287000122070313,5.302000122070313,3.1790408925216456,11053557,0.0,0.0,0.0,True
2010-02-18,5.302999877929688,5.3500000000000005,5.285,5.3500000000000005,3.207820221693913,5877534,0.0,0.0,0.0,True
2010-02-19,5.3,5.39,5.3,5.377999877929688,3.2246079491439996,6497498,0.0,0.0,0.0,True
2010-02-22,5.4059997558593755,5.409000244140625,5.372000122070313,5.372999877929687,3.221610876329292,2325742,0.0,0.0,0.0,True
2010-02-23,5.4,5.417000122070313,5.3259997558593755,5.342000122070313,3.203023360307483,5491112,0.0,0.0,0.0,True
2010-02-24,5.285,5.357999877929688,5.285,5.345999755859375,3.2054212392568076,4563933,0.0,0.0,0.0,True
2010-02-25,5.319000244140625,5.369000244140625,5.260999755859375,5.275999755859375,3.1634504493145466,6032234,0.0,0.0,0.0,True
2010-02-26,5.33,5.367000122070313,5.3070001220703125,5.350999755859375,3.2084205190470807,5901149,0.0,0.0,0.0,True
2010-03-01,5.4,5.412000122070313,5.355999755859375,5.407000122070313,3.241996709605775,6031666,0.0,0.0,0.0,True
2010-03-02,5.42,5.480999755859375,5.404000244140625,5.480999755859375,3.2863672176436625,11335812,0.0,0.0,0.0,True
2010-03-03,5.470999755859375,5.5440002441406255,5.470999755859375,5.535,3.3187442848130657,6284533,0.0,0.0,0.0,True
2010-03-04,5.48,5.547000122070313,5.48,5.532000122070313,3.316945967558387,7062204,0.0,0.0,0.0,True
2010-03-05,5.550999755859375,5.607999877929688,5.542999877929687,5.604000244140625,3.360115880889941,10849225,0.0,0.0,0.0,True
2010-03-08,5.625,5.625,5.582999877929687,5.61,3.3637132510578156,5532112,0.0,0.0,0.0,True
2010-03-09,5.62,5.622000122070313,5.5679998779296875,5.602999877929688,3.3595155835367705,10149449,0.0,0.0,0.0,True
2010-03-10,5.602999877929688,5.655,5.599000244140625,5.654000244140625,3.3900969082563206,3192116,0.0,0.0,0.0,True
2010-03-11,5.649000244140625,5.655,5.607000122070312,5.63,3.375705588438518,4920165,0.0,0.0,0.0,True
2010-03-12,5.605,5.657999877929687,5.605,5.635,3.378703764741007,4986132,0.0,0.0,0.0,True
2010-03-15,5.635,5.637999877929688,5.599000244140625,5.602000122070312,3.358917493159168,5235571,0.0,0.0,0.0,True
2010-03-16,5.635,5.647000122070312,5.607999877929688,5.635,3.378703764741007,4842584,0.0,0.0,0.0,True
2010-03-17,5.655,5.674000244140625,5.645999755859375,5.659000244140625,3.3930925097539903,4438648,0.0,0.0,0.0,True
2010-03-18,5.6370001220703125,5.675,5.6370001220703125,5.6559997558593755,3.3912945603285727,6381001,0.0,0.0,0.0,True
2010-03-19,5.644000244140625,5.712000122070313,5.644000244140625,5.672000122070313,3.400887547442907,8148484,0.0,0.0,0.0,True
2010-03-22,5.664000244140625,5.664000244140625,5.600999755859375,5.66,3.393693542765674,7846809,0.0,0.0,0.0,True
2010-03-23,5.6690002441406255,5.712999877929688,5.664000244140625,5.702000122070313,3.4188777087456335,6996083,0.0,0.0,0.0,True
2010-03-24,5.707000122070313,5.717000122070313,5.6559997558593755,5.697000122070313,3.415879164613882,5457503,0.0,0.0,0.0,True
2010-03-25,5.702000122070313,5.76,5.697999877929687,5.750999755859375,3.4482565996125434,4641785,0.0,0.0,0.0,True
2010-03-26,5.729000244140625,5.742999877929687,5.715999755859375,5.7250000000000005,3.4326672598932295,4067147,0.0,0.0,0.0,True
2010-03-29,5.75,5.755,5.707000122070313,5.732999877929688,3.4374630177918726,5693525,0.0,0.0,0.0,True
2010-03-30,5.752999877929688,5.76,5.682999877929688,5.695999755859375,3.415278499431451,5094410,0.0,0.0,0.0,True
2010-03-31,5.695,5.717999877929688,5.667000122070313,5.697999877929687,3.4164790941377863,4379045,0.0,0.0,0.0,True
2010-04-01,5.72,5.767999877929688,5.72,5.767999877929688,3.4584495162507847,5477065,0.0,0.0,0.0,True
2010-04-06,5.82,5.83,5.767999877929688,5.804000244140625,3.480035208575084,4263312,0.0,0.0,0.0,True
2010-04-07,5.817000122070312,5.817000122070312,5.78,5.787999877929687,3.470440750143706,2493402,0.0,0.0,0.0,True
2010-04-08,5.765999755859375,5.765999755859375,5.709000244140625,5.7379998779296875,3.440459722777325,5097371,0.0,0.0,0.0,True
2010-04-09,5.784000244140625,5.8,5.772999877929688,5.7940002441406255,3.474039959457881,5922276,0.0,0.0,0.0,True
2010-04-12,5.8259997558593755,5.8259997558593755,5.782000122070313,5.802000122070313,3.478836820844311,2915813,0.0,0.0,0.0,True
2010-04-13,5.787999877929687,5.802000122070313,5.767000122070312,5.789000244140625,3.471041783155394,5046411,0.0,0.0,0.0,True
2010-04-14,5.812000122070312,5.844000244140625,5.8100000000000005,5.825,3.4926278433089504,5680782,0.0,0.0,0.0,True
2010-04-15,5.847999877929688,5.860999755859375,5.809000244140625,5.855,3.5106143263190708,8525375,0.0,0.0,0.0,True
2010-04-16,5.829000244140625,5.867999877929687,5.76,5.772999877929688,3.4614469568947546,5153898,0.0,0.0,0.0,True
2010-04-19,5.755999755859375,5.775,5.727000122070312,5.757000122070313,3.451854337609683,5530676,0.0,0.0,0.0,True
2010-04-20,5.777000122070312,5.8259997558593755,5.7620001220703125,5.817000122070312,3.487830246264002,9096142,0.0,0.0,0.0,True
2010-04-21,5.83,5.83,5.755,5.757000122070313,3.451854337609683,8232221,0.0,0.0,0.0,True
2010-04-22,5.752999877929688,5.792999877929687,5.685999755859375,5.7,3.417676746210036,6547018,0.0,0.0,0.0,True
2010-04-23,5.744000244140625,5.774000244140625,5.7,5.757000122070313,3.451854337609683,5548770,0.0,0.0,0.0,True
2010-04-26,5.8070001220703125,5.832999877929687,5.7809997558593755,5.785999755859375,3.4692416267544144,8568350,0.0,0.0,0.0,True
2010-04-27,5.79,5.79,5.635,5.635,3.378703764741007,7294583,0.0,0.0,0.0,True
2010-04-28,5.622000122070313,5.674000244140625,5.57,5.62,3.3697088680042766,9009731,0.0,0.0,0.0,True
2010-04-29,5.635999755859375,5.675999755859375,5.6159997558593755,5.662000122070313,3.394893033984227,3441864,0.0,0.0,0.0,True
2010-04-30,5.654000244140625,5.680999755859375,5.577000122070313,5.585,3.348724944350188,5288081,0.0,0.0,0.0,True
2010-05-04,5.595999755859375,5.595999755859375,5.439000244140625,5.452999877929687,3.2695772832180126,7442993,0.0,0.0,0.0,True
2010-05-05,5.434000244140625,5.480999755859375,5.3629998779296875,5.395999755859375,3.235401898793932,19014200,0.0,0.0,0.0,True
2010-05-06,5.3259997558593755,5.422999877929688,5.302999877929688,5.312000122070312,3.1850357738095854,10956158,0.0,0.0,0.0,True
2010-05-07,5.19,5.32,5.1000000000000005,5.1820001220703125,3.1070883395544833,27710288,0.0,0.0,0.0,True
2010-05-10,5.342000122070313,5.4640002441406255,5.32,5.45,3.267779701621854,27147144,0.0,0.0,0.0,True
2010-05-11,5.38,5.407000122070313,5.32,5.397999877929688,3.2365999186954415,8843784,0.0,0.0,0.0,True
2010-05-12,5.37,5.4640002441406255,5.349000244140625,5.445,3.264781893148625,6641641,0.0,0.0,0.0,True
2010-05-13,5.495,5.505,5.449000244140625,5.505,3.3007563304859033,9425821,0.0,0.0,0.0,True
2010-05-14,5.48,5.48,5.315,5.335,3.198826796274223,4632352,0.0,0.0,0.0,True
2010-05-17,5.3,5.399000244140625,5.3,5.332000122070313,3.1970270077025043,6704279,0.0,0.0,0.0,True
2010-05-18,5.3500000000000005,5.410999755859375,5.3500000000000005,5.384000244140625,3.2282056871411373,6313058,0.0,0.0,0.0,True
2010-05-19,5.300999755859375,5.342999877929688,5.245,5.245,3.144862565463481,10971766,0.0,0.0,0.0,True
2010-05-20,5.26,5.3070001220703125,5.077999877929687,5.150999755859375,3.088500823532676,15407772,0.0,0.0,0.0,True
2010-05-21,5.102000122070312,5.17,5.038999938964844,5.149000244140625,3.0873017001433816,12315254,0.0,0.0,0.0,True
2010-05-24,5.165,5.189000244140625,5.106000061035156,5.155,3.0909001737990414,4832430,0.0,0.0,0.0,True
2010-05-25,5.006000061035157,5.057999877929688,4.977999877929688,5.008999938964844,3.0033586489418216,14760447,0.0,0.0,0.0,True
2010-05-26,5.061000061035156,5.107000122070312,4.998999938964844,5.052999877929688,3.029741018737916,16431209,0.0,0.0,0.0,True
2010-05-27,5.09,5.205,5.083999938964844,5.202999877929687,3.119680238629829,7965068,0.0,0.0,0.0,True
2010-05-28,5.239000244140625,5.25,5.195999755859375,5.2,3.117881921375152,10705078,0.0,0.0,0.0,True
2010-06-01,5.19,5.190999755859375,5.072999877929687,5.172999877929688,3.101691548644148,6166073,0.0,0.0,0.0,True
2010-06-02,5.125,5.179000244140625,5.096000061035157,5.175999755859375,3.103490969386607,3656172,0.0,0.0,0.0,True
2010-06-03,5.255,5.282999877929687,5.224000244140625,5.2379998779296875,3.140666737088741,5304916,0.0,0.0,0.0,True
2010-06-04,5.2409997558593755,5.284000244140625,5.125,5.147000122070312,3.0861033124126123,8177993,0.0,0.0,0.0,True
2010-06-07,5.0679998779296875,5.144000244140625,5.062000122070312,5.09,3.05192645667149,3691058,0.0,0.0,0.0,True
2010-06-08,5.097999877929688,5.105,5.008999938964844,5.047999877929688,3.026743394179318,7586565,0.0,0.0,0.0,True
2010-06-09,5.087000122070313,5.111000061035156,5.0200000000000005,5.111000061035156,3.0645168844297928,8641673,0.0,0.0,0.0,True
2010-06-10,5.045,5.172000122070313,5.045,5.155,3.0909001737990414,5629670,0.0,0.0,0.0,True
2010-06-11,5.102000122070312,5.207000122070313,5.102000122070312,5.187999877929688,3.1106853418930975,4965730,0.0,0.0,0.0,True
2010-06-14,5.192000122070312,5.24,5.19,5.225999755859375,3.1334701576066855,3694523,0.0,0.0,0.0,True
2010-06-15,5.175,5.265999755859375,5.175,5.239000244140625,3.1412655631248656,2900249,0.0,0.0,0.0,True
2010-06-16,5.282999877929687,5.282999877929687,5.235,5.267999877929688,3.1586532200988584,3410675,0.0,0.0,0.0,True
2010-06-17,5.275,5.310999755859375,5.255999755859375,5.274000244140625,3.1622502224374744,9097263,0.0,0.0,0.0,True
2010-06-18,5.295,5.310999755859375,5.259000244140625,5.269000244140625,3.1592520461349856,9036209,0.0,0.0,0.0,True
2010-06-21,5.344000244140625,5.352000122070312,5.302000122070313,5.322999877929687,3.191630584621429,16468739,0.0,0.0,0.0,True
2010-06-22,5.270999755859375,5.295999755859375,5.23,5.265,3.1568541671856627,8777504,0.0,0.0,0.0,True
2010-06-23,5.24,5.265999755859375,5.187000122070312,5.195999755859375,3.1154818354502662,11458411,0.0,0.0,0.0,True
2010-06-24,5.249000244140625,5.249000244140625,5.113999938964844,5.115,3.0669164186107913,5106058,0.0,0.0,0.0,True
2010-06-25,5.102000122070312,5.149000244140625,5.052000122070313,5.065,3.036935575159037,4012731,0.0,0.0,0.0,True
2010-06-28,5.096000061035157,5.118999938964844,5.042000122070313,5.087999877929688,3.0507262297944147,4103353,0.0,0.0,0.0,True
2010-06-29,5.048999938964844,5.048999938964844,4.92,4.9350000000000005,2.958988692647825,12766984,0.0,0.0,0.0,True
2010-06-30,4.977999877929688,4.978999938964844,4.921000061035157,4.9320001220703125,2.9571898236492573,9556710,0.0,0.0,0.0,True
2010-07-01,4.88,4.905,4.8100000000000005,4.821000061035156,2.8906355329094704,13539311,0.0,0.0,0.0,True
2010-07-02,4.8500000000000005,4.903999938964843,4.827999877929687,4.86,2.9140199103177076,8702543,0.0,0.0,0.0,True
2010-07-05,4.9,4.9,4.837000122070313,4.837000122070313,2.900228887853067,19730730,0.0,0.0,0.0,True
2010-07-06,4.867000122070313,4.9750000000000005,4.861000061035156,4.971000061035157,2.9805743849721225,8352231,0.0,0.0,0.0,True
2010-07-07,4.921000061035157,5.0200000000000005,4.9,5.0200000000000005,3.00995474715608,5030845,0.0,0.0,0.0,True
2010-07-08,5.1000000000000005,5.130999755859375,5.071000061035156,5.112000122070312,3.0651173656975925,6285797,0.0,0.0,0.0,True
2010-07-09,5.120999755859375,5.157000122070313,5.107999877929688,5.145999755859375,3.085503566803335,7431511,0.0,0.0,0.0,True
2010-07-12,5.147000122070312,5.2009997558593755,5.139000244140625,5.177000122070313,3.1040905310812525,3329868,0.0,0.0,0.0,True
2010-07-13,5.19,5.282999877929687,5.187999877929688,5.282999877929687,3.1676481168355917,9760490,0.0,0.0,0.0,True
2010-07-14,5.3,5.3,5.2140002441406255,5.257999877929688,3.1526572353231397,3461603,0.0,0.0,0.0,True
2010-07-15,5.234000244140625,5.275,5.190999755859375,5.212000122070313,3.1250748225646,13872088,0.0,0.0,0.0,True
2010-07-16,5.2379998779296875,5.277000122070312,5.159000244140625,5.164000244140625,3.0962947577338134,11981776,0.0,0.0,0.0,True
2010-07-19,5.174000244140625,5.202999877929687,5.122000122070313,5.1529998779296875,3.0897003147512283,10003674,0.0,0.0,0.0,True
2010-07-20,5.17,5.180999755859375,5.097999877929688,5.140999755859375,3.0825057583301074,4167357,0.0,0.0,0.0,True
2010-07-21,5.202999877929687,5.252000122070313,5.194000244140625,5.224000244140625,3.1322728733636986,4151351,0.0,0.0,0.0,True
2010-07-22,5.194000244140625,5.327999877929687,5.187999877929688,5.322999877929687,3.191630584621429,6140489,0.0,0.0,0.0,True
2010-07-23,5.314000244140625,5.3390002441406255,5.287999877929687,5.329000244140625,3.195229058277088,7006856,0.0,0.0,0.0,True
2010-07-26,5.325,5.3675,5.3175,5.3675,3.218312183520956,2998974,0.0,0.0,0.0,True
2010-07-27,5.39,5.4225,5.365,5.38,3.2258089116795943,4468760,0.0,0.0,0.0,True
2010-07-28,5.4,5.41,5.3325000000000005,5.34,3.201823869088934,5573647,0.0,0.0,0.0,True
2010-07-29,5.3475,5.39,5.3275,5.3275,3.1943297157351185,4448240,0.0,0.0,0.0,True
2010-07-30,5.3100000000000005,5.34,5.265,5.2825,3.1673476003297467,5257711,0.0,0.0,0.0,True
2010-08-02,5.327000122070313,5.417000122070313,5.32,5.417000122070313,3.2479937978692783,6604938,0.0,0.0,0.0,True
2010-08-03,5.382999877929688,5.414000244140625,5.370999755859375,5.414000244140625,3.2461951127853403,3790148,0.0,0.0,0.0,True
2010-08-04,5.404000244140625,5.435999755859375,5.349000244140625,5.417000122070313,3.2479937978692783,4936871,0.0,0.0,0.0,True
2010-08-05,5.409000244140625,5.442000122070312,5.3870001220703125,5.394000244140625,3.2342009362583375,4424527,0.0,0.0,0.0,True
2010-08-06,5.424000244140625,5.432999877929688,5.337999877929688,5.359000244140625,3.213217748262767,6316752,0.0,0.0,0.0,True
2010-08-09,5.414000244140625,5.447000122070313,5.414000244140625,5.435999755859375,3.259385470067551,10542272,0.0,0.0,0.0,True
2010-08-10,5.422999877929688,5.430999755859375,5.374000244140625,5.4029998779296875,3.2395984628271908,4874926,0.0,0.0,0.0,True
2010-08-11,5.367999877929687,5.367999877929687,5.275999755859375,5.275999755859375,3.1634504493145466,3710781,0.0,0.0,0.0,True
2010-08-12,5.255999755859375,5.304000244140625,5.24,5.292999877929687,3.1736444694405725,7486814,0.0,0.0,0.0,True
2010-08-13,5.332999877929687,5.337999877929688,5.255999755859375,5.304000244140625,3.1802392802524175,4600857,0.0,0.0,0.0,True
2010-08-16,5.319000244140625,5.329000244140625,5.2540002441406255,5.3,3.177839194327531,5777723,0.0,0.0,0.0,True
2010-08-17,5.302000122070313,5.375999755859375,5.299000244140625,5.375999755859375,3.2234077222669266,6678528,0.0,0.0,0.0,True
2010-08-18,5.360999755859375,5.364000244140625,5.332000122070313,5.332000122070313,3.1970270077025043,3787566,0.0,0.0,0.0,True
2010-08-19,5.357999877929688,5.365,5.2379998779296875,5.2379998779296875,3.140666737088741,7443301,0.0,0.0,0.0,True
2010-08-20,5.2379998779296875,5.260999755859375,5.195999755859375,5.230999755859375,3.136468333909177,8815820,0.0,0.0,0.0,True
2010-08-23,5.252999877929688,5.302000122070313,5.23,5.269000244140625,3.1592520461349856,6714543,0.0,0.0,0.0,True
2010-08-24,5.23,5.235999755859375,5.1450000000000005,5.192000122070312,3.1130832208424213,7424407,0.0,0.0,0.0,True
2010-08-25,5.155,5.1850000000000005,5.0689999389648435,5.106000061035156,3.0615196277004566,8080423,0.0,0.0,0.0,True
2010-08-26,5.152000122070312,5.165999755859375,5.125999755859375,5.154000244140625,3.090299140787353,2871457,0.0,0.0,0.0,True
2010-08-27,5.14,5.210999755859375,5.12,5.2,3.117881921375152,6880896,0.0,0.0,0.0,True
2010-08-31,5.159000244140625,5.220999755859375,5.127999877929688,5.22,3.1298727874388113,3535021,0.0,0.0,0.0,True
2010-09-01,5.244000244140625,5.36,5.222999877929688,5.36,3.213816574298893,8973575,0.0,0.0,0.0,True
2010-09-02,5.344000244140625,5.375,5.342999877929688,5.362000122070312,3.2150138585418824,8496585,0.0,0.0,0.0,True
2010-09-03,5.374000244140625,5.54,5.364000244140625,5.415999755859375,3.247392764857588,7516422,0.0,0.0,0.0,True
2010-09-06,5.455999755859375,5.455999755859375,5.422999877929688,5.429000244140625,3.2551874347172487,6409513,0.0,0.0,0.0,True
2010-09-07,5.415,5.417999877929687,5.367999877929687,5.397999877929688,3.2365999186954415,6939668,0.0,0.0,0.0,True
2010-09-08,5.377999877929688,5.437000122070312,5.354000244140625,5.425999755859375,3.253390956608872,5053776,0.0,0.0,0.0,True
2010-09-09,5.407000122070313,5.499000244140625,5.405,5.485999755859375,3.289365026116891,5060992,0.0,0.0,0.0,True
2010-09-10,5.477000122070312,5.500999755859375,5.469000244140625,5.497000122070313,3.2959594690994733,8972815,0.0,0.0,0.0,True
2010-09-13,5.535,5.562999877929688,5.522999877929688,5.555,3.330736990023029,4177492,0.0,0.0,0.0,True
2010-09-14,5.559000244140625,5.574000244140625,5.532999877929687,5.562000122070312,3.3349342897148095,2440709,0.0,0.0,0.0,True
2010-09-15,5.562999877929688,5.569000244140625,5.5279998779296875,5.547999877929688,3.3265385868434603,6626386,0.0,0.0,0.0,True
2010-09-16,5.597999877929688,5.597999877929688,5.525999755859375,5.53,3.3157464763398363,2304397,0.0,0.0,0.0,True
2010-09-17,5.560999755859375,5.604000244140625,5.5,5.5,3.2977588898419317,5110124,0.0,0.0,0.0,True
2010-09-20,5.53,5.595,5.53,5.592999877929688,3.353520334419573,4393679,0.0,0.0,0.0,True
2010-09-21,5.587000122070313,5.63,5.5679998779296875,5.5679998779296875,3.3385331311997266,8077910,0.0,0.0,0.0,True
2010-09-22,5.592999877929688,5.595,5.515,5.55,3.3277380780620147,4686996,0.0,0.0,0.0,True
2010-09-23,5.5440002441406255,5.585999755859375,5.465999755859375,5.545,3.3247406374180466,5265644,0.0,0.0,0.0,True
2010-09-24,5.525,5.607999877929688,5.514000244140625,5.594000244140625,3.354119528284958,5165769,0.0,0.0,0.0,True
2010-09-27,5.595999755859375,5.61,5.562999877929688,5.57,3.3397296797841944,3172330,0.0,0.0,0.0,True
2010-09-28,5.5600000000000005,5.577000122070313,5.5,5.572999877929687,3.341528732697393,7482579,0.0,0.0,0.0,True
2010-09-29,5.602000122070312,5.620999755859375,5.539000244140625,5.564000244140625,3.33613230961632,4572384,0.0,0.0,0.0,True
2010-09-30,5.545999755859375,5.639000244140625,5.532000122070313,5.54,3.321742461115556,5303520,0.0,0.0,0.0,True
2010-10-01,5.574000244140625,5.61,5.555,5.585,3.348724944350188,8702644,0.0,0.0,0.0,True
2010-10-04,5.5890002441406255,5.594000244140625,5.545999755859375,5.55,3.3277380780620147,4108456,0.0,0.0,0.0,True
2010-10-05,5.555999755859375,5.639000244140625,5.547000122070313,5.632000122070313,3.3769058153155886,8741862,0.0,0.0,0.0,True
2010-10-06,5.647999877929688,5.689000244140625,5.647999877929688,5.675999755859375,3.403288001197055,5259506,0.0,0.0,0.0,True
2010-10-07,5.682999877929688,5.7,5.649000244140625,5.657999877929687,3.3924933158886015,5230992,0.0,0.0,0.0,True
2010-10-08,5.65,5.660999755859375,5.602999877929688,5.649000244140625,3.3870976284660492,4169176,0.0,0.0,0.0,True
2010-10-11,5.672000122070313,5.6820001220703125,5.654000244140625,5.670999755859375,3.400289089236042,2208829,0.0,0.0,0.0,True
2010-10-12,5.635,5.672000122070313,5.594000244140625,5.66,3.393693542765674,7913037,0.0,0.0,0.0,True
2010-10-13,5.69,5.755,5.685999755859375,5.742000122070313,3.442861647848512,5193967,0.0,0.0,0.0,True
2010-10-14,5.7620001220703125,5.765999755859375,5.707999877929687,5.7250000000000005,3.4326672598932295,4212452,0.0,0.0,0.0,True
2010-10-15,5.7409997558593755,5.7409997558593755,5.66,5.695999755859375,3.415278499431451,5319523,0.0,0.0,0.0,True
2010-10-18,5.679000244140625,5.742999877929687,5.667000122070313,5.739000244140625,3.44106149144753,6209824,0.0,0.0,0.0,True
2010-10-19,5.730999755859375,5.755999755859375,5.684000244140625,5.697999877929687,3.4164790941377863,3166715,0.0,0.0,0.0,True
2010-10-20,5.6850000000000005,5.727000122070312,5.677999877929688,5.725999755859375,3.4332679250756555,2632393,0.0,0.0,0.0,True
2010-10-21,5.712000122070313,5.7809997558593755,5.695999755859375,5.75,3.4476574057471585,4590271,0.0,0.0,0.0,True
2010-10-22,5.7379998779296875,5.750999755859375,5.717999877929688,5.735999755859375,3.439262806363594,3292248,0.0,0.0,0.0,True
2010-10-25,5.775,5.785999755859375,5.747000122070313,5.747000122070313,3.4458572493461794,4816993,0.0,0.0,0.0,True
2010-10-26,5.737000122070312,5.7409997558593755,5.675,5.702999877929687,3.4194761669524962,3828109,0.0,0.0,0.0,True
2010-10-27,5.68,5.687999877929688,5.630999755859375,5.644000244140625,3.3841005556513397,5622003,0.0,0.0,0.0,True
2010-10-28,5.68,5.712000122070313,5.6559997558593755,5.677999877929688,3.404487492415608,5230827,0.0,0.0,0.0,True
2010-10-29,5.664000244140625,5.697000122070313,5.647999877929688,5.670999755859375,3.400289089236042,4502857,0.0,0.0,0.0,True
2010-11-01,5.704000244140625,5.730999755859375,5.6690002441406255,5.695,3.414678937736807,10677469,0.0,0.0,0.0,True
2010-11-02,5.6850000000000005,5.772000122070312,5.6850000000000005,5.757999877929688,3.4524535314750664,5402045,0.0,0.0,0.0,True
2010-11-03,5.779000244140625,5.7809997558593755,5.74,5.76,3.453653390522879,13305217,0.0,0.0,0.0,True
2010-11-04,5.8,5.882000122070313,5.8,5.867000122070313,3.517809802313342,7888499,0.0,0.0,0.0,True
2010-11-05,5.885,5.9,5.840999755859375,5.882999877929688,3.527402421598417,6433139,0.0,0.0,0.0,True
2010-11-08,5.850999755859375,5.89,5.849000244140625,5.862000122070312,3.5148119938401114,2767852,0.0,0.0,0.0,True
2010-11-09,5.854000244140625,5.91,5.854000244140625,5.882999877929688,3.527402421598417,18187536,0.0,0.0,0.0,True
2010-11-10,5.867999877929687,5.875,5.804000244140625,5.825,3.4926278433089504,7038109,0.0,0.0,0.0,True
2010-11-11,5.8470001220703125,5.849000244140625,5.799000244140625,5.815999755859375,3.487231052398618,7293767,0.0,0.0,0.0,True
2010-11-12,5.749000244140625,5.835,5.715999755859375,5.800999755859375,3.4782361556618846,10695468,0.0,0.0,0.0,True
2010-11-15,5.775999755859375,5.837000122070313,5.759000244140625,5.822000122070313,3.4908269512494505,4439449,0.0,0.0,0.0,True
2010-11-16,5.789000244140625,5.789000244140625,5.685999755859375,5.685999755859375,3.4092817789972107,6944745,0.0,0.0,0.0,True
2010-11-17,5.689000244140625,5.719000244140625,5.6690002441406255,5.709000244140625,3.4230716979740694,5222564,0.0,0.0,0.0,True
2010-11-18,5.742999877929687,5.797000122070313,5.739000244140625,5.789000244140625,3.471041783155394,5188213,0.0,0.0,0.0,True
2010-11-19,5.785,5.785,5.705,5.75,3.4476574057471585,5919785,0.0,0.0,0.0,True
2010-11-22,5.797999877929688,5.8,5.687000122070312,5.7,3.417676746210036,3602948,0.0,0.0,0.0,True
2010-11-23,5.662000122070313,5.680999755859375,5.600999755859375,5.600999755859375,3.3583175636352616,5709768,0.0,0.0,0.0,True
2010-11-24,5.64,5.655,5.557999877929688,5.6450000000000005,3.384699381687465,8385262,0.0,0.0,0.0,True
2010-11-25,5.652000122070312,5.695,5.64,5.687000122070312,3.4098817085211186,2225015,0.0,0.0,0.0,True
2010-11-26,5.675999755859375,5.682999877929688,5.587999877929688,5.655,3.3906942629754053,3999943,0.0,0.0,0.0,True
2010-11-29,5.660999755859375,5.71,5.54,5.54,3.321742461115556,5223124,0.0,0.0,0.0,True
2010-11-30,5.554000244140625,5.584000244140625,5.507999877929688,5.517999877929688,3.308552471662605,7938360,0.0,0.0,0.0,True
2010-12-01,5.5600000000000005,5.645999755859375,5.550999755859375,5.635999755859375,3.3793036942649146,3128640,0.0,0.0,0.0,True
2010-12-02,5.662000122070313,5.7620001220703125,5.64,5.7620001220703125,3.4548532495706903,6196039,0.0,0.0,0.0,True
2010-12-03,5.757000122070313,5.774000244140625,5.710999755859375,5.734000244140625,3.438062947315782,3881586,0.0,0.0,0.0,True
2010-12-06,5.760999755859375,5.772000122070312,5.719000244140625,5.757999877929688,3.4524535314750664,3682172,0.0,0.0,0.0,True
2010-12-07,5.772000122070312,5.837999877929688,5.7620001220703125,5.795,3.474638049835487,4414893,0.0,0.0,0.0,True
2010-12-08,5.765999755859375,5.807999877929688,5.762999877929688,5.779000244140625,3.4650450627211535,3276618,0.0,0.0,0.0,True
2010-12-09,5.815999755859375,5.824000244140625,5.785,5.792000122070313,3.4728401004100706,2691932,0.0,0.0,0.0,True
2010-12-10,5.805,5.810999755859375,5.785999755859375,5.799000244140625,3.477036664443332,2449462,0.0,0.0,0.0,True
2010-12-13,5.76,5.860999755859375,5.76,5.8470001220703125,3.5058174649326395,3267592,0.0,0.0,0.0,True
2010-12-14,5.847999877929688,5.88,5.834000244140625,5.88,3.525605207831521,6421341,0.0,0.0,0.0,True
2010-12-15,5.857000122070312,5.882999877929688,5.8500000000000005,5.872000122070313,3.520807242957311,2874236,0.0,0.0,0.0,True
2010-12-16,5.870999755859375,5.870999755859375,5.870999755859375,5.870999755859375,3.5202084169211867,5421870,0.0,0.0,0.0,True
2010-12-17,5.8870001220703125,5.8950000000000005,5.852000122070312,5.869000244140625,3.5190085578733736,9970652,0.0,0.0,0.0,True
2010-12-20,5.867000122070313,5.907999877929687,5.86,5.882000122070313,3.526803227733028,5337008,0.0,0.0,0.0,True
2010-12-21,5.915999755859375,5.947000122070313,5.910999755859375,5.945999755859375,3.565177383165937,4262414,0.0,0.0,0.0,True
2010-12-22,5.999000244140625,5.999000244140625,5.930999755859375,5.975999755859375,3.5831646018345764,7230829,0.0,0.0,0.0,True
2010-12-23,5.9909997558593755,5.994000244140625,5.9720001220703125,5.987000122070313,3.5897594126464214,3500919,0.0,0.0,0.0,True
2010-12-24,5.989000244140625,5.997000122070313,5.9720001220703125,5.985,3.588561760574173,299081,0.0,0.0,0.0,True
2010-12-29,5.712000122070313,6.01,5.712000122070313,5.982000122070312,3.5867623398317154,2259467,0.0,0.0,0.0,True
2010-12-30,5.982000122070312,5.997000122070313,5.955,5.955,3.570573070588489,4408052,0.0,0.0,0.0,True
2010-12-31,5.967999877929688,5.967999877929688,5.905,5.915,3.5465894993148694,1427591,0.0,0.0,0.0,True
2011-01-04,5.96,6.035999755859375,5.96,6.002000122070313,3.5987543093831524,4945309,0.0,0.0,0.0,True
2011-01-05,5.957999877929687,6.140000000000001,5.955,6.03,3.615543508150284,3496316,0.0,0.0,0.0,True
2011-01-06,6.022000122070312,6.0759997558593755,5.994000244140625,6.002000122070313,3.5987543093831524,3039410,0.0,0.0,0.0,True
2011-01-07,6.029000244140625,6.029000244140625,5.96,5.9720001220703125,3.5807663550559976,3829722,0.0,0.0,0.0,True
2011-01-10,5.97,5.97,5.937000122070312,5.952000122070313,3.568774385504552,2397739,0.0,0.0,0.0,True
2011-01-11,6.009000244140625,6.027000122070312,5.9720001220703125,6.007999877929688,3.602352783038811,2251047,0.0,0.0,0.0,True
2011-01-12,6.007999877929688,6.04,6.007999877929688,6.039000244140625,3.6209384599143144,4386212,0.0,0.0,0.0,True
2011-01-13,6.017999877929688,6.042000122070313,5.997000122070313,6.019000244140625,3.6089475938506568,4443353,0.0,0.0,0.0,True
2011-01-14,6.014000244140625,6.022000122070312,5.939000244140625,5.992999877929687,3.5933586219606006,9247313,0.0,0.0,0.0,True
2011-01-17,6.01,6.01,5.967000122070313,5.977000122070312,3.5837645313584834,2571552,0.0,0.0,0.0,True
2011-01-18,6.01,6.052999877929688,5.997000122070313,6.042000122070313,3.6227382484860344,4218150,0.0,0.0,0.0,True
2011-01-19,6.04,6.060999755859375,5.965,5.97,3.5795679673252234,4066202,0.0,0.0,0.0,True
2011-01-20,5.967000122070313,5.967000122070313,5.855,5.86,3.5136121347922975,6753139,0.0,0.0,0.0,True
2011-01-21,5.885,5.885,5.885,5.885,3.528601177158448,3724280,0.0,0.0,0.0,True
2011-01-24,5.9,5.949000244140625,5.877000122070313,5.9320001220703125,3.5567827837823716,3729377,0.0,0.0,0.0,True
2011-01-25,5.947000122070313,5.949000244140625,5.892999877929688,5.91,3.5435913230123792,5363529,0.0,0.0,0.0,True
2011-01-26,5.939000244140625,6.0,5.939000244140625,5.9640002441406255,3.5759698614988253,3441260,0.0,0.0,0.0,True
2011-01-27,5.9750000000000005,5.994000244140625,5.9429998779296875,5.9640002441406255,3.5759698614988253,4403039,0.0,0.0,0.0,True
2011-01-28,5.95,5.95,5.872000122070313,5.872000122070313,3.520807242957311,5173237,0.0,0.0,0.0,True
2011-01-31,5.857000122070312,5.872000122070313,5.8100000000000005,5.854000244140625,3.510014396795162,4977523,0.0,0.0,0.0,True
2011-02-01,5.895999755859375,5.954000244140625,5.864000244140625,5.95,3.567576733432304,4728287,0.0,0.0,0.0,True
2011-02-02,5.969000244140625,6.015000000000001,5.969000244140625,5.995,3.5945559062035914,2827344,0.0,0.0,0.0,True
2011-02-03,5.980999755859375,5.992000122070313,5.944000244140625,5.980999755859375,3.586162042478547,5421659,0.0,0.0,0.0,True
2011-02-04,6.039000244140625,6.039000244140625,5.98,5.992000122070313,3.592759428095217,4190036,0.0,0.0,0.0,True
2011-02-07,6.0040002441406255,6.047999877929688,5.992999877929687,6.047999877929688,3.6263356186539104,3039970,0.0,0.0,0.0,True
2011-02-08,6.042000122070313,6.085,6.0279998779296875,6.085,3.648520872672853,7079678,0.0,0.0,0.0,True
2011-02-09,6.087999877929688,6.090999755859375,6.057999877929688,6.0600000000000005,3.63353035898966,3178523,0.0,0.0,0.0,True
2011-02-10,6.047000122070313,6.054000244140625,5.995999755859375,6.035999755859375,3.619140878318158,3719316,0.0,0.0,0.0,True
2011-02-11,6.020999755859375,6.077000122070313,5.984000244140625,6.065999755859375,3.6371280969867965,3869177,0.0,0.0,0.0,True
2011-02-14,6.119000244140625,6.119000244140625,6.050999755859375,6.072000122070313,3.6407243636668905,1293192,0.0,0.0,0.0,True
2011-02-15,6.05,6.08,6.03,6.042999877929688,3.6233370745221585,6100328,0.0,0.0,0.0,True
2011-02-16,6.0570001220703125,6.1000000000000005,6.049000244140625,6.0890002441406255,3.650918383792916,4896322,0.0,0.0,0.0,True
2011-02-17,6.093480224609375,6.102000122070312,6.062999877929688,6.090999755859375,3.6521178750114704,5168439,0.0,0.0,0.0,True
2011-02-18,6.104000244140625,6.117999877929687,6.055999755859375,6.095,3.6545190644241354,3078708,0.0,0.0,0.0,True
2011-02-21,6.075,6.11,6.017000122070312,6.022000122070312,3.6107455432760704,4844343,0.0,0.0,0.0,True
2011-02-22,5.99,6.033300170898437,5.9339501953125,6.005,3.6005522588085714,7788972,0.0,0.0,0.0,True
2011-02-23,5.962000122070313,5.965,5.900830078125,5.907999877929687,3.542391463964567,7390429,0.0,0.0,0.0,True
2011-02-24,5.852999877929688,5.920999755859375,5.847949829101562,5.905,3.5405938823684107,13924608,0.0,0.0,0.0,True
2011-02-25,5.925,5.99968994140625,5.9,5.980999755859375,3.586162042478547,4725715,0.0,0.0,0.0,True
2011-02-28,6.010999755859375,6.0890002441406255,5.949299926757813,5.98,3.5855639521009413,9906221,0.0,0.0,0.0,True
2011-03-01,6.019000244140625,6.037999877929687,5.922999877929688,5.927000122070313,3.5537846074798822,20699424,0.0,0.0,0.0,True
2011-03-02,5.865499877929688,5.9528002929687505,5.8653497314453125,5.922999877929688,3.5513867285305603,19723530,0.0,0.0,0.0,True
2011-03-03,5.947999877929687,6.024299926757813,5.93,6.010999755859375,3.6041481576594045,8846005,0.0,0.0,0.0,True
2011-03-04,6.026640014648438,6.0600000000000005,5.962960205078125,5.972999877929688,3.581365181092115,8998843,0.0,0.0,0.0,True
2011-03-07,5.967999877929688,6.030700073242188,5.952999877929687,5.965,3.5765694231934697,4088360,0.0,0.0,0.0,True
2011-03-08,5.982000122070312,5.98969970703125,5.900999755859375,5.967000122070313,3.5777696500705436,6812388,0.0,0.0,0.0,True
2011-03-09,5.977000122070312,5.977999877929688,5.924000244140625,5.937000122070312,3.5597802244263383,6183518,0.0,0.0,0.0,True
2011-03-10,5.8725000000000005,5.923599853515625,5.804000244140625,5.849000244140625,3.507016956151194,9072674,0.0,0.0,0.0,True
2011-03-11,5.827999877929687,5.845,5.797000122070313,5.83,3.495624916123661,10944776,0.0,0.0,0.0,True
2011-03-14,5.8193597412109375,5.844749755859375,5.770999755859375,5.775,3.4626471837718285,5898351,0.0,0.0,0.0,True
2011-03-15,5.7,5.719000244140625,5.594000244140625,5.7,3.417676746210036,25303860,0.0,0.0,0.0,True
2011-03-16,5.709000244140625,5.719000244140625,5.607999877929688,5.617999877929687,3.3685115837612862,13357654,0.0,0.0,0.0,True
2011-03-17,5.6425,5.719000244140625,5.622999877929687,5.707000122070313,3.4218751493896007,14065264,0.0,0.0,0.0,True
2011-03-18,5.7250000000000005,5.769000244140625,5.2314599609375,5.732000122070312,3.4368649274142706,15170161,0.0,0.0,0.0,True
2011-03-21,5.807999877929688,5.807999877929688,5.771380004882813,5.792000122070313,3.4728401004100706,7379313,0.0,0.0,0.0,True
2011-03-22,5.7700000000000005,5.821110229492188,5.75239990234375,5.775999755859375,3.463246009807956,6619091,0.0,0.0,0.0,True
2011-03-23,5.742000122070313,5.8115997314453125,5.724000244140625,5.802999877929688,3.479436014709697,7104238,0.0,0.0,0.0,True
2011-03-24,5.8025,5.900399780273438,5.794619750976563,5.895999755859375,3.535198930604379,6867624,0.0,0.0,0.0,True
2011-03-25,5.9284997558593755,5.934000244140625,5.892000122070312,5.915,3.5465894993148694,7155645,0.0,0.0,0.0,True
2011-03-28,5.92,5.932999877929688,5.291810302734375,5.914000244140625,3.545989201961704,5433751,0.0,0.0,0.0,True
2011-03-29,5.9284997558593755,5.95,5.887999877929688,5.947999877929687,3.56637613872597,6715901,0.0,0.0,0.0,True
2011-03-30,5.979500122070313,5.983579711914063,5.955,5.96,3.573572718208023,5477174,0.0,0.0,0.0,True
2011-03-31,5.9750000000000005,5.99,5.9190002441406255,5.9190002441406255,3.5489881139227153,9031875,0.0,0.0,0.0,True
2011-04-01,5.963499755859375,6.028400268554687,5.9190002441406255,6.022999877929688,3.611345840629237,7289178,0.0,0.0,0.0,True
2011-04-04,6.010499877929687,6.0452099609375,6.0,6.03,3.615543508150284,8590432,0.0,0.0,0.0,True
2011-04-05,6.031500244140625,6.035,6.0,6.022000122070312,3.6107455432760704,5852630,0.0,0.0,0.0,True
2011-04-06,6.039500122070312,6.067000122070312,6.022999877929688,6.052999877929688,3.62933342712714,7541297,0.0,0.0,0.0,True
2011-04-07,6.0534997558593755,6.065999755859375,6.015999755859375,6.015999755859375,3.6071485409374593,5301645,0.0,0.0,0.0,True
2011-04-08,6.055499877929687,6.077999877929687,6.049000244140625,6.0679998779296875,3.6383264847175667,3466711,0.0,0.0,0.0,True
2011-04-11,6.068499755859375,6.080579833984375,6.055,6.065,3.6365292709506734,3666295,0.0,0.0,0.0,True
2011-04-12,6.035499877929688,6.035499877929688,5.947940063476563,5.975999755859375,3.5831646018345764,4523913,0.0,0.0,0.0,True
2011-04-13,6.005,6.062000122070312,5.996790161132813,6.022000122070312,3.6107455432760704,5241977,0.0,0.0,0.0,True
2011-04-14,6.009500122070313,6.01,5.9573999023437505,5.977999877929688,3.5843637252238696,4111869,0.0,0.0,0.0,True
2011-04-15,5.993499755859375,6.015000000000001,5.977000122070312,6.015000000000001,3.6065504505598516,4152668,0.0,0.0,0.0,True
2011-04-18,6.009000244140625,6.010999755859375,5.874580078125,5.884000244140625,3.5280012476345415,9117927,0.0,0.0,0.0,True
2011-04-19,5.915999755859375,5.935999755859375,5.906580200195313,5.912000122070313,3.5447915498894536,4518760,0.0,0.0,0.0,True
2011-04-20,5.9750000000000005,6.052000122070313,5.911799926757813,6.037999877929687,3.620338898219666,6366360,0.0,0.0,0.0,True
2011-04-21,6.057999877929688,6.067000122070312,6.022000122070312,6.039000244140625,3.6209384599143144,3724611,0.0,0.0,0.0,True
2011-04-26,6.032999877929687,6.089210205078125,6.026580200195313,6.0890002441406255,3.650918383792916,3349409,0.0,0.0,0.0,True
2011-04-27,6.0759997558593755,6.114000244140625,6.062000122070312,6.0890002441406255,3.650918383792916,10611456,0.0,0.0,0.0,True
2011-04-28,6.105999755859375,6.111580200195313,6.079000244140625,6.099000244140625,3.6569143685686356,5840718,0.0,0.0,0.0,True
2011-04-29,6.099000244140625,6.099000244140625,6.099000244140625,6.099000244140625,3.6569143685686356,0,0.0,0.0,0.0,True
2011-05-03,6.124000244140625,6.131209716796875,6.076420288085938,6.1129998779296875,3.665309703610721,6559577,0.0,0.0,0.0,True
2011-05-04,6.08,6.102999877929688,6.0040002441406255,6.014000244140625,3.6059508888652063,8508396,0.0,0.0,0.0,True
2011-05-05,6.034000244140625,6.039580078125,5.945999755859375,5.952999877929687,3.5693746828577213,15034881,0.0,0.0,0.0,True
2011-05-06,5.960999755859375,6.018889770507813,5.907000122070313,6.015000000000001,3.6065504505598516,8406638,0.0,0.0,0.0,True
2011-05-09,5.976500244140625,6.0331201171875,5.957000122070313,5.975999755859375,3.5831646018345764,5364240,0.0,0.0,0.0,True
2011-05-10,5.9825,6.056110229492187,5.9825,6.05,3.627534374213942,5705429,0.0,0.0,0.0,True
2011-05-11,6.070999755859376,6.080999755859375,6.0051202392578125,6.012999877929688,3.6053505915120403,11015035,0.0,0.0,0.0,True
2011-05-12,5.962999877929688,5.985,5.922249755859375,5.985,3.588561760574173,8473464,0.0,0.0,0.0,True
2011-05-13,6.011500244140625,6.040999755859375,5.958779907226563,5.9640002441406255,3.5759698614988253,5814957,0.0,0.0,0.0,True
2011-05-16,5.9425,5.9750000000000005,5.901119995117187,5.960999755859375,3.57417227990267,5778604,0.0,0.0,0.0,True
2011-05-17,5.939000244140625,5.982000122070312,5.9,5.9,3.537594602578141,5683875,0.0,0.0,0.0,True
2011-05-18,5.955999755859375,5.979000244140625,5.9314501953125,5.967999877929688,3.5783688439359307,7753555,0.0,0.0,0.0,True
2011-05-19,5.983499755859375,6.050999755859375,5.967000122070313,5.997999877929687,3.596355694775311,9843221,0.0,0.0,0.0,True
2011-05-20,6.017999877929688,6.064000244140625,5.972999877929688,5.992999877929687,3.5933586219606006,9779821,0.0,0.0,0.0,True
2011-05-23,5.9125000000000005,5.922999877929688,5.878670043945313,5.88,3.525605207831521,10206803,0.0,0.0,0.0,True
2011-05-24,5.8884997558593755,5.9879998779296875,5.8870001220703125,5.902000122070312,3.5387955651137317,4151623,0.0,0.0,0.0,True
2011-05-25,5.823499755859375,5.862000122070312,5.784879760742188,5.852000122070312,3.5088152734058724,9901362,0.0,0.0,0.0,True
2011-05-26,5.870999755859375,5.892999877929688,5.847890014648438,5.864000244140625,3.5160107494001442,4317658,0.0,0.0,0.0,True
2011-05-27,5.905499877929688,5.932999877929688,5.899219970703125,5.92,3.5495873077881006,5407840,0.0,0.0,0.0,True
2011-05-31,5.959000244140625,5.989219970703125,5.9509997558593755,5.969000244140625,3.578967669972055,7557170,0.0,0.0,0.0,True
2011-06-01,5.982999877929688,5.985999755859375,5.91,5.927000122070313,3.5537846074798822,5326819,0.0,0.0,0.0,True
2011-06-02,5.871500244140625,5.89,5.845,5.845,3.504618709372613,5547153,0.0,0.0,0.0,True
2011-06-03,5.860999755859375,5.865670166015625,5.800999755859375,5.852999877929688,3.509414099441995,9789663,0.0,0.0,0.0,True
2011-06-06,5.83,5.985999755859375,5.827000122070313,5.865,3.5166092076070092,3418363,0.0,0.0,0.0,True
2011-06-07,5.850499877929687,5.895999755859375,5.848759765625,5.865,3.5166092076070092,5043788,0.0,0.0,0.0,True
2011-06-08,5.8500000000000005,5.8597802734375,5.79177978515625,5.812999877929688,3.4854305281683757,26759392,0.0,0.0,0.0,True
2011-06-09,5.8070001220703125,5.864000244140625,5.799219970703125,5.854000244140625,3.510014396795162,10379636,0.0,0.0,0.0,True
2011-06-10,5.8470001220703125,5.86489013671875,5.757000122070313,5.76,3.453653390522879,7685369,0.0,0.0,0.0,True
2011-06-13,5.767999877929688,5.7940002441406255,5.76,5.775,3.4626471837718285,4538704,0.0,0.0,0.0,True
2011-06-14,5.8004998779296875,5.821749877929688,5.785,5.802999877929688,3.479436014709697,4499460,0.0,0.0,0.0,True
2011-06-15,5.790499877929688,5.804459838867188,5.74,5.74,3.441661053142178,8072654,0.0,0.0,0.0,True
2011-06-16,5.7038201904296875,5.72,5.64844970703125,5.702999877929687,3.4194761669524962,14289002,0.0,0.0,0.0,True
2011-06-17,5.675999755859375,5.7344299316406255,5.646950073242188,5.72,3.429669083590738,7661448,0.0,0.0,0.0,True
2011-06-20,5.680999755859375,5.705999755859375,5.654000244140625,5.694000244140625,3.414078272554379,7181827,0.0,0.0,0.0,True
2011-06-21,5.7225,5.7779998779296875,5.715999755859375,5.777000122070312,3.4638459393318604,6821644,0.0,0.0,0.0,True
2011-06-22,5.765999755859375,5.792999877929687,5.7464501953125,5.775,3.4626471837718285,7073368,0.0,0.0,0.0,True
2011-06-23,5.752999877929688,5.752999877929688,5.667000122070313,5.677000122070313,3.4038868272331815,7562644,0.0,0.0,0.0,True
2011-06-24,5.750999755859375,5.7960400390625,5.68,5.702999877929687,3.4194761669524962,11649851,0.0,0.0,0.0,True
2011-06-27,5.686500244140625,5.7337799072265625,5.686099853515625,5.73,3.435665068366457,5801947,0.0,0.0,0.0,True
2011-06-28,5.749000244140625,5.800999755859375,5.738109741210938,5.772000122070312,3.4608481308586323,6791319,0.0,0.0,0.0,True
2011-06-29,5.809000244140625,5.872000122070313,5.809000244140625,5.860999755859375,3.5142116964869454,12617918,0.0,0.0,0.0,True
2011-06-30,5.887999877929688,5.952000122070313,5.885999755859375,5.952000122070313,3.568774385504552,5843701,0.0,0.0,0.0,True
2011-07-01,5.960999755859375,6.0040002441406255,5.9429998779296875,5.995,3.5945559062035914,9326886,0.0,0.0,0.0,True
2011-07-04,5.995999755859375,6.0309997558593755,5.959520263671875,6.022000122070312,3.6107455432760704,6495350,0.0,0.0,0.0,True
2011-07-05,6.020499877929687,6.035999755859375,6.0120001220703125,6.022000122070312,3.6107455432760704,5359714,0.0,0.0,0.0,True
2011-07-06,6.020999755859375,6.022000122070312,5.972219848632813,6.0040002441406255,3.5999541684309664,4898352,0.0,0.0,0.0,True
2011-07-07,6.0325,6.070999755859376,6.005999755859375,6.052999877929688,3.62933342712714,4042738,0.0,0.0,0.0,True
2011-07-08,6.065919799804687,6.082249755859375,5.980999755859375,5.9879998779296875,3.5903593421703253,6567221,0.0,0.0,0.0,True
2011-07-11,5.974000244140625,5.997000122070313,5.8987799072265625,5.925,3.5525851162613296,6028156,0.0,0.0,0.0,True
2011-07-12,5.865499877929688,5.897000122070312,5.79,5.867999877929687,3.5184100996665078,17999382,0.0,0.0,0.0,True
2011-07-13,5.862000122070312,5.909000244140625,5.84989013671875,5.902000122070312,3.5387955651137317,7871497,0.0,0.0,0.0,True
2011-07-14,5.8565002441406255,5.894000244140625,5.84,5.849000244140625,3.507016956151194,7139383,0.0,0.0,0.0,True
2011-07-15,5.820999755859375,5.88052978515625,5.805999755859375,5.845,3.504618709372613,8268088,0.0,0.0,0.0,True
2011-07-18,5.804000244140625,5.814849853515625,5.74,5.750999755859375,3.4482565996125434,4447312,0.0,0.0,0.0,True
2011-07-19,5.770499877929687,5.8,5.764000244140625,5.789000244140625,3.471041783155394,9409304,0.0,0.0,0.0,True
2011-07-20,5.819500122070313,5.855999755859375,5.805,5.8500000000000005,3.5076176213336225,5538961,0.0,0.0,0.0,True
2011-07-21,5.857999877929688,5.932999877929688,5.797000122070313,5.905499877929688,3.5408940310449912,8307767,0.0,0.0,0.0,True
2011-07-22,5.9375,5.966489868164063,5.907000122070313,5.9350000000000005,3.558580365378528,5006073,0.0,0.0,0.0,True
2011-07-25,5.9,5.937000122070312,5.8928900146484375,5.92,3.5495873077881006,4412813,0.0,0.0,0.0,True
2011-07-26,5.932999877929688,5.94760009765625,5.892999877929688,5.9275,3.554084756156465,8066085,0.0,0.0,0.0,True
2011-07-27,5.912000122070313,5.9320001220703125,5.84,5.854000244140625,3.510014396795162,6147277,0.0,0.0,0.0,True
2011-07-28,5.802000122070313,5.882000122070313,5.802000122070313,5.874000244140625,3.5220059985173453,5231717,0.0,0.0,0.0,True
2011-07-29,5.823880004882812,5.8500000000000005,5.7787500000000005,5.819000244140625,3.489029369653292,6074904,0.0,0.0,0.0,True
2011-08-01,5.87,5.914429931640625,5.767000122070312,5.774000244140625,3.4620468864186633,7257881,0.0,0.0,0.0,True
2011-08-02,5.7725,5.78,5.7068798828125,5.722999877929688,3.431467033016154,6861434,0.0,0.0,0.0,True
2011-08-03,5.6690002441406255,5.699000244140625,5.575,5.5970001220703125,3.3559207881737207,9579121,0.0,0.0,0.0,True
2011-08-04,5.654000244140625,5.654000244140625,5.41,5.41,3.2437939233726722,13191098,0.0,0.0,0.0,True
2011-08-05,5.252000122070313,5.41,5.224000244140625,5.270999755859375,3.160452273012057,24759688,0.0,0.0,0.0,True
2011-08-08,5.205,5.32,5.088999938964844,5.1089999389648435,3.063317761040504,12244924,0.0,0.0,0.0,True
2011-08-09,5.150499877929688,5.2250000000000005,4.832999877929687,5.217000122070313,3.128073366696352,36515168,0.0,0.0,0.0,True
2011-08-10,5.3125,5.315,5.037000122070313,5.0600000000000005,3.033937766685808,33235088,0.0,0.0,0.0,True
2011-08-11,5.172000122070313,5.2220001220703125,4.992999877929687,5.210999755859375,3.124476364357736,21153244,0.0,0.0,0.0,True
2011-08-12,5.2275,5.386069946289062,5.058900146484375,5.370999755859375,3.2204106494522184,15632863,0.0,0.0,0.0,True
2011-08-15,5.394000244140625,5.43,5.3325000000000005,5.395999755859375,3.235401898793932,7139016,0.0,0.0,0.0,True
2011-08-16,5.357000122070312,5.407999877929687,5.315,5.4029998779296875,3.2395984628271908,9655669,0.0,0.0,0.0,True
2011-08-17,5.37,5.425,5.337999877929688,5.382999877929688,3.227606493275753,4539965,0.0,0.0,0.0,True
2011-08-18,5.32,5.3447998046875,5.102999877929688,5.1529998779296875,3.0897003147512283,11724254,0.0,0.0,0.0,True
2011-08-19,5.140499877929687,5.283599853515625,4.987000122070312,5.091000061035157,3.0525252827076135,15344671,0.0,0.0,0.0,True
2011-08-22,5.061499938964844,5.24,5.050799865722657,5.154000244140625,3.090299140787353,9112805,0.0,0.0,0.0,True
2011-08-23,5.207000122070313,5.25,5.132000122070313,5.185999755859375,3.109486586333066,9084009,0.0,0.0,0.0,True
2011-08-24,5.153499755859375,5.2540002441406255,5.1010000610351565,5.215999755859375,3.1274749084894866,6102557,0.0,0.0,0.0,True
2011-08-25,5.248499755859375,5.255999755859375,5.105,5.127000122070313,3.074111158946541,10231285,0.0,0.0,0.0,True
2011-08-26,5.140999755859375,5.15,5.013999938964844,5.139000244140625,3.0813055314530344,8035186,0.0,0.0,0.0,True
2011-08-30,5.272999877929688,5.285,5.205,5.272000122070312,3.161052570365224,4761898,0.0,0.0,0.0,True
2011-08-31,5.2779998779296875,5.409000244140625,5.25719970703125,5.390999755859375,3.232404825979222,10388038,0.0,0.0,0.0,True
2011-09-01,5.410499877929688,5.4429998779296875,5.342999877929688,5.400999755859375,3.2383993394378967,8066684,0.0,0.0,0.0,True
2011-09-02,5.355999755859375,5.36885009765625,5.252000122070313,5.287999877929687,3.1706451896502976,6027761,0.0,0.0,0.0,True
2011-09-05,5.19,5.21989990234375,5.0600000000000005,5.087000122070313,3.050127035929029,22105868,0.0,0.0,0.0,True
2011-09-06,5.118999938964844,5.182999877929688,5.022999877929688,5.157000122070313,3.092098561529813,7595097,0.0,0.0,0.0,True
2011-09-07,5.286500244140625,5.3259997558593755,5.235,5.3259997558593755,3.1934292697053697,5477055,0.0,0.0,0.0,True
2011-09-08,5.315999755859375,5.369000244140625,5.267999877929688,5.335999755859375,3.1994267257981273,6423184,0.0,0.0,0.0,True
2011-09-09,5.308499755859375,5.348079833984375,5.19780029296875,5.207999877929687,3.1226773114445385,10014435,0.0,0.0,0.0,True
2011-09-12,5.091499938964843,5.303800048828125,5.054880065917969,5.1290002441406255,3.0753106501650924,6679883,0.0,0.0,0.0,True
2011-09-13,5.1875,5.1950402832031255,5.07,5.175,3.1028925111797423,9306356,0.0,0.0,0.0,True
2011-09-14,5.130999755859375,5.265,5.11,5.219000244140625,3.1292743292319454,7139056,0.0,0.0,0.0,True
2011-09-15,5.264000244140625,5.3629998779296875,5.2620001220703125,5.337000122070313,3.2000251840049962,7357826,0.0,0.0,0.0,True
2011-09-16,5.384000244140625,5.4,5.335,5.365,3.216816589747686,6468122,0.0,0.0,0.0,True
2011-09-19,5.284000244140625,5.309000244140625,5.2260400390625,5.252000122070313,3.1490602329845245,4247460,0.0,0.0,0.0,True
2011-09-20,5.2184997558593755,5.369000244140625,5.212000122070313,5.360999755859375,3.214412825530195,5661343,0.0,0.0,0.0,True
2011-09-21,5.3659997558593755,5.3659997558593755,5.26,5.2779998779296875,3.1646488370453185,5496222,0.0,0.0,0.0,True
2011-09-22,5.144000244140625,5.151799926757812,5.002999877929688,5.042999877929687,3.0237448500475663,24571522,0.0,0.0,0.0,True
2011-09-23,5.09,5.100759887695313,4.922999877929688,5.063999938964844,3.036336565208283,8920795,0.0,0.0,0.0,True
2011-09-26,4.985,5.145999755859375,4.933999938964844,5.088999938964844,3.051326527147582,7063637,0.0,0.0,0.0,True
2011-09-27,5.192000122070312,5.285,5.170150146484375,5.285,3.1688461367371015,7911898,0.0,0.0,0.0,True
2011-09-28,5.2379998779296875,5.312000122070312,5.190999755859375,5.2140002441406255,3.1262761529294547,4714860,0.0,0.0,0.0,True
2011-09-29,5.180999755859375,5.245,5.1559997558593755,5.1929998779296875,3.1136849895126293,4667141,0.0,0.0,0.0,True
2011-09-30,5.170999755859375,5.170999755859375,5.069849853515625,5.14,3.0819060127208293,6440931,0.0,0.0,0.0,True
2011-10-03,5.011000061035157,5.093200073242188,4.981000061035156,5.088999938964844,3.051326527147582,8137213,0.0,0.0,0.0,True
2011-10-04,5.017999877929688,5.022000122070312,4.877000122070313,4.947999877929687,2.9667831785928556,11535038,0.0,0.0,0.0,True
2011-10-05,5.0464999389648435,5.122999877929687,5.005400085449219,5.103999938964844,3.0603199525672746,8579277,0.0,0.0,0.0,True
2011-10-06,5.144500122070313,5.28,5.126199951171875,5.26,3.1538559908831707,9572823,0.0,0.0,0.0,True
2011-10-07,5.2845001220703125,5.365150146484375,5.256209716796875,5.295999755859375,3.175440579719687,10789936,0.0,0.0,0.0,True
2011-10-10,5.322000122070313,5.4029998779296875,5.296199951171875,5.39,3.231804528626055,3958785,0.0,0.0,0.0,True
2011-10-11,5.364500122070313,5.387999877929688,5.325,5.387999877929688,3.23060393391972,7729149,0.0,0.0,0.0,True
2011-10-12,5.37,5.45,5.342000122070313,5.432999877929688,3.2575860493250914,6272345,0.0,0.0,0.0,True
2011-10-13,5.394000244140625,5.445,5.358189697265625,5.394000244140625,3.2342009362583375,5721703,0.0,0.0,0.0,True
2011-10-14,5.4025,5.489000244140625,5.382999877929688,5.452999877929687,3.2695772832180126,8974249,0.0,0.0,0.0,True
2011-10-17,5.495999755859375,5.529810180664063,5.392999877929688,5.424000244140625,3.2521892584147576,8525305,0.0,0.0,0.0,True
2011-10-18,5.370999755859375,5.414000244140625,5.335999755859375,5.400999755859375,3.2383993394378967,4623751,0.0,0.0,0.0,True
2011-10-19,5.443499755859375,5.473579711914063,5.417000122070313,5.435999755859375,3.259385470067551,4094881,0.0,0.0,0.0,True
2011-10-20,5.3925,5.420999755859375,5.352999877929688,5.375999755859375,3.2234077222669266,4230609,0.0,0.0,0.0,True
2011-10-21,5.404000244140625,5.487000122070312,5.379559936523438,5.477000122070312,3.2839674995480372,4451123,0.0,0.0,0.0,True
2011-10-24,5.505999755859375,6.0,5.4720001220703125,5.534000244140625,3.3181461944354615,6086967,0.0,0.0,0.0,True
2011-10-25,5.509000244140625,5.559000244140625,5.452000122070313,5.51,3.3037570815932154,5128837,0.0,0.0,0.0,True
2011-10-26,5.507000122070313,5.565999755859375,5.489000244140625,5.542999877929687,3.3235407783702304,3134250,0.0,0.0,0.0,True
2011-10-27,5.684000244140625,5.735999755859375,5.635,5.705999755859375,3.4212759555242136,10922778,0.0,0.0,0.0,True
2011-10-28,5.715,5.737000122070312,5.675,5.690999755859375,3.412280323128961,5983869,0.0,0.0,0.0,True
2011-10-31,5.642000122070312,5.652449951171875,5.53,5.53,3.3157464763398363,6042611,0.0,0.0,0.0,True
2011-11-01,5.435999755859375,5.435999755859375,5.327000122070313,5.417000122070313,3.2479937978692783,15518631,0.0,0.0,0.0,True
2011-11-02,5.460499877929688,5.493699951171875,5.3870001220703125,5.49,3.291761433749173,5328561,0.0,0.0,0.0,True
2011-11-03,5.4095001220703125,5.5679998779296875,5.4095001220703125,5.552000122070313,3.3289375692805674,10665516,0.0,0.0,0.0,True
2011-11-04,5.497999877929687,5.600079956054688,5.4029998779296875,5.5279998779296875,3.3145473529505427,6847705,0.0,0.0,0.0,True
2011-11-07,5.497000122070313,5.552000122070313,5.4343701171875,5.510999755859375,3.3043533328245194,3686869,0.0,0.0,0.0,True
2011-11-08,5.521500244140625,5.614000244140625,5.515,5.5679998779296875,3.3385331311997266,8471816,0.0,0.0,0.0,True
2011-11-09,5.6025,5.615449829101562,5.427999877929688,5.457000122070313,3.2719766334843756,4637878,0.0,0.0,0.0,True
2011-11-10,5.453499755859375,5.5,5.358499755859375,5.447999877929687,3.2665794747447827,11209182,0.0,0.0,0.0,True
2011-11-11,5.4625,5.550549926757813,5.336099853515625,5.547000122070313,3.3259397608073367,3781256,0.0,0.0,0.0,True
2011-11-14,5.576500244140625,5.582000122070313,5.495,5.517000122070312,3.3079521743094364,4955816,0.0,0.0,0.0,True
2011-11-15,5.480999755859375,5.5521002197265625,5.432670288085937,5.517999877929688,3.308552471662605,3874598,0.0,0.0,0.0,True
2011-11-16,5.511500244140625,5.5714501953125,5.45780029296875,5.517000122070312,3.3079521743094364,9412615,0.0,0.0,0.0,True
2011-11-17,5.495999755859375,5.505999755859375,5.377999877929688,5.44,3.26178187769983,9479024,0.0,0.0,0.0,True
2011-11-18,5.389000244140625,5.4335400390625,5.357550048828125,5.370999755859375,3.2204106494522184,5992734,0.0,0.0,0.0,True
2011-11-21,5.34,5.34,5.22,5.230999755859375,3.136468333909177,7529217,0.0,0.0,0.0,True
2011-11-22,5.259500122070313,5.29760009765625,5.217999877929688,5.217999877929688,3.1286743997080406,9945594,0.0,0.0,0.0,True
2011-11-23,5.141500244140625,5.263400268554688,5.1129998779296875,5.1129998779296875,3.0657163756483476,8711426,0.0,0.0,0.0,True
2011-11-24,5.1325,5.160999755859375,5.077000122070313,5.102000122070312,3.0591202774340904,7332414,0.0,0.0,0.0,True
2011-11-25,5.0875,5.178519897460937,5.055669860839844,5.140999755859375,3.0825057583301074,5226936,0.0,0.0,0.0,True
2011-11-28,5.176500244140625,5.309000244140625,5.175999755859375,5.297999877929688,3.1766415422552794,8037667,0.0,0.0,0.0,True
2011-11-29,5.291500244140625,5.323610229492187,5.254600219726562,5.319000244140625,3.189233441330627,6191764,0.0,0.0,0.0,True
2011-11-30,5.265,5.5200000000000005,5.2620001220703125,5.4909997558593755,3.29236283459012,16046904,0.0,0.0,0.0,True
2011-12-01,5.499000244140625,5.534000244140625,5.465999755859375,5.469000244140625,3.2791710059908676,9717540,0.0,0.0,0.0,True
2011-12-02,5.532000122070313,5.575,5.5120001220703125,5.537000122070313,3.3199437760316175,7466785,0.0,0.0,0.0,True
2011-12-05,5.558499755859375,5.58010009765625,5.522999877929688,5.545999755859375,3.325341670429731,5960539,0.0,0.0,0.0,True
2011-12-06,5.498499755859375,5.5663299560546875,5.497000122070313,5.542000122070313,3.322941952334107,5751565,0.0,0.0,0.0,True
2011-12-07,5.59,5.6063299560546875,5.472369995117187,5.524000244140625,3.3121502096597415,8136017,0.0,0.0,0.0,True
2011-12-08,5.555499877929687,5.577999877929687,5.457999877929687,5.457999877929687,3.2725772986668047,6921963,0.0,0.0,0.0,True
2011-12-09,5.424500122070312,5.515,5.422000122070313,5.502000122070313,3.2989583810604866,5484098,0.0,0.0,0.0,True
2011-12-12,5.488499755859375,5.488499755859375,5.404000244140625,5.404000244140625,3.240199128009619,6153506,0.0,0.0,0.0,True
2011-12-13,5.417999877929687,5.500999755859375,5.3895501708984375,5.479000244140625,3.2851669907665886,17911598,0.0,0.0,0.0,True
2011-12-14,5.435499877929687,5.457999877929687,5.364000244140625,5.364000244140625,3.2162162923945203,13293232,0.0,0.0,0.0,True
2011-12-15,5.3525,5.425999755859375,5.340999755859375,5.392000122070312,3.2330032841860867,7455181,0.0,0.0,0.0,True
2011-12-16,5.500999755859375,5.500999755859375,5.377999877929688,5.377999877929688,3.2246079491439996,7273297,0.0,0.0,0.0,True
2011-12-19,5.344000244140625,5.4,5.334000244140625,5.354000244140625,3.210219204131018,4562222,0.0,0.0,0.0,True
2011-12-20,5.34,5.417999877929687,5.32,5.41,3.2437939233726722,6665876,0.0,0.0,0.0,True
2011-12-21,5.4525,5.470999755859375,5.352999877929688,5.377999877929688,3.2246079491439996,6884897,0.0,0.0,0.0,True
2011-12-22,5.3925,5.4602001953125,5.3925,5.4509997558593755,3.2683796311457614,4974274,0.0,0.0,0.0,True
2011-12-23,5.479000244140625,5.507109985351563,5.464450073242188,5.506500244140625,3.3016556730278745,972666,0.0,0.0,0.0,True
2011-12-28,5.518499755859375,5.555999755859375,5.47844970703125,5.497000122070313,3.2959594690994733,2725439,0.0,0.0,0.0,True
2011-12-29,5.502999877929688,5.547000122070313,5.484000244140625,5.547000122070313,3.3259397608073367,3073987,0.0,0.0,0.0,True
2011-12-30,5.561500244140625,5.572999877929687,5.39,5.39,3.231804528626055,2167958,0.0,0.0,0.0,True
2012-01-03,5.505,5.693380126953125,5.41,5.687000122070312,3.4098817085211186,5055290,0.0,0.0,0.0,True
2012-01-04,5.675,5.70469970703125,5.6302001953125,5.657999877929687,3.3924933158886015,5207827,0.0,0.0,0.0,True
2012-01-05,5.67,5.674000244140625,5.597999877929688,5.6129998779296875,3.3655130396295356,4935407,0.0,0.0,0.0,True
2012-01-06,5.6125,5.67,5.610499877929688,5.634000244140625,3.3781038352171,4957832,0.0,0.0,0.0,True
2012-01-09,5.642000122070312,5.657000122070313,5.589849853515625,5.6000000000000005,3.3577187375991384,9149562,0.0,0.0,0.0,True
2012-01-10,5.6475,5.697999877929687,5.639000244140625,5.6850000000000005,3.408683688619606,7089162,0.0,0.0,0.0,True
2012-01-11,5.6754998779296875,5.6851000976562505,5.631300048828125,5.6559997558593755,3.3912945603285727,4411358,0.0,0.0,0.0,True
2012-01-12,5.652000122070312,5.68469970703125,5.624000244140625,5.649000244140625,3.3870976284660492,6000293,0.0,0.0,0.0,True
2012-01-13,5.685999755859375,5.694000244140625,5.567000122070312,5.619000244140625,3.369110041968152,5995909,0.0,0.0,0.0,True
2012-01-16,5.6000000000000005,5.645999755859375,5.589450073242188,5.635,3.378703764741007,5344598,0.0,0.0,0.0,True
2012-01-17,5.703499755859375,5.707999877929687,5.657999877929687,5.679000244140625,3.4050852149639503,6961880,0.0,0.0,0.0,True
2012-01-18,5.674000244140625,5.695999755859375,5.632000122070313,5.687999877929688,3.4104816380450247,5772954,0.0,0.0,0.0,True
2012-01-19,5.697999877929687,5.730999755859375,5.682999877929688,5.727999877929688,3.434465577147904,4327755,0.0,0.0,0.0,True
2012-01-20,5.7184997558593755,5.736699829101562,5.707000122070313,5.712999877929688,3.4254717838989563,5644641,0.0,0.0,0.0,True
2012-01-23,5.717999877929688,5.777000122070312,5.7122900390625,5.760999755859375,3.4542533200467824,4977537,0.0,0.0,0.0,True
2012-01-24,5.742999877929687,5.765830078125,5.702999877929687,5.732999877929688,3.4374630177918726,5014479,0.0,0.0,0.0,True
2012-01-25,5.745,5.761719970703125,5.676199951171875,5.702999877929687,3.4194761669524962,9961704,0.0,0.0,0.0,True
2012-01-26,5.727000122070312,5.787999877929687,5.72,5.777000122070312,3.4638459393318604,7053473,0.0,0.0,0.0,True
2012-01-27,5.742000122070313,5.775399780273438,5.71,5.712999877929688,3.4254717838989563,7395613,0.0,0.0,0.0,True
2012-01-30,5.6820001220703125,5.692000122070312,5.632999877929688,5.652000122070312,3.3888981526962905,4424915,0.0,0.0,0.0,True
2012-01-31,5.689000244140625,5.71,5.66,5.662000122070313,3.394893033984227,5984973,0.0,0.0,0.0,True
2012-02-01,5.692000122070312,5.770999755859375,5.662000122070313,5.770999755859375,3.460249672651767,5347892,0.0,0.0,0.0,True
2012-02-02,5.7809997558593755,5.79,5.745499877929688,5.775,3.4626471837718285,4495751,0.0,0.0,0.0,True
2012-02-03,5.765999755859375,5.880999755859375,5.764000244140625,5.880999755859375,3.5262047695261676,8767930,0.0,0.0,0.0,True
2012-02-06,5.874000244140625,5.877000122070313,5.843200073242188,5.872999877929687,3.5214071724812177,4098098,0.0,0.0,0.0,True
2012-02-07,5.870999755859375,5.88469970703125,5.829000244140625,5.869000244140625,3.5190085578733736,9904342,0.0,0.0,0.0,True
2012-02-08,5.88,5.892999877929688,5.850999755859375,5.859000244140625,3.513012573097653,5123012,0.0,0.0,0.0,True
2012-02-09,5.869000244140625,5.894000244140625,5.850999755859375,5.88,3.525605207831521,9770747,0.0,0.0,0.0,True
2012-02-10,5.855,5.87,5.825,5.835999755859375,3.4992211828037556,4142293,0.0,0.0,0.0,True
2012-02-13,5.877999877929688,5.905700073242188,5.869000244140625,5.882000122070313,3.526803227733028,6679592,0.0,0.0,0.0,True
2012-02-14,5.865,5.9,5.8585498046875,5.882999877929688,3.527402421598417,4465553,0.0,0.0,0.0,True
2012-02-15,5.9190002441406255,5.925999755859375,5.880999755859375,5.894000244140625,3.5339979680687845,5164979,0.0,0.0,0.0,True
2012-02-16,5.854000244140625,5.8870001220703125,5.830999755859375,5.885,3.528601177158448,7183297,0.0,0.0,0.0,True
2012-02-17,5.92,5.9320001220703125,5.899000244140625,5.9059997558593755,3.5411941797215762,4473271,0.0,0.0,0.0,True
2012-02-20,5.945,5.955999755859375,5.933599853515625,5.937000122070312,3.5597802244263383,2319456,0.0,0.0,0.0,True
2012-02-21,5.942000122070312,5.947999877929687,5.915,5.927999877929688,3.554385640491571,7118217,0.0,0.0,0.0,True
2012-02-22,5.9,5.912999877929687,5.87,5.8950000000000005,3.534598633251213,7681665,0.0,0.0,0.0,True
2012-02-23,5.889000244140625,5.927000122070313,5.875999755859375,5.914000244140625,3.545989201961704,6503437,0.0,0.0,0.0,True
2012-02-24,5.934000244140625,5.938170166015625,5.900999755859375,5.91,3.5435913230123792,3568818,0.0,0.0,0.0,True
2012-02-27,5.889000244140625,5.8950000000000005,5.840850219726563,5.887999877929688,3.530401701388687,4133678,0.0,0.0,0.0,True
2012-02-28,5.904000244140625,5.909000244140625,5.874000244140625,5.900999755859375,3.5381960034190865,2934537,0.0,0.0,0.0,True
2012-02-29,5.91,5.925800170898437,5.847999877929688,5.8500000000000005,3.5076176213336225,3986131,0.0,0.0,0.0,True
2012-03-01,5.849000244140625,5.934000244140625,5.84,5.910999755859375,3.5441923560240682,4043118,0.0,0.0,0.0,True
2012-03-02,5.912000122070313,5.91530029296875,5.888200073242188,5.895999755859375,3.535198930604379,5710206,0.0,0.0,0.0,True
2012-03-05,5.867000122070313,5.8922998046875,5.849000244140625,5.859000244140625,3.513012573097653,2569760,0.0,0.0,0.0,True
2012-03-06,5.835999755859375,5.844000244140625,5.747999877929687,5.76,3.453653390522879,9933718,0.0,0.0,0.0,True
2012-03-07,5.660999755859375,5.80030029296875,5.660999755859375,5.792999877929687,3.4734411334217574,7613740,0.0,0.0,0.0,True
2012-03-08,5.817000122070312,5.874000244140625,5.815,5.859000244140625,3.513012573097653,8193206,0.0,0.0,0.0,True
2012-03-09,5.857999877929688,5.9,5.844000244140625,5.889000244140625,3.5310016309125976,9112281,0.0,0.0,0.0,True
2012-03-12,5.877999877929688,5.894600219726563,5.865,5.890999755859375,3.532199282984845,4558817,0.0,0.0,0.0,True
2012-03-13,5.917000122070313,5.957000122070313,5.916119995117188,5.9509997558593755,3.5681748238099056,5388937,0.0,0.0,0.0,True
2012-03-14,5.984000244140625,5.992999877929687,5.955,5.955,3.570573070588489,8570013,0.0,0.0,0.0,True
2012-03-15,5.947000122070313,5.9640002441406255,5.927000122070313,5.945999755859375,3.565177383165937,5741268,0.0,0.0,0.0,True
2012-03-16,5.952000122070313,5.982000122070312,5.95,5.9750000000000005,3.582565040139933,4463947,0.0,0.0,0.0,True
2012-03-19,5.970999755859375,5.975150146484375,5.932999877929688,5.965,3.5765694231934697,5552132,0.0,0.0,0.0,True
2012-03-20,5.937000122070312,5.945499877929688,5.880999755859375,5.890999755859375,3.532199282984845,7430856,0.0,0.0,0.0,True
2012-03-21,5.887999877929688,5.928300170898438,5.887999877929688,5.899000244140625,3.5369968800297946,5001458,0.0,0.0,0.0,True
2012-03-22,5.899000244140625,5.899000244140625,5.83469970703125,5.852000122070312,3.5088152734058724,5220950,0.0,0.0,0.0,True
2012-03-23,5.865,5.885,5.807999877929688,5.865,3.5166092076070092,5880145,0.0,0.0,0.0,True
2012-03-26,5.889000244140625,5.9190002441406255,5.8622998046875,5.909000244140625,3.5429913934884723,3811327,0.0,0.0,0.0,True
2012-03-27,5.927000122070313,5.947000122070313,5.8716497802734375,5.875,3.522605560211989,13670294,0.0,0.0,0.0,True
2012-03-28,5.864000244140625,5.886400146484375,5.814000244140625,5.814000244140625,3.486030457692281,6897842,0.0,0.0,0.0,True
2012-03-29,5.807999877929688,5.8179998779296875,5.734879760742188,5.75,3.4476574057471585,8400505,0.0,0.0,0.0,True
2012-03-30,5.769000244140625,5.79,5.761500244140625,5.774000244140625,3.4620468864186633,6390181,0.0,0.0,0.0,True
2012-04-02,5.7940002441406255,5.89,5.755999755859375,5.887999877929688,3.530401701388687,10301460,0.0,0.0,0.0,True
2012-04-03,5.89,5.899180297851562,5.847999877929688,5.852999877929688,3.509414099441995,6318583,0.0,0.0,0.0,True
2012-04-04,5.8390002441406255,5.845549926757813,5.705,5.7220001220703125,3.430868206980031,8464506,0.0,0.0,0.0,True
2012-04-05,5.739000244140625,5.750850219726563,5.6820001220703125,5.744000244140625,3.4440615068963263,7713355,0.0,0.0,0.0,True
2012-04-10,5.739000244140625,5.739000244140625,5.617999877929687,5.617999877929687,3.3685115837612862,4554060,0.0,0.0,0.0,True
2012-04-11,5.605999755859375,5.68260009765625,5.599000244140625,5.660999755859375,3.394293840118844,8610842,0.0,0.0,0.0,True
2012-04-12,5.662000122070313,5.755999755859375,5.631300048828125,5.737000122070312,3.439862368058241,7611200,0.0,0.0,0.0,True
2012-04-13,5.724000244140625,5.735999755859375,5.672999877929688,5.68,3.405685144487857,4624118,0.0,0.0,0.0,True
2012-04-16,5.675,5.734000244140625,5.667999877929687,5.695,3.414678937736807,6509609,0.0,0.0,0.0,True
2012-04-17,5.685999755859375,5.800150146484375,5.685999755859375,5.797000122070313,3.4758379088833027,4671595,0.0,0.0,0.0,True
2012-04-18,5.792000122070313,5.812000122070312,5.765,5.779000244140625,3.4650450627211535,4323945,0.0,0.0,0.0,True
2012-04-19,5.8500000000000005,5.8500000000000005,5.772000122070312,5.775,3.4626471837718285,5852264,0.0,0.0,0.0,True
2012-04-20,5.782000122070313,5.808380126953125,5.75719970703125,5.802999877929688,3.479436014709697,3596100,0.0,0.0,0.0,True
2012-04-23,5.765999755859375,5.769550170898437,5.675999755859375,5.702000122070313,3.4188777087456335,6998503,0.0,0.0,0.0,True
2012-04-24,5.725999755859375,5.747000122070313,5.692000122070312,5.744000244140625,3.4440615068963263,5836474,0.0,0.0,0.0,True
2012-04-25,5.764000244140625,5.7809997558593755,5.74239990234375,5.762999877929688,3.455450604289775,3474184,0.0,0.0,0.0,True
2012-04-26,5.772000122070312,5.8,5.73,5.787999877929687,3.470440750143706,4687751,0.0,0.0,0.0,True
2012-04-27,5.730999755859375,5.827000122070313,5.730999755859375,5.8100000000000005,3.483632578742958,4811276,0.0,0.0,0.0,True
2012-04-30,5.822999877929687,5.82405029296875,5.765,5.775999755859375,3.463246009807956,4196818,0.0,0.0,0.0,True
2012-05-01,5.78,5.855,5.779000244140625,5.850999755859375,3.5082160795404866,2240897,0.0,0.0,0.0,True
2012-05-02,5.867000122070313,5.867000122070313,5.775999755859375,5.799000244140625,3.477036664443332,4238548,0.0,0.0,0.0,True
2012-05-03,5.834000244140625,5.842000122070313,5.7861700439453125,5.805,3.48063513809899,5261251,0.0,0.0,0.0,True
2012-05-04,5.775999755859375,5.8,5.677449951171875,5.690999755859375,3.412280323128961,5869168,0.0,0.0,0.0,True
2012-05-08,5.69,5.707000122070313,5.594000244140625,5.5970001220703125,3.3559207881737207,9493381,0.0,0.0,0.0,True
2012-05-09,5.619000244140625,5.6313500976562505,5.51,5.587000122070313,3.3499236999102164,9375569,0.0,0.0,0.0,True
2012-05-10,5.602999877929688,5.625999755859375,5.549000244140625,5.5970001220703125,3.3559207881737207,7832043,0.0,0.0,0.0,True
2012-05-11,5.580999755859375,5.644000244140625,5.559450073242187,5.64,3.381701941043496,8010983,0.0,0.0,0.0,True
2012-05-14,5.592000122070313,5.592000122070313,5.497000122070313,5.525,3.3127497713543854,8659073,0.0,0.0,0.0,True
2012-05-15,5.54,5.566799926757812,5.467000122070313,5.4909997558593755,3.29236283459012,8542424,0.0,0.0,0.0,True
2012-05-16,5.454000244140625,5.51,5.415640258789063,5.465,3.276772391383023,11407191,0.0,0.0,0.0,True
2012-05-17,5.462999877929688,5.4720001220703125,5.36,5.392999877929688,3.23360211022221,13602001,0.0,0.0,0.0,True
2012-05-18,5.332000122070313,5.374000244140625,5.3089599609375,5.327000122070313,3.194030670546317,8376055,0.0,0.0,0.0,True
2012-05-21,5.32,5.382999877929688,5.3111199951171875,5.3659997558593755,3.217413576637509,3822460,0.0,0.0,0.0,True
2012-05-22,5.41,5.46780029296875,5.387999877929688,5.462999877929688,3.2755740036522516,6548290,0.0,0.0,0.0,True
2012-05-23,5.320999755859375,5.335999755859375,5.23,5.255,3.1508589180684603,10558341,0.0,0.0,0.0,True
2012-05-24,5.312999877929688,5.359000244140625,5.259000244140625,5.337999877929688,3.2006243778703807,8801606,0.0,0.0,0.0,True
2012-05-25,5.347999877929688,5.372999877929687,5.3,5.340999755859375,3.2024241664421,5626411,0.0,0.0,0.0,True
2012-05-29,5.377000122070313,5.394359741210938,5.332000122070313,5.382000122070313,3.227009138556669,5886407,0.0,0.0,0.0,True
2012-05-30,5.342999877929688,5.3470001220703125,5.28,5.2940002441406255,3.174242559818175,5643467,0.0,0.0,0.0,True
2012-05-31,5.3179998779296875,5.3500000000000005,5.270599975585937,5.3179998779296875,3.1886324083189383,11252768,0.0,0.0,0.0,True
2012-06-01,5.329000244140625,5.3500000000000005,5.225800170898437,5.252999877929688,3.1496590590206486,8083277,0.0,0.0,0.0,True
2012-06-06,5.3,5.397000122070312,5.3,5.397000122070312,3.2360007248300557,5844416,0.0,0.0,0.0,True
2012-06-07,5.420999755859375,5.5040002441406255,5.40469970703125,5.455,3.2707767744365643,7798574,0.0,0.0,0.0,True
2012-06-08,5.425999755859375,5.454819946289063,5.390999755859375,5.442000122070312,3.2629828402354253,3694414,0.0,0.0,0.0,True
2012-06-11,5.545,5.545079956054687,5.427999877929688,5.444000244140625,3.2641826992832383,7632082,0.0,0.0,0.0,True
2012-06-12,5.44,5.485999755859375,5.422000122070313,5.477999877929688,3.284568900388985,3793045,0.0,0.0,0.0,True
2012-06-13,5.500999755859375,5.514400024414063,5.444000244140625,5.49,3.291761433749173,5895632,0.0,0.0,0.0,True
2012-06-14,5.47,5.490700073242188,5.425770263671875,5.4750000000000005,3.282767640500221,4017628,0.0,0.0,0.0,True
2012-06-15,5.495,5.5376000976562505,5.470549926757813,5.487000122070312,3.289964219982276,7034326,0.0,0.0,0.0,True
2012-06-18,5.5600000000000005,5.562670288085938,5.467999877929688,5.497999877929687,3.2965590307941204,3849756,0.0,0.0,0.0,True
2012-06-19,5.51,5.61,5.4847998046875,5.594000244140625,3.354119528284958,3888594,0.0,0.0,0.0,True
2012-06-20,5.585999755859375,5.63,5.5771899414062505,5.627999877929688,3.3745072007077446,3682557,0.0,0.0,0.0,True
2012-06-21,5.605,5.615399780273438,5.572000122070313,5.572000122070313,3.340928803173486,4488086,0.0,0.0,0.0,True
2012-06-22,5.53,5.548889770507812,5.5088000488281255,5.519000244140625,3.3091520333572473,5080681,0.0,0.0,0.0,True
2012-06-25,5.51,5.51,5.445,5.452000122070313,3.268979192840406,5852794,0.0,0.0,0.0,True
2012-06-26,5.462999877929688,5.482999877929688,5.445,5.454000244140625,3.270177212741918,4009339,0.0,0.0,0.0,True
2012-06-27,5.485,5.535,5.459539794921875,5.532000122070313,3.316945967558387,3563468,0.0,0.0,0.0,True
2012-06-28,5.542000122070313,5.543359985351563,5.445999755859375,5.507999877929688,3.3025557512283616,4932733,0.0,0.0,0.0,True
2012-06-29,5.610999755859375,5.627000122070313,5.561060180664063,5.58,3.3457260323891753,7470308,0.0,0.0,0.0,True
2012-07-02,5.597999877929688,5.652000122070312,5.579329833984375,5.645999755859375,3.3852985755528517,8748480,0.0,0.0,0.0,True
2012-07-03,5.650999755859375,5.697000122070313,5.643900146484375,5.695999755859375,3.415278499431451,5746074,0.0,0.0,0.0,True
2012-07-04,5.695999755859375,5.71,5.67655029296875,5.695,3.414678937736807,2956670,0.0,0.0,0.0,True
2012-07-05,5.699000244140625,5.739000244140625,5.672000122070313,5.702999877929687,3.4194761669524962,5606702,0.0,0.0,0.0,True
2012-07-06,5.6850000000000005,5.699299926757813,5.65,5.667999877929687,3.3984911398106235,4894893,0.0,0.0,0.0,True
2012-07-09,5.672000122070313,5.676599731445313,5.6124200439453125,5.627000122070313,3.3739072711838407,8423615,0.0,0.0,0.0,True
2012-07-10,5.650999755859375,5.6955499267578125,5.626649780273437,5.665999755859375,3.3972912807628144,3564258,0.0,0.0,0.0,True
2012-07-11,5.642999877929688,5.676649780273437,5.6285400390625,5.672999877929688,3.401487476966814,3640849,0.0,0.0,0.0,True
2012-07-12,5.639000244140625,5.657000122070313,5.59,5.615,3.3667121630188257,10403140,0.0,0.0,0.0,True
2012-07-13,5.652000122070312,5.684099731445313,5.636500244140625,5.675,3.402688071673149,3864003,0.0,0.0,0.0,True
2012-07-16,5.670999755859375,5.680419921875,5.65,5.67,3.3996887918828738,2243434,0.0,0.0,0.0,True
2012-07-17,5.680999755859375,5.685800170898438,5.63,5.64,3.381701941043496,2588788,0.0,0.0,0.0,True
2012-07-18,5.664000244140625,5.699000244140625,5.633109741210937,5.695,3.414678937736807,8635672,0.0,0.0,0.0,True
2012-07-19,5.697999877929687,5.7250000000000005,5.694000244140625,5.720999755859375,3.4302693809439044,6054875,0.0,0.0,0.0,True
2012-07-20,5.71,5.713300170898438,5.6529998779296875,5.659000244140625,3.3930925097539903,3337602,0.0,0.0,0.0,True
2012-07-23,5.597999877929688,5.635999755859375,5.521500244140625,5.540999755859375,3.322343126297982,6155512,0.0,0.0,0.0,True
2012-07-24,5.5570001220703125,5.565999755859375,5.495,5.505999755859375,3.30135626000981,10913127,0.0,0.0,0.0,True
2012-07-25,5.455999755859375,5.537000122070313,5.455999755859375,5.5040002441406255,3.3001575044497797,3913074,0.0,0.0,0.0,True
2012-07-26,5.505,5.6000000000000005,5.484000244140625,5.575,3.3427293274037275,3659722,0.0,0.0,0.0,True
2012-07-27,5.607000122070312,5.637999877929688,5.555999755859375,5.632999877929688,3.377505744839495,6198104,0.0,0.0,0.0,True
2012-07-30,5.64,5.713300170898438,5.630709838867188,5.695,3.414678937736807,1942121,0.0,0.0,0.0,True
2012-07-31,5.695999755859375,5.702000122070313,5.62,5.647999877929688,3.386498434600664,7552393,0.0,0.0,0.0,True
2012-08-01,5.65,5.727000122070312,5.65,5.727000122070312,3.4338678545995625,5858239,0.0,0.0,0.0,True
2012-08-02,5.727000122070312,5.784000244140625,5.670999755859375,5.68,3.405685144487857,9936842,0.0,0.0,0.0,True
2012-08-03,5.687000122070312,5.8070001220703125,5.685380249023438,5.802000122070313,3.478836820844311,4302452,0.0,0.0,0.0,True
2012-08-06,5.797000122070313,5.847550048828125,5.780830078125,5.829000244140625,3.495024618770494,5099567,0.0,0.0,0.0,True
2012-08-07,5.8259997558593755,5.8500000000000005,5.79,5.8500000000000005,3.5076176213336225,4000433,0.0,0.0,0.0,True
2012-08-08,5.837999877929688,5.884000244140625,5.835,5.884000244140625,3.5280012476345415,3282118,0.0,0.0,0.0,True
2012-08-09,5.89,5.896079711914062,5.863829956054688,5.880999755859375,3.5262047695261676,3735536,0.0,0.0,0.0,True
2012-08-10,5.867999877929687,5.889000244140625,5.8500000000000005,5.88,3.525605207831521,4600993,0.0,0.0,0.0,True
2012-08-13,5.877999877929688,5.8852001953125,5.842999877929688,5.865,3.5166092076070092,2329858,0.0,0.0,0.0,True
2012-08-14,5.885,5.9035498046875,5.87,5.892000122070312,3.5327981090209715,3002179,0.0,0.0,0.0,True
2012-08-15,5.882000122070313,5.894000244140625,5.863829956054688,5.870999755859375,3.5202084169211867,2158987,0.0,0.0,0.0,True
2012-08-16,5.882999877929688,5.88698974609375,5.84989990234375,5.875999755859375,3.5232051219066336,3040362,0.0,0.0,0.0,True
2012-08-17,5.885,5.892529907226563,5.872000122070313,5.892000122070312,3.5327981090209715,2351086,0.0,0.0,0.0,True
2012-08-20,5.889000244140625,5.895999755859375,5.8390002441406255,5.86,3.5136121347922975,5152236,0.0,0.0,0.0,True
2012-08-21,5.882000122070313,5.912999877929687,5.872999877929687,5.899000244140625,3.5369968800297946,3069868,0.0,0.0,0.0,True
2012-08-22,5.8179998779296875,5.8179998779296875,5.7620001220703125,5.767000122070312,3.4578514258731823,3245324,0.0,0.0,0.0,True
2012-08-23,5.8,5.803330078125,5.757260131835937,5.770999755859375,3.460249672651767,2454910,0.0,0.0,0.0,True
2012-08-24,5.76,5.779000244140625,5.728350219726563,5.767999877929688,3.4584495162507847,3376152,0.0,0.0,0.0,True
2012-08-28,5.755999755859375,5.767000122070312,5.735999755859375,5.76,3.453653390522879,3684116,0.0,0.0,0.0,True
2012-08-29,5.752999877929688,5.759000244140625,5.7250000000000005,5.730999755859375,3.4362657335488858,3011210,0.0,0.0,0.0,True
2012-08-30,5.705999755859375,5.735,5.690999755859375,5.702000122070313,3.4188777087456335,11311781,0.0,0.0,0.0,True
2012-08-31,5.695,5.75,5.685999755859375,5.690999755859375,3.412280323128961,9675620,0.0,0.0,0.0,True
2012-09-03,5.69,5.750999755859375,5.68760009765625,5.750999755859375,3.4482565996125434,3001625,0.0,0.0,0.0,True
2012-09-04,5.737000122070312,5.737000122070312,5.645999755859375,5.665999755859375,3.3972912807628144,3160581,0.0,0.0,0.0,True
2012-09-05,5.644000244140625,5.671900024414063,5.629550170898438,5.6559997558593755,3.3912945603285727,3275750,0.0,0.0,0.0,True
2012-09-06,5.674000244140625,5.780560302734375,5.669099731445312,5.765999755859375,3.457251128520016,6073144,0.0,0.0,0.0,True
2012-09-07,5.795,5.8,5.7667999267578125,5.792000122070313,3.4728401004100706,3309387,0.0,0.0,0.0,True
2012-09-10,5.767000122070312,5.802999877929688,5.767000122070312,5.789000244140625,3.471041783155394,4776339,0.0,0.0,0.0,True
2012-09-11,5.767999877929688,5.79,5.760599975585937,5.782000122070313,3.466843747805088,4069323,0.0,0.0,0.0,True
2012-09-12,5.7940002441406255,5.814000244140625,5.752000122070313,5.774000244140625,3.4620468864186633,6225329,0.0,0.0,0.0,True
2012-09-13,5.772999877929688,5.820889892578125,5.764639892578125,5.810999755859375,3.4842328760961263,4310727,0.0,0.0,0.0,True
2012-09-14,5.897000122070312,5.929400024414063,5.871500244140625,5.907999877929687,3.542391463964567,15004552,0.0,0.0,0.0,True
2012-09-17,5.9,5.912000122070313,5.88,5.89,3.5316004569487225,2840667,0.0,0.0,0.0,True
2012-09-18,5.875,5.887999877929688,5.840999755859375,5.867000122070313,3.517809802313342,2752097,0.0,0.0,0.0,True
2012-09-19,5.892999877929688,5.897999877929688,5.86,5.89,3.5316004569487225,2803492,0.0,0.0,0.0,True
2012-09-20,5.852999877929688,5.862000122070312,5.8259997558593755,5.850999755859375,3.5082160795404866,4135878,0.0,0.0,0.0,True
2012-09-21,5.887999877929688,5.887999877929688,5.840999755859375,5.867999877929687,3.5184100996665078,12834442,0.0,0.0,0.0,True
2012-09-24,5.8259997558593755,5.852999877929688,5.8100000000000005,5.842000122070313,3.5028192886301515,8625472,0.0,0.0,0.0,True
2012-09-25,5.842999877929688,5.877999877929688,5.835,5.867999877929687,3.5184100996665078,5479484,0.0,0.0,0.0,True
2012-09-26,5.82,5.830339965820313,5.762999877929688,5.78,3.465646095732841,3906410,0.0,0.0,0.0,True
2012-09-27,5.8100000000000005,5.813480224609375,5.774000244140625,5.787000122070313,3.4698419241075804,2444322,0.0,0.0,0.0,True
2012-09-28,5.805,5.818670043945312,5.75,5.755,3.450654846391129,3438847,0.0,0.0,0.0,True
2012-10-01,5.744000244140625,5.8535498046875,5.744000244140625,5.834000244140625,3.498022427243725,5733555,0.0,0.0,0.0,True
2012-10-02,5.8100000000000005,5.852999877929688,5.790999755859375,5.822000122070313,3.4908269512494505,3316865,0.0,0.0,0.0,True
2012-10-03,5.805999755859375,5.84844970703125,5.79780029296875,5.840999755859375,3.502220094764763,6746274,0.0,0.0,0.0,True
2012-10-04,5.852000122070312,5.8695001220703125,5.819000244140625,5.842000122070313,3.5028192886301515,5349917,0.0,0.0,0.0,True
2012-10-05,5.857000122070312,5.90083984375,5.852000122070312,5.882999877929688,3.527402421598417,4225657,0.0,0.0,0.0,True
2012-10-08,5.847999877929688,5.87,5.835,5.857000122070312,3.511812714049842,2947430,0.0,0.0,0.0,True
2012-10-09,5.867999877929687,5.870549926757812,5.8,5.82,3.48962856351868,6218495,0.0,0.0,0.0,True
2012-10-10,5.805999755859375,5.818300170898437,5.789000244140625,5.789000244140625,3.471041783155394,3330262,0.0,0.0,0.0,True
2012-10-11,5.777000122070312,5.85177978515625,5.777000122070312,5.83,3.495624916123661,7408060,0.0,0.0,0.0,True
2012-10-12,5.824000244140625,5.830780029296875,5.78,5.792000122070313,3.4728401004100706,11888029,0.0,0.0,0.0,True
2012-10-15,5.784000244140625,5.835999755859375,5.784000244140625,5.817000122070312,3.487830246264002,6834108,0.0,0.0,0.0,True
2012-10-16,5.842999877929688,5.885,5.835,5.8790002441406255,3.5250041748198333,6051414,0.0,0.0,0.0,True
2012-10-17,5.882000122070313,5.922000122070313,5.8775,5.915999755859375,3.547189796668036,2868545,0.0,0.0,0.0,True
2012-10-18,5.930999755859375,5.937000122070312,5.905,5.927000122070313,3.5537846074798822,5496242,0.0,0.0,0.0,True
2012-10-19,5.905,5.925999755859375,5.897000122070312,5.9,3.537594602578141,3453537,0.0,0.0,0.0,True
2012-10-22,5.899000244140625,5.916300048828125,5.87,5.889000244140625,3.5310016309125976,5916710,0.0,0.0,0.0,True
2012-10-23,5.9,5.900999755859375,5.799000244140625,5.805999755859375,3.481234699793637,8870014,0.0,0.0,0.0,True
2012-10-24,5.815,5.846890258789062,5.792000122070313,5.825,3.4926278433089504,6966637,0.0,0.0,0.0,True
2012-10-25,5.835,5.86,5.819000244140625,5.822999877929687,3.491426880773356,4417661,0.0,0.0,0.0,True
2012-10-26,5.7940002441406255,5.837650146484375,5.770999755859375,5.827000122070313,3.4938254953812007,6057244,0.0,0.0,0.0,True
2012-10-29,5.815999755859375,5.830999755859375,5.782999877929687,5.8100000000000005,3.483632578742958,2985453,0.0,0.0,0.0,True
2012-10-30,5.825,5.8707299804687505,5.822000122070313,5.864000244140625,3.5160107494001442,2284117,0.0,0.0,0.0,True
2012-10-31,5.8659997558593755,5.88447998046875,5.800999755859375,5.800999755859375,3.4782361556618846,4003366,0.0,0.0,0.0,True
2012-11-01,5.805999755859375,5.887999877929688,5.798670043945313,5.880999755859375,3.5262047695261676,7220042,0.0,0.0,0.0,True
2012-11-02,5.872000122070313,5.912550048828125,5.865,5.8870001220703125,3.5298010362062624,2545296,0.0,0.0,0.0,True
2012-11-05,5.8659997558593755,5.874000244140625,5.845,5.859000244140625,3.513012573097653,8839315,0.0,0.0,0.0,True
2012-11-06,5.8659997558593755,5.907000122070313,5.8659997558593755,5.907000122070313,3.5417933735869607,2955260,0.0,0.0,0.0,True
2012-11-07,5.9320001220703125,5.951420288085938,5.8179998779296875,5.82,3.48962856351868,5452036,0.0,0.0,0.0,True
2012-11-08,5.837000122070313,5.851480102539063,5.800999755859375,5.8070001220703125,3.4818331580004998,8344969,0.0,0.0,0.0,True
2012-11-09,5.812999877929688,5.815269775390625,5.745,5.785999755859375,3.4692416267544144,14077882,0.0,0.0,0.0,True
2012-11-12,5.787000122070313,5.812849731445312,5.78,5.7940002441406255,3.474039959457881,4048046,0.0,0.0,0.0,True
2012-11-13,5.764000244140625,5.811279907226562,5.734000244140625,5.8100000000000005,3.483632578742958,4100952,0.0,0.0,0.0,True
2012-11-14,5.805999755859375,5.805999755859375,5.757999877929688,5.757999877929688,3.4524535314750664,3267662,0.0,0.0,0.0,True
2012-11-15,5.722999877929688,5.747000122070313,5.712000122070313,5.719000244140625,3.4290691540668288,8681893,0.0,0.0,0.0,True
2012-11-16,5.7140002441406255,5.722329711914063,5.645999755859375,5.645999755859375,3.3852985755528517,6101162,0.0,0.0,0.0,True
2012-11-19,5.697999877929687,5.78,5.687000122070312,5.7779998779296875,3.4644443975387267,5401946,0.0,0.0,0.0,True
2012-11-20,5.760999755859375,5.795,5.75,5.7940002441406255,3.474039959457881,5116526,0.0,0.0,0.0,True
2012-11-21,5.717999877929688,5.75,5.717999877929688,5.739000244140625,3.44106149144753,3886446,0.0,0.0,0.0,True
2012-11-22,5.755,5.786190185546875,5.752000122070313,5.782999877929687,3.4674440451582584,3781639,0.0,0.0,0.0,True
2012-11-23,5.802999877929688,5.819099731445313,5.7723498535156255,5.805999755859375,3.481234699793637,4701947,0.0,0.0,0.0,True
2012-11-26,5.790999755859375,5.802999877929688,5.762999877929688,5.7779998779296875,3.4644443975387267,2314887,0.0,0.0,0.0,True
2012-11-27,5.807999877929688,5.819500122070313,5.775499877929688,5.784000244140625,3.468044710340687,2995871,0.0,0.0,0.0,True
2012-11-28,5.772999877929688,5.797000122070313,5.744000244140625,5.79,3.471639137874478,2748628,0.0,0.0,0.0,True
2012-11-29,5.809000244140625,5.869000244140625,5.805999755859375,5.852999877929688,3.509414099441995,6108727,0.0,0.0,0.0,True
2012-11-30,5.847999877929688,5.887999877929688,5.8458099365234375,5.854000244140625,3.510014396795162,4347372,0.0,0.0,0.0,True
2012-12-03,5.872000122070313,5.885999755859375,5.845579833984375,5.855,3.5106143263190708,5840710,0.0,0.0,0.0,True
2012-12-04,5.849000244140625,5.870469970703125,5.834000244140625,5.857999877929688,3.5124130114030097,3187496,0.0,0.0,0.0,True
2012-12-05,5.86,5.888189697265625,5.8500000000000005,5.88,3.525605207831521,3521826,0.0,0.0,0.0,True
2012-12-06,5.89,5.907999877929687,5.872999877929687,5.8790002441406255,3.5250041748198333,3560602,0.0,0.0,0.0,True
2012-12-07,5.885999755859375,5.907000122070313,5.872999877929687,5.9,3.537594602578141,3860313,0.0,0.0,0.0,True
2012-12-10,5.882999877929688,5.907000122070313,5.872000122070313,5.904000244140625,3.5399946885030262,3443403,0.0,0.0,0.0,True
2012-12-11,5.904000244140625,5.918729858398438,5.89,5.907000122070313,3.5417933735869607,4264741,0.0,0.0,0.0,True
2012-12-12,5.895999755859375,5.927999877929688,5.895999755859375,5.925999755859375,3.5531850457852334,3466865,0.0,0.0,0.0,True
2012-12-13,5.917999877929687,5.925,5.89,5.915,3.5465894993148694,3026688,0.0,0.0,0.0,True
2012-12-14,5.92,5.92655029296875,5.88,5.9029998779296875,3.5393940233205954,3424104,0.0,0.0,0.0,True
2012-12-17,5.897999877929688,5.902639770507813,5.864450073242188,5.899000244140625,3.5369968800297946,3131716,0.0,0.0,0.0,True
2012-12-18,5.914000244140625,5.9320001220703125,5.89,5.92,3.5495873077881006,3233768,0.0,0.0,0.0,True
2012-12-19,5.915999755859375,5.965,5.915999755859375,5.952000122070313,3.568774385504552,5338801,0.0,0.0,0.0,True
2012-12-20,5.947000122070313,5.959000244140625,5.938670043945312,5.944000244140625,3.5639775241181244,5356778,0.0,0.0,0.0,True
2012-12-21,5.912999877929687,5.947000122070313,5.88,5.917000122070313,3.547788254874899,3916582,0.0,0.0,0.0,True
2012-12-24,5.92,5.943159790039062,5.92,5.938499755859375,3.5606806704560907,661478,0.0,0.0,0.0,True
2012-12-27,5.94,5.98510009765625,5.927999877929688,5.945,3.5645781893005526,2598778,0.0,0.0,0.0,True
2012-12-28,5.95,5.964500122070312,5.902000122070312,5.909000244140625,3.5429913934884723,1543287,0.0,0.0,0.0,True
2012-12-31,5.894000244140625,5.905919799804687,5.86,5.8725000000000005,3.521107023804636,1511904,0.0,0.0,0.0,True
2013-01-02,5.98,6.028419799804688,5.945419921875,6.007999877929688,3.602352783038811,5934790,0.0,0.0,0.0,True
2013-01-03,6.014000244140625,6.032999877929687,5.997000122070313,6.025,3.6125453318477923,2919822,0.0,0.0,0.0,True
2013-01-04,6.029000244140625,6.075,6.018599853515625,6.07,3.6395285507409456,3321675,0.0,0.0,0.0,True
2013-01-07,6.069000244140625,6.070029907226562,6.045999755859375,6.049000244140625,3.6269359160070764,2616362,0.0,0.0,0.0,True
2013-01-08,6.0440002441406255,6.0759997558593755,6.037000122070313,6.037000122070313,3.6197400721835447,1856624,0.0,0.0,0.0,True
2013-01-09,6.059000244140625,6.096060180664063,6.052999877929688,6.087999877929688,3.6503188220982694,4794446,0.0,0.0,0.0,True
2013-01-10,6.082999877929687,6.105999755859375,6.0600000000000005,6.095999755859375,3.6551160513139584,9922993,0.0,0.0,0.0,True
2013-01-11,6.110999755859375,6.115,6.08,6.115,3.666509562658536,3896693,0.0,0.0,0.0,True
2013-01-14,6.11,6.1272802734375,6.08,6.100999755859375,3.658113859787189,3805557,0.0,0.0,0.0,True
2013-01-15,6.087000122070313,6.110999755859375,6.077000122070313,6.110999755859375,3.6641094767336475,7102469,0.0,0.0,0.0,True
2013-01-16,6.097999877929688,6.100159912109375,6.05,6.0890002441406255,3.650918383792916,7215820,0.0,0.0,0.0,True
2013-01-17,6.085,6.117000122070313,6.072540283203125,6.117000122070313,3.6677061112429996,3682157,0.0,0.0,0.0,True
2013-01-18,6.125999755859375,6.154000244140625,6.1194000244140625,6.1370001220703125,3.6796995521114875,5395604,0.0,0.0,0.0,True
2013-01-21,6.155,6.164000244140625,6.144000244140625,6.160999755859375,3.6940886649537297,4020731,0.0,0.0,0.0,True
2013-01-22,6.157000122070313,6.1690002441406255,6.13,6.162000122070313,3.694688962306896,4167225,0.0,0.0,0.0,True
2013-01-23,6.2,6.2,6.165,6.18,3.705481808469044,4122414,0.0,0.0,0.0,True
2013-01-24,6.175999755859375,6.250850219726563,6.168670043945313,6.242999877929687,3.743257505695085,8554142,0.0,0.0,0.0,True
2013-01-25,6.232000122070312,6.265800170898437,6.225999755859375,6.265000000000001,3.756446759489514,5043493,0.0,0.0,0.0,True
2013-01-28,6.2620001220703125,6.290499877929688,6.256719970703125,6.272999877929688,3.761244356534463,6998083,0.0,0.0,0.0,True
2013-01-29,6.2779998779296875,6.320850219726562,6.2625,6.315,3.7864263155388533,3781143,0.0,0.0,0.0,True
2013-01-30,6.315999755859375,6.328330078125,6.29,6.292999877929688,3.773234854768861,8339211,0.0,0.0,0.0,True
2013-01-31,6.2809997558593755,6.284910278320313,6.247420043945312,6.252999877929688,3.7492523869830223,4444334,0.0,0.0,0.0,True
2013-02-01,6.267999877929688,6.329000244140625,6.267999877929688,6.320999755859376,3.790024421365253,5138265,0.0,0.0,0.0,True
2013-02-04,6.312999877929688,6.315,6.21,6.225999755859375,3.7330616464227573,7151448,0.0,0.0,0.0,True
2013-02-05,6.239000244140625,6.275,6.224000244140625,6.264000244140625,3.7558479334533907,6180877,0.0,0.0,0.0,True
2013-02-06,6.270999755859375,6.3003997802734375,6.243410034179687,6.2779998779296875,3.7642421650076936,7091771,0.0,0.0,0.0,True
2013-02-07,6.267000122070312,6.292000122070313,6.1948699951171875,6.21,3.723469762796206,5460373,0.0,0.0,0.0,True
2013-02-08,6.239000244140625,6.262130126953125,6.22,6.247999877929687,3.7462549463390546,8325224,0.0,0.0,0.0,True
2013-02-11,6.249000244140625,6.2779998779296875,6.235999755859375,6.260999755859375,3.75404888054019,5127296,0.0,0.0,0.0,True
2013-02-12,6.255,6.32,6.245999755859375,6.32,3.789425595329128,5402244,0.0,0.0,0.0,True
2013-02-13,6.3259997558593755,6.385,6.311329956054688,6.357999877929688,3.812210411042717,5400525,0.0,0.0,0.0,True
2013-02-14,6.357000122070312,6.360599975585938,6.3,6.3259997558593755,3.7930218620092178,5341794,0.0,0.0,0.0,True
2013-02-15,6.329000244140625,6.350339965820313,6.307999877929688,6.319000244140625,3.7888264014637434,5486383,0.0,0.0,0.0,True
2013-02-18,6.324000244140625,6.3259997558593755,6.305,6.315,3.7864263155388533,5644288,0.0,0.0,0.0,True
2013-02-19,6.300999755859375,6.378400268554688,6.2988000488281255,6.367999877929687,3.818204924501392,5873211,0.0,0.0,0.0,True
2013-02-20,6.344000244140625,6.384000244140625,6.33968017578125,6.369000244140625,3.8367594213945164,5810790,0.0298,0.0,0.0,True
2013-02-21,6.330999755859375,6.3335498046875,6.250579833984375,6.265000000000001,3.774109203661875,6936601,0.0,0.0,0.0,True
2013-02-22,6.289000244140625,6.323350219726563,6.287999877929687,6.312000122070312,3.802423842721026,4680379,0.0,0.0,0.0,True
2013-02-25,6.33,6.3629998779296875,6.297000122070313,6.324000244140625,3.809651704865317,6925534,0.0,0.0,0.0,True
2013-02-26,6.24,6.274860229492187,6.227000122070312,6.247000122070313,3.763266486591694,17769420,0.0,0.0,0.0,True
2013-02-27,6.265999755859375,6.309000244140625,6.242000122070313,6.302000122070313,3.796399207691706,7099043,0.0,0.0,0.0,True
2013-02-28,6.330999755859375,6.345999755859375,6.305,6.329000244140625,3.8126642071507244,5872624,0.0,0.0,0.0,True
2013-03-01,6.322000122070313,6.362000122070313,6.279450073242188,6.344000244140625,3.821699866299458,6833998,0.0,0.0,0.0,True
2013-03-04,6.3259997558593755,6.332000122070313,6.304000244140625,6.315999755859375,3.804831775116966,8146460,0.0,0.0,0.0,True
2013-03-05,6.350999755859375,6.407000122070313,6.3500000000000005,6.400999755859375,3.8560380317634357,5575869,0.0,0.0,0.0,True
2013-03-06,6.425999755859375,6.44,6.3950000000000005,6.404000244140625,3.857845089684881,4496905,0.0,0.0,0.0,True
2013-03-07,6.415999755859375,6.435999755859375,6.406500244140625,6.417000122070313,3.8656778912601384,5457704,0.0,0.0,0.0,True
2013-03-08,6.45,6.462000122070313,6.424000244140625,6.454000244140625,3.8879660475824838,5554698,0.0,0.0,0.0,True
2013-03-11,6.452000122070313,6.477999877929688,6.4484802246093755,6.4750000000000005,3.9006173007401066,6642560,0.0,0.0,0.0,True
2013-03-12,6.465999755859375,6.5040002441406255,6.465,6.4750000000000005,3.9006173007401066,4642743,0.0,0.0,0.0,True
2013-03-13,6.462000122070313,6.46552978515625,6.4190002441406255,6.462000122070313,3.8927852382478383,4905356,0.0,0.0,0.0,True
2013-03-14,6.4720001220703125,6.515000000000001,6.467000122070313,6.510999755859375,3.922303104421965,4062869,0.0,0.0,0.0,True
2013-03-15,6.512999877929688,6.515000000000001,6.46030029296875,6.48,3.903629433484016,10705453,0.0,0.0,0.0,True
2013-03-18,6.37,6.460659790039062,6.3629998779296875,6.444000244140625,3.8819417820946627,5975550,0.0,0.0,0.0,True
2013-03-19,6.430999755859375,6.462999877929688,6.402000122070312,6.429000244140625,3.8729057534044316,3860028,0.0,0.0,0.0,True
2013-03-20,6.47,6.476329956054688,6.420999755859375,6.434000244140625,3.8759167775238494,4779312,0.0,0.0,0.0,True
2013-03-21,6.430999755859375,6.430999755859375,6.364000244140625,6.390999755859375,3.8500133967341172,7597607,0.0,0.0,0.0,True
2013-03-22,6.384000244140625,6.427999877929688,6.375999755859375,6.392999877929688,3.851218841098076,4503273,0.0,0.0,0.0,True
2013-03-25,6.43,6.460999755859375,6.369000244140625,6.382999877929688,3.845194575610257,4791144,0.0,0.0,0.0,True
2013-03-26,6.402000122070312,6.4059997558593755,6.370999755859375,6.400999755859375,3.8560380317634357,5790632,0.0,0.0,0.0,True
2013-03-27,6.422999877929688,6.422999877929688,6.34,6.3950000000000005,3.8524235463790415,6140181,0.0,0.0,0.0,True
2013-03-28,6.390999755859375,6.453909912109375,6.389000244140625,6.42,3.8674827319326024,15777450,0.0,0.0,0.0,True
2013-04-02,6.45,6.505999755859375,6.407999877929687,6.492999877929687,3.9114596482687913,4882506,0.0,0.0,0.0,True
2013-04-03,6.472999877929688,6.48218994140625,6.425,6.430999755859375,3.8741108282268923,5899048,0.0,0.0,0.0,True
2013-04-04,6.43,6.433599853515625,6.349500122070313,6.354000244140625,3.827723762245783,5594666,0.0,0.0,0.0,True
2013-04-05,6.357000122070312,6.357000122070312,6.226669921875001,6.2700000000000005,3.7771209668642896,13253642,0.0,0.0,0.0,True
2013-04-08,6.38,6.38,6.277000122070312,6.29,3.78917060646442,7749359,0.0,0.0,0.0,True
2013-04-09,6.329000244140625,6.352000122070312,6.30781982421875,6.335,3.816278322993618,8571856,0.0,0.0,0.0,True
2013-04-10,6.337999877929688,6.425,6.337999877929688,6.405,3.8584481814083604,9874350,0.0,0.0,0.0,True
2013-04-11,6.405,6.438270263671875,6.3966699218750005,6.429000244140625,3.8729057534044316,5139161,0.0,0.0,0.0,True
2013-04-12,6.412000122070313,6.417000122070313,6.38,6.4029998779296875,3.8572419979614074,4449009,0.0,0.0,0.0,True
2013-04-15,6.390999755859375,6.399920043945313,6.312999877929688,6.355,3.8283264844277607,46896260,0.0,0.0,0.0,True
2013-04-16,6.327000122070313,6.353359985351562,6.30927001953125,6.315,3.8042297920179777,10050316,0.0,0.0,0.0,True
2013-04-17,6.352999877929688,6.352999877929688,6.242520141601562,6.259000244140625,3.7704950878189796,7305171,0.0,0.0,0.0,True
2013-04-18,6.277000122070312,6.2940002441406255,6.24,6.257000122070313,3.7692911216210074,7554293,0.0,0.0,0.0,True
2013-04-19,6.285,6.302999877929688,6.2585998535156255,6.302000122070313,3.796399207691706,5456613,0.0,0.0,0.0,True
2013-04-22,6.327999877929687,6.357999877929688,6.272000122070312,6.292999877929688,3.7909769253028722,3635758,0.0,0.0,0.0,True
2013-04-23,6.299000244140625,6.417000122070313,6.296439819335937,6.417000122070313,3.8656778912601384,12057832,0.0,0.0,0.0,True
2013-04-24,6.417999877929688,6.455850219726563,6.4135198974609375,6.45,3.8855551588545656,4348980,0.0,0.0,0.0,True
2013-04-25,6.449000244140625,6.482000122070312,6.429000244140625,6.457999877929687,3.890376936310405,4167190,0.0,0.0,0.0,True
2013-04-26,6.440999755859375,6.455999755859375,6.414000244140625,6.445,3.8825433956521525,5300197,0.0,0.0,0.0,True
2013-04-29,6.447000122070313,6.48,6.437000122070312,6.48,3.903629433484016,3284037,0.0,0.0,0.0,True
2013-04-30,6.495,6.50072021484375,6.430850219726563,6.445999755859376,3.883146856917126,5035333,0.0,0.0,0.0,True
2013-05-01,6.4059997558593755,6.495999755859375,6.4059997558593755,6.477000122070312,3.9018220060210687,7371220,0.0,0.0,0.0,True
2013-05-02,6.457999877929687,6.499000244140625,6.437999877929688,6.489000244140625,3.9090502377068606,8036571,0.0,0.0,0.0,True
2013-05-03,6.4879998779296875,6.5687500000000005,6.482000122070312,6.55,3.945796705108272,7294055,0.0,0.0,0.0,True
2013-05-07,6.567000122070312,6.59072021484375,6.54,6.582999877929687,3.9656772985761735,3142728,0.0,0.0,0.0,True
2013-05-08,6.594000244140625,6.622990112304688,6.57,6.617000122070313,3.98615987514306,2384746,0.0,0.0,0.0,True
2013-05-09,6.612000122070313,6.63343994140625,6.60780029296875,6.632000122070313,3.995195903833295,8943476,0.0,0.0,0.0,True
2013-05-10,6.630999755859375,6.670999755859375,6.62,6.654000244140625,4.00844766192391,8959678,0.0,0.0,0.0,True
2013-05-13,6.652000122070312,6.658350219726563,6.629520263671875,6.657000122070313,4.01025582846985,2574583,0.0,0.0,0.0,True
2013-05-14,6.674000244140625,6.712000122070313,6.6435498046875,6.712000122070313,4.0433881800283675,3428202,0.0,0.0,0.0,True
2013-05-15,6.705999755859375,6.7379998779296875,6.7044396972656255,6.727000122070312,4.052423100094109,3967538,0.0,0.0,0.0,True
2013-05-16,6.732999877929688,6.7464501953125,6.707999877929687,6.717000122070313,4.046399204147788,5489296,0.0,0.0,0.0,True
2013-05-17,6.72,6.761170043945313,6.7066802978515625,6.76,4.072302954479016,4991304,0.0,0.0,0.0,True
2013-05-20,6.765000000000001,6.79,6.744000244140625,6.79,4.090376120483975,4739866,0.0,0.0,0.0,True
2013-05-21,6.775,6.84,6.775,6.837000122070313,4.118690020460127,2128763,0.0,0.0,0.0,True
2013-05-22,6.837000122070313,6.917000122070313,6.822999877929687,6.8790002441406255,4.143991418150872,5318532,0.0,0.0,0.0,True
2013-05-23,6.76,6.786220092773438,6.687000122070312,6.7540002441406255,4.068689208177618,17362554,0.0,0.0,0.0,True
2013-05-24,6.775999755859375,6.78,6.68,6.695999755859376,4.033750168239152,6420376,0.0,0.0,0.0,True
2013-05-28,6.750999755859375,6.835,6.750999755859375,6.8070001220703125,4.100616115372175,4607206,0.0,0.0,0.0,True
2013-05-29,6.687999877929688,6.687999877929688,6.59,6.6000000000000005,4.026551889477478,17470956,0.08560000000000001,0.0,0.0,True
2013-05-30,6.590999755859375,6.625999755859375,6.582999877929687,6.624000244140625,4.04119473455773,4177926,0.0,0.0,0.0,True
2013-05-31,6.610999755859375,6.612000122070313,6.547999877929688,6.550999755859375,3.9966584974844057,4825660,0.0,0.0,0.0,True
2013-06-03,6.53,6.550289916992187,6.48,6.500999755859375,3.966154035853038,3682975,0.0,0.0,0.0,True
2013-06-04,6.5309997558593755,6.547000122070313,6.5,6.529000244140625,3.9832370432794697,4420933,0.0,0.0,0.0,True
2013-06-05,6.487000122070313,6.50375,6.37,6.400999755859375,3.9051458609915737,5750752,0.0,0.0,0.0,True
2013-06-06,6.385999755859375,6.414000244140625,6.3,6.319000244140625,3.855120474791415,5240360,0.0,0.0,0.0,True
2013-06-07,6.320999755859376,6.4053497314453125,6.29,6.392999877929688,3.9002644136973093,7547090,0.0,0.0,0.0,True
2013-06-10,6.375999755859375,6.416079711914063,6.3500000000000005,6.384000244140625,3.894774516169205,2945694,0.0,0.0,0.0,True
2013-06-11,6.359000244140625,6.3599700927734375,6.25,6.327999877929687,3.860609249717614,6148602,0.0,0.0,0.0,True
2013-06-12,6.319000244140625,6.364000244140625,6.295,6.300999755859375,3.8441369377288424,2602853,0.0,0.0,0.0,True
2013-06-13,6.224000244140625,6.312000122070312,6.204450073242188,6.307999877929688,3.84840768958545,7099619,0.0,0.0,0.0,True
2013-06-14,6.327999877929687,6.345,6.28,6.3100000000000005,3.8496287062601287,3656668,0.0,0.0,0.0,True
2013-06-17,6.332999877929687,6.372169799804688,6.3,6.335,3.8648796273735857,6029260,0.0,0.0,0.0,True
2013-06-18,6.329000244140625,6.395999755859375,6.314450073242187,6.372999877929687,3.8880613567626034,6206533,0.0,0.0,0.0,True
2013-06-19,6.385999755859375,6.385999755859375,6.32,6.357999877929688,3.8789132738187213,2430671,0.0,0.0,0.0,True
2013-06-20,6.260999755859375,6.284849853515625,6.13,6.165999755859375,3.7617761261862506,13843486,0.0,0.0,0.0,True
2013-06-21,6.177999877929688,6.2439697265625,6.124000244140625,6.124000244140625,3.736152363447876,7721401,0.0,0.0,0.0,True
2013-06-24,6.102000122070312,6.14155029296875,6.0200000000000005,6.032000122070313,3.680024887479408,10051832,0.0,0.0,0.0,True
2013-06-25,6.08,6.12,6.03114990234375,6.107000122070312,3.7257802702242326,6967290,0.0,0.0,0.0,True
2013-06-26,6.115,6.184000244140625,6.095,6.172000122070313,3.7654365568058337,5740842,0.0,0.0,0.0,True
2013-06-27,6.184000244140625,6.2779998779296875,6.16,6.25,3.8130232774623596,6085736,0.0,0.0,0.0,True
2013-06-28,6.255,6.27197021484375,6.207999877929687,6.2220001220703125,3.7959410184372024,5509512,0.0,0.0,0.0,True
2013-07-01,6.2809997558593755,6.322000122070313,6.219609985351562,6.310999755859375,3.8502390274971487,5086576,0.0,0.0,0.0,True
2013-07-02,6.310999755859375,6.315999755859375,6.2700000000000005,6.307999877929688,3.84840768958545,3985483,0.0,0.0,0.0,True
2013-07-03,6.25,6.25,6.190999755859375,6.24,3.80692231029596,6229724,0.0,0.0,0.0,True
2013-07-04,6.284000244140625,6.437999877929688,6.2652697753906255,6.43,3.922838067053121,7455002,0.0,0.0,0.0,True
2013-07-05,6.4350000000000005,6.505,6.37,6.3790002441406255,3.8917240325860045,8369354,0.0,0.0,0.0,True
2013-07-08,6.427999877929688,6.48,6.417999877929688,6.452000122070313,3.936259147057422,10317569,0.0,0.0,0.0,True
2013-07-09,6.495999755859375,6.534000244140625,6.4879998779296875,6.5200000000000005,3.9777445263469104,6862223,0.0,0.0,0.0,True
2013-07-10,6.51,6.537999877929687,6.46,6.505999755859375,3.9692045194362393,5771488,0.0,0.0,0.0,True
2013-07-11,6.570999755859376,6.59,6.5200000000000005,6.545,3.9929976926641833,5578235,0.0,0.0,0.0,True
2013-07-12,6.562000122070312,6.5817498779296875,6.53,6.535999755859375,3.98750629833353,7886498,0.0,0.0,0.0,True
2013-07-15,6.559000244140625,6.599000244140625,6.54,6.579000244140625,4.013740756509561,4446555,0.0,0.0,0.0,True
2013-07-16,6.599000244140625,6.602000122070312,6.55,6.555999755859375,3.9997101036695124,7183989,0.0,0.0,0.0,True
2013-07-17,6.57,6.599000244140625,6.3790002441406255,6.575,4.011299097360844,5051367,0.0,0.0,0.0,True
2013-07-18,6.559000244140625,6.65541015625,6.555999755859375,6.632999877929688,4.046684632085837,4329530,0.0,0.0,0.0,True
2013-07-19,6.617999877929687,6.6370001220703125,6.59,6.6290002441406255,4.044244095539023,5362940,0.0,0.0,0.0,True
2013-07-22,6.627000122070313,6.642000122070312,6.59,6.622999877929687,4.040583290718799,4626571,0.0,0.0,0.0,True
2013-07-23,6.647999877929688,6.654000244140625,6.592999877929688,6.592999877929688,4.022281137620871,5964435,0.0,0.0,0.0,True
2013-07-24,6.609000244140625,6.660449829101562,6.577999877929687,6.62,4.038754572211552,6489736,0.0,0.0,0.0,True
2013-07-25,6.62,6.62,6.537000122070313,6.577999877929687,4.013131557874449,4653729,0.0,0.0,0.0,True
2013-07-26,6.605999755859375,6.623499755859375,6.5279998779296875,6.547000122070313,3.994217586736952,3233390,0.0,0.0,0.0,True
2013-07-29,6.570999755859376,6.6002197265625,6.5200000000000005,6.552000122070313,3.997268444520794,3366343,0.0,0.0,0.0,True
2013-07-30,6.570999755859376,6.594400024414063,6.55,6.562000122070312,4.003368663285917,3116324,0.0,0.0,0.0,True
2013-07-31,6.564000244140625,6.6567102050781255,6.554000244140625,6.612000122070313,4.033873499117921,4875169,0.0,0.0,0.0,True
2013-08-01,6.644000244140625,6.677000122070313,6.609000244140625,6.677000122070313,4.0735279146963475,3005215,0.0,0.0,0.0,True
2013-08-02,6.695,6.696950073242188,6.62,6.644000244140625,4.053395920489257,6079103,0.0,0.0,0.0,True
2013-08-05,6.66,6.68177978515625,6.588720092773437,6.62,4.038754572211552,3113355,0.0,0.0,0.0,True
2013-08-06,6.607999877929688,6.627999877929688,6.55,6.602000122070312,4.027772531951521,4950425,0.0,0.0,0.0,True
2013-08-07,6.594000244140625,6.640999755859375,6.5,6.5279998779296875,3.9826252252399046,9105711,0.0,0.0,0.0,True
2013-08-08,6.534000244140625,6.577000122070313,6.522999877929688,6.547999877929688,3.9948282821746104,7095673,0.0,0.0,0.0,True
2013-08-09,6.570999755859376,6.619000244140625,6.545079956054687,6.602000122070312,4.027772531951521,6105312,0.0,0.0,0.0,True
2013-08-12,6.61,6.615,6.5600000000000005,6.592999877929688,4.022281137620871,4546530,0.0,0.0,0.0,True
2013-08-13,6.604000244140625,6.640999755859375,6.59,6.635,4.047906771362424,3844785,0.0,0.0,0.0,True
2013-08-14,6.667000122070313,6.668920288085937,6.62,6.627999877929688,4.043634148502638,6555536,0.0,0.0,0.0,True
2013-08-15,6.622999877929687,6.625,6.5,6.522000122070312,3.978965168820954,7016564,0.0,0.0,0.0,True
2013-08-16,6.517000122070312,6.537999877929687,6.494310302734375,6.53,3.983846990315856,9429755,0.0,0.0,0.0,True
2013-08-19,6.537999877929687,6.542000122070313,6.495529785156251,6.5,3.9655444630172876,3501609,0.0,0.0,0.0,True
2013-08-20,6.460999755859375,6.497000122070313,6.37,6.497000122070313,3.9637134993062224,14252364,0.0,0.0,0.0,True
2013-08-21,6.492000122070313,6.4921502685546875,6.430999755859375,6.4350000000000005,3.9258878022350476,5237161,0.0,0.0,0.0,True
2013-08-22,6.437000122070312,6.5141101074218755,6.437000122070312,6.495,3.9624943536347206,8851861,0.0,0.0,0.0,True
2013-08-23,6.485,6.5614501953125,6.467999877929688,6.537999877929687,3.9887269408075734,5002128,0.0,0.0,0.0,True
2013-08-27,6.520999755859375,6.535999755859375,6.470999755859375,6.492000122070313,3.960663389923658,10221033,0.0,0.0,0.0,True
2013-08-28,6.405,6.4864001464843755,6.389000244140625,6.422000122070313,3.949899882196389,5679234,0.0525,0.0,0.0,True
2013-08-29,6.4640002441406255,6.494019775390625,6.447999877929687,6.479000244140625,3.9849576596091922,6735769,0.0,0.0,0.0,True
2013-08-30,6.49,6.492999877929687,6.402000122070312,6.409000244140625,3.941904308312554,3951748,0.0,0.0,0.0,True
2013-09-02,6.4720001220703125,6.525,6.470999755859375,6.502000122070313,3.9991019339226583,5154917,0.0,0.0,0.0,True
2013-09-03,6.507000122070313,6.5190802001953125,6.452999877929687,6.465,3.9763464612406247,9335315,0.0,0.0,0.0,True
2013-09-04,6.475999755859375,6.477999877929688,6.424000244140625,6.477999877929688,3.9843420351244574,4647430,0.0,0.0,0.0,True
2013-09-05,6.499000244140625,6.545,6.4640002441406255,6.532000122070313,4.017556711291915,7302424,0.0,0.0,0.0,True
2013-09-06,6.522999877929688,6.56802978515625,6.4909997558593755,6.545999755859375,4.026166400776941,6279052,0.0,0.0,0.0,True
2013-09-09,6.597999877929688,6.597999877929688,6.509000244140625,6.53,4.016326593985103,4600496,0.0,0.0,0.0,True
2013-09-10,6.5759997558593755,6.60030029296875,6.568599853515625,6.587000122070313,4.051384748618795,5824556,0.0,0.0,0.0,True
2013-09-11,6.592999877929688,6.6450000000000005,6.562999877929688,6.594000244140625,4.055689216140422,6716570,0.0,0.0,0.0,True
2013-09-12,6.587000122070313,6.609000244140625,6.562000122070312,6.595,4.056304840625155,5315085,0.0,0.0,0.0,True
2013-09-13,6.577999877929687,6.59468017578125,6.5638800048828125,6.584000244140626,4.049538629606364,3142451,0.0,0.0,0.0,True
2013-09-16,6.69,6.69,6.609600219726563,6.624000244140625,4.074140975742598,7368095,0.0,0.0,0.0,True
2013-09-17,6.627999877929688,6.627999877929688,6.572000122070313,6.572000122070313,4.042158680207265,6683901,0.0,0.0,0.0,True
2013-09-18,6.585999755859375,6.588720092773437,6.527000122070312,6.552999877929688,4.030471622740341,12763252,0.0,0.0,0.0,True
2013-09-19,6.640000000000001,6.654000244140625,6.612000122070313,6.619000244140625,4.071065871086009,6439363,0.0,0.0,0.0,True
2013-09-20,6.6000000000000005,6.627999877929688,6.590999755859375,6.597999877929688,4.058150205195816,3619138,0.0,0.0,0.0,True
2013-09-23,6.5970001220703125,6.610999755859375,6.54,6.552999877929688,4.030471622740341,3635780,0.0,0.0,0.0,True
2013-09-24,6.555,6.584000244140626,6.547000122070313,6.567000122070312,4.039083952771564,4516636,0.0,0.0,0.0,True
2013-09-25,6.557999877929688,6.587000122070313,6.524000244140625,6.545999755859375,4.026166400776941,4773941,0.0,0.0,0.0,True
2013-09-26,6.552999877929688,6.567249755859375,6.523809814453125,6.555,4.031701362826266,3984304,0.0,0.0,0.0,True
2013-09-27,6.5570001220703125,6.559500122070313,6.47,6.5,3.99787483438293,6966824,0.0,0.0,0.0,True
2013-09-30,6.425999755859375,6.45375,6.42,6.447000122070313,3.965276537141977,6595895,0.0,0.0,0.0,True
2013-10-01,6.442000122070312,6.44927978515625,6.407999877929687,6.445,3.9640456653933946,3683796,0.0,0.0,0.0,True
2013-10-02,6.417000122070313,6.422000122070313,6.368629760742188,6.422000122070313,3.949899882196389,5537612,0.0,0.0,0.0,True
2013-10-03,6.429000244140625,6.455999755859375,6.419940185546875,6.429000244140625,3.954205858601557,2484148,0.0,0.0,0.0,True
2013-10-04,6.412000122070313,6.452999877929687,6.408599853515625,6.430999755859375,3.955435598687483,5655437,0.0,0.0,0.0,True
2013-10-07,6.415,6.422000122070313,6.371090087890625,6.422000122070313,3.949899882196389,3083201,0.0,0.0,0.0,True
2013-10-08,6.409000244140625,6.413629760742188,6.347999877929688,6.349000244140625,3.9050004118873174,8681064,0.0,0.0,0.0,True
2013-10-09,6.335999755859375,6.372529907226562,6.304000244140625,6.3259997558593755,3.8908531198067724,5924739,0.0,0.0,0.0,True
2013-10-10,6.3470001220703125,6.4350000000000005,6.338499755859375,6.422000122070313,3.949899882196389,4989280,0.0,0.0,0.0,True
2013-10-11,6.449000244140625,6.475999755859375,6.426630249023438,6.467000122070313,3.9775762013265537,10721707,0.0,0.0,0.0,True
2013-10-14,6.449000244140625,6.4909997558593755,6.439500122070313,6.485,3.9886480115296283,3381923,0.0,0.0,0.0,True
2013-10-15,6.5200000000000005,6.551900024414063,6.517999877929688,6.532000122070313,4.017556711291915,3722949,0.0,0.0,0.0,True
2013-10-16,6.517000122070312,6.564000244140625,6.485,6.554000244140625,4.0310861155624185,3391125,0.0,0.0,0.0,True
2013-10-17,6.534000244140625,6.559000244140625,6.510900268554687,6.559000244140625,4.0341631063234304,5159572,0.0,0.0,0.0,True
2013-10-18,6.595999755859375,6.61,6.569000244140625,6.605,4.062453541054788,6326657,0.0,0.0,0.0,True
2013-10-21,6.617999877929687,6.664000244140625,6.602000122070312,6.644000244140625,4.086442148810716,7120339,0.0,0.0,0.0,True
2013-10-22,6.647000122070312,6.7014398193359375,6.642150268554688,6.675999755859375,4.106124402940587,8807452,0.0,0.0,0.0,True
2013-10-23,6.66,6.665999755859375,6.641300048828125,6.66,4.096283087265206,2178076,0.0,0.0,0.0,True
2013-10-24,6.68,6.7009997558593755,6.67,6.694000244140625,4.117195835922779,3984649,0.0,0.0,0.0,True
2013-10-25,6.694000244140625,6.716300048828125,6.687000122070312,6.705,4.12396204694157,3286588,0.0,0.0,0.0,True
2013-10-28,6.735999755859375,6.737000122070313,6.690999755859375,6.715,4.130111501812971,3500743,0.0,0.0,0.0,True
2013-10-29,6.729000244140625,6.765999755859375,6.72,6.765999755859375,4.161477795642685,3075173,0.0,0.0,0.0,True
2013-10-30,6.775999755859375,6.805,6.74969970703125,6.7620001220703125,4.15901944713349,5028449,0.0,0.0,0.0,True
2013-10-31,6.710999755859375,6.75,6.702500000000001,6.715999755859375,4.130725240193278,9051479,0.0,0.0,0.0,True
2013-11-01,6.6929998779296875,6.735999755859375,6.6929998779296875,6.712000122070313,4.128266137242313,3336001,0.0,0.0,0.0,True
2013-11-04,6.747999877929687,6.7620001220703125,6.730999755859375,6.755999755859375,4.15532871799217,4405766,0.0,0.0,0.0,True
2013-11-05,6.799000244140625,6.799000244140625,6.6807800292968755,6.725999755859375,4.136876581169109,3333269,0.0,0.0,0.0,True
2013-11-06,6.73,6.784550170898438,6.724000244140625,6.729000244140625,4.138722700181538,2005004,0.0,0.0,0.0,True
2013-11-07,6.739000244140625,6.789000244140625,6.672000122070313,6.69,4.114734469646499,5863140,0.0,0.0,0.0,True
2013-11-08,6.655,6.706370239257812,6.622999877929687,6.702999877929687,4.122729289088561,4126589,0.0,0.0,0.0,True
2013-11-11,6.717999877929688,6.7333001708984375,6.6929998779296875,6.712999877929688,4.12888138450616,4971285,0.0,0.0,0.0,True
2013-11-12,6.707000122070313,6.719000244140625,6.685999755859375,6.719000244140625,4.13257211364748,4974515,0.0,0.0,0.0,True
2013-11-13,6.695,6.699949951171875,6.61969970703125,6.632999877929688,4.079676692233694,4167390,0.0,0.0,0.0,True
2013-11-14,6.7,6.701799926757813,6.645280151367188,6.662999877929687,4.098127697394096,6036258,0.0,0.0,0.0,True
2013-11-15,6.675999755859375,6.705999755859375,6.6660302734375,6.69,4.114734469646499,2541875,0.0,0.0,0.0,True
2013-11-18,6.679000244140625,6.7289697265625,6.67,6.717999877929688,4.1319564891627465,3449834,0.0,0.0,0.0,True
2013-11-19,6.689000244140625,6.703920288085937,6.673099975585938,6.694000244140625,4.117195835922779,2843094,0.0,0.0,0.0,True
2013-11-20,6.690999755859375,6.712000122070313,6.664000244140625,6.685999755859375,4.112274989474641,2872868,0.0,0.0,0.0,True
2013-11-21,6.667000122070313,6.6972802734375,6.646300048828125,6.68,4.108585014775097,3606500,0.0,0.0,0.0,True
2013-11-22,6.692000122070312,6.7114501953125005,6.665,6.675999755859375,4.106124402940587,2567907,0.0,0.0,0.0,True
2013-11-25,6.702000122070313,6.715999755859375,6.69,6.7,4.12088694228498,3095285,0.0,0.0,0.0,True
2013-11-26,6.685999755859375,6.699000244140625,6.6370001220703125,6.6370001220703125,4.082135417963776,2842487,0.0,0.0,0.0,True
2013-11-27,6.6000000000000005,6.616699829101563,6.555999755859375,6.605999755859375,4.094842468240057,3001706,0.051500000000000004,0.0,0.0,True
2013-11-28,6.605,6.631699829101563,6.598599853515625,6.612000122070313,4.098562530237879,5439923,0.0,0.0,0.0,True
2013-11-29,6.600999755859375,6.632550048828125,6.5970001220703125,6.5970001220703125,4.089265796514324,2622176,0.0,0.0,0.0,True
2013-12-02,6.6159997558593755,6.619240112304688,6.549329833984375,6.552999877929688,4.061989903558305,3858744,0.0,0.0,0.0,True
2013-12-03,6.535,6.5440002441406255,6.485,6.492999877929687,4.024797266545764,7312039,0.0,0.0,0.0,True
2013-12-04,6.53,6.53,6.445999755859376,6.470999755859375,4.011160080350196,5094609,0.0,0.0,0.0,True
2013-12-05,6.454000244140625,6.500780029296875,6.4509997558593755,6.46,4.004343387958521,6106476,0.0,0.0,0.0,True
2013-12-06,6.5,6.517999877929688,6.457999877929687,6.51,4.03533516135892,4972250,0.0,0.0,0.0,True
2013-12-09,6.484000244140625,6.558900146484375,6.484000244140625,6.514000244140625,4.037815582832024,4674466,0.0,0.0,0.0,True
2013-12-10,6.502999877929688,6.529000244140625,6.475999755859375,6.480999755859375,4.017360183679895,2296985,0.0,0.0,0.0,True
2013-12-11,6.470999755859375,6.5122802734375,6.467000122070313,6.467999877929688,4.009301569916175,2646208,0.0,0.0,0.0,True
2013-12-12,6.4509997558593755,6.455999755859375,6.395999755859375,6.4059997558593755,3.970868912237691,4188945,0.0,0.0,0.0,True
2013-12-13,6.405,6.423469848632813,6.390000000000001,6.394000244140625,3.9634322095130474,2542003,0.0,0.0,0.0,True
2013-12-16,6.389000244140625,6.4879998779296875,6.382020263671875,6.479000244140625,4.016119782872732,3567803,0.0,0.0,0.0,True
2013-12-17,6.452000122070313,6.470960083007813,6.442750244140625,6.447000122070313,3.9962843940535766,3188419,0.0,0.0,0.0,True
2013-12-18,6.472999877929688,6.482000122070312,6.452000122070313,6.452000122070313,3.99938292515354,3679420,0.0,0.0,0.0,True
2013-12-19,6.502000122070313,6.540999755859375,6.499000244140625,6.540999755859375,4.054550919986329,8631435,0.0,0.0,0.0,True
2013-12-20,6.579000244140625,6.586680297851562,6.536519775390625,6.555,4.0632291639417994,14181862,0.0,0.0,0.0,True
2013-12-23,6.582000122070313,6.635999755859375,6.575,6.635999755859375,4.113440117240606,3968938,0.0,0.0,0.0,True
2013-12-24,6.637999877929688,6.668499755859375,6.635999755859375,6.644000244140625,4.118397919057037,1186486,0.0,0.0,0.0,True
2013-12-27,6.672000122070313,6.711079711914063,6.6701599121093755,6.710999755859375,4.159928347553037,2930348,0.0,0.0,0.0,True
2013-12-30,6.712999877929688,6.724000244140625,6.674000244140625,6.692000122070312,4.148152332780047,2498452,0.0,0.0,0.0,True
2013-12-31,6.675,6.712630004882812,6.660999755859375,6.67,4.1345143863020395,2454499,0.0,0.0,0.0,True
2014-01-02,6.712999877929688,6.712999877929688,6.66125,6.672000122070313,4.135752506261867,4452494,0.0,0.0,0.0,True
2014-01-03,6.67,6.69875,6.6529998779296875,6.679000244140625,4.140093719016323,2185355,0.0,0.0,0.0,True
2014-01-06,6.674000244140625,6.708140258789062,6.667999877929688,6.685999755859375,4.144432650923447,4312444,0.0,0.0,0.0,True
2014-01-07,6.679000244140625,6.722999877929688,6.670369873046875,6.709000244140626,4.158689467310761,3849698,0.0,0.0,0.0,True
2014-01-08,6.7009997558593755,6.704000244140625,6.667000122070313,6.672000122070313,4.135752506261867,2756314,0.0,0.0,0.0,True
2014-01-09,6.682999877929688,6.7,6.603800048828125,6.640000000000001,4.1159193982900435,2937447,0.0,0.0,0.0,True
2014-01-10,6.672999877929688,6.720250244140625,6.666279907226563,6.685999755859375,4.144432650923447,2975965,0.0,0.0,0.0,True
2014-01-13,6.702999877929687,6.715999755859375,6.68,6.704000244140625,4.155590175928356,3936873,0.0,0.0,0.0,True
2014-01-14,6.655,6.722999877929688,6.642999877929688,6.717999877929688,4.1642680397426055,3947209,0.0,0.0,0.0,True
2014-01-15,6.739000244140625,6.7779998779296875,6.730070190429688,6.775,4.199599885473792,6631962,0.0,0.0,0.0,True
2014-01-16,6.775999755859375,6.782999877929687,6.7620001220703125,6.767000122070312,4.1946413233749205,3816955,0.0,0.0,0.0,True
2014-01-17,6.764000244140625,6.795,6.739849853515625,6.782000122070313,4.203939957804587,4238209,0.0,0.0,0.0,True
2014-01-20,6.78,6.792000122070313,6.762999877929688,6.787000122070313,4.207038488904549,4441777,0.0,0.0,0.0,True
2014-01-21,6.800999755859375,6.820999755859376,6.772999877929688,6.787999877929687,4.207658499237516,4839760,0.0,0.0,0.0,True
2014-01-22,6.795999755859375,6.819000244140625,6.779000244140625,6.782999877929687,4.2045603482787755,8887250,0.0,0.0,0.0,True
2014-01-23,6.772000122070312,6.792000122070313,6.719000244140625,6.727999877929688,4.170466622507417,7337272,0.0,0.0,0.0,True
2014-01-24,6.732000122070312,6.740070190429687,6.61,6.619000244140625,4.102901462145001,12301770,0.0,0.0,0.0,True
2014-01-27,6.577999877929687,6.586300048828125,6.495999755859375,6.505999755859375,4.032857020733151,8760419,0.0,0.0,0.0,True
2014-01-28,6.524000244140625,6.547119750976563,6.515000000000001,6.5309997558593755,4.048353097503961,6438221,0.0,0.0,0.0,True
2014-01-29,6.569000244140625,6.6000000000000005,6.44,6.497999877929687,4.027897698351835,5418415,0.0,0.0,0.0,True
2014-01-30,6.49,6.5200000000000005,6.465999755859375,6.495999755859375,4.026657677685894,5292469,0.0,0.0,0.0,True
2014-01-31,6.480999755859375,6.505999755859375,6.38,6.469000244140625,4.009921960390366,6002575,0.0,0.0,0.0,True
2014-02-03,6.457999877929687,6.495,6.415999755859375,6.417999877929688,3.9783082759508868,5615491,0.0,0.0,0.0,True
2014-02-04,6.399000244140625,6.435999755859375,6.370999755859375,6.417999877929688,3.9783082759508868,8816809,0.0,0.0,0.0,True
2014-02-05,6.407999877929687,6.4518798828125,6.392000122070312,6.427999877929688,3.9845064785744775,7761998,0.0,0.0,0.0,True
2014-02-06,6.4640002441406255,6.5314398193359375,6.4350000000000005,6.527000122070312,4.045871535607196,5220177,0.0,0.0,0.0,True
2014-02-07,6.540999755859375,6.562000122070312,6.515000000000001,6.542000122070313,4.055171310460522,4351308,0.0,0.0,0.0,True
2014-02-10,6.557999877929688,6.560999755859375,6.529000244140625,6.557999877929688,4.065089955223154,5920865,0.0,0.0,0.0,True
2014-02-11,6.582999877929687,6.629299926757812,6.579420166015625,6.627999877929688,4.108479654435622,5084411,0.0,0.0,0.0,True
2014-02-12,6.662000122070313,6.677999877929688,6.642999877929688,6.642999877929688,4.117777528582843,8109789,0.0,0.0,0.0,True
2014-02-13,6.640999755859375,6.640999755859375,6.582999877929687,6.630999755859375,4.110339685434535,2880072,0.0,0.0,0.0,True
2014-02-14,6.630999755859375,6.645999755859375,6.619959716796875,6.634000244140625,4.112200476715888,3272200,0.0,0.0,0.0,True
2014-02-17,6.647000122070312,6.715999755859375,6.641329956054688,6.7009997558593755,4.153730905211891,4379789,0.0,0.0,0.0,True
2014-02-18,6.715999755859375,6.779650268554688,6.686300048828125,6.772999877929688,4.198360625090296,9392102,0.0,0.0,0.0,True
2014-02-19,6.774000244140625,6.795999755859375,6.744000244140625,6.7809997558593755,4.203319947471614,6593446,0.0,0.0,0.0,True
2014-02-20,6.73,6.795,6.715999755859375,6.784000244140625,4.205181879176634,7309300,0.0,0.0,0.0,True
2014-02-21,6.834000244140626,6.845,6.8,6.820999755859376,4.228113898389643,6693962,0.0,0.0,0.0,True
2014-02-24,6.814000244140625,6.849000244140625,6.77635986328125,6.849000244140625,4.24547114658303,5311315,0.0,0.0,0.0,True
2014-02-25,6.834000244140626,6.877999877929688,6.775,6.877999877929688,4.2634472646857215,21568914,0.0,0.0,0.0,True
2014-02-26,6.79,6.830999755859375,6.75260009765625,6.767999877929688,4.210750664841635,8381241,0.0253,0.0,0.0,True
2014-02-27,6.755999755859375,6.779000244140625,6.7,6.7700000000000005,4.211994073412524,4681679,0.0,0.0,0.0,True
2014-02-28,6.792999877929688,6.792999877929688,6.747000122070313,6.775,4.2151054563200425,4602766,0.0,0.0,0.0,True
2014-03-03,6.699000244140625,6.709000244140626,6.6368798828125,6.672999877929688,4.151645835520007,9284072,0.0,0.0,0.0,True
2014-03-04,6.715999755859375,6.780120239257813,6.715999755859375,6.7700000000000005,4.211994073412524,19552962,0.0,0.0,0.0,True
2014-03-05,6.767000122070312,6.7779998779296875,6.732000122070312,6.74,4.1933299728051905,3345789,0.0,0.0,0.0,True
2014-03-06,6.7700000000000005,6.770380249023438,6.73322021484375,6.747999877929687,4.198308948518628,4670531,0.0,0.0,0.0,True
2014-03-07,6.7540002441406255,6.765000000000001,6.672999877929688,6.6820001220703125,4.157245561692123,6544949,0.0,0.0,0.0,True
2014-03-10,6.674000244140625,6.7220001220703125,6.638980102539063,6.647000122070312,4.135469696646571,4849310,0.0,0.0,0.0,True
2014-03-11,6.670999755859375,6.682999877929688,6.625999755859375,6.650999755859375,4.137957658380468,4640952,0.0,0.0,0.0,True
2014-03-12,6.6290002441406255,6.641500244140625,6.584000244140626,6.612000122070313,4.113694594662431,8442889,0.0,0.0,0.0,True
2014-03-13,6.62,6.620999755859375,6.542000122070313,6.545999755859375,4.072631970897338,4118358,0.0,0.0,0.0,True
2014-03-14,6.500999755859375,6.549760131835938,6.492999877929687,6.517000122070312,4.054590528402215,10987885,0.0,0.0,0.0,True
2014-03-17,6.522000122070312,6.585999755859375,6.518880004882813,6.562999877929688,4.083207620537241,4476431,0.0,0.0,0.0,True
2014-03-18,6.5570001220703125,6.65,6.525999755859375,6.592000122070313,4.101251733747308,6990161,0.0,0.0,0.0,True
2014-03-19,6.599000244140625,6.603090209960937,6.549000244140625,6.5600000000000005,4.081343461507677,12862854,0.0,0.0,0.0,True
2014-03-20,6.53,6.539000244140625,6.477999877929688,6.532000122070313,4.06392315100194,10931397,0.0,0.0,0.0,True
2014-03-21,6.542000122070313,6.5570001220703125,6.4868103027343755,6.542999877929688,4.070765522683534,17062216,0.0,0.0,0.0,True
2014-03-24,6.550999755859375,6.552999877929688,6.491630249023437,6.502000122070313,4.045255616618257,5724682,0.0,0.0,0.0,True
2014-03-25,6.522999877929688,6.587999877929688,6.522999877929688,6.587999877929688,4.098763772013413,5222459,0.0,0.0,0.0,True
2014-03-26,6.582999877929687,6.632999877929688,6.581619873046876,6.594000244140625,4.102495905379607,11255054,0.0,0.0,0.0,True
2014-03-27,6.562000122070312,6.596799926757813,6.547999877929688,6.579000244140625,4.0931632827798845,7319554,0.0,0.0,0.0,True
2014-03-28,6.594000244140625,6.619000244140625,6.57375,6.604000244140625,4.108717908133228,3556993,0.0,0.0,0.0,True
2014-03-31,6.6159997558593755,6.647999877929688,6.572999877929687,6.595,4.103118181961111,3666080,0.0,0.0,0.0,True
2014-04-01,6.62,6.65,6.602999877929688,6.640000000000001,4.131115668229577,4297667,0.0,0.0,0.0,True
2014-04-02,6.639000244140625,6.665,6.6336297607421875,6.65,4.1373372894524945,5072819,0.0,0.0,0.0,True
2014-04-03,6.660999755859375,6.671250000000001,6.627000122070313,6.637999877929688,4.129868825882335,7428355,0.0,0.0,0.0,True
2014-04-04,6.654000244140625,6.6929998779296875,6.654000244140625,6.685999755859375,4.159734286487429,3606086,0.0,0.0,0.0,True
2014-04-07,6.644000244140625,6.664000244140625,6.602999877929688,6.615,4.115560279814823,5834914,0.0,0.0,0.0,True
2014-04-08,6.597999877929688,6.613699951171875,6.539719848632813,6.582000122070313,4.095030112524394,5154129,0.0,0.0,0.0,True
2014-04-09,6.594000244140625,6.644000244140625,6.592000122070313,6.622000122070313,4.119916978946758,6182468,0.0,0.0,0.0,True
2014-04-10,6.65,6.6747802734375,6.6107202148437505,6.634000244140625,4.127383153332677,5219654,0.0,0.0,0.0,True
2014-04-11,6.580999755859375,6.5906298828125,6.532329711914063,6.554000244140625,4.077608657426538,23589566,0.0,0.0,0.0,True
2014-04-14,6.529000244140625,6.577000122070313,6.500880126953125,6.577000122070313,4.0919202557397,5086254,0.0,0.0,0.0,True
2014-04-15,6.572999877929687,6.5890002441406255,6.529000244140625,6.535999755859375,4.0664099681437165,12649235,0.0,0.0,0.0,True
2014-04-16,6.584000244140626,6.595,6.550999755859375,6.585,4.096895416146079,4014216,0.0,0.0,0.0,True
2014-04-17,6.582999877929687,6.635300292968751,6.555999755859375,6.622999877929687,4.120536966344024,3854949,0.0,0.0,0.0,True
2014-04-22,6.655,6.715,6.654580078125,6.685999755859375,4.159734286487429,5796324,0.0,0.0,0.0,True
2014-04-23,6.697999877929687,6.701329956054687,6.67,6.68,4.156001390059824,3156182,0.0,0.0,0.0,True
2014-04-24,6.702000122070313,6.73,6.667999877929688,6.705,4.171556396943875,6284319,0.0,0.0,0.0,True
2014-04-25,6.6929998779296875,6.701719970703125,6.66197021484375,6.695,4.165333249598138,5541008,0.0,0.0,0.0,True
2014-04-28,6.715999755859375,6.7250000000000005,6.690999755859375,6.7,4.168445395567065,10602503,0.0,0.0,0.0,True
2014-04-29,6.7220001220703125,6.779000244140625,6.721500244140625,6.779000244140625,4.217594944176759,9041275,0.0,0.0,0.0,True
2014-04-30,6.772999877929688,6.8070001220703125,6.760999755859375,6.792999877929688,4.226305290194979,4430267,0.0,0.0,0.0,True
2014-05-01,6.805999755859375,6.827000122070313,6.8,6.817000122070312,4.241236494374703,3695695,0.0,0.0,0.0,True
2014-05-02,6.822000122070313,6.8470001220703125,6.8070001220703125,6.8259997558593755,4.246835839016117,6329609,0.0,0.0,0.0,True
2014-05-06,6.829000244140625,6.8352001953125,6.790999755859375,6.805,4.233770319988781,4595474,0.0,0.0,0.0,True
2014-05-07,6.785,6.814000244140625,6.78,6.807999877929688,4.235637149733289,6152030,0.0,0.0,0.0,True
2014-05-08,6.822999877929687,6.854000244140625,6.815999755859375,6.854000244140625,4.264256149521847,6092353,0.0,0.0,0.0,True
2014-05-09,6.842000122070313,6.84833984375,6.817000122070312,6.830999755859375,4.249944932739393,4360999,0.0,0.0,0.0,True
2014-05-12,6.840999755859375,6.867000122070313,6.835,6.865,4.271100428856973,3821677,0.0,0.0,0.0,True
2014-05-13,6.880999755859375,6.892000122070312,6.860999755859375,6.892000122070312,4.287899607373325,4192962,0.0,0.0,0.0,True
2014-05-14,6.892999877929688,6.907080078125,6.882999877929688,6.907000122070313,4.2972291777274005,5285639,0.0,0.0,0.0,True
2014-05-15,6.907999877929687,6.92260009765625,6.847999877929688,6.870999755859375,4.27483256222317,6711377,0.0,0.0,0.0,True
2014-05-16,6.875,6.882000122070313,6.838599853515625,6.88,4.280431906864582,10838443,0.0,0.0,0.0,True
2014-05-19,6.857000122070312,6.8790002441406255,6.830999755859375,6.869000244140625,4.2735880090601635,4314194,0.0,0.0,0.0,True
2014-05-20,6.867000122070313,6.87364013671875,6.822000122070313,6.8259997558593755,4.246835839016117,3124335,0.0,0.0,0.0,True
2014-05-21,6.749000244140625,6.787000122070313,6.7375,6.7779998779296875,4.264389244537014,5063601,0.0759,0.0,0.0,True
2014-05-22,6.8,6.802999877929688,6.7662200927734375,6.779000244140625,4.265019219897637,3899434,0.0,0.0,0.0,True
2014-05-23,6.774000244140625,6.778359985351563,6.752680053710938,6.770999755859375,4.259986361015399,2803356,0.0,0.0,0.0,True
2014-05-27,6.802000122070313,6.814000244140625,6.785,6.802000122070313,4.279488978517511,9440610,0.0,0.0,0.0,True
2014-05-28,6.802000122070313,6.814000244140625,6.787999877929687,6.8070001220703125,4.2826357690971815,4767383,0.0,0.0,0.0,True
2014-05-29,6.8070001220703125,6.84,6.8070001220703125,6.83,4.297106685050848,2450698,0.0,0.0,0.0,True
2014-05-30,6.815999755859375,6.832999877929687,6.789000244140625,6.797999877929688,4.276972549076395,3079900,0.0,0.0,0.0,True
2014-06-02,6.822000122070313,6.832999877929687,6.804000244140625,6.822000122070313,4.292073054612752,2136186,0.0,0.0,0.0,True
2014-06-03,6.812000122070312,6.812999877929688,6.772999877929688,6.804000244140625,4.280747771904967,9773989,0.0,0.0,0.0,True
2014-06-04,6.7940002441406255,6.817360229492188,6.765000000000001,6.787999877929687,4.270681282584636,4854414,0.0,0.0,0.0,True
2014-06-05,6.75,6.812999877929688,6.75,6.777000122070312,4.263760812288112,5061528,0.0,0.0,0.0,True
2014-06-06,6.792999877929688,6.832000122070313,6.783369750976562,6.820999755859376,4.29144346503006,3587498,0.0,0.0,0.0,True
2014-06-09,6.832999877929687,6.844000244140625,6.825,6.837999877929688,4.3021387723772255,1674893,0.0,0.0,0.0,True
2014-06-10,6.787000122070313,6.84,6.787000122070313,6.84,4.30339679420882,2840257,0.0,0.0,0.0,True
2014-06-11,6.842999877929688,6.844000244140625,6.800999755859375,6.814000244140625,4.287039809952585,4156000,0.0,0.0,0.0,True
2014-06-12,6.8179998779296875,6.830999755859375,6.803150024414062,6.822999877929687,4.292702644195443,2975704,0.0,0.0,0.0,True
2014-06-13,6.800999755859375,6.804000244140625,6.7379998779296875,6.757999877929688,4.251808254665217,5294793,0.0,0.0,0.0,True
2014-06-16,6.74,6.759000244140625,6.725999755859375,6.735,4.237337724489479,3722041,0.0,0.0,0.0,True
2014-06-17,6.742999877929687,6.755999755859375,6.719000244140625,6.752999877929688,4.248661464085546,4395836,0.0,0.0,0.0,True
2014-06-18,6.767999877929688,6.782999877929687,6.7620001220703125,6.765000000000001,4.256209980853039,3482073,0.0,0.0,0.0,True
2014-06-19,6.815,6.827000122070313,6.7940002441406255,6.797000122070313,4.2763429594937,3049402,0.0,0.0,0.0,True
2014-06-20,6.787999877929687,6.8259997558593755,6.787999877929687,6.809000244140625,4.283892633594983,4843682,0.0,0.0,0.0,True
2014-06-23,6.815999755859375,6.815999755859375,6.7700000000000005,6.787000122070313,4.2700520787798695,2955002,0.0,0.0,0.0,True
2014-06-24,6.790999755859375,6.809000244140625,6.7620001220703125,6.767999877929688,4.258098363823185,3736016,0.0,0.0,0.0,True
2014-06-25,6.74,6.75,6.703679809570312,6.709000244140626,4.22097919712153,5780953,0.0,0.0,0.0,True
2014-06-26,6.732000122070312,6.736849975585938,6.682999877929688,6.712999877929688,4.223495626562646,3366506,0.0,0.0,0.0,True
2014-06-27,6.729000244140625,6.75,6.72,6.7409997558593755,4.24110986109461,4122793,0.0,0.0,0.0,True
2014-06-30,6.745999755859375,6.7620001220703125,6.71,6.727999877929688,4.232931754744425,2483432,0.0,0.0,0.0,True
2014-07-01,6.74,6.785900268554688,6.737449951171875,6.782000122070313,4.266907988645715,5298469,0.0,0.0,0.0,True
2014-07-02,6.7779998779296875,6.809000244140625,6.7775201416015625,6.7940002441406255,4.274456891191138,3247951,0.0,0.0,0.0,True
2014-07-03,6.797000122070313,6.84,6.792000122070313,6.84,4.30339679420882,2629891,0.0,0.0,0.0,True
2014-07-04,6.842000122070313,6.849000244140625,6.829000244140625,6.845,4.30654474212228,2562735,0.0,0.0,0.0,True
2014-07-07,6.810999755859375,6.842999877929688,6.792999877929688,6.797000122070313,4.2763429594937,3061233,0.0,0.0,0.0,True
2014-07-08,6.8100000000000005,6.8100000000000005,6.717999877929688,6.717999877929688,4.226641259808526,4341912,0.0,0.0,0.0,True
2014-07-09,6.72,6.72,6.675999755859375,6.695,4.21217072963279,4031218,0.0,0.0,0.0,True
2014-07-10,6.702000122070313,6.702000122070313,6.625,6.652000122070312,4.18511612336181,5671547,0.0,0.0,0.0,True
2014-07-11,6.665,6.672999877929688,6.640999755859375,6.665,4.193297315935443,5758053,0.0,0.0,0.0,True
2014-07-14,6.69,6.739000244140625,6.6839599609375,6.7250000000000005,4.231044914886,2729931,0.0,0.0,0.0,True
2014-07-15,6.7140002441406255,6.742000122070313,6.685659790039063,6.687999877929688,4.207766688777386,3873119,0.0,0.0,0.0,True
2014-07-16,6.702000122070313,6.7656799316406255,6.702000122070313,6.757999877929688,4.251808254665217,4819821,0.0,0.0,0.0,True
2014-07-17,6.7379998779296875,6.748889770507812,6.701719970703125,6.712999877929688,4.223495626562646,3892361,0.0,0.0,0.0,True
2014-07-18,6.6850000000000005,6.723380126953125,6.664000244140625,6.7220001220703125,4.229158075027576,4385884,0.0,0.0,0.0,True
2014-07-21,6.724000244140625,6.727999877929688,6.687999877929688,6.7,4.215317905990395,2901726,0.0,0.0,0.0,True
2014-07-22,6.73,6.772000122070312,6.724639892578125,6.765999755859375,4.256839184657798,2491704,0.0,0.0,0.0,True
2014-07-23,6.750999755859375,6.795670166015626,6.748330078125,6.774000244140625,4.261873586651756,3054199,0.0,0.0,0.0,True
2014-07-24,6.7779998779296875,6.799000244140625,6.742999877929687,6.799000244140625,4.277603295992876,2801525,0.0,0.0,0.0,True
2014-07-25,6.782000122070313,6.810079956054688,6.759000244140625,6.772000122070312,4.2606155648201645,5735266,0.0,0.0,0.0,True
2014-07-28,6.78,6.789000244140625,6.742000122070313,6.767999877929688,4.258098363823185,4380963,0.0,0.0,0.0,True
2014-07-29,6.775999755859375,6.80927978515625,6.759000244140625,6.7809997558593755,4.266277627507163,2353190,0.0,0.0,0.0,True
2014-07-30,6.782999877929687,6.792000122070313,6.735999755859375,6.752999877929688,4.248661464085546,2237701,0.0,0.0,0.0,True
2014-07-31,6.769000244140625,6.772319946289063,6.69531982421875,6.707999877929687,4.220349221760907,8416969,0.0,0.0,0.0,True
2014-08-01,6.697999877929687,6.7030401611328125,6.607999877929688,6.665999755859375,4.193925748184342,5598185,0.0,0.0,0.0,True
2014-08-04,6.7,6.7,6.6529998779296875,6.657000122070313,4.188263685497348,2587423,0.0,0.0,0.0,True
2014-08-05,6.682999877929688,6.695999755859376,6.650999755859375,6.662999877929687,4.192036593658334,1473264,0.0,0.0,0.0,True
2014-08-06,6.645999755859375,6.647000122070312,6.5828399658203125,6.635999755859375,4.1750507913752735,3139631,0.0,0.0,0.0,True
2014-08-07,6.63,6.642999877929688,6.586680297851562,6.595999755859375,4.149885339630304,3428385,0.0,0.0,0.0,True
2014-08-08,6.560999755859375,6.579000244140625,6.524639892578125,6.562999877929688,4.129120842517295,5116854,0.0,0.0,0.0,True
2014-08-11,6.6000000000000005,6.635999755859375,6.590650024414063,6.625999755859375,4.168759524883513,3775804,0.0,0.0,0.0,True
2014-08-12,6.639000244140625,6.639000244140625,6.604000244140625,6.627000122070313,4.169389114466207,4400879,0.0,0.0,0.0,True
2014-08-13,6.649000244140625,6.679000244140625,6.642000122070312,6.6690002441406255,4.195812973820697,4139170,0.0,0.0,0.0,True
2014-08-14,6.662999877929687,6.709000244140626,6.654320068359375,6.697000122070313,4.213428751464383,3650152,0.0,0.0,0.0,True
2014-08-15,6.71,6.757000122070313,6.694000244140625,6.697999877929687,4.214057955269146,3936619,0.0,0.0,0.0,True
2014-08-18,6.7379998779296875,6.76,6.732000122070312,6.755999755859375,4.250549461277764,2374666,0.0,0.0,0.0,True
2014-08-19,6.772999877929688,6.799199829101562,6.768920288085938,6.7940002441406255,4.274456891191138,3349030,0.0,0.0,0.0,True
2014-08-20,6.742999877929687,6.746099853515625,6.70947998046875,6.7250000000000005,4.26386839406632,2386333,0.052300000000000006,0.0,0.0,True
2014-08-21,6.730999755859375,6.752000122070313,6.7220001220703125,6.749000244140625,4.2790829270353985,1808184,0.0,0.0,0.0,True
2014-08-22,6.750999755859375,6.755,6.71864013671875,6.744000244140625,4.275913912963041,1623664,0.0,0.0,0.0,True
2014-08-26,6.792999877929688,6.795999755859375,6.7540002441406255,6.79,4.305079960412348,3961728,0.0,0.0,0.0,True
2014-08-27,6.789000244140625,6.804400024414063,6.785,6.802999877929688,4.313320874215083,5487336,0.0,0.0,0.0,True
2014-08-28,6.799000244140625,6.809199829101563,6.768159790039062,6.7779998779296875,4.297471138965064,4666042,0.0,0.0,0.0,True
2014-08-29,6.785999755859375,6.801160278320313,6.749000244140625,6.792999877929688,4.306982068589,50021100,0.0,0.0,0.0,True
2014-09-01,6.78,6.797999877929688,6.768610229492188,6.797999877929688,4.310151471402041,6916081,0.0,0.0,0.0,True
2014-09-02,6.812000122070312,6.821500244140625,6.784000244140625,6.797000122070313,4.309517046602471,3551685,0.0,0.0,0.0,True
2014-09-03,6.814000244140625,6.8718798828125,6.814000244140625,6.84,4.336781763356503,14078251,0.0,0.0,0.0,True
2014-09-04,6.847999877929688,6.875999755859375,6.840120239257812,6.849000244140625,4.3424884766271346,4085003,0.0,0.0,0.0,True
2014-09-05,6.852999877929688,6.852999877929688,6.8,6.824000244140625,4.326637186414373,4129571,0.0,0.0,0.0,True
2014-09-08,6.802999877929688,6.8100000000000005,6.745,6.8100000000000005,4.317760292849322,9711408,0.0,0.0,0.0,True
2014-09-09,6.8,6.817000122070312,6.784320068359375,6.802999877929688,4.313320874215083,3320927,0.0,0.0,0.0,True
2014-09-10,6.797999877929688,6.822000122070313,6.775999755859375,6.805999755859375,4.315224537354474,3104585,0.0,0.0,0.0,True
2014-09-11,6.8259997558593755,6.830999755859375,6.737360229492188,6.772999877929688,4.294301736152021,3359730,0.0,0.0,0.0,True
2014-09-12,6.785999755859375,6.792999877929688,6.772999877929688,6.775999755859375,4.296202678106615,6476747,0.0,0.0,0.0,True
2014-09-15,6.764000244140625,6.785999755859375,6.75,6.78,4.298738822342146,2205438,0.0,0.0,0.0,True
2014-09-16,6.7779998779296875,6.779600219726563,6.722999877929688,6.7620001220703125,4.287328894467051,4364882,0.0,0.0,0.0,True
2014-09-17,6.785999755859375,6.790999755859375,6.7540002441406255,6.7540002441406255,4.282254273551872,2790821,0.0,0.0,0.0,True
2014-09-18,6.7620001220703125,6.797000122070313,6.744000244140625,6.790999755859375,4.305713996471229,3158643,0.0,0.0,0.0,True
2014-09-19,6.852000122070312,6.8658599853515625,6.8070001220703125,6.8070001220703125,4.315859350894733,14534199,0.0,0.0,0.0,True
2014-09-22,6.767999877929688,6.7815399169921875,6.745,6.7540002441406255,4.282254273551872,4153119,0.0,0.0,0.0,True
2014-09-23,6.745,6.747589721679688,6.625999755859375,6.6559997558593755,4.220119906003386,9051740,0.0,0.0,0.0,True
2014-09-24,6.65,6.687999877929688,6.632999877929688,6.687999877929688,4.240407504924898,4261236,0.0,0.0,0.0,True
2014-09-25,6.682999877929688,6.706389770507813,6.5997998046875,6.617000122070313,4.195392499706943,5284353,0.0,0.0,0.0,True
2014-09-26,6.610999755859375,6.642000122070312,6.590999755859375,6.63,4.203634190991053,4164283,0.0,0.0,0.0,True
2014-09-29,6.620999755859375,6.632000122070313,6.58739013671875,6.625999755859375,4.201099212977576,5537163,0.0,0.0,0.0,True
2014-09-30,6.632999877929688,6.637999877929688,6.5822802734375,6.605,4.187782512037601,2788371,0.0,0.0,0.0,True
2014-10-01,6.595,6.595,6.515999755859375,6.5309997558593755,4.1408653986429975,5316878,0.0,0.0,0.0,True
2014-10-02,6.5309997558593755,6.536329956054687,6.420999755859375,6.420999755859375,4.071121432165856,5118749,0.0,0.0,0.0,True
2014-10-03,6.4640002441406255,6.522999877929688,6.46,6.51,4.12754947518439,4994454,0.0,0.0,0.0,True
2014-10-06,6.5575,6.654970092773437,6.5125,6.5475,4.151327187984912,3273625,0.0,0.0,0.0,True
2014-10-07,6.532999877929687,6.535999755859375,6.472999877929688,6.472999877929688,4.10409208470915,2276028,0.0,0.0,0.0,True
2014-10-08,6.460999755859375,6.482999877929688,6.434000244140625,6.462999877929688,4.097751335379632,5653179,0.0,0.0,0.0,True
2014-10-09,6.519000244140625,6.525999755859375,6.405,6.407999877929687,4.062878963400376,4622570,0.0,0.0,0.0,True
2014-10-10,6.372000122070313,6.506640014648438,6.307949829101562,6.319000244140625,4.006450920381837,6245878,0.0,0.0,0.0,True
2014-10-13,6.257000122070313,6.365,6.257000122070313,6.345999755859375,4.023568339008935,5520143,0.0,0.0,0.0,True
2014-10-14,6.315999755859375,6.38,6.284559936523437,6.372000122070313,4.040055220243327,4644782,0.0,0.0,0.0,True
2014-10-15,6.349000244140625,6.349000244140625,6.185999755859375,6.187000122070312,3.922757771868581,9994606,0.0,0.0,0.0,True
2014-10-16,6.242000122070313,6.26083984375,6.052999877929688,6.1820001220703125,3.9195868140927956,15799659,0.0,0.0,0.0,True
2014-10-17,6.192000122070312,6.295999755859375,6.1690002441406255,6.292000122070313,3.9893307805699365,11432879,0.0,0.0,0.0,True
2014-10-20,6.287999877929687,6.304000244140625,6.222999877929688,6.249000244140625,3.962069173741393,8471073,0.0,0.0,0.0,True
2014-10-21,6.235999755859375,6.36239990234375,6.2140002441406255,6.360999755859375,4.033080823595613,8833162,0.0,0.0,0.0,True
2014-10-22,6.355,6.389000244140625,6.327000122070313,6.387999877929688,4.0501986309634015,4888752,0.0,0.0,0.0,True
2014-10-23,6.367000122070313,6.424000244140625,6.307999877929688,6.410999755859375,4.064779905354968,5275509,0.0,0.0,0.0,True
2014-10-24,6.382000122070313,6.4012298583984375,6.364000244140625,6.380999755859375,4.0457596010698476,3120054,0.0,0.0,0.0,True
2014-10-27,6.440999755859375,6.440999755859375,6.332440185546875,6.359000244140625,4.031811196515104,5495484,0.0,0.0,0.0,True
2014-10-28,6.392000122070312,6.405,6.367000122070313,6.394000244140625,4.054003236057382,3124661,0.0,0.0,0.0,True
2014-10-29,6.412999877929687,6.462000122070313,6.41,6.442000122070312,4.084436189402401,4162495,0.0,0.0,0.0,True
2014-10-30,6.467000122070313,6.469000244140625,6.367000122070313,6.452000122070313,4.090777716213288,4443724,0.0,0.0,0.0,True
2014-10-31,6.525999755859375,6.542219848632812,6.495780029296875,6.537000122070313,4.1446707812183545,5971628,0.0,0.0,0.0,True
2014-11-03,6.515000000000001,6.5426397705078125,6.465999755859375,6.4750000000000005,4.10535976808623,4562770,0.0,0.0,0.0,True
2014-11-04,6.462999877929688,6.503800048828126,6.434000244140625,6.442000122070312,4.084436189402401,4286576,0.0,0.0,0.0,True
2014-11-05,6.482000122070312,6.525999755859375,6.465999755859375,6.524000244140625,4.136427923712185,4755112,0.0,0.0,0.0,True
2014-11-06,6.500999755859375,6.649000244140625,6.498809814453125,6.549000244140625,4.152277270221519,4900851,0.0,0.0,0.0,True
2014-11-07,6.57,6.602999877929688,6.5475097656250005,6.560999755859375,4.159886091668804,4062855,0.0,0.0,0.0,True
2014-11-10,6.572000122070313,6.605,6.541799926757813,6.605,4.187782512037601,2944468,0.0,0.0,0.0,True
2014-11-11,6.617999877929687,6.6275,6.6000000000000005,6.622999877929687,4.199195161097497,3188127,0.0,0.0,0.0,True
2014-11-12,6.615,6.622000122070313,6.585650024414063,6.607000122070312,4.189051361636741,2517556,0.0,0.0,0.0,True
2014-11-13,6.622000122070313,6.65,6.6000000000000005,6.640999755859375,4.210609365120134,5022225,0.0,0.0,0.0,True
2014-11-14,6.650999755859375,6.664000244140625,6.617440185546875,6.662000122070313,4.22392412235668,5657325,0.0,0.0,0.0,True
2014-11-17,6.640999755859375,6.692219848632813,6.61,6.6820001220703125,4.236605232275033,6452783,0.0,0.0,0.0,True
2014-11-18,6.694000244140625,6.72218994140625,6.682999877929688,6.717999877929688,4.259428975432079,6622741,0.0,0.0,0.0,True
2014-11-19,6.719000244140625,6.719249877929688,6.687999877929688,6.709000244140626,4.253722262161444,2442329,0.0,0.0,0.0,True
2014-11-20,6.71,6.71,6.655,6.694000244140625,4.244213276240944,4720649,0.0,0.0,0.0,True
2014-11-21,6.675,6.8160302734375,6.675,6.7620001220703125,4.287328894467051,7587969,0.0,0.0,0.0,True
2014-11-24,6.789000244140625,6.789000244140625,6.73,6.742000122070313,4.27464622958596,6407365,0.0,0.0,0.0,True
2014-11-25,6.65,6.7620001220703125,6.65,6.742000122070313,4.27464622958596,3626703,0.0,0.0,0.0,True
2014-11-26,6.7540002441406255,6.7779998779296875,6.729000244140625,6.7379998779296875,4.272109307869054,5159451,0.0,0.0,0.0,True
2014-11-27,6.68,6.7333001708984375,6.657000122070313,6.667000122070313,4.270508103810325,4542512,0.06849999999999999,0.0,0.0,True
2014-11-28,6.652000122070312,6.680999755859375,6.6125598144531255,6.665999755859375,4.269868798782903,4758880,0.0,0.0,0.0,True
2014-12-01,6.6000000000000005,6.627000122070313,6.579719848632813,6.600999755859375,4.228235433299187,4206904,0.0,0.0,0.0,True
2014-12-02,6.624000244140625,6.69322021484375,6.624000244140625,6.69,4.285243142228033,7904670,0.0,0.0,0.0,True
2014-12-03,6.685999755859375,6.702999877929687,6.655,6.655,4.262824269982562,6610104,0.0,0.0,0.0,True
2014-12-04,6.66,6.675050048828125,6.6159997558593755,6.625,4.243607420583285,4812751,0.0,0.0,0.0,True
2014-12-05,6.647000122070312,6.695,6.647000122070312,6.682999877929688,4.2807593677789395,4779004,0.0,0.0,0.0,True
2014-12-08,6.672000122070313,6.672000122070313,6.6159997558593755,6.619000244140625,4.239764129242129,3940608,0.0,0.0,0.0,True
2014-12-09,6.569000244140625,6.577999877929687,6.4750000000000005,6.4750000000000005,4.147525137054441,6067578,0.0,0.0,0.0,True
2014-12-10,6.497000122070313,6.510999755859375,6.448060302734375,6.45,4.1315118812753875,5164240,0.0,0.0,0.0,True
2014-12-11,6.434000244140625,6.467000122070313,6.386439819335938,6.41,4.1058902007967015,8359173,0.0,0.0,0.0,True
2014-12-12,6.365,6.385,6.245,6.247000122070313,4.001482422251629,10087649,0.0,0.0,0.0,True
2014-12-15,6.22,6.3128900146484375,6.12,6.140999755859375,3.933583358939737,10801715,0.0,0.0,0.0,True
2014-12-16,6.157000122070313,6.289000244140625,6.09739990234375,6.289000244140625,4.028385854333215,17551405,0.0,0.0,0.0,True
2014-12-17,6.202999877929687,6.315,6.192000122070312,6.285999755859375,4.026461656154851,10091958,0.0,0.0,0.0,True
2014-12-18,6.370999755859375,6.417999877929688,6.312999877929688,6.412000122070313,4.10717155970609,13340994,0.0,0.0,0.0,True
2014-12-19,6.4059997558593755,6.514000244140625,6.4059997558593755,6.5,4.163538000139984,9492377,0.0,0.0,0.0,True
2014-12-22,6.545,6.568599853515625,6.51,6.5279998779296875,4.181475061403896,6042978,0.0,0.0,0.0,True
2014-12-23,6.547999877929688,6.565999755859375,6.5279998779296875,6.532999877929687,4.1846766915565885,3217196,0.0,0.0,0.0,True
2014-12-24,6.567000122070312,6.575,6.541950073242187,6.559000244140625,4.201331608524099,2482715,0.0,0.0,0.0,True
2014-12-29,6.599000244140625,6.599000244140625,6.53,6.575,4.211581301718687,7765826,0.0,0.0,0.0,True
2014-12-30,6.554000244140625,6.554019775390625,6.4654998779296875,6.4879998779296875,4.155852988231704,3911710,0.0,0.0,0.0,True
2014-12-31,6.512999877929688,6.522000122070312,6.4879998779296875,6.519000244140625,4.175709142658399,2175531,0.0,0.0,0.0,True
2015-01-02,6.55,6.5514501953125,6.4509997558593755,6.4909997558593755,4.157772866781501,4013581,0.0,0.0,0.0,True
2015-01-05,6.479000244140625,6.517000122070312,6.345999755859375,6.357000122070312,4.071941847221269,7687480,0.0,0.0,0.0,True
2015-01-06,6.359000244140625,6.397000122070312,6.268779907226563,6.3100000000000005,4.041836392293488,8106276,0.0,0.0,0.0,True
2015-01-07,6.385,6.4007202148437505,6.3100000000000005,6.364000244140625,4.076425228976861,5170557,0.0,0.0,0.0,True
2015-01-08,6.432999877929688,6.520360107421875,6.42,6.5040002441406255,4.166102288732785,8119578,0.0,0.0,0.0,True
2015-01-09,6.482000122070312,6.510999755859375,6.412000122070313,6.440999755859375,4.125745962529893,7013870,0.0,0.0,0.0,True
2015-01-12,6.47,6.484509887695313,6.394869995117188,6.444000244140625,4.127669375321251,5869236,0.0,0.0,0.0,True
2015-01-13,6.44,6.502000122070313,6.407009887695312,6.482999877929688,4.152649394611476,6178237,0.0,0.0,0.0,True
2015-01-14,6.372000122070313,6.422999877929688,6.295,6.332000122070313,4.055928198748715,10871099,0.0,0.0,0.0,True
2015-01-15,6.409000244140625,6.4429998779296875,6.242000122070313,6.4429998779296875,4.1270284995198,10895148,0.0,0.0,0.0,True
2015-01-16,6.392999877929688,6.497999877929687,6.3870001220703125,6.49,4.157133561754078,6495408,0.0,0.0,0.0,True
2015-01-19,6.51,6.542000122070313,6.491079711914063,6.53,4.182755634926273,5831201,0.0,0.0,0.0,True
2015-01-20,6.55,6.582349853515625,6.540999755859375,6.565,4.205175292558758,5856285,0.0,0.0,0.0,True
2015-01-21,6.585,6.670999755859375,6.584539794921875,6.670999755859375,4.27307199970962,7751670,0.0,0.0,0.0,True
2015-01-22,6.687999877929688,6.75,6.670830078125,6.735,4.314069201713959,13158027,0.0,0.0,0.0,True
2015-01-23,6.7379998779296875,6.782540283203125,6.73635986328125,6.7779998779296875,4.3416099753554365,13183936,0.0,0.0,0.0,True
2015-01-26,6.7379998779296875,6.797999877929688,6.734000244140625,6.795,4.352498973577448,5525753,0.0,0.0,0.0,True
2015-01-27,6.8,6.8070001220703125,6.715180053710938,6.752000122070313,4.3249566291619495,10368707,0.0,0.0,0.0,True
2015-01-28,6.8390002441406255,6.8390002441406255,6.719000244140625,6.765999755859375,4.333923392673128,10393698,0.0,0.0,0.0,True
2015-01-29,6.717000122070313,6.759000244140625,6.692000122070312,6.755,4.326879256566288,5591225,0.0,0.0,0.0,True
2015-01-30,6.767000122070312,6.785999755859375,6.6850000000000005,6.6850000000000005,4.2820407266883285,4737952,0.0,0.0,0.0,True
2015-02-02,6.717000122070313,6.739000244140625,6.675,6.7250000000000005,4.307661621780003,8091563,0.0,0.0,0.0,True
2015-02-03,6.759000244140625,6.827999877929687,6.749000244140625,6.8100000000000005,4.362107790970594,8463136,0.0,0.0,0.0,True
2015-02-04,6.817000122070312,6.825,6.745999755859375,6.805,4.358906553511404,7198922,0.0,0.0,0.0,True
2015-02-05,6.7620001220703125,6.814000244140625,6.7513800048828125,6.809000244140625,4.361467307862649,4734596,0.0,0.0,0.0,True
2015-02-06,6.790999755859375,6.827000122070313,6.775,6.797000122070313,4.353780725180341,30360770,0.0,0.0,0.0,True
2015-02-09,6.755,6.790999755859375,6.7193103027343755,6.779000244140625,4.342251243850388,5597653,0.0,0.0,0.0,True
2015-02-10,6.785,6.787999877929687,6.734000244140625,6.7700000000000005,4.336486895878916,5273392,0.0,0.0,0.0,True
2015-02-11,6.7779998779296875,6.789000244140625,6.727999877929688,6.762999877929688,4.332002336042807,3070531,0.0,0.0,0.0,True
2015-02-12,6.764000244140625,6.807999877929688,6.764000244140625,6.782000122070313,4.344174263948234,4660730,0.0,0.0,0.0,True
2015-02-13,6.765000000000001,6.8390002441406255,6.765000000000001,6.8259997558593755,4.372356306084666,10694309,0.0,0.0,0.0,True
2015-02-16,6.815999755859375,6.829450073242188,6.806229858398438,6.814000244140625,4.36467129417638,3314826,0.0,0.0,0.0,True
2015-02-17,6.792999877929688,6.850999755859375,6.774000244140625,6.850999755859375,4.388369561863716,6359896,0.0,0.0,0.0,True
2015-02-18,6.8659997558593755,6.877000122070313,6.83,6.845999755859375,4.385167146324009,3014786,0.0,0.0,0.0,True
2015-02-19,6.832999877929687,6.867360229492188,6.822000122070313,6.852999877929688,4.389651313466611,4247530,0.0,0.0,0.0,True
2015-02-20,6.8470001220703125,6.882999877929688,6.845,6.874000244140625,4.403104600281423,3762783,0.0,0.0,0.0,True
2015-02-23,6.91,6.9190002441406255,6.849000244140625,6.872999877929687,4.402462153705952,8473631,0.0,0.0,0.0,True
2015-02-24,6.88,6.927139892578126,6.864000244140625,6.91,4.426161599473807,3928630,0.0,0.0,0.0,True
2015-02-25,6.890000000000001,6.9190002441406255,6.869000244140625,6.897000122070312,4.417836497151084,4604393,0.0,0.0,0.0,True
2015-02-26,6.885999755859375,6.915419921875,6.864000244140625,6.890999755859375,4.427344999105229,4328106,0.0208,0.0,0.0,True
2015-02-27,6.890000000000001,6.912999877929687,6.874000244140625,6.8870001220703125,4.424774606668984,3346317,0.0,0.0,0.0,True
2015-03-02,6.890000000000001,6.92,6.869359741210937,6.882000122070313,4.421561813058434,3943826,0.0,0.0,0.0,True
2015-03-03,6.902000122070312,6.9059997558593755,6.835,6.837000122070313,4.392649821519582,5898317,0.0,0.0,0.0,True
2015-03-04,6.852000122070312,6.867999877929687,6.807999877929688,6.867999877929687,4.4125666211401136,5996398,0.0,0.0,0.0,True
2015-03-05,6.877999877929688,6.925999755859375,6.8629998779296875,6.922000122070313,4.447262192595277,6327734,0.0,0.0,0.0,True
2015-03-06,6.905,6.9171600341796875,6.87,6.872999877929687,4.415779414750663,5075082,0.0,0.0,0.0,True
2015-03-09,6.845,6.852000122070312,6.819879760742188,6.834000244140626,4.390724587344227,4736800,0.0,0.0,0.0,True
2015-03-10,6.819000244140625,6.83,6.662000122070313,6.662000122070313,4.280215436713738,7324677,0.0,0.0,0.0,True
2015-03-11,6.675999755859375,6.702000122070313,6.659000244140625,6.6850000000000005,4.294993420809343,11221376,0.0,0.0,0.0,True
2015-03-12,6.712000122070313,6.769000244140625,6.71166015625,6.727999877929688,4.322620216130073,4461294,0.0,0.0,0.0,True
2015-03-13,6.745999755859375,6.745999755859375,6.682999877929688,6.712999877929688,4.31298341077647,3296288,0.0,0.0,0.0,True
2015-03-16,6.735,6.84,6.729539794921875,6.775,4.352816222278514,5309181,0.0,0.0,0.0,True
2015-03-17,6.785,6.8179998779296875,6.770999755859375,6.804000244140625,4.371448613419945,6275460,0.0,0.0,0.0,True
2015-03-18,6.8100000000000005,6.914000244140625,6.8100000000000005,6.912000122070313,4.440837393113202,6292902,0.0,0.0,0.0,True
2015-03-19,6.934000244140625,6.960999755859375,6.909000244140625,6.944000244140625,4.461396987777549,5155456,0.0,0.0,0.0,True
2015-03-20,6.95,7.01,6.939000244140625,7.002000122070313,4.498660194582374,10480986,0.0,0.0,0.0,True
2015-03-23,7.0040002441406255,7.015999755859375,6.9720001220703125,7.015999755859375,4.507654204892161,4286881,0.0,0.0,0.0,True
2015-03-24,7.005,7.045,6.9935400390625,7.0,4.497374998364249,6441165,0.0,0.0,0.0,True
2015-03-25,6.992000122070313,7.015999755859375,6.962999877929688,6.969000244140625,4.477458592613226,4929545,0.0,0.0,0.0,True
2015-03-26,6.935999755859375,6.979450073242187,6.86,6.874000244140625,4.416424179142043,8543780,0.0,0.0,0.0,True
2015-03-27,6.892000122070312,6.8942199707031255,6.820999755859376,6.837999877929688,4.3932922226938835,4340686,0.0,0.0,0.0,True
2015-03-30,6.88,6.897000122070312,6.845999755859375,6.877999877929688,4.418992602230727,6610813,0.0,0.0,0.0,True
2015-03-31,6.865,6.892999877929688,6.749600219726562,6.757000122070313,4.341251819532485,6157848,0.0,0.0,0.0,True
2015-04-01,6.759000244140625,6.842999877929688,6.751259765625,6.79,4.362453815371139,4697916,0.0,0.0,0.0,True
2015-04-02,6.782999877929687,6.835999755859375,6.782999877929687,6.825,4.384941007427916,5205104,0.0,0.0,0.0,True
2015-04-07,6.860999755859375,6.952999877929687,6.860999755859375,6.945999755859376,4.462679820778601,7182604,0.0,0.0,0.0,True
2015-04-08,6.99,6.997999877929687,6.9190002441406255,6.924000244140625,4.4485462072048625,6810464,0.0,0.0,0.0,True
2015-04-09,6.962000122070313,7.007999877929688,6.945,7.005999755859375,4.501229011540569,5206839,0.0,0.0,0.0,True
2015-04-10,7.0200000000000005,7.095,7.015239868164063,7.087999877929688,4.553913785223838,9745108,0.0,0.0,0.0,True
2015-04-13,7.074000244140625,7.077999877929687,7.04,7.059000244140625,4.535281787951913,3859810,0.0,0.0,0.0,True
2015-04-14,7.045,7.082000122070313,7.04,7.0679998779296875,4.541063792390171,4686725,0.0,0.0,0.0,True
2015-04-15,7.064000244140625,7.1056298828125,7.052319946289063,7.094000244140625,4.557769767747717,4080323,0.0,0.0,0.0,True
2015-04-16,7.110999755859375,7.110999755859375,7.055999755859375,7.055999755859375,4.533352615081439,3361608,0.0,0.0,0.0,True
2015-04-17,7.060999755859375,7.097999877929688,6.960999755859375,6.989000244140625,4.490307009968846,4559755,0.0,0.0,0.0,True
2015-04-20,7.009000244140625,7.0600000000000005,7.009000244140625,7.047000122070313,4.52757100451269,6050306,0.0,0.0,0.0,True
2015-04-21,7.064000244140625,7.095999755859375,7.024000244140625,7.055999755859375,4.533352615081439,5551055,0.0,0.0,0.0,True
2015-04-22,7.0759997558593755,7.085,6.989000244140625,7.022000122070312,4.511509399677011,4075917,0.0,0.0,0.0,True
2015-04-23,7.04,7.06135986328125,6.997999877929687,7.0570001220703125,4.533996197864277,7507978,0.0,0.0,0.0,True
2015-04-24,7.072999877929687,7.107999877929688,7.059000244140625,7.077999877929687,4.547488198002735,4715189,0.0,0.0,0.0,True
2015-04-27,7.107999877929688,7.13,7.03,7.109000244140625,4.567405391492781,5031609,0.0,0.0,0.0,True
2015-04-28,7.072999877929687,7.092999877929688,6.992999877929687,7.040999755859375,4.523717779075398,5248093,0.0,0.0,0.0,True
2015-04-29,7.057999877929688,7.0675598144531255,6.95,6.9509997558593755,4.465893008258661,6485527,0.0,0.0,0.0,True
2015-04-30,6.945,6.976749877929688,6.912000122070313,6.970999755859375,4.478742607222816,7342189,0.0,0.0,0.0,True
2015-05-01,6.96,7.00031005859375,6.925999755859375,6.992000122070313,4.492235001230784,3115974,0.0,0.0,0.0,True
2015-05-05,7.042999877929688,7.05823974609375,6.934000244140625,6.934000244140625,4.454973369904014,6289179,0.0,0.0,0.0,True
2015-05-06,6.935999755859375,6.982999877929688,6.922000122070313,6.945,4.46203860121283,6321354,0.0,0.0,0.0,True
2015-05-07,6.927000122070313,6.927000122070313,6.822449951171875,6.907999877929687,4.438268576155003,10795340,0.0,0.0,0.0,True
2015-05-08,7.037000122070313,7.07,7.000499877929688,7.07,4.542348988608294,12259105,0.0,0.0,0.0,True
2015-05-11,7.070999755859376,7.105999755859375,7.04594970703125,7.052000122070313,4.530785373601291,6982349,0.0,0.0,0.0,True
2015-05-12,7.032000122070313,7.032000122070313,6.915,6.969000244140625,4.477458592613226,12091705,0.0,0.0,0.0,True
2015-05-13,7.0,7.034000244140625,6.962999877929688,6.994000244140625,4.49352098518793,7596009,0.0,0.0,0.0,True
2015-05-14,6.979000244140625,7.027000122070312,6.939000244140625,7.0200000000000005,4.5102238095893785,5663236,0.0,0.0,0.0,True
2015-05-15,7.04,7.04926025390625,6.972999877929688,7.000999755859375,4.498016611799532,5223862,0.0,0.0,0.0,True
2015-05-18,6.997000122070313,7.054000244140625,6.969000244140625,7.002000122070313,4.498660194582374,5980658,0.0,0.0,0.0,True
2015-05-19,7.0200000000000005,7.055,7.013779907226563,7.042999877929688,4.5250021875544935,10368240,0.0,0.0,0.0,True
2015-05-20,7.05,7.072999877929687,7.0120001220703125,7.057999877929688,4.5346389929081,3808701,0.0,0.0,0.0,True
2015-05-21,7.050999755859375,7.082999877929687,7.050999755859375,7.074000244140625,4.544920168783567,3534418,0.0,0.0,0.0,True
2015-05-22,7.09,7.119000244140625,7.080999755859375,7.085999755859375,4.552628195136198,4367365,0.0,0.0,0.0,True
2015-05-26,7.090999755859375,7.094000244140625,6.980999755859375,7.010999755859375,4.504441805151117,6164260,0.0,0.0,0.0,True
2015-05-27,7.000999755859375,7.0970001220703125,7.000999755859375,7.074000244140625,4.544920168783567,7306368,0.0,0.0,0.0,True
2015-05-28,6.977999877929688,7.087630004882812,6.957000122070313,6.989000244140625,4.551171599005945,4733954,0.0946,0.0,0.0,True
2015-05-29,6.987000122070313,7.012999877929688,6.917000122070313,6.932999877929688,4.514706408399477,5618255,0.0,0.0,0.0,True
2015-06-01,6.952000122070313,6.9879998779296875,6.890999755859375,6.904000244140625,4.495821194914164,5564772,0.0,0.0,0.0,True
2015-06-02,6.92,6.943400268554687,6.82489013671875,6.875,4.476936380583708,7587181,0.0,0.0,0.0,True
2015-06-03,6.882000122070313,6.939000244140625,6.854000244140625,6.907000122070313,4.497775057911873,6051342,0.0,0.0,0.0,True
2015-06-04,6.870999755859375,6.875,6.799000244140625,6.820999755859376,4.441772833947726,8425724,0.0,0.0,0.0,True
2015-06-05,6.797000122070313,6.803699951171875,6.746719970703126,6.769000244140625,4.407909334662819,6485666,0.0,0.0,0.0,True
2015-06-08,6.762999877929688,6.795999755859375,6.7409997558593755,6.742999877929687,4.390979979949475,6151846,0.0,0.0,0.0,True
2015-06-09,6.747999877929687,6.76,6.691799926757812,6.707999877929687,4.368187439623599,5805278,0.0,0.0,0.0,True
2015-06-10,6.690999755859375,6.799000244140625,6.687999877929688,6.787999877929687,4.420282336747184,8038266,0.0,0.0,0.0,True
2015-06-11,6.772999877929688,6.830999755859375,6.7691497802734375,6.812000122070312,4.435910446644895,3212187,0.0,0.0,0.0,True
2015-06-12,6.779000244140625,6.799000244140625,6.729000244140625,6.747000122070313,4.393584465354999,6732052,0.0,0.0,0.0,True
2015-06-15,6.7140002441406255,6.733319702148438,6.68,6.687000122070312,4.3545119952590445,7453607,0.0,0.0,0.0,True
2015-06-16,6.672000122070313,6.702000122070313,6.635,6.684000244140625,4.352558531416187,7163276,0.0,0.0,0.0,True
2015-06-17,6.689000244140625,6.705,6.642579956054687,6.655,4.333674914550286,5776833,0.0,0.0,0.0,True
2015-06-18,6.642999877929688,6.692000122070312,6.606209716796875,6.684000244140625,4.352558531416187,6639596,0.0,0.0,0.0,True
2015-06-19,6.672000122070313,6.744000244140625,6.66875,6.702000122070313,4.364280112783037,7506788,0.0,0.0,0.0,True
2015-06-22,6.769000244140625,6.810999755859375,6.7084899902343755,6.807999877929688,4.433304364619964,5999931,0.0,0.0,0.0,True
2015-06-23,6.817000122070312,6.8390002441406255,6.806099853515625,6.822000122070313,4.442423456355541,4667473,0.0,0.0,0.0,True
2015-06-24,6.822000122070313,6.855999755859375,6.815150146484375,6.825,4.4443769201983985,6035938,0.0,0.0,0.0,True
2015-06-25,6.805999755859375,6.8500000000000005,6.784000244140625,6.795999755859375,4.425490908403385,4837110,0.0,0.0,0.0,True
2015-06-26,6.769000244140625,6.779000244140625,6.71864990234375,6.742999877929687,4.390979979949475,5466393,0.0,0.0,0.0,True
2015-06-29,6.582999877929687,6.680999755859375,6.582999877929687,6.610999755859375,4.305022381850689,9711208,0.0,0.0,0.0,True
2015-06-30,6.57,6.594879760742188,6.507000122070313,6.507000122070313,4.237298576519691,9712333,0.0,0.0,0.0,True
2015-07-01,6.565999755859375,6.63,6.542000122070313,6.600999755859375,4.29851096875945,13262580,0.0,0.0,0.0,True
2015-07-02,6.595,6.640000000000001,6.5890002441406255,6.620999755859375,4.311532996632228,6217670,0.0,0.0,0.0,True
2015-07-03,6.6159997558593755,6.622000122070313,6.565999755859375,6.58,4.284835125240043,7930036,0.0,0.0,0.0,True
2015-07-06,6.505,6.564000244140625,6.48427978515625,6.522999877929688,4.247718513916051,7610544,0.0,0.0,0.0,True
2015-07-07,6.545,6.545,6.422999877929688,6.425,4.183900039651363,6226067,0.0,0.0,0.0,True
2015-07-08,6.437000122070312,6.507999877929688,6.425999755859375,6.485,4.222972509747318,6368205,0.0,0.0,0.0,True
2015-07-09,6.502999877929688,6.585999755859375,6.494000244140625,6.569000244140625,4.277671493121581,5315977,0.0,0.0,0.0,True
2015-07-10,6.664000244140625,6.68,6.624000244140625,6.667999877929688,4.342139392329532,5448005,0.0,0.0,0.0,True
2015-07-13,6.730999755859375,6.736500244140625,6.697520141601562,6.729000244140625,4.381863283143005,3857509,0.0,0.0,0.0,True
2015-07-14,6.7250000000000005,6.75,6.702999877929687,6.75,4.395536731733304,2802200,0.0,0.0,0.0,True
2015-07-15,6.744000244140625,6.769000244140625,6.722869873046875,6.74,4.389024919487213,2992521,0.0,0.0,0.0,True
2015-07-16,6.767999877929688,6.797119750976563,6.7447998046875,6.785999755859375,4.418979495312144,5103105,0.0,0.0,0.0,True
2015-07-17,6.785999755859375,6.795,6.741160278320312,6.769000244140625,4.407909334662819,4773519,0.0,0.0,0.0,True
2015-07-20,6.770999755859375,6.804000244140625,6.762999877929688,6.7809997558593755,4.415724786653656,3590046,0.0,0.0,0.0,True
2015-07-21,6.785,6.790999755859375,6.749000244140625,6.757000122070313,4.40009508013654,3131192,0.0,0.0,0.0,True
2015-07-22,6.7,6.717999877929688,6.644000244140625,6.66,4.336930022363626,5641203,0.0,0.0,0.0,True
2015-07-23,6.7,6.705,6.635750122070313,6.647999877929688,4.329116965301901,5246970,0.0,0.0,0.0,True
2015-07-24,6.647000122070312,6.675,6.564650268554687,6.5679998779296875,4.277021269868613,9578704,0.0,0.0,0.0,True
2015-07-27,6.557999877929688,6.582219848632812,6.469000244140625,6.500999755859375,4.233390451369424,4731743,0.0,0.0,0.0,True
2015-07-28,6.5309997558593755,6.5646301269531255,6.515999755859375,6.554000244140625,4.267903375597588,5359334,0.0,0.0,0.0,True
2015-07-29,6.590999755859375,6.630150146484375,6.57,6.625999755859375,4.314789701064973,6075961,0.0,0.0,0.0,True
2015-07-30,6.6559997558593755,6.692000122070312,6.627000122070313,6.665999755859375,4.340835752584788,3482494,0.0,0.0,0.0,True
2015-07-31,6.684000244140625,6.7010400390625,6.642999877929688,6.687000122070312,4.3545119952590445,3212746,0.0,0.0,0.0,True
2015-08-03,6.6820001220703125,6.702999877929687,6.66,6.682999877929688,4.351907110698668,3116933,0.0,0.0,0.0,True
2015-08-04,6.667000122070313,6.709000244140626,6.6370001220703125,6.682999877929688,4.351907110698668,4045073,0.0,0.0,0.0,True
2015-08-05,6.692000122070312,6.759000244140625,6.682999877929688,6.745,4.39228082561026,6181207,0.0,0.0,0.0,True
2015-08-06,6.7250000000000005,6.765000000000001,6.719000244140625,6.750999755859375,4.396188152450823,3636258,0.0,0.0,0.0,True
2015-08-07,6.742000122070313,6.757000122070313,6.717999877929688,6.717999877929688,4.374699251869693,2121301,0.0,0.0,0.0,True
2015-08-10,6.7540002441406255,6.760339965820313,6.6543798828125,6.742999877929687,4.390979979949475,4619076,0.0,0.0,0.0,True
2015-08-11,6.712999877929688,6.72,6.660999755859375,6.660999755859375,4.3375806447714425,6514299,0.0,0.0,0.0,True
2015-08-12,6.61,6.616699829101563,6.54,6.577000122070313,4.282880863087481,7541002,0.0,0.0,0.0,True
2015-08-13,6.659000244140625,6.672000122070313,6.5931298828125,6.607999877929688,4.3030685188529825,6519076,0.0,0.0,0.0,True
2015-08-14,6.605999755859375,6.640000000000001,6.582999877929687,6.590999755859375,4.291997559893952,2426047,0.0,0.0,0.0,True
2015-08-17,6.625,6.625,6.545999755859375,6.59,4.291346538331284,3002079,0.0,0.0,0.0,True
2015-08-18,6.5890002441406255,6.602000122070312,6.5440002441406255,6.5600000000000005,4.2718118999027075,6387256,0.0,0.0,0.0,True
2015-08-19,6.542000122070313,6.5440002441406255,6.437000122070312,6.437000122070312,4.191717487416454,5469024,0.0,0.0,0.0,True
2015-08-20,6.404000244140625,6.4509997558593755,6.401680297851563,6.412000122070313,4.1754351627172674,7048277,0.0,0.0,0.0,True
2015-08-21,6.3259997558593755,6.391400146484375,6.230999755859375,6.230999755859375,4.057569524950687,15374021,0.0,0.0,0.0,True
2015-08-24,6.075,6.228499755859375,5.812000122070312,5.9320001220703125,3.8628621875820905,28291625,0.0,0.0,0.0,True
2015-08-25,6.005999755859375,6.157999877929687,6.002999877929688,6.125,3.988543277339501,14584637,0.0,0.0,0.0,True
2015-08-26,6.055999755859375,6.135999755859375,5.989000244140625,6.014000244140625,3.9162619219149746,8842513,0.0,0.0,0.0,True
2015-08-27,6.124000244140625,6.202999877929687,6.064000244140625,6.190999755859375,4.066684941599133,11001602,0.052000003,0.0,0.0,True
2015-08-28,6.199000244140625,6.245999755859375,6.142000122070312,6.24,4.098871723270643,7276674,0.0,0.0,0.0,True
2015-09-01,6.2,6.2,6.015999755859375,6.04,3.9674972192322406,7006031,0.0,0.0,0.0,True
2015-09-02,6.062000122070312,6.150999755859375,6.008389892578125,6.07,3.987203757179348,9567439,0.0,0.0,0.0,True
2015-09-03,6.140000000000001,6.207999877929687,6.135050048828125,6.187999877929688,4.064714207284123,5660678,0.0,0.0,0.0,True
2015-09-04,6.134000244140625,6.134000244140625,6.032000122070313,6.035999755859375,3.964869036676901,9599230,0.0,0.0,0.0,True
2015-09-07,6.09,6.117000122070313,6.051630249023438,6.067000122070312,3.9852338280673227,3446425,0.0,0.0,0.0,True
2015-09-08,6.095,6.187630004882813,6.095,6.137999877929688,4.0318707825752655,3962353,0.0,0.0,0.0,True
2015-09-09,6.255,6.28,6.161900024414063,6.2250000000000005,4.089018856898585,8056495,0.0,0.0,0.0,True
2015-09-10,6.165999755859375,6.253499755859375,6.122999877929687,6.157000122070313,4.044352636705652,3335541,0.0,0.0,0.0,True
2015-09-11,6.164000244140625,6.167999877929688,6.108920288085938,6.1159997558593755,4.017420207137342,3482450,0.0,0.0,0.0,True
2015-09-14,6.140000000000001,6.187999877929688,6.062000122070312,6.084000244140626,3.996399980514064,5550782,0.0,0.0,0.0,True
2015-09-15,6.082999877929687,6.155,6.015000000000001,6.135,4.029900048260259,4102053,0.0,0.0,0.0,True
2015-09-16,6.172999877929688,6.2409997558593755,6.165,6.222999877929688,4.087703557816431,5379030,0.0,0.0,0.0,True
2015-09-17,6.232000122070312,6.233400268554687,6.177999877929688,6.180999755859375,4.0601160956167615,3810498,0.0,0.0,0.0,True
2015-09-18,6.164000244140625,6.179439697265625,6.062919921875,6.102999877929688,4.008879821636978,7533741,0.0,0.0,0.0,True
2015-09-21,6.082999877929687,6.165,6.0759997558593755,6.102999877929688,4.008879821636978,5301269,0.0,0.0,0.0,True
2015-09-22,6.104000244140625,6.104000244140625,5.9350000000000005,5.9350000000000005,3.898525946823347,9766374,0.0,0.0,0.0,True
2015-09-23,5.9429998779296875,6.062999877929688,5.92969970703125,6.0279998779296875,3.9596154897766893,8919269,0.0,0.0,0.0,True
2015-09-24,6.017000122070312,6.052999877929688,5.945,5.955999755859375,3.9123194766224367,3870163,0.0,0.0,0.0,True
2015-09-25,6.050999755859375,6.119000244140625,6.04,6.109000244140625,4.012821692868492,5396223,0.0,0.0,0.0,True
2015-09-28,6.085,6.099000244140625,5.957000122070313,5.957000122070313,3.91297813266725,5083092,0.0,0.0,0.0,True
2015-09-29,5.8950000000000005,6.032899780273437,5.877000122070313,5.907000122070313,3.8801326949509227,3560807,0.0,0.0,0.0,True
2015-09-30,6.007000122070313,6.069000244140625,5.999000244140625,6.069000244140625,3.986547114142005,5229768,0.0,0.0,0.0,True
2015-10-01,6.139000244140625,6.17,6.052000122070313,6.072000122070313,3.988517445855518,6343386,0.0,0.0,0.0,True
2015-10-02,6.104000244140625,6.174000244140625,6.049000244140625,6.124000244140625,4.022674156639055,4756708,0.0,0.0,0.0,True
2015-10-05,6.239000244140625,6.29697998046875,6.212999877929688,6.292999877929688,4.133685479693011,4023266,0.0,0.0,0.0,True
2015-10-06,6.3,6.3390002441406255,6.252000122070313,6.325,4.154705706316289,3956335,0.0,0.0,0.0,True
2015-10-07,6.352000122070312,6.3922802734375,6.315,6.332000122070313,4.159303817983652,6401285,0.0,0.0,0.0,True
2015-10-08,6.327000122070313,6.3790002441406255,6.300999755859375,6.375999755859375,4.188205371460989,3602010,0.0,0.0,0.0,True
2015-10-09,6.420999755859375,6.451259765625,6.352999877929688,6.412999877929687,4.212510423676949,2648494,0.0,0.0,0.0,True
2015-10-12,6.404000244140625,6.406619873046875,6.347999877929688,6.372999877929687,4.186235039747474,2039497,0.0,0.0,0.0,True
2015-10-13,6.377999877929688,6.377999877929688,6.299000244140625,6.3390002441406255,4.16390192965101,4215764,0.0,0.0,0.0,True
2015-10-14,6.295999755859375,6.312000122070312,5.959000244140625,6.265000000000001,4.115293838226563,3837386,0.0,0.0,0.0,True
2015-10-15,6.315,6.345200195312501,6.297000122070313,6.332999877929687,4.159961266223979,2833811,0.0,0.0,0.0,True
2015-10-16,6.359000244140625,6.3950000000000005,6.352999877929688,6.38,4.19083355401633,3385460,0.0,0.0,0.0,True
2015-10-19,6.367999877929687,6.405,6.332000122070313,6.345999755859375,4.168499638716875,4414133,0.0,0.0,0.0,True
2015-10-20,6.3500000000000005,6.3629998779296875,6.315,6.345999755859375,4.168499638716875,3830006,0.0,0.0,0.0,True
2015-10-21,6.355,6.380999755859375,6.310999755859375,6.340999755859375,4.165216423530173,5706599,0.0,0.0,0.0,True
2015-10-22,6.327000122070313,6.3825,6.322000122070313,6.374000244140625,4.186893695792289,5876189,0.0,0.0,0.0,True
2015-10-23,6.405,6.480999755859375,6.399000244140625,6.434000244140625,4.226304356077532,9437525,0.0,0.0,0.0,True
2015-10-26,6.422999877929688,6.447999877929687,6.399979858398438,6.414000244140625,4.213167871917279,3403611,0.0,0.0,0.0,True
2015-10-27,6.4029998779296875,6.407000122070313,6.354500122070313,6.357000122070312,4.1757267381425605,3106950,0.0,0.0,0.0,True
2015-10-28,6.355999755859375,6.439000244140625,6.3500000000000005,6.427999877929688,4.2223632900490085,4250830,0.0,0.0,0.0,True
2015-10-29,6.41,6.414000244140625,6.352000122070312,6.387999877929688,4.196088711322524,5895000,0.0,0.0,0.0,True
2015-10-30,6.389000244140625,6.4029998779296875,6.328499755859375,6.355999755859375,4.175069692503728,2874402,0.0,0.0,0.0,True
2015-11-02,6.307999877929688,6.37427978515625,6.306500244140625,6.357000122070312,4.1757267381425605,3155866,0.0,0.0,0.0,True
2015-11-03,6.370999755859375,6.379500122070312,6.342000122070313,6.377999877929688,4.189519865340157,4256146,0.0,0.0,0.0,True
2015-11-04,6.4,6.451060180664062,6.397999877929688,6.399000244140625,4.203315005545225,4329743,0.0,0.0,0.0,True
2015-11-05,6.410999755859375,6.416129760742187,6.352000122070312,6.355,4.174411036458917,4192119,0.0,0.0,0.0,True
2015-11-06,6.367999877929687,6.389000244140625,6.3259997558593755,6.3500000000000005,4.171127418670719,3643657,0.0,0.0,0.0,True
2015-11-09,6.36,6.375999755859375,6.282999877929687,6.282999877929687,4.127117841515124,9012938,0.0,0.0,0.0,True
2015-11-10,6.322000122070313,6.322000122070313,6.245499877929688,6.274000244140625,4.121204833367108,6099598,0.0,0.0,0.0,True
2015-11-11,6.287999877929687,6.322000122070313,6.267000122070312,6.292000122070313,4.133029641858662,3072272,0.0,0.0,0.0,True
2015-11-12,6.287999877929687,6.307999877929688,6.189000244140625,6.189000244140625,4.06537085032146,8538741,0.0,0.0,0.0,True
2015-11-13,6.172999877929688,6.175,6.103800048828125,6.1370001220703125,4.031213736936431,4973854,0.0,0.0,0.0,True
2015-11-16,6.085999755859375,6.175999755859375,6.085999755859375,6.165,4.049606586207361,4192414,0.0,0.0,0.0,True
2015-11-17,6.2379998779296875,6.29,6.225999755859375,6.29,4.131715147979496,4017121,0.0,0.0,0.0,True
2015-11-18,6.257999877929688,6.304000244140625,6.245999755859375,6.302000122070313,4.139598487841029,4916791,0.0,0.0,0.0,True
2015-11-19,6.352000122070312,6.393200073242188,6.335,6.355,4.174411036458917,6660072,0.0,0.0,0.0,True
2015-11-20,6.384000244140625,6.384000244140625,6.3390002441406255,6.357000122070312,4.1757267381425605,3422311,0.0,0.0,0.0,True
2015-11-23,6.314000244140625,6.3500000000000005,6.29,6.329000244140625,4.157333888871629,2801054,0.0,0.0,0.0,True
2015-11-24,6.304000244140625,6.336790161132813,6.245,6.297000122070313,4.136314467451338,5289434,0.0,0.0,0.0,True
2015-11-25,6.330999755859375,6.36719970703125,6.312000122070312,6.350999755859375,4.171784464309553,4636983,0.0,0.0,0.0,True
2015-11-26,6.36,6.437999877929688,6.357999877929688,6.415999755859375,4.214480755390464,4349120,0.0,0.0,0.0,True
2015-11-27,6.382000122070313,6.412100219726563,6.367000122070313,6.3950000000000005,4.200686822989883,3420548,0.0,0.0,0.0,True
2015-11-30,6.382999877929688,6.412000122070313,6.352899780273438,6.384000244140625,4.193461333970174,7870574,0.0,0.0,0.0,True
2015-12-01,6.422999877929688,6.4320001220703125,6.392999877929688,6.422000122070313,4.218422224020483,4576350,0.0,0.0,0.0,True
2015-12-02,6.4509997558593755,6.474600219726563,6.42989990234375,6.447999877929687,4.235499774209262,5472860,0.0,0.0,0.0,True
2015-12-03,6.444000244140625,6.492000122070313,6.302999877929688,6.302999877929688,4.140253117870897,10464592,0.0,0.0,0.0,True
2015-12-04,6.282000122070313,6.309110107421875,6.249000244140625,6.265999755859375,4.115950078662411,5230719,0.0,0.0,0.0,True
2015-12-07,6.287999877929687,6.315999755859375,6.242000122070313,6.255,4.108724992244195,4733190,0.0,0.0,0.0,True
2015-12-08,6.25,6.25,6.15,6.160999755859375,4.046977195847544,14852671,0.0,0.0,0.0,True
2015-12-09,6.195,6.227360229492188,6.130999755859375,6.155,4.043038545427981,7060819,0.0,0.0,0.0,True
2015-12-10,6.045999755859375,6.072000122070313,6.025999755859375,6.035999755859375,4.021385791074128,6565683,0.08650000000000001,0.0,0.0,True
2015-12-11,6.0200000000000005,6.027000122070312,5.897999877929688,5.900999755859375,3.9314439330512467,8778391,0.0,0.0,0.0,True
2015-12-14,5.930999755859375,5.960999755859375,5.824199829101563,5.825,3.8808103247905863,9451378,0.0,0.0,0.0,True
2015-12-15,5.877999877929688,5.987000122070313,5.868800048828125,5.970999755859375,3.978080452026074,7844995,0.0,0.0,0.0,True
2015-12-16,5.979000244140625,6.042000122070313,5.9750000000000005,6.012999877929688,4.006063343289856,4760190,0.0,0.0,0.0,True
2015-12-17,6.107999877929688,6.112000122070313,5.926790161132812,6.052999877929688,4.032712782704045,5198540,0.0,0.0,0.0,True
2015-12-18,6.015000000000001,6.059539794921875,5.997000122070313,5.997000122070313,3.9954043024333448,7231930,0.0,0.0,0.0,True
2015-12-21,5.989000244140625,6.062999877929688,5.974609985351563,5.977000122070312,3.982078357877646,4144506,0.0,0.0,0.0,True
2015-12-22,6.022999877929688,6.037000122070313,5.980999755859375,6.034000244140625,4.020053972356007,4821972,0.0,0.0,0.0,True
2015-12-23,6.087000122070313,6.194000244140625,6.087000122070313,6.1850000000000005,4.1206544629525315,4054648,0.0,0.0,0.0,True
2015-12-24,6.202000122070313,6.235999755859375,6.021849975585938,6.235999755859375,4.154631763296459,1160454,0.0,0.0,0.0,True
2015-12-29,6.189000244140625,6.265000000000001,5.97,6.265000000000001,4.1739529334980405,4711073,0.0,0.0,0.0,True
2015-12-30,6.247999877929687,6.28,6.209000244140626,6.222999877929688,4.145972083648602,5842641,0.0,0.0,0.0,True
2015-12-31,6.209000244140626,6.215999755859375,6.162000122070313,6.162000122070313,4.105331606885391,1153212,0.0,0.0,0.0,True
2016-01-04,6.092000122070313,6.127999877929688,6.014000244140625,6.042000122070313,4.025383696925701,5062900,0.0,0.0,0.0,True
2016-01-05,6.0970001220703125,6.114000244140625,5.9,6.082000122070313,4.05203231977415,3016624,0.0,0.0,0.0,True
2016-01-06,6.062000122070312,6.0664001464843755,5.96530029296875,6.024000244140625,4.013391204219594,3412517,0.0,0.0,0.0,True
2016-01-07,5.9059997558593755,5.929000244140625,5.84,5.9059997558593755,3.9347751129780217,8709605,0.0,0.0,0.0,True
2016-01-08,5.917999877929687,5.965,5.855999755859375,5.855999755859375,3.9014633137102863,4802089,0.0,0.0,0.0,True
2016-01-11,5.857999877929688,5.895469970703125,5.822999877929687,5.822999877929687,3.8794776895067273,4441968,0.0,0.0,0.0,True
2016-01-12,5.822000122070313,5.93801025390625,5.8183398437500005,5.882000122070313,3.9187867558346885,5550496,0.0,0.0,0.0,True
2016-01-13,5.917999877929687,5.962999877929688,5.89,5.915999755859375,3.9414374728315664,5206561,0.0,0.0,0.0,True
2016-01-14,5.8500000000000005,5.9,5.782000122070313,5.875,3.914123757189793,8513150,0.0,0.0,0.0,True
2016-01-15,5.855999755859375,5.8830499267578125,5.717999877929688,5.745999755859375,3.828178580169881,8318568,0.0,0.0,0.0,True
2016-01-18,5.739000244140625,5.800260009765625,5.714199829101562,5.73,3.817519539313368,9769235,0.0,0.0,0.0,True
2016-01-19,5.815,5.865440063476562,5.799000244140625,5.829000244140625,3.8834768202069063,14516490,0.0,0.0,0.0,True
2016-01-20,5.712999877929688,5.722999877929688,5.593800048828125,5.63,3.750895940777899,10545955,0.0,0.0,0.0,True
2016-01-21,5.659000244140625,5.738259887695313,5.615,5.730999755859375,3.818185448672425,9359917,0.0,0.0,0.0,True
2016-01-22,5.832000122070313,5.884000244140625,5.585,5.8500000000000005,3.8974666327073244,12120550,0.0,0.0,0.0,True
2016-01-25,5.890999755859375,5.895999755859375,5.807999877929688,5.835,3.8874735012098722,19346591,0.0,0.0,0.0,True
2016-01-26,5.7540002441406255,5.875999755859375,5.727999877929688,5.8659997558593755,3.9081281232610454,4745282,0.0,0.0,0.0,True
2016-01-27,5.864000244140625,5.952000122070313,5.827000122070313,5.952000122070313,3.9654232748095195,8630738,0.0,0.0,0.0,True
2016-01-28,5.925,5.977000122070312,5.785709838867188,5.882999877929688,3.919452256910882,7396683,0.0,0.0,0.0,True
2016-01-29,5.9720001220703125,6.040999755859375,5.63,6.040999755859375,4.024718195849509,6892308,0.0,0.0,0.0,True
2016-02-01,6.0600000000000005,6.06260009765625,5.947999877929687,6.022000122070312,4.01205775237,6603920,0.0,0.0,0.0,True
2016-02-02,5.98,5.985999755859375,5.842999877929688,5.88,3.9174533039850936,11493371,0.0,0.0,0.0,True
2016-02-03,5.860999755859375,5.877999877929688,5.749400024414062,5.795,3.8608236535128153,7266073,0.0,0.0,0.0,True
2016-02-04,5.8950000000000005,5.9,5.79,5.855999755859375,3.9014633137102863,9444411,0.0,0.0,0.0,True
2016-02-05,5.857999877929688,5.904000244140625,5.79781982421875,5.812999877929688,3.8728153296531826,6467385,0.0,0.0,0.0,True
2016-02-08,5.837000122070313,5.842000122070313,5.626199951171875,5.647000122070312,3.76222129927634,8750758,0.0,0.0,0.0,True
2016-02-09,5.670999755859375,5.7,5.557999877929688,5.595,3.7275784978562236,19230177,0.0,0.0,0.0,True
2016-02-10,5.639000244140625,5.674000244140625,5.577999877929687,5.6290002441406255,3.7502292148531033,13404057,0.0,0.0,0.0,True
2016-02-11,5.575,5.579099731445313,5.461099853515625,5.494000244140625,3.6602877651130887,13633119,0.0,0.0,0.0,True
2016-02-12,5.555999755859375,5.674000244140625,5.54802001953125,5.674000244140625,3.7802102424769326,12246097,0.0,0.0,0.0,True
2016-02-15,5.764000244140625,5.805999755859375,5.75,5.7809997558593755,3.8514964313744238,7990011,0.0,0.0,0.0,True
2016-02-16,5.834000244140625,5.8410797119140625,5.774000244140625,5.8259997558593755,3.8814774589982513,8235129,0.0,0.0,0.0,True
2016-02-17,5.835,5.977999877929688,5.835,5.977999877929688,3.9827442672367033,14787082,0.0,0.0,0.0,True
2016-02-18,6.002000122070313,6.002000122070313,5.917000122070313,5.940999755859375,3.958092555899696,17734050,0.0,0.0,0.0,True
2016-02-19,5.937000122070312,5.967999877929688,5.884000244140625,5.915,3.940773604886853,4474506,0.0,0.0,0.0,True
2016-02-22,5.967999877929688,6.0328002929687505,5.942169799804687,6.002999877929688,3.9994018000020466,7520103,0.0,0.0,0.0,True
2016-02-23,5.962999877929688,6.002999877929688,5.922999877929688,5.930999755859375,3.9514306043290186,5986908,0.0,0.0,0.0,True
2016-02-24,5.922000122070313,5.925999755859375,5.824000244140625,5.842000122070313,3.8921360915718943,18372188,0.0,0.0,0.0,True
2016-02-25,5.925999755859375,6.002999877929688,5.922999877929688,5.985,3.987406857598727,12009499,0.0,0.0,0.0,True
2016-02-26,6.040999755859375,6.087999877929688,6.032000122070313,6.067000122070312,4.042040413125306,10664612,0.0,0.0,0.0,True
2016-02-29,6.022999877929688,6.092999877929688,6.007000122070313,6.079000244140625,4.050034591696971,13089004,0.0,0.0,0.0,True
2016-03-01,6.065,6.131259765625,6.0570001220703125,6.122999877929687,4.079348485113132,17969664,0.0,0.0,0.0,True
2016-03-02,6.154000244140625,6.164000244140625,6.0679998779296875,6.1159997558593755,4.074684669902502,7016975,0.0,0.0,0.0,True
2016-03-03,6.125999755859375,6.155,6.090999755859375,6.117000122070313,4.075351804110168,3255849,0.0,0.0,0.0,True
2016-03-04,6.144000244140625,6.187999877929688,6.132739868164062,6.184000244140625,4.119989370159209,4314382,0.0,0.0,0.0,True
2016-03-07,6.154000244140625,6.193839721679687,6.110999755859375,6.160999755859375,4.104664880960595,3089860,0.0,0.0,0.0,True
2016-03-08,6.1159997558593755,6.1559997558593755,6.084000244140626,6.104000244140625,4.066690083047968,4946994,0.0,0.0,0.0,True
2016-03-09,6.119000244140625,6.157000122070313,6.0998602294921875,6.127000122070313,4.082012122549372,5428628,0.0,0.0,0.0,True
2016-03-10,6.085,6.137999877929688,5.97,5.97,4.00868730791519,7893045,0.0478,0.0,0.0,True
2016-03-11,6.057999877929688,6.08280029296875,6.049000244140625,6.077000122070313,4.080536211132808,3365514,0.0,0.0,0.0,True
2016-03-14,6.085999755859375,6.13281982421875,6.077000122070313,6.109000244140625,4.1020222915543005,4284423,0.0,0.0,0.0,True
2016-03-15,6.079000244140625,6.109000244140625,6.050999755859375,6.075,4.07919279106394,16573167,0.0,0.0,0.0,True
2016-03-16,6.095999755859375,6.122000122070313,6.070159912109375,6.1129998779296875,4.104709543153003,3681024,0.0,0.0,0.0,True
2016-03-17,6.165999755859375,6.17,6.074000244140625,6.150999755859375,4.130223826476245,5386371,0.0,0.0,0.0,True
2016-03-18,6.149000244140625,6.182639770507812,6.1289300537109375,6.132000122070313,4.117466890545109,6786312,0.0,0.0,0.0,True
2016-03-21,6.110999755859375,6.162999877929687,6.1000000000000005,6.139000244140625,4.122166186289839,4921713,0.0,0.0,0.0,True
2016-03-22,6.105999755859375,6.140999755859375,6.059000244140625,6.140999755859375,4.123511252202586,4787720,0.0,0.0,0.0,True
2016-03-23,6.139000244140625,6.165,6.119000244140625,6.1450000000000005,4.1261948006525575,2905717,0.0,0.0,0.0,True
2016-03-24,6.097999877929688,6.1012597656250005,6.042000122070313,6.054000244140625,4.065091612141995,2885828,0.0,0.0,0.0,True
2016-03-29,6.090999755859375,6.109000244140625,6.0200000000000005,6.060999755859375,4.069793376652545,3360216,0.0,0.0,0.0,True
2016-03-30,6.115,6.17,6.1129998779296875,6.145999755859375,4.126867950800388,4665916,0.0,0.0,0.0,True
2016-03-31,6.127000122070313,6.141199951171875,6.0997998046875,6.125999755859375,4.113437864721423,3520727,0.0,0.0,0.0,True
2016-04-01,6.065,6.099000244140625,6.0279998779296875,6.092000122070313,4.090607952770087,6885386,0.0,0.0,0.0,True
2016-04-04,6.080999755859375,6.151199951171876,6.08,6.117000122070313,4.107394737446857,8508764,0.0,0.0,0.0,True
2016-04-05,6.062000122070312,6.065999755859375,6.01,6.04,4.055690551886719,5079175,0.0,0.0,0.0,True
2016-04-06,6.064000244140625,6.107000122070312,6.0440002441406255,6.107000122070312,4.100678871485431,11358640,0.0,0.0,0.0,True
2016-04-07,6.1290002441406255,6.1561999511718755,6.072000122070313,6.0970001220703125,4.093965062828862,4566008,0.0,0.0,0.0,True
2016-04-08,6.119000244140625,6.1701599121093755,6.114199829101563,6.1559997558593755,4.133582582378899,4905605,0.0,0.0,0.0,True
2016-04-11,6.140000000000001,6.181480102539062,6.119199829101563,6.157000122070313,4.1342528522999356,3385168,0.0,0.0,0.0,True
2016-04-12,6.160999755859375,6.20052001953125,6.12989990234375,6.190999755859375,4.157083587173207,4266404,0.0,0.0,0.0,True
2016-04-13,6.257000122070313,6.322999877929687,6.245999755859375,6.322999877929687,4.245716394840794,12603875,0.0,0.0,0.0,True
2016-04-14,6.322999877929687,6.337999877929688,6.3002001953125,6.330999755859375,4.251089252194321,3734459,0.0,0.0,0.0,True
2016-04-15,6.332000122070313,6.337000122070313,6.292999877929688,6.304000244140625,4.23295987037063,4408259,0.0,0.0,0.0,True
2016-04-18,6.232000122070312,6.315999755859375,6.224000244140625,6.310999755859375,4.237659577576327,2993332,0.0,0.0,0.0,True
2016-04-19,6.327999877929687,6.378200073242188,6.324000244140625,6.362000122070313,4.2719054741557505,4280795,0.0,0.0,0.0,True
2016-04-20,6.344000244140625,6.375999755859375,6.322999877929687,6.367000122070313,4.275262584214521,6240340,0.0,0.0,0.0,True
2016-04-21,6.370999755859375,6.383740234375,6.312000122070312,6.34,4.257133613851799,2971607,0.0,0.0,0.0,True
2016-04-22,6.32,6.32,6.245,6.269000244140625,4.209457631193411,9377109,0.0,0.0,0.0,True
2016-04-25,6.267000122070312,6.276320190429687,6.205859985351562,6.22,4.176555977604796,4739475,0.0,0.0,0.0,True
2016-04-26,6.245999755859375,6.2547998046875,6.223800048828125,6.24,4.189984829300851,6835218,0.0,0.0,0.0,True
2016-04-27,6.2220001220703125,6.28,6.21416015625,6.28,4.2168441785368405,6256349,0.0,0.0,0.0,True
2016-04-28,6.239000244140625,6.282999877929687,6.188319702148438,6.282999877929687,4.218858691448688,8413785,0.0,0.0,0.0,True
2016-04-29,6.227000122070312,6.255999755859375,6.2,6.2,4.1631275373697125,5849770,0.0,0.0,0.0,True
2016-05-03,6.2409997558593755,6.242999877929687,6.120999755859375,6.15,4.129551499250356,4736133,0.0,0.0,0.0,True
2016-05-04,6.144000244140625,6.148800048828125,6.064000244140625,6.079000244140625,4.081879219740702,5288660,0.0,0.0,0.0,True
2016-05-05,6.092000122070313,6.125,6.0759997558593755,6.095,4.092621642759993,5629660,0.0,0.0,0.0,True
2016-05-06,6.0679998779296875,6.102999877929688,6.0297998046875,6.102000122070312,4.0973225843486025,4398823,0.0,0.0,0.0,True
2016-05-09,6.124219970703125,6.15083984375,6.083159790039063,6.087000122070313,4.087249608328409,1842352,0.0,0.0,0.0,True
2016-05-10,6.127999877929688,6.154000244140625,6.0875,6.1290002441406255,4.115451554711323,6060851,0.0,0.0,0.0,True
2016-05-11,6.122000122070313,6.142999877929688,6.101840209960938,6.1370001220703125,4.12082358914291,2839302,0.0,0.0,0.0,True
2016-05-12,6.104000244140625,6.171799926757813,6.073159790039063,6.085,4.085907011181481,3834312,0.0,0.0,0.0,True
2016-05-13,6.052999877929688,6.120999755859375,6.03833984375,6.120999755859375,4.110080343201679,3797304,0.0,0.0,0.0,True
2016-05-16,6.087999877929688,6.1370001220703125,6.068599853515625,6.132000122070313,4.117466890545109,2272316,0.0,0.0,0.0,True
2016-05-17,6.157999877929687,6.1929998779296875,6.105,6.145999755859375,4.126867950800388,3077111,0.0,0.0,0.0,True
2016-05-18,6.117999877929687,6.146719970703125,6.095,6.142000122070312,4.1241815221236235,3468094,0.0,0.0,0.0,True
2016-05-19,6.115,6.117000122070313,6.045999755859375,6.05,4.062404360543289,21570997,0.0,0.0,0.0,True
2016-05-20,6.102000122070312,6.150999755859375,6.102000122070312,6.150999755859375,4.130223826476245,5215968,0.0,0.0,0.0,True
2016-05-23,6.145999755859375,6.168200073242188,6.119000244140625,6.1450000000000005,4.1261948006525575,8958836,0.0,0.0,0.0,True
2016-05-24,6.125,6.25,6.1129998779296875,6.2379998779296875,4.188642643614897,13498926,0.0,0.0,0.0,True
2016-05-25,6.287999877929687,6.287999877929687,6.2620001220703125,6.279000244140625,4.21617102838901,5172645,0.0,0.0,0.0,True
2016-05-26,6.2779998779296875,6.2997198486328125,6.265000000000001,6.287000122070313,4.221545120125451,6536633,0.0,0.0,0.0,True
2016-05-27,6.2809997558593755,6.2940002441406255,6.264000244140625,6.28,4.2168441785368405,7403207,0.0,0.0,0.0,True
2016-05-31,6.290999755859375,6.300999755859375,6.237000122070313,6.2379998779296875,4.188642643614897,3063779,0.0,0.0,0.0,True
2016-06-01,6.2250000000000005,6.23,6.154539794921875,6.187000122070312,4.154397158496444,8238908,0.0,0.0,0.0,True
2016-06-02,6.2,6.229000244140625,6.184000244140625,6.19,4.156412082869261,12727924,0.0,0.0,0.0,True
2016-06-03,6.2250000000000005,6.26,6.174000244140625,6.215,4.173198456085055,4868432,0.0,0.0,0.0,True
2016-06-06,6.24,6.302000122070313,6.234569702148438,6.274000244140625,4.212814741252182,4775606,0.0,0.0,0.0,True
2016-06-07,6.290999755859375,6.32552001953125,6.2775201416015625,6.292000122070313,4.224902230184224,6770892,0.0,0.0,0.0,True
2016-06-08,6.279000244140625,6.307999877929688,6.2700000000000005,6.302000122070313,4.231615215918851,3538965,0.0,0.0,0.0,True
2016-06-09,6.287000122070313,6.290999755859375,6.2379998779296875,6.2409997558593755,4.190656745065771,6988068,0.0,0.0,0.0,True
2016-06-10,6.2220001220703125,6.222919921875,6.109979858398438,6.134000244140625,4.1188090762310665,4958076,0.0,0.0,0.0,True
2016-06-13,6.092000122070313,6.11822021484375,6.060999755859375,6.060999755859375,4.069793376652545,7442461,0.0,0.0,0.0,True
2016-06-14,6.03,6.052080078125,5.937000122070312,5.944000244140625,3.99123025331739,6948185,0.0,0.0,0.0,True
2016-06-15,5.977000122070312,6.025250244140625,5.967999877929688,5.977999877929688,4.014059342346776,7611660,0.0,0.0,0.0,True
2016-06-16,5.845,5.939400024414063,5.83,5.885,4.010924293555687,5275391,0.08839999999999999,0.0,0.0,True
2016-06-17,5.899000244140625,5.977000122070312,5.899000244140625,5.945,4.051818251847836,7061806,0.0,0.0,0.0,True
2016-06-20,6.067000122070312,6.162000122070313,6.059000244140625,6.135,4.181312445839362,5680336,0.0,0.0,0.0,True
2016-06-21,6.110999755859375,6.192000122070312,6.087750244140625,6.167000122070313,4.2031223898984935,12670256,0.0,0.0,0.0,True
2016-06-22,6.2140002441406255,6.248400268554688,6.15719970703125,6.194000244140625,4.221523251374846,12291099,0.0,0.0,0.0,True
2016-06-23,6.237000122070313,6.315999755859375,6.210999755859375,6.28,4.280137423836884,9928059,0.0,0.0,0.0,True
2016-06-24,5.787000122070313,6.28,5.7,6.08,4.143827987705032,83261764,0.0,0.0,0.0,True
2016-06-27,6.019000244140625,6.072000122070313,5.774000244140625,5.92,4.034777849834335,27089394,0.0,0.0,0.0,True
2016-06-28,6.0309997558593755,6.105999755859375,5.918049926757813,6.08,4.143827987705032,14469703,0.0,0.0,0.0,True
2016-06-29,6.175,6.2940002441406255,6.159000244140625,6.2940002441406255,4.289678178228287,40477399,0.0,0.0,0.0,True
2016-06-30,6.284000244140625,6.43,6.2404199218750005,6.43,4.382369396542013,18909154,0.0,0.0,0.0,True
2016-07-01,6.465,6.5120001220703125,6.40739990234375,6.495999755859375,4.4273514144232635,22689088,0.0,0.0,0.0,True
2016-07-04,6.522000122070312,6.534530029296875,6.448519897460938,6.457000122070313,4.400772345893534,19671937,0.0,0.0,0.0,True
2016-07-05,6.4750000000000005,6.492999877929687,6.402780151367188,6.472999877929688,4.411675647622963,13611406,0.0,0.0,0.0,True
2016-07-06,6.4509997558593755,6.51,6.36,6.4,4.361923670121041,11340172,0.0,0.0,0.0,True
2016-07-07,6.449000244140625,6.507579956054688,6.444000244140625,6.46,4.402816375688086,7935106,0.0,0.0,0.0,True
2016-07-08,6.455,6.535,6.447420043945312,6.524000244140625,4.446435846231316,5575369,0.0,0.0,0.0,True
2016-07-11,6.554000244140625,6.620419921875,6.5306298828125,6.605999755859375,4.502323671292205,6873543,0.0,0.0,0.0,True
2016-07-12,6.607000122070312,6.624580078125,6.585999755859375,6.600999755859375,4.498914171134388,9596125,0.0,0.0,0.0,True
2016-07-13,6.594000244140625,6.637999877929688,6.580999755859375,6.590999755859375,4.492098511419029,5170067,0.0,0.0,0.0,True
2016-07-14,6.640000000000001,6.665999755859375,6.570750122070312,6.582000122070313,4.48596683961041,14689307,0.0,0.0,0.0,True
2016-07-15,6.5759997558593755,6.595,6.539500122070312,6.595,4.494825276395214,8402359,0.0,0.0,0.0,True
2016-07-18,6.617000122070313,6.640000000000001,6.602000122070312,6.620999755859375,4.5125446554150335,7731748,0.0,0.0,0.0,True
2016-07-19,6.61,6.635999755859375,6.587750244140625,6.62,4.511863172958508,4448571,0.0,0.0,0.0,True
2016-07-20,6.649000244140625,6.660750122070312,6.469000244140625,6.655,4.535717564387223,5458579,0.0,0.0,0.0,True
2016-07-21,6.645999755859375,6.659000244140625,6.622000122070313,6.622999877929687,4.513908873053197,3149998,0.0,0.0,0.0,True
2016-07-22,6.619000244140625,6.659000244140625,6.594000244140625,6.654000244140625,4.535036917080767,3992735,0.0,0.0,0.0,True
2016-07-25,6.65,6.6803698730468755,6.614500122070313,6.635,4.5220870801065765,2914819,0.0,0.0,0.0,True
2016-07-26,6.6450000000000005,6.667999877929688,6.635,6.647000122070312,4.530265287159959,2573591,0.0,0.0,0.0,True
2016-07-27,6.6690002441406255,6.700440063476563,6.660440063476563,6.677000122070313,4.550713101456101,3374272,0.0,0.0,0.0,True
2016-07-28,6.665,6.687000122070312,6.639000244140625,6.639000244140625,4.524814680232832,4368659,0.0,0.0,0.0,True
2016-07-29,6.647000122070312,6.667000122070313,6.617000122070313,6.650999755859375,4.532992469711179,5026747,0.0,0.0,0.0,True
2016-08-01,6.687000122070312,6.692000122070312,6.6064300537109375,6.619000244140625,4.511182943227079,4289173,0.0,0.0,0.0,True
2016-08-02,6.614000244140625,6.61530029296875,6.5570001220703125,6.569000244140625,4.477105897375397,16016846,0.0,0.0,0.0,True
2016-08-03,6.592000122070313,6.5970001220703125,6.527000122070312,6.5600000000000005,4.47097130254153,3230625,0.0,0.0,0.0,True
2016-08-04,6.572999877929687,6.682999877929688,6.529000244140625,6.667000122070313,4.543898276890817,7997213,0.0,0.0,0.0,True
2016-08-05,6.677000122070313,6.734000244140625,6.616810302734375,6.73,4.586834594677375,6986696,0.0,0.0,0.0,True
2016-08-08,6.734000244140625,6.760499877929687,6.713419799804687,6.742000122070313,4.59501363688083,2823708,0.0,0.0,0.0,True
2016-08-09,6.747999877929687,6.792000122070313,6.740750122070312,6.777000122070312,4.618868028309545,3472478,0.0,0.0,0.0,True
2016-08-10,6.757000122070313,6.795999755859375,6.749500122070312,6.795999755859375,4.63181786528373,6509525,0.0,0.0,0.0,True
2016-08-11,6.800999755859375,6.885,6.783499755859375,6.885,4.692475232390254,6042408,0.0,0.0,0.0,True
2016-08-12,6.870999755859375,6.897999877929688,6.8629998779296875,6.8790002441406255,4.688386337651081,3073311,0.0,0.0,0.0,True
2016-08-15,6.8870001220703125,6.922999877929688,6.879639892578125,6.9059997558593755,4.7067880342774995,2346212,0.0,0.0,0.0,True
2016-08-16,6.882999877929688,6.9059997558593755,6.859000244140625,6.859000244140625,4.67475460064533,3639311,0.0,0.0,0.0,True
2016-08-17,6.882000122070313,6.886640014648438,6.817000122070312,6.827999877929687,4.653626139042725,3171713,0.0,0.0,0.0,True
2016-08-18,6.859000244140625,6.869249877929688,6.826320190429688,6.849000244140625,4.667939776080038,2576817,0.0,0.0,0.0,True
2016-08-19,6.840999755859375,6.846699829101563,6.8179998779296875,6.832000122070313,4.656353321593946,2745522,0.0,0.0,0.0,True
2016-08-22,6.832999877929687,6.860999755859375,6.787000122070313,6.805999755859375,4.638632689849022,1834021,0.0,0.0,0.0,True
2016-08-23,6.83,6.862000122070313,6.796500244140625,6.8390002441406255,4.661123281214617,2912098,0.0,0.0,0.0,True
2016-08-24,6.817000122070312,6.848300170898438,6.80155029296875,6.812999877929688,4.643403902194792,2195264,0.0,0.0,0.0,True
2016-08-25,6.7940002441406255,6.812999877929688,6.76,6.8100000000000005,4.641359037250171,8558044,0.0,0.0,0.0,True
2016-08-26,6.802999877929688,6.844169921875,6.792999877929688,6.822999877929687,4.650219144335115,4757671,0.0,0.0,0.0,True
2016-08-30,6.8179998779296875,6.834000244140626,6.7918200683593755,6.805,4.637950372242424,3680249,0.0,0.0,0.0,True
2016-08-31,6.7940002441406255,6.814609985351563,6.7620001220703125,6.7620001220703125,4.608644956311545,2181490,0.0,0.0,0.0,True
2016-09-01,6.8,6.810999755859375,6.707000122070313,6.732000122070312,4.588198812315539,5676358,0.0,0.0,0.0,True
2016-09-02,6.7620001220703125,6.917999877929688,6.74,6.8790002441406255,4.688386337651081,5796644,0.0,0.0,0.0,True
2016-09-05,6.884000244140625,6.897000122070312,6.857000122070312,6.865,4.678844330534573,4869780,0.0,0.0,0.0,True
2016-09-06,6.88,6.88,6.805,6.817000122070312,4.64612899687084,2941551,0.0,0.0,0.0,True
2016-09-07,6.815,6.835499877929688,6.802249755859375,6.8259997558593755,4.652263591704702,14764563,0.0,0.0,0.0,True
2016-09-08,6.832000122070313,6.871220092773438,6.8,6.837000122070313,4.659760316301553,5546017,0.0,0.0,0.0,True
2016-09-09,6.822000122070313,6.835750122070313,6.74,6.7540002441406255,4.603191008784139,6133047,0.0,0.0,0.0,True
2016-09-12,6.667999877929688,6.682999877929688,6.635159912109375,6.679000244140625,4.5520760663691595,3287930,0.0,0.0,0.0,True
2016-09-13,6.695,6.705250244140625,6.647000122070312,6.647000122070312,4.530265287159959,2297059,0.0,0.0,0.0,True
2016-09-14,6.6690002441406255,6.699000244140625,6.65,6.650999755859375,4.532992469711179,2979998,0.0,0.0,0.0,True
2016-09-15,6.5600000000000005,6.6370001220703125,6.554249877929688,6.63,4.572858584736567,4011776,0.0788,0.0,0.0,True
2016-09-16,6.615,6.647999877929688,6.595,6.615,4.562512477431685,6071900,0.0,0.0,0.0,True
2016-09-19,6.677000122070313,6.715460205078125,6.673510131835938,6.712000122070313,4.629414853986977,4506382,0.0,0.0,0.0,True
2016-09-20,6.697999877929687,6.769000244140625,6.697999877929687,6.727999877929688,4.640449687703154,4352287,0.0,0.0,0.0,True
2016-09-21,6.770999755859375,6.777639770507813,6.732999877929688,6.735999755859375,4.645965836966618,2565422,0.0,0.0,0.0,True
2016-09-22,6.779000244140625,6.842000122070313,6.765999755859375,6.815999755859375,4.701144230862901,4976559,0.0,0.0,0.0,True
2016-09-23,6.804000244140625,6.822999877929687,6.785999755859375,6.809000244140625,4.696317230542271,2382064,0.0,0.0,0.0,True
2016-09-26,6.774000244140625,6.775399780273438,6.707000122070313,6.720999755859375,4.635622264850982,12970599,0.0,0.0,0.0,True
2016-09-27,6.767999877929688,6.767999877929688,6.6738000488281255,6.717999877929688,4.63355186030169,18148846,0.0,0.0,0.0,True
2016-09-28,6.73,6.78072021484375,6.727000122070312,6.757999877929688,4.661143169907538,3676147,0.0,0.0,0.0,True
2016-09-29,6.82,6.845490112304688,6.805,6.8259997558593755,4.708042480795902,2746463,0.0,0.0,0.0,True
2016-09-30,6.745999755859375,6.817940063476563,6.717000122070313,6.809000244140625,4.696317230542271,5534793,0.0,0.0,0.0,True
2016-10-03,6.812999877929688,6.900999755859375,6.8070001220703125,6.885,4.748737338541049,3871433,0.0,0.0,0.0,True
2016-10-04,6.9029998779296875,7.027000122070312,6.9,6.9720001220703125,4.808741887694876,12510677,0.0,0.0,0.0,True
2016-10-05,6.967999877929688,6.985,6.924000244140625,6.939000244140625,4.785981803725071,5525428,0.0,0.0,0.0,True
2016-10-06,6.952999877929687,6.954000244140625,6.9059997558593755,6.910999755859375,4.766668732064061,6407151,0.0,0.0,0.0,True
2016-10-07,6.952999877929687,6.987000122070313,6.924000244140625,6.9509997558593755,4.79425666141758,3296406,0.0,0.0,0.0,True
2016-10-10,6.98,7.013779907226563,6.937999877929688,6.999000244140625,4.827364965349973,7294046,0.0,0.0,0.0,True
2016-10-11,6.997999877929687,7.035999755859375,6.97,6.980999755859375,4.814949721090423,4655354,0.0,0.0,0.0,True
2016-10-12,6.9640002441406255,6.987160034179688,6.924000244140625,6.9350000000000005,4.783223095296028,2705174,0.0,0.0,0.0,True
2016-10-13,6.905,6.910440063476563,6.8434997558593755,6.890000000000001,4.752184773381386,10419150,0.0,0.0,0.0,True
2016-10-14,6.9059997558593755,6.965999755859375,6.9059997558593755,6.927000122070313,4.777704833374859,1849407,0.0,0.0,0.0,True
2016-10-17,6.899000244140625,6.912999877929687,6.847440185546875,6.854000244140625,4.727355974988451,3214883,0.0,0.0,0.0,True
2016-10-18,6.897999877929688,6.942000122070312,6.892999877929688,6.912999877929687,4.768047875012814,3695244,0.0,0.0,0.0,True
2016-10-19,6.909000244140625,6.934000244140625,6.88,6.929000244140625,4.77908482138669,3598260,0.0,0.0,0.0,True
2016-10-20,6.935999755859375,6.960560302734375,6.910999755859375,6.9429998779296875,4.788739667091034,3189728,0.0,0.0,0.0,True
2016-10-21,6.942000122070312,6.97,6.920999755859375,6.93,4.779774392861066,2085215,0.0,0.0,0.0,True
2016-10-24,6.952000122070313,6.979400024414063,6.894000244140625,6.894000244140625,4.754944749405052,4056508,0.0,0.0,0.0,True
2016-10-25,6.920999755859375,6.9807501220703125,6.917540283203125,6.93,4.779774392861066,3149460,0.0,0.0,0.0,True
2016-10-26,6.907000122070313,6.912000122070313,6.8316802978515625,6.872000122070313,4.739768261527213,3021035,0.0,0.0,0.0,True
2016-10-27,6.855,6.9213500976562505,6.8390002441406255,6.91,4.765980428184309,3944664,0.0,0.0,0.0,True
2016-10-28,6.8659997558593755,6.927000122070313,6.842760009765625,6.917999877929688,4.771497845042396,5420887,0.0,0.0,0.0,True
2016-10-31,6.8870001220703125,6.897999877929688,6.8659997558593755,6.87,4.738391653767709,6913186,0.0,0.0,0.0,True
2016-11-01,6.889000244140625,6.912459716796875,6.820999755859376,6.832000122070313,4.712181177236779,4016179,0.0,0.0,0.0,True
2016-11-02,6.8,6.8427001953125,6.767999877929688,6.774000244140625,4.672177158560629,4945953,0.0,0.0,0.0,True
2016-11-03,6.757999877929688,6.8427001953125,6.7,6.717000122070313,4.632863133890395,4139714,0.0,0.0,0.0,True
2016-11-04,6.67,6.679500122070313,6.6000000000000005,6.617999877929687,4.5645803467917325,4435568,0.0,0.0,0.0,True
2016-11-07,6.7220001220703125,6.742000122070313,6.702999877929687,6.742000122070313,4.650106223533658,3789534,0.0,0.0,0.0,True
2016-11-08,6.725999755859375,6.782000122070313,6.725999755859375,6.775,4.672866730035004,3669673,0.0,0.0,0.0,True
2016-11-09,6.650999755859375,6.845,6.650999755859375,6.845,4.721148564124448,8252800,0.0,0.0,0.0,True
2016-11-10,6.9029998779296875,6.9429998779296875,6.7540002441406255,6.787999877929687,4.681833694391134,14689580,0.0,0.0,0.0,True
2016-11-11,6.802000122070313,6.805759887695313,6.662999877929687,6.685999755859375,4.611481347806263,5251647,0.0,0.0,0.0,True
2016-11-14,6.747000122070313,6.767219848632813,6.644630126953125,6.705,4.624586163540184,2248936,0.0,0.0,0.0,True
2016-11-15,6.745999755859375,6.775,6.729000244140625,6.745,4.652174937956784,3245346,0.0,0.0,0.0,True
2016-11-16,6.755999755859375,6.7602197265625,6.689000244140625,6.705,4.624586163540184,3418354,0.0,0.0,0.0,True
2016-11-17,6.705999755859375,6.757999877929688,6.702999877929687,6.755,4.6590719202951645,3797020,0.0,0.0,0.0,True
2016-11-18,6.760999755859375,6.7700000000000005,6.7,6.7379998779296875,4.647347515104614,4158095,0.0,0.0,0.0,True
2016-11-21,6.752000122070313,6.780319824218751,6.71583984375,6.739000244140625,4.64803793164207,5657605,0.0,0.0,0.0,True
2016-11-22,6.782999877929687,6.810159912109375,6.775,6.7809997558593755,4.677006271538962,3622182,0.0,0.0,0.0,True
2016-11-23,6.805999755859375,6.842999877929688,6.743359985351563,6.782999877929687,4.67838414689309,4106334,0.0,0.0,0.0,True
2016-11-24,6.7940002441406255,6.802999877929688,6.76,6.8,4.690111087272888,3004649,0.0,0.0,0.0,True
2016-11-25,6.804000244140625,6.822999877929687,6.79,6.809000244140625,4.696317230542271,3372972,0.0,0.0,0.0,True
2016-11-28,6.784000244140625,6.805,6.739000244140625,6.765999755859375,4.666659319170999,4374726,0.0,0.0,0.0,True
2016-11-29,6.755999755859375,6.760750122070313,6.697000122070313,6.745999755859375,4.65286450943116,4695233,0.0,0.0,0.0,True
2016-11-30,6.74,6.818140258789063,6.735,6.757000122070313,4.66045359843316,11494922,0.0,0.0,0.0,True
2016-12-01,6.747999877929687,6.758619995117187,6.664000244140625,6.729000244140625,4.64114010424061,15634068,0.0,0.0,0.0,True
2016-12-02,6.6820001220703125,6.719000244140625,6.6525,6.707000122070313,4.625965306488936,3870760,0.0,0.0,0.0,True
2016-12-05,6.665,6.774580078125,6.665,6.717999877929688,4.63355186030169,5967671,0.0,0.0,0.0,True
2016-12-06,6.715999755859375,6.76,6.696580200195313,6.7540002441406255,4.658380658694629,3806583,0.0,0.0,0.0,True
2016-12-07,6.804000244140625,6.872999877929687,6.7961798095703125,6.872999877929687,4.7404591005962144,7289101,0.0,0.0,0.0,True
2016-12-08,6.880999755859375,6.912369995117188,6.864749755859375,6.905,4.762531725749347,3816477,0.0,0.0,0.0,True
2016-12-09,6.907999877929687,6.935250244140625,6.8993798828125,6.930999755859375,4.780463964335442,4031467,0.0,0.0,0.0,True
2016-12-12,6.930999755859375,6.947999877929687,6.8470001220703125,6.864000244140625,4.73425168973221,4797213,0.0,0.0,0.0,True
2016-12-13,6.8629998779296875,6.955999755859375,6.8500000000000005,6.9429998779296875,4.788739667091034,4611614,0.0,0.0,0.0,True
2016-12-14,6.922999877929688,6.9461999511718755,6.916389770507813,6.92,4.772876142928066,2027240,0.0,0.0,0.0,True
2016-12-15,6.8659997558593755,6.93322021484375,6.849000244140625,6.917999877929688,4.806573487757461,4233597,0.050499999999999996,0.0,0.0,True
2016-12-16,6.917000122070313,6.957999877929687,6.912000122070313,6.925,4.811436468157644,4990376,0.0,0.0,0.0,True
2016-12-19,6.9320001220703125,6.950139770507812,6.910419921875,6.9429998779296875,4.823941639706585,4115859,0.0,0.0,0.0,True
2016-12-20,6.9320001220703125,6.9720001220703125,6.919249877929688,6.9720001220703125,4.84409155604356,7189534,0.0,0.0,0.0,True
2016-12-21,6.959000244140626,6.9815002441406255,6.95,6.962000122070313,4.837143103565582,4902762,0.0,0.0,0.0,True
2016-12-22,6.952000122070313,6.982999877929688,6.944000244140625,6.982999877929688,4.851735449618502,1948374,0.0,0.0,0.0,True
2016-12-23,6.979000244140625,7.0279998779296875,6.977000122070312,7.0279998779296875,4.883000506523583,994043,0.0,0.0,0.0,True
2016-12-28,6.997999877929687,7.0279998779296875,6.994000244140625,7.024000244140625,4.880220870168465,9902691,0.0,0.0,0.0,True
2016-12-29,6.997999877929687,7.037000122070313,6.995999755859375,7.035,4.887863061317222,17979397,0.0,0.0,0.0,True
2016-12-30,7.03,7.052000122070313,7.00635986328125,7.0120001220703125,4.871882386709655,2420130,0.0,0.0,0.0,True
2017-01-03,7.084000244140626,7.12,7.070499877929688,7.0890002441406255,4.925382406422958,5358372,0.0,0.0,0.0,True
2017-01-04,7.0890002441406255,7.095,7.074520263671875,7.092999877929688,4.928161617171532,2877781,0.0,0.0,0.0,True
2017-01-05,7.0970001220703125,7.119000244140625,7.075239868164062,7.1000000000000005,4.933025023178261,2306846,0.0,0.0,0.0,True
2017-01-06,7.092999877929688,7.114000244140625,7.084630126953125,7.1129998779296875,4.942056819701307,2784022,0.0,0.0,0.0,True
2017-01-09,7.140999755859375,7.147000122070312,7.110999755859375,7.140000000000001,4.960815428237809,4434205,0.0,0.0,0.0,True
2017-01-10,7.15,7.1850000000000005,7.140999755859375,7.174000244140625,4.984439996420319,4821738,0.0,0.0,0.0,True
2017-01-11,7.1820001220703125,7.229000244140625,7.157000122070313,7.190999755859375,4.996251003691936,2837290,0.0,0.0,0.0,True
2017-01-12,7.179000244140625,7.202999877929687,7.1665802001953125,7.195999755859376,4.999724804324377,2875816,0.0,0.0,0.0,True
2017-01-13,7.224000244140625,7.2409997558593755,7.21,7.2409997558593755,5.030990286836004,5370217,0.0,0.0,0.0,True
2017-01-16,7.224000244140625,7.255,7.222999877929688,7.230999755859375,5.024041834358027,3640006,0.0,0.0,0.0,True
2017-01-17,7.225999755859375,7.225999755859375,7.127000122070313,7.127000122070313,4.951784482927858,6043039,0.0,0.0,0.0,True
2017-01-18,7.1559997558593755,7.16,7.122269897460938,7.1529998779296875,4.96984850158049,4016986,0.0,0.0,0.0,True
2017-01-19,7.157000122070313,7.159730224609375,7.104249877929687,7.122000122070313,4.9483106822954115,4880439,0.0,0.0,0.0,True
2017-01-20,7.122999877929687,7.129749755859375,7.104000244140625,7.107999877929688,4.93858216785577,3963041,0.0,0.0,0.0,True
2017-01-23,7.064000244140625,7.087999877929688,7.044180297851563,7.065999755859375,4.909401731815389,4968996,0.0,0.0,0.0,True
2017-01-24,7.085999755859375,7.091409912109375,7.064000244140625,7.072000122070313,4.913569696725156,6143005,0.0,0.0,0.0,True
2017-01-25,7.100999755859375,7.12364013671875,7.080999755859375,7.080999755859375,4.919823559319267,6461812,0.0,0.0,0.0,True
2017-01-26,7.102000122070312,7.102999877929688,7.072999877929687,7.082000122070313,4.920518574809684,7801217,0.0,0.0,0.0,True
2017-01-27,7.095999755859375,7.107999877929688,7.070999755859376,7.107999877929688,4.93858216785577,3979985,0.0,0.0,0.0,True
2017-01-30,7.072999877929687,7.076599731445313,7.027000122070312,7.040999755859375,4.892031877440078,3901721,0.0,0.0,0.0,True
2017-01-31,7.047999877929688,7.084000244140626,7.020999755859375,7.020999755859375,4.878137100516856,4292895,0.0,0.0,0.0,True
2017-02-01,7.064000244140625,7.097999877929688,7.0200000000000005,7.025999755859375,4.88161047554275,2668182,0.0,0.0,0.0,True
2017-02-02,7.017000122070312,7.080999755859375,7.010999755859375,7.060999755859375,4.905927079969853,2230729,0.0,0.0,0.0,True
2017-02-03,7.0570001220703125,7.114000244140625,7.048480224609375,7.102999877929688,4.935109218436415,2660790,0.0,0.0,0.0,True
2017-02-06,7.099000244140625,7.119000244140625,7.075,7.082999877929687,4.921214441513192,3649399,0.0,0.0,0.0,True
2017-02-07,7.08,7.140000000000001,7.077999877929687,7.097999877929688,4.931634992197426,3820529,0.0,0.0,0.0,True
2017-02-08,7.095,7.110999755859375,7.062999877929688,7.104000244140625,4.935803808320286,2600553,0.0,0.0,0.0,True
2017-02-09,7.119000244140625,7.157999877929687,7.105,7.149000244140625,4.967070567651556,2485972,0.0,0.0,0.0,True
2017-02-10,7.177999877929688,7.190679931640625,7.162139892578125,7.175999755859375,4.9858283249749675,5833153,0.0,0.0,0.0,True
2017-02-13,7.187000122070312,7.215,7.174000244140625,7.197000122070313,5.000419394208248,2702523,0.0,0.0,0.0,True
2017-02-14,7.189000244140625,7.21,7.170999755859375,7.1850000000000005,4.99208261317562,1842914,0.0,0.0,0.0,True
2017-02-15,7.215,7.229000244140625,7.202000122070313,7.22,5.016399217602724,5449011,0.0,0.0,0.0,True
2017-02-16,7.229000244140625,7.2379998779296875,7.2,7.215,5.012926693789922,1535576,0.0,0.0,0.0,True
2017-02-17,7.209000244140626,7.250139770507813,7.202999877929687,7.242000122070313,5.031684025506782,6908332,0.0,0.0,0.0,True
2017-02-20,7.257000122070313,7.262219848632813,7.230640258789062,7.247000122070313,5.035160379778504,2552928,0.0,0.0,0.0,True
2017-02-21,7.237000122070313,7.245479736328125,7.216500244140625,7.217999877929688,5.0150108890480745,3609644,0.0,0.0,0.0,True
2017-02-22,7.229000244140625,7.247000122070313,7.21,7.235999755859375,5.027517763023201,5410315,0.0,0.0,0.0,True
2017-02-23,7.244000244140625,7.276779785156251,7.229000244140625,7.2409997558593755,5.030990286836004,3758162,0.0,0.0,0.0,True
2017-02-24,7.232000122070312,7.2379998779296875,7.160679931640625,7.2140002441406255,5.012231252692956,2346867,0.0,0.0,0.0,True
2017-02-27,7.244000244140625,7.250999755859375,7.205,7.227999877929688,5.021960192739148,4164416,0.0,0.0,0.0,True
2017-02-28,7.235999755859375,7.247999877929687,7.215280151367188,7.2250000000000005,5.0198738694482605,2911741,0.0,0.0,0.0,True
2017-03-01,7.26,7.345,7.256149902343751,7.342999877929688,5.101860160924621,4281503,0.0,0.0,0.0,True
2017-03-02,7.334000244140626,7.367000122070313,7.332999877929687,7.3629998779296875,5.1157545122413,5268247,0.0,0.0,0.0,True
2017-03-03,7.334000244140626,7.358989868164063,7.329000244140625,7.345999755859375,5.103944356182778,3600026,0.0,0.0,0.0,True
2017-03-06,7.329000244140625,7.329000244140625,7.3114599609375,7.325,5.089353286949494,1824677,0.0,0.0,0.0,True
2017-03-07,7.335999755859375,7.3390002441406255,7.305,7.305,5.075456381993533,5545423,0.0,0.0,0.0,True
2017-03-08,7.300999755859375,7.3259997558593755,7.289000244140625,7.305999755859375,5.076150971877406,3620577,0.0,0.0,0.0,True
2017-03-09,7.287999877929687,7.3,7.245,7.295,5.068508780728653,3333515,0.0,0.0,0.0,True
2017-03-10,7.314000244140625,7.349000244140625,7.310999755859375,7.3179998779296875,5.084490732155858,2424067,0.0,0.0,0.0,True
2017-03-13,7.342999877929688,7.355150146484375,7.3179998779296875,7.347999877929688,5.105333110343973,2398576,0.0,0.0,0.0,True
2017-03-14,7.364000244140625,7.36625,7.319000244140625,7.335,5.096301739427474,2067553,0.0,0.0,0.0,True
2017-03-15,7.347999877929688,7.36125,7.339509887695312,7.34,5.099773837633732,4018841,0.0,0.0,0.0,True
2017-03-16,7.342000122070313,7.3625,7.315,7.337000122070313,5.140762694133362,3491745,0.061500000000000006,0.0,0.0,True
2017-03-17,7.320999755859376,7.36,7.32,7.337000122070313,5.140762694133362,4694965,0.0,0.0,0.0,True
2017-03-20,7.327000122070313,7.357000122070312,7.314240112304688,7.352999877929688,5.151971238264155,4343454,0.0,0.0,0.0,True
2017-03-21,7.350999755859375,7.360479736328125,7.29,7.307999877929688,5.120444659719611,2913268,0.0,0.0,0.0,True
2017-03-22,7.267999877929688,7.272000122070312,7.233140258789063,7.26,5.086811731495021,5040285,0.0,0.0,0.0,True
2017-03-23,7.257000122070313,7.278359985351563,7.239619750976563,7.277000122070312,5.098721963019227,8651043,0.0,0.0,0.0,True
2017-03-24,7.277000122070312,7.282999877929687,7.2540002441406255,7.2700000000000005,5.0938183054307435,4399601,0.0,0.0,0.0,True
2017-03-27,7.21,7.225599975585937,7.184000244140625,7.222999877929688,5.060886206266362,6910223,0.0,0.0,0.0,True
2017-03-28,7.242000122070313,7.2702398681640625,7.212000122070313,7.267000122070312,5.091714959916905,6736323,0.0,0.0,0.0,True
2017-03-29,7.2940002441406255,7.305999755859375,7.245999755859375,7.305999755859375,5.119041284932781,4005554,0.0,0.0,0.0,True
2017-03-30,7.305,7.319500122070313,7.275999755859375,7.307999877929688,5.120444659719611,6628063,0.0,0.0,0.0,True
2017-03-31,7.28,7.28375,7.255,7.255,5.083308015360557,3065453,0.0,0.0,0.0,True
2017-04-03,7.275,7.28,7.212000122070313,7.212999877929688,5.053879632330642,2660750,0.0,0.0,0.0,True
2017-04-04,7.235,7.257000122070313,7.225390014648438,7.252000122070313,5.081205099013318,5872113,0.0,0.0,0.0,True
2017-04-05,7.274000244140625,7.292000122070313,7.25572021484375,7.259000244140625,5.086110044101606,3690385,0.0,0.0,0.0,True
2017-04-06,7.210999755859375,7.257999877929688,7.199719848632813,7.235,5.069294438322512,9781060,0.0,0.0,0.0,True
2017-04-07,7.225999755859375,7.289240112304688,7.217000122070313,7.287000122070313,5.105727249455144,4191219,0.0,0.0,0.0,True
2017-04-10,7.282999877929687,7.297880249023438,7.276849975585938,7.292000122070313,5.109231823922809,2691811,0.0,0.0,0.0,True
2017-04-11,7.275999755859375,7.347999877929688,7.27260009765625,7.307999877929688,5.120444659719611,2570194,0.0,0.0,0.0,True
2017-04-12,7.317000122070312,7.3475,7.295,7.295,5.111333881936846,3657424,0.0,0.0,0.0,True
2017-04-13,7.285999755859375,7.287000122070313,7.251640014648437,7.274000244140625,5.096621192504994,2636452,0.0,0.0,0.0,True
2017-04-18,7.265000000000001,7.265000000000001,7.094000244140625,7.094000244140625,4.970500715828985,7982495,0.0,0.0,0.0,True
2017-04-19,7.09,7.102000122070312,7.062999877929688,7.064000244140625,4.949481852355022,5144275,0.0,0.0,0.0,True
2017-04-20,7.0600000000000005,7.0846801757812505,7.052000122070313,7.0759997558593755,4.957888796911365,3869292,0.0,0.0,0.0,True
2017-04-21,7.079000244140625,7.09,7.040999755859375,7.057999877929688,4.945277307160347,16221290,0.0,0.0,0.0,True
2017-04-24,7.170999755859375,7.216900024414063,7.151480102539063,7.212000122070313,5.053178803270431,6067043,0.0,0.0,0.0,True
2017-04-25,7.21,7.232999877929688,7.2032098388671875,7.219000244140625,5.058083319192115,5290731,0.0,0.0,0.0,True
2017-04-26,7.210999755859375,7.247000122070313,7.207219848632812,7.232999877929688,5.067892351035485,4511002,0.0,0.0,0.0,True
2017-04-27,7.219000244140625,7.219000244140625,7.18,7.194000244140625,5.040566884352807,4112505,0.0,0.0,0.0,True
2017-04-28,7.19,7.197369995117188,7.15176025390625,7.154000244140625,5.01254058860992,2855515,0.0,0.0,0.0,True
2017-05-02,7.174000244140625,7.207000122070313,7.171680297851562,7.195,5.041268571746226,4559787,0.0,0.0,0.0,True
2017-05-03,7.180999755859375,7.19010009765625,7.1690002441406255,7.1850000000000005,5.0342615686439025,11951234,0.0,0.0,0.0,True
2017-05-04,7.217000122070313,7.234000244140625,7.177000122070313,7.202000122070313,5.046173516834512,9045553,0.0,0.0,0.0,True
2017-05-05,7.180999755859375,7.249000244140625,7.180999755859375,7.249000244140625,5.079103470165884,6357078,0.0,0.0,0.0,True
2017-05-08,7.252999877929688,7.275,7.239000244140625,7.255999755859375,5.0840088444207705,2391623,0.0,0.0,0.0,True
2017-05-09,7.257999877929688,7.309739990234375,7.257000122070313,7.290999755859375,5.108530136529394,2654312,0.0,0.0,0.0,True
2017-05-10,7.292000122070313,7.345499877929687,7.279000244140625,7.332000122070313,5.137257690499095,5823778,0.0,0.0,0.0,True
2017-05-11,7.334000244140626,7.355999755859375,7.326240234375,7.347999877929688,5.148468380462893,5260967,0.0,0.0,0.0,True
2017-05-12,7.362000122070313,7.3950000000000005,7.352000122070312,7.3950000000000005,5.18140047962727,3649062,0.0,0.0,0.0,True
2017-05-15,7.407999877929687,7.415,7.392869873046875,7.415,5.1954136274987155,3249293,0.0,0.0,0.0,True
2017-05-16,7.410999755859375,7.4909997558593755,7.408389892578125,7.475999755859375,5.238153471006657,3667430,0.0,0.0,0.0,True
2017-05-17,7.452999877929687,7.485280151367188,7.4350000000000005,7.457999877929687,5.225541981255641,3315704,0.0,0.0,0.0,True
2017-05-18,7.457000122070313,7.457000122070313,7.3675,7.422000122070313,5.2003177142537975,5778565,0.0,0.0,0.0,True
2017-05-19,7.4509997558593755,7.474000244140625,7.429000244140625,7.462999877929688,5.2290452682235,13816534,0.0,0.0,0.0,True
2017-05-22,7.487000122070313,7.51,7.480999755859375,7.492000122070313,5.249364590137056,4174344,0.0,0.0,0.0,True
2017-05-23,7.4879998779296875,7.51,7.4750000000000005,7.4750000000000005,5.237452641946448,2785246,0.0,0.0,0.0,True
2017-05-24,7.472999877929688,7.514000244140625,7.468090209960938,7.510999755859375,5.26267733811489,5251001,0.0,0.0,0.0,True
2017-05-25,7.527000122070312,7.527000122070312,7.496389770507813,7.512999877929688,5.264078567068714,3302981,0.0,0.0,0.0,True
2017-05-26,7.515000000000001,7.54510986328125,7.51,7.540999755859375,5.283697059922056,3252433,0.0,0.0,0.0,True
2017-05-30,7.507999877929688,7.519000244140625,7.48,7.51,5.261976079888075,9498582,0.0,0.0,0.0,True
2017-05-31,7.515999755859375,7.569000244140625,7.499000244140625,7.499000244140625,5.254269964391945,5751212,0.0,0.0,0.0,True
2017-06-01,7.53,7.549000244140625,7.525999755859375,7.537999877929687,5.281594572741419,1778661,0.0,0.0,0.0,True
2017-06-02,7.574000244140625,7.59,7.525230102539062,7.534000244140625,5.278794689833377,4354839,0.0,0.0,0.0,True
2017-06-05,7.545999755859375,7.547000122070313,7.505999755859375,7.514000244140625,5.264780683628728,11279162,0.0,0.0,0.0,True
2017-06-06,7.502999877929688,7.522000122070312,7.492000122070313,7.522000122070312,5.270385170277424,4568845,0.0,0.0,0.0,True
2017-06-07,7.515000000000001,7.537000122070313,7.458099975585938,7.465999755859375,5.231147326237537,6523934,0.0,0.0,0.0,True
2017-06-08,7.475999755859375,7.485999755859375,7.444000244140625,7.444000244140625,5.21573552441188,2713546,0.0,0.0,0.0,True
2017-06-09,7.495999755859375,7.542999877929688,7.474000244140625,7.524000244140625,5.271786828397852,5591594,0.0,0.0,0.0,True
2017-06-12,7.49,7.537000122070313,7.4813299560546875,7.517000122070312,5.266880166643161,4790676,0.0,0.0,0.0,True
2017-06-13,7.545,7.545,7.492999877929687,7.507000122070313,5.259872734374234,4249890,0.0,0.0,0.0,True
2017-06-14,7.500999755859375,7.547999877929688,7.485,7.485,5.244460932548573,5889477,0.0,0.0,0.0,True
2017-06-15,7.385999755859375,7.3870001220703125,7.295,7.335,5.2050769149913805,6795288,0.09449999999999999,0.0,0.0,True
2017-06-16,7.3500000000000005,7.409000244140625,7.349000244140625,7.3790002441406255,5.2363002707819355,9117488,0.0,0.0,0.0,True
2017-06-19,7.4350000000000005,7.447000122070313,7.405,7.437999877929688,5.278165660886328,2330256,0.0,0.0,0.0,True
2017-06-20,7.44,7.466199951171875,7.384000244140625,7.384000244140625,5.239847905286114,402808,0.0,0.0,0.0,True
2017-06-21,7.3790002441406255,7.382760009765625,7.329000244140625,7.357000122070312,5.220687723687953,4148374,0.0,0.0,0.0,True
2017-06-22,7.36,7.36,7.309739990234375,7.349000244140625,5.2150105523626955,853475,0.0,0.0,0.0,True
2017-06-23,7.335,7.447800292968751,7.302999877929688,7.33,5.201527107490443,1693604,0.0,0.0,0.0,True
2017-06-26,7.352000122070312,7.388090209960938,7.351079711914062,7.352000122070312,5.217138350786372,2919664,0.0,0.0,0.0,True
2017-06-27,7.352999877929688,7.359000244140625,7.320780029296875,7.347999877929688,5.214301286221469,1643459,0.0,0.0,0.0,True
2017-06-28,7.325,7.357999877929688,7.29,7.300999755859375,5.180947524411131,1124103,0.0,0.0,0.0,True
2017-06-29,7.334000244140626,7.3581298828125,7.259249877929688,7.265999755859375,5.156111040686407,885565,0.0,0.0,0.0,True
2017-06-30,7.255999755859375,7.292999877929688,7.22,7.23,5.130565725419821,1221209,0.0,0.0,0.0,True
2017-07-03,7.239000244140625,7.302000122070313,7.234000244140625,7.289000244140625,5.172434592319025,2688075,0.0,0.0,0.0,True
2017-07-04,7.260999755859375,7.29948974609375,7.255999755859375,7.267000122070312,5.156821610625689,3538814,0.0,0.0,0.0,True
2017-07-05,7.279000244140625,7.3025,7.262999877929688,7.29,5.173142554662191,7648589,0.0,0.0,0.0,True
2017-07-06,7.287000122070313,7.29343994140625,7.23,7.260999755859375,5.152564709980287,5802152,0.0,0.0,0.0,True
2017-07-07,7.26,7.282000122070313,7.239500122070313,7.274000244140625,5.161790385008429,5286114,0.0,0.0,0.0,True
2017-07-10,7.3,7.307999877929688,7.265360107421875,7.290999755859375,5.173852690002121,3509325,0.0,0.0,0.0,True
2017-07-11,7.295999755859375,7.305,7.228460083007812,7.247000122070313,5.142629334211565,8181024,0.0,0.0,0.0,True
2017-07-12,7.282000122070313,7.357000122070312,7.256820068359375,7.335999755859375,5.2057857465332535,3970687,0.0,0.0,0.0,True
2017-07-13,7.337999877929688,7.3771997070312505,7.322999877929687,7.332000122070313,5.202946943570951,5927340,0.0,0.0,0.0,True
2017-07-14,7.335999755859375,7.335999755859375,7.282000122070313,7.297000122070313,5.17811045984623,3588478,0.0,0.0,0.0,True
2017-07-17,7.3100000000000005,7.349500122070313,7.307999877929688,7.325,5.197981645983021,2753226,0.0,0.0,0.0,True
2017-07-18,7.312000122070312,7.342999877929688,7.279000244140625,7.310999755859375,5.188044966416246,7154597,0.0,0.0,0.0,True
2017-07-19,7.34,7.3659997558593755,7.301900024414063,7.359000244140625,5.2221084289671635,5086911,0.0,0.0,0.0,True
2017-07-20,7.3659997558593755,7.429000244140625,7.365,7.409000244140625,5.2575882508037735,5607424,0.0,0.0,0.0,True
2017-07-21,7.4029998779296875,7.431480102539062,7.345,7.367000122070313,5.227784731093719,15649349,0.0,0.0,0.0,True
2017-07-24,7.352000122070312,7.4035797119140625,7.2845001220703125,7.295999755859375,5.177402062903707,33147440,0.0,0.0,0.0,True
2017-07-25,7.315999755859375,7.389409790039062,7.315999755859375,7.357000122070312,5.220687723687953,6320200,0.0,0.0,0.0,True
2017-07-26,7.364000244140625,7.407000122070313,7.360999755859375,7.367999877929687,5.228494866433648,1616934,0.0,0.0,0.0,True
2017-07-27,7.344000244140625,7.38260009765625,7.333499755859375,7.3629998779296875,5.224945058932712,2650917,0.0,0.0,0.0,True
2017-07-28,7.332999877929687,7.337999877929688,7.2620001220703125,7.287999877929687,5.171723587780392,3871426,0.0,0.0,0.0,True
2017-07-31,7.305,7.340999755859375,7.287000122070313,7.299000244140625,5.17952899212868,2692169,0.0,0.0,0.0,True
2017-08-01,7.329000244140625,7.362849731445313,7.3179998779296875,7.349000244140625,5.2150105523626955,5130807,0.0,0.0,0.0,True
2017-08-02,7.354000244140625,7.35625,7.312000122070312,7.335999755859375,5.2057857465332535,3059821,0.0,0.0,0.0,True
2017-08-03,7.325,7.420999755859375,7.320999755859376,7.415,5.26184645524723,7289288,0.0,0.0,0.0,True
2017-08-04,7.4,7.452999877929687,7.397999877929688,7.444000244140625,5.282426038326542,17214631,0.0,0.0,0.0,True
2017-08-07,7.455,7.469400024414063,7.45,7.467999877929688,5.299456248504273,2419486,0.0,0.0,0.0,True
2017-08-08,7.457000122070313,7.487000122070313,7.452999877929687,7.4720001220703125,5.302294182267877,5107719,0.0,0.0,0.0,True
2017-08-09,7.442000122070312,7.447440185546875,7.409119873046875,7.434000244140625,5.275330769318184,6682689,0.0,0.0,0.0,True
2017-08-10,7.427000122070313,7.4320001220703125,7.350999755859375,7.3659997558593755,5.227074161154443,5097189,0.0,0.0,0.0,True
2017-08-11,7.305,7.315,7.270560302734375,7.282999877929687,5.168175953276213,12465775,0.0,0.0,0.0,True
2017-08-14,7.309000244140625,7.354000244140625,7.29,7.332000122070313,5.202946943570951,4356951,0.0,0.0,0.0,True
2017-08-15,7.3500000000000005,7.392999877929688,7.332000122070313,7.365,5.226364460413865,3834011,0.0,0.0,0.0,True
2017-08-16,7.390999755859375,7.421740112304688,7.385449829101563,7.407000122070313,5.256167980123915,3368736,0.0,0.0,0.0,True
2017-08-17,7.405,7.4172998046875005,7.367000122070313,7.38,5.237009536923163,2361894,0.0,0.0,0.0,True
2017-08-18,7.327999877929687,7.332000122070313,7.289000244140625,7.3100000000000005,5.187334396476967,5364489,0.0,0.0,0.0,True
2017-08-21,7.287000122070313,7.320780029296875,7.284000244140625,7.3100000000000005,5.187334396476967,6159031,0.0,0.0,0.0,True
2017-08-22,7.345,7.377000122070313,7.297780151367188,7.369000244140625,5.229203697975521,3862734,0.0,0.0,0.0,True
2017-08-23,7.357000122070312,7.380999755859375,7.345,7.374000244140625,5.232752201678406,3214314,0.0,0.0,0.0,True
2017-08-24,7.3870001220703125,7.425,7.377999877929688,7.392000122070312,5.245524207412673,8745486,0.0,0.0,0.0,True
2017-08-25,7.407000122070313,7.427999877929688,7.389000244140625,7.389000244140625,5.243396843588349,4116946,0.0,0.0,0.0,True
2017-08-29,7.330999755859375,7.339749755859375,7.277000122070312,7.329000244140625,5.200818710547919,6949373,0.0,0.0,0.0,True
2017-08-30,7.3659997558593755,7.367999877929687,7.337000122070313,7.350999755859375,5.216429953843846,2522312,0.0,0.0,0.0,True
2017-08-31,7.375,7.42875,7.365,7.415999755859375,5.262554417590403,4731660,0.0,0.0,0.0,True
2017-09-01,7.427999877929688,7.444000244140625,7.42,7.42,5.265395393549465,3423277,0.0,0.0,0.0,True
2017-09-04,7.392999877929688,7.419500122070312,7.392000122070312,7.392000122070312,5.245524207412673,5408227,0.0,0.0,0.0,True
2017-09-05,7.4,7.424000244140625,7.354000244140625,7.360999755859375,5.223524788252854,4171486,0.0,0.0,0.0,True
2017-09-06,7.340999755859375,7.357899780273438,7.309000244140625,7.332999877929687,5.2036566443115255,6237385,0.0,0.0,0.0,True
2017-09-07,7.36,7.402000122070312,7.337000122070313,7.387999877929688,5.2426862736490705,3113524,0.0,0.0,0.0,True
2017-09-08,7.37,7.372999877929687,7.345,7.369000244140625,5.229203697975521,3353560,0.0,0.0,0.0,True
2017-09-11,7.399000244140625,7.422999877929688,7.375,7.4029998779296875,5.253330915559017,3409180,0.0,0.0,0.0,True
2017-09-12,7.412000122070313,7.42,7.34864013671875,7.3870001220703125,5.241976138309144,3460411,0.0,0.0,0.0,True
2017-09-13,7.37,7.388070068359375,7.324000244140625,7.3629998779296875,5.224945058932712,5370261,0.0,0.0,0.0,True
2017-09-14,7.2700000000000005,7.289249877929688,7.1820001220703125,7.189000244140625,5.166162174028119,2964214,0.0922,0.0,0.0,True
2017-09-15,7.174000244140625,7.179990234375,7.08916015625,7.102000122070312,5.103642185736096,8306884,0.0,0.0,0.0,True
2017-09-18,7.135,7.150260009765625,7.120999755859375,7.15,5.138136806967766,5131860,0.0,0.0,0.0,True
2017-09-19,7.145999755859375,7.182999877929688,7.139000244140625,7.17,5.152509895855827,2666969,0.0,0.0,0.0,True
2017-09-20,7.170999755859375,7.184099731445313,7.145999755859375,7.17,5.152509895855827,2130325,0.0,0.0,0.0,True
2017-09-21,7.1690002441406255,7.1850000000000005,7.1559997558593755,7.16,5.145322471301033,1509713,0.0,0.0,0.0,True
2017-09-22,7.137999877929688,7.2140002441406255,7.137999877929688,7.205,5.177661261216105,4288369,0.0,0.0,0.0,True
2017-09-25,7.180999755859375,7.206729736328125,7.167999877929688,7.195999755859376,5.171192887155555,2652923,0.0,0.0,0.0,True
2017-09-26,7.185999755859375,7.207999877929687,7.167999877929688,7.184000244140625,5.162570441999941,3924357,0.0,0.0,0.0,True
2017-09-27,7.207000122070313,7.222999877929688,7.18468017578125,7.219000244140625,5.18772092724945,10454848,0.0,0.0,0.0,True
2017-09-28,7.2220001220703125,7.227999877929688,7.195,7.227999877929688,5.194188861254619,21912554,0.0,0.0,0.0,True
2017-09-29,7.24,7.285460205078125,7.218629760742187,7.275999755859375,5.2286826023755255,19115429,0.0,0.0,0.0,True
2017-10-02,7.285999755859375,7.34,7.282000122070313,7.34,5.274674990629032,4312832,0.0,0.0,0.0,True
2017-10-03,7.34,7.37,7.329000244140625,7.367999877929687,5.294796963028021,2307184,0.0,0.0,0.0,True
2017-10-04,7.362000122070313,7.37666015625,7.355599975585938,7.37,5.296233743850368,3050146,0.0,0.0,0.0,True
2017-10-05,7.377999877929688,7.415,7.375999755859375,7.415,5.32857033348853,2520709,0.0,0.0,0.0,True
2017-10-06,7.42,7.433460083007812,7.417449951171875,7.43,5.3393521304038,2545639,0.0,0.0,0.0,True
2017-10-09,7.420999755859375,7.426519775390625,7.4025,7.415,5.32857033348853,2026867,0.0,0.0,0.0,True
2017-10-10,7.420999755859375,7.452000122070313,7.413660278320313,7.445999755859376,5.35084769714873,2491101,0.0,0.0,0.0,True
2017-10-11,7.452999877929687,7.454000244140625,7.427000122070313,7.445,5.350127766543717,2023508,0.0,0.0,0.0,True
2017-10-12,7.44,7.475999755859375,7.44,7.467000122070313,5.365939836531041,6117086,0.0,0.0,0.0,True
2017-10-13,7.444000244140625,7.4684997558593755,7.432659912109375,7.452999877929687,5.355878850331547,7255668,0.0,0.0,0.0,True
2017-10-16,7.467999877929688,7.467999877929688,7.4429998779296875,7.4429998779296875,5.3486940661090445,3318819,0.0,0.0,0.0,True
2017-10-17,7.4429998779296875,7.46448974609375,7.421599731445313,7.429000244140625,5.338632639854168,3816295,0.0,0.0,0.0,True
2017-10-18,7.447000122070313,7.4681298828125,7.4415002441406255,7.455999755859375,5.358035121703526,3079438,0.0,0.0,0.0,True
2017-10-19,7.437000122070312,7.445700073242188,7.414000244140625,7.439000244140625,5.345818304187438,3584414,0.0,0.0,0.0,True
2017-10-20,7.474000244140625,7.47573974609375,7.43,7.437999877929688,5.345098373582426,2477378,0.0,0.0,0.0,True
2017-10-23,7.442000122070312,7.4556201171875,7.425380249023438,7.437999877929688,5.345098373582426,2545200,0.0,0.0,0.0,True
2017-10-24,7.427000122070313,7.449000244140625,7.424329833984375,7.437000122070312,5.344378883032796,10874295,0.0,0.0,0.0,True
2017-10-25,7.425,7.440659790039063,7.357000122070312,7.364000244140625,5.291922521272558,11899326,0.0,0.0,0.0,True
2017-10-26,7.377000122070313,7.410999755859375,7.365070190429687,7.410999755859375,5.325695891733069,6414058,0.0,0.0,0.0,True
2017-10-27,7.412000122070313,7.44155029296875,7.405,7.425,5.335758198098708,2450513,0.0,0.0,0.0,True
2017-10-30,7.412999877929687,7.422000122070313,7.399000244140625,7.412000122070313,5.326415822338081,2671250,0.0,0.0,0.0,True
2017-10-31,7.414000244140625,7.435999755859375,7.404000244140625,7.412999877929687,5.327133992721562,3545689,0.0,0.0,0.0,True
2017-11-01,7.447000122070313,7.452999877929687,7.4059997558593755,7.4059997558593755,5.322102839538747,4595481,0.0,0.0,0.0,True
2017-11-02,7.395999755859375,7.480999755859375,7.3950000000000005,7.475999755859375,5.372406890425445,5086298,0.0,0.0,0.0,True
2017-11-03,7.4879998779296875,7.500759887695312,7.465,7.479000244140625,5.374564481963565,3175835,0.0,0.0,0.0,True
2017-11-06,7.4750000000000005,7.493499755859375,7.465,7.482999877929688,5.3774371634975,2278520,0.0,0.0,0.0,True
2017-11-07,7.495,7.500999755859375,7.42969970703125,7.432999877929688,5.341506641554245,2408445,0.0,0.0,0.0,True
2017-11-08,7.435999755859375,7.452919921875,7.421220092773438,7.447999877929687,5.3522862381926055,3012154,0.0,0.0,0.0,True
2017-11-09,7.440999755859375,7.460999755859375,7.404000244140625,7.415999755859375,5.32928850387201,4244617,0.0,0.0,0.0,True
2017-11-10,7.425,7.429000244140625,7.352780151367187,7.3629998779296875,5.291203030722931,3009750,0.0,0.0,0.0,True
2017-11-13,7.392999877929688,7.401779785156251,7.335,7.347999877929688,5.2804234340845735,2707618,0.0,0.0,0.0,True
2017-11-14,7.357000122070312,7.365,7.32968017578125,7.342000122070313,5.276111331396,2522900,0.0,0.0,0.0,True
2017-11-15,7.312999877929688,7.327999877929687,7.29,7.3070001220703125,5.250960406091103,5845972,0.0,0.0,0.0,True
2017-11-16,7.320999755859376,7.33780029296875,7.315,7.335999755859375,5.271799228707428,6227132,0.0,0.0,0.0,True
2017-11-17,7.315999755859375,7.347999877929688,7.302000122070313,7.325,5.26389627410144,3332715,0.0,0.0,0.0,True
2017-11-20,7.305,7.342999877929688,7.302999877929688,7.335999755859375,5.271799228707428,1263816,0.0,0.0,0.0,True
2017-11-21,7.322000122070313,7.3659997558593755,7.312999877929688,7.357000122070312,5.28689136808974,2609570,0.0,0.0,0.0,True
2017-11-22,7.355,7.4029998779296875,7.354000244140625,7.364000244140625,5.291922521272558,2342001,0.0,0.0,0.0,True
2017-11-23,7.34,7.374000244140625,7.324000244140625,7.367999877929687,5.294796963028021,2653143,0.0,0.0,0.0,True
2017-11-24,7.365,7.374000244140625,7.344000244140625,7.36,5.289047199406336,3242122,0.0,0.0,0.0,True
2017-11-27,7.355,7.385999755859375,7.334000244140626,7.334000244140626,5.270363327995842,3175951,0.0,0.0,0.0,True
2017-11-28,7.3390002441406255,7.4190002441406255,7.337999877929688,7.41,5.324978601460351,3473164,0.0,0.0,0.0,True
2017-11-29,7.377000122070313,7.392999877929688,7.3390002441406255,7.345999755859375,5.278985773151461,3815821,0.0,0.0,0.0,True
2017-11-30,7.319000244140625,7.3659997558593755,7.274000244140625,7.274000244140625,5.227246701663938,3691206,0.0,0.0,0.0,True
2017-12-01,7.275,7.3070001220703125,7.242999877929687,7.26,5.217186155519831,5365047,0.0,0.0,0.0,True
2017-12-04,7.310999755859375,7.315999755859375,7.277000122070312,7.292000122070313,5.240180369397365,4125713,0.0,0.0,0.0,True
2017-12-05,7.309000244140625,7.327000122070313,7.282000122070313,7.282999877929687,5.233714195613726,1977892,0.0,0.0,0.0,True
2017-12-06,7.250999755859375,7.322999877929687,7.247000122070313,7.305,5.249524065324141,3802272,0.0,0.0,0.0,True
2017-12-07,7.305999755859375,7.3259997558593755,7.2700000000000005,7.2779998779296875,5.2301202633086366,3710611,0.0,0.0,0.0,True
2017-12-08,7.285999755859375,7.370999755859375,7.272000122070312,7.349000244140625,5.281142924634199,28700846,0.0,0.0,0.0,True
2017-12-11,7.372000122070313,7.415,7.372000122070313,7.412000122070313,5.326415822338081,13091580,0.0,0.0,0.0,True
2017-12-12,7.4190002441406255,7.46,7.4059997558593755,7.457999877929687,5.359471902525872,3737145,0.0,0.0,0.0,True
2017-12-13,7.4509997558593755,7.470999755859375,7.449000244140625,7.46,5.360908683348221,3646262,0.0,0.0,0.0,True
2017-12-14,7.385,7.4,7.357999877929688,7.357999877929688,5.325588030146845,4053262,0.053199997000000006,0.0,0.0,True
2017-12-15,7.3470001220703125,7.392000122070312,7.3390002441406255,7.392000122070312,5.35019673533887,7044640,0.0,0.0,0.0,True
2017-12-18,7.415999755859375,7.445,7.412999877929687,7.440999755859375,5.385662574173877,3866766,0.0,0.0,0.0,True
2017-12-19,7.445,7.462999877929688,7.435999755859375,7.447000122070313,5.390004895809686,8230781,0.0,0.0,0.0,True
2017-12-20,7.445,7.452999877929687,7.417000122070313,7.434000244140625,5.380597861818907,8184718,0.0,0.0,0.0,True
2017-12-21,7.425999755859375,7.510999755859375,7.424000244140625,7.505,5.431982887544935,4785640,0.0,0.0,0.0,True
2017-12-22,7.487000122070313,7.517000122070312,7.465999755859375,7.465999755859375,5.403755137805248,1853815,0.0,0.0,0.0,True
2017-12-27,7.492999877929687,7.532000122070313,7.492999877929687,7.520999755859375,5.443565957383009,2442384,0.0,0.0,0.0,True
2017-12-28,7.539000244140625,7.539000244140625,7.5200000000000005,7.5279998779296875,5.448629783368996,2894013,0.0,0.0,0.0,True
2017-12-29,7.525999755859375,7.6129998779296875,7.525,7.6129998779296875,5.51015442704824,2262611,0.0,0.0,0.0,True
2018-01-02,7.595,7.595,7.5309997558593755,7.5570001220703125,5.469620773566831,4357031,0.0,0.0,0.0,True
2018-01-03,7.569000244140625,7.590999755859375,7.545,7.570999755859376,5.479754186937182,4433794,0.0,0.0,0.0,True
2018-01-04,7.595,7.602000122070312,7.57,7.592000122070313,5.494953199031489,4938838,0.0,0.0,0.0,True
2018-01-05,7.6000000000000005,7.6290002441406255,7.590999755859375,7.6159997558593755,5.512322042390221,11376228,0.0,0.0,0.0,True
2018-01-08,7.6159997558593755,7.622000122070313,7.5679998779296875,7.577999877929687,5.484820228845624,32522135,0.0,0.0,0.0,True
2018-01-09,7.597999877929688,7.617999877929687,7.597999877929688,7.612000122070313,5.509428490853156,4862326,0.0,0.0,0.0,True
2018-01-10,7.607000122070312,7.6370001220703125,7.6000000000000005,7.632000122070313,5.523905112228297,3916541,0.0,0.0,0.0,True
2018-01-11,7.637999877929688,7.647999877929688,7.617999877929687,7.639000244140625,5.5289702677677575,3476054,0.0,0.0,0.0,True
2018-01-12,7.654000244140625,7.6820001220703125,7.642000122070312,7.672999877929688,5.553580302513252,21252261,0.0,0.0,0.0,True
2018-01-15,7.67,7.67,7.652000122070312,7.659000244140625,5.543446889142899,4757708,0.0,0.0,0.0,True
2018-01-16,7.657000122070313,7.679000244140625,7.632000122070313,7.65,5.536932963504695,5150356,0.0,0.0,0.0,True
2018-01-17,7.632000122070313,7.640999755859375,7.604000244140625,7.6159997558593755,5.512322042390221,7710246,0.0,0.0,0.0,True
2018-01-18,7.625,7.6370001220703125,7.577000122070313,7.595,5.497124359849389,5219899,0.0,0.0,0.0,True
2018-01-19,7.602000122070312,7.625999755859375,7.5890002441406255,7.625999755859375,5.519560574670039,4447592,0.0,0.0,0.0,True
2018-01-22,7.61,7.630999755859375,7.59,7.599000244140625,5.5000192409399284,4732379,0.0,0.0,0.0,True
2018-01-23,7.625,7.63,7.605,7.615,5.511598765302078,9033342,0.0,0.0,0.0,True
2018-01-24,7.602999877929688,7.6159997558593755,7.545,7.545,5.4609352439262375,13454073,0.0,0.0,0.0,True
2018-01-25,7.535999755859375,7.5600000000000005,7.5040002441406255,7.514000244140625,5.438497699552116,3411658,0.0,0.0,0.0,True
2018-01-26,7.524000244140625,7.565,7.524000244140625,7.565,5.4754114221168875,3662414,0.0,0.0,0.0,True
2018-01-29,7.562000122070312,7.585,7.5600000000000005,7.567000122070312,5.476857976293171,2043437,0.0,0.0,0.0,True
2018-01-30,7.525999755859375,7.555,7.485,7.485,5.417508482092245,2957715,0.0,0.0,0.0,True
2018-01-31,7.495999755859375,7.497999877929687,7.4190002441406255,7.44,5.384937524347772,2738720,0.0,0.0,0.0,True
2018-02-01,7.445999755859376,7.452000122070313,7.38,7.399000244140625,5.35526277724731,4104880,0.0,0.0,0.0,True
2018-02-02,7.389000244140625,7.3950000000000005,7.3390002441406255,7.347999877929688,5.318350384236012,5498886,0.0,0.0,0.0,True
2018-02-05,7.282999877929687,7.282999877929687,7.242000122070313,7.242000122070313,5.241629387569403,5720539,0.0,0.0,0.0,True
2018-02-06,7.03,7.170999755859375,7.024000244140625,7.052000122070313,5.104111456156601,25769869,0.0,0.0,0.0,True
2018-02-07,7.107999877929688,7.2220001220703125,7.08,7.194000244140625,5.206887712191517,10480125,0.0,0.0,0.0,True
2018-02-08,7.142000122070312,7.172999877929688,7.077999877929687,7.087999877929688,5.13016538597144,5805325,0.0,0.0,0.0,True
2018-02-09,7.052000122070313,7.082000122070313,6.99,7.002000122070313,5.067922340233447,10407611,0.0,0.0,0.0,True
2018-02-12,7.074000244140625,7.114000244140625,7.0600000000000005,7.0890002441406255,5.130889992613055,5168261,0.0,0.0,0.0,True
2018-02-13,7.094000244140625,7.117999877929687,7.08,7.085999755859375,5.128720161348625,4804605,0.0,0.0,0.0,True
2018-02-14,7.135,7.157000122070313,7.064000244140625,7.122000122070313,5.154775420716933,4559769,0.0,0.0,0.0,True
2018-02-15,7.174000244140625,7.202999877929687,7.145999755859375,7.177000122070313,5.194583581187752,5993469,0.0,0.0,0.0,True
2018-02-16,7.21,7.242999877929687,7.207999877929687,7.23,5.232944301113301,12878758,0.0,0.0,0.0,True
2018-02-19,7.235999755859375,7.242000122070313,7.180999755859375,7.189000244140625,5.203268667643856,2120065,0.0,0.0,0.0,True
2018-02-20,7.195,7.195,7.1450000000000005,7.1850000000000005,5.2003737865533175,5567337,0.0,0.0,0.0,True
2018-02-21,7.182999877929688,7.229000244140625,7.16,7.219000244140625,5.224982048560849,2193259,0.0,0.0,0.0,True
2018-02-22,7.170999755859375,7.22,7.145999755859375,7.215,5.22208805383929,4984958,0.0,0.0,0.0,True
2018-02-23,7.219000244140625,7.22,7.179000244140625,7.202999877929687,5.21340075146074,2960408,0.0,0.0,0.0,True
2018-02-26,7.235,7.267000122070312,7.217999877929688,7.242000122070313,5.241629387569403,2605899,0.0,0.0,0.0,True
2018-02-27,7.270999755859375,7.292000122070313,7.225999755859375,7.237000122070313,5.238010786206231,3455991,0.0,0.0,0.0,True
2018-02-28,7.195999755859376,7.245999755859375,7.184000244140625,7.184000244140625,5.199650952649666,3926539,0.0,0.0,0.0,True
2018-03-01,7.170999755859375,7.19,7.105999755859375,7.13,5.160566512451481,24987050,0.0,0.0,0.0,True
2018-03-02,7.087999877929688,7.11,7.024000244140625,7.0309997558593755,5.088911114508828,12657263,0.0,0.0,0.0,True
2018-03-05,7.024000244140625,7.08,7.024000244140625,7.08,5.124376510159345,4864146,0.0,0.0,0.0,True
2018-03-06,7.1370001220703125,7.16,7.107999877929688,7.109000244140625,5.145367500357177,3511108,0.0,0.0,0.0,True
2018-03-07,7.087000122070313,7.139000244140625,7.075,7.117000122070313,5.15115593298478,8018885,0.0,0.0,0.0,True
2018-03-08,7.114000244140625,7.172999877929688,7.114000244140625,7.167000122070313,5.187345492092425,5264932,0.0,0.0,0.0,True
2018-03-09,7.165999755859375,7.192000122070312,7.1559997558593755,7.192000122070312,5.2054407148307416,4713226,0.0,0.0,0.0,True
2018-03-12,7.212000122070313,7.217999877929688,7.162999877929687,7.177999877929688,5.195307744644877,1891515,0.0,0.0,0.0,True
2018-03-13,7.180999755859375,7.187999877929688,7.094000244140625,7.105,5.142471732897657,4050810,0.0,0.0,0.0,True
2018-03-14,7.11,7.142999877929688,7.0890002441406255,7.097999877929688,5.13740569098922,1687773,0.0,0.0,0.0,True
2018-03-15,7.052999877929688,7.075,7.042999877929688,7.057999877929688,5.1476894005106875,2872155,0.0541,0.0,0.0,True
2018-03-16,7.052000122070313,7.102999877929688,7.047000122070313,7.085,5.167382449791436,5832075,0.0,0.0,0.0,True
2018-03-19,7.0600000000000005,7.060999755859375,6.952000122070313,6.965,5.0798604656478785,6821370,0.0,0.0,0.0,True
2018-03-20,6.989000244140625,7.000999755859375,6.962000122070313,6.982000122070312,5.092260388378667,4478622,0.0,0.0,0.0,True
2018-03-21,6.985,6.985,6.94,6.965,5.0798604656478785,13089262,0.0,0.0,0.0,True
2018-03-22,6.922999877929688,6.955999755859375,6.845,6.887999877929688,5.023702230171739,5153434,0.0,0.0,0.0,True
2018-03-23,6.849000244140625,6.880999755859375,6.8070001220703125,6.850999755859375,4.996716500895439,6286753,0.0,0.0,0.0,True
2018-03-26,6.8629998779296875,6.887999877929688,6.799000244140625,6.8179998779296875,4.972649004658814,3635997,0.0,0.0,0.0,True
2018-03-27,6.910999755859375,6.9720001220703125,6.902000122070312,6.9320001220703125,5.055792969411251,5138367,0.0,0.0,0.0,True
2018-03-28,6.88,6.980999755859375,6.855999755859375,6.980999755859375,5.091530718480145,3782297,0.0,0.0,0.0,True
2018-03-29,6.98,7.042000122070313,6.9750000000000005,6.9909997558593755,5.098823845030104,5611424,0.0,0.0,0.0,True
2018-04-03,6.927000122070313,6.992999877929687,6.927000122070313,6.962999877929688,5.078403358622863,2199624,0.0,0.0,0.0,True
2018-04-04,6.9509997558593755,6.972999877929688,6.907000122070313,6.967999877929688,5.082048582234625,3547643,0.0,0.0,0.0,True
2018-04-05,7.07,7.142999877929688,7.049000244140625,7.142999877929688,5.209684548620584,2543429,0.0,0.0,0.0,True
2018-04-06,7.117999877929687,7.150999755859375,7.102000122070312,7.12,5.192908839270698,2443174,0.0,0.0,0.0,True
2018-04-09,7.147999877929688,7.147999877929688,7.084000244140626,7.132000122070313,5.201662198726508,2425202,0.0,0.0,0.0,True
2018-04-10,7.175,7.207000122070313,7.152000122070312,7.207000122070313,5.256361540960009,2446650,0.0,0.0,0.0,True
2018-04-11,7.180999755859375,7.204000244140625,7.177999877929688,7.195,5.247610414276226,2980553,0.0,0.0,0.0,True
2018-04-12,7.189000244140625,7.202000122070313,7.179000244140625,7.195,5.247610414276226,5336323,0.0,0.0,0.0,True
2018-04-13,7.204000244140625,7.2140002441406255,7.185999755859375,7.205,5.254903540826184,1979085,0.0,0.0,0.0,True
2018-04-16,7.202999877929687,7.207999877929687,7.135,7.135,5.2038494222044465,2916491,0.0,0.0,0.0,True
2018-04-17,7.150999755859375,7.177999877929688,7.130999755859375,7.165999755859375,5.226458471752842,4412723,0.0,0.0,0.0,True
2018-04-18,7.18,7.260999755859375,7.177999877929688,7.2540002441406255,5.290640396786269,4704123,0.0,0.0,0.0,True
2018-04-19,7.274000244140625,7.284000244140625,7.257000122070313,7.275999755859375,5.306685543128822,2781714,0.0,0.0,0.0,True
2018-04-20,7.297999877929688,7.315999755859375,7.285999755859375,7.315,5.335131951865379,4662545,0.0,0.0,0.0,True
2018-04-23,7.319000244140625,7.357999877929688,7.3100000000000005,7.352999877929688,5.362845564822581,12344449,0.0,0.0,0.0,True
2018-04-24,7.362000122070313,7.389000244140625,7.352000122070312,7.38,5.382537720994515,3168221,0.0,0.0,0.0,True
2018-04-25,7.327999877929687,7.354000244140625,7.287000122070313,7.327999877929687,5.344612748447682,4451782,0.0,0.0,0.0,True
2018-04-26,7.33,7.377999877929688,7.317000122070312,7.375999755859375,5.379619487954839,3698504,0.0,0.0,0.0,True
2018-04-27,7.390000000000001,7.4640002441406255,7.38,7.4640002441406255,5.443802306097077,4017507,0.0,0.0,0.0,True
2018-04-30,7.47,7.500999755859375,7.459000244140626,7.459000244140626,5.440154849713289,2032749,0.0,0.0,0.0,True
2018-05-01,7.4720001220703125,7.500999755859375,7.46,7.467000122070313,5.44599131579264,2744305,0.0,0.0,0.0,True
2018-05-02,7.4909997558593755,7.522000122070312,7.487000122070313,7.494000244140625,5.465683471964577,3233423,0.0,0.0,0.0,True
2018-05-03,7.4879998779296875,7.507999877929688,7.445999755859376,7.459000244140626,5.440154849713289,2900123,0.0,0.0,0.0,True
2018-05-04,7.482000122070312,7.522000122070312,7.477000122070312,7.520999755859375,5.485376074690921,3798177,0.0,0.0,0.0,True
2018-05-08,7.539000244140625,7.552000122070313,7.5040002441406255,7.517999877929688,5.483186171886548,2399128,0.0,0.0,0.0,True
2018-05-09,7.5440002441406255,7.619000244140625,7.539000244140625,7.619000244140625,5.55684978661109,3417060,0.0,0.0,0.0,True
2018-05-10,7.675,7.682999877929688,7.607999877929688,7.6820001220703125,5.602800234932835,3079458,0.0,0.0,0.0,True
2018-05-11,7.684000244140625,7.705999755859375,7.667999877929688,7.705,5.619574158065096,3140869,0.0,0.0,0.0,True
2018-05-14,7.7009997558593755,7.704000244140625,7.665,7.687000122070312,5.606447244762217,4301307,0.0,0.0,0.0,True
2018-05-15,7.67,7.727000122070312,7.665999755859375,7.7,5.615927594790119,3243248,0.0,0.0,0.0,True
2018-05-16,7.704000244140625,7.7250000000000005,7.697999877929687,7.715999755859375,5.627596061404763,3357175,0.0,0.0,0.0,True
2018-05-17,7.702999877929687,7.777000122070313,7.7009997558593755,7.777000122070313,5.672086276820659,2729054,0.0,0.0,0.0,True
2018-05-18,7.762999877929688,7.774000244140625,7.74,7.767999877929688,5.665521927060409,2014717,0.0,0.0,0.0,True
2018-05-21,7.802999877929688,7.8500000000000005,7.795,7.8470001220703125,5.723141288551209,3024733,0.0,0.0,0.0,True
2018-05-22,7.842999877929688,7.889000244140625,7.842999877929688,7.865,5.7362686484084895,3032327,0.0,0.0,0.0,True
2018-05-23,7.844000244140625,7.8500000000000005,7.752000122070313,7.7779998779296875,5.672815946719178,4344780,0.0,0.0,0.0,True
2018-05-24,7.7940002441406255,7.797999877929688,7.705999755859375,7.705999755859375,5.620302488300401,1816992,0.0,0.0,0.0,True
2018-05-25,7.742999877929687,7.742999877929687,7.6929998779296875,7.720999755859375,5.631242624679744,3366175,0.0,0.0,0.0,True
2018-05-29,7.675,7.675,7.607999877929688,7.625,5.561225573230184,2263156,0.0,0.0,0.0,True
2018-05-30,7.624000244140625,7.684000244140625,7.604000244140625,7.684000244140625,5.6042573419578465,7304192,0.0,0.0,0.0,True
2018-05-31,7.702999877929687,7.717999877929688,7.6450000000000005,7.662999877929687,5.588940079296192,2698357,0.0,0.0,0.0,True
2018-06-01,7.724000244140625,7.742000122070313,7.692000122070312,7.699000244140625,5.615197924891597,2149203,0.0,0.0,0.0,True
2018-06-04,7.725999755859375,7.765000000000001,7.722999877929688,7.742000122070313,5.646559440786991,3704054,0.0,0.0,0.0,True
2018-06-05,7.71,7.74,7.682999877929688,7.6850000000000005,5.604986118747556,2095602,0.0,0.0,0.0,True
2018-06-06,7.695999755859376,7.725999755859375,7.67,7.715,5.626865498397434,1598354,0.0,0.0,0.0,True
2018-06-07,7.764000244140625,7.765999755859375,7.702000122070313,7.705,5.619574158065096,5791163,0.0,0.0,0.0,True
2018-06-08,7.667999877929688,7.72,7.645999755859375,7.6929998779296875,5.610821245163691,6708191,0.0,0.0,0.0,True
2018-06-11,7.71,7.76,7.705999755859375,7.755,5.656041577032509,3142847,0.0,0.0,0.0,True
2018-06-12,7.767999877929688,7.767999877929688,7.707000122070313,7.7140002441406255,5.6261367216077245,3351734,0.0,0.0,0.0,True
2018-06-13,7.705,7.750999755859375,7.684000244140625,7.712999877929688,5.625407944818015,2530963,0.0,0.0,0.0,True
2018-06-14,7.572000122070313,7.707999877929688,7.5679998779296875,7.684000244140625,5.673549209054466,6027291,0.0942,0.0,0.0,True
2018-06-15,7.684000244140625,7.695,7.552999877929688,7.552999877929688,5.576823611932177,3699596,0.0,0.0,0.0,True
2018-06-18,7.555,7.564000244140625,7.522000122070312,7.552999877929688,5.576823611932177,2348687,0.0,0.0,0.0,True
2018-06-19,7.494000244140625,7.535,7.470999755859375,7.522999877929688,5.554673705582728,2337289,0.0,0.0,0.0,True
2018-06-20,7.57,7.622999877929687,7.552000122070313,7.552000122070313,5.57608727061053,2867536,0.0,0.0,0.0,True
2018-06-21,7.582999877929687,7.5890002441406255,7.470999755859375,7.479000244140625,5.522185639400657,2668506,0.0,0.0,0.0,True
2018-06-22,7.497000122070313,7.607999877929688,7.4909997558593755,7.607000122070312,5.616696336292095,2871732,0.0,0.0,0.0,True
2018-06-25,7.572999877929687,7.584000244140626,7.43,7.43,5.486005470139891,4121751,0.0,0.0,0.0,True
2018-06-26,7.455999755859375,7.484000244140625,7.439000244140625,7.4640002441406255,5.511109782185025,3158104,0.0,0.0,0.0,True
2018-06-27,7.479000244140625,7.554000244140625,7.437999877929688,7.542999877929688,5.569440761836152,3411510,0.0,0.0,0.0,True
2018-06-28,7.514000244140625,7.552000122070313,7.5,7.547000122070313,5.572394263490923,2288350,0.0,0.0,0.0,True
2018-06-29,7.597999877929688,7.630999755859375,7.565999755859375,7.565999755859375,5.586422266299968,4773753,0.0,0.0,0.0,True
2018-07-02,7.507000122070313,7.510999755859375,7.467000122070313,7.479000244140625,5.522185639400657,3188460,0.0,0.0,0.0,True
2018-07-03,7.507000122070313,7.559000244140625,7.475999755859375,7.522000122070312,5.553936008199719,2840919,0.0,0.0,0.0,True
2018-07-04,7.5,7.512999877929688,7.494000244140625,7.502000122070313,5.539168499925841,705861,0.0,0.0,0.0,True
2018-07-05,7.507999877929688,7.550999755859375,7.507000122070313,7.534000244140625,5.562796061143588,1822040,0.0,0.0,0.0,True
2018-07-06,7.5570001220703125,7.559000244140625,7.5,7.545999755859375,5.571656114087459,1961312,0.0,0.0,0.0,True
2018-07-09,7.572999877929687,7.624000244140625,7.557999877929688,7.6159997558593755,5.623340132943742,3266668,0.0,0.0,0.0,True
2018-07-10,7.625,7.642000122070312,7.609000244140625,7.6159997558593755,5.623340132943742,3544352,0.0,0.0,0.0,True
2018-07-11,7.557999877929688,7.557999877929688,7.507999877929688,7.525,5.55615000438966,2997553,0.0,0.0,0.0,True
2018-07-12,7.539000244140625,7.590999755859375,7.527000122070312,7.577999877929687,5.595283223284748,1857394,0.0,0.0,0.0,True
2018-07-13,7.62,7.642999877929688,7.587999877929688,7.587999877929688,5.602666525401229,2096748,0.0,0.0,0.0,True
2018-07-16,7.595999755859375,7.595999755859375,7.495,7.520999755859375,5.553198310816707,2313742,0.0,0.0,0.0,True
2018-07-17,7.527000122070312,7.569000244140625,7.51,7.5570001220703125,5.579779373689227,1404436,0.0,0.0,0.0,True
2018-07-18,7.585999755859375,7.61,7.577999877929687,7.607000122070312,5.616696336292095,1870149,0.0,0.0,0.0,True
2018-07-19,7.5970001220703125,7.63,7.592000122070313,7.61,5.618910332482039,2683858,0.0,0.0,0.0,True
2018-07-20,7.5970001220703125,7.63,7.5600000000000005,7.602000122070312,5.6130037811929405,1826753,0.0,0.0,0.0,True
2018-07-23,7.5759997558593755,7.605,7.547999877929688,7.58,5.596759974112135,2329751,0.0,0.0,0.0,True
2018-07-24,7.605999755859375,7.665999755859375,7.5759997558593755,7.6370001220703125,5.638848050723362,4390327,0.0,0.0,0.0,True
2018-07-25,7.63,7.630999755859375,7.562000122070312,7.580999755859375,5.597498575536054,3125461,0.0,0.0,0.0,True
2018-07-26,7.592999877929688,7.605,7.5679998779296875,7.584000244140626,5.599714831828275,1602065,0.0,0.0,0.0,True
2018-07-27,7.6129998779296875,7.642000122070312,7.600999755859375,7.627000122070313,5.63146294052506,6004894,0.0,0.0,0.0,True
2018-07-30,7.585,7.642999877929688,7.585,7.627000122070313,5.63146294052506,6368527,0.0,0.0,0.0,True
2018-07-31,7.620999755859375,7.707999877929688,7.620999755859375,7.677000122070313,5.6683817112097445,1729892,0.0,0.0,0.0,True
2018-08-01,7.674000244140625,7.674000244140625,7.565,7.580999755859375,5.597498575536054,2464179,0.0,0.0,0.0,True
2018-08-02,7.559000244140625,7.562999877929688,7.470999755859375,7.51,5.545075051214937,3196840,0.0,0.0,0.0,True
2018-08-03,7.537999877929687,7.5970001220703125,7.5279998779296875,7.592000122070313,5.605620479076462,2678882,0.0,0.0,0.0,True
2018-08-06,7.599000244140625,7.612000122070313,7.567000122070312,7.592000122070313,5.605620479076462,2069043,0.0,0.0,0.0,True
2018-08-07,7.607999877929688,7.677999877929688,7.607000122070312,7.649000244140625,5.647707199626324,4026409,0.0,0.0,0.0,True
2018-08-08,7.647000122070312,7.715999755859375,7.640000000000001,7.704000244140625,5.68831671732834,2978117,0.0,0.0,0.0,True
2018-08-09,7.712000122070313,7.712000122070313,7.677000122070313,7.7,5.685363215673564,6452075,0.0,0.0,0.0,True
2018-08-10,7.672000122070313,7.672999877929688,7.620999755859375,7.627999877929688,5.6322006379080705,3857819,0.0,0.0,0.0,True
2018-08-13,7.605999755859375,7.619000244140625,7.577999877929687,7.607999877929688,5.617434485695558,1465378,0.0,0.0,0.0,True
2018-08-14,7.627000122070313,7.627999877929688,7.5600000000000005,7.572999877929687,5.5915915722265055,2194309,0.0,0.0,0.0,True
2018-08-15,7.592999877929688,7.592999877929688,7.44,7.462999877929688,5.510372084802013,4957409,0.0,0.0,0.0,True
2018-08-16,7.5,7.5440002441406255,7.487000122070313,7.535999755859375,5.564271907930065,1766476,0.0,0.0,0.0,True
2018-08-17,7.534000244140625,7.550999755859375,7.492000122070313,7.545999755859375,5.571656114087459,1881985,0.0,0.0,0.0,True
2018-08-20,7.554000244140625,7.595,7.547999877929688,7.572999877929687,5.5915915722265055,1996354,0.0,0.0,0.0,True
2018-08-21,7.552999877929688,7.580999755859375,7.537999877929687,7.549000244140625,5.5738701102774,1119519,0.0,0.0,0.0,True
2018-08-22,7.517999877929688,7.5890002441406255,7.5120001220703125,7.559000244140625,5.581253864414337,3172858,0.0,0.0,0.0,True
2018-08-23,7.555999755859375,7.585999755859375,7.547000122070313,7.554000244140625,5.577562213356094,2470214,0.0,0.0,0.0,True
2018-08-24,7.545999755859375,7.574000244140625,7.545999755859375,7.567000122070312,5.587162675805709,2121234,0.0,0.0,0.0,True
2018-08-28,7.6129998779296875,7.622999877929687,7.579000244140625,7.600999755859375,5.6122656317894775,4263659,0.0,0.0,0.0,True
2018-08-29,7.607000122070312,7.617999877929687,7.5279998779296875,7.547999877929688,5.573131960873932,3918805,0.0,0.0,0.0,True
2018-08-30,7.527000122070312,7.527000122070312,7.484000244140625,7.499000244140625,5.536953147674532,3402638,0.0,0.0,0.0,True
2018-08-31,7.495,7.495,7.417000122070313,7.417999877929688,5.47714677325739,5298414,0.0,0.0,0.0,True
2018-09-03,7.440999755859375,7.5040002441406255,7.440999755859375,7.495999755859375,5.534737795423226,2230863,0.0,0.0,0.0,True
2018-09-04,7.509000244140625,7.520999755859375,7.427000122070313,7.4429998779296875,5.495605480569051,2729231,0.0,0.0,0.0,True
2018-09-05,7.412000122070313,7.434000244140625,7.345,7.369000244140625,5.440967056017078,4224950,0.0,0.0,0.0,True
2018-09-06,7.3629998779296875,7.394000244140625,7.3070001220703125,7.3100000000000005,5.39740358463983,4310838,0.0,0.0,0.0,True
2018-09-07,7.315999755859375,7.322000122070313,7.2220001220703125,7.267999877929688,5.366392721305603,5016558,0.0,0.0,0.0,True
2018-09-10,7.282000122070313,7.304000244140625,7.259000244140625,7.277000122070312,5.373036969977707,2567571,0.0,0.0,0.0,True
2018-09-11,7.2700000000000005,7.272000122070312,7.217999877929688,7.2700000000000005,5.367869924153442,2706840,0.0,0.0,0.0,True
2018-09-12,7.262999877929688,7.319000244140625,7.245999755859375,7.305999755859375,5.394449630964596,2838235,0.0,0.0,0.0,True
2018-09-13,7.21,7.224000244140625,7.182999877929688,7.19,5.375087537093459,2192860,0.0901,0.0,0.0,True
2018-09-14,7.219000244140625,7.227999877929688,7.192000122070312,7.209000244140626,5.389292606297266,2664294,0.0,0.0,0.0,True
2018-09-17,7.199000244140625,7.224000244140625,7.175999755859375,7.205999755859375,5.387047123577627,2759975,0.0,0.0,0.0,True
2018-09-18,7.197000122070313,7.227000122070312,7.189000244140625,7.207999877929687,5.388543501913316,2783372,0.0,0.0,0.0,True
2018-09-19,7.212999877929688,7.250999755859375,7.187999877929688,7.235,5.408727220339072,4372113,0.0,0.0,0.0,True
2018-09-20,7.235999755859375,7.275,7.232000122070312,7.275,5.438631906650163,4454888,0.0,0.0,0.0,True
2018-09-21,7.312000122070312,7.400999755859375,7.307999877929688,7.394000244140625,5.5275922851189385,3401856,0.0,0.0,0.0,True
2018-09-24,7.367999877929687,7.392999877929688,7.357000122070312,7.364000244140625,5.505165829621865,1617705,0.0,0.0,0.0,True
2018-09-25,7.367999877929687,7.42,7.360999755859375,7.41,5.539553702035325,2669677,0.0,0.0,0.0,True
2018-09-26,7.4059997558593755,7.427000122070313,7.394000244140625,7.422999877929688,5.54927283948844,1775787,0.0,0.0,0.0,True
2018-09-27,7.397000122070312,7.457000122070313,7.3950000000000005,7.449000244140625,5.568710199178568,2527074,0.0,0.0,0.0,True
2018-09-28,7.427999877929688,7.4509997558593755,7.380999755859375,7.417000122070313,5.544788738169964,3954608,0.0,0.0,0.0,True
2018-10-01,7.385999755859375,7.43,7.370999755859375,7.402000122070312,5.533575052813374,4873229,0.0,0.0,0.0,True
2018-10-02,7.372000122070313,7.392999877929688,7.352000122070312,7.38,5.517125873714087,5092926,0.0,0.0,0.0,True
2018-10-03,7.4,7.43,7.384000244140625,7.417999877929688,5.545535554513646,1774000,0.0,0.0,0.0,True
2018-10-04,7.4029998779296875,7.4059997558593755,7.327999877929687,7.335,5.483485275252362,5388932,0.0,0.0,0.0,True
2018-10-05,7.327000122070313,7.33,7.232999877929688,7.232999877929688,5.407232672435598,3399628,0.0,0.0,0.0,True
2018-10-08,7.23,7.2379998779296875,7.150999755859375,7.150999755859375,5.345932412774376,2251777,0.0,0.0,0.0,True
2018-10-09,7.160999755859375,7.167000122070313,7.104000244140625,7.159000244140625,5.351911519604381,3849092,0.0,0.0,0.0,True
2018-10-10,7.149000244140625,7.16,7.065999755859375,7.065999755859375,5.282386212785458,2946570,0.0,0.0,0.0,True
2018-10-11,6.982999877929688,7.007000122070313,6.929000244140625,6.942000122070312,5.1896876341257805,6723267,0.0,0.0,0.0,True
2018-10-12,6.9750000000000005,7.002999877929688,6.922999877929688,6.924000244140625,5.1762312116978695,7565492,0.0,0.0,0.0,True
2018-10-15,6.929000244140625,6.967999877929688,6.890999755859375,6.955,5.199406771578899,4072077,0.0,0.0,0.0,True
2018-10-16,6.954000244140625,6.9909997558593755,6.93,6.989000244140625,5.224824153315134,3119556,0.0,0.0,0.0,True
2018-10-17,7.015000000000001,7.015000000000001,6.949000244140625,6.985999755859375,5.22258050102771,3359880,0.0,0.0,0.0,True
2018-10-18,6.974000244140625,7.01,6.955999755859375,6.955999755859375,5.200154503138687,4179604,0.0,0.0,0.0,True
2018-10-19,6.97,6.997999877929687,6.9429998779296875,6.982000122070312,5.219591862828817,3725049,0.0,0.0,0.0,True
2018-10-22,7.002000122070313,7.042999877929688,6.972999877929688,6.977000122070312,5.21585274742181,2558902,0.0,0.0,0.0,True
2018-10-23,6.91,6.939000244140625,6.862000122070313,6.887999877929688,5.1493192820581575,6239453,0.0,0.0,0.0,True
2018-10-24,6.9190002441406255,6.977999877929688,6.894000244140625,6.8950000000000005,5.154551114936424,3314736,0.0,0.0,0.0,True
2018-10-25,6.832000122070313,6.932999877929688,6.820999755859376,6.930999755859375,5.1814644174002975,3470610,0.0,0.0,0.0,True
2018-10-26,6.875,6.877999877929688,6.787999877929687,6.870999755859375,5.136609675973932,5045809,0.0,0.0,0.0,True
2018-10-29,6.9059997558593755,7.015000000000001,6.9029998779296875,6.957999877929687,5.201647678218,5588784,0.0,0.0,0.0,True
2018-10-30,6.975999755859375,6.9879998779296875,6.922999877929688,6.965,5.206881799136537,3743100,0.0,0.0,0.0,True
2018-10-31,7.047000122070313,7.09,7.045999755859375,7.062000122070312,5.279397574586564,4906006,0.0,0.0,0.0,True
2018-11-01,7.017999877929688,7.095999755859375,7.017999877929688,7.0440002441406255,5.265941609766707,4927256,0.0,0.0,0.0,True
2018-11-02,7.122999877929687,7.127000122070313,7.0200000000000005,7.0200000000000005,5.2479983403720025,4831601,0.0,0.0,0.0,True
2018-11-05,7.010999755859375,7.072999877929687,7.009000244140625,7.034000244140625,5.258465209384909,5234216,0.0,0.0,0.0,True
2018-11-06,7.0440002441406255,7.045999755859375,6.962000122070313,6.98,5.21809594210118,3985381,0.0,0.0,0.0,True
2018-11-07,7.019000244140625,7.065999755859375,7.015000000000001,7.050999755859375,5.2711743578610815,3089718,0.0,0.0,0.0,True
2018-11-08,7.0759997558593755,7.105999755859375,7.052999877929688,7.080999755859375,5.293601728574264,2597195,0.0,0.0,0.0,True
2018-11-09,7.04,7.050999755859375,7.01,7.0440002441406255,5.265941609766707,2805067,0.0,0.0,0.0,True
2018-11-12,7.092999877929688,7.104000244140625,6.997999877929687,7.0,5.23304782764867,8630538,0.0,0.0,0.0,True
2018-11-13,7.020999755859375,7.04,6.955999755859375,6.989000244140625,5.224824153315134,11668637,0.0,0.0,0.0,True
2018-11-14,6.96,7.050999755859375,6.9190002441406255,6.9720001220703125,5.21211500483896,3479806,0.0,0.0,0.0,True
2018-11-15,7.009000244140625,7.032999877929687,6.934000244140625,6.994000244140625,5.228562353506034,9517388,0.0,0.0,0.0,True
2018-11-16,7.0200000000000005,7.0440002441406255,6.924000244140625,6.965,5.206881799136537,5985195,0.0,0.0,0.0,True
2018-11-19,6.985999755859375,7.024000244140625,6.952999877929687,6.96,5.203144056553689,1941384,0.0,0.0,0.0,True
2018-11-20,6.934000244140625,6.959000244140626,6.86,6.900999755859375,5.159037046687113,3235159,0.0,0.0,0.0,True
2018-11-21,6.9190002441406255,7.012999877929688,6.912000122070313,7.0040002441406255,5.236038296279779,5230901,0.0,0.0,0.0,True
2018-11-22,6.992999877929687,6.995999755859375,6.91,6.925999755859375,5.177726217209397,2439355,0.0,0.0,0.0,True
2018-11-23,6.917000122070313,6.9509997558593755,6.877000122070313,6.92,5.173241200674815,3257821,0.0,0.0,0.0,True
2018-11-26,6.96,7.01,6.96,6.999000244140625,5.232299638480825,2912058,0.0,0.0,0.0,True
2018-11-27,7.007999877929688,7.009000244140625,6.95,6.980999755859375,5.218843216052917,2880011,0.0,0.0,0.0,True
2018-11-28,7.005,7.020999755859375,6.952999877929687,6.970999755859375,5.211368188495281,2941428,0.0,0.0,0.0,True
2018-11-29,7.0120001220703125,7.042000122070313,6.985,7.002999877929688,5.235290107111935,3818134,0.0,0.0,0.0,True
2018-11-30,7.002999877929688,7.0040002441406255,6.925999755859375,6.942000122070312,5.1896876341257805,3699933,0.0,0.0,0.0,True
2018-12-03,7.0759997558593755,7.105,7.015000000000001,7.025999755859375,5.252483814514639,3073918,0.0,0.0,0.0,True
2018-12-04,7.050999755859375,7.050999755859375,6.967999877929688,6.9909997558593755,5.226319158826662,2906103,0.0,0.0,0.0,True
2018-12-05,6.934000244140625,6.9350000000000005,6.8870001220703125,6.8870001220703125,5.14857200810642,3200556,0.0,0.0,0.0,True
2018-12-06,6.830999755859375,6.832000122070313,6.644000244140625,6.672000122070313,4.987840840099082,8824749,0.0,0.0,0.0,True
2018-12-07,6.71,6.829000244140625,6.71,6.739000244140625,5.0379292448359285,4629144,0.0,0.0,0.0,True
2018-12-10,6.722999877929688,6.7809997558593755,6.685999755859375,6.694000244140625,5.004288646374209,4716594,0.0,0.0,0.0,True
2018-12-11,6.735999755859375,6.82,6.707999877929687,6.779000244140625,5.067833473538963,4380140,0.0,0.0,0.0,True
2018-12-12,6.799000244140625,6.869000244140625,6.795,6.845999755859375,5.117920047843596,2421289,0.0,0.0,0.0,True
2018-12-13,6.809000244140625,6.815999755859375,6.762999877929688,6.790999755859375,5.119653990503218,2368239,0.057300000000000004,0.0,0.0,True
2018-12-14,6.735,6.7779998779296875,6.702000122070313,6.757000122070313,5.094021913747633,2348072,0.0,0.0,0.0,True
2018-12-17,6.745999755859375,6.750999755859375,6.672000122070313,6.679000244140625,5.035217041261513,7221299,0.0,0.0,0.0,True
2018-12-18,6.657000122070313,6.67,6.614000244140625,6.614000244140625,4.986215288015569,5621744,0.0,0.0,0.0,True
2018-12-19,6.62,6.697000122070313,6.619000244140625,6.677999877929688,5.034464445945879,4111676,0.0,0.0,0.0,True
2018-12-20,6.587000122070313,6.675,6.5600000000000005,6.627999877929688,4.996769618275887,4571830,0.0,0.0,0.0,True
2018-12-21,6.635,6.647000122070312,6.567000122070312,6.620999755859375,4.991492222429815,3172267,0.0,0.0,0.0,True
2018-12-24,6.595,6.609000244140625,6.572999877929687,6.6000000000000005,4.9756600348915905,868777,0.0,0.0,0.0,True
2018-12-27,6.565,6.644000244140625,6.460999755859375,6.515999755859375,4.912334514761512,3368170,0.0,0.0,0.0,True
2018-12-28,6.567000122070312,6.662999877929687,6.550999755859375,6.662999877929687,5.023156136074429,2221736,0.0,0.0,0.0,True
2018-12-31,6.667000122070313,6.672999877929688,6.640000000000001,6.654000244140625,5.016370781006099,1018948,0.0,0.0,0.0,True
2019-01-02,6.547000122070313,6.67,6.522000122070312,6.654000244140625,5.016370781006099,5107996,0.0,0.0,0.0,True
2019-01-03,6.61,6.6690002441406255,6.602999877929688,6.61,4.983199831002884,8575653,0.0,0.0,0.0,True
2019-01-04,6.6690002441406255,6.7620001220703125,6.640000000000001,6.745999755859375,5.085729983752535,4431171,0.0,0.0,0.0,True
2019-01-07,6.775999755859375,6.7809997558593755,6.6929998779296875,6.727000122070312,5.07140575543657,4629466,0.0,0.0,0.0,True
2019-01-08,6.72,6.817000122070312,6.72,6.775,5.107591701020639,7461453,0.0,0.0,0.0,True
2019-01-09,6.832999877929687,6.854000244140625,6.810999755859375,6.8259997558593755,5.146039585438097,3490112,0.0,0.0,0.0,True
2019-01-10,6.800999755859375,6.8629998779296875,6.777000122070312,6.86,5.171670739330016,3626108,0.0,0.0,0.0,True
2019-01-11,6.88,6.917000122070313,6.82,6.835999755859375,5.1535789201175595,4915198,0.0,0.0,0.0,True
2019-01-14,6.792000122070313,6.809000244140625,6.76,6.769000244140625,5.103067823353861,4778911,0.0,0.0,0.0,True
2019-01-15,6.815,6.8259997558593755,6.767000122070312,6.814000244140625,5.136992291536376,1941115,0.0,0.0,0.0,True
2019-01-16,6.824000244140625,6.83,6.765000000000001,6.784000244140625,5.114376594657141,2775512,0.0,0.0,0.0,True
2019-01-17,6.75,6.7700000000000005,6.717000122070313,6.759000244140625,5.095528950106229,4254041,0.0,0.0,0.0,True
2019-01-18,6.792999877929688,6.904000244140625,6.792999877929688,6.885999755859375,5.191273286355716,6197414,0.0,0.0,0.0,True
2019-01-21,6.889000244140625,6.9059997558593755,6.875,6.892999877929688,5.196550220769963,2173468,0.0,0.0,0.0,True
2019-01-22,6.857000122070312,6.882000122070313,6.802000122070313,6.824000244140625,5.144531164784006,7186494,0.0,0.0,0.0,True
2019-01-23,6.7940002441406255,6.817000122070312,6.757000122070313,6.762999877929688,5.09854532998258,6128242,0.0,0.0,0.0,True
2019-01-24,6.767000122070312,6.770999755859375,6.7250000000000005,6.7379998779296875,5.079696762568005,2708160,0.0,0.0,0.0,True
2019-01-25,6.739000244140625,6.7779998779296875,6.73,6.73,5.073665848542635,7037079,0.0,0.0,0.0,True
2019-01-28,6.719000244140625,6.732999877929688,6.657999877929687,6.667999877929688,5.026924649834586,3783741,0.0,0.0,0.0,True
2019-01-29,6.695999755859376,6.779000244140625,6.695999755859376,6.749000244140625,5.0879896154267685,4014664,0.0,0.0,0.0,True
2019-01-30,6.795999755859375,6.885,6.79,6.864000244140625,5.174688503501855,3009141,0.0,0.0,0.0,True
2019-01-31,6.8790002441406255,6.91,6.8629998779296875,6.887999877929688,5.192780322714315,3149105,0.0,0.0,0.0,True
2019-02-01,6.9,6.94,6.890000000000001,6.935999755859375,5.228966268298382,2240146,0.0,0.0,0.0,True
2019-02-04,6.934000244140625,6.962000122070313,6.925,6.957000122070313,5.244798917268437,2756145,0.0,0.0,0.0,True
2019-02-05,6.9750000000000005,7.095999755859375,6.9750000000000005,7.092999877929688,5.347327685722595,4410486,0.0,0.0,0.0,True
2019-02-06,7.08,7.100999755859375,7.065,7.087000122070313,5.342804269487651,7423597,0.0,0.0,0.0,True
2019-02-07,7.0759997558593755,7.100999755859375,7.009000244140625,7.009000244140625,5.284000781297025,2327964,0.0,0.0,0.0,True
2019-02-08,7.0040002441406255,7.029000244140625,6.982000122070312,6.9879998779296875,5.268169516622462,4075304,0.0,0.0,0.0,True
2019-02-11,7.025,7.065999755859375,7.007999877929688,7.047000122070313,5.312648315065292,2175914,0.0,0.0,0.0,True
2019-02-12,7.077000122070313,7.084000244140626,7.032999877929687,7.045999755859375,5.311894335454165,12504323,0.0,0.0,0.0,True
2019-02-13,7.074000244140625,7.117000122070313,7.059000244140625,7.1000000000000005,5.35260508156867,3093376,0.0,0.0,0.0,True
2019-02-14,7.144000244140625,7.16,7.115,7.1290002441406255,5.374468183132266,3405769,0.0,0.0,0.0,True
2019-02-15,7.117999877929687,7.189000244140625,7.117000122070313,7.165999755859375,5.40236266015307,2326160,0.0,0.0,0.0,True
2019-02-18,7.165999755859375,7.170999755859375,7.144000244140625,7.149000244140625,5.389545468195698,1704651,0.0,0.0,0.0,True
2019-02-19,7.144000244140625,7.144000244140625,7.097999877929688,7.11,5.360143031952642,8540240,0.0,0.0,0.0,True
2019-02-20,7.125999755859375,7.167000122070313,7.1129998779296875,7.162999877929687,5.400099337024188,3775175,0.0,0.0,0.0,True
2019-02-21,7.167000122070313,7.167000122070313,7.0970001220703125,7.125,5.371451803255919,3069416,0.0,0.0,0.0,True
2019-02-22,7.132999877929688,7.175,7.122000122070313,7.134000244140625,5.378238081187912,3728073,0.0,0.0,0.0,True
2019-02-25,7.150999755859375,7.162000122070313,7.114000244140625,7.139000244140625,5.382007056379899,2951370,0.0,0.0,0.0,True
2019-02-26,7.0970001220703125,7.122000122070313,7.045999755859375,7.100999755859375,5.353359061179797,4899420,0.0,0.0,0.0,True
2019-02-27,7.072000122070313,7.074000244140625,7.0309997558593755,7.0570001220703125,5.320187649744753,6249736,0.0,0.0,0.0,True
2019-02-28,7.039000244140625,7.054000244140625,7.005,7.035,5.303601944027234,4268683,0.0,0.0,0.0,True
2019-03-01,7.074000244140625,7.0890002441406255,7.045999755859375,7.0600000000000005,5.322449588578141,11789505,0.0,0.0,0.0,True
2019-03-04,7.084000244140626,7.12,7.072000122070313,7.087999877929688,5.343557326235117,2616696,0.0,0.0,0.0,True
2019-03-05,7.092999877929688,7.144000244140625,7.082000122070313,7.1370001220703125,5.38049863572581,6023289,0.0,0.0,0.0,True
2019-03-06,7.134000244140625,7.167000122070313,7.132999877929688,7.152000122070312,5.3918087913245785,2721567,0.0,0.0,0.0,True
2019-03-07,7.13,7.160999755859375,7.097999877929688,7.127000122070313,5.372960223910008,2214411,0.0,0.0,0.0,True
2019-03-08,7.085999755859375,7.0970001220703125,7.047999877929688,7.077000122070313,5.335264934808188,4403037,0.0,0.0,0.0,True
2019-03-11,7.122999877929687,7.152000122070312,7.082000122070313,7.099000244140625,5.35185017909388,2597254,0.0,0.0,0.0,True
2019-03-12,7.105,7.139000244140625,7.0570001220703125,7.124000244140625,5.370697362212962,3892137,0.0,0.0,0.0,True
2019-03-13,7.115,7.159000244140625,7.105,7.132000122070313,5.376729660533824,2880032,0.0,0.0,0.0,True
2019-03-14,7.07,7.12,7.057999877929688,7.095999755859375,5.403533834531327,3064074,0.0712,0.0,0.0,True
2019-03-15,7.12,7.142000122070312,7.11,7.127999877929688,5.427902049828934,23048020,0.0,0.0,0.0,True
2019-03-18,7.147999877929688,7.202000122070313,7.147000122070312,7.202000122070313,5.484253547704643,2728073,0.0,0.0,0.0,True
2019-03-19,7.2,7.25,7.195,7.224000244140625,5.5010048315681885,3176987,0.0,0.0,0.0,True
2019-03-20,7.21,7.2409997558593755,7.195999755859376,7.195999755859376,5.479683575259563,2711194,0.0,0.0,0.0,True
2019-03-21,7.219000244140625,7.2809997558593755,7.2140002441406255,7.267999877929688,5.534511593640787,5022695,0.0,0.0,0.0,True
2019-03-22,7.257000122070313,7.259000244140625,7.095,7.107999877929688,5.412671915267929,20596874,0.0,0.0,0.0,True
2019-03-25,7.072000122070313,7.110999755859375,7.05,7.084000244140626,5.394397151909896,3300017,0.0,0.0,0.0,True
2019-03-26,7.1000000000000005,7.122999877929687,7.074000244140625,7.102999877929688,5.408865779742849,2808325,0.0,0.0,0.0,True
2019-03-27,7.125999755859375,7.125999755859375,7.0600000000000005,7.092999877929688,5.401250246423955,3435542,0.0,0.0,0.0,True
2019-03-28,7.115,7.172000122070313,7.115,7.144000244140625,5.440086623516125,4462019,0.0,0.0,0.0,True
2019-03-29,7.179000244140625,7.1929998779296875,7.147000122070312,7.19,5.475115466968044,3604649,0.0,0.0,0.0,True
2019-04-01,7.210999755859375,7.26,7.210999755859375,7.230999755859375,5.506336776779707,4673200,0.0,0.0,0.0,True
2019-04-02,7.257000122070313,7.312000122070312,7.245999755859375,7.300999755859375,5.559640849628048,3100549,0.0,0.0,0.0,True
2019-04-03,7.305999755859375,7.329000244140625,7.2940002441406255,7.327000122070313,5.579438160403799,2505692,0.0,0.0,0.0,True
2019-04-04,7.302000122070313,7.329000244140625,7.289000244140625,7.327000122070313,5.579438160403799,2875555,0.0,0.0,0.0,True
2019-04-05,7.335999755859375,7.382000122070313,7.324000244140625,7.367999877929687,5.610659936253855,2495949,0.0,0.0,0.0,True
2019-04-08,7.3659997558593755,7.380999755859375,7.344000244140625,7.367999877929687,5.610659936253855,2987848,0.0,0.0,0.0,True
2019-04-09,7.349000244140625,7.395999755859375,7.335,7.349000244140625,5.596193172574459,3213213,0.0,0.0,0.0,True
2019-04-10,7.3470001220703125,7.3629998779296875,7.334000244140626,7.349000244140625,5.596193172574459,2212840,0.0,0.0,0.0,True
2019-04-11,7.350999755859375,7.370999755859375,7.32,7.3470001220703125,5.594669227041579,5150536,0.0,0.0,0.0,True
2019-04-12,7.355,7.385,7.3500000000000005,7.3659997558593755,5.609137388836141,2053110,0.0,0.0,0.0,True
2019-04-15,7.380999755859375,7.380999755859375,7.3500000000000005,7.367000122070313,5.609900293679362,2097702,0.0,0.0,0.0,True
2019-04-16,7.3790002441406255,7.415,7.369000244140625,7.395999755859375,5.631983056716036,5202013,0.0,0.0,0.0,True
2019-04-17,7.382999877929688,7.409000244140625,7.377999877929688,7.395999755859375,5.631983056716036,2983891,0.0,0.0,0.0,True
2019-04-18,7.390999755859375,7.407000122070313,7.369000244140625,7.397000122070312,5.63274269929053,2496272,0.0,0.0,0.0,True
2019-04-23,7.425,7.459000244140626,7.400999755859375,7.454000244140625,5.6761495148661645,3156846,0.0,0.0,0.0,True
2019-04-24,7.445,7.447999877929687,7.390000000000001,7.407999877929687,5.641119273299078,3887682,0.0,0.0,0.0,True
2019-04-25,7.4,7.4,7.347999877929688,7.377999877929688,5.618275003534355,3174722,0.0,0.0,0.0,True
2019-04-26,7.354000244140625,7.375,7.342999877929688,7.364000244140625,5.607613909341652,4905758,0.0,0.0,0.0,True
2019-04-29,7.377000122070313,7.397000122070312,7.350999755859375,7.385999755859375,5.624366591320367,3769706,0.0,0.0,0.0,True
2019-04-30,7.382999877929688,7.4029998779296875,7.337000122070313,7.369000244140625,5.611421442981904,2844928,0.0,0.0,0.0,True
2019-05-01,7.375,7.390000000000001,7.3259997558593755,7.332999877929687,5.584006268695319,1856550,0.0,0.0,0.0,True
2019-05-02,7.302000122070313,7.342000122070313,7.287999877929687,7.3,5.558878876861613,5855183,0.0,0.0,0.0,True
2019-05-03,7.312999877929688,7.362000122070313,7.309000244140625,7.329000244140625,5.580961173859899,2941610,0.0,0.0,0.0,True
2019-05-07,7.282000122070313,7.32,7.2,7.205999755859375,5.487297710463289,4223804,0.0,0.0,0.0,True
2019-05-08,7.2009997558593755,7.222999877929688,7.172999877929688,7.217999877929688,5.496437655353443,4403607,0.0,0.0,0.0,True
2019-05-09,7.175,7.215999755859375,7.15,7.159000244140625,5.4515082923600975,2721091,0.0,0.0,0.0,True
2019-05-10,7.202000122070313,7.2220001220703125,7.142999877929688,7.149000244140625,5.443894157156375,5451330,0.0,0.0,0.0,True
2019-05-13,7.170999755859375,7.172000122070313,7.109000244140625,7.117999877929687,5.420286516510043,4623761,0.0,0.0,0.0,True
2019-05-14,7.140999755859375,7.202000122070313,7.140999755859375,7.202000122070313,5.484253547704643,3135134,0.0,0.0,0.0,True
2019-05-15,7.215,7.264000244140625,7.1820001220703125,7.250999755859375,5.521566445302323,3345564,0.0,0.0,0.0,True
2019-05-16,7.252999877929688,7.335,7.242000122070313,7.335,5.58553068026659,3368266,0.0,0.0,0.0,True
2019-05-17,7.312999877929688,7.332000122070313,7.285999755859375,7.324000244140625,5.5771545722964255,3214725,0.0,0.0,0.0,True
2019-05-20,7.332999877929687,7.335,7.242999877929687,7.29,5.551263343542722,2324231,0.0,0.0,0.0,True
2019-05-21,7.312000122070312,7.345999755859375,7.2940002441406255,7.312999877929688,5.568778930364649,3680166,0.0,0.0,0.0,True
2019-05-22,7.332999877929687,7.3500000000000005,7.297000122070313,7.312999877929688,5.568778930364649,3091196,0.0,0.0,0.0,True
2019-05-23,7.2809997558593755,7.285,7.1929998779296875,7.210999755859375,5.4911052441035375,4371042,0.0,0.0,0.0,True
2019-05-24,7.24,7.282000122070313,7.235,7.257999877929688,5.526896526360282,2544401,0.0,0.0,0.0,True
2019-05-28,7.275,7.295999755859375,7.24,7.24,5.513191269408938,2050649,0.0,0.0,0.0,True
2019-05-29,7.202000122070313,7.207000122070313,7.132999877929688,7.1690002441406255,5.45912382567899,4026178,0.0,0.0,0.0,True
2019-05-30,7.179000244140625,7.220999755859375,7.179000244140625,7.209000244140626,5.4895845608393845,3497922,0.0,0.0,0.0,True
2019-05-31,7.159000244140625,7.159000244140625,7.117999877929687,7.147999877929688,5.443132184389937,3957182,0.0,0.0,0.0,True
2019-06-03,7.1000000000000005,7.174000244140625,7.067000122070312,7.172000122070313,5.461407879824749,3365451,0.0,0.0,0.0,True
2019-06-04,7.140999755859375,7.21,7.13,7.202000122070313,5.484253547704643,2917136,0.0,0.0,0.0,True
2019-06-05,7.207000122070313,7.245999755859375,7.187999877929688,7.205999755859375,5.487297710463289,4217628,0.0,0.0,0.0,True
2019-06-06,7.224000244140625,7.2700000000000005,7.220999755859375,7.255999755859375,5.525372580827406,3593173,0.0,0.0,0.0,True
2019-06-07,7.2700000000000005,7.342999877929688,7.267000122070312,7.327999877929687,5.580200133170236,3216709,0.0,0.0,0.0,True
2019-06-10,7.364000244140625,7.377000122070313,7.355,7.372999877929687,5.614467003855715,2923706,0.0,0.0,0.0,True
2019-06-11,7.392999877929688,7.414000244140625,7.390000000000001,7.390000000000001,5.627414482386123,3865580,0.0,0.0,0.0,True
2019-06-12,7.3629998779296875,7.374000244140625,7.325,7.359000244140625,5.6038068417397895,4051076,0.0,0.0,0.0,True
2019-06-13,7.267999877929688,7.285999755859375,7.249000244140625,7.259000244140625,5.608133262614988,1901812,0.10559998999999999,0.0,0.0,True
2019-06-14,7.25,7.2540002441406255,7.212999877929688,7.242000122070313,5.594997753829413,2896921,0.0,0.0,0.0,True
2019-06-17,7.249000244140625,7.265000000000001,7.220999755859375,7.252000122070313,5.602724468084999,4070771,0.0,0.0,0.0,True
2019-06-18,7.260999755859375,7.36,7.2409997558593755,7.337000122070313,5.668394920681889,5601925,0.0,0.0,0.0,True
2019-06-19,7.345,7.3500000000000005,7.295,7.295,5.635944990034344,2208408,0.0,0.0,0.0,True
2019-06-20,7.327999877929687,7.354000244140625,7.312000122070312,7.322000122070313,5.6568048492985055,3395032,0.0,0.0,0.0,True
2019-06-21,7.322000122070313,7.352999877929688,7.285999755859375,7.305999755859375,5.6444422955917295,3716859,0.0,0.0,0.0,True
2019-06-24,7.297999877929688,7.334000244140626,7.297999877929688,7.317000122070312,5.652942437681515,2488174,0.0,0.0,0.0,True
2019-06-25,7.287999877929687,7.3259997558593755,7.275,7.320999755859376,5.656031421464308,1879946,0.0,0.0,0.0,True
2019-06-26,7.3070001220703125,7.335,7.3070001220703125,7.314000244140625,5.650625463466717,2420619,0.0,0.0,0.0,True
2019-06-27,7.33,7.340999755859375,7.282999877929687,7.305,5.64366981326833,1880377,0.0,0.0,0.0,True
2019-06-28,7.302999877929688,7.3390002441406255,7.302000122070313,7.334000244140626,5.666075109934692,3405087,0.0,0.0,0.0,True
2019-07-01,7.397000122070312,7.437000122070312,7.3950000000000005,7.4059997558593755,5.721700455794999,3660791,0.0,0.0,0.0,True
2019-07-02,7.434000244140625,7.47,7.417000122070313,7.460999755859375,5.764192656646728,2221474,0.0,0.0,0.0,True
2019-07-03,7.49,7.524000244140625,7.475999755859375,7.5120001220703125,5.803593982694064,3491554,0.0,0.0,0.0,True
2019-07-04,7.517999877929688,7.527000122070312,7.505,7.510999755859375,5.802821027615263,1480523,0.0,0.0,0.0,True
2019-07-05,7.505999755859375,7.505999755859375,7.447999877929687,7.459000244140626,5.7626476919999305,3688139,0.0,0.0,0.0,True
2019-07-08,7.447000122070313,7.477000122070312,7.447000122070313,7.452999877929687,5.7580132708149385,1981112,0.0,0.0,0.0,True
2019-07-09,7.4429998779296875,7.455999755859375,7.422999877929688,7.437000122070312,5.745651189863558,2767313,0.0,0.0,0.0,True
2019-07-10,7.427999877929688,7.460999755859375,7.420999755859375,7.437999877929688,5.746424617697756,1713016,0.0,0.0,0.0,True
2019-07-11,7.455,7.462999877929688,7.4059997558593755,7.417000122070313,5.730199179618585,2508630,0.0,0.0,0.0,True
2019-07-12,7.4320001220703125,7.442000122070312,7.402000122070312,7.412999877929687,5.727109250324988,2063462,0.0,0.0,0.0,True
2019-07-15,7.412999877929687,7.454000244140625,7.394000244140625,7.442000122070312,5.749514074235951,2108372,0.0,0.0,0.0,True
2019-07-16,7.4429998779296875,7.495999755859375,7.442000122070312,7.48,5.7788721845683035,5792558,0.0,0.0,0.0,True
2019-07-17,7.4640002441406255,7.48,7.427999877929688,7.437999877929688,5.746424617697756,7638304,0.0,0.0,0.0,True
2019-07-18,7.404000244140625,7.424000244140625,7.389000244140625,7.3950000000000005,5.71320267748221,3401922,0.0,0.0,0.0,True
2019-07-19,7.429000244140625,7.452000122070313,7.385999755859375,7.414000244140625,5.727883150914587,3974245,0.0,0.0,0.0,True
2019-07-22,7.414000244140625,7.454000244140625,7.4,7.424000244140625,5.735608446903977,2990511,0.0,0.0,0.0,True
2019-07-23,7.462000122070313,7.502999877929688,7.4509997558593755,7.460999755859375,5.764192656646728,1661751,0.0,0.0,0.0,True
2019-07-24,7.459000244140626,7.459000244140626,7.389000244140625,7.412999877929687,5.727109250324988,4577438,0.0,0.0,0.0,True
2019-07-25,7.444000244140625,7.452000122070313,7.375999755859375,7.402000122070312,5.718610999256804,5656963,0.0,0.0,0.0,True
2019-07-26,7.42,7.465999755859375,7.4029998779296875,7.465999755859375,5.7680560137745225,3415082,0.0,0.0,0.0,True
2019-07-29,7.4640002441406255,7.621439819335937,7.4640002441406255,7.599000244140625,5.870809399937749,7028629,0.0,0.0,0.0,True
2019-07-30,7.617999877929687,7.6290002441406255,7.555999755859375,7.555999755859375,5.837587932477602,11560758,0.0,0.0,0.0,True
2019-07-31,7.547000122070313,7.550999755859375,7.485,7.497000122070313,5.792006275087679,4128020,0.0,0.0,0.0,True
2019-08-01,7.460999755859375,7.522000122070312,7.449949951171875,7.497000122070313,5.792006275087679,4706966,0.0,0.0,0.0,True
2019-08-02,7.399000244140625,7.399000244140625,7.312000122070312,7.315999755859375,5.652168537091916,8197610,0.0,0.0,0.0,True
2019-08-05,7.227000122070312,7.255999755859375,7.117680053710938,7.137999877929688,5.5146510825987445,8413729,0.0,0.0,0.0,True
2019-08-06,7.11,7.15833984375,7.086370239257812,7.092000122070313,5.479111695413007,6871517,0.0,0.0,0.0,True
2019-08-07,7.107000122070312,7.1559997558593755,7.072999877929687,7.115,5.496882098138976,4972917,0.0,0.0,0.0,True
2019-08-08,7.194000244140625,7.242999877929687,7.146580200195313,7.242999877929687,5.595770708908211,4442502,0.0,0.0,0.0,True
2019-08-09,7.230999755859375,7.249000244140625,7.187999877929688,7.209000244140626,5.569505837157255,2627465,0.0,0.0,0.0,True
2019-08-12,7.21,7.253259887695313,7.158560180664063,7.1820001220703125,5.5486431413606905,2629622,0.0,0.0,0.0,True
2019-08-13,7.167000122070313,7.2310900878906255,7.122559814453125,7.207999877929687,5.568731936567654,7313301,0.0,0.0,0.0,True
2019-08-14,7.2140002441406255,7.2208801269531255,7.067000122070312,7.102000122070312,5.486838409668592,3679568,0.0,0.0,0.0,True
2019-08-15,7.09,7.124459838867188,6.998319702148438,7.045,5.442800298659266,7438512,0.0,0.0,0.0,True
2019-08-16,7.082999877929687,7.104520263671875,7.062999877929688,7.102000122070312,5.486838409668592,4094661,0.0,0.0,0.0,True
2019-08-19,7.13,7.192000122070312,7.13,7.17,5.539372880724504,2650536,0.0,0.0,0.0,True
2019-08-20,7.155,7.209249877929688,7.1000000000000005,7.105999755859375,5.489928338962185,3626384,0.0,0.0,0.0,True
2019-08-21,7.1290002441406255,7.192000122070312,7.11114013671875,7.1850000000000005,5.550962952107883,3037383,0.0,0.0,0.0,True
2019-08-22,7.175,7.175,7.087999877929688,7.11,5.493017795500384,4735690,0.0,0.0,0.0,True
2019-08-23,7.145999755859375,7.170999755859375,7.084000244140626,7.084000244140626,5.472932309581218,4587815,0.0,0.0,0.0,True
2019-08-27,7.0600000000000005,7.09469970703125,7.0309997558593755,7.074000244140625,5.4652055953256315,4286464,0.0,0.0,0.0,True
2019-08-28,7.072000122070313,7.116519775390625,7.034000244140625,7.105,5.48915727490499,3188477,0.0,0.0,0.0,True
2019-08-29,7.092000122070313,7.185700073242188,7.092000122070313,7.175999755859375,5.5440082474202965,3631532,0.0,0.0,0.0,True
2019-08-30,7.182999877929688,7.227000122070312,7.17,7.190999755859375,5.555596900537478,3276783,0.0,0.0,0.0,True
2019-09-02,7.202999877929687,7.3011499023437505,7.202999877929687,7.272999877929688,5.618948960653371,4134298,0.0,0.0,0.0,True
2019-09-03,7.282999877929687,7.287000122070313,7.221329956054688,7.249000244140625,5.600407493870202,13875155,0.0,0.0,0.0,True
2019-09-04,7.289000244140625,7.316489868164062,7.265999755859375,7.297000122070313,5.637489954681142,4640427,0.0,0.0,0.0,True
2019-09-05,7.315,7.327000122070313,7.245,7.269000244140625,5.615858085848978,4570299,0.0,0.0,0.0,True
2019-09-06,7.260999755859375,7.2809997558593755,7.242449951171875,7.2809997558593755,5.625128819240559,2513128,0.0,0.0,0.0,True
2019-09-09,7.320999755859376,7.322000122070313,7.202000122070313,7.232000122070312,5.587272457840024,4478603,0.0,0.0,0.0,True
2019-09-10,7.215999755859375,7.2663598632812505,7.197000122070313,7.264000244140625,5.611995201476583,5720561,0.0,0.0,0.0,True
2019-09-11,7.3,7.342219848632813,7.290999755859375,7.332000122070313,5.664530145287896,3804340,0.0,0.0,0.0,True
2019-09-12,7.265000000000001,7.269439697265625,7.205999755859375,7.242000122070313,5.668522062165795,2746159,0.0951,0.0,0.0,True
2019-09-13,7.239000244140625,7.282999877929687,7.217999877929688,7.2700000000000005,5.690440142118046,31273115,0.0,0.0,0.0,True
2019-09-16,7.25,7.267000122070312,7.2250000000000005,7.2250000000000005,5.655216623414872,2353994,0.0,0.0,0.0,True
2019-09-17,7.212999877929688,7.252000122070313,7.194000244140625,7.220999755859375,5.652085058645328,3685318,0.0,0.0,0.0,True
2019-09-18,7.205,7.250540161132813,7.202999877929687,7.212000122070313,5.645039875998931,2437815,0.0,0.0,0.0,True
2019-09-19,7.187999877929688,7.272999877929688,7.187999877929688,7.262999877929688,5.684959065686258,5150719,0.0,0.0,0.0,True
2019-09-20,7.229000244140625,7.275999755859375,7.220759887695313,7.239000244140625,5.6661754239381175,3872980,0.0,0.0,0.0,True
2019-09-23,7.259000244140625,7.2620001220703125,7.184000244140625,7.23,5.659130720197484,4443343,0.0,0.0,0.0,True
2019-09-24,7.235,7.249000244140625,7.179600219726563,7.187999877929688,5.62625479753351,3637350,0.0,0.0,0.0,True
2019-09-25,7.1450000000000005,7.19,7.114580078125,7.19,5.627820340465403,3627469,0.0,0.0,0.0,True
2019-09-26,7.174000244140625,7.287459716796875,7.174000244140625,7.252000122070313,5.676349776825255,4801840,0.0,0.0,0.0,True
2019-09-27,7.275999755859375,7.3406201171875,7.272000122070312,7.327999877929687,5.73583657699107,3557882,0.0,0.0,0.0,True
2019-09-30,7.319000244140625,7.339190063476563,7.301439819335938,7.3100000000000005,5.721747648415562,1867226,0.0,0.0,0.0,True
2019-10-01,7.330999755859375,7.332000122070313,7.254420166015625,7.257000122070313,5.6802629157963445,3268979,0.0,0.0,0.0,True
2019-10-02,7.232000122070312,7.235919799804687,7.020999755859375,7.020999755859375,5.495540343571331,5355295,0.0,0.0,0.0,True
2019-10-03,7.0200000000000005,7.027410278320312,6.918499755859375,6.987000122070313,5.46892659263492,7654811,0.0,0.0,0.0,True
2019-10-04,7.015000000000001,7.07,6.9887500000000005,7.07,5.533893511421,3418282,0.0,0.0,0.0,True
2019-10-07,7.055,7.117479858398438,7.045499877929688,7.107999877929688,5.56363691150391,4175705,0.0,0.0,0.0,True
2019-10-08,7.127000122070313,7.131439819335938,7.054000244140625,7.054000244140625,5.521369646871624,3088931,0.0,0.0,0.0,True
2019-10-09,7.0570001220703125,7.107459716796875,7.054000244140625,7.077999877929687,5.540155204242812,3050163,0.0,0.0,0.0,True
2019-10-10,7.087000122070313,7.130999755859375,7.049000244140625,7.102999877929688,5.559722814721297,5925839,0.0,0.0,0.0,True
2019-10-11,7.082000122070313,7.167440185546875,7.062000122070312,7.164000244140625,5.607470676879607,6844044,0.0,0.0,0.0,True
2019-10-14,7.164000244140625,7.167440185546875,7.065150146484375,7.132999877929688,5.583204043076638,4708287,0.0,0.0,0.0,True
2019-10-15,7.15,7.16052001953125,7.095999755859375,7.1290002441406255,5.580075351741659,5819102,0.0,0.0,0.0,True
2019-10-16,7.127999877929688,7.136599731445313,7.068400268554687,7.08,5.541720747174702,5133748,0.0,0.0,0.0,True
2019-10-17,7.105,7.159000244140625,7.08447998046875,7.1000000000000005,5.557374739776341,6439348,0.0,0.0,0.0,True
2019-10-18,7.092000122070313,7.119000244140625,7.069000244140625,7.070999755859376,5.534675564528305,4931358,0.0,0.0,0.0,True
2019-10-21,7.079000244140625,7.12,7.065640258789062,7.080999755859375,5.542501842470485,4170565,0.0,0.0,0.0,True
2019-10-22,7.085999755859375,7.1529998779296875,7.070020141601563,7.137999877929688,5.587118139859248,8924434,0.0,0.0,0.0,True
2019-10-23,7.120999755859375,7.185999755859375,7.1159997558593755,7.175999755859375,5.61686249775368,4670076,0.0,0.0,0.0,True
2019-10-24,7.189000244140625,7.2586999511718755,7.187999877929688,7.2540002441406255,5.677915798662907,3863782,0.0,0.0,0.0,True
2019-10-25,7.249000244140625,7.255,7.199149780273437,7.24,5.666957477045423,5744187,0.0,0.0,0.0,True
2019-10-28,7.227999877929688,7.267000122070312,7.199149780273437,7.25,5.6747837549876,3441340,0.0,0.0,0.0,True
2019-10-29,7.245999755859375,7.245999755859375,7.185999755859375,7.2250000000000005,5.655216623414872,3347662,0.0,0.0,0.0,True
2019-10-30,7.212999877929688,7.255999755859375,7.1985400390625,7.255999755859375,5.679480862689039,2980010,0.0,0.0,0.0,True
2019-10-31,7.247999877929687,7.252000122070313,7.168499755859375,7.174000244140625,5.615297433727548,4171698,0.0,0.0,0.0,True
2019-11-01,7.192000122070312,7.23,7.1850000000000005,7.2250000000000005,5.655216623414872,3076529,0.0,0.0,0.0,True
2019-11-04,7.247000122070313,7.312999877929688,7.239180297851562,7.29,5.706094613625446,4607631,0.0,0.0,0.0,True
2019-11-05,7.2940002441406255,7.322750244140625,7.29,7.307999877929688,5.720183542200951,3472859,0.0,0.0,0.0,True
2019-11-06,7.287000122070313,7.3179998779296875,7.287000122070313,7.315,5.725661266292411,4684104,0.0,0.0,0.0,True
2019-11-07,7.342999877929688,7.3572497558593755,7.322999877929687,7.33,5.737404035546006,4026235,0.0,0.0,0.0,True
2019-11-08,7.305999755859375,7.320999755859376,7.282000122070313,7.287999877929687,5.7045281128820315,4191851,0.0,0.0,0.0,True
2019-11-11,7.2620001220703125,7.2620001220703125,7.17864013671875,7.242999877929687,5.669304594178857,10566908,0.0,0.0,0.0,True
2019-11-12,7.267000122070312,7.305499877929687,7.252000122070313,7.28,5.698265941154464,3111461,0.0,0.0,0.0,True
2019-11-13,7.245,7.27177978515625,7.219539794921875,7.270999755859375,5.691220758508067,4619721,0.0,0.0,0.0,True
2019-11-14,7.2700000000000005,7.274879760742188,7.227999877929688,7.227999877929688,5.657565177265594,5464694,0.0,0.0,0.0,True
2019-11-15,7.26,7.265750122070313,7.175819702148438,7.232999877929688,5.661477358425161,2262812,0.0,0.0,0.0,True
2019-11-18,7.247999877929687,7.2700000000000005,7.2304797363281255,7.242000122070313,5.668522062165795,2352523,0.0,0.0,0.0,True
2019-11-19,7.265000000000001,7.340999755859375,7.247440185546875,7.259000244140625,5.681829895445517,5049731,0.0,0.0,0.0,True
2019-11-20,7.235999755859375,7.235999755859375,7.157000122070313,7.202999877929687,5.637996130069819,7401029,0.0,0.0,0.0,True
2019-11-21,7.1690002441406255,7.183369750976563,7.1375799560546875,7.175999755859375,5.61686249775368,6269591,0.0,0.0,0.0,True
2019-11-22,7.202000122070313,7.282000122070313,7.2010302734375005,7.267999877929688,5.688873162468871,7348169,0.0,0.0,0.0,True
2019-11-25,7.2940002441406255,7.342000122070313,7.290759887695312,7.335,5.741317174517095,3547913,0.0,0.0,0.0,True
2019-11-26,7.355999755859375,7.355999755859375,7.3259997558593755,7.344000244140625,5.748361399351968,3825238,0.0,0.0,0.0,True
2019-11-27,7.377000122070313,7.385999755859375,7.342039794921875,7.367999877929687,5.767146956723153,3856431,0.0,0.0,0.0,True
2019-11-28,7.342000122070313,7.367000122070313,7.33468994140625,7.364000244140625,5.764015391953607,4564656,0.0,0.0,0.0,True
2019-11-29,7.330999755859375,7.36864013671875,7.292999877929688,7.292999877929688,5.70844173075888,4061661,0.0,0.0,0.0,True
2019-12-02,7.289000244140625,7.34760009765625,7.2238397216796875,7.232999877929688,5.661477358425161,6351806,0.0,0.0,0.0,True
2019-12-03,7.217999877929688,7.23,7.082459716796875,7.107000122070312,5.562853900585084,12098113,0.0,0.0,0.0,True
2019-12-04,7.094000244140625,7.134459838867188,7.087999877929688,7.134000244140625,5.583987532901225,12823797,0.0,0.0,0.0,True
2019-12-05,7.132999877929688,7.1427001953125,7.079000244140625,7.079000244140625,5.540939172973159,4454252,0.0,0.0,0.0,True
2019-12-06,7.104000244140625,7.187000122070312,7.1034002685546875,7.187000122070312,5.625473223331966,4636455,0.0,0.0,0.0,True
2019-12-09,7.177000122070313,7.20364013671875,7.165,7.179000244140625,5.6192115305101575,2682330,0.0,0.0,0.0,True
2019-12-10,7.1820001220703125,7.1850000000000005,7.085339965820313,7.16,5.604337675392779,7040218,0.0,0.0,0.0,True
2019-12-11,7.177000122070313,7.2009997558593755,7.142000122070312,7.159000244140625,5.603556580096997,6850903,0.0,0.0,0.0,True
2019-12-12,7.1159997558593755,7.193489990234375,7.1082000732421875,7.159000244140625,5.6514745119621965,6773179,0.060699997000000006,0.0,0.0,True
2019-12-13,7.217000122070313,7.314000244140625,7.18,7.232000122070312,5.709101799238666,28363787,0.0,0.0,0.0,True
2019-12-16,7.275999755859375,7.437999877929688,7.268599853515625,7.402000122070312,5.843305315019821,12965697,0.0,0.0,0.0,True
2019-12-17,7.389000244140625,7.421599731445313,7.38030029296875,7.400999755859375,5.842514226304855,8384509,0.0,0.0,0.0,True
2019-12-18,7.3950000000000005,7.439000244140625,7.3950000000000005,7.424000244140625,5.860672561778246,4121761,0.0,0.0,0.0,True
2019-12-19,7.430999755859375,7.46,7.40969970703125,7.46,5.889090419578927,7565764,0.0,0.0,0.0,True
2019-12-20,7.469000244140625,7.487000122070313,7.445,7.4640002441406255,5.89224994483737,8707630,0.0,0.0,0.0,True
2019-12-23,7.459000244140626,7.514249877929688,7.441199951171875,7.502999877929688,5.92303623918152,3788505,0.0,0.0,0.0,True
2019-12-24,7.525,7.528250122070313,7.492000122070313,7.520999755859375,5.937244926601787,1265018,0.0,0.0,0.0,True
2019-12-27,7.557999877929688,7.565999755859375,7.515000000000001,7.537999877929687,5.950665423067948,2004737,0.0,0.0,0.0,True
2019-12-30,7.529000244140625,7.537899780273437,7.48,7.48,5.904879352588558,3429048,0.0,0.0,0.0,True
2019-12-31,7.45,7.47739013671875,7.427000122070313,7.442000122070312,5.874882215118803,1492786,0.0,0.0,0.0,True
2020-01-02,7.467999877929688,7.51885009765625,7.452000122070313,7.494000244140625,5.915932378431531,2383590,0.0,0.0,0.0,True
2020-01-03,7.465,7.522999877929688,7.447000122070313,7.5200000000000005,5.9364552867672495,4271324,0.0,0.0,0.0,True
2020-01-06,7.482999877929688,7.495700073242188,7.4238000488281255,7.467999877929688,5.895407055295094,6094542,0.0,0.0,0.0,True
2020-01-07,7.4879998779296875,7.498280029296875,7.455999755859375,7.467000122070313,5.894616932500412,2924267,0.0,0.0,0.0,True
2020-01-08,7.439000244140625,7.471699829101563,7.417999877929688,7.465,5.893038135791477,4249016,0.0,0.0,0.0,True
2020-01-09,7.495,7.519000244140625,7.482999877929688,7.485,5.9088256199206795,7354349,0.0,0.0,0.0,True
2020-01-10,7.519000244140625,7.525499877929688,7.475999755859375,7.475999755859375,5.90172224213083,5236108,0.0,0.0,0.0,True
2020-01-13,7.502000122070313,7.525499877929688,7.4750000000000005,7.507000122070313,5.926194315559532,3104159,0.0,0.0,0.0,True
2020-01-14,7.512999877929688,7.542000122070313,7.482000122070312,7.515999755859375,5.933299142229811,4756099,0.0,0.0,0.0,True
2020-01-15,7.515999755859375,7.535,7.500999755859375,7.535,5.948297952444761,4612413,0.0,0.0,0.0,True
2020-01-16,7.539000244140625,7.547999877929688,7.492000122070313,7.51,5.928560820262434,8800128,0.0,0.0,0.0,True
2020-01-17,7.5200000000000005,7.580999755859375,7.5200000000000005,7.562999877929688,5.970401106369844,8312951,0.0,0.0,0.0,True
2020-01-20,7.572999877929687,7.57739990234375,7.53,7.545,5.956190970069144,5159816,0.0,0.0,0.0,True
2020-01-21,7.505999755859375,7.507999877929688,7.444660034179687,7.507999877929688,5.926983955394072,8717910,0.0,0.0,0.0,True
2020-01-22,7.522000122070312,7.532000122070313,7.459660034179688,7.4640002441406255,5.89224994483737,6704222,0.0,0.0,0.0,True
2020-01-23,7.460999755859375,7.462000122070313,7.397000122070312,7.402000122070312,5.843305315019821,7683526,0.0,0.0,0.0,True
2020-01-24,7.459000244140626,7.5364697265625,7.456630249023438,7.482999877929688,5.907247789132032,5738384,0.0,0.0,0.0,True
2020-01-27,7.364000244140625,7.3870001220703125,7.289000244140625,7.315,5.774624518940238,9809319,0.0,0.0,0.0,True
2020-01-28,7.337000122070313,7.388599853515625,7.30656982421875,7.3790002441406255,5.825148911387008,8183046,0.0,0.0,0.0,True
2020-01-29,7.392999877929688,7.413309936523437,7.360999755859375,7.380999755859375,5.826727225135798,4180217,0.0,0.0,0.0,True
2020-01-30,7.317000122070312,7.352999877929688,7.2577001953125,7.285,5.750941602385935,8047197,0.0,0.0,0.0,True
2020-01-31,7.3,7.302999877929688,7.177000122070313,7.187000122070312,5.673579114767708,7305189,0.0,0.0,0.0,True
2020-02-03,7.212000122070313,7.264970092773438,7.185999755859375,7.230999755859375,5.708313125324414,6705177,0.0,0.0,0.0,True
2020-02-04,7.302999877929688,7.342999877929688,7.3,7.337000122070313,5.791992248658804,6148320,0.0,0.0,0.0,True
2020-02-05,7.309000244140625,7.41010009765625,7.305250244140625,7.372999877929687,5.820411555339916,9121439,0.0,0.0,0.0,True
2020-02-06,7.427999877929688,7.432999877929688,7.385,7.407999877929687,5.8480402562662,6931691,0.0,0.0,0.0,True
2020-02-07,7.395999755859375,7.396079711914062,7.344240112304687,7.367000122070313,5.8156751652131105,3571179,0.0,0.0,0.0,True
2020-02-10,7.359000244140625,7.359000244140625,7.327999877929687,7.3470001220703125,5.7998857492433356,4102528,0.0,0.0,0.0,True
2020-02-11,7.397999877929688,7.427000122070313,7.385,7.392999877929688,5.836200488349546,5146813,0.0,0.0,0.0,True
2020-02-12,7.415,7.444000244140625,7.344240112304687,7.430999755859375,5.866197142859161,3479479,0.0,0.0,0.0,True
2020-02-13,7.41,7.5,7.105,7.37,5.818042152876154,6841764,0.0,0.0,0.0,True
2020-02-14,7.367000122070313,7.3870001220703125,7.31969970703125,7.324000244140625,5.781728862650373,3697336,0.0,0.0,0.0,True
2020-02-17,7.347999877929688,7.365120239257813,7.3360498046875,7.345999755859375,5.799097075329082,2914084,0.0,0.0,0.0,True
2020-02-18,7.287000122070313,7.333759765625,7.2698999023437505,7.295,5.758835585930607,3804326,0.0,0.0,0.0,True
2020-02-19,7.3390002441406255,7.3769598388671875,7.330079956054687,7.37,5.818042152876154,5022276,0.0,0.0,0.0,True
2020-02-20,7.384000244140625,7.40280029296875,7.360999755859375,7.360999755859375,5.8109373262058766,3934850,0.0,0.0,0.0,True
2020-02-21,7.334000244140626,7.359000244140625,7.292999877929688,7.332999877929687,5.78883368932065,7474825,0.0,0.0,0.0,True
2020-02-24,7.184000244140625,7.184000244140625,7.037000122070313,7.082999877929687,5.591478305182111,15959477,0.0,0.0,0.0,True
2020-02-25,7.100999755859375,7.120999755859375,6.929000244140625,6.937999877929688,5.4770138534238555,11019161,0.0,0.0,0.0,True
2020-02-26,6.907000122070313,6.97,6.797670288085937,6.965999755859375,5.499115558468508,12190592,0.0,0.0,0.0,True
2020-02-27,6.86,6.901719970703125,6.689000244140625,6.767000122070312,5.342021663728445,12110961,0.0,0.0,0.0,True
2020-02-28,6.564000244140625,6.606900024414062,6.41,6.537999877929687,5.161243886513788,25251672,0.0,0.0,0.0,True
2020-03-02,6.699000244140625,6.728909912109375,6.45,6.617000122070313,5.22360852983735,12101479,0.0,0.0,0.0,True
2020-03-03,6.677999877929688,6.803930053710937,6.655050048828125,6.682999877929688,5.27570882123219,12405770,0.0,0.0,0.0,True
2020-03-04,6.687999877929688,6.812999877929688,6.654749755859375,6.775999755859375,5.349126007438577,8360454,0.0,0.0,0.0,True
2020-03-05,6.805,6.808720092773438,6.475999755859375,6.682999877929688,5.27570882123219,8667241,0.0,0.0,0.0,True
2020-03-06,6.5570001220703125,6.592000122070313,6.4061999511718755,6.444000244140625,5.08703802639315,10556591,0.0,0.0,0.0,True
2020-03-09,5.882999877929688,6.142869873046875,5.860999755859375,5.9429998779296875,4.691537135321388,23203025,0.0,0.0,0.0,True
2020-03-10,6.034000244140625,6.21,5.907760009765625,5.930999755859375,4.682063389147494,14073022,0.0,0.0,0.0,True
2020-03-11,6.035,6.067919921875,5.837999877929688,5.850999755859375,4.6189095889495375,11591976,0.0,0.0,0.0,True
2020-03-12,5.497999877929687,5.524000244140625,5.16,5.177000122070313,4.131679746187663,22383931,0.063500004,0.0,0.0,True
2020-03-13,5.465,5.6218701171875,5.2,5.290999755859375,4.222662828964172,25944742,0.0,0.0,0.0,True
2020-03-16,5.0600000000000005,5.125999755859375,4.8225,5.081000061035156,4.055064571708514,17570262,0.0,0.0,0.0,True
2020-03-17,5.255999755859375,5.298820190429687,4.910270080566407,5.2,4.150036787298402,13678828,0.0,0.0,0.0,True
2020-03-18,5.062999877929688,5.103599853515625,4.9325,5.003999938964844,3.9936113729017033,12176391,0.0,0.0,0.0,True
2020-03-19,4.9879998779296875,5.12,4.872730102539062,5.085,4.058256707909746,14793629,0.0,0.0,0.0,True
2020-03-20,5.3,5.354400024414063,5.072000122070313,5.122000122070313,4.087785127260864,20786120,0.0,0.0,0.0,True
2020-03-23,4.8804998779296875,5.122000122070313,4.83114990234375,4.927999877929688,3.932957611738012,9544478,0.0,0.0,0.0,True
2020-03-24,5.102000122070312,5.37,5.037999877929687,5.37,4.285711729716951,12868985,0.0,0.0,0.0,True
2020-03-25,5.485,5.6714501953125005,5.3179998779296875,5.614000244140625,4.480442534425347,25541324,0.0,0.0,0.0,True
2020-03-26,5.409000244140625,5.734000244140625,5.4029998779296875,5.734000244140625,4.576212967142864,11695876,0.0,0.0,0.0,True
2020-03-27,5.559000244140625,5.579000244140625,5.334000244140625,5.447999877929687,4.347960948723516,12970385,0.0,0.0,0.0,True
2020-03-30,5.457999877929687,5.579000244140625,5.284000244140625,5.492999877929687,4.383874860992586,9619813,0.0,0.0,0.0,True
2020-03-31,5.562000122070312,5.6353997802734375,5.287050170898437,5.58,4.453309010560221,12483748,0.0,0.0,0.0,True
2020-04-01,5.397000122070312,5.42864013671875,5.337000122070313,5.367000122070313,4.283317078334059,12219809,0.0,0.0,0.0,True
2020-04-02,5.407000122070313,5.462000122070313,5.312999877929688,5.392999877929688,4.304066329796717,9614003,0.0,0.0,0.0,True
2020-04-03,5.375,5.380150146484375,5.30739990234375,5.330999755859375,4.254584679182696,8821524,0.0,0.0,0.0,True
2020-04-06,5.474000244140625,5.50323974609375,5.4007202148437505,5.495,4.385470318835459,6280214,0.0,0.0,0.0,True
2020-04-07,5.627000122070313,5.693599853515625,5.563599853515625,5.612000122070312,4.478848052994864,11085880,0.0,0.0,0.0,True
2020-04-08,5.5600000000000005,5.595,5.5014801025390625,5.595,4.465279826443714,6800416,0.0,0.0,0.0,True
2020-04-09,5.675,5.7540002441406255,5.595390014648437,5.745999755859375,4.585790596262051,8777416,0.0,0.0,0.0,True
2020-04-14,5.792999877929687,5.8,5.689000244140625,5.699000244140625,4.548280249737719,10079070,0.0,0.0,0.0,True
2020-04-15,5.670999755859375,5.6922802734375,5.485919799804687,5.499000244140625,4.388664163758373,7949109,0.0,0.0,0.0,True
2020-04-16,5.562000122070312,5.576199951171875,5.492999877929687,5.549000244140625,4.42856818525321,4617950,0.0,0.0,0.0,True
2020-04-17,5.692000122070312,5.7497998046875,5.662000122070313,5.702999877929687,4.5514721418358555,9578528,0.0,0.0,0.0,True
2020-04-20,5.735,5.736599731445312,5.619000244140625,5.734000244140625,4.576212967142864,5497066,0.0,0.0,0.0,True
2020-04-21,5.637999877929688,5.66469970703125,5.55,5.55,4.429365914174646,5227746,0.0,0.0,0.0,True
2020-04-22,5.604000244140625,5.69135986328125,5.589249877929688,5.689000244140625,4.540300031286186,6405769,0.0,0.0,0.0,True
2020-04-23,5.687000122070312,5.757000122070313,5.6529998779296875,5.742999877929687,4.5833944802605755,7182302,0.0,0.0,0.0,True
2020-04-24,5.67,5.7284002685546875,5.643599853515625,5.670999755859375,4.5259335876074065,7115190,0.0,0.0,0.0,True
2020-04-27,5.744000244140625,5.774000244140625,5.710139770507813,5.7620001220703125,4.598559141066983,4897774,0.0,0.0,0.0,True
2020-04-28,5.770999755859375,5.8950000000000005,5.752559814453125,5.872000122070313,4.686349843539161,8894330,0.0,0.0,0.0,True
2020-04-29,5.874000244140625,6.0440002441406255,5.869000244140625,6.022000122070312,4.8060623962298665,8947467,0.0,0.0,0.0,True
2020-04-30,6.059000244140625,6.070999755859376,5.804000244140625,5.8179998779296875,4.643253441739995,32498088,0.0,0.0,0.0,True
2020-05-01,5.75,5.75,5.652000122070312,5.672999877929688,4.527529533656477,7332681,0.0,0.0,0.0,True
2020-05-04,5.665999755859375,5.7009997558593755,5.6102001953125,5.655,4.513164554596282,33552413,0.0,0.0,0.0,True
2020-05-05,5.732999877929688,5.7779998779296875,5.697999877929687,5.755999755859375,4.593770814713585,8739700,0.0,0.0,0.0,True
2020-05-06,5.762999877929688,5.812999877929688,5.745999755859375,5.755999755859375,4.593770814713585,12331872,0.0,0.0,0.0,True
2020-05-07,5.7809997558593755,5.857999877929688,5.76760009765625,5.847999877929688,4.667194585300792,6192139,0.0,0.0,0.0,True
2020-05-11,5.890999755859375,5.915,5.814000244140625,5.854000244140625,4.671982911654189,9521373,0.0,0.0,0.0,True
2020-05-12,5.835999755859375,5.9285498046875,5.83176025390625,5.9059997558593755,4.713484832022872,11272297,0.0,0.0,0.0,True
2020-05-13,5.852999877929688,5.869000244140625,5.805,5.810999755859375,4.637665433640384,11318088,0.0,0.0,0.0,True
2020-05-14,5.7409997558593755,5.762999877929688,5.586840209960938,5.6690002441406255,4.52433910617692,22985286,0.0,0.0,0.0,True
2020-05-15,5.7140002441406255,5.770540161132812,5.683359985351562,5.727999877929688,4.57142366437708,8468544,0.0,0.0,0.0,True
2020-05-18,5.83,5.977999877929688,5.83,5.969000244140625,4.763763235145944,9313800,0.0,0.0,0.0,True
2020-05-19,6.025,6.032750244140625,5.884000244140625,5.925999755859375,4.729444292513552,9381959,0.0,0.0,0.0,True
2020-05-20,5.887999877929688,5.9909997558593755,5.880880126953125,5.987000122070313,4.7781291906185235,8540115,0.0,0.0,0.0,True
2020-05-21,5.939000244140625,6.014000244140625,5.922360229492187,5.937000122070312,4.738223704505106,5691660,0.0,0.0,0.0,True
2020-05-22,5.8470001220703125,5.93,5.8100000000000005,5.912000122070313,4.71827218196388,6465427,0.0,0.0,0.0,True
2020-05-26,6.0279998779296875,6.055,5.960999755859375,5.989000244140625,4.779725136667594,7546967,0.0,0.0,0.0,True
2020-05-27,6.010999755859375,6.087680053710938,6.008400268554688,6.059000244140625,4.8355910596840825,8162980,0.0,0.0,0.0,True
2020-05-28,6.115,6.1529998779296875,6.0734802246093755,6.137999877929688,4.898638984024472,9316375,0.0,0.0,0.0,True
2020-05-29,6.085,6.108900146484375,5.9789501953125,5.9879998779296875,4.778926431333769,6537105,0.0,0.0,0.0,True
2020-06-01,6.082999877929687,6.095609741210938,6.025999755859375,6.0890002441406255,4.859532691451073,8830479,0.0,0.0,0.0,True
2020-06-02,6.1129998779296875,6.1559997558593755,6.094000244140625,6.1370001220703125,4.897841255103035,7221794,0.0,0.0,0.0,True
2020-06-03,6.195,6.3100000000000005,6.181840209960938,6.297000122070313,5.0255345144514685,7839926,0.0,0.0,0.0,True
2020-06-04,6.275,6.318939819335938,6.229089965820313,6.255,4.992016229977681,7260038,0.0,0.0,0.0,True
2020-06-05,6.299000244140625,6.400999755859375,6.295150146484375,6.395999755859375,5.104545804932093,11792532,0.0,0.0,0.0,True
2020-06-08,6.350999755859375,6.424000244140625,6.332999877929687,6.38,5.091775795508578,7167628,0.0,0.0,0.0,True
2020-06-09,6.37,6.375679931640625,6.235999755859375,6.247000122070313,4.985630004750438,9178197,0.0,0.0,0.0,True
2020-06-10,6.2540002441406255,6.299760131835938,6.209000244140626,6.232999877929688,4.974455941375991,14116645,0.0,0.0,0.0,True
2020-06-11,6.065,6.089879760742187,5.955999755859375,5.955999755859375,4.786097658800218,11983796,0.042599998,0.0,0.0,True
2020-06-12,5.880999755859375,6.065,5.872239990234375,5.98,4.805383903632056,15096915,0.0,0.0,0.0,True
2020-06-15,5.865,6.046339721679687,5.838759765625,5.942000122070312,4.774847472198001,12839750,0.0,0.0,0.0,True
2020-06-16,6.085,6.174000244140625,6.060999755859375,6.122000122070313,4.919492588074458,8591618,0.0,0.0,0.0,True
2020-06-17,6.140999755859375,6.184000244140625,6.109000244140625,6.135,4.92993862816841,8416306,0.0,0.0,0.0,True
2020-06-18,6.092999877929688,6.16,6.064089965820313,6.095999755859375,4.898598541758182,6284745,0.0,0.0,0.0,True
2020-06-19,6.125999755859375,6.1947802734375,6.12,6.167000122070313,4.955651655149146,6822389,0.0,0.0,0.0,True
2020-06-22,6.114000244140625,6.1850000000000005,6.099000244140625,6.12,4.91788380352583,11720229,0.0,0.0,0.0,True
2020-06-23,6.140999755859375,6.215999755859375,6.134550170898438,6.192000122070312,4.975741063425059,8430984,0.0,0.0,0.0,True
2020-06-24,6.162999877929687,6.1690002441406255,6.005,6.005,4.825471837311683,13337148,0.0,0.0,0.0,True
2020-06-25,5.980999755859375,6.042999877929688,5.91,6.0279998779296875,4.843953935635256,12866800,0.0,0.0,0.0,True
2020-06-26,6.0970001220703125,6.139000244140625,6.034240112304688,6.040999755859375,4.8544014503254935,7770391,0.0,0.0,0.0,True
2020-06-29,6.022000122070312,6.125540161132813,6.000750122070313,6.102999877929688,4.904223143527192,7913628,0.0,0.0,0.0,True
2020-06-30,6.102000122070312,6.121699829101563,6.0264501953125,6.0440002441406255,4.856812415254006,7989079,0.0,0.0,0.0,True
2020-07-01,6.050999755859375,6.082000122070313,5.962999877929688,6.039000244140625,4.852794140373148,10161922,0.0,0.0,0.0,True
2020-07-02,6.090999755859375,6.141580200195313,6.074140014648438,6.120999755859375,4.918688441566191,10111630,0.0,0.0,0.0,True
2020-07-03,6.132999877929688,6.147000122070312,6.0200000000000005,6.0440002441406255,4.856812415254006,5992313,0.0,0.0,0.0,True
2020-07-06,6.137999877929688,6.18676025390625,6.132999877929688,6.167000122070313,4.955651655149146,6005381,0.0,0.0,0.0,True
2020-07-07,6.137999877929688,6.144600219726563,6.062119750976563,6.075,4.881722278790669,5537447,0.0,0.0,0.0,True
2020-07-08,6.03,6.094000244140625,6.027000122070312,6.037000122070313,4.8511873219529,5628013,0.0,0.0,0.0,True
2020-07-09,6.065,6.069000244140625,5.930999755859375,5.944000244140625,4.77645429061825,8140431,0.0,0.0,0.0,True
2020-07-10,5.8950000000000005,6.0,5.8950000000000005,5.985999755859375,4.810204850424897,6771968,0.0,0.0,0.0,True
2020-07-13,6.052000122070313,6.07676025390625,6.02676025390625,6.069000244140625,4.876901823529923,3666280,0.0,0.0,0.0,True
2020-07-14,6.0120001220703125,6.0679998779296875,5.980999755859375,6.0679998779296875,4.876097677021656,9284518,0.0,0.0,0.0,True
2020-07-15,6.1159997558593755,6.21,6.095999755859375,6.180999755859375,4.966901841751361,8292480,0.0,0.0,0.0,True
2020-07-16,6.162999877929687,6.172000122070313,6.115679931640625,6.139000244140625,4.933152265008904,5140675,0.0,0.0,0.0,True
2020-07-17,6.155,6.180999755859375,6.118900146484375,6.175999755859375,4.962884549934691,4777695,0.0,0.0,0.0,True
2020-07-20,6.172999877929688,6.177000122070313,6.108900146484375,6.149000244140625,4.941187340174336,7145605,0.0,0.0,0.0,True
2020-07-21,6.184000244140625,6.204860229492188,6.140000000000001,6.155,4.946008286967176,6475308,0.0,0.0,0.0,True
2020-07-22,6.157999877929687,6.16,6.0864801025390625,6.099000244140625,4.901009506686698,10105181,0.0,0.0,0.0,True
2020-07-23,6.135999755859375,6.167319946289062,6.097999877929688,6.104000244140625,4.905025323907078,7246409,0.0,0.0,0.0,True
2020-07-24,6.029000244140625,6.058920288085938,5.995,6.020999755859375,4.838330316930435,9862599,0.0,0.0,0.0,True
2020-07-27,6.0120001220703125,6.022999877929688,5.983699951171875,6.002000122070313,4.823062838511551,5092541,0.0,0.0,0.0,True
2020-07-28,6.025,6.047000122070313,5.98280029296875,6.029000244140625,4.844758573675621,4969566,0.0,0.0,0.0,True
2020-07-29,6.032000122070313,6.0527001953125,6.015999755859375,6.032000122070313,4.84716904707204,6220796,0.0,0.0,0.0,True
2020-07-30,6.035999755859375,6.040999755859375,5.824199829101563,5.895999755859375,4.7378832755508595,11312243,0.0,0.0,0.0,True
2020-07-31,5.912000122070313,5.94833984375,5.807999877929688,5.807999877929688,4.667168027564974,8683355,0.0,0.0,0.0,True
2020-08-03,5.8100000000000005,5.94,5.760700073242187,5.934000244140625,4.768419215452817,10240162,0.0,0.0,0.0,True
2020-08-04,5.939000244140625,5.962000122070313,5.889000244140625,5.939000244140625,4.772436015737388,5746171,0.0,0.0,0.0,True
2020-08-05,5.9750000000000005,6.0120001220703125,5.969660034179688,6.005,4.825471837311683,6353305,0.0,0.0,0.0,True
2020-08-06,5.97,5.982999877929688,5.892080078125,5.942000122070312,4.774847472198001,7650825,0.0,0.0,0.0,True
2020-08-07,5.94,5.957050170898437,5.91,5.945,4.777258437126518,6148450,0.0,0.0,0.0,True
2020-08-10,5.982000122070312,6.0120001220703125,5.94,5.965,4.793330062053667,8450190,0.0,0.0,0.0,True
2020-08-11,6.007000122070313,6.114000244140625,6.002000122070313,6.0600000000000005,4.869669420276471,9160462,0.0,0.0,0.0,True
2020-08-12,6.065999755859375,6.2006201171875,6.062999877929688,6.1850000000000005,4.970116953188142,11035454,0.0,0.0,0.0,True
2020-08-13,6.150999755859375,6.157000122070313,6.112000122070313,6.112000122070313,4.911454072184359,6644058,0.0,0.0,0.0,True
2020-08-14,6.095,6.097999877929688,5.965,6.020999755859375,4.838330316930435,12066016,0.0,0.0,0.0,True
2020-08-17,6.007000122070313,6.067000122070312,5.9879998779296875,6.052999877929688,4.864043835443267,6743769,0.0,0.0,0.0,True
2020-08-18,6.019000244140625,6.087999877929688,5.9879998779296875,6.0040002441406255,4.824669165399704,6178205,0.0,0.0,0.0,True
2020-08-19,5.995,6.038300170898438,5.9750000000000005,6.037000122070313,4.8511873219529,8289568,0.0,0.0,0.0,True
2020-08-20,5.98,6.00989990234375,5.945050048828125,5.952000122070313,4.7828820558313385,8664900,0.0,0.0,0.0,True
2020-08-21,5.954000244140625,5.9720001220703125,5.8852001953125,5.942000122070312,4.774847472198001,7394179,0.0,0.0,0.0,True
2020-08-24,5.995,6.050999755859375,5.8852001953125,6.034000244140625,4.84877783162067,13174516,0.0,0.0,0.0,True
2020-08-25,6.062000122070312,6.106400146484376,5.962999877929688,5.965,4.793330062053667,7929175,0.0,0.0,0.0,True
2020-08-26,5.962999877929688,5.984000244140625,5.924400024414062,5.98,4.805383903632056,6543848,0.0,0.0,0.0,True
2020-08-27,5.979000244140625,5.9976000976562505,5.94,5.94,4.773239670713561,6241556,0.0,0.0,0.0,True
2020-08-28,5.965999755859375,5.97,5.89760009765625,5.9,4.741096420859259,10217145,0.0,0.0,0.0,True
2020-09-01,5.8950000000000005,5.903599853515625,5.760999755859375,5.804000244140625,4.663954390724477,14920917,0.0,0.0,0.0,True
2020-09-02,5.8470001220703125,5.914000244140625,5.83,5.880999755859375,4.725828942440375,8718277,0.0,0.0,0.0,True
2020-09-03,5.910999755859375,5.94,5.780399780273438,5.792999877929687,4.65511467751868,7754479,0.0,0.0,0.0,True
2020-09-04,5.75,5.847999877929688,5.7220001220703125,5.744000244140625,4.61573853287883,14242905,0.0,0.0,0.0,True
2020-09-07,5.7700000000000005,5.890999755859375,5.760540161132813,5.882000122070313,4.72663358048074,9441959,0.0,0.0,0.0,True
2020-09-08,5.91,5.9297998046875,5.81780029296875,5.867000122070313,4.7145797389023505,8528626,0.0,0.0,0.0,True
2020-09-09,5.875999755859375,5.97280029296875,5.8692999267578125,5.955,4.7852944953561405,7157450,0.0,0.0,0.0,True
2020-09-10,5.949000244140625,5.97,5.8922998046875,5.945,4.777258437126518,8321197,0.0,0.0,0.0,True
2020-09-11,5.939000244140625,6.0,5.9347601318359375,5.967999877929688,4.795740535450089,6409367,0.0,0.0,0.0,True
2020-09-14,6.005,6.0202398681640625,5.952000122070313,5.97,4.797347353870339,6296878,0.0,0.0,0.0,True
2020-09-15,5.985999755859375,6.062999877929688,5.97031005859375,6.045,4.857616561762272,11226780,0.0,0.0,0.0,True
2020-09-16,6.027000122070312,6.058759765625,5.997160034179688,6.019000244140625,4.836723990042279,6495188,0.0,0.0,0.0,True
2020-09-17,5.889000244140625,5.955999755859375,5.882999877929688,5.9350000000000005,4.815062097279079,8387885,0.057300000000000004,0.0,0.0,True
2020-09-18,5.925999755859375,5.95,5.8870001220703125,5.8870001220703125,4.7761176195679695,8502241,0.0,0.0,0.0,True
2020-09-21,5.834000244140625,5.834000244140625,5.6690002441406255,5.697000122070313,4.621972236776021,15422301,0.0,0.0,0.0,True
2020-09-22,5.7220001220703125,5.757999877929688,5.682059936523437,5.712999877929688,4.6349525715250754,8447892,0.0,0.0,0.0,True
2020-09-23,5.799000244140625,5.860969848632813,5.76,5.782000122070313,4.6909329012414,7554029,0.0,0.0,0.0,True
2020-09-24,5.719000244140625,5.782999877929687,5.694840087890625,5.717000122070313,4.638197779264623,8180123,0.0,0.0,0.0,True
2020-09-25,5.720999755859375,5.732000122070312,5.659940185546875,5.732000122070312,4.650368300706193,9295016,0.0,0.0,0.0,True
2020-09-28,5.802999877929688,5.84,5.789000244140625,5.814000244140625,4.716893570739507,6315444,0.0,0.0,0.0,True
2020-09-29,5.807999877929688,5.815,5.749920043945313,5.784000244140625,4.69255500890204,10143895,0.0,0.0,0.0,True
2020-09-30,5.750999755859375,5.817880249023438,5.745,5.759000244140625,4.672273949157273,9572536,0.0,0.0,0.0,True
2020-10-01,5.787999877929687,5.827919921875,5.75,5.779000244140625,4.688497506809334,10184395,0.0,0.0,0.0,True
2020-10-02,5.717999877929688,5.799000244140625,5.705,5.799000244140625,4.704724041716204,11680773,0.0,0.0,0.0,True
2020-10-05,5.857000122070312,5.875,5.8139697265625,5.840999755859375,4.7387982267723165,8124049,0.0,0.0,0.0,True
2020-10-06,5.847999877929688,5.870999755859375,5.800999755859375,5.850999755859375,4.746911742330315,10625491,0.0,0.0,0.0,True
2020-10-07,5.857999877929688,5.879849853515625,5.833150024414063,5.852000122070312,4.747723540474338,6466587,0.0,0.0,0.0,True
2020-10-08,5.869000244140625,5.907999877929687,5.832000122070313,5.88,4.7704385060237655,8492188,0.0,0.0,0.0,True
2020-10-09,5.9,5.943900146484375,5.895150146484375,5.917999877929687,4.801268971967732,6190104,0.0,0.0,0.0,True
2020-10-12,5.907000122070313,5.939140014648437,5.89614990234375,5.904000244140625,4.789910248670182,6987626,0.0,0.0,0.0,True
2020-10-13,5.909000244140625,5.909940185546875,5.854000244140625,5.874000244140625,4.765572679250984,8897486,0.0,0.0,0.0,True
2020-10-14,5.904000244140625,5.912999877929687,5.830999755859375,5.840999755859375,4.7387982267723165,9167185,0.0,0.0,0.0,True
2020-10-15,5.7779998779296875,5.7779998779296875,5.695,5.742999877929687,4.659290140944274,11811456,0.0,0.0,0.0,True
2020-10-16,5.785,5.839929809570313,5.7700000000000005,5.827999877929687,4.728252790246191,10253019,0.0,0.0,0.0,True
2020-10-19,5.837999877929688,5.869000244140625,5.78,5.8,4.705535839860225,4693754,0.0,0.0,0.0,True
2020-10-20,5.775999755859375,5.8218798828125005,5.77010009765625,5.792999877929687,4.699856230106884,3848709,0.0,0.0,0.0,True
2020-10-21,5.809000244140625,5.8100000000000005,5.6797998046875,5.687999877929688,4.614670023152906,8872097,0.0,0.0,0.0,True
2020-10-22,5.6690002441406255,5.706959838867188,5.627999877929688,5.697000122070313,4.621972236776021,4465267,0.0,0.0,0.0,True
2020-10-23,5.697000122070313,5.7940002441406255,5.695819702148437,5.7700000000000005,4.6811967818136235,6871624,0.0,0.0,0.0,True
2020-10-26,5.695,5.79302001953125,5.69,5.702999877929687,4.626839552176206,6702181,0.0,0.0,0.0,True
2020-10-27,5.715999755859375,5.717999877929688,5.639000244140625,5.639000244140625,4.574916724552588,6891952,0.0,0.0,0.0,True
2020-10-28,5.575,5.5890002441406255,5.44,5.502999877929688,4.464579165198847,14997039,0.0,0.0,0.0,True
2020-10-29,5.485999755859375,5.645670166015625,5.452000122070313,5.497999877929687,4.460522655524414,7198594,0.0,0.0,0.0,True
2020-10-30,5.465,5.51,5.45,5.497999877929687,4.460522655524414,5309781,0.0,0.0,0.0,True
2020-11-02,5.500999755859375,5.580999755859375,5.47406005859375,5.575,4.522993896928969,4309240,0.0,0.0,0.0,True
2020-11-03,5.624000244140625,5.702760009765625,5.614249877929687,5.697000122070313,4.621972236776021,4908831,0.0,0.0,0.0,True
2020-11-04,5.625999755859375,5.797999877929688,5.6129998779296875,5.797999877929688,4.703912243572184,11179040,0.0,0.0,0.0,True
2020-11-05,5.820999755859375,5.8500000000000005,5.798140258789062,5.815,4.717704872674394,6255575,0.0,0.0,0.0,True
2020-11-06,5.819000244140625,5.865,5.772999877929688,5.825,4.725816403395857,6293727,0.0,0.0,0.0,True
2020-11-09,5.8950000000000005,6.174500122070313,5.892999877929688,6.1000000000000005,4.948926420326265,16676446,0.0,0.0,0.0,True
2020-11-10,6.105,6.215,6.090819702148438,6.199000244140625,5.029244815670923,12828187,0.0,0.0,0.0,True
2020-11-11,6.209000244140626,6.3,6.202659912109375,6.289000244140625,5.102261493601598,22400548,0.0,0.0,0.0,True
2020-11-12,6.242999877929687,6.272219848632813,6.202239990234375,6.24,5.062508691210415,15018998,0.0,0.0,0.0,True
2020-11-13,6.202000122070313,6.252000122070313,6.1897998046875005,6.219000244140625,5.045471350577791,7433809,0.0,0.0,0.0,True
2020-11-16,6.270999755859375,6.3698797607421875,6.238599853515625,6.322999877929687,5.129846255596885,24305793,0.0,0.0,0.0,True
2020-11-17,6.3,6.325,6.216630249023438,6.2700000000000005,5.086845764420482,13517709,0.0,0.0,0.0,True
2020-11-18,6.242999877929687,6.305,6.232000122070312,6.284000244140625,5.098204983927165,12678359,0.0,0.0,0.0,True
2020-11-19,6.232000122070312,6.255549926757813,6.22,6.242000122070313,5.064129310243651,9344122,0.0,0.0,0.0,True
2020-11-20,6.235,6.29844970703125,6.227999877929688,6.257000122070313,5.076298839266955,8845075,0.0,0.0,0.0,True
2020-11-23,6.2940002441406255,6.302000122070313,6.23,6.244000244140625,5.065752906531691,11051593,0.0,0.0,0.0,True
2020-11-24,6.297000122070313,6.3390002441406255,6.273560180664063,6.332999877929687,5.137958778736617,10221599,0.0,0.0,0.0,True
2020-11-25,6.369000244140625,6.374520263671875,6.282839965820313,6.295999755859375,5.107940607145807,14900503,0.0,0.0,0.0,True
2020-11-26,6.322000122070313,6.327999877929687,6.264000244140625,6.275999755859375,5.091714072238935,6025012,0.0,0.0,0.0,True
2020-11-27,6.267999877929688,6.297999877929688,6.22,6.297999877929688,5.109562714806445,9631051,0.0,0.0,0.0,True
2020-11-30,6.259000244140625,6.325,6.180999755859375,6.180999755859375,5.014640884633826,12387102,0.0,0.0,0.0,True
2020-12-01,6.212000122070313,6.312000122070312,6.205,6.302999877929688,5.113619224480881,8668450,0.0,0.0,0.0,True
2020-12-02,6.282999877929687,6.3859802246093755,6.28,6.38,5.176089969676297,9569714,0.0,0.0,0.0,True
2020-12-03,6.372999877929687,6.408900146484375,6.349299926757813,6.404000244140625,5.195561216113578,5505012,0.0,0.0,0.0,True
2020-12-04,6.435999755859375,6.47885009765625,6.43,6.465,5.245049641723404,7226682,0.0,0.0,0.0,True
2020-12-07,6.495999755859375,6.521849975585938,6.441939697265625,6.470999755859375,5.249917949541859,10248648,0.0,0.0,0.0,True
2020-12-08,6.445,6.482999877929688,6.434000244140625,6.475999755859375,5.253973466798026,4925548,0.0,0.0,0.0,True
2020-12-09,6.500999755859375,6.539000244140625,6.482000122070312,6.482000122070312,5.258841278407345,8497841,0.0,0.0,0.0,True
2020-12-10,6.489000244140625,6.5251397705078125,6.447000122070313,6.485999755859375,5.290243131677568,11659949,0.034499998000000004,0.0,0.0,True
2020-12-11,6.485999755859375,6.485999755859375,6.40614990234375,6.4320001220703125,5.246199745290191,11641351,0.0,0.0,0.0,True
2020-12-14,6.432999877929688,6.4689599609375,6.4190002441406255,6.4190002441406255,5.235596449169931,9957038,0.0,0.0,0.0,True
2020-12-15,6.399000244140625,6.447000122070313,6.372999877929687,6.404000244140625,5.223362452305543,10582146,0.0,0.0,0.0,True
2020-12-16,6.427999877929688,6.485,6.415999755859375,6.457999877929687,5.267405339855131,13554271,0.0,0.0,0.0,True
2020-12-17,6.492000122070313,6.497999877929687,6.444000244140625,6.444000244140625,5.255987940457286,12233567,0.0,0.0,0.0,True
2020-12-18,6.452000122070313,6.500839843750001,6.4190002441406255,6.420999755859375,5.23722814758964,11728867,0.0,0.0,0.0,True
2020-12-21,6.332000122070313,6.500839843750001,6.2140002441406255,6.314000244140625,5.149953981579088,13799266,0.0,0.0,0.0,True
2020-12-22,6.282000122070313,6.359000244140625,6.2809997558593755,6.355999755859375,5.184211168150543,6099413,0.0,0.0,0.0,True
2020-12-23,6.3390002441406255,6.397999877929688,6.32906982421875,6.394000244140625,5.215205456720366,8375982,0.0,0.0,0.0,True
2020-12-24,6.427000122070313,6.4365997314453125,6.3802001953125,6.41,5.228255552213505,5310903,0.0,0.0,0.0,True
2020-12-29,6.502999877929688,6.577000122070313,6.4879998779296875,6.502000122070313,5.303294723684084,9710225,0.0,0.0,0.0,True
2020-12-30,6.502000122070313,6.522999877929688,6.4538201904296875,6.460999755859375,5.269853635741383,8897636,0.0,0.0,0.0,True
2020-12-31,6.382999877929688,6.409119873046875,6.340250244140625,6.362000122070313,5.18910526573409,5925124,0.0,0.0,0.0,True
2021-01-04,6.455,6.5600000000000005,6.452999877929687,6.467999877929688,5.275561836602514,10061651,0.0,0.0,0.0,True
2021-01-05,6.434000244140625,6.519000244140625,6.430700073242187,6.51,5.309819023173967,10811957,0.0,0.0,0.0,True
2021-01-06,6.5600000000000005,6.749000244140625,6.532059936523438,6.73,5.489260953940826,11071390,0.0,0.0,0.0,True
2021-01-07,6.789000244140625,6.794039916992188,6.689539794921875,6.7540002441406255,5.508836346599429,10463919,0.0,0.0,0.0,True
2021-01-08,6.779000244140625,6.785999755859375,6.730999755859375,6.772000122070312,5.523517142836692,10035948,0.0,0.0,0.0,True
2021-01-11,6.755999755859375,6.769000244140625,6.66489990234375,6.690999755859375,5.457450067904457,7087556,0.0,0.0,0.0,True
2021-01-12,6.7140002441406255,6.7140002441406255,6.634000244140625,6.6529998779296875,5.426453783983463,7507750,0.0,0.0,0.0,True
2021-01-13,6.657999877929687,6.67,6.632000122070313,6.640999755859375,5.4166685818431235,6443812,0.0,0.0,0.0,True
2021-01-14,6.647999877929688,6.7,6.634769897460938,6.7,5.464792461374258,6111164,0.0,0.0,0.0,True
2021-01-15,6.675,6.680960083007813,6.575,6.63,5.407696485304782,8807340,0.0,0.0,0.0,True
2021-01-18,6.6129998779296875,6.640000000000001,6.607000122070312,6.617000122070313,5.3970926903467245,5788502,0.0,0.0,0.0,True
2021-01-19,6.654000244140625,6.665,6.594000244140625,6.610999755859375,5.39219909160097,4732220,0.0,0.0,0.0,True
2021-01-20,6.62,6.65,6.594000244140625,6.642000122070312,5.417485179309665,7838432,0.0,0.0,0.0,True
2021-01-21,6.672999877929688,6.675449829101563,6.615,6.615,5.3954619896026,6082606,0.0,0.0,0.0,True
2021-01-22,6.6000000000000005,6.604000244140625,6.551420288085938,6.59,5.375070997153036,6348930,0.0,0.0,0.0,True
2021-01-25,6.607999877929688,6.6129998779296875,6.51,6.539000244140625,5.333473412462951,6235266,0.0,0.0,0.0,True
2021-01-26,6.547000122070313,6.599959716796875,6.536010131835938,6.552000122070313,5.344076209745418,4021939,0.0,0.0,0.0,True
2021-01-27,6.529000244140625,6.5589599609375,6.409000244140625,6.465999755859375,5.273930138182801,13054924,0.0,0.0,0.0,True
2021-01-28,6.402000122070312,6.4466400146484375,6.337999877929688,6.430999755859375,5.245385143174816,7166471,0.0,0.0,0.0,True
2021-01-29,6.327000122070313,6.386939697265625,6.29448974609375,6.3,5.1385350856678675,10588372,0.0,0.0,0.0,True
2021-02-01,6.335,6.394000244140625,6.323599853515625,6.360999755859375,5.188289167105338,6647321,0.0,0.0,0.0,True
2021-02-02,6.3870001220703125,6.423610229492188,6.374000244140625,6.412999877929687,5.2307028504241755,8323424,0.0,0.0,0.0,True
2021-02-03,6.467999877929688,6.473880004882813,6.385,6.404000244140625,5.223362452305543,15661619,0.0,0.0,0.0,True
2021-02-04,6.422999877929688,6.45,6.375,6.405,5.224178052096502,4769148,0.0,0.0,0.0,True
2021-02-05,6.402000122070312,6.412000122070313,6.352260131835938,6.387999877929688,5.210309862623441,9826467,0.0,0.0,0.0,True
2021-02-08,6.415999755859375,6.4640002441406255,6.397999877929688,6.417999877929688,5.234780350541177,4942282,0.0,0.0,0.0,True
2021-02-09,6.432999877929688,6.437000122070312,6.395999755859375,6.427999877929688,5.242936847288563,4577264,0.0,0.0,0.0,True
2021-02-10,6.470999755859375,6.472999877929688,6.38,6.4190002441406255,5.235596449169931,5705931,0.0,0.0,0.0,True
2021-02-11,6.4350000000000005,6.452000122070313,6.412000122070313,6.425,5.240490047915684,5458320,0.0,0.0,0.0,True
2021-02-12,6.399000244140625,6.482999877929688,6.382000122070313,6.482999877929688,5.287798327655862,8972996,0.0,0.0,0.0,True
2021-02-15,6.537999877929687,6.6702001953125,6.522999877929688,6.650999755859375,5.424825577428301,9669182,0.0,0.0,0.0,True
2021-02-16,6.675,6.694000244140625,6.63,6.637999877929688,5.414222281308036,9132980,0.0,0.0,0.0,True
2021-02-17,6.634000244140625,6.639000244140625,6.592059936523437,6.600999755859375,5.38404309369138,8715600,0.0,0.0,0.0,True
2021-02-18,6.587999877929688,6.625999755859375,6.497969970703125,6.5279998779296875,5.324502812437984,8887780,0.0,0.0,0.0,True
2021-02-19,6.524000244140625,6.552979736328125,6.505040283203125,6.53,5.326131018993148,4784318,0.0,0.0,0.0,True
2021-02-22,6.507999877929688,6.526749877929688,6.4550500488281255,6.515000000000001,5.313898019804346,11799380,0.0,0.0,0.0,True
2021-02-23,6.545,6.579000244140625,6.462000122070313,6.532000122070313,5.327763715088443,16476118,0.0,0.0,0.0,True
2021-02-24,6.5,6.57458984375,6.476270141601563,6.565,5.35467950586568,11457083,0.0,0.0,0.0,True
2021-02-25,6.609000244140625,6.622000122070313,6.561240234375,6.569000244140625,5.357941905029517,6945687,0.0,0.0,0.0,True
2021-02-26,6.5,6.56468017578125,6.387760009765625,6.402000122070312,5.221729756210248,12182241,0.0,0.0,0.0,True
2021-03-01,6.4750000000000005,6.533200073242187,6.465999755859375,6.5040002441406255,5.304925923266003,6548701,0.0,0.0,0.0,True
2021-03-02,6.48,6.578900146484375,6.478200073242188,6.529000244140625,5.325317414553361,7182912,0.0,0.0,0.0,True
2021-03-03,6.579000244140625,6.622960205078125,6.535999755859375,6.592000122070313,5.376702695572746,7384353,0.0,0.0,0.0,True
2021-03-04,6.5570001220703125,6.589940185546875,6.512999877929688,6.585999755859375,5.371808597989199,8479990,0.0,0.0,0.0,True
2021-03-05,6.53,6.640000000000001,6.492999877929687,6.5600000000000005,5.350602005748676,13188312,0.0,0.0,0.0,True
2021-03-08,6.605999755859375,6.6543298339843755,6.542039794921875,6.645999755859375,5.420746580797919,11792113,0.0,0.0,0.0,True
2021-03-09,6.6290002441406255,6.717000122070313,6.620999755859375,6.659000244140625,5.4313508745937655,10689738,0.0,0.0,0.0,True
2021-03-10,6.6290002441406255,6.672000122070313,6.608330078125,6.6559997558593755,5.428903077545302,8438060,0.0,0.0,0.0,True
2021-03-11,6.6450000000000005,6.6450000000000005,6.584979858398437,6.617999877929687,5.443874246997375,10877413,0.056200004000000005,0.0,0.0,True
2021-03-12,6.602000122070312,6.648510131835938,6.594329833984375,6.644000244140625,5.465260622025683,6233097,0.0,0.0,0.0,True
2021-03-15,6.662999877929687,6.687940063476563,6.605999755859375,6.627000122070313,5.451278538619938,8751302,0.0,0.0,0.0,True
2021-03-16,6.67,6.690999755859375,6.650999755859375,6.679000244140625,5.494053803892133,19377098,0.0,0.0,0.0,True
2021-03-17,6.67,6.684000244140625,6.635,6.642000122070312,5.4636161740798865,9775811,0.0,0.0,0.0,True
2021-03-18,6.665999755859375,6.677999877929688,6.62780029296875,6.662000122070313,5.480068702227694,8019559,0.0,0.0,0.0,True
2021-03-19,6.600999755859375,6.641959838867187,6.552999877929688,6.59,5.420841914893921,16572941,0.0,0.0,0.0,True
2021-03-22,6.555999755859375,6.6223297119140625,6.537319946289062,6.615,5.4414068205140085,5488926,0.0,0.0,0.0,True
2021-03-23,6.570999755859376,6.610640258789062,6.55364013671875,6.592000122070313,5.422487871969065,9520797,0.0,0.0,0.0,True
2021-03-24,6.547000122070313,6.610850219726562,6.537449951171875,6.602000122070312,5.430713632999854,11604888,0.0,0.0,0.0,True
2021-03-25,6.577999877929687,6.625,6.513060302734375,6.5679998779296875,5.402744435757205,12689167,0.0,0.0,0.0,True
2021-03-26,6.612000122070313,6.6370001220703125,6.6002001953125005,6.635,5.457858342575581,7832083,0.0,0.0,0.0,True
2021-03-29,6.635,6.65,6.599000244140625,6.627000122070313,5.451278538619938,8006855,0.0,0.0,0.0,True
2021-03-30,6.667000122070313,6.682999877929688,6.62,6.660999755859375,5.479245220647007,7614452,0.0,0.0,0.0,True
2021-03-31,6.645999755859375,6.6629400634765625,6.60302001953125,6.609000244140625,5.43647146450416,7034189,0.0,0.0,0.0,True
2021-04-01,6.627000122070313,6.657000122070313,6.617080078125,6.6290002441406255,5.452922483522615,7006047,0.0,0.0,0.0,True
2021-04-06,6.715999755859375,6.73,6.685999755859375,6.707000122070313,5.517084123823119,11375582,0.0,0.0,0.0,True
2021-04-07,6.7379998779296875,6.7809997558593755,6.726300048828125,6.765999755859375,5.565616717556505,10061826,0.0,0.0,0.0,True
2021-04-08,6.7940002441406255,6.832999877929687,6.775999755859375,6.832999877929687,5.620730121331764,9748153,0.0,0.0,0.0,True
2021-04-09,6.840999755859375,6.840999755859375,6.7974700927734375,6.805,5.597697789228314,5663503,0.0,0.0,0.0,True
2021-04-12,6.785,6.798679809570313,6.7440600585937505,6.782999877929687,5.579600813134714,7566879,0.0,0.0,0.0,True
2021-04-13,6.772999877929688,6.787000122070313,6.755,6.779000244140625,5.576311414200007,5975405,0.0,0.0,0.0,True
2021-04-14,6.779000244140625,6.831640014648437,6.777000122070312,6.827000122070313,5.615794765321916,7762424,0.0,0.0,0.0,True
2021-04-15,6.852999877929688,6.889000244140625,6.8470001220703125,6.882000122070313,5.661036450991245,7615764,0.0,0.0,0.0,True
2021-04-16,6.902000122070312,6.93,6.890000000000001,6.914000244140625,5.687361200288097,8515811,0.0,0.0,0.0,True
2021-04-19,6.91,6.9339599609375,6.8730401611328125,6.890999755859375,5.668439736527579,7088356,0.0,0.0,0.0,True
2021-04-20,6.8870001220703125,6.8870001220703125,6.752000122070313,6.7540002441406255,5.555745502493691,9133358,0.0,0.0,0.0,True
2021-04-21,6.784000244140625,6.810980224609375,6.76,6.79,5.585359147682133,5250861,0.0,0.0,0.0,True
2021-04-22,6.815,6.84,6.79094970703125,6.832999877929687,5.620730121331764,6032299,0.0,0.0,0.0,True
2021-04-23,6.817000122070312,6.8390002441406255,6.792410278320313,6.8390002441406255,5.625666483427847,6772258,0.0,0.0,0.0,True
2021-04-26,6.832999877929687,6.872000122070313,6.812000122070312,6.860999755859375,5.643762956478331,16069311,0.0,0.0,0.0,True
2021-04-27,6.870999755859375,6.872999877929687,6.83,6.840999755859375,5.627310931373643,8342682,0.0,0.0,0.0,True
2021-04-28,6.865,6.884000244140625,6.852000122070312,6.859000244140625,5.642117502446306,5343037,0.0,0.0,0.0,True
2021-04-29,6.892000122070312,6.9185400390625,6.855999755859375,6.86,5.6429399779407605,7997395,0.0,0.0,0.0,True
2021-04-30,6.860999755859375,6.912000122070313,6.847059936523437,6.875,5.65527912253006,7525202,0.0,0.0,0.0,True
2021-05-04,6.9,6.9365997314453125,6.814609985351563,6.827999877929687,5.616617240816372,8999336,0.0,0.0,0.0,True
2021-05-05,6.867000122070313,6.946959838867188,6.859000244140625,6.940999755859375,5.709568541681515,7638173,0.0,0.0,0.0,True
2021-05-06,6.9640002441406255,6.977999877929688,6.930059814453125,6.977999877929688,5.740005668450646,6230570,0.0,0.0,0.0,True
2021-05-07,7.0120001220703125,7.047999877929688,6.990269775390625,7.032999877929687,5.78524685107686,7915689,0.0,0.0,0.0,True
2021-05-10,7.070999755859376,7.074000244140625,7.00760009765625,7.029000244140625,5.781958458228385,5855662,0.0,0.0,0.0,True
2021-05-11,6.949000244140625,6.96,6.82,6.854000244140625,5.638005124974028,15187779,0.0,0.0,0.0,True
2021-05-12,6.857000122070312,6.9320001220703125,6.852999877929688,6.902000122070312,5.677488476095939,11834559,0.0,0.0,0.0,True
2021-05-13,6.844000244140625,6.891840209960938,6.734660034179687,6.875,5.65527912253006,12302312,0.0,0.0,0.0,True
2021-05-14,6.927999877929688,6.959840087890625,6.9030999755859375,6.955999755859375,5.7219066801845795,5138825,0.0,0.0,0.0,True
2021-05-17,6.96,6.976110229492187,6.897999877929688,6.94,5.708747575316407,7333156,0.0,0.0,0.0,True
2021-05-18,6.999000244140625,7.009000244140625,6.94,6.9429998779296875,5.711214498756659,6600179,0.0,0.0,0.0,True
2021-05-19,6.877000122070313,6.897999877929688,6.807999877929688,6.8659997558593755,5.647874830907493,9768938,0.0,0.0,0.0,True
2021-05-20,6.917000122070313,6.947000122070313,6.8500000000000005,6.947000122070313,5.714505406820711,9646652,0.0,0.0,0.0,True
2021-05-21,6.945,6.952000122070313,6.8960498046875,6.940999755859375,5.709568541681515,8321187,0.0,0.0,0.0,True
2021-05-24,6.962000122070313,6.977999877929688,6.935999755859375,6.9720001220703125,5.735069306354565,6611726,0.0,0.0,0.0,True
2021-05-25,6.987000122070313,6.99,6.952999877929687,6.952999877929687,5.719439756744331,4595864,0.0,0.0,0.0,True
2021-05-26,6.959000244140626,6.972999877929688,6.922000122070313,6.949000244140625,5.7161513638958565,6744347,0.0,0.0,0.0,True
2021-05-27,6.937999877929688,6.965999755859375,6.93,6.9429998779296875,5.711214498756659,6665925,0.0,0.0,0.0,True
2021-05-28,6.967999877929688,6.9769396972656255,6.942160034179688,6.95,5.716973336347194,5814585,0.0,0.0,0.0,True
2021-06-01,6.974000244140625,7.037000122070313,6.962999877929688,6.997000122070313,5.7556337089315335,9175476,0.0,0.0,0.0,True
2021-06-02,6.997999877929687,7.0398797607421875,6.989000244140625,7.024000244140625,5.7778440685836445,3431961,0.0,0.0,0.0,True
2021-06-03,7.029000244140625,7.033510131835937,6.937000122070312,6.982000122070312,5.743296576514699,7568830,0.0,0.0,0.0,True
2021-06-04,6.9909997558593755,6.995,6.962000122070313,6.992000122070313,5.751521331459254,5802195,0.0,0.0,0.0,True
2021-06-07,7.0040002441406255,7.022999877929688,6.9640002441406255,7.002999877929688,5.76057057407073,7702096,0.0,0.0,0.0,True
2021-06-08,7.000999755859375,7.045999755859375,6.999000244140625,7.019000244140625,5.773733200240715,6729494,0.0,0.0,0.0,True
2021-06-09,7.005,7.012940063476563,6.970170288085938,6.999000244140625,5.757281175136024,10247825,0.0,0.0,0.0,True
2021-06-10,7.019000244140625,7.04,7.0032897949218755,7.010999755859375,5.767149371940142,4587958,0.0,0.0,0.0,True
2021-06-11,7.019000244140625,7.062999877929688,7.019000244140625,7.055,5.803343324127346,5115262,0.0,0.0,0.0,True
2021-06-14,7.08,7.111849975585938,7.062000122070312,7.070999755859376,5.8165049442111,5607513,0.0,0.0,0.0,True
2021-06-15,7.104000244140625,7.118980102539062,7.078350219726563,7.0970001220703125,5.837892828368754,8465410,0.0,0.0,0.0,True
2021-06-16,7.114000244140625,7.145999755859375,7.095999755859375,7.117999877929687,5.855168335054134,7537365,0.0,0.0,0.0,True
2021-06-17,6.9909997558593755,7.025999755859375,6.9879998779296875,7.0120001220703125,5.834615912625974,7717764,0.08130000000000001,0.0,0.0,True
2021-06-18,7.0,7.012999877929688,6.8629998779296875,6.87,5.7164569563520065,10933491,0.0,0.0,0.0,True
2021-06-21,6.8259997558593755,6.920999755859375,6.808280029296875,6.917999877929688,5.756398033492377,4747522,0.0,0.0,0.0,True
2021-06-22,6.937000122070312,6.952999877929687,6.917780151367188,6.944000244140625,5.778033610405283,3299856,0.0,0.0,0.0,True
2021-06-23,6.954000244140625,6.98,6.927000122070313,6.927000122070313,5.763887526053061,5330125,0.0,0.0,0.0,True
2021-06-24,6.9429998779296875,6.974959716796875,6.935549926757813,6.967000122070313,5.797171502604847,3458217,0.0,0.0,0.0,True
2021-06-25,6.980999755859375,6.992940063476563,6.965040283203125,6.984000244140625,5.811316569362971,5525871,0.0,0.0,0.0,True
2021-06-28,6.962999877929688,6.9867401123046875,6.920999755859375,6.927999877929688,5.764719409228111,5541134,0.0,0.0,0.0,True
2021-06-29,6.93,6.97,6.923779907226563,6.942000122070312,5.776367808866991,5845202,0.0,0.0,0.0,True
2021-06-30,6.940999755859375,6.954000244140625,6.864039916992188,6.885999755859375,5.7297716663262275,12416122,0.0,0.0,0.0,True
2021-07-01,6.939000244140625,6.982999877929688,6.91406005859375,6.9750000000000005,5.803827585599333,12739599,0.0,0.0,0.0,True
2021-07-02,6.992000122070313,7.010999755859375,6.958040161132812,6.970999755859375,5.800498526507993,5111871,0.0,0.0,0.0,True
2021-07-05,6.979000244140625,7.019000244140625,6.96,7.010999755859375,5.833781994262727,3913676,0.0,0.0,0.0,True
2021-07-06,6.995,7.020700073242188,6.929959716796875,6.955,5.787186360519016,7011519,0.0,0.0,0.0,True
2021-07-07,6.980999755859375,7.009000244140625,6.97,7.007999877929688,5.831287871128729,9083438,0.0,0.0,0.0,True
2021-07-08,6.9640002441406255,6.967000122070313,6.8470001220703125,6.9,5.741421083559203,11670477,0.0,0.0,0.0,True
2021-07-09,6.92,6.977999877929688,6.909450073242188,6.977999877929688,5.8063242527185785,9869942,0.0,0.0,0.0,True
2021-07-12,6.962999877929688,6.9909997558593755,6.925999755859375,6.98,5.807987001474579,9081921,0.0,0.0,0.0,True
2021-07-13,6.997000122070313,7.006229858398438,6.969000244140625,6.979000244140625,5.807156644690677,6705448,0.0,0.0,0.0,True
2021-07-14,6.955,6.971300048828125,6.929019775390625,6.95,5.783025418252623,4112162,0.0,0.0,0.0,True
2021-07-15,6.94,6.969299926757813,6.8629998779296875,6.875,5.720618916212494,7605723,0.0,0.0,0.0,True
2021-07-16,6.910999755859375,6.920999755859375,6.840040283203125,6.869000244140625,5.715625581974004,4890196,0.0,0.0,0.0,True
2021-07-19,6.805,6.805919799804688,6.675999755859375,6.71,5.5833235941301105,10436943,0.0,0.0,0.0,True
2021-07-20,6.7540002441406255,6.7940002441406255,6.6922998046875,6.747000122070313,5.6141114123597,7579428,0.0,0.0,0.0,True
2021-07-21,6.78,6.8659997558593755,6.7779998779296875,6.855999755859375,5.704808556713125,5267081,0.0,0.0,0.0,True
2021-07-22,6.87,6.881959838867187,6.817000122070312,6.830999755859375,5.684006389366413,2099353,0.0,0.0,0.0,True
2021-07-23,6.870999755859375,6.8950000000000005,6.860999755859375,6.890999755859375,5.73393159099852,2795977,0.0,0.0,0.0,True
2021-07-26,6.855,6.9,6.842999877929688,6.889000244140625,5.7322688422425205,1944039,0.0,0.0,0.0,True
2021-07-27,6.854000244140625,6.873699951171875,6.792999877929688,6.852000122070312,5.701481532809979,5363685,0.0,0.0,0.0,True
2021-07-28,6.852999877929688,6.890150146484375,6.845,6.880999755859375,5.72560970646574,4855203,0.0,0.0,0.0,True
2021-07-29,6.907999877929687,6.965,6.9029998779296875,6.947000122070313,5.780529768727478,4446574,0.0,0.0,0.0,True
2021-07-30,6.885999755859375,6.9249597167968755,6.867039794921875,6.905,5.7455815170285485,5417608,0.0,0.0,0.0,True
2021-08-02,6.957000122070313,6.98,6.9320397949218755,6.95,5.783025418252623,3641921,0.0,0.0,0.0,True
2021-08-03,6.949000244140625,6.98614990234375,6.940999755859375,6.9750000000000005,5.803827585599333,4703442,0.0,0.0,0.0,True
2021-08-04,7.002999877929688,7.009500122070313,6.978800048828125,6.987000122070313,5.813812727685166,3984305,0.0,0.0,0.0,True
2021-08-05,6.975999755859375,7.005999755859375,6.975999755859375,6.997999877929687,5.822965986595947,3158418,0.0,0.0,0.0,True
2021-08-06,6.997000122070313,7.01,6.978309936523438,6.994000244140625,5.819637436301653,2896895,0.0,0.0,0.0,True
2021-08-09,6.985,7.012210083007813,6.962999877929688,7.0040002441406255,5.827958812037387,5913254,0.0,0.0,0.0,True
2021-08-10,7.005999755859375,7.037000122070313,6.989959716796875,7.029000244140625,5.848761488181146,3940798,0.0,0.0,0.0,True
2021-08-11,7.049000244140625,7.092000122070313,7.0421997070312505,7.09,5.899518064191252,4256815,0.0,0.0,0.0,True
2021-08-12,7.097999877929688,7.112000122070313,7.080020141601563,7.0890002441406255,5.898685672219154,3107894,0.0,0.0,0.0,True
2021-08-13,7.100999755859375,7.11968994140625,7.099899902343751,7.1129998779296875,5.918655447593766,2814594,0.0,0.0,0.0,True
2021-08-16,7.065999755859375,7.077000122070313,7.014219970703125,7.050999755859375,5.867066479611563,5361572,0.0,0.0,0.0,True
2021-08-17,7.027000122070312,7.084920043945313,7.0186700439453125,7.0759997558593755,5.887868138161223,4051544,0.0,0.0,0.0,True
2021-08-18,7.085,7.095999755859375,7.037000122070313,7.062999877929688,5.877052130494443,4756940,0.0,0.0,0.0,True
2021-08-19,6.959000244140626,6.994000244140625,6.9059997558593755,6.970999755859375,5.800498526507993,12403758,0.0,0.0,0.0,True
2021-08-20,6.985,7.009000244140625,6.947000122070313,7.002000122070313,5.826294536890239,4927138,0.0,0.0,0.0,True
2021-08-23,7.060999755859375,7.065999755859375,7.010999755859375,7.0200000000000005,5.841272504417511,4700047,0.0,0.0,0.0,True
2021-08-24,7.032999877929687,7.042999877929688,6.985999755859375,7.032000122070313,5.851256120112195,4938431,0.0,0.0,0.0,True
2021-08-25,7.035,7.060999755859375,7.032999877929687,7.0600000000000005,5.874554954578149,3307600,0.0,0.0,0.0,True
2021-08-26,7.032999877929687,7.060999755859375,7.0122998046875,7.0440002441406255,5.861242279792124,4512483,0.0,0.0,0.0,True
2021-08-27,7.04,7.075,7.025,7.067000122070312,5.880379663194639,2375294,0.0,0.0,0.0,True
2021-08-31,7.07,7.0759997558593755,7.005999755859375,7.035999755859375,5.854584670406489,4350456,0.0,0.0,0.0,True
2021-09-01,7.079000244140625,7.1029602050781255,7.059979858398438,7.067000122070312,5.880379663194639,6391000,0.0,0.0,0.0,True
2021-09-02,7.0600000000000005,7.094180297851563,7.055,7.094000244140625,5.9028461056884955,4096853,0.0,0.0,0.0,True
2021-09-03,7.097999877929688,7.109940185546876,7.05,7.07,5.882875312719784,3651632,0.0,0.0,0.0,True
2021-09-06,7.090999755859375,7.124000244140625,7.0814599609375,7.117000122070313,5.921985015482155,2443478,0.0,0.0,0.0,True
2021-09-07,7.107999877929688,7.107999877929688,7.075,7.079000244140625,5.890364805280468,4074491,0.0,0.0,0.0,True
2021-09-08,7.03,7.057999877929688,6.989450073242188,7.024000244140625,5.84460003711771,8368262,0.0,0.0,0.0,True
2021-09-09,6.962000122070313,6.977000122070312,6.930390014648438,6.96,5.791346285191309,9533009,0.0,0.0,0.0,True
2021-09-10,6.984000244140625,6.9879998779296875,6.945269775390625,6.96,5.791346285191309,6877290,0.0,0.0,0.0,True
2021-09-13,6.992000122070313,7.019110107421875,6.987000122070313,6.995,5.820469319476704,399237,0.0,0.0,0.0,True
2021-09-14,6.980999755859375,6.99469970703125,6.948300170898437,6.965999755859375,5.79633911063275,6820808,0.0,0.0,0.0,True
2021-09-15,6.962000122070313,6.977999877929688,6.945,6.945,5.778864475986234,1928619,0.0,0.0,0.0,True
2021-09-16,6.885999755859375,6.90166015625,6.867999877929687,6.870999755859375,5.78855257724992,2423836,0.0855,0.0,0.0,True
2021-09-17,6.887999877929688,6.932100219726562,6.783460083007813,6.805,5.732949665085244,10000193,0.0,0.0,0.0,True
2021-09-20,6.7250000000000005,6.76,6.675999755859375,6.749000244140625,5.685772872549862,6753404,0.0,0.0,0.0,True
2021-09-21,6.782999877929687,6.852000122070312,6.782999877929687,6.820999755859376,5.746428675084572,5467947,0.0,0.0,0.0,True
2021-09-22,6.88,6.932999877929688,6.867999877929687,6.925,5.834046103146233,5517331,0.0,0.0,0.0,True
2021-09-23,6.965999755859375,6.975999755859375,6.914000244140625,6.917999877929688,5.828148489003839,6098364,0.0,0.0,0.0,True
2021-09-24,6.912999877929687,6.920999755859375,6.884000244140625,6.892999877929688,5.807087052996636,10914797,0.0,0.0,0.0,True
2021-09-27,6.955999755859375,6.9640002441406255,6.885999755859375,6.907000122070313,5.818880736055008,4962857,0.0,0.0,0.0,True
2021-09-28,6.897000122070312,6.912999877929687,6.857999877929688,6.867999877929687,5.786025101913962,8115702,0.0,0.0,0.0,True
2021-09-29,6.892999877929688,6.955,6.885999755859375,6.942000122070312,5.848367261540566,7420633,0.0,0.0,0.0,True
2021-09-30,6.979000244140625,7.0,6.915269775390625,6.925999755859375,5.834887736465767,6857349,0.0,0.0,0.0,True
2021-10-01,6.8500000000000005,6.9064398193359375,6.837000122070313,6.874000244140625,5.791080567661351,9781976,0.0,0.0,0.0,True
2021-10-04,6.847999877929688,6.918519897460937,6.846950073242188,6.855999755859375,5.7759157156455965,8319653,0.0,0.0,0.0,True
2021-10-05,6.87,6.930999755859375,6.8639599609375,6.925999755859375,5.834887736465767,3771345,0.0,0.0,0.0,True
2021-10-06,6.875999755859375,6.877000122070313,6.794479980468751,6.845,5.76664899284771,9137943,0.0,0.0,0.0,True
2021-10-07,6.917000122070313,6.940120239257813,6.887509765625,6.925,5.834046103146233,7192381,0.0,0.0,0.0,True
2021-10-08,6.94,6.957000122070313,6.92,6.9429998779296875,5.849209925011042,2284170,0.0,0.0,0.0,True
2021-10-11,6.9320001220703125,6.99,6.93,6.99,5.88880532168949,3080757,0.0,0.0,0.0,True
2021-10-12,6.914000244140625,6.979000244140625,6.909000244140625,6.975999755859375,5.877011638631119,5542083,0.0,0.0,0.0,True
2021-10-13,6.9509997558593755,7.0,6.9350000000000005,6.987000122070313,5.886278876504475,8514622,0.0,0.0,0.0,True
2021-10-14,7.035999755859375,7.062750244140625,7.017999877929688,7.054000244140625,5.942722391837743,6663818,0.0,0.0,0.0,True
2021-10-15,7.079000244140625,7.089840087890625,7.0600000000000005,7.084000244140626,5.967997145197328,5652129,0.0,0.0,0.0,True
2021-10-18,7.065,7.08,7.028150024414063,7.050999755859375,5.940195946652727,3062540,0.0,0.0,0.0,True
2021-10-19,7.067000122070312,7.07,7.037000122070313,7.064000244140625,5.9511479963915646,3296972,0.0,0.0,0.0,True
2021-10-20,7.055,7.073839721679688,7.043179931640625,7.065999755859375,5.952832808257048,4159505,0.0,0.0,0.0,True
2021-10-21,7.032999877929687,7.052999877929688,7.025250244140625,7.037999877929687,5.929244411989356,3914449,0.0,0.0,0.0,True
2021-10-22,7.050999755859375,7.080079956054687,7.036799926757813,7.050999755859375,5.940195946652727,6992159,0.0,0.0,0.0,True
2021-10-25,7.079000244140625,7.091099853515625,7.061099853515625,7.069000244140625,5.9553597685175355,2951155,0.0,0.0,0.0,True
2021-10-26,7.082999877929687,7.124000244140625,7.077999877929687,7.1159997558593755,5.994955165195985,5147452,0.0,0.0,0.0,True
2021-10-27,7.107999877929688,7.1227197265625,7.0922802734375,7.095999755859375,5.978107046541163,3971150,0.0,0.0,0.0,True
2021-10-28,7.085,7.097999877929688,7.065859985351563,7.094000244140625,5.9764212045247405,2925974,0.0,0.0,0.0,True
2021-10-29,7.052000122070313,7.092999877929688,7.037579956054688,7.087000122070313,5.9705256506842295,5896728,0.0,0.0,0.0,True
2021-11-01,7.117000122070313,7.14780029296875,7.037579956054688,7.134000244140625,6.010120017211736,3432997,0.0,0.0,0.0,True
2021-11-02,7.119000244140625,7.127249755859375,7.087219848632813,7.120999755859375,5.999166937321954,6378144,0.0,0.0,0.0,True
2021-11-03,7.104000244140625,7.12,7.080750122070313,7.090999755859375,5.973894244264251,3320178,0.0,0.0,0.0,True
2021-11-04,7.122999877929687,7.1397802734375,7.094219970703125,7.1290002441406255,6.0059077300102945,6853083,0.0,0.0,0.0,True
2021-11-05,7.1159997558593755,7.177999877929688,7.115,7.154000244140625,6.026969166017498,2272743,0.0,0.0,0.0,True
2021-11-08,7.15,7.164000244140625,7.1394500732421875,7.152000122070312,6.025285384302959,4320477,0.0,0.0,0.0,True
2021-11-09,7.132000122070313,7.160999755859375,7.117000122070313,7.124000244140625,6.001695442808853,4572385,0.0,0.0,0.0,True
2021-11-10,7.120999755859375,7.177999877929688,7.12,7.177999877929688,6.047187938554225,3336845,0.0,0.0,0.0,True
2021-11-11,7.19,7.245,7.176400146484375,7.234000244140625,6.094366791391491,3078009,0.0,0.0,0.0,True
2021-11-12,7.217999877929688,7.226669921875001,7.1932397460937505,7.199000244140625,6.064880265905933,4427434,0.0,0.0,0.0,True
2021-11-15,7.187000122070312,7.215999755859375,7.182050170898438,7.204000244140625,6.069092553107376,3232375,0.0,0.0,0.0,True
2021-11-16,7.205999755859375,7.222360229492188,7.18,7.1850000000000005,6.05308606777209,4740868,0.0,0.0,0.0,True
2021-11-17,7.165,7.177639770507812,7.145999755859375,7.145999755859375,6.020229918555572,3309663,0.0,0.0,0.0,True
2021-11-18,7.139000244140625,7.1450000000000005,7.10323974609375,7.119000244140625,5.9974841857583545,2981847,0.0,0.0,0.0,True
2021-11-19,7.139000244140625,7.150999755859375,7.062000122070312,7.0890002441406255,5.9722094323987704,3704174,0.0,0.0,0.0,True
2021-11-22,7.109000244140625,7.132999877929688,7.069000244140625,7.117000122070313,5.995798858817403,4475074,0.0,0.0,0.0,True
2021-11-23,7.087000122070313,7.152000122070312,7.064000244140625,7.13,6.0067498784053,3818769,0.0,0.0,0.0,True
2021-11-24,7.134000244140625,7.167999877929688,7.107000122070312,7.152000122070312,6.025285384302959,5634366,0.0,0.0,0.0,True
2021-11-25,7.167000122070313,7.175,7.15447998046875,7.172000122070313,6.04213453310872,2955153,0.0,0.0,0.0,True
2021-11-26,6.967000122070313,7.025,6.914249877929688,6.92,5.82983330086932,13056996,0.0,0.0,0.0,True
2021-11-29,6.995999755859375,7.03,6.957459716796875,6.984000244140625,5.883750886093044,7502605,0.0,0.0,0.0,True
2021-11-30,6.91,6.978670043945312,6.87,6.925,5.834046103146233,10714429,0.0,0.0,0.0,True
2021-12-01,6.96,7.049000244140625,6.96,7.035999755859375,5.927558569972932,5670740,0.0,0.0,0.0,True
2021-12-02,6.95,7.015000000000001,6.95,6.995,5.893017608890934,7433556,0.0,0.0,0.0,True
2021-12-03,7.047000122070313,7.06385986328125,6.9720001220703125,6.994000244140625,5.892174945420455,5498870,0.0,0.0,0.0,True
2021-12-06,7.035,7.112689819335937,7.02780029296875,7.099000244140625,5.98063400680165,8019410,0.0,0.0,0.0,True
2021-12-07,7.1450000000000005,7.209000244140626,7.144000244140625,7.205,6.069935731653323,6930823,0.0,0.0,0.0,True
2021-12-08,7.21,7.242000122070313,7.195999755859376,7.195999755859376,6.0623527905699754,12194220,0.0,0.0,0.0,True
2021-12-09,7.230999755859375,7.230999755859375,7.167999877929688,7.185999755859375,6.053927701091625,2353411,0.0,0.0,0.0,True
2021-12-10,7.149000244140625,7.197760009765625,7.1460302734375,7.157999877929687,6.030337759597522,2690690,0.0,0.0,0.0,True
2021-12-13,7.167000122070313,7.1749597167968755,7.0901599121093755,7.095,5.977263867995213,3817802,0.0,0.0,0.0,True
2021-12-14,7.137999877929688,7.15,7.082999877929687,7.082999877929687,5.967154996802324,3601662,0.0,0.0,0.0,True
2021-12-15,7.084000244140626,7.087000122070313,7.032030029296875,7.039000244140625,5.930086045308894,3474887,0.0,0.0,0.0,True
2021-12-16,7.08,7.087999877929688,7.045,7.074000244140625,6.000490440184025,4759191,0.048,0.0,0.0,True
2021-12-17,7.077000122070313,7.1000000000000005,7.0499200439453125,7.080999755859375,6.006427104225692,5995667,0.0,0.0,0.0,True
2021-12-20,6.97,7.024000244140625,6.923809814453125,7.015000000000001,5.950442101319149,8063946,0.0,0.0,0.0,True
2021-12-21,7.072999877929687,7.107000122070312,7.062999877929688,7.107000122070312,6.0284816451959875,4966773,0.0,0.0,0.0,True
2021-12-22,7.114000244140625,7.149000244140625,7.087999877929688,7.149000244140625,6.064108370940784,3023740,0.0,0.0,0.0,True
2021-12-23,7.165999755859375,7.199000244140625,7.144000244140625,7.187000122070312,6.0963410133389075,7613828,0.0,0.0,0.0,True
2021-12-24,7.195999755859376,7.220280151367188,7.180999755859375,7.187999877929688,6.097189923107966,1729281,0.0,0.0,0.0,True
2021-12-29,7.237000122070313,7.271690063476562,7.227000122070312,7.229000244140625,6.131968257660226,3209811,0.0,0.0,0.0,True
2021-12-30,7.227000122070312,7.2476000976562505,7.215999755859375,7.220999755859375,6.125180090966882,2500039,0.0,0.0,0.0,True
2021-12-31,7.1929998779296875,7.203599853515625,7.16989990234375,7.199000244140625,6.106520670496305,1471702,0.0,0.0,0.0,True
2022-01-04,7.295999755859375,7.33155029296875,7.26489990234375,7.312999877929688,6.2032201534202445,9370508,0.0,0.0,0.0,True
2022-01-05,7.305,7.342000122070313,7.29697998046875,7.33,6.217640210810756,2456619,0.0,0.0,0.0,True
2022-01-06,7.245,7.314000244140625,7.2326599121093755,7.267999877929688,6.165048772674362,8107638,0.0,0.0,0.0,True
2022-01-07,7.267000122070312,7.299000244140625,7.249000244140625,7.297000122070313,6.1896490057987945,3391303,0.0,0.0,0.0,True
2022-01-10,7.305999755859375,7.311439819335938,7.241060180664062,7.265000000000001,6.162504636249799,4852972,0.0,0.0,0.0,True
2022-01-11,7.297999877929688,7.315,7.2777001953125,7.3100000000000005,6.200675498419159,3755721,0.0,0.0,0.0,True
2022-01-12,7.34,7.382000122070313,7.335999755859375,7.367000122070313,6.24902601774591,4188220,0.0,0.0,0.0,True
2022-01-13,7.350999755859375,7.380999755859375,7.3470001220703125,7.375,6.25581159155664,9303562,0.0,0.0,0.0,True
2022-01-14,7.3390002441406255,7.382000122070313,7.3390002441406255,7.3629998779296875,6.245632452975765,4452378,0.0,0.0,0.0,True
2022-01-17,7.382000122070313,7.43239013671875,7.382000122070313,7.425999755859375,6.299071245151648,3512975,0.0,0.0,0.0,True
2022-01-18,7.41,7.41,7.3500000000000005,7.385999755859375,6.265141820368451,11041469,0.0,0.0,0.0,True
2022-01-19,7.350999755859375,7.4347601318359375,7.347249755859375,7.412999877929687,6.288044752531285,3390943,0.0,0.0,0.0,True
2022-01-20,7.429000244140625,7.440759887695313,7.374000244140625,7.405,6.281258141567515,6131418,0.0,0.0,0.0,True
2022-01-21,7.320999755859376,7.357000122070312,7.275999755859375,7.3179998779296875,6.207461072229884,5693985,0.0,0.0,0.0,True
2022-01-24,7.289000244140625,7.33,7.111179809570313,7.125,6.043749575202514,7731860,0.0,0.0,0.0,True
2022-01-25,7.177000122070313,7.212000122070313,7.137150268554688,7.202000122070313,6.109065325497391,4953258,0.0,0.0,0.0,True
2022-01-26,7.272000122070312,7.3512597656250005,7.2620001220703125,7.302000122070313,6.193889924608431,6571101,0.0,0.0,0.0,True
2022-01-27,7.217999877929688,7.417119750976562,7.212999877929688,7.3790002441406255,6.259205674903309,6393269,0.0,0.0,0.0,True
2022-01-28,7.3629998779296875,7.366719970703125,7.25,7.292000122070313,6.18540704983611,8014594,0.0,0.0,0.0,True
2022-01-31,7.345,7.349000244140625,7.281309814453125,7.300999755859375,6.193041533415896,16038188,0.0,0.0,0.0,True
2022-02-01,7.332999877929687,7.3797998046875,7.328090209960938,7.3629998779296875,6.245632452975765,5734990,0.0,0.0,0.0,True
2022-02-02,7.392999877929688,7.433800048828125,7.388200073242188,7.412000122070313,6.287196879915272,4360055,0.0,0.0,0.0,True
2022-02-03,7.4190002441406255,7.433599853515625,7.36,7.362000122070313,6.244784061783231,5004667,0.0,0.0,0.0,True
2022-02-04,7.409000244140625,7.42969970703125,7.33,7.352000122070312,6.236302224163949,7282491,0.0,0.0,0.0,True
2022-02-07,7.37,7.425999755859375,7.341849975585937,7.407000122070313,6.2829544053760635,4493972,0.0,0.0,0.0,True
2022-02-08,7.420999755859375,7.462999877929688,7.384199829101562,7.4,6.277018259910923,5982628,0.0,0.0,0.0,True
2022-02-09,7.442000122070312,7.492000122070313,7.427999877929688,7.477000122070312,6.342332973052755,8107504,0.0,0.0,0.0,True
2022-02-10,7.485,7.519000244140625,7.457999877929687,7.507000122070313,6.3677805602166755,18150153,0.0,0.0,0.0,True
2022-02-11,7.447999877929687,7.502999877929688,7.4307800292968755,7.495999755859375,6.358448257098769,5571110,0.0,0.0,0.0,True
2022-02-14,7.404000244140625,7.415,7.319000244140625,7.372999877929687,6.254113772018518,14325052,0.0,0.0,0.0,True
2022-02-15,7.350999755859375,7.4429998779296875,7.342999877929688,7.4429998779296875,6.313491821118683,6657343,0.0,0.0,0.0,True
2022-02-16,7.442000122070312,7.4607000732421875,7.395999755859375,7.4320001220703125,6.304162629459921,4666312,0.0,0.0,0.0,True
2022-02-17,7.44,7.443300170898437,7.3470001220703125,7.38,6.260053547519322,5377903,0.0,0.0,0.0,True
2022-02-18,7.390999755859375,7.415,7.352999877929688,7.362000122070313,6.244784061783231,7642081,0.0,0.0,0.0,True
2022-02-21,7.402000122070312,7.418699951171875,7.2935400390625,7.332999877929687,6.220184865811844,6991482,0.0,0.0,0.0,True
2022-02-22,7.220999755859375,7.375999755859375,7.2072802734375,7.3470001220703125,6.232061305354314,6484974,0.0,0.0,0.0,True
2022-02-23,7.3470001220703125,7.4,7.338889770507812,7.345999755859375,6.23121187700873,4454883,0.0,0.0,0.0,True
2022-02-24,7.15,7.215,7.078410034179687,7.087999877929688,6.012365323996926,12572737,0.0,0.0,0.0,True
2022-02-25,7.1450000000000005,7.3675,7.133300170898438,7.359000244140625,6.242239406782141,10156131,0.0,0.0,0.0,True
2022-02-28,7.257999877929688,7.342999877929688,7.2315002441406255,7.319000244140625,6.20830946342242,14894236,0.0,0.0,0.0,True
2022-03-01,7.320999755859376,7.3659997558593755,7.2009997558593755,7.2009997558593755,6.108216415728329,12112179,0.0,0.0,0.0,True
2022-03-02,7.215999755859375,7.333809814453125,7.212369995117188,7.300999755859375,6.193041533415896,10498125,0.0,0.0,0.0,True
2022-03-03,7.3100000000000005,7.34375,7.11,7.12,6.039508656392876,8245750,0.0,0.0,0.0,True
2022-03-04,7.084000244140626,7.095,6.860999755859375,6.87,5.82744664003875,12210995,0.0,0.0,0.0,True
2022-03-07,6.752000122070313,6.912919921875,6.669210205078125,6.8390002441406255,5.801151180258814,11240781,0.0,0.0,0.0,True
2022-03-08,6.782000122070313,6.900869750976563,6.770859985351563,6.854000244140625,5.813876010993823,7943342,0.0,0.0,0.0,True
2022-03-09,6.985999755859375,7.087999877929688,6.9372100830078125,7.087999877929688,6.012365323996926,8223035,0.0,0.0,0.0,True
2022-03-10,7.082000122070313,7.087999877929688,6.9791497802734375,7.015999755859375,5.951290492511685,5723051,0.0,0.0,0.0,True
2022-03-11,7.055999755859375,7.166810302734375,7.022000122070312,7.0600000000000005,5.988615037794602,7508304,0.0,0.0,0.0,True
2022-03-14,7.09,7.133779907226563,7.059329833984375,7.102999877929688,6.025087561849318,3877609,0.0,0.0,0.0,True
2022-03-15,7.029000244140625,7.092999877929688,6.9914501953125,7.092999877929688,6.016605205653516,7899631,0.0,0.0,0.0,True
2022-03-16,7.205,7.2220001220703125,7.153300170898437,7.204000244140625,6.110762107882466,9133477,0.0,0.0,0.0,True
2022-03-17,7.202999877929687,7.259000244140625,7.131489868164063,7.259000244140625,6.194129853625093,5530617,0.042699999999999995,0.0,0.0,True
2022-03-18,7.2700000000000005,7.283870239257813,7.187999877929688,7.2809997558593755,6.212903075497991,3225774,0.0,0.0,0.0,True
2022-03-21,7.285999755859375,7.335,7.27260009765625,7.3070001220703125,6.235089373330609,4259189,0.0,0.0,0.0,True
2022-03-22,7.332999877929687,7.357579956054687,7.325,7.349000244140625,6.270927975002111,4279007,0.0,0.0,0.0,True
2022-03-23,7.364000244140625,7.389639892578125,7.327999877929687,7.327999877929687,6.253007630890812,6075226,0.0,0.0,0.0,True
2022-03-24,7.342999877929688,7.369000244140625,7.33,7.340999755859375,6.264101823082671,3953818,0.0,0.0,0.0,True
2022-03-25,7.337999877929688,7.3777001953125,7.3164001464843755,7.354000244140625,6.275193928723431,3601971,0.0,0.0,0.0,True
2022-03-28,7.375,7.415,7.349000244140625,7.3500000000000005,6.2717813744014865,4442735,0.0,0.0,0.0,True
2022-03-29,7.4029998779296875,7.46,7.385,7.412999877929687,6.325539276908738,7399188,0.0,0.0,0.0,True
2022-03-30,7.4190002441406255,7.454000244140625,7.4,7.454000244140625,6.360525522456415,2927895,0.0,0.0,0.0,True
2022-03-31,7.462000122070313,7.47,7.395999755859375,7.397000122070312,6.311885929794306,2787873,0.0,0.0,0.0,True
2022-04-01,7.407000122070313,7.430999755859375,7.386480102539062,7.417000122070313,6.328951831230684,4922204,0.0,0.0,0.0,True
2022-04-04,7.442000122070312,7.453200073242187,7.41,7.434000244140625,6.343459099382262,4369056,0.0,0.0,0.0,True
2022-04-05,7.435999755859375,7.4909997558593755,7.415,7.4909997558593755,6.392097648768824,3662095,0.0,0.0,0.0,True
2022-04-06,7.475999755859375,7.492000122070313,7.415269775390625,7.47,6.374177304657522,5623819,0.0,0.0,0.0,True
2022-04-07,7.479000244140625,7.492999877929687,7.425,7.44,6.3485789741407315,3485822,0.0,0.0,0.0,True
2022-04-08,7.505,7.555,7.4973602294921875,7.55,6.442442475316352,6534070,0.0,0.0,0.0,True
2022-04-11,7.532000122070313,7.543839721679688,7.498400268554688,7.5120001220703125,6.410016949604574,5982520,0.0,0.0,0.0,True
2022-04-12,7.447000122070313,7.47780029296875,7.425999755859375,7.460999755859375,6.366497753338707,5001184,0.0,0.0,0.0,True
2022-04-13,7.437000122070312,7.477000122070312,7.425999755859375,7.459000244140626,6.364791476177735,4780250,0.0,0.0,0.0,True
2022-04-14,7.462999877929688,7.50469970703125,7.434000244140625,7.497999877929687,6.398069358013341,3684121,0.0,0.0,0.0,True
2022-04-19,7.495,7.51,7.447999877929687,7.4879998779296875,6.389536407295152,4599857,0.0,0.0,0.0,True
2022-04-20,7.495999755859375,7.525,7.477080078125,7.519000244140625,6.415988658849091,3316924,0.0,0.0,0.0,True
2022-04-21,7.5309997558593755,7.555,7.495,7.524000244140625,6.420256699121509,4260611,0.0,0.0,0.0,True
2022-04-22,7.46,7.510999755859375,7.424000244140625,7.424000244140625,6.334926148664076,4899583,0.0,0.0,0.0,True
2022-04-25,7.290999755859375,7.3264697265625,7.24,7.284000244140625,6.215462752058339,7468873,0.0,0.0,0.0,True
2022-04-26,7.360999755859375,7.3629998779296875,7.2809997558593755,7.287999877929687,6.218875828018058,3294304,0.0,0.0,0.0,True
2022-04-27,7.292000122070313,7.352520141601563,7.245,7.317000122070312,6.243622324048799,4286397,0.0,0.0,0.0,True
2022-04-28,7.375999755859375,7.417000122070313,7.352999877929688,7.4059997558593755,6.319564959475347,4490033,0.0,0.0,0.0,True
2022-04-29,7.454000244140625,7.469119873046875,7.407999877929687,7.447000122070313,6.354551726660798,3917993,0.0,0.0,0.0,True
2022-05-03,7.4059997558593755,7.460999755859375,7.374000244140625,7.457000122070313,6.3630846773789855,7032094,0.0,0.0,0.0,True
2022-05-04,7.462000122070313,7.47,7.39739013671875,7.399000244140625,6.313593250230828,4339527,0.0,0.0,0.0,True
2022-05-05,7.505,7.522059936523438,7.396519775390625,7.415,6.327245554069711,5421552,0.0,0.0,0.0,True
2022-05-06,7.389000244140625,7.3950000000000005,7.260999755859375,7.292000122070313,6.222289425615555,7284142,0.0,0.0,0.0,True
2022-05-09,7.274000244140625,7.297999877929688,7.124000244140625,7.124000244140625,6.078935018929548,5476369,0.0,0.0,0.0,True
2022-05-10,7.180999755859375,7.219000244140625,7.149000244140625,7.149000244140625,6.1002673957250195,2635987,0.0,0.0,0.0,True
2022-05-11,7.195,7.2540002441406255,7.142999877929688,7.247999877929687,6.184745068420853,7572453,0.0,0.0,0.0,True
2022-05-12,7.13,7.179000244140625,7.06843994140625,7.142000122070312,6.094294121567174,6940247,0.0,0.0,0.0,True
2022-05-13,7.1929998779296875,7.327000122070313,7.19,7.322999877929687,6.248741677169495,6428281,0.0,0.0,0.0,True
2022-05-16,7.287999877929687,7.37,7.27010986328125,7.37,6.288847797475636,6426137,0.0,0.0,0.0,True
2022-05-17,7.384000244140625,7.442000122070312,7.38,7.42,6.331513072704355,4687307,0.0,0.0,0.0,True
2022-05-18,7.427000122070313,7.432999877929688,7.354000244140625,7.354000244140625,6.275193928723431,4499388,0.0,0.0,0.0,True
2022-05-19,7.3100000000000005,7.317000122070312,7.154520263671875,7.23,6.169383357594352,8804372,0.0,0.0,0.0,True
2022-05-20,7.3,7.378699951171875,7.299949951171875,7.310999755859375,6.238501927652557,7460107,0.0,0.0,0.0,True
2022-05-23,7.3790002441406255,7.4320001220703125,7.353900146484375,7.4320001220703125,6.341753343859065,3547880,0.0,0.0,0.0,True
2022-05-24,7.364000244140625,7.446699829101562,7.34583984375,7.404000244140625,6.317860768865472,11350283,0.0,0.0,0.0,True
2022-05-25,7.440999755859375,7.465999755859375,7.41166015625,7.445999755859376,6.353697283985875,2957140,0.0,0.0,0.0,True
2022-05-26,7.44,7.497000122070313,7.432999877929688,7.485999755859375,6.387830130134179,5405677,0.0,0.0,0.0,True
2022-05-27,7.482000122070312,7.5200000000000005,7.462999877929688,7.509000244140625,6.407455708130902,3762963,0.0,0.0,0.0,True
2022-05-30,7.539000244140625,7.547849731445313,7.495,7.517999877929688,6.415135781087491,5847987,0.0,0.0,0.0,True
2022-05-31,7.53,7.564940185546875,7.514000244140625,7.522999877929688,6.419403821359909,6031154,0.0,0.0,0.0,True
2022-06-01,7.557999877929688,7.565,7.455,7.457000122070313,6.3630846773789855,3536926,0.0,0.0,0.0,True
2022-06-06,7.535,7.569840087890626,7.520999755859375,7.5279998779296875,6.423669253443454,4389332,0.0,0.0,0.0,True
2022-06-07,7.522999877929688,7.539520263671875,7.487440185546875,7.519000244140625,6.415988658849091,2816791,0.0,0.0,0.0,True
2022-06-08,7.529000244140625,7.535,7.465,7.507000122070313,6.405749952607703,4566179,0.0,0.0,0.0,True
2022-06-09,7.47,7.4909997558593755,7.38969970703125,7.392000122070312,6.307619976072988,5611330,0.0,0.0,0.0,True
2022-06-10,7.36,7.3712402343750005,7.2186999511718755,7.24,6.177917351588089,6677156,0.0,0.0,0.0,True
2022-06-13,7.175999755859375,7.195399780273438,7.1000000000000005,7.135,6.08832136904711,6083904,0.0,0.0,0.0,True
2022-06-14,7.177000122070313,7.197999877929687,7.059799804687501,7.109000244140625,6.066135071214489,5486465,0.0,0.0,0.0,True
2022-06-15,7.16,7.232999877929688,7.122999877929687,7.194000244140625,6.138665673956866,7198143,0.0,0.0,0.0,True
2022-06-16,7.079000244140625,7.084000244140626,6.8790002441406255,6.882000122070313,5.948506964974343,4354228,0.092,0.0,0.0,True
2022-06-17,6.897000122070312,6.97,6.832000122070313,6.852999877929688,5.923439938339583,3113892,0.0,0.0,0.0,True
2022-06-20,6.864000244140625,6.967000122070313,6.859000244140625,6.957999877929687,6.014197621524657,1797021,0.0,0.0,0.0,True
2022-06-21,6.967000122070313,7.03,6.9564599609375,6.99,6.041857679536633,1567453,0.0,0.0,0.0,True
2022-06-22,6.8950000000000005,6.9509997558593755,6.87,6.929000244140625,5.989130066562395,3160330,0.0,0.0,0.0,True
2022-06-23,6.907000122070313,6.955999755859375,6.8542199707031255,6.86,5.929490344886421,8494658,0.0,0.0,0.0,True
2022-06-24,6.88,7.049000244140625,6.875999755859375,7.045999755859375,6.09026198856634,4641227,0.0,0.0,0.0,True
2022-06-27,7.072999877929687,7.117999877929687,7.052000122070313,7.090999755859375,6.129156930897083,7039536,0.0,0.0,0.0,True
2022-06-28,7.145999755859375,7.1929998779296875,7.1450000000000005,7.1559997558593755,6.185339277403434,5253989,0.0,0.0,0.0,True
2022-06-29,7.0890002441406255,7.177999877929688,7.0890002441406255,7.152000122070312,6.181884543871321,1850247,0.0,0.0,0.0,True
2022-06-30,7.037000122070313,7.0440002441406255,6.950479736328125,7.009000244140625,6.058280211592336,6651363,0.0,0.0,0.0,True
2022-07-01,6.965,7.052000122070313,6.945,7.014000244140625,6.062602458881863,2327104,0.0,0.0,0.0,True
2022-07-04,7.0570001220703125,7.102000122070312,7.0570001220703125,7.069000244140625,6.110141895791664,2164451,0.0,0.0,0.0,True
2022-07-05,7.099000244140625,7.100999755859375,6.857999877929688,6.865,5.93381259217595,4861891,0.0,0.0,0.0,True
2022-07-06,6.954000244140625,7.035380249023437,6.944000244140625,6.945999755859376,6.003826024343294,20351146,0.0,0.0,0.0,True
2022-07-07,7.0120001220703125,7.062000122070312,6.997109985351563,7.032999877929687,6.079023934282566,3503177,0.0,0.0,0.0,True
2022-07-08,7.0309997558593755,7.055999755859375,6.9797802734375,7.045999755859375,6.09026198856634,3274261,0.0,0.0,0.0,True
2022-07-11,6.960999755859375,7.050040283203125,6.95,7.045999755859375,6.09026198856634,2957692,0.0,0.0,0.0,True
2022-07-12,7.002000122070313,7.064970092773438,6.994000244140625,7.052999877929688,6.096311338458175,3656818,0.0,0.0,0.0,True
2022-07-13,7.027000122070312,7.04,6.954000244140625,7.002999877929688,6.053093620510402,4828267,0.0,0.0,0.0,True
2022-07-14,6.989000244140625,7.0040002441406255,6.8629998779296875,6.890999755859375,5.95628500245099,3406449,0.0,0.0,0.0,True
2022-07-15,6.92,7.015999755859375,6.9,7.01,6.059145083712243,3085126,0.0,0.0,0.0,True
2022-07-18,7.07,7.1139599609375,7.0570001220703125,7.07,6.1110062395840705,1010857,0.0,0.0,0.0,True
2022-07-19,7.034000244140625,7.154990234375,7.022000122070312,7.1370001220703125,6.168917802002732,3981153,0.0,0.0,0.0,True
2022-07-20,7.18,7.1929998779296875,7.102000122070312,7.117000122070313,6.151630926154624,925092,0.0,0.0,0.0,True
2022-07-21,7.107999877929688,7.125999755859375,7.05,7.120999755859375,6.155087244669243,1820858,0.0,0.0,0.0,True
2022-07-22,7.12,7.162000122070313,7.105999755859375,7.122000122070313,6.155952645116654,878043,0.0,0.0,0.0,True
2022-07-25,7.105,7.155,7.0910797119140625,7.155,6.184474933611029,1351362,0.0,0.0,0.0,True
2022-07-26,7.174000244140625,7.21,7.1450000000000005,7.149000244140625,6.1792909841666015,10037398,0.0,0.0,0.0,True
2022-07-27,7.1820001220703125,7.207999877929687,7.17,7.192000122070312,6.216457767240035,4697388,0.0,0.0,0.0,True
2022-07-28,7.23,7.234000244140625,7.1529998779296875,7.19,6.214728551327722,1762395,0.0,0.0,0.0,True
2022-07-29,7.2220001220703125,7.282919921875,7.197999877929687,7.269000244140625,6.283012767582754,3221283,0.0,0.0,0.0,True
2022-08-01,7.264000244140625,7.310999755859375,7.255,7.257000122070313,6.272641698728893,2036533,0.0,0.0,0.0,True
2022-08-02,7.242999877929687,7.274000244140625,7.23,7.255999755859375,6.271775769953982,1401942,0.0,0.0,0.0,True
2022-08-03,7.234000244140625,7.29,7.217000122070313,7.29,6.301163987223268,846870,0.0,0.0,0.0,True
2022-08-04,7.292000122070313,7.3452197265625,7.272000122070312,7.302999877929688,6.312401513179538,1294028,0.0,0.0,0.0,True
2022-08-05,7.302999877929688,7.325,7.279000244140625,7.2940002441406255,6.30462189072039,4471040,0.0,0.0,0.0,True
2022-08-08,7.324000244140625,7.370999755859375,7.302000122070313,7.3390002441406255,6.343518418033636,9834255,0.0,0.0,0.0,True
2022-08-09,7.335999755859375,7.354000244140625,7.327999877929687,7.342999877929688,6.346975264875757,4715754,0.0,0.0,0.0,True
2022-08-10,7.332000122070313,7.377000122070313,7.322000122070313,7.372000122070313,6.372041234855517,4198471,0.0,0.0,0.0,True
2022-08-11,7.397000122070312,7.397000122070312,7.344000244140625,7.352000122070312,6.35475541566241,4470567,0.0,0.0,0.0,True
2022-08-12,7.357999877929688,7.40010009765625,7.355999755859375,7.387999877929688,6.385872320516505,2711760,0.0,0.0,0.0,True
2022-08-15,7.4059997558593755,7.42,7.349000244140625,7.395999755859375,6.392785485873245,2510909,0.0,0.0,0.0,True
2022-08-16,7.412000122070313,7.447000122070313,7.407999877929687,7.42,6.413531321873479,3120567,0.0,0.0,0.0,True
2022-08-17,7.430999755859375,7.440999755859375,7.387219848632813,7.4,6.396243917697868,1759071,0.0,0.0,0.0,True
2022-08-18,7.407999877929687,7.442000122070312,7.3950000000000005,7.442000122070312,6.432547941961403,2551891,0.0,0.0,0.0,True
2022-08-19,7.420999755859375,7.4750000000000005,7.415,7.447999877929687,6.4377329480608285,5041199,0.0,0.0,0.0,True
2022-08-22,7.415999755859375,7.442249755859375,7.388040161132813,7.434000244140625,6.425631606639654,3103211,0.0,0.0,0.0,True
2022-08-23,7.397000122070312,7.42,7.3678002929687505,7.3870001220703125,6.385007448396599,1717482,0.0,0.0,0.0,True
2022-08-24,7.36,7.382000122070313,7.310999755859375,7.375,6.374635322887735,3901863,0.0,0.0,0.0,True
2022-08-25,7.412000122070313,7.439000244140625,7.375,7.389000244140625,6.386736664308912,2632604,0.0,0.0,0.0,True
2022-08-26,7.42,7.437000122070312,7.329000244140625,7.335999755859375,6.34092485832892,2286432,0.0,0.0,0.0,True
2022-08-30,7.315,7.390000000000001,7.259000244140625,7.275999755859375,6.289063174129593,3977995,0.0,0.0,0.0,True
2022-08-31,7.28,7.288599853515625,7.174000244140625,7.190999755859375,6.215591838465123,3000290,0.0,0.0,0.0,True
2022-09-01,7.159000244140625,7.180999755859375,7.05,7.069000244140625,6.110141895791664,4532318,0.0,0.0,0.0,True
2022-09-02,7.087999877929688,7.205,7.0759997558593755,7.194000244140625,6.218185926497345,3632740,0.0,0.0,0.0,True
2022-09-05,7.134000244140625,7.207999877929687,7.109000244140625,7.205,6.227694236541306,2903253,0.0,0.0,0.0,True
2022-09-06,7.19,7.24094970703125,7.177000122070313,7.2220001220703125,6.242388081012197,3000295,0.0,0.0,0.0,True
2022-09-07,7.17,7.191199951171875,7.107000122070312,7.165,6.193120484845089,3018966,0.0,0.0,0.0,True
2022-09-08,7.172999877929688,7.195,7.099000244140625,7.184000244140625,6.209543016900791,4503249,0.0,0.0,0.0,True
2022-09-09,7.209000244140626,7.3070001220703125,7.207899780273437,7.272999877929688,6.286469614424873,3431133,0.0,0.0,0.0,True
2022-09-12,7.34,7.4029998779296875,7.34,7.3950000000000005,6.391921142080839,2443447,0.0,0.0,0.0,True
2022-09-13,7.399000244140625,7.4350000000000005,7.307999877929688,7.307999877929688,6.316721118831563,4690259,0.0,0.0,0.0,True
2022-09-14,7.262999877929688,7.274000244140625,7.1820001220703125,7.204000244140625,6.2268298927489,5185201,0.0,0.0,0.0,True
2022-09-15,7.125,7.167999877929688,7.095999755859375,7.122000122070313,6.232255234414207,1483302,0.08820001,0.0,0.0,True
2022-09-16,7.09,7.134000244140625,7.075,7.079000244140625,6.194626496521661,5179098,0.0,0.0,0.0,True
2022-09-20,7.102000122070312,7.163060302734375,7.007999877929688,7.0309997558593755,6.152623008050497,2510260,0.0,0.0,0.0,True
2022-09-21,7.0040002441406255,7.092000122070313,7.002000122070313,7.077000122070313,6.192877131100798,2441768,0.0,0.0,0.0,True
2022-09-22,7.002000122070313,7.082999877929687,6.9879998779296875,6.997000122070313,6.122870425631216,3892108,0.0,0.0,0.0,True
2022-09-23,6.992999877929687,7.015999755859375,6.8259997558593755,6.865,6.00736203565933,4833918,0.0,0.0,0.0,True
2022-09-26,6.8500000000000005,6.91,6.784149780273438,6.864000244140625,6.006487620354191,3177754,0.0,0.0,0.0,True
2022-09-27,6.875999755859375,6.915399780273438,6.825,6.825,5.972359217735124,2631000,0.0,0.0,0.0,True
2022-09-28,6.757000122070313,6.854940185546875,6.686400146484375,6.847999877929688,5.992484674828522,4261179,0.0,0.0,0.0,True
2022-09-29,6.797000122070313,6.8179998779296875,6.6820001220703125,6.735999755859375,5.8944779612240294,3664487,0.0,0.0,0.0,True
2022-09-30,6.73,6.8070001220703125,6.695,6.75,5.906728332465331,4327443,0.0,0.0,0.0,True
2022-10-03,6.667999877929688,6.775999755859375,6.65,6.755999755859375,5.911979637591426,5691463,0.0,0.0,0.0,True
2022-10-04,6.809000244140625,6.935999755859375,6.7992797851562505,6.927999877929688,6.062490310676934,3280246,0.0,0.0,0.0,True
2022-10-05,6.890000000000001,6.91,6.827249755859375,6.897999877929688,6.0362385983417175,1715589,0.0,0.0,0.0,True
2022-10-06,6.912000122070313,6.93,6.815999755859375,6.850999755859375,5.99511059479686,2326199,0.0,0.0,0.0,True
2022-10-07,6.815999755859375,6.872000122070313,6.8140502929687505,6.840999755859375,5.986360024018457,891554,0.0,0.0,0.0,True
2022-10-10,6.789000244140625,6.850999755859375,6.78,6.815999755859375,5.964482527451274,3096086,0.0,0.0,0.0,True
2022-10-11,6.775,6.78864990234375,6.716099853515625,6.74,5.897976692065758,2366710,0.0,0.0,0.0,True
2022-10-12,6.745,6.770999755859375,6.646849975585938,6.68,5.845473802205908,2953472,0.0,0.0,0.0,True
2022-10-13,6.664000244140625,6.727999877929688,6.567000122070312,6.712999877929688,5.874350899698878,2472834,0.0,0.0,0.0,True
2022-10-14,6.7809997558593755,6.829840087890625,6.705999755859375,6.717000122070313,5.877851769782944,2243098,0.0,0.0,0.0,True
2022-10-17,6.717000122070313,6.814000244140625,6.705999755859375,6.774000244140625,5.927730878916789,1973994,0.0,0.0,0.0,True
2022-10-18,6.829000244140625,6.870999755859375,6.789000244140625,6.789000244140625,5.940856200273814,2760554,0.0,0.0,0.0,True
2022-10-19,6.809000244140625,6.82,6.74844970703125,6.7779998779296875,5.931229074947932,1855212,0.0,0.0,0.0,True
2022-10-20,6.770999755859375,6.809000244140625,6.752000122070313,6.795,5.946106435778739,5772790,0.0,0.0,0.0,True
2022-10-21,6.757000122070313,6.824650268554688,6.7140002441406255,6.822000122070313,5.969733297766784,1775910,0.0,0.0,0.0,True
2022-10-24,6.832999877929687,6.895999755859375,6.769000244140625,6.8629998779296875,6.005613205049052,1817078,0.0,0.0,0.0,True
2022-10-25,6.86,6.865,6.799000244140625,6.86,6.002985680648958,2211843,0.0,0.0,0.0,True
2022-10-26,6.8659997558593755,6.902000122070312,6.805999755859375,6.897999877929688,6.0362385983417175,2777043,0.0,0.0,0.0,True
2022-10-27,6.899000244140625,6.939000244140625,6.852999877929688,6.9190002441406255,6.054614690014251,4703135,0.0,0.0,0.0,True
2022-10-28,6.852999877929688,6.9168798828125,6.842260131835937,6.892999877929688,6.031863847763098,4661760,0.0,0.0,0.0,True
2022-10-31,6.897000122070312,6.975999755859375,6.874000244140625,6.94,6.0729913164973715,3731738,0.0,0.0,0.0,True
2022-11-01,7.005,7.072000122070313,7.0040002441406255,7.027000122070312,6.1491226727770165,1880240,0.0,0.0,0.0,True
2022-11-02,7.039000244140625,7.049000244140625,6.9750000000000005,6.985,6.112370489431949,3399096,0.0,0.0,0.0,True
2022-11-03,6.937000122070312,7.027000122070312,6.9190002441406255,7.027000122070312,6.1491226727770165,3438408,0.0,0.0,0.0,True
2022-11-04,7.059000244140625,7.21,7.057999877929688,7.179000244140625,6.282134343548052,3201631,0.0,0.0,0.0,True
2022-11-07,7.1370001220703125,7.1820001220703125,7.120999755859375,7.135999755859375,6.244505070844921,1729247,0.0,0.0,0.0,True
2022-11-08,7.0970001220703125,7.147999877929688,7.081840209960937,7.144000244140625,6.251506276202463,1777683,0.0,0.0,0.0,True
2022-11-09,7.1129998779296875,7.145999755859375,7.103200073242188,7.130999755859375,6.240130320266306,1696729,0.0,0.0,0.0,True
2022-11-10,7.107000122070312,7.252000122070313,7.0970001220703125,7.2250000000000005,6.322388466598351,4314489,0.0,0.0,0.0,True
2022-11-11,7.2620001220703125,7.277000122070312,7.157000122070313,7.165,6.269882902685582,6042625,0.0,0.0,0.0,True
2022-11-14,7.182999877929688,7.255,7.177000122070313,7.2250000000000005,6.322388466598351,1804746,0.0,0.0,0.0,True
2022-11-15,7.224000244140625,7.25,7.19,7.212999877929688,6.3118863911567455,1972835,0.0,0.0,0.0,True
2022-11-16,7.2140002441406255,7.235999755859375,7.1850000000000005,7.195,6.296135684641967,1184963,0.0,0.0,0.0,True
2022-11-17,7.195,7.204000244140625,7.1450000000000005,7.199000244140625,6.299634950294277,1008476,0.0,0.0,0.0,True
2022-11-18,7.217999877929688,7.271649780273438,7.204000244140625,7.232999877929688,6.329387532713559,2074331,0.0,0.0,0.0,True
2022-11-21,7.217000122070313,7.249000244140625,7.19594970703125,7.229000244140625,6.325887732250663,3130903,0.0,0.0,0.0,True
2022-11-22,7.252999877929688,7.309000244140625,7.252999877929688,7.297999877929688,6.386266777583776,2062699,0.0,0.0,0.0,True
2022-11-23,7.322999877929687,7.345,7.302000122070313,7.312999877929688,6.399393703372553,1983994,0.0,0.0,0.0,True
2022-11-24,7.330999755859375,7.342999877929688,7.304000244140625,7.320999755859376,6.406393839108928,1178437,0.0,0.0,0.0,True
2022-11-25,7.322999877929687,7.347999877929688,7.319000244140625,7.344000244140625,6.4265209006340775,1473186,0.0,0.0,0.0,True
2022-11-28,7.310999755859375,7.352680053710937,7.282999877929687,7.335,6.418645814781982,1974037,0.0,0.0,0.0,True
2022-11-29,7.345,7.396799926757812,7.345,7.372000122070313,6.451022177927263,3669306,0.0,0.0,0.0,True
2022-11-30,7.407999877929687,7.450800170898438,7.382000122070313,7.427999877929688,6.500026336945385,4809290,0.0,0.0,0.0,True
2022-12-01,7.455,7.456270141601562,7.407999877929687,7.415,6.48864984619864,2844987,0.0,0.0,0.0,True
2022-12-02,7.400999755859375,7.427999877929688,7.367000122070313,7.415,6.48864984619864,1485902,0.0,0.0,0.0,True
2022-12-05,7.417000122070313,7.457999877929687,7.407999877929687,7.427000122070313,6.499151921640245,1930803,0.0,0.0,0.0,True
2022-12-06,7.415999755859375,7.425999755859375,7.367999877929687,7.367999877929687,6.447521842653785,2841283,0.0,0.0,0.0,True
2022-12-07,7.385,7.407999877929687,7.342000122070313,7.342000122070313,6.4247704655920455,3099861,0.0,0.0,0.0,True
2022-12-08,7.364000244140625,7.364000244140625,7.3210498046875,7.3259997558593755,6.410769124498132,996458,0.0,0.0,0.0,True
2022-12-09,7.349000244140625,7.352999877929688,7.282000122070313,7.332000122070313,6.416019894813641,1535802,0.0,0.0,0.0,True
2022-12-12,7.3100000000000005,7.3259997558593755,7.2940002441406255,7.3,6.388017747436393,2602975,0.0,0.0,0.0,True
2022-12-13,7.312999877929688,7.407000122070313,7.285,7.36,6.440522776538579,5503221,0.0,0.0,0.0,True
2022-12-14,7.345999755859375,7.359000244140625,7.319000244140625,7.350999755859375,6.432645551444145,2174808,0.0,0.0,0.0,True
2022-12-15,7.26,7.302999877929688,7.221859741210937,7.242000122070313,6.3804883343190095,3807394,0.049800000000000004,0.0,0.0,True
2022-12-16,7.227000122070312,7.245999755859375,7.119000244140625,7.152000122070312,6.3011954816003986,6868516,0.0,0.0,0.0,True
2022-12-19,7.165,7.199000244140625,7.1537500000000005,7.177000122070313,6.3232207056880245,4009486,0.0,0.0,0.0,True
2022-12-20,7.127999877929688,7.202000122070313,7.119249877929688,7.189000244140625,6.333793157840089,2571610,0.0,0.0,0.0,True
2022-12-21,7.195999755859376,7.304000244140625,7.19,7.304000244140625,6.435112849911978,3816256,0.0,0.0,0.0,True
2022-12-22,7.320999755859376,7.3500000000000005,7.272999877929688,7.282000122070313,6.415730200440486,4372984,0.0,0.0,0.0,True
2022-12-23,7.282000122070313,7.309000244140625,7.272999877929688,7.282000122070313,6.415730200440486,836319,0.0,0.0,0.0,True
2022-12-28,7.327999877929687,7.360999755859375,7.302000122070313,7.305999755859375,6.436874566322734,2179943,0.0,0.0,0.0,True
2022-12-29,7.2809997558593755,7.325050048828125,7.2409997558593755,7.322999877929687,6.451852386345455,2608682,0.0,0.0,0.0,True
2022-12-30,7.297999877929688,7.312999877929688,7.265999755859375,7.265999755859375,6.401633238623141,2690596,0.0,0.0,0.0,True
2023-01-03,7.315,7.4350000000000005,7.297000122070313,7.365,6.488856507299572,2742787,0.0,0.0,0.0,True
2023-01-04,7.385999755859375,7.4190002441406255,7.365,7.397000122070312,6.517049354090493,2577486,0.0,0.0,0.0,True
2023-01-05,7.397999877929688,7.465,7.367999877929687,7.439000244140625,6.554052936622722,3453324,0.0,0.0,0.0,True
2023-01-06,7.462000122070313,7.509000244140625,7.451060180664062,7.507999877929688,6.614843998075217,2432027,0.0,0.0,0.0,True
2023-01-09,7.515999755859375,7.532000122070313,7.49594970703125,7.5279998779296875,6.632466007979727,4491004,0.0,0.0,0.0,True
2023-01-10,7.499000244140625,7.522000122070312,7.495999755859375,7.5040002441406255,6.61132056525371,1775754,0.0,0.0,0.0,True
2023-01-11,7.5120001220703125,7.58,7.507999877929688,7.535999755859375,6.639512873622744,3928475,0.0,0.0,0.0,True
2023-01-12,7.559000244140625,7.617999877929687,7.5570001220703125,7.605999755859375,6.701185870124386,2031796,0.0,0.0,0.0,True
2023-01-13,7.615,7.674000244140625,7.615,7.6529998779296875,6.742595358949157,2552414,0.0,0.0,0.0,True
2023-01-16,7.657999877929687,7.675,7.655,7.667999877929688,6.755811462561125,1603786,0.0,0.0,0.0,True
2023-01-17,7.655,7.6850000000000005,7.639000244140625,7.659000244140625,6.747882661868964,976948,0.0,0.0,0.0,True
2023-01-18,7.655,7.675999755859375,7.635,7.642999877929688,6.733785161629731,3255675,0.0,0.0,0.0,True
2023-01-19,7.609000244140625,7.634019775390625,7.540999755859375,7.564000244140625,6.664183902857811,2365922,0.0,0.0,0.0,True
2023-01-20,7.602999877929688,7.605999755859375,7.562000122070312,7.58,6.678279787831386,5630576,0.0,0.0,0.0,True
2023-01-23,7.592999877929688,7.619000244140625,7.582000122070313,7.595,6.691494276177696,1672865,0.0,0.0,0.0,True
2023-01-24,7.609000244140625,7.610999755859375,7.552999877929688,7.569000244140625,6.668588193884696,1539703,0.0,0.0,0.0,True
2023-01-25,7.582999877929687,7.584000244140626,7.522999877929688,7.552999877929688,6.65449123206735,1835739,0.0,0.0,0.0,True
2023-01-26,7.5759997558593755,7.595,7.5600000000000005,7.574000244140625,6.672992484911582,2072108,0.0,0.0,0.0,True
2023-01-27,7.587999877929688,7.592000122070313,7.554000244140625,7.5759997558593755,6.674755816587992,1780526,0.0,0.0,0.0,True
2023-01-30,7.535999755859375,7.5970001220703125,7.5297998046875,7.590999755859375,6.687970304934302,2459867,0.0,0.0,0.0,True
2023-01-31,7.572999877929687,7.585,7.517999877929688,7.580999755859375,6.679160646036762,3727938,0.0,0.0,0.0,True
2023-02-01,7.587000122070313,7.607999877929688,7.553800048828125,7.570999755859376,6.670349910295449,1624693,0.0,0.0,0.0,True
2023-02-02,7.590999755859375,7.644000244140625,7.581799926757813,7.625,6.717926483401632,2327201,0.0,0.0,0.0,True
2023-02-03,7.622999877929687,7.710399780273438,7.617000122070313,7.709000244140626,6.79193418688798,2162681,0.0,0.0,0.0,True
2023-02-06,7.674000244140625,7.677000122070313,7.6129998779296875,7.640000000000001,6.731141510169829,2006115,0.0,0.0,0.0,True
2023-02-07,7.6529998779296875,7.6920098876953125,7.647420043945313,7.664000244140625,6.752288029739619,2485388,0.0,0.0,0.0,True
2023-02-08,7.709000244140626,7.736010131835938,7.68,7.684000244140625,6.769906809112815,3338212,0.0,0.0,0.0,True
2023-02-09,7.7140002441406255,7.750670166015625,7.71,7.712000122070313,6.7945767615041115,1525874,0.0,0.0,0.0,True
2023-02-10,7.692000122070312,7.715,7.6529998779296875,7.680999755859375,6.767263696074799,4872951,0.0,0.0,0.0,True
2023-02-13,7.697999877929687,7.745999755859375,7.687000122070312,7.745999755859375,6.824532401549557,2541937,0.0,0.0,0.0,True
2023-02-14,7.76,7.795999755859375,7.750999755859375,7.752999877929688,6.830698947409082,2043981,0.0,0.0,0.0,True
2023-02-15,7.747999877929687,7.800659790039063,7.724000244140625,7.792000122070313,6.865060493747067,2655582,0.0,0.0,0.0,True
2023-02-16,7.835999755859375,7.854000244140625,7.787999877929687,7.82,6.889729369294591,3359098,0.0,0.0,0.0,True
2023-02-17,7.785999755859375,7.818499755859375,7.767999877929688,7.807999877929688,6.879156378720639,2988555,0.0,0.0,0.0,True
2023-02-20,7.824000244140625,7.829000244140625,7.802899780273438,7.819000244140625,6.888847972667331,1931175,0.0,0.0,0.0,True
2023-02-21,7.802000122070313,7.82583984375,7.7627502441406255,7.7809997558593755,6.855367822956607,2865877,0.0,0.0,0.0,True
2023-02-22,7.742000122070313,7.75489990234375,7.692000122070312,7.74,6.819246175473523,3185626,0.0,0.0,0.0,True
2023-02-23,7.7409997558593755,7.765000000000001,7.72,7.742000122070313,6.821007891884276,2899730,0.0,0.0,0.0,True
2023-02-24,7.752999877929688,7.7700000000000005,7.7009997558593755,7.704000244140625,6.787528819017323,2491226,0.0,0.0,0.0,True
2023-02-27,7.742999877929687,7.779400024414063,7.74,7.7620001220703125,6.8386288249450145,1149633,0.0,0.0,0.0,True
2023-02-28,7.732000122070312,7.742160034179688,7.684000244140625,7.7,6.784004309352046,4568042,0.0,0.0,0.0,True
2023-03-01,7.727999877929688,7.779000244140625,7.7220001220703125,7.745,6.823651543344181,1533265,0.0,0.0,0.0,True
2023-03-02,7.734000244140625,7.79,7.720780029296876,7.789000244140625,6.862416303865278,2299410,0.0,0.0,0.0,True
2023-03-03,7.800999755859375,7.819000244140625,7.769000244140625,7.79,6.863297162070657,2258734,0.0,0.0,0.0,True
2023-03-06,7.789000244140625,7.796220092773438,7.74489990234375,7.772000122070312,6.8474390222644415,2539049,0.0,0.0,0.0,True
2023-03-07,7.770999755859375,7.8070001220703125,7.757000122070313,7.762999877929688,6.839509144728504,2511180,0.0,0.0,0.0,True
2023-03-08,7.739000244140625,7.795,7.7379998779296875,7.777000122070313,6.851844928556982,5754615,0.0,0.0,0.0,True
2023-03-09,7.765999755859375,7.767000122070312,7.72,7.735,6.814840269180981,4192742,0.0,0.0,0.0,True
2023-03-10,7.609000244140625,7.6370001220703125,7.5679998779296875,7.602000122070312,6.697661898880992,5284339,0.0,0.0,0.0,True
2023-03-13,7.599000244140625,7.609000244140625,7.41,7.41,6.528503741291705,3535097,0.0,0.0,0.0,True
2023-03-14,7.415,7.505,7.367369995117188,7.502000122070313,6.6095593872648415,2962284,0.0,0.0,0.0,True
2023-03-15,7.485999755859375,7.485999755859375,7.207890014648438,7.215999755859375,6.357581175182237,8607854,0.0,0.0,0.0,True
2023-03-16,7.28,7.302999877929688,7.170999755859375,7.249000244140625,6.424762875646225,4794246,0.042800000000000005,0.0,0.0,True
2023-03-17,7.305999755859375,7.349000244140625,7.154000244140625,7.179000244140625,6.362722325252943,3638998,0.0,0.0,0.0,True
2023-03-20,7.1290002441406255,7.265000000000001,7.051740112304688,7.247999877929687,6.423876814184474,3411033,0.0,0.0,0.0,True
2023-03-21,7.285,7.391790161132812,7.270999755859375,7.372000122070313,6.533776598764167,3082746,0.0,0.0,0.0,True
2023-03-22,7.349000244140625,7.422000122070313,7.342999877929688,7.4029998779296875,6.561252086511449,1998211,0.0,0.0,0.0,True
2023-03-23,7.394000244140625,7.395700073242188,7.320780029296875,7.345,6.509847523273323,2143373,0.0,0.0,0.0,True
2023-03-24,7.3100000000000005,7.3179998779296875,7.185750122070313,7.26,6.434512801339634,5795166,0.0,0.0,0.0,True
2023-03-27,7.322000122070313,7.33780029296875,7.28,7.3179998779296875,6.485916281373039,2090371,0.0,0.0,0.0,True
2023-03-28,7.3659997558593755,7.372750244140625,7.310999755859375,7.327999877929687,6.494780145604698,3578697,0.0,0.0,0.0,True
2023-03-29,7.3470001220703125,7.407999877929687,7.342999877929688,7.4059997558593755,6.563910270896699,1520710,0.0,0.0,0.0,True
2023-03-30,7.422000122070313,7.4847998046875,7.4197998046875,7.4750000000000005,6.625066384635313,1834697,0.0,0.0,0.0,True
2023-03-31,7.472999877929688,7.5,7.465,7.487000122070313,6.63570128858575,2602679,0.0,0.0,0.0,True
2023-04-03,7.515000000000001,7.545,7.509000244140625,7.515999755859375,6.661403570204812,3444876,0.0,0.0,0.0,True
2023-04-04,7.557999877929688,7.57,7.474000244140625,7.477999877929688,6.627724027418201,4629319,0.0,0.0,0.0,True
2023-04-05,7.492000122070313,7.519000244140625,7.47927978515625,7.5040002441406255,6.650768124652013,3871759,0.0,0.0,0.0,True
2023-04-06,7.517000122070312,7.585999755859375,7.515599975585937,7.582999877929687,6.720784853008127,2472615,0.0,0.0,0.0,True
2023-04-11,7.622000122070313,7.65260009765625,7.599000244140625,7.62,6.753578334332987,3409007,0.0,0.0,0.0,True
2023-04-12,7.6290002441406255,7.697999877929687,7.627999877929688,7.660999755859375,6.789915519902487,2117438,0.0,0.0,0.0,True
2023-04-13,7.660999755859375,7.697000122070313,7.6559997558593755,7.690999755859375,6.81650602939274,2908718,0.0,0.0,0.0,True
2023-04-14,7.705999755859375,7.7477001953125,7.697000122070313,7.717000122070313,6.839550126626555,1434580,0.0,0.0,0.0,True
2023-04-17,7.747000122070313,7.759000244140625,7.717999877929688,7.725999755859375,6.847526304589383,1589278,0.0,0.0,0.0,True
2023-04-18,7.745999755859375,7.759000244140625,7.725999755859375,7.752000122070313,6.870570401823197,1105936,0.0,0.0,0.0,True
2023-04-19,7.729000244140625,7.745460205078126,7.7140002441406255,7.7409997558593755,6.860820476129788,1176551,0.0,0.0,0.0,True
2023-04-20,7.74,7.755,7.722999877929688,7.755,6.873229127810807,1630466,0.0,0.0,0.0,True
2023-04-21,7.735999755859376,7.79,7.73,7.762999877929688,6.880318702709524,2363259,0.0,0.0,0.0,True
2023-04-24,7.735,7.7779998779296875,7.724000244140625,7.762999877929688,6.880318702709524,1499534,0.0,0.0,0.0,True
2023-04-25,7.737000122070313,7.7620001220703125,7.717000122070313,7.74,6.859934414668038,1844869,0.0,0.0,0.0,True
2023-04-26,7.7220001220703125,7.745,7.68,7.705999755859375,6.829799659330786,2349759,0.0,0.0,0.0,True
2023-04-27,7.697000122070313,7.7220001220703125,7.675999755859375,7.689000244140625,6.814732823264521,1944149,0.0,0.0,0.0,True
2023-04-28,7.7009997558593755,7.732000122070312,7.650800170898438,7.732000122070312,6.852842673359879,1465269,0.0,0.0,0.0,True
2023-05-02,7.73,7.76,7.630999755859375,7.630999755859375,6.763326635219314,2025453,0.0,0.0,0.0,True
2023-05-03,7.654000244140625,7.679000244140625,7.632999877929688,7.647999877929688,6.7783950960926616,1477053,0.0,0.0,0.0,True
2023-05-04,7.635999755859375,7.655,7.560999755859375,7.5679998779296875,6.707491223070079,2395019,0.0,0.0,0.0,True
2023-05-05,7.605999755859375,7.647000122070312,7.586119995117188,7.644000244140625,6.774849225438581,1539315,0.0,0.0,0.0,True
2023-05-09,7.642999877929688,7.662000122070313,7.5997998046875,7.625999755859375,6.758896327910567,2093208,0.0,0.0,0.0,True
2023-05-10,7.634000244140625,7.6464501953125,7.590650024414063,7.607000122070312,6.742056827318441,2399806,0.0,0.0,0.0,True
2023-05-11,7.619000244140625,7.660960083007812,7.557999877929688,7.609000244140625,6.7438294918443,3607140,0.0,0.0,0.0,True
2023-05-12,7.627999877929688,7.649000244140625,7.6159997558593755,7.630999755859375,6.763326635219314,2739711,0.0,0.0,0.0,True
2023-05-15,7.660999755859375,7.674000244140625,7.635999755859375,7.652000122070312,6.781940425144381,1736684,0.0,0.0,0.0,True
2023-05-16,7.642999877929688,7.677360229492187,7.615,7.624000244140625,6.757123663384707,2858300,0.0,0.0,0.0,True
2023-05-17,7.6000000000000005,7.635679931640625,7.587000122070313,7.604000244140625,6.73939810133083,2910724,0.0,0.0,0.0,True
2023-05-18,7.647000122070312,7.664359741210937,7.6159997558593755,7.630999755859375,6.763326635219314,3339914,0.0,0.0,0.0,True
2023-05-19,7.657000122070313,7.679349975585938,7.6370001220703125,7.647000122070312,6.777509576233271,1625405,0.0,0.0,0.0,True
2023-05-22,7.6559997558593755,7.672999877929688,7.637999877929688,7.662999877929687,6.791689267633068,5187872,0.0,0.0,0.0,True
2023-05-23,7.647999877929688,7.689000244140625,7.632000122070313,7.647999877929688,6.7783950960926616,1787299,0.0,0.0,0.0,True
2023-05-24,7.582000122070313,7.587999877929688,7.4839501953125005,7.517000122070312,6.6622907148712835,6267116,0.0,0.0,0.0,True
2023-05-25,7.515999755859375,7.519299926757813,7.462999877929688,7.462999877929688,6.614430397480155,4117869,0.0,0.0,0.0,True
2023-05-26,7.502000122070313,7.537999877929687,7.45,7.522000122070312,6.666721563782391,1531203,0.0,0.0,0.0,True
2023-05-30,7.527000122070312,7.52968017578125,7.407700195312501,7.417000122070313,6.5736601965901045,2769615,0.0,0.0,0.0,True
2023-05-31,7.372000122070313,7.415999755859375,7.342000122070313,7.342000122070313,6.507187714080993,3265109,0.0,0.0,0.0,True
2023-06-01,7.3659997558593755,7.4029998779296875,7.3490100097656255,7.397000122070312,6.555934634536231,1470614,0.0,0.0,0.0,True
2023-06-02,7.425999755859375,7.517999877929688,7.420999755859375,7.505999755859375,6.652540247575515,1892067,0.0,0.0,0.0,True
2023-06-05,7.547999877929688,7.5570001220703125,7.497999877929687,7.502999877929688,6.649880979985544,2480476,0.0,0.0,0.0,True
2023-06-06,7.494000244140625,7.539000244140625,7.460999755859375,7.535999755859375,6.679128590656327,4712601,0.0,0.0,0.0,True
2023-06-07,7.525,7.542050170898437,7.505999755859375,7.532000122070313,6.67558488641169,1934413,0.0,0.0,0.0,True
2023-06-08,7.542000122070313,7.5510797119140625,7.499000244140625,7.507999877929688,6.654312912101373,1931446,0.0,0.0,0.0,True
2023-06-09,7.53,7.53,7.455999755859375,7.47,6.620633910917123,1569703,0.0,0.0,0.0,True
2023-06-12,7.514000244140625,7.517000122070312,7.4640002441406255,7.475999755859375,6.625952446097062,1383441,0.0,0.0,0.0,True
2023-06-13,7.497000122070313,7.519000244140625,7.466400146484375,7.500999755859375,6.648108857062045,5034315,0.0,0.0,0.0,True
2023-06-14,7.497000122070313,7.54760009765625,7.48280029296875,7.510999755859375,6.656972179691342,2358054,0.0,0.0,0.0,True
2023-06-15,7.407999877929687,7.4350000000000005,7.387999877929688,7.430999755859375,6.67854196561872,1892512,0.10400000999999999,0.0,0.0,True
2023-06-16,7.44,7.4909997558593755,7.44,7.44,6.686631212094862,2682132,0.0,0.0,0.0,True
2023-06-19,7.397999877929688,7.427999877929688,7.385,7.387999877929688,6.639896882409255,3100171,0.0,0.0,0.0,True
2023-06-20,7.374000244140625,7.412559814453125,7.367999877929687,7.372000122070313,6.625515694712307,1680723,0.0,0.0,0.0,True
2023-06-21,7.337999877929688,7.382559814453125,7.321209716796875,7.367000122070313,6.621022706139381,1588537,0.0,0.0,0.0,True
2023-06-22,7.304000244140625,7.314600219726563,7.265999755859375,7.314000244140625,6.57339054752237,6022045,0.0,0.0,0.0,True
2023-06-23,7.287999877929687,7.307999877929688,7.252999877929688,7.275999755859375,6.539237354624143,1955296,0.0,0.0,0.0,True
2023-06-26,7.284000244140625,7.2940002441406255,7.214600219726563,7.267999877929688,6.532047584471936,2504326,0.0,0.0,0.0,True
2023-06-27,7.292000122070313,7.312999877929688,7.2409997558593755,7.275,6.538337878300204,2649669,0.0,0.0,0.0,True
2023-06-28,7.292000122070313,7.329000244140625,7.289400024414062,7.314000244140625,6.57339054752237,1610226,0.0,0.0,0.0,True
2023-06-29,7.314000244140625,7.322999877929687,7.274000244140625,7.287000122070313,6.549123906355628,1589956,0.0,0.0,0.0,True
2023-06-30,7.304000244140625,7.361599731445312,7.296060180664063,7.342000122070313,6.598554468489668,1968560,0.0,0.0,0.0,True
2023-07-03,7.345999755859375,7.370999755859375,7.324000244140625,7.3390002441406255,6.5958576869103895,1735471,0.0,0.0,0.0,True
2023-07-04,7.335,7.357999877929688,7.327000122070313,7.332000122070313,6.589566294820432,2503926,0.0,0.0,0.0,True
2023-07-05,7.305,7.3259997558593755,7.247999877929687,7.260999755859375,6.525756741512824,4123442,0.0,0.0,0.0,True
2023-07-06,7.212999877929688,7.2140002441406255,7.085999755859375,7.099000244140625,6.380160738428287,3179831,0.0,0.0,0.0,True
2023-07-07,7.079000244140625,7.094600219726563,7.048400268554688,7.074000244140625,6.357691402516889,2259809,0.0,0.0,0.0,True
2023-07-10,7.0600000000000005,7.124000244140625,7.05,7.094000244140625,6.375666651593669,2716856,0.0,0.0,0.0,True
2023-07-11,7.090999755859375,7.114000244140625,7.0600000000000005,7.104000244140625,6.384654276132062,3947217,0.0,0.0,0.0,True
2023-07-12,7.120999755859375,7.245,7.104000244140625,7.2379998779296875,6.505086358249297,3789199,0.0,0.0,0.0,True
2023-07-13,7.239000244140625,7.280499877929688,7.232999877929688,7.262999877929688,6.527553497637317,3427178,0.0,0.0,0.0,True
2023-07-14,7.245999755859375,7.299879760742187,7.23,7.255,6.520363727485113,2912866,0.0,0.0,0.0,True
2023-07-17,7.220999755859375,7.259000244140625,7.211690063476563,7.230999755859375,6.498793318766805,1963670,0.0,0.0,0.0,True
2023-07-18,7.22,7.28,7.212999877929688,7.274000244140625,6.537440049368804,2056558,0.0,0.0,0.0,True
2023-07-19,7.322999877929687,7.44,7.310999755859375,7.404000244140625,6.654276422713669,1998756,0.0,0.0,0.0,True
2023-07-20,7.410999755859375,7.475999755859375,7.407700195312501,7.460999755859375,6.705503740972206,1572948,0.0,0.0,0.0,True
2023-07-21,7.469000244140625,7.489010009765625,7.452999877929687,7.4750000000000005,6.718087074282966,802169,0.0,0.0,0.0,True
2023-07-24,7.45,7.499000244140625,7.45,7.495,6.73606122509806,1349933,0.0,0.0,0.0,True
2023-07-25,7.5040002441406255,7.517000122070312,7.489000244140625,7.502999877929688,6.743250995250265,3067852,0.0,0.0,0.0,True
2023-07-26,7.489000244140625,7.514000244140625,7.442000122070312,7.49,6.7315676873942865,1986824,0.0,0.0,0.0,True
2023-07-27,7.494000244140625,7.524000244140625,7.479099731445313,7.509000244140625,6.748644558408822,1513243,0.0,0.0,0.0,True
2023-07-28,7.5040002441406255,7.532000122070313,7.495999755859375,7.507000122070313,6.7468461548917915,1267068,0.0,0.0,0.0,True
2023-07-31,7.502000122070313,7.539010009765625,7.48239990234375,7.514000244140625,6.75313754698175,1927964,0.0,0.0,0.0,True
2023-08-01,7.505,7.5309997558593755,7.466660156250001,7.485,6.727074698821359,1887330,0.0,0.0,0.0,True
2023-08-02,7.412999877929687,7.42719970703125,7.34,7.382000122070313,6.634504966643234,2037160,0.0,0.0,0.0,True
2023-08-03,7.337999877929688,7.37010009765625,7.26906005859375,7.355999755859375,6.6111361544078955,3444345,0.0,0.0,0.0,True
2023-08-04,7.3659997558593755,7.4,7.322999877929687,7.395999755859375,6.647086103430617,1181606,0.0,0.0,0.0,True
2023-08-07,7.370999755859375,7.390000000000001,7.337559814453125,7.385,6.637199551699133,1820977,0.0,0.0,0.0,True
2023-08-08,7.342999877929688,7.383939819335938,7.31989990234375,7.357999877929688,6.612933459663236,1242496,0.0,0.0,0.0,True
2023-08-09,7.402000122070312,7.43,7.3870001220703125,7.4190002441406255,6.667757584955832,1676917,0.0,0.0,0.0,True
2023-08-10,7.462000122070313,7.482999877929688,7.437000122070312,7.479000244140625,6.721682783055337,2789167,0.0,0.0,0.0,True
2023-08-11,7.437999877929688,7.447000122070313,7.370040283203125,7.3870001220703125,6.638997955216163,2082390,0.0,0.0,0.0,True
2023-08-14,7.374000244140625,7.392940063476563,7.339149780273438,7.369000244140625,6.622820011394721,957223,0.0,0.0,0.0,True
2023-08-15,7.360999755859375,7.3659997558593755,7.234039916992188,7.2540002441406255,6.519465349422864,2584673,0.0,0.0,0.0,True
2023-08-16,7.234000244140625,7.2620001220703125,7.204039916992188,7.224000244140625,6.4925041232002245,1688310,0.0,0.0,0.0,True
2023-08-17,7.175999755859375,7.225960083007813,7.175999755859375,7.182999877929688,6.455654148722721,1801459,0.0,0.0,0.0,True
2023-08-18,7.15,7.2,7.09239990234375,7.140000000000001,6.417009065513256,2754851,0.0,0.0,0.0,True
2023-08-21,7.1370001220703125,7.191959838867188,7.127000122070313,7.137999877929688,6.415211211127073,1851121,0.0,0.0,0.0,True
2023-08-22,7.150999755859375,7.187039794921875,7.137039794921876,7.145999755859375,6.422400981279279,2126640,0.0,0.0,0.0,True
2023-08-23,7.157999877929687,7.225880126953125,7.1559997558593755,7.199000244140625,6.470034787288824,1296591,0.0,0.0,0.0,True
2023-08-24,7.247000122070313,7.267999877929688,7.210020141601563,7.217999877929688,6.48711056004167,1770181,0.0,0.0,0.0,True
2023-08-25,7.219000244140625,7.275,7.210999755859375,7.222999877929688,6.491604097745442,2302358,0.0,0.0,0.0,True
2023-08-29,7.299000244140625,7.354000244140625,7.279730224609375,7.349000244140625,6.604845860579629,2548855,0.0,0.0,0.0,True
2023-08-30,7.375,7.392999877929688,7.347999877929688,7.357999877929688,6.612933459663236,1119805,0.0,0.0,0.0,True
2023-08-31,7.3500000000000005,7.391959838867187,7.33,7.33,6.587769538695937,1887594,0.0,0.0,0.0,True
2023-09-01,7.355,7.385,7.342999877929688,7.359000244140625,6.613833485118019,1144975,0.0,0.0,0.0,True
2023-09-04,7.394000244140625,7.4152001953125,7.338599853515625,7.345,6.601250700938102,1261280,0.0,0.0,0.0,True
2023-09-05,7.2940002441406255,7.371400146484375,7.2809997558593755,7.330999755859375,6.58866736762734,1988395,0.0,0.0,0.0,True
2023-09-06,7.2809997558593755,7.334000244140626,7.260999755859375,7.312999877929688,6.572491620329277,2209453,0.0,0.0,0.0,True
2023-09-07,7.272000122070312,7.3500000000000005,7.272000122070312,7.33,6.587769538695937,2996646,0.0,0.0,0.0,True
2023-09-08,7.340999755859375,7.367999877929687,7.288060302734375,7.365,6.619226499145729,2047782,0.0,0.0,0.0,True
2023-09-11,7.3870001220703125,7.4350000000000005,7.354000244140625,7.3870001220703125,6.638997955216163,3350432,0.0,0.0,0.0,True
2023-09-12,7.4029998779296875,7.437999877929688,7.392999877929688,7.417999877929688,6.66685865776274,1774150,0.0,0.0,0.0,True
2023-09-13,7.410999755859375,7.434000244140625,7.3790002441406255,7.414000244140625,6.663264596382905,3063734,0.0,0.0,0.0,True
2023-09-14,7.355999755859375,7.4909997558593755,7.329000244140625,7.474000244140625,6.793795640278552,3173994,0.0836,0.0,0.0,True
2023-09-15,7.509000244140625,7.5504998779296875,7.507000122070313,7.507999877929688,6.824700913626022,3674334,0.0,0.0,0.0,True
2023-09-18,7.5040002441406255,7.514000244140625,7.439669799804688,7.454000244140625,6.775614663060794,4939541,0.0,0.0,0.0,True
2023-09-19,7.444000244140625,7.4789599609375,7.437000122070312,7.459000244140626,6.780160046197952,1321770,0.0,0.0,0.0,True
2023-09-20,7.482000122070312,7.54,7.48,7.529000244140625,6.84378985680948,4234306,0.0,0.0,0.0,True
2023-09-21,7.477000122070312,7.542000122070313,7.472999877929688,7.475999755859375,6.795612682871683,3318433,0.0,0.0,0.0,True
2023-09-22,7.444000244140625,7.531959838867188,7.432999877929688,7.477999877929688,6.797431391457412,3331392,0.0,0.0,0.0,True
2023-09-25,7.455999755859375,7.479000244140625,7.384000244140625,7.434000244140625,6.75743701782823,6647331,0.0,0.0,0.0,True
2023-09-26,7.402000122070312,7.462000122070313,7.392999877929688,7.429000244140625,6.752891079360207,3504892,0.0,0.0,0.0,True
2023-09-27,7.425999755859375,7.451220092773438,7.382999877929688,7.402000122070312,6.728348231743026,2481825,0.0,0.0,0.0,True
2023-09-28,7.414000244140625,7.4190002441406255,7.337999877929688,7.417999877929688,6.742892347120193,3674087,0.0,0.0,0.0,True
2023-09-29,7.439000244140625,7.4879998779296875,7.42,7.422000122070313,6.746527542968187,2708303,0.0,0.0,0.0,True
2023-10-02,7.432999877929688,7.445,7.308759765625,7.3259997558593755,6.659265072028641,4474057,0.0,0.0,0.0,True
2023-10-03,7.314000244140625,7.364000244140625,7.287000122070313,7.287999877929687,6.624722936840583,2988654,0.0,0.0,0.0,True
2023-10-04,7.257999877929688,7.310880126953125,7.20697998046875,7.234000244140625,6.5756377969370865,2379868,0.0,0.0,0.0,True
2023-10-05,7.247999877929687,7.3100000000000005,7.231699829101562,7.275,6.612906051345709,3223546,0.0,0.0,0.0,True
2023-10-06,7.3,7.314000244140625,7.243250122070313,7.312000122070312,6.646539665237201,3970748,0.0,0.0,0.0,True
2023-10-09,7.322000122070313,7.359000244140625,7.29,7.310999755859375,6.645629477948037,2806919,0.0,0.0,0.0,True
2023-10-10,7.369000244140625,7.45,7.352999877929688,7.44,6.762890366931084,4639869,0.0,0.0,0.0,True
2023-10-11,7.430999755859375,7.4640002441406255,7.42,7.4350000000000005,6.758345539124793,3892002,0.0,0.0,0.0,True
2023-10-12,7.474000244140625,7.51,7.457899780273437,7.465,6.785615061293403,1813088,0.0,0.0,0.0,True
2023-10-13,7.465999755859375,7.479000244140625,7.41,7.422999877929688,6.747436619595618,2864817,0.0,0.0,0.0,True
2023-10-16,7.447999877929687,7.47,7.405,7.45,6.771979467212801,1593626,0.0,0.0,0.0,True
2023-10-17,7.45,7.50260009765625,7.415,7.495,6.812884028131146,4042683,0.0,0.0,0.0,True
2023-10-18,7.492999877929687,7.502000122070313,7.402000122070312,7.407999877929687,6.733801580845881,2408243,0.0,0.0,0.0,True
2023-10-19,7.37,7.382000122070313,7.319249877929687,7.332000122070313,6.6647184211314965,1658204,0.0,0.0,0.0,True
2023-10-20,7.292999877929688,7.3179998779296875,7.2250000000000005,7.234000244140625,6.5756377969370865,3485186,0.0,0.0,0.0,True
2023-10-23,7.22,7.23,7.17,7.205999755859375,6.550185872692476,2333686,0.0,0.0,0.0,True
2023-10-24,7.2,7.2379998779296875,7.157000122070313,7.22,6.562910724153051,1776309,0.0,0.0,0.0,True
2023-10-25,7.215,7.259000244140625,7.2,7.2409997558593755,6.581999112005642,1812366,0.0,0.0,0.0,True
2023-10-26,7.202999877929687,7.227999877929688,7.175999755859375,7.187999877929688,6.533823604060443,1521737,0.0,0.0,0.0,True
2023-10-27,7.199000244140625,7.2140002441406255,7.115,7.125999755859375,6.477466961799233,3736211,0.0,0.0,0.0,True
2023-10-30,7.185999755859375,7.437999877929688,7.132999877929688,7.159000244140625,6.507464269181001,2157925,0.0,0.0,0.0,True
2023-10-31,7.165,7.205,7.143599853515625,7.1559997558593755,6.504735373306108,1218621,0.0,0.0,0.0,True
2023-11-01,7.184000244140625,7.217999877929688,7.139000244140625,7.177999877929688,6.524733948447864,2974973,0.0,0.0,0.0,True
2023-11-02,7.23,7.3,7.212000122070313,7.282000122070313,6.619269587737727,1791296,0.0,0.0,0.0,True
2023-11-03,7.307999877929688,7.322000122070313,7.229459838867188,7.2379998779296875,6.5792746587776785,2901870,0.0,0.0,0.0,True
2023-11-06,7.252999877929688,7.282000122070313,7.235,7.247999877929687,6.588363759059394,1878900,0.0,0.0,0.0,True
2023-11-07,7.234000244140625,7.265000000000001,7.229000244140625,7.242000122070313,6.582909299294806,1304974,0.0,0.0,0.0,True
2023-11-08,7.222999877929688,7.272000122070312,7.217000122070313,7.230999755859375,6.572910011723926,2576044,0.0,0.0,0.0,True
2023-11-09,7.25,7.301199951171875,7.208499755859375,7.295,6.6310859179017365,2808537,0.0,0.0,0.0,True
2023-11-10,7.252999877929688,7.259000244140625,7.159000244140625,7.199000244140625,6.543824002293054,1957915,0.0,0.0,0.0,True
2023-11-13,7.230999755859375,7.265000000000001,7.223209838867188,7.260999755859375,6.600179533892538,1003633,0.0,0.0,0.0,True
2023-11-14,7.269000244140625,7.290999755859375,7.224000244140625,7.277000122070312,6.614725315262302,2992023,0.0,0.0,0.0,True
2023-11-15,7.322999877929687,7.367999877929687,7.309000244140625,7.319000244140625,6.652902090967488,8537347,0.0,0.0,0.0,True
2023-11-16,7.319199829101563,7.3390002441406255,7.255,7.257000122070313,6.596544338044544,1482815,0.0,0.0,0.0,True
2023-11-17,7.285,7.352999877929688,7.275,7.349000244140625,6.680171613136098,2916268,0.0,0.0,0.0,True
2023-11-20,7.33,7.3500000000000005,7.3179998779296875,7.34,6.67198936815835,2416099,0.0,0.0,0.0,True
2023-11-21,7.327000122070313,7.337999877929688,7.292000122070313,7.325,6.658355440070344,3697649,0.0,0.0,0.0,True
2023-11-22,7.344000244140625,7.367000122070313,7.296220092773438,7.312000122070312,6.646539665237201,1742989,0.0,0.0,0.0,True
2023-11-23,7.330999755859375,7.349000244140625,7.303699951171875,7.335,6.6674467616755235,1967321,0.0,0.0,0.0,True
2023-11-24,7.324000244140625,7.345,7.302000122070313,7.340999755859375,6.6728990001166455,2439242,0.0,0.0,0.0,True
2023-11-27,7.325,7.337999877929688,7.302000122070313,7.312000122070312,6.646539665237201,3835576,0.0,0.0,0.0,True
2023-11-28,7.290999755859375,7.315999755859375,7.253480224609375,7.307999877929688,6.6429016927348785,3121609,0.0,0.0,0.0,True
2023-11-29,7.285,7.312000122070312,7.257000122070313,7.272000122070312,6.610179376794281,1847271,0.0,0.0,0.0,True
2023-11-30,7.279000244140625,7.344019775390625,7.239000244140625,7.299000244140625,6.634722779742325,3641482,0.0,0.0,0.0,True
2023-12-01,7.327999877929687,7.38448974609375,7.317000122070312,7.375999755859375,6.7047139054224125,2308429,0.0,0.0,0.0,True
2023-12-04,7.33,7.38,7.322999877929687,7.357000122070312,6.687443115493816,2918406,0.0,0.0,0.0,True
2023-12-05,7.315,7.355999755859375,7.297999877929688,7.337999877929688,6.670172325565219,3342534,0.0,0.0,0.0,True
2023-12-06,7.357000122070312,7.390020141601562,7.334000244140626,7.360999755859375,6.691078866672674,3174417,0.0,0.0,0.0,True
2023-12-07,7.342999877929688,7.374000244140625,7.322000122070313,7.3629998779296875,6.692897019927537,2650971,0.0,0.0,0.0,True
2023-12-08,7.38,7.4320001220703125,7.360999755859375,7.4059997558593755,6.731982872260154,2339390,0.0,0.0,0.0,True
2023-12-11,7.392999877929688,7.415,7.3500000000000005,7.4029998779296875,6.729256753039591,5719673,0.0,0.0,0.0,True
2023-12-12,7.4320001220703125,7.462999877929688,7.402000122070312,7.404000244140625,6.730166940328755,4023617,0.0,0.0,0.0,True
2023-12-13,7.397000122070312,7.442000122070312,7.397000122070312,7.407000122070313,6.732891948887586,4752669,0.0,0.0,0.0,True
2023-12-14,7.467000122070313,7.5200000000000005,7.345999755859375,7.445999755859376,6.823709452241376,4722105,0.0601,0.0,0.0,True
2023-12-15,7.457000122070313,7.477999877929688,7.372000122070313,7.38,6.763225059433865,2517429,0.0,0.0,0.0,True
2023-12-18,7.367999877929687,7.432999877929688,7.355999755859375,7.415,6.795299853276142,2536900,0.0,0.0,0.0,True
2023-12-19,7.417000122070313,7.444000244140625,7.404000244140625,7.432999877929688,6.811796309277651,3896136,0.0,0.0,0.0,True
2023-12-20,7.51,7.5570001220703125,7.472050170898438,7.517000122070312,6.888776598258522,5964805,0.0,0.0,0.0,True
2023-12-21,7.485999755859375,7.512999877929688,7.467999877929688,7.492999877929687,6.866782070027375,2914459,0.0,0.0,0.0,True
2023-12-22,7.48,7.755,7.455999755859375,7.5,6.873197140761459,2511040,0.0,0.0,0.0,True
2023-12-27,7.532999877929687,7.5570001220703125,7.5,7.522000122070312,6.893358791640012,2040865,0.0,0.0,0.0,True
2023-12-28,7.525999755859375,7.545,7.259000244140625,7.519000244140625,6.890607796126678,4989178,0.0,0.0,0.0,True
2023-12-29,7.522000122070312,7.554000244140625,7.495,7.5309997558593755,6.901605620070399,3395009,0.0,0.0,0.0,True
2024-01-02,7.535,7.5600000000000005,7.48,7.514000244140625,6.886026722401483,1072068,0.0,0.0,0.0,True
2024-01-03,7.507000122070313,7.535999755859375,7.4422998046875,7.475999755859375,6.851202052702163,1348109,0.0,0.0,0.0,True
2024-01-04,7.479000244140625,7.517999877929688,7.470999755859375,7.5120001220703125,6.8841949647051806,2365405,0.0,0.0,0.0,True
2024-01-05,7.46,7.494199829101563,7.437999877929688,7.479000244140625,6.853952488387352,3537435,0.0,0.0,0.0,True
2024-01-08,7.4509997558593755,7.485,7.431699829101563,7.485,6.859450000788845,2176082,0.0,0.0,0.0,True
2024-01-09,7.497000122070313,7.507000122070313,7.467000122070313,7.477000122070312,6.852119611034755,2845464,0.0,0.0,0.0,True
2024-01-10,7.462000122070313,7.4750000000000005,7.442000122070312,7.444000244140625,6.821877134716927,2875631,0.0,0.0,0.0,True
2024-01-11,7.479000244140625,7.4902001953125,7.38,7.380999755859375,6.76414205793831,1432009,0.0,0.0,0.0,True
2024-01-12,7.415999755859375,7.457000122070313,7.409000244140625,7.425999755859375,6.805380678715419,1597584,0.0,0.0,0.0,True
2024-01-15,7.412000122070313,7.444000244140625,7.3796801757812505,7.397999877929688,6.779720955607226,2441589,0.0,0.0,0.0,True
2024-01-16,7.364000244140625,7.380999755859375,7.3400598144531255,7.359000244140625,6.743981526716053,1791022,0.0,0.0,0.0,True
2024-01-17,7.272999877929688,7.2779998779296875,7.212999877929688,7.2540002441406255,6.647756025532923,3511377,0.0,0.0,0.0,True
2024-01-18,7.247999877929687,7.28,7.245,7.2700000000000005,6.662418484525542,1536854,0.0,0.0,0.0,True
2024-01-19,7.309000244140625,7.327999877929687,7.2620001220703125,7.270999755859375,6.66333492320184,5010649,0.0,0.0,0.0,True
2024-01-22,7.297000122070313,7.315,7.267999877929688,7.299000244140625,6.688995765966328,5774477,0.0,0.0,0.0,True
2024-01-23,7.33,7.337000122070313,7.278469848632812,7.297000122070313,6.687162328785585,2037008,0.0,0.0,0.0,True
2024-01-24,7.342999877929688,7.3500000000000005,7.305999755859375,7.335999755859375,6.722903437161199,2292118,0.0,0.0,0.0,True
2024-01-25,7.33,7.352100219726562,7.315,7.337999877929688,6.72473575468565,1642751,0.0,0.0,0.0,True
2024-01-26,7.38,7.459000244140626,7.3782501220703125,7.444000244140625,6.821877134716927,1435379,0.0,0.0,0.0,True
2024-01-29,7.444000244140625,7.4720001220703125,7.437000122070312,7.442000122070312,6.820044817192478,1119818,0.0,0.0,0.0,True
2024-01-30,7.462000122070313,7.489000244140625,7.4509997558593755,7.47,6.845703980472525,3693653,0.0,0.0,0.0,True
2024-01-31,7.4750000000000005,7.489000244140625,7.4320001220703125,7.4320001220703125,6.810879870601353,1390897,0.0,0.0,0.0,True
2024-02-01,7.429000244140625,7.4750000000000005,7.41,7.425999755859375,6.805380678715419,1024501,0.0,0.0,0.0,True
2024-02-02,7.47,7.473889770507813,7.41,7.417999877929688,6.7980502889613295,3194330,0.0,0.0,0.0,True
2024-02-05,7.425999755859375,7.467420043945313,7.4,7.415,6.795299853276142,3836683,0.0,0.0,0.0,True
2024-02-06,7.462999877929688,7.49,7.432999877929688,7.479000244140625,6.853952488387352,4994435,0.0,0.0,0.0,True
2024-02-07,7.484000244140625,7.495,7.427000122070313,7.43,6.809046993248757,1899466,0.0,0.0,0.0,True
2024-02-08,7.439000244140625,7.4509997558593755,7.390999755859375,7.394000244140625,6.7760557607301815,2100957,0.0,0.0,0.0,True
2024-02-09,7.390999755859375,7.407000122070313,7.355159912109375,7.369000244140625,6.753145353650883,1828317,0.0,0.0,0.0,True
2024-02-12,7.3790002441406255,7.389000244140625,7.354000244140625,7.375,6.758643985708669,1831608,0.0,0.0,0.0,True
2024-02-13,7.372999877929687,7.382000122070313,7.295,7.312000122070312,6.700909468758199,1538903,0.0,0.0,0.0,True
2024-02-14,7.349000244140625,7.392999877929688,7.332999877929687,7.372000122070313,6.7558935500234805,1176516,0.0,0.0,0.0,True
2024-02-15,7.3950000000000005,7.425999755859375,7.375999755859375,7.412000122070313,6.792551656903542,1612824,0.0,0.0,0.0,True
2024-02-16,7.46,7.53,7.4484497070312505,7.522000122070312,6.893358791640012,3163205,0.0,0.0,0.0,True
2024-02-19,7.510999755859375,7.542000122070313,7.51,7.539000244140625,6.908938249137076,867551,0.0,0.0,0.0,True
2024-02-20,7.53,7.5570001220703125,7.515000000000001,7.5279998779296875,6.898856304041506,1967785,0.0,0.0,0.0,True
2024-02-21,7.499000244140625,7.500999755859375,7.452239990234375,7.470999755859375,6.846619859320674,2145596,0.0,0.0,0.0,True
2024-02-22,7.515999755859375,7.525999755859375,7.476199951171875,7.505999755859375,6.878695212991099,4938241,0.0,0.0,0.0,True
2024-02-23,7.5200000000000005,7.534000244140625,7.499000244140625,7.527000122070312,6.8979409850215,1263068,0.0,0.0,0.0,True
2024-02-26,7.515000000000001,7.532999877929687,7.497999877929687,7.509000244140625,6.881444529019995,1028046,0.0,0.0,0.0,True
2024-02-27,7.505999755859375,7.522000122070312,7.4909997558593755,7.502999877929688,6.87594533713406,1069945,0.0,0.0,0.0,True
2024-02-28,7.492000122070313,7.497000122070313,7.4429998779296875,7.445999755859376,6.823709452241376,2455261,0.0,0.0,0.0,True
2024-02-29,7.4640002441406255,7.505,7.457039794921875,7.457999877929687,6.8347067163569495,2159070,0.0,0.0,0.0,True
2024-03-01,7.502000122070313,7.521840209960938,7.474000244140625,7.512999877929688,6.885110283725183,1825672,0.0,0.0,0.0,True
2024-03-04,7.497999877929687,7.507000122070313,7.4509997558593755,7.467999877929688,6.843871103119929,2110013,0.0,0.0,0.0,True
2024-03-05,7.439000244140625,7.48,7.426840209960938,7.474000244140625,6.849370295005861,3211770,0.0,0.0,0.0,True
2024-03-06,7.472999877929688,7.525999755859375,7.462000122070313,7.5040002441406255,6.876861775810356,2575333,0.0,0.0,0.0,True
2024-03-07,7.505,7.567000122070312,7.5,7.549000244140625,6.91810151624376,1608171,0.0,0.0,0.0,True
2024-03-08,7.547000122070313,7.55,7.502999877929688,7.517999877929688,6.889692477106674,3653151,0.0,0.0,0.0,True
2024-03-11,7.489000244140625,7.525,7.47,7.525,6.896106988012613,7033756,0.0,0.0,0.0,True
2024-03-12,7.58,7.619000244140625,7.572999877929687,7.604000244140625,6.968505083611995,3159336,0.0,0.0,0.0,True
2024-03-13,7.61,7.637999877929688,7.590999755859375,7.627000122070313,6.9895826133386985,1282861,0.0,0.0,0.0,True
2024-03-14,7.607000122070312,7.607000122070312,7.527000122070312,7.552999877929688,6.965144900730819,1787311,0.0475,0.0,0.0,True
2024-03-15,7.549000244140625,7.572000122070313,7.537000122070313,7.537000122070313,6.950390909906986,2913381,0.0,0.0,0.0,True
2024-03-18,7.545,7.562000122070312,7.525239868164062,7.532000122070313,6.945779724473118,1851168,0.0,0.0,0.0,True
2024-03-19,7.532000122070313,7.547999877929688,7.51,7.547999877929688,6.960533715296951,2681825,0.0,0.0,0.0,True
2024-03-20,7.54,7.555999755859375,7.520999755859375,7.545999755859375,6.958690593046815,2662627,0.0,0.0,0.0,True
2024-03-21,7.624000244140625,7.712000122070313,7.6159997558593755,7.689000244140625,7.090560582350445,2862400,0.0,0.0,0.0,True
2024-03-22,7.709000244140626,7.770999755859375,7.7,7.7409997558593755,7.1385133057335866,2455516,0.0,0.0,0.0,True
2024-03-25,7.734000244140625,7.750999755859375,7.7009997558593755,7.727999877929688,7.126525124887802,1271587,0.0,0.0,0.0,True
2024-03-26,7.705,7.742999877929687,7.702000122070313,7.737000122070313,7.134823681424785,2693776,0.0,0.0,0.0,True
2024-03-27,7.727999877929688,7.749680175781251,7.702000122070313,7.742000122070313,7.139435430160075,2105895,0.0,0.0,0.0,True
2024-03-28,7.7700000000000005,7.788980102539063,7.76,7.772000122070312,7.167100852859024,3409713,0.0,0.0,0.0,True
2024-04-02,7.797000122070313,7.827999877929687,7.7409997558593755,7.747999877929687,7.144968176719013,2140436,0.0,0.0,0.0,True
2024-04-03,7.735,7.747000122070313,7.697000122070313,7.745,7.142201803439543,3067641,0.0,0.0,0.0,True
2024-04-04,7.7540002441406255,7.805000000000001,7.752000122070313,7.792999877929688,7.1864660291167235,2622343,0.0,0.0,0.0,True
2024-04-05,7.705999755859375,7.730999755859375,7.699000244140625,7.722999877929688,7.121913939453933,1505025,0.0,0.0,0.0,True
2024-04-08,7.717000122070313,7.767000122070312,7.704030151367188,7.755999755859375,7.152344608829506,2568942,0.0,0.0,0.0,True
2024-04-09,7.745,7.775999755859375,7.732000122070312,7.749000244140626,7.145890864446922,2687270,0.0,0.0,0.0,True
2024-04-10,7.795999755859375,7.812999877929688,7.732999877929688,7.7700000000000005,7.165256040704626,3495684,0.0,0.0,0.0,True
2024-04-11,7.750999755859375,7.797000122070313,7.714030151367187,7.747000122070313,7.144046052292523,1706511,0.0,0.0,0.0,True
2024-04-12,7.792999877929688,7.867000122070313,7.792000122070313,7.819000244140625,7.210441827506873,3068320,0.0,0.0,0.0,True
2024-04-15,7.789000244140625,7.834000244140626,7.775999755859375,7.787999877929687,7.181854280381435,2143716,0.0,0.0,0.0,True
2024-04-16,7.672000122070313,7.702999877929687,7.625,7.647999877929688,7.052750664357271,5205495,0.0,0.0,0.0,True
2024-04-17,7.627999877929688,7.72,7.624000244140625,7.68,7.082260335909199,2086037,0.0,0.0,0.0,True
2024-04-18,7.712999877929688,7.73,7.68,7.71,7.109926321909567,2479176,0.0,0.0,0.0,True
2024-04-19,7.674000244140625,7.732999877929688,7.642000122070312,7.727999877929688,7.126525124887802,3887282,0.0,0.0,0.0,True
2024-04-22,7.799000244140625,7.870999755859375,7.799000244140625,7.852999877929688,7.24179574791178,3079873,0.0,0.0,0.0,True
2024-04-23,7.882000122070313,7.904000244140625,7.850999755859375,7.872000122070313,7.2593178019193445,7299009,0.0,0.0,0.0,True
2024-04-24,7.907999877929687,7.922000122070313,7.859000244140625,7.865,7.252861241029654,4155809,0.0,0.0,0.0,True
2024-04-25,7.917000122070313,7.9350000000000005,7.8710302734375,7.912000122070313,7.296203905581768,1985808,0.0,0.0,0.0,True
2024-04-26,7.942000122070312,7.975999755859375,7.932999877929688,7.967000122070313,7.346923002244374,1475858,0.0,0.0,0.0,True
2024-04-29,8.007999877929688,8.047000122070312,7.975999755859375,7.977999877929688,7.357067497538603,2556924,0.0,0.0,0.0,True
2024-04-30,7.992000122070313,8.030999755859375,7.965,7.967999877929688,7.347845689972285,2812548,0.0,0.0,0.0,True
2024-05-01,8.009000244140625,7.95,7.937999877929688,7.945,7.326635138258762,564856,0.0,0.0,0.0,True
2024-05-02,7.977999877929688,8.012999877929687,7.969000244140625,8.007000122070313,7.38380966920822,2953658,0.0,0.0,0.0,True
2024-05-03,8.025999755859376,8.082999877929687,8.017999877929688,8.049000244140625,7.422541148326461,5609254,0.0,0.0,0.0,True
2024-05-07,8.13,8.169000244140625,8.11,8.145999755859375,7.511991160805894,7318953,0.0,0.0,0.0,True
2024-05-08,8.172999877929687,8.197999877929687,8.159000244140625,8.187999877929688,7.550722639924137,2005612,0.0,0.0,0.0,True
2024-05-09,8.190999755859375,8.235,8.175999755859376,8.217999877929687,7.578387499321666,1709620,0.0,0.0,0.0,True
2024-05-10,8.242000122070312,8.295,8.209000244140626,8.27,7.6263407860062244,3684561,0.0,0.0,0.0,True
2024-05-13,8.267000122070312,8.285,8.24510009765625,8.247000122070313,7.605130797594125,3430105,0.0,0.0,0.0,True
2024-05-14,8.247999877929688,8.285,8.217999877929687,8.262000122070313,7.6189632272928876,1110132,0.0,0.0,0.0,True
2024-05-15,8.3,8.312000122070312,8.268699951171875,8.282999877929688,7.638327840249167,2056592,0.0,0.0,0.0,True
2024-05-16,8.295999755859375,8.314000244140626,8.259000244140625,8.297999877929687,7.652161396550773,2770768,0.0,0.0,0.0,True
2024-05-17,8.287000122070312,8.302999877929688,8.25698974609375,8.274000244140625,7.630029847013605,1917038,0.0,0.0,0.0,True
2024-05-20,8.290000000000001,8.312000122070312,8.272000122070313,8.279000244140626,7.634641032447473,2482988,0.0,0.0,0.0,True
2024-05-21,8.249000244140625,8.279949951171876,8.234000244140626,8.270999755859375,7.627261783829873,1870921,0.0,0.0,0.0,True
2024-05-22,8.227000122070313,8.260999755859375,8.197999877929687,8.225999755859375,7.585765621336424,2014572,0.0,0.0,0.0,True
2024-05-23,8.225999755859375,8.255,8.19,8.194000244140625,7.556255386483073,3874705,0.0,0.0,0.0,True
2024-05-24,8.137000122070313,8.33,8.1,8.175,7.538734459078353,1727344,0.0,0.0,0.0,True
2024-05-28,8.184000244140625,8.207000122070312,8.104000244140625,8.119000244140626,7.487093237989256,2265202,0.0,0.0,0.0,True
2024-05-29,8.107000122070312,8.134000244140625,8.035999755859375,8.045,7.418852087319084,3684984,0.0,0.0,0.0,True
2024-05-30,8.015999755859376,8.1,7.982000122070312,8.094000244140625,7.464038437422756,2316805,0.0,0.0,0.0,True
2024-05-31,8.109000244140626,8.152000122070312,8.074000244140626,8.137999877929687,7.504614728695399,1301456,0.0,0.0,0.0,True
2024-06-03,8.224000244140624,8.227999877929687,8.122999877929688,8.122999877929688,7.490781172393793,2271049,0.0,0.0,0.0,True
2024-06-04,8.104000244140625,8.122999877929688,8.064000244140626,8.095,7.464960561849245,1384222,0.0,0.0,0.0,True
2024-06-05,8.127999877929687,8.147999877929688,8.097570190429687,8.110999755859375,7.479715679275918,2645998,0.0,0.0,0.0,True
2024-06-06,8.137000122070313,8.160999755859375,8.120999755859375,8.16,7.524902592681011,2059467,0.0,0.0,0.0,True
2024-06-07,8.169000244140625,8.192999877929688,8.085,8.115999755859375,7.484327428011206,1707238,0.0,0.0,0.0,True
2024-06-10,8.06,8.105,8.050999755859376,8.105,7.474182369415559,2953944,0.0,0.0,0.0,True
2024-06-11,8.13,8.142999877929688,7.989000244140625,8.022000122070313,7.397643225509823,8057351,0.0,0.0,0.0,True
2024-06-12,8.067000122070313,8.111790161132813,8.049000244140625,8.092999877929687,7.463115749694844,3512024,0.0,0.0,0.0,True
2024-06-13,7.967000122070313,7.98,7.914000244140625,7.9320001220703125,7.418225055532508,3027018,0.113,0.0,0.0,True
2024-06-14,7.9429998779296875,7.947000122070313,7.8794799804687505,7.915999755859375,7.403260235494128,1141599,0.0,0.0,0.0,True
2024-06-17,7.944000244140625,7.955999755859375,7.8870001220703125,7.9059997558593755,7.3939080083675774,2201092,0.0,0.0,0.0,True
2024-06-18,7.939000244140625,7.963939819335938,7.922999877929688,7.959000244140626,7.443476011654376,2122710,0.0,0.0,0.0,True
2024-06-19,7.942000122070312,7.9750000000000005,7.930000000000001,7.967000122070313,7.450957564876358,3139889,0.0,0.0,0.0,True
2024-06-20,7.974000244140625,8.040000000000001,7.949000244140625,8.037999877929687,7.5173587773135475,2076188,0.0,0.0,0.0,True
2024-06-21,8.025,8.052000122070313,7.955,8.005999755859374,7.487430850831199,2725053,0.0,0.0,0.0,True
2024-06-24,8.002000122070312,8.077000122070313,7.9720001220703125,8.047000122070312,7.525775953086881,2886270,0.0,0.0,0.0,True
2024-06-25,8.047999877929687,8.070999755859376,8.01,8.015999755859376,7.496784220354024,1574674,0.0,0.0,0.0,True
2024-06-26,8.045999755859375,8.067000122070313,7.970999755859375,7.992999877929687,7.475272898446873,5791954,0.0,0.0,0.0,True
2024-06-27,7.992000122070313,8.022000122070313,7.954000244140625,7.954000244140625,7.438799041293892,5603350,0.0,0.0,0.0,True
2024-06-28,7.989000244140625,8.012000122070313,7.934000244140625,7.939000244140625,7.424771557401279,2168518,0.0,0.0,0.0,True
2024-07-01,7.984000244140625,8.002000122070312,7.940999755859375,7.942000122070312,7.427577282659057,1589932,0.0,0.0,0.0,True
2024-07-02,7.914000244140625,7.937000122070312,7.867999877929687,7.892000122070312,7.380816147026317,2257565,0.0,0.0,0.0,True
2024-07-03,7.949000244140625,7.962000122070313,7.9190002441406255,7.940999755859375,7.426641088909567,3175493,0.0,0.0,0.0,True
2024-07-04,7.975999755859375,8.030999755859375,7.965,8.012000122070313,7.493042872544892,1549136,0.0,0.0,0.0,True
2024-07-05,8.040000000000001,8.054000244140624,7.954000244140625,7.9750000000000005,7.458439118098341,1974980,0.0,0.0,0.0,True
2024-07-08,7.952000122070313,8.009000244140625,7.944000244140625,7.969000244140625,7.452828809979063,2376755,0.0,0.0,0.0,True
2024-07-09,7.967000122070313,7.992000122070313,7.907999877929687,7.914000244140625,7.401391846382115,4779541,0.0,0.0,0.0,True
2024-07-10,7.935999755859375,7.970999755859375,7.915,7.970999755859375,7.454698341487351,2320767,0.0,0.0,0.0,True
2024-07-11,7.987000122070313,8.005999755859374,7.965,7.997000122070313,7.47901481745414,895042,0.0,0.0,0.0,True
2024-07-12,8.047000122070312,8.052000122070313,8.004000244140625,8.025,7.5052008249292195,906107,0.0,0.0,0.0,True
2024-07-15,7.989000244140625,8.025,7.947000122070313,7.954000244140625,7.438799041293892,4036606,0.0,0.0,0.0,True
2024-07-16,7.922000122070313,7.955999755859375,7.900999755859375,7.937999877929688,7.423835934849926,4012603,0.0,0.0,0.0,True
2024-07-17,7.929000244140625,7.980999755859375,7.907999877929687,7.9640002441406255,7.448151839618581,987036,0.0,0.0,0.0,True
2024-07-18,8.027999877929688,8.045,7.98,7.98,7.463116088458823,4943268,0.0,0.0,0.0,True
2024-07-19,7.9320001220703125,7.959000244140626,7.907999877929687,7.927999877929688,7.414484850119656,1704826,0.0,0.0,0.0,True
2024-07-22,7.972999877929688,8.014359741210937,7.955999755859375,7.9720001220703125,7.45563453523684,2633234,0.0,0.0,0.0,True
2024-07-23,7.955,8.002979736328125,7.925,7.937999877929688,7.423835934849926,4752959,0.0,0.0,0.0,True
2024-07-24,7.890999755859375,7.944949951171875,7.882999877929688,7.930000000000001,7.4163532392316664,6561917,0.0,0.0,0.0,True
2024-07-25,7.885,7.967000122070313,7.833699951171875,7.96,7.444411063007587,2749469,0.0,0.0,0.0,True
2024-07-26,7.9750000000000005,8.065,7.944000244140625,8.062999877929688,7.540739630728985,3540498,0.0,0.0,0.0,True
2024-07-29,8.097999877929688,8.141640014648438,8.060999755859376,8.067000122070313,7.54447983614184,2544742,0.0,0.0,0.0,True
2024-07-30,8.054000244140624,8.072000122070312,8.01,8.049000244140625,7.527646626991445,3379801,0.0,0.0,0.0,True
2024-07-31,8.125999755859375,8.170999755859375,8.114000244140625,8.14,7.612751722483593,3817744,0.0,0.0,0.0,True
2024-08-01,8.167999877929688,8.182999877929687,8.042000122070313,8.06,7.537933905471207,4667313,0.0,0.0,0.0,True
2024-08-02,8.009000244140625,8.058599853515625,7.9393798828125,7.954000244140625,7.438799041293892,4359628,0.0,0.0,0.0,True
2024-08-05,7.815,7.835,7.702999877929687,7.795,7.290098458622336,7858391,0.0,0.0,0.0,True
2024-08-06,7.817000122070312,7.957000122070313,7.719000244140625,7.809000244140625,7.303192033558015,3419139,0.0,0.0,0.0,True
2024-08-07,7.857999877929688,7.959000244140626,7.844439697265625,7.947000122070313,7.432253110623262,3425554,0.0,0.0,0.0,True
2024-08-08,7.910999755859375,7.955999755859375,7.865,7.945,7.430382436718698,1201665,0.0,0.0,0.0,True
2024-08-09,7.947000122070313,8.004000244140625,7.939000244140625,7.967999877929688,7.45189261622957,940761,0.0,0.0,0.0,True
2024-08-12,7.997000122070313,8.024000244140625,7.982999877929688,8.01,7.491173341036607,2476625,0.0,0.0,0.0,True
2024-08-13,8.037000122070312,8.045999755859375,7.985999755859376,8.035999755859375,7.515488103408981,5323073,0.0,0.0,0.0,True
2024-08-14,8.077999877929688,8.097999877929688,7.995999755859375,8.079000244140625,7.555703879569229,4114862,0.0,0.0,0.0,True
2024-08-15,8.115,8.187000122070312,8.098779907226563,8.17,7.640808403863237,2090039,0.0,0.0,0.0,True
2024-08-16,8.170999755859375,8.18,8.115999755859375,8.132999877929688,7.606205220614823,2470896,0.0,0.0,0.0,True
2024-08-19,8.115999755859375,8.197999877929687,8.090999755859375,8.180999755859375,7.651095111144859,3789839,0.0,0.0,0.0,True
2024-08-20,8.162999877929687,8.18,8.092999877929687,8.097000122070312,7.572537659917761,5160601,0.0,0.0,0.0,True
2024-08-21,8.102000122070313,8.120999755859375,8.085999755859374,8.109000244140626,7.583761132147012,3724552,0.0,0.0,0.0,True
2024-08-22,8.117000122070312,8.150999755859376,8.097999877929688,8.115,7.589372011464431,1905024,0.0,0.0,0.0,True
2024-08-23,8.139000244140625,8.16,8.125999755859375,8.157000122070313,7.628651593875189,1783176,0.0,0.0,0.0,True
2024-08-27,8.192999877929688,8.227000122070313,8.147999877929688,8.170999755859375,7.64174345521645,2676524,0.0,0.0,0.0,True
2024-08-28,8.187999877929688,8.207999877929687,8.15,8.170999755859375,7.64174345521645,1632575,0.0,0.0,0.0,True
2024-08-29,8.172999877929687,8.224000244140624,8.145,8.215,7.682894282729914,4004150,0.0,0.0,0.0,True
2024-08-30,8.237999877929688,8.249000244140625,8.195999755859376,8.205999755859375,7.674476535758438,2945623,0.0,0.0,0.0,True
2024-09-02,8.217999877929687,8.232000122070312,8.184000244140625,8.195999755859376,7.665124308631888,2103998,0.0,0.0,0.0,True
2024-09-03,8.214000244140625,8.240999755859375,8.089000244140625,8.13,7.603399495357045,3879812,0.0,0.0,0.0,True
2024-09-04,8.065999755859375,8.115,8.030999755859375,8.100999755859375,7.576277865330614,3267759,0.0,0.0,0.0,True
2024-09-05,8.082000122070312,8.124000244140625,8.077000122070313,8.077999877929688,7.554768257017877,1463687,0.0,0.0,0.0,True
2024-09-06,8.062999877929688,8.099000244140624,8.0097802734375,8.022000122070313,7.502395099671441,3574210,0.0,0.0,0.0,True
2024-09-09,8.072000122070312,8.112160034179688,8.057999877929687,8.109000244140626,7.583761132147012,3255932,0.0,0.0,0.0,True
2024-09-10,8.057000122070313,8.093369750976562,8.034000244140625,8.045,7.5239052791823156,11705671,0.0,0.0,0.0,True
2024-09-11,8.052999877929688,8.087999877929688,8.01,8.037000122070312,7.516423725960334,3102900,0.0,0.0,0.0,True
2024-09-12,8.050999755859376,8.062999877929688,7.9760400390625,8.0,7.560558370080715,1709322,0.0837,0.0,0.0,True
2024-09-13,8.004000244140625,8.042999877929688,7.985999755859376,8.027999877929688,7.58701893027206,2324907,0.0,0.0,0.0,True
2024-09-16,8.005,8.045,8.000999755859375,8.032999877929688,7.591744628067921,3524770,0.0,0.0,0.0,True
2024-09-17,8.092999877929687,8.105,8.049000244140625,8.064000244140626,7.621043030963498,3435798,0.0,0.0,0.0,True
2024-09-18,8.055999755859375,8.057000122070313,8.000999755859375,8.007999877929688,7.5681178705362795,4596881,0.0,0.0,0.0,True
2024-09-19,8.085999755859374,8.127999877929687,8.050999755859376,8.084000244140626,7.639943513550063,4427578,0.0,0.0,0.0,True
2024-09-20,8.035,8.052999877929688,7.97780029296875,7.979000244140625,7.540711362776855,5304143,0.0,0.0,0.0,True
2024-09-23,7.982000122070312,8.015999755859376,7.967000122070313,8.012000122070313,7.571897620764061,1422545,0.0,0.0,0.0,True
2024-09-24,8.054000244140624,8.079489746093751,8.014000244140625,8.035,7.59363479175642,4175092,0.0,0.0,0.0,True
2024-09-25,7.997999877929687,8.067999877929688,7.993690185546876,8.022000122070313,7.581349016355778,4115643,0.0,0.0,0.0,True
2024-09-26,8.077000122070313,8.087000122070313,8.015390014648437,8.042000122070313,7.600250076091561,8202617,0.0,0.0,0.0,True
2024-09-27,8.050999755859376,8.092000122070313,8.045,8.077999877929688,7.634273022484561,1644927,0.0,0.0,0.0,True
2024-09-30,8.052000122070313,8.082000122070312,7.991160278320312,7.992999877929687,7.55394135429792,6503768,0.0,0.0,0.0,True
2024-10-01,8.009000244140625,8.049039916992188,7.982999877929688,8.035,7.59363479175642,6264036,0.0,0.0,0.0,True
2024-10-02,8.057000122070313,8.079000244140625,8.024000244140625,8.045999755859375,7.604030403468561,5481695,0.0,0.0,0.0,True
2024-10-03,8.067000122070313,8.091649780273437,8.021519775390626,8.040999755859374,7.599304705672703,3096868,0.0,0.0,0.0,True
2024-10-04,8.020999755859375,8.060999755859376,7.995,8.040999755859374,7.599304705672703,3331979,0.0,0.0,0.0,True
2024-10-07,8.072000122070312,8.082999877929687,8.02,8.060999755859376,7.618205765408486,5232980,0.0,0.0,0.0,True
2024-10-08,7.995,8.0,7.947999877929687,7.9509997558593755,7.514249071137855,7239844,0.0,0.0,0.0,True
2024-10-09,7.965999755859375,8.00760009765625,7.947999877929687,8.005999755859374,7.566227129698561,5488349,0.0,0.0,0.0,True
2024-10-10,8.02,8.035999755859375,7.982999877929688,8.004000244140625,7.564338120308498,3446543,0.0,0.0,0.0,True
2024-10-11,8.000999755859375,8.029000244140626,7.9750000000000005,8.02,7.579458852667279,3964957,0.0,0.0,0.0,True
2024-10-14,8.005999755859374,8.055,8.0,8.055,7.61253642864142,4032437,0.0,0.0,0.0,True
2024-10-15,8.057999877929687,8.065999755859375,8.005,8.01,7.570008611373997,6448264,0.0,0.0,0.0,True
2024-10-16,8.049000244140625,8.107999877929688,8.037739868164063,8.092000122070313,7.647504168304063,5578559,0.0,0.0,0.0,True
2024-10-17,8.099000244140624,8.157000122070313,8.085,8.145999755859375,7.698538010744346,3025844,0.0,0.0,0.0,True
2024-10-18,8.117999877929687,8.140999755859376,8.079000244140625,8.120000000000001,7.673964728495409,3528171,0.0,0.0,0.0,True
2024-10-21,8.120999755859375,8.15364990234375,8.079000244140625,8.079000244140625,7.63521839290342,5723490,0.0,0.0,0.0,True
2024-10-22,8.06,8.082000122070312,8.015999755859376,8.069000244140625,7.625768151610139,6470028,0.0,0.0,0.0,True
2024-10-23,8.055999755859375,8.087000122070313,8.018790283203126,8.022999877929688,7.58229380962542,5308326,0.0,0.0,0.0,True
2024-10-24,8.054000244140624,8.105999755859376,8.035999755859375,8.035999755859375,7.594579585026062,4455812,0.0,0.0,0.0,True
2024-10-25,8.035999755859375,8.05,8.0164501953125,8.022000122070313,7.581349016355778,2808488,0.0,0.0,0.0,True
2024-10-28,8.03,8.065,7.98208984375,8.057000122070313,7.614426015180704,7426203,0.0,0.0,0.0,True
2024-10-29,8.090999755859375,8.095,7.985999755859376,7.989000244140625,7.5501627583685735,6690972,0.0,0.0,0.0,True
2024-10-30,7.955,7.979299926757813,7.927000122070313,7.932999877929688,7.497237020792137,5130653,0.0,0.0,0.0,True
2024-10-31,7.900999755859375,7.902000122070313,7.849299926757813,7.882999877929688,7.449984082878072,8580241,0.0,0.0,0.0,True
2024-11-01,7.9029998779296875,7.977000122070312,7.9,7.9509997558593755,7.514249071137855,2826367,0.0,0.0,0.0,True
2024-11-04,7.947999877929687,8.014000244140625,7.947999877929687,7.962999877929688,7.525589476119639,2522743,0.0,0.0,0.0,True
2024-11-05,7.955999755859375,7.9909997558593755,7.917000122070313,7.947000122070313,7.510469320910075,3265500,0.0,0.0,0.0,True
2024-11-06,8.01,8.074000244140626,7.9225,7.9429998779296875,7.506687839234638,6079845,0.0,0.0,0.0,True
2024-11-07,7.977999877929688,7.984580078125,7.9320001220703125,7.9320001220703125,7.496292804671714,4100881,0.0,0.0,0.0,True
2024-11-08,7.942000122070312,7.95,7.852999877929688,7.8659997558593755,7.433917402951214,3980753,0.0,0.0,0.0,True
2024-11-11,7.9,7.94,7.897999877929688,7.9190002441406255,7.484006452121855,2157483,0.0,0.0,0.0,True
2024-11-12,7.895999755859375,7.895999755859375,7.814299926757813,7.820999755859376,7.39138958568379,3531251,0.0,0.0,0.0,True
2024-11-13,7.83,7.850999755859375,7.787000122070313,7.820999755859376,7.39138958568379,2867300,0.0,0.0,0.0,True
2024-11-14,7.824000244140625,7.882000122070313,7.812000122070312,7.867999877929687,7.435808720938149,2483103,0.0,0.0,0.0,True
2024-11-15,7.830999755859375,7.890999755859375,7.827999877929687,7.862000122070313,7.4301388070218675,2217483,0.0,0.0,0.0,True
2024-11-18,7.872000122070313,7.9059997558593755,7.853499755859375,7.9059997558593755,7.471720676721214,1953257,0.0,0.0,0.0,True
2024-11-19,7.922999877929688,7.944000244140625,7.8500000000000005,7.895999755859375,7.462269281129497,2105427,0.0,0.0,0.0,True
2024-11-20,7.912000122070313,7.927000122070313,7.872999877929687,7.882000122070313,7.44903986675765,5109467,0.0,0.0,0.0,True
2024-11-21,7.899000244140625,7.955,7.869329833984375,7.949000244140625,7.512359484598573,1975008,0.0,0.0,0.0,True
2024-11-22,8.005999755859374,8.075,7.974000244140625,8.060999755859376,7.618205765408486,4046854,0.0,0.0,0.0,True
2024-11-25,8.087999877929688,8.102919921875,8.06468017578125,8.084000244140626,7.639943513550063,2339788,0.0,0.0,0.0,True
2024-11-26,8.062999877929688,8.082999877929687,8.042999877929688,8.059000244140625,7.616317333167638,4899635,0.0,0.0,0.0,True
2024-11-27,8.062999877929688,8.077999877929688,8.035999755859375,8.072999877929687,7.629547324688704,4828339,0.0,0.0,0.0,True
2024-11-28,8.085,8.104000244140625,8.071240234375,8.085999755859374,7.641833677238562,2407693,0.0,0.0,0.0,True
2024-11-29,8.069000244140625,8.094000244140625,8.055999755859375,8.085999755859374,7.641833677238562,2924285,0.0,0.0,0.0,True
2024-12-02,8.087000122070313,8.134030151367188,8.070999755859376,8.115,7.669240762147204,4431856,0.0,0.0,0.0,True
2024-12-03,8.127999877929687,8.194000244140625,8.125999755859375,8.165000000000001,7.716494277210486,8654116,0.0,0.0,0.0,True
2024-12-04,8.159000244140625,8.162999877929687,8.126890258789063,8.142999877929688,7.6957018994877675,2477199,0.0,0.0,0.0,True
2024-12-05,8.14,8.157000122070313,8.119000244140626,8.157000122070313,7.7089336224564855,2670434,0.0,0.0,0.0,True
2024-12-06,8.159000244140625,8.177000122070313,8.112000122070313,8.115,7.669240762147204,3169826,0.0,0.0,0.0,True
2024-12-09,8.147999877929688,8.179000244140624,8.132000122070313,8.157000122070313,7.7089336224564855,1790498,0.0,0.0,0.0,True
2024-12-10,8.125999755859375,8.132999877929688,8.08,8.085,7.640888306819704,3172234,0.0,0.0,0.0,True
2024-12-11,8.057999877929687,8.117999877929687,8.052000122070313,8.1,7.655064245908846,4204826,0.0,0.0,0.0,True
2024-12-12,8.07,8.080999755859375,8.05,8.057999877929687,7.662576459805143,3180970,0.0499,0.0,0.0,True
2024-12-13,8.059000244140625,8.08177001953125,8.032000122070313,8.047999877929687,7.653067644869057,2213207,0.0,0.0,0.0,True
2024-12-16,8.047000122070312,8.065999755859375,8.002000122070312,8.01,7.6169324060389565,1995404,0.0,0.0,0.0,True
2024-12-17,7.962999877929688,7.975999755859375,7.939000244140625,7.947999877929687,7.557974269289282,2598973,0.0,0.0,0.0,True
2024-12-18,7.962999877929688,7.984000244140625,7.942000122070312,7.95,7.559877193658476,1750576,0.0,0.0,0.0,True
2024-12-19,7.869000244140625,7.889000244140625,7.84,7.867999877929687,7.481900846345638,3549354,0.0,0.0,0.0,True
2024-12-20,7.855,7.875,7.775,7.855,7.469537354510264,3906700,0.0,0.0,0.0,True
2024-12-23,7.840999755859375,7.8790002441406255,7.817000122070312,7.867000122070313,7.480949674506534,4422673,0.0,0.0,0.0,True
2024-12-24,7.904000244140625,7.917999877929688,7.8790002441406255,7.897000122070312,7.509477280696774,747154,0.0,0.0,0.0,True
2024-12-27,7.892999877929688,7.916749877929687,7.864000244140625,7.912000122070313,7.5237419548283775,1296041,0.0,0.0,0.0,True
2024-12-30,7.88,7.912000122070313,7.857999877929688,7.887999877929688,7.500919056908802,1102117,0.0,0.0,0.0,True
2024-12-31,7.857999877929688,7.945,7.852999877929688,7.930999755859375,7.54180841286145,1695470,0.0,0.0,0.0,True
2025-01-02,7.972999877929688,8.099000244140624,7.782000122070313,8.020999755859375,7.627392392814148,1916181,0.0,0.0,0.0,True
2025-01-03,8.014000244140625,8.040000000000001,7.995999755859375,7.997999877929687,7.605520666733674,3914325,0.0,0.0,0.0,True
2025-01-06,7.997999877929687,8.035,7.962000122070313,8.032999877929688,7.638803551428443,3283876,0.0,0.0,0.0,True
2025-01-07,8.012000122070313,8.037999877929687,7.976400146484375,8.027999877929688,7.6340482729239145,5697974,0.0,0.0,0.0,True
2025-01-08,8.03,8.05030029296875,7.9750000000000005,8.029000244140626,7.634999444763019,3883370,0.0,0.0,0.0,True
2025-01-09,8.034000244140625,8.093499755859375,8.022999877929688,8.087000122070313,7.69015347484727,4621251,0.0,0.0,0.0,True
2025-01-10,8.072999877929687,8.097000122070312,8.019000244140624,8.019000244140624,7.625491210517919,2011640,0.0,0.0,0.0,True
2025-01-13,8.009000244140625,8.015999755859376,7.962999877929688,7.989000244140625,7.596963604327678,4521059,0.0,0.0,0.0,True
2025-01-14,7.9879998779296875,8.010999755859375,7.960999755859375,7.970999755859375,7.579845995369754,4586348,0.0,0.0,0.0,True
2025-01-15,7.997999877929687,8.072999877929687,7.997000122070313,8.064000244140626,7.6682834908397615,3495049,0.0,0.0,0.0,True
2025-01-16,8.110999755859375,8.157000122070313,8.109140014648437,8.157000122070313,7.756718663545816,3015475,0.0,0.0,0.0,True
2025-01-17,8.230999755859376,8.289630126953124,8.217000122070313,8.262000122070313,7.85656557555715,4627755,0.0,0.0,0.0,True
2025-01-20,8.26,8.302999877929688,8.255,8.282999877929688,7.87653495795942,4471406,0.0,0.0,0.0,True
2025-01-21,8.290000000000001,8.314000244140626,8.275,8.31,7.9022113713963025,2773619,0.0,0.0,0.0,True
2025-01-22,8.317999877929688,8.34625,8.287999877929687,8.305,7.897455512200788,3106165,0.0,0.0,0.0,True
2025-01-23,8.300999755859376,8.332999877929687,8.292000122070313,8.324000244140626,7.915523712306826,1573368,0.0,0.0,0.0,True
2025-01-24,8.345999755859376,8.355999755859376,8.261480102539062,8.270999755859375,7.865123799345124,2360047,0.0,0.0,0.0,True
2025-01-27,8.244000244140626,8.282999877929688,8.232000122070312,8.270999755859375,7.865123799345124,2095019,0.0,0.0,0.0,True
2025-01-28,8.285999755859375,8.34,8.282100219726562,8.297000122070312,7.889848460251919,2460930,0.0,0.0,0.0,True
2025-01-29,8.3,8.349000244140624,8.289000244140626,8.322000122070312,7.913621949319609,1058802,0.0,0.0,0.0,True
2025-01-30,8.33,8.42,8.31875,8.410999755859375,7.998253596051228,1849328,0.0,0.0,0.0,True
2025-01-31,8.430999755859375,8.454609985351563,8.422999877929687,8.432999877929687,8.019173569601607,3700944,0.0,0.0,0.0,True
2025-02-03,8.337000122070313,8.354099731445313,8.267000122070312,8.35,7.940247211831644,2841833,0.0,0.0,0.0,True
2025-02-04,8.329000244140625,8.349000244140624,8.290999755859374,8.332999877929687,7.924081936094801,2031598,0.0,0.0,0.0,True
2025-02-05,8.325999755859375,8.403200073242187,8.315,8.387000122070313,7.9754324402046155,2435679,0.0,0.0,0.0,True
2025-02-06,8.442999877929688,8.527999877929688,8.440999755859375,8.487999877929688,8.071475245550527,3852398,0.0,0.0,0.0,True
2025-02-07,8.477000122070313,8.494000244140626,8.445,8.465,8.049604100161044,1822402,0.0,0.0,0.0,True
2025-02-10,8.472000122070312,8.545999755859375,8.47,8.530999755859375,8.112364601503177,1623381,0.0,0.0,0.0,True
2025-02-11,8.542999877929688,8.550999755859376,8.507999877929688,8.537000122070312,8.118071051846806,4435655,0.0,0.0,0.0,True
2025-02-12,8.547000122070314,8.569000244140625,8.520999755859375,8.565,8.144697475740816,1152008,0.0,0.0,0.0,True
2025-02-13,8.560999755859376,8.565999755859375,8.496669921875,8.534000244140625,8.115218697711475,1129328,0.0,0.0,0.0,True
2025-02-14,8.527000122070312,8.529000244140626,8.484000244140626,8.497000122070313,8.0800334693385,2658661,0.0,0.0,0.0,True
2025-02-17,8.502000122070312,8.537000122070312,8.499000244140625,8.537000122070312,8.118071051846806,822059,0.0,0.0,0.0,True
2025-02-18,8.552999877929688,8.554000244140624,8.524000244140625,8.527999877929688,8.109512828058834,2311602,0.0,0.0,0.0,True
2025-02-19,8.537000122070312,8.540000000000001,8.462000122070313,8.475,8.059114076479107,3692023,0.0,0.0,0.0,True
2025-02-20,8.482000122070312,8.485999755859375,8.432100219726562,8.445,8.030585308906891,3398048,0.0,0.0,0.0,True
2025-02-21,8.432999877929687,8.469000244140625,8.420999755859375,8.447000122070312,8.032487652585097,1262477,0.0,0.0,0.0,True
2025-02-24,8.445,8.471400146484376,8.397000122070313,8.439000244140626,8.024880600636227,1994315,0.0,0.0,0.0,True
2025-02-25,8.412999877929687,8.492000122070312,8.41,8.449000244140626,8.034389996263304,2969326,0.0,0.0,0.0,True
2025-02-26,8.494000244140626,8.519000244140624,8.480349731445312,8.514000244140625,8.096199906457322,2661390,0.0,0.0,0.0,True
2025-02-27,8.5,8.557000122070313,8.490989990234375,8.542999877929688,8.123776340808458,2574023,0.0,0.0,0.0,True
2025-02-28,8.502000122070312,8.595900268554688,8.500999755859375,8.592000122070313,8.17037214710474,2870693,0.0,0.0,0.0,True
2025-03-03,8.625,8.690999755859375,8.605999755859376,8.654000244140626,8.229330283854413,2337733,0.0,0.0,0.0,True
2025-03-04,8.592000122070313,8.634749755859374,8.529000244140626,8.545,8.125678684486664,3472361,0.0,0.0,0.0,True
2025-03-05,8.58,8.615999755859375,8.517000122070312,8.534000244140625,8.115218697711475,1912058,0.0,0.0,0.0,True
2025-03-06,8.565,8.575000000000001,8.457999877929687,8.49,8.073378169919721,2804423,0.0,0.0,0.0,True
2025-03-07,8.459000244140626,8.510999755859375,8.437999877929688,8.494000244140626,8.07718169589416,2774752,0.0,0.0,0.0,True
2025-03-10,8.51,8.520999755859375,8.405999755859375,8.414000244140626,8.001107111568539,1452552,0.0,0.0,0.0,True
2025-03-11,8.432000122070313,8.432000122070313,8.297000122070312,8.314000244140626,7.906014316679751,2105498,0.0,0.0,0.0,True
2025-03-12,8.332999877929687,8.390399780273437,8.318900146484376,8.362000122070313,7.951659531827913,3350908,0.0,0.0,0.0,True
2025-03-13,8.302000122070313,8.359000244140626,8.289979858398437,8.329000244140625,7.965526875887116,4749639,0.0475,0.0,0.0,True
2025-03-14,8.330999755859375,8.436199951171876,8.320999755859376,8.419000244140625,8.051598993585069,1542787,0.0,0.0,0.0,True
2025-03-17,8.427999877929688,8.472000122070312,8.409500122070312,8.465,8.095591603955784,2467617,0.0,0.0,0.0,True
2025-03-18,8.49,8.505999755859374,8.470999755859376,8.487999877929688,8.117587617153498,2963472,0.0,0.0,0.0,True
2025-03-19,8.467999877929687,8.505,8.449000244140626,8.492000122070312,8.121412655289882,2196792,0.0,0.0,0.0,True
2025-03-20,8.497000122070313,8.529000244140626,8.452899780273437,8.49,8.119501304172266,1828063,0.0,0.0,0.0,True
2025-03-21,8.465,8.479000244140625,8.404000244140626,8.429000244140624,8.061162756876604,1613538,0.0,0.0,0.0,True
2025-03-24,8.475999755859375,8.494000244140626,8.402999877929688,8.427000122070313,8.059250237808415,3606491,0.0,0.0,0.0,True
2025-03-25,8.444000244140625,8.502999877929687,8.43656005859375,8.454000244140625,8.085071289142512,2813758,0.0,0.0,0.0,True
2025-03-26,8.475999755859375,8.502000122070312,8.442999877929688,8.477999877929687,8.108023853861965,2915672,0.0,0.0,0.0,True
2025-03-27,8.450999755859375,8.460999755859374,8.412000122070312,8.460999755859374,8.091766565819402,5737133,0.0,0.0,0.0,True
2025-03-28,8.427999877929688,8.489000244140625,8.425999755859376,8.452999877929688,8.084115905571347,2248772,0.0,0.0,0.0,True
2025-03-31,8.394000244140624,8.397000122070313,8.325999755859375,8.349000244140624,7.98465440247019,5201777,0.0,0.0,0.0,True
2025-04-01,8.43,8.464000244140625,8.382000122070313,8.425,8.057337134764934,2567617,0.0,0.0,0.0,True
2025-04-02,8.400999755859376,8.417000122070313,8.342849731445312,8.400999755859376,8.034384570045479,3421173,0.0,0.0,0.0,True
2025-04-03,8.285999755859375,8.332000122070312,8.252999877929687,8.274000244140625,7.9129276377218964,5598716,0.0,0.0,0.0,True
2025-04-04,8.234000244140626,8.235,7.8259997558593755,7.867999877929687,7.524644220658225,8162852,0.0,0.0,0.0,True
2025-04-07,7.362000122070313,7.804000244140625,7.305999755859375,7.527000122070312,7.198524973001887,8645562,0.0,0.0,0.0,True
2025-04-08,7.595,7.807999877929688,7.585,7.730999755859375,7.393622941067818,5000992,0.0,0.0,0.0,True
2025-04-09,7.567000122070312,7.62405029296875,7.425,7.512999877929688,7.185136171573968,4739752,0.0,0.0,0.0,True
2025-04-10,7.9640002441406255,7.9879998779296875,7.7540002441406255,7.7540002441406255,7.415618954265533,5892367,0.0,0.0,0.0,True
2025-04-11,7.815999755859375,7.842000122070313,7.702000122070313,7.812000122070312,7.471088430971263,3005622,0.0,0.0,0.0,True
2025-04-14,7.9190002441406255,7.997999877929687,7.902000122070313,7.977000122070312,7.628887897392794,3298386,0.0,0.0,0.0,True
2025-04-15,7.982999877929688,8.098699951171875,7.98,8.092000122070313,7.738869131331938,1820759,0.0,0.0,0.0,True
2025-04-16,8.067999877929688,8.124000244140625,8.015999755859376,8.115,7.760865144529652,2622036,0.0,0.0,0.0,True
2025-04-17,8.087000122070313,8.145999755859375,8.045,8.125,7.770428907821189,1550826,0.0,0.0,0.0,True
2025-04-22,8.145,8.189000244140626,8.107999877929688,8.182000122070313,7.824941833005176,7066046,0.0,0.0,0.0,True
2025-04-23,8.277000122070312,8.315,8.237000122070313,8.252999877929687,7.892842975641799,4285079,0.0,0.0,0.0,True
2025-04-24,8.245000000000001,8.267999877929688,8.212999877929688,8.259000244140625,7.8985817007969485,2858450,0.0,0.0,0.0,True
2025-04-25,8.284000244140625,8.294000244140625,8.248790283203125,8.264000244140625,7.903363874430362,1729667,0.0,0.0,0.0,True
2025-04-28,8.290000000000001,8.307000122070313,8.267999877929688,8.267999877929688,7.907187744616168,2068764,0.0,0.0,0.0,True
2025-04-29,8.279000244140626,8.322999877929687,8.255040283203126,8.315999755859375,7.953093458030364,4036462,0.0,0.0,0.0,True
2025-04-30,8.330999755859375,8.345,8.282020263671875,8.33,7.966482843433573,2757552,0.0,0.0,0.0,True
2025-05-01,8.352000122070313,8.357999877929688,8.312999877929688,8.345,7.980827612407944,2313973,0.0,0.0,0.0,True
2025-05-02,8.414000244140626,8.474000244140624,8.395,8.440999755859375,8.072639039236332,3070466,0.0,0.0,0.0,True
2025-05-06,8.485,8.499000244140625,8.415999755859374,8.447000122070312,8.078377180416195,2742431,0.0,0.0,0.0,True
2025-05-07,8.432999877929687,8.437000122070312,8.384000244140625,8.414000244140626,8.046817403926946,2093777,0.0,0.0,0.0,True
2025-05-08,8.442999877929688,8.464000244140625,8.372999877929688,8.387999877929687,8.021951736164015,3395954,0.0,0.0,0.0,True
2025-05-09,8.434000244140625,8.442000122070313,8.405,8.412999877929687,8.04586026842992,2071669,0.0,0.0,0.0,True
2025-05-12,8.464000244140625,8.5,8.40427001953125,8.459000244140626,8.089853462775922,3943382,0.0,0.0,0.0,True
2025-05-13,8.444000244140625,8.477119750976563,8.440750122070312,8.454000244140625,8.085071289142512,4153182,0.0,0.0,0.0,True
2025-05-14,8.445999755859376,8.467999877929687,8.41281982421875,8.44,8.071682487714593,3224984,0.0,0.0,0.0,True
2025-05-15,8.422000122070312,8.509000244140625,8.41,8.505999755859374,8.134802040693089,6584884,0.0,0.0,0.0,True
2025-05-16,8.545999755859375,8.57,8.502999877929687,8.554000244140624,8.180708338082574,1417277,0.0,0.0,0.0,True
2025-05-19,8.530999755859375,8.569000244140625,8.485,8.569000244140625,8.195053107056944,2145130,0.0,0.0,0.0,True
2025-05-20,8.597999877929688,8.657000122070313,8.584920043945313,8.647999877929688,8.270605493916907,2026819,0.0,0.0,0.0,True
2025-05-21,8.63,8.664000244140626,8.627000122070312,8.650999755859376,8.273473980531552,1270711,0.0,0.0,0.0,True
2025-05-22,8.609000244140626,8.644000244140626,8.514000244140625,8.609000244140626,8.233307576247796,3411937,0.0,0.0,0.0,True
2025-05-23,8.625,8.650999755859376,8.477999877929687,8.585,8.210354427553055,1799470,0.0,0.0,0.0,True
2025-05-27,8.652000122070312,8.692999877929688,8.637000122070313,8.647000122070313,8.269649526370458,1461496,0.0,0.0,0.0,True
2025-05-28,8.642000122070312,8.667999877929688,8.599530029296876,8.6,8.224700364478,1397610,0.0,0.0,0.0,True
2025-05-29,8.647999877929688,8.65,8.591430053710937,8.602999877929689,8.22757001904322,2870814,0.0,0.0,0.0,True
2025-05-30,8.620999755859375,8.676680297851563,8.612999877929688,8.657999877929688,8.280168673233153,1690884,0.0,0.0,0.0,True
2025-06-02,8.639000244140625,8.682000122070313,8.619030151367188,8.659000244140625,8.281125808730183,1622008,0.0,0.0,0.0,True
2025-06-03,8.692000122070313,8.699000244140626,8.629000244140625,8.675999755859376,8.29738368074803,2208283,0.0,0.0,0.0,True
2025-06-04,8.702000122070313,8.712000122070313,8.67,8.69,8.31077306615124,1510092,0.0,0.0,0.0,True
2025-06-05,8.687999877929688,8.727999877929689,8.67593994140625,8.702999877929688,8.323205316057418,1795157,0.0,0.0,0.0,True
2025-06-06,8.707000122070312,8.744000244140626,8.695999755859376,8.73,8.34902753534209,2829642,0.0,0.0,0.0,True
2025-06-09,8.734000244140626,8.747000122070313,8.699000244140626,8.725999755859375,8.34520191323042,2807111,0.0,0.0,0.0,True
2025-06-10,8.745000000000001,8.799949951171875,8.74,8.747000122070313,8.365284823384656,1777653,0.0,0.0,0.0,True
2025-06-11,8.762000122070313,8.782999877929688,8.745000000000001,8.757999877929688,8.37580513819793,1687858,0.0,0.0,0.0,True
2025-06-12,8.619000244140626,8.67,8.610999755859375,8.657000122070313,8.391120113887338,1923608,0.1168,0.0,0.0,True
2025-06-13,8.612000122070313,8.655999755859375,8.592999877929687,8.624000244140625,8.359134467068058,1844407,0.0,0.0,0.0,True
2025-06-16,8.629000244140625,8.692000122070313,8.629000244140625,8.64,8.374642910527623,2939714,0.0,0.0,0.0,True
2025-06-17,8.597999877929688,8.627999877929687,8.575000000000001,8.604000244140625,8.339748025058901,5563194,0.0,0.0,0.0,True
2025-06-18,8.617000122070312,8.63,8.59135009765625,8.612999877929688,8.348471598478632,3402741,0.0,0.0,0.0,True
2025-06-19,8.587999877929688,8.610999755859375,8.565999755859375,8.569000244140625,8.305823083069923,3978347,0.0,0.0,0.0,True
2025-06-20,8.592999877929687,8.622999877929688,8.55,8.552000122070313,8.289345287920408,3233590,0.0,0.0,0.0,True
2025-06-23,8.522000122070313,8.565999755859375,8.51,8.544000244140625,8.281590474400828,1251551,0.0,0.0,0.0,True
2025-06-24,8.602000122070313,8.62573974609375,8.545,8.547999877929687,8.285468472950418,1703347,0.0,0.0,0.0,True
2025-06-25,8.557999877929687,8.579000244140625,8.505,8.507999877929688,8.246696180721901,2089375,0.0,0.0,0.0,True
2025-06-26,8.500999755859375,8.55,8.487000122070313,8.530999755859375,8.268989494221305,2879265,0.0,0.0,0.0,True
2025-06-27,8.552999877929688,8.592000122070313,8.545,8.592000122070313,8.328116988359124,3673671,0.0,0.0,0.0,True
2025-06-30,8.594000244140625,8.609000244140626,8.542999877929688,8.542999877929688,8.280621714500679,7299291,0.0,0.0,0.0,True
2025-07-01,8.56,8.575000000000001,8.51,8.567999877929688,8.304853731379975,2477480,0.0,0.0,0.0,True
2025-07-02,8.604000244140625,8.612000122070313,8.525,8.557999877929687,8.295161398060094,4189000,0.0,0.0,0.0,True
2025-07-03,8.587000122070313,8.625999755859375,8.57947021484375,8.602000122070313,8.337810505258602,8217148,0.0,0.0,0.0,True
2025-07-04,8.57,8.608079833984375,8.550999755859376,8.600999755859375,8.336840561778857,1636049,0.0,0.0,0.0,True
2025-07-07,8.599000244140624,8.61718017578125,8.579000244140625,8.585999755859374,8.322300878219437,2357229,0.0,0.0,0.0,True
2025-07-08,8.592999877929687,8.635999755859375,8.580999755859375,8.632999877929688,8.367857448697988,1808438,0.0,0.0,0.0,True
2025-07-09,8.655,8.67,8.635999755859375,8.65,8.3843352438475,1614661,0.0,0.0,0.0,True
2025-07-10,8.704000244140625,8.757999877929688,8.700000000000001,8.755999755859376,8.48707942150438,2320120,0.0,0.0,0.0,True
2025-07-11,8.755999755859376,8.764000244140625,8.695999755859376,8.722999877929688,8.455093774685098,1919543,0.0,0.0,0.0,True
2025-07-14,8.712000122070313,8.775,8.705999755859375,8.772999877929688,8.503557808443695,1883511,0.0,0.0,0.0,True
2025-07-15,8.782999877929688,8.792000122070313,8.712000122070313,8.712000122070313,8.444431497885471,1916126,0.0,0.0,0.0,True
2025-07-16,8.700000000000001,8.747000122070313,8.694000244140625,8.702999877929688,8.43570792446574,1390616,0.0,0.0,0.0,True
2025-07-17,8.747999877929688,8.755,8.717000122070313,8.745000000000001,8.476417736494552,3504722,0.0,0.0,0.0,True
2025-07-18,8.774000244140625,8.785999755859375,8.740999755859375,8.762000122070313,8.492895531644068,2586114,0.0,0.0,0.0,True
2025-07-21,8.771900024414062,8.782999877929688,8.745000000000001,8.782999877929688,8.513250733553372,1848527,0.0,0.0,0.0,True
2025-07-22,8.78,8.802000122070313,8.764000244140625,8.790000000000001,8.520036195383007,2103862,0.0,0.0,0.0,True
2025-07-23,8.832999877929687,8.847999877929688,8.817239990234375,8.827000122070313,8.55589984075188,1314322,0.0,0.0,0.0,True
2025-07-24,8.879000244140625,8.927000122070313,8.867000122070312,8.904000244140626,8.630534594769667,3808792,0.0,0.0,0.0,True
2025-07-25,8.905999755859375,8.909000244140625,8.862999877929688,8.887000122070313,8.614056799620151,2250086,0.0,0.0,0.0,True
2025-07-28,8.940999755859375,8.944000244140625,8.829149780273438,8.852999877929689,8.581100617531325,1646276,0.0,0.0,0.0,True
2025-07-29,8.867999877929687,8.932999877929687,8.855999755859376,8.902999877929688,8.62956524307972,2664003,0.0,0.0,0.0,True
2025-07-30,8.884000244140625,8.912000122070312,8.860999755859375,8.902000122070312,8.628595891389773,3548327,0.0,0.0,0.0,True
2025-07-31,8.917999877929688,8.98,8.894000244140626,8.902999877929688,8.62956524307972,5262698,0.0,0.0,0.0,True
2025-08-01,8.865999755859375,8.875999755859375,8.802999877929688,8.842999877929687,8.571407692421646,5268446,0.0,0.0,0.0,True
2025-08-04,8.870000000000001,8.9,8.83906005859375,8.895,8.621811021349936,2340915,0.0,0.0,0.0,True
2025-08-05,8.949000244140626,8.959000244140626,8.9,8.912000122070312,8.638288816499452,1736415,0.0,0.0,0.0,True
2025-08-06,8.949000244140626,8.955999755859375,8.920999755859375,8.932999877929687,8.658644018408758,1226665,0.0,0.0,0.0,True
2025-08-07,8.934000244140625,8.942999877929688,8.85,8.890999755859376,8.617933614590147,2644609,0.0,0.0,0.0,True
2025-08-08,8.907999877929688,8.92,8.8714501953125,8.885999755859375,8.613087447930205,1185317,0.0,0.0,0.0,True
2025-08-11,8.904000244140626,8.927999877929688,8.895,8.914000244140626,8.640227519879346,2168326,0.0,0.0,0.0,True
2025-08-12,8.944000244140625,8.955,8.91,8.937000122070312,8.662520833378752,2552616,0.0,0.0,0.0,True
2025-08-13,8.960999755859374,8.974000244140624,8.934000244140625,8.955999755859375,8.680936148328563,2465238,0.0,0.0,0.0,True
2025-08-14,8.965999755859375,8.999000244140625,8.955999755859375,8.994000244140626,8.71777032896698,4169481,0.0,0.0,0.0,True
2025-08-15,9.035999755859375,9.049000244140625,8.94947998046875,8.959000244140626,8.683845386978003,2114497,0.0,0.0,0.0,True
2025-08-18,8.982999877929688,8.99,8.945700073242188,8.972000122070312,8.696445775367726,1690202,0.0,0.0,0.0,True
2025-08-19,8.982999877929688,9.014000244140625,8.971119995117188,9.01,8.733278772426544,1949614,0.0,0.0,0.0,True
2025-08-20,9.0,9.115999755859375,8.982000122070312,9.102000122070313,8.82245380179355,2581274,0.0,0.0,0.0,True
2025-08-21,9.11,9.157999877929688,9.074000244140626,9.13,8.849593873742693,1776296,0.0,0.0,0.0,True
2025-08-22,9.112999877929688,9.171920166015624,9.102000122070313,9.137000122070313,8.856378151992729,1779412,0.0,0.0,0.0,True
2025-08-26,9.094000244140625,9.105999755859376,9.052000122070313,9.082000122070312,8.803067951574192,3300528,0.0,0.0,0.0,True
2025-08-27,9.104000244140625,9.132999877929688,9.047319946289063,9.074000244140626,8.795313729844409,2763193,0.0,0.0,0.0,True
2025-08-28,9.087999877929688,9.090999755859375,9.03,9.044000244140625,8.766234362725577,2543076,0.0,0.0,0.0,True
2025-08-29,9.034000244140625,9.049000244140625,9.004149780273437,9.014000244140625,8.737156770976135,2146744,0.0,0.0,0.0,True
2025-09-01,9.029000244140626,9.052999877929688,8.975,9.02,8.742971697536225,1607034,0.0,0.0,0.0,True
2025-09-02,9.009000244140625,9.017999877929688,8.936840209960938,8.945999755859376,8.67124381500868,1876379,0.0,0.0,0.0,True
2025-09-03,8.957000122070312,9.007999877929688,8.935999755859376,9.007000122070313,8.7303713091465,2062401,0.0,0.0,0.0,True
2025-09-04,9.000999755859375,9.085999755859374,8.984000244140626,9.045,8.767203714415524,1778928,0.0,0.0,0.0,True
2025-09-05,9.065,9.080999755859375,9.022999877929688,9.035999755859375,8.758480140995792,2294022,0.0,0.0,0.0,True
2025-09-08,9.057999877929687,9.060999755859376,9.015,9.029000244140626,8.751696454535553,1663569,0.0,0.0,0.0,True
2025-09-09,9.062999877929688,9.075999755859375,9.047999877929687,9.06,8.78174339797494,3285116,0.0,0.0,0.0,True
2025-09-10,9.077999877929688,9.109000244140626,9.037999877929687,9.042999877929688,8.765265602825426,2708646,0.0,0.0,0.0,True
2025-09-11,9.000999755859375,9.04739990234375,8.998040161132813,9.045,8.839243697046836,2170011,0.073700004,0.0,0.0,True
2025-09-12,9.055999755859375,9.085,9.029000244140626,9.03,8.824585138747707,2977478,0.0,0.0,0.0,True
2025-09-15,9.042000122070313,9.047999877929687,9.010999755859375,9.025999755859376,8.820676189867942,1668698,0.0,0.0,0.0,True
2025-09-16,9.025999755859376,9.027999877929688,8.940999755859375,8.940999755859375,8.737609832965058,4545923,0.0,0.0,0.0,True
2025-09-17,8.964000244140625,8.992999877929687,8.947999877929687,8.955999755859375,8.752267794660263,1796321,0.0,0.0,0.0,True
2025-09-18,8.964000244140625,8.99,8.955999755859375,8.977999877929689,8.773768206706821,3320664,0.0,0.0,0.0,True
2025-09-19,8.987999877929688,8.992999877929687,8.945999755859376,8.96,8.75617734014395,3043238,0.0,0.0,0.0,True
2025-09-22,8.967000122070313,8.972000122070312,8.937000122070312,8.959000244140626,8.75520069952793,12108223,0.0,0.0,0.0,True
2025-09-23,8.977999877929689,9.002000122070312,8.96,8.96,8.75617734014395,3294861,0.0,0.0,0.0,True
2025-09-24,8.957999877929687,9.002999877929687,8.912000122070312,8.982000122070312,8.777677155586588,3118203,0.0,0.0,0.0,True
2025-09-25,8.962999877929688,8.982999877929688,8.939639892578125,8.952999877929688,8.749337276208278,3760626,0.0,0.0,0.0,True
2025-09-26,8.960999755859374,9.029000244140626,8.949000244140626,9.017000122070312,8.811881054888467,4028394,0.0,0.0,0.0,True
2025-09-29,9.05,9.09,9.033300170898437,9.037999877929687,8.832403633111161,3872043,0.0,0.0,0.0,True
2025-09-30,9.03,9.100380249023438,9.005,9.084000244140626,8.8773571418324,4375586,0.0,0.0,0.0,True
2025-10-01,9.100999755859375,9.200000000000001,9.092999877929687,9.182000122070313,8.973127582594527,2250681,0.0,0.0,0.0,True
2025-10-02,9.212000122070313,9.217000122070313,9.160999755859375,9.169000244140625,8.960423498735285,3586653,0.0,0.0,0.0,True
2025-10-03,9.189000244140626,9.235,9.189000244140626,9.224000244140624,9.014172739039918,2428716,0.0,0.0,0.0,True
2025-10-06,9.225999755859375,10.15,9.204000244140625,9.219000244140625,9.00928595633629,1818247,0.0,0.0,0.0,True
2025-10-07,9.230999755859376,9.25,9.217000122070313,9.225,9.01514937965594,2847831,0.0,0.0,0.0,True
2025-10-08,9.247000122070313,9.367999877929687,9.239000244140625,9.289000244140626,9.077693754940048,2720862,0.0,0.0,0.0,True
2025-10-09,9.262000122070313,9.277999877929688,9.244000244140626,9.247999877929688,9.03762643231852,3230204,0.0,0.0,0.0,True
2025-10-10,9.245000000000001,9.264000244140625,9.16,9.175999755859376,8.967263562670958,2093239,0.0,0.0,0.0,True
2025-10-13,9.187999877929688,10.092000122070313,9.11,9.187999877929688,8.978991005914176,2815928,0.0,0.0,0.0,True
2025-10-14,9.157999877929688,9.200000000000001,9.132999877929688,9.195999755859376,8.98680890367371,2538104,0.0,0.0,0.0,True
2025-10-15,9.225,9.229000244140625,9.11,9.165999755859374,8.95749119047154,3241779,0.0,0.0,0.0,True
2025-10-16,9.174000244140625,9.187000122070312,9.137999877929687,9.187000122070312,8.978013768694234,2448587,0.0,0.0,0.0,True
2025-10-17,9.062999877929688,9.137999877929687,9.027000122070312,9.107000122070312,8.89983359789106,3725857,0.0,0.0,0.0,True
2025-10-20,9.135,9.185999755859376,9.12780029296875,9.174000244140625,8.965310281438914,7267954,0.0,0.0,0.0,True
2025-10-21,9.199000244140626,9.209000244140626,9.17093017578125,9.190999755859375,8.981922717574001,5801241,0.0,0.0,0.0,True
2025-10-22,9.24,9.309000244140625,9.23,9.277000122070312,9.065966908300748,4424801,0.0,0.0,0.0,True
2025-10-23,9.3,9.362000122070313,9.284000244140625,9.347000122070312,9.13437411030059,4094687,0.0,0.0,0.0,True
2025-10-24,9.364000244140625,9.406,9.319000244140625,9.406,9.192031856147764,5685981,0.0,0.0,0.0,True
2025-10-27,9.4,9.432000122070313,9.390999755859376,9.409000244140625,9.194964011144812,4123077,0.0,0.0,0.0,True
2025-10-28,9.427000122070313,9.482999877929688,9.406370239257813,9.462000122070313,9.246758180405642,3923572,0.0,0.0,0.0,True
2025-10-29,9.479000244140625,9.540999755859374,9.472999877929688,9.512999877929687,9.29659847183051,1995558,0.0,0.0,0.0,True
2025-10-30,9.495000000000001,9.517000122070312,9.445,9.512000122070313,9.295621234610568,4107612,0.0,0.0,0.0,True
2025-10-31,9.497999877929688,9.507999877929688,9.452000122070313,9.472999877929688,9.257507789825002,4176172,0.0,0.0,0.0,True
2025-11-03,9.484000244140626,9.497000122070313,9.449000244140626,9.455,9.239917519866049,3150325,0.0,0.0,0.0,True
2025-11-04,9.417000122070313,9.467000122070313,9.33,9.467000122070313,9.25164496310927,3592403,0.0,0.0,0.0,True
2025-11-05,9.442000122070313,9.540999755859374,9.429000244140624,9.527000122070312,9.310279792909693,3566718,0.0,0.0,0.0,True
2025-11-06,9.535999755859375,9.544000244140625,9.479000244140625,9.484000244140626,9.268257995848279,3819905,0.0,0.0,0.0,True
2025-11-07,9.480999755859376,9.482000122070312,9.395999755859375,9.437999877929688,9.223303890523121,2060613,0.0,0.0,0.0,True
2025-11-10,9.512000122070313,9.555999755859375,9.479000244140625,9.539000244140626,9.322006639548992,2271134,0.0,0.0,0.0,True
2025-11-11,9.627000122070312,9.660999755859375,9.604000244140625,9.645999755859375,9.426571618686676,2330387,0.0,0.0,0.0,True
2025-11-12,9.664000244140626,9.6789697265625,9.62594970703125,9.657999877929688,9.438299061929897,1617717,0.0,0.0,0.0,True
2025-11-13,9.657999877929688,9.660999755859375,9.57,9.572999877929687,9.355232705027014,2759536,0.0,0.0,0.0,True
2025-11-14,9.49,9.492999877929687,9.382000122070313,9.474000244140624,9.25848562364886,4312597,0.0,0.0,0.0,True
2025-11-17,9.457999877929687,9.482000122070312,9.440999755859375,9.447000122070312,9.232099622106515,2795311,0.0,0.0,0.0,True
2025-11-18,9.345,9.379000244140625,9.285999755859375,9.324000244140626,9.111897654241929,3692816,0.0,0.0,0.0,True
2025-11-19,9.335,9.342999877929687,9.282999877929688,9.284000244140625,9.07280697223642,1447291,0.0,0.0,0.0,True
2025-11-20,9.339000244140625,9.372999877929688,9.309000244140625,9.309000244140625,9.097238499338884,3141382,0.0,0.0,0.0,True
2025-11-21,9.215999755859375,9.319669799804688,9.200999755859375,9.317999877929688,9.10603363431836,3552946,0.0,0.0,0.0,True
2025-11-24,9.354000244140625,9.369000244140626,9.302999877929688,9.312999877929688,9.101147448218649,4111453,0.0,0.0,0.0,True
2025-11-25,9.327999877929688,9.394210205078124,9.301599731445313,9.392000122070312,9.178350978405804,1905464,0.0,0.0,0.0,True
2025-11-26,9.412000122070312,9.485999755859375,9.374000244140625,9.477000122070313,9.261417335308689,3040573,0.0,0.0,0.0,True
2025-11-27,9.467000122070313,9.485,9.444000244140625,9.477999877929689,9.262394572528628,1573426,0.0,0.0,0.0,True
2025-11-28,9.5,9.540999755859374,9.482000122070312,9.505999755859376,9.289757214686999,1715607,0.0,0.0,0.0,True
2025-12-01,9.49,9.525,9.472000122070312,9.490999755859375,9.275098656387872,2357560,0.0,0.0,0.0,True
2025-12-02,9.487000122070313,9.532000122070313,9.471799926757813,9.49,9.274121419167932,4171555,0.0,0.0,0.0,True
2025-12-03,9.490999755859375,9.504000244140625,9.467000122070313,9.482999877929688,9.267280162024418,2567017,0.0,0.0,0.0,True
2025-12-04,9.504000244140625,9.529000244140626,9.467999877929687,9.51,9.293666163566764,3552413,0.0,0.0,0.0,True
2025-12-05,9.525,9.540000000000001,9.470999755859376,9.470999755859376,9.255552718781198,1717399,0.0,0.0,0.0,True
2025-12-08,9.472999877929688,9.485999755859375,9.435,9.452000122070313,9.236985808206226,3426415,0.0,0.0,0.0,True
2025-12-09,9.449000244140626,9.487000122070313,9.407999877929688,9.449000244140626,9.234054096546398,1858642,0.0,0.0,0.0,True
2025-12-10,9.429000244140624,9.494000244140626,9.424000244140625,9.459000244140626,9.243826468745818,2450948,0.0,0.0,0.0,True
2025-12-11,9.410999755859375,9.469000244140625,9.385759887695313,9.455999755859375,9.292766317433907,1733579,0.052799997,0.0,0.0,True
2025-12-12,9.49,9.514000244140625,9.390999755859376,9.4,9.237733915771237,2730770,0.0,0.0,0.0,True
2025-12-15,9.440999755859375,9.520999755859375,9.435,9.504000244140625,9.339938575782998,3299709,0.0,0.0,0.0,True
2025-12-16,9.497999877929688,9.512000122070313,9.407999877929688,9.437000122070312,9.274095027527904,2700697,0.0,0.0,0.0,True
2025-12-17,9.490999755859375,9.600999755859375,9.490999755859375,9.517000122070312,9.35271445824414,4124537,0.0,0.0,0.0,True
2025-12-18,9.535999755859375,9.587000122070313,9.494000244140626,9.575999755859375,9.410695463508262,5067515,0.0,0.0,0.0,True
2025-12-19,9.562999877929688,9.635999755859375,9.555999755859375,9.630999755859376,9.464745797196244,3404602,0.0,0.0,0.0,True
2025-12-22,9.594000244140625,9.637999877929687,9.565,9.595999755859376,9.430350021227646,3393212,0.0,0.0,0.0,True
2025-12-23,9.585,9.635999755859375,9.577000122070313,9.619000244140626,9.452953182548482,2063476,0.0,0.0,0.0,True
2025-12-24,9.615999755859375,9.630999755859376,9.59,9.607000122070312,9.441159967981374,1836845,0.0,0.0,0.0,True
2025-12-29,9.614000244140625,9.627999877929687,9.592000122070313,9.604000244140625,9.438212564218619,3009846,0.0,0.0,0.0,True
2025-12-30,9.607000122070312,9.687999877929688,9.575999755859375,9.674000244140625,9.507004116155814,2761372,0.0,0.0,0.0,True
2025-12-31,9.689000244140626,9.692999877929688,9.650999755859376,9.667000122070313,9.500124840978225,1375920,0.0,0.0,0.0,True
2026-01-02,9.682000122070313,9.78,9.667000122070313,9.687999877929688,9.520762066591645,2276945,0.0,0.0,0.0,True
2026-01-05,9.747999877929688,9.749000244140625,9.685,9.732999877929688,9.564985121419936,2211794,0.0,0.0,0.0,True
2026-01-06,9.772999877929688,9.880999755859376,9.762000122070313,9.842999877929687,9.673086388715248,4555179,0.0,0.0,0.0,True
2026-01-07,9.815999755859375,9.832000122070312,9.757999877929688,9.767000122070312,9.598398829413847,5960302,0.0,0.0,0.0,True
2026-01-08,9.745000000000001,9.784550170898438,9.72448974609375,9.77,9.601346233176601,3392720,0.0,0.0,0.0,True
2026-01-09,9.787999877929687,9.892999877929688,9.785,9.847000122070312,9.677017060291387,2977655,0.0,0.0,0.0,True
2026-01-12,9.827999877929688,9.875999755859375,9.82,9.865999755859375,9.695688950116738,1753050,0.0,0.0,0.0,True
2026-01-13,9.865,9.877999877929687,9.826849975585938,9.864000244140625,9.693724214248016,3660736,0.0,0.0,0.0,True
2026-01-14,9.885999755859375,9.905,9.877999877929687,9.902999877929688,9.732050661792751,2447199,0.0,0.0,0.0,True
2026-01-15,9.930999755859375,9.976209716796875,9.897999877929688,9.96,9.788066331268803,1497695,0.0,0.0,0.0,True
2026-01-16,9.945,9.989000244140625,9.94,9.97,9.797894210047843,8078487,0.0,0.0,0.0,True
2026-01-19,9.93,9.967639770507812,9.9,9.93,9.758584494689726,4650425,0.0,0.0,0.0,True
2026-01-20,9.867000122070312,9.870999755859375,9.790999755859374,9.864000244140625,9.693724214248016,4940935,0.0,0.0,0.0,True
2026-01-21,9.862000122070313,9.902999877929688,9.837000122070313,9.875999755859375,9.705516228976428,3902361,0.0,0.0,0.0,True
2026-01-22,9.94,9.965999755859375,9.882000122070313,9.885,9.714361439861436,5101126,0.0,0.0,0.0,True
2026-01-23,9.892999877929688,9.924000244140625,9.869000244140626,9.880999755859376,9.710430168365951,3209174,0.0,0.0,0.0,True
2026-01-26,9.897000122070313,9.925,9.865,9.885999755859375,9.715343507836122,2154386,0.0,0.0,0.0,True
2026-01-27,9.929000244140624,9.964000244140625,9.897999877929688,9.942999877929688,9.77136037715087,2431422,0.0,0.0,0.0,True
2026-01-28,9.947999877929687,9.964000244140625,9.887000122070313,9.89,9.719275379250957,3327652,0.0,0.0,0.0,True
2026-01-29,9.942000122070313,10.015999755859376,9.905,9.909000244140625,9.737947269076308,2503434,0.0,0.0,0.0,True
2026-01-30,9.88,9.970999755859376,9.874000244140625,9.965999755859375,9.793962938552358,5433226,0.0,0.0,0.0,True
2026-02-02,9.885999755859375,10.082999877929687,9.882999877929688,10.08,9.905995477343158,2703738,0.0,0.0,0.0,True
2026-02-03,10.092000122070313,10.105999755859376,9.969000244140625,10.045999755859375,9.872581769349246,3713227,0.0,0.0,0.0,True
2026-02-04,10.065999755859375,10.214000244140625,10.060819702148438,10.134000244140625,9.959063143137108,3020584,0.0,0.0,0.0,True
2026-02-05,10.104000244140625,10.14,10.024000244140625,10.042000122070313,9.86865169769246,5873622,0.0,0.0,0.0,True
2026-02-06,9.992999877929687,10.115999755859375,9.990999755859375,10.102000122070313,9.927615370850612,3391950,0.0,0.0,0.0,True
2026-02-09,10.137999877929687,10.155999755859375,10.055460205078125,10.122000122070313,9.947269928569996,5747010,0.0,0.0,0.0,True
2026-02-10,10.127999877929687,10.135999755859375,10.07,10.094000244140625,9.919754027698337,3856331,0.0,0.0,0.0,True
2026-02-11,10.134000244140625,11.10199951171875,10.112000122070313,10.204000244140625,10.027854695074303,3423097,0.0,0.0,0.0,True
2026-02-12,10.27,10.28,10.125999755859375,10.135999755859375,9.961027879005826,2939247,0.0,0.0,0.0,True
2026-02-13,10.167999877929688,10.190380249023438,10.1,10.182000122070313,10.00623480156685,2908906,0.0,0.0,0.0,True
2026-02-16,10.202000122070313,10.227999877929689,10.19,10.204000244140625,10.027854695074303,2297526,0.0,0.0,0.0,True
2026-02-17,10.23,10.28199951171875,10.217999877929687,10.28199951171875,10.104507590163772,3351934,0.0,0.0,0.0,True
2026-02-18,10.315999755859375,10.44800048828125,10.314000244140626,10.42199951171875,10.242090694038163,4521033,0.0,0.0,0.0,True
2026-02-19,10.444000244140625,10.45199951171875,10.35612060546875,10.39,10.210644121590368,1961615,0.0,0.0,0.0,True
2026-02-20,10.428000488281251,10.5043896484375,10.401999511718751,10.450000000000001,10.26960899458722,1859348,0.0,0.0,0.0,True
2026-02-23,10.444000244140625,10.5,10.42,10.445999755859376,10.265677123172384,3151601,0.0,0.0,0.0,True
2026-02-24,10.445999755859376,10.475999755859375,10.40800048828125,10.44,10.25978111580818,3248505,0.0,0.0,0.0,True
2026-02-25,10.49,11.484000244140626,10.481999511718751,10.56,10.377708462124486,1610017,0.0,0.0,0.0,True
2026-02-26,10.585999755859374,10.620000000000001,10.56,10.61,10.426845456342297,5787943,0.0,0.0,0.0,True
2026-02-27,10.62800048828125,10.695999755859376,10.615579833984375,10.675999755859376,10.491707536542057,4122591,0.0,0.0,0.0,True
2026-03-02,10.614000244140625,10.59199951171875,10.49199951171875,10.534000244140625,10.352157897040897,3417799,0.0,0.0,0.0,True
2026-03-03,10.46800048828125,10.475999755859375,10.165999755859374,10.25,10.073061017715979,5693596,0.0,0.0,0.0,True
2026-03-04,10.225999755859375,10.354000244140625,10.204000244140625,10.334000244140626,10.155609920169654,6453746,0.0,0.0,0.0,True
2026-03-05,10.34800048828125,10.41,10.177960205078126,10.185999755859376,10.010164873223637,3613179,0.0,0.0,0.0,True
2026-03-06,10.227999877929689,10.258000488281251,10.015399780273437,10.065999755859375,9.89223692698798,4099444,0.0,0.0,0.0,True
2026-03-09,9.914000244140626,10.045999755859375,9.860999755859375,10.03,9.856858483125349,4764860,0.0,0.0,0.0,True
2026-03-10,10.17,10.224000244140624,10.134000244140625,10.194000244140625,10.018027416214611,4900819,0.0,0.0,0.0,True
2026-03-11,10.14,10.164000244140626,10.067999877929688,10.132000122070313,9.95709780734904,8318559,0.0,0.0,0.0,True
2026-03-12,10.102000122070313,10.15,10.057999877929687,10.107999877929688,9.933511978134167,3192775,0.0,0.0,0.0,True
2026-03-13,10.037999877929687,10.164000244140626,9.990999755859375,10.057999877929687,9.884374983916357,10262954,0.0,0.0,0.0,True
2026-03-16,10.064000244140626,10.172000122070314,10.05,10.112000122070313,9.937442649710304,5739000,0.0,0.0,0.0,True
2026-03-17,10.115999755859375,10.235999755859375,10.112000122070313,10.202000122070313,10.025889359286234,4767817,0.0,0.0,0.0,True
2026-03-18,10.212000122070313,10.244000244140626,10.079609985351563,10.11,9.935477313922238,6955734,0.0,0.0,0.0,True
2026-03-19,9.939000244140626,9.992000122070312,9.752000122070312,9.830999755859375,9.708539584080379,4931974,0.0492,0.0,0.0,True
2026-03-20,9.867999877929687,9.900999755859376,9.687999877929688,9.687999877929688,9.567321475043371,3219554,0.0,0.0,0.0,True
2026-03-23,9.557000122070313,9.817999877929688,9.455,9.687000122070312,9.566334049639217,6580891,0.0,0.0,0.0,True
2026-03-24,9.684000244140625,9.75,9.619000244140626,9.735999755859375,9.614723319857092,4362928,0.0,0.0,0.0,True
2026-03-25,9.805999755859375,9.892999877929688,9.797260131835937,9.879000244140625,9.755942634541725,5214719,0.0,0.0,0.0,True
2026-03-26,9.822000122070312,9.837999877929688,9.742999877929687,9.755,9.633486813831274,4275396,0.0,0.0,0.0,True
2026-03-27,9.792000122070313,9.810999755859376,9.670999755859375,9.754000244140625,9.632499388427119,8056695,0.0,0.0,0.0,True
2026-03-30,9.745000000000001,9.912000122070312,9.74,9.905,9.781618106344988,4515215,0.0,0.0,0.0,True
2026-03-31,9.889000244140625,10.011840209960937,9.885999755859375,9.957000122070312,9.832970858422952,5956080,0.0,0.0,0.0,True
2026-04-01,10.124000244140625,10.192000122070313,10.077999877929688,10.152000122070312,10.025541719537921,4950884,0.0,0.0,0.0,True
2026-04-02,9.989000244140625,10.24800048828125,9.989000244140625,10.215999755859375,10.088744179289549,3924982,0.0,0.0,0.0,True
2026-04-07,10.227999877929689,10.264000244140625,10.112000122070313,10.134000244140625,10.007766253791706,8740731,0.0,0.0,0.0,True
2026-04-08,10.4,10.46199951171875,10.348199462890625,10.38800048828125,10.258602447637534,5415620,0.0,0.0,0.0,True
2026-04-09,10.42199951171875,10.435999755859376,10.34199951171875,10.39,10.260577298445842,3313927,0.0,0.0,0.0,True
2026-04-10,10.37800048828125,10.44800048828125,10.37199951171875,10.39,10.260577298445842,2569185,0.0,0.0,0.0,True
2026-04-13,10.34800048828125,10.38800048828125,10.32,10.36800048828125,10.238851528259197,5848590,0.0,0.0,0.0,True
2026-04-14,10.375999755859375,10.424000244140625,10.364000244140625,10.404000244140626,10.274402459751627,6778809,0.0,0.0,0.0,True
2026-04-15,10.414000244140626,10.43199951171875,10.355999755859376,10.35800048828125,10.228976068570027,6381726,0.0,0.0,0.0,True
2026-04-16,10.365999755859375,10.450000000000001,10.36199951171875,10.384000244140625,10.254651540373292,2462268,0.0,0.0,0.0,True
2026-04-17,10.384000244140625,10.45800048828125,10.344000244140625,10.45800048828125,10.327730665461711,3915968,0.0,0.0,0.0,True
2026-04-20,10.414000244140626,10.455999755859375,10.365760498046875,10.4,10.270452758135011,3794351,0.0,0.0,0.0,True
2026-04-21,10.415999755859374,10.43,10.285589599609375,10.29199951171875,10.163797552362468,7579738,0.0,0.0,0.0,True
2026-04-22,10.290000000000001,10.32,10.264449462890624,10.275999755859376,10.147996334600748,4653572,0.0,0.0,0.0,True
2026-04-23,10.227999877929689,10.28,10.17,10.26,10.132196322486653,3719438,0.0,0.0,0.0,True
2026-04-24,10.215999755859375,10.255999755859376,10.172000122070314,10.19,10.063068104662474,4395986,0.0,0.0,0.0,True
2026-04-27,10.184000244140625,10.22,10.127999877929687,10.132000122070313,10.005790800159586,3613861,0.0,0.0,0.0,True
2026-04-28,10.137999877929687,10.192000122070313,10.1,10.135999755859375,10.009740501776202,6752908,0.0,0.0,0.0,True
2026-04-29,10.134000244140625,10.144000244140626,10.0,10.022000122070313,9.897160743578732,6173880,0.0,0.0,0.0,True
2026-04-30,10.02,10.197999877929687,10.015819702148438,10.177999877929688,10.051217794164998,2942430,0.0,0.0,0.0,True
2026-05-01,10.147999877929688,10.19,10.097999877929688,10.172000122070314,10.045292638916258,3028373,0.0,0.0,0.0,True
2026-05-05,10.114000244140625,10.115999755859375,9.979000244140625,10.034000244140625,9.909011656900024,5981775,0.0,0.0,0.0,True
2026-05-06,10.144000244140626,10.295999755859375,10.137999877929687,10.24199951171875,10.114420253916624,4823941,0.0,0.0,0.0,True
2026-05-07,10.258000488281251,10.258000488281251,10.094000244140625,10.094000244140625,9.968264415035032,5035190,0.0,0.0,0.0,True
2026-05-08,10.03,10.097999877929688,10.002000122070312,10.05,9.92481227183793,5014522,0.0,0.0,0.0,True
2026-05-11,10.08,10.107999877929688,10.044000244140625,10.082000122070312,9.956413501713744,5711418,0.0,0.0,0.0,True
2026-05-12,10.002000122070312,10.075999755859375,9.955,10.075999755859375,9.950487743641194,3934617,0.0,0.0,0.0,True
2026-05-13,10.142000122070312,10.175999755859376,10.055999755859375,10.142000122070312,10.015666259848754,4848669,0.0,0.0,0.0,True
2026-05-14,10.165999755859374,10.21,10.145999755859375,10.204000244140625,10.076893868792073,3925566,0.0,0.0,0.0,True
2026-05-15,10.134000244140625,10.152000122070312,10.003599853515626,10.034000244140625,9.909011656900024,7692594,0.0,0.0,0.0,True
2026-05-18,9.994000244140626,10.175999755859376,9.985,10.155999755859375,10.02949142115454,7495633,0.0,0.0,0.0,True
2026-05-19,10.187999877929688,10.24199951171875,10.152000122070312,10.16,10.03344172559497,6500599,0.0,0.0,0.0,True
2026-05-20,10.127999877929687,10.29199951171875,10.112839965820312,10.264000244140625,10.136147229750895,5758103,0.0,0.0,0.0,True
2026-05-21,10.22,10.311999511718751,10.195999755859376,10.284000244140625,10.155898149129232,3030286,0.0,0.0,0.0,True
2026-05-22,10.334000244140626,10.34,10.26800048828125,10.30800048828125,10.179598770124185,2386463,0.0,0.0,0.0,True
2026-05-26,10.38,10.39800048828125,10.33199951171875,10.33199951171875,10.20329939111914,3960877,0.0,0.0,0.0,True
2026-05-27,10.325999755859375,10.3652001953125,10.304000244140624,10.34,10.2112,6649666,0.0,0.0,0.0,True
2026-05-28,10.28800048828125,10.3,10.234000244140626,10.27800048828125,10.14997239105668,2796684,0.0,0.0,0.0,True
2026-05-29,10.290000000000001,10.305999755859375,10.25199951171875,10.254000244140625,10.126271770061726,27359220,0.0,0.0,0.0,True
2026-06-01,10.224000244140624,10.24800048828125,10.126599731445312,10.175999755859376,10.049242340532876,7991419,0.0,0.0,0.0,True
2026-06-02,10.207999877929687,10.24199951171875,10.180750122070313,10.217999877929687,10.090719030097858,5910414,0.0,0.0,0.0,True
2026-06-03,10.207999877929687,10.23,10.169630126953125,10.184000244140625,10.057142949413736,6825480,0.0,0.0,0.0,True
2026-06-04,10.17,10.215999755859375,10.092000122070313,10.21,10.082819024040813,2384405,0.0,0.0,0.0,True
2026-06-05,10.235999755859375,10.258000488281251,10.184749755859375,10.197999877929687,10.070968713543333,20186370,0.0,0.0,0.0,True
2026-06-08,10.172000122070314,10.24199951171875,10.154000244140626,10.202000122070313,10.074919017983763,6952821,0.0,0.0,0.0,True
2026-06-09,10.187999877929688,10.200000000000001,10.057999877929687,10.057999877929687,9.932712277894975,7720113,0.0,0.0,0.0,True
2026-06-10,10.09,10.095999755859376,9.962999877929688,10.087999877929688,9.962338656962482,8038912,0.0,0.0,0.0,True
2026-06-11,10.085999755859374,10.207999877929687,10.054000244140624,10.147999877929688,10.021591415097491,7296476,0.0,0.0,0.0,True
2026-06-12,10.207999877929687,10.31,10.207999877929687,10.3,10.171698161243325,3690964,0.0,0.0,0.0,True
2026-06-15,10.385999755859375,10.41199951171875,10.255999755859376,10.265999755859376,10.138120874911579,4057584,0.0,0.0,0.0,True
2026-06-16,10.28199951171875,10.355999755859376,10.26199951171875,10.334000244140626,10.20527424192745,14770206,0.0,0.0,0.0,True
2026-06-17,10.334000244140626,10.344000244140625,10.304000244140624,10.34,10.2112,4754820,0.0,0.0,0.0,True
2026-06-18,10.184000244140625,10.202000122070313,10.092000122070313,10.112000122070313,10.112000122070313,6379383,0.1288,0.0,0.0,False
2026-06-19,10.105999755859376,10.133400268554688,10.072000122070312,10.08,10.08,2296721,0.0,0.0,0.0,False
2026-06-22,10.094000244140625,10.155999755859375,10.062000122070312,10.147999877929688,10.147999877929688,6488018,0.0,0.0,0.0,False
2026-06-23,10.072000122070312,10.177999877929688,10.052000122070313,10.144000244140626,10.144000244140626,12435996,0.0,0.0,0.0,False
2026-06-24,10.155999755859375,10.182000122070313,10.122869873046875,10.167999877929688,10.167999877929688,6252068,0.0,0.0,0.0,False
2026-06-25,10.155999755859375,10.28656982421875,10.1377197265625,10.25199951171875,10.25199951171875,4448719,0.0,0.0,0.0,False
2026-06-26,10.22,10.229500122070313,10.125999755859375,10.224000244140624,10.224000244140624,3158441,0.0,0.0,0.0,False
2026-06-29,10.212000122070313,10.254000244140625,10.189299926757812,10.202000122070313,10.202000122070313,3708157,0.0,0.0,0.0,False
2026-06-30,10.227999877929689,10.32800048828125,10.21,10.215999755859375,10.215999755859375,6297068,0.0,0.0,0.0,False
2026-07-01,10.204000244140625,10.224000244140624,10.147960205078125,10.194000244140625,10.194000244140625,6316670,0.0,0.0,0.0,False
2026-07-02,10.162000122070312,10.40800048828125,10.154000244140626,10.375999755859375,10.375999755859375,4896158,0.0,0.0,0.0,False
2026-07-03,10.40800048828125,10.46199951171875,10.31800048828125,10.394000244140626,10.394000244140626,3654665,0.0,0.0,0.0,False
2026-07-06,10.394000244140626,10.44800048828125,10.334300537109375,10.365999755859375,10.365999755859375,3402234,0.0,0.0,0.0,False
2026-07-07,10.36800048828125,10.46,10.36199951171875,10.38199951171875,10.38199951171875,6450274,0.0,0.0,0.0,False
2026-07-08,10.354000244140625,10.35800048828125,10.195800170898437,10.214000244140625,10.214000244140625,17047375,0.0,0.0,0.0,False
2026-07-09,10.187999877929688,10.217999877929687,10.132000122070313,10.212000122070313,10.212000122070313,8203377,0.0,0.0,0.0,False
2026-07-10,10.227999877929689,10.255999755859376,10.2010400390625,10.235999755859375,10.235999755859375,5297722,0.0,0.0,0.0,False
2026-07-13,10.235999755859375,10.27,10.200000000000001,10.227999877929689,10.227999877929689,6233032,0.0,0.0,0.0,False
2026-07-14,10.202000122070313,10.28800048828125,10.158880004882812,10.26,10.26,8948665,0.0,0.0,0.0,False
2026-07-15,10.207999877929687,10.285999755859375,10.18,10.254000244140625,10.254000244140625,11552485,0.0,0.0,0.0,False
2026-07-16,10.21,10.305999755859375,10.187999877929688,10.305999755859375,10.305999755859375,6036213,0.0,0.0,0.0,False
2026-07-17,10.284000244140625,10.36,10.244000244140626,10.33,10.33,5294175,0.0,0.0,0.0,False
2026-07-20,10.27800048828125,10.33,10.24800048828125,10.254000244140625,10.254000244140625,7367643,0.0,0.0,0.0,False
2026-07-21,10.23,10.32199951171875,10.222000122070312,10.32199951171875,10.32199951171875,9355861,0.0,0.0,0.0,False
2026-07-22,10.32,10.493399658203126,10.30199951171875,10.434000244140625,10.434000244140625,15849719,0.0,0.0,0.0,False
2026-07-23,10.424000244140625,10.444000244140625,10.33739990234375,10.365999755859375,10.365999755859375,6136745,0.0,0.0,0.0,False
2026-07-24,10.32800048828125,10.46199951171875,10.32199951171875,10.46,10.46,4996306,0.0,0.0,0.0,False
2026-07-27,10.535999755859375,10.544000244140625,10.475999755859375,10.50199951171875,10.50199951171875,4754844,0.0,0.0,0.0,False
2026-07-28,10.53,10.60030029296875,10.493800048828126,10.585999755859374,10.585999755859374,6144953,0.0,0.0,0.0,False
2026-07-29,10.625999755859375,10.66800048828125,10.58199951171875,10.624000244140625,10.624000244140625,6423024,0.0,0.0,0.0,False
2026-07-30,10.59800048828125,10.71,10.575999755859375,10.61199951171875,10.61199951171875,2543020,0.0,0.0,0.0,False
2026-07-31,10.6,10.705999755859375,10.52,10.59,10.59,3157856,0.0,0.0,0.0,False
2026-08-03,10.6,10.625999755859375,10.554000244140624,10.57199951171875,10.57199951171875,5640067,0.0,0.0,0.0,False
2026-08-04,10.595999755859376,10.651999511718751,10.588399658203125,10.604000244140625,10.604000244140625,4810232,0.0,0.0,0.0,False
2026-08-05,10.64,10.67,10.557149658203125,10.605999755859376,10.605999755859376,9953018,0.0,0.0,0.0,False
2026-08-06,10.65,10.685999755859376,10.609019775390625,10.61,10.61,4389956,0.0,0.0,0.0,False
2026-08-07,10.615999755859375,10.69800048828125,10.612120361328126,10.64,10.64,3923773,0.0,0.0,0.0,False
2026-08-10,10.625999755859375,10.64199951171875,10.56,10.59,10.59,20986705,0.0,0.0,0.0,False
2026-08-11,10.59800048828125,10.62800048828125,10.555999755859375,10.575999755859375,10.575999755859375,5732092,0.0,0.0,0.0,False
2026-08-12,10.57800048828125,10.644000244140626,10.545999755859375,10.57,10.57,3051097,0.0,0.0,0.0,False
2026-08-13,10.6,10.615999755859375,10.524000244140625,10.535999755859375,10.535999755859375,5171332,0.0,0.0,0.0,False
2026-08-14,10.56,10.614000244140625,10.493690185546875,10.51199951171875,10.51199951171875,2564999,0.0,0.0,0.0,False
2026-08-17,10.54800048828125,10.564000244140626,10.484000244140626,10.484000244140626,10.484000244140626,1988166,0.0,0.0,0.0,False
2026-08-18,10.51,10.555999755859375,10.47199951171875,10.49800048828125,10.49800048828125,6529311,0.0,0.0,0.0,False
2026-08-19,10.51,10.54199951171875,10.47800048828125,10.51800048828125,10.51800048828125,6602609,0.0,0.0,0.0,False
2026-08-20,10.52,10.55,10.44800048828125,10.52199951171875,10.52199951171875,2964574,0.0,0.0,0.0,False
2026-08-21,10.534000244140625,10.615999755859375,10.52,10.6,10.6,4756795,0.0,0.0,0.0,False
2026-08-24,10.59199951171875,10.64800048828125,10.57800048828125,10.63,10.63,2169925,0.0,0.0,0.0,False
2026-08-25,10.66,10.675999755859376,10.60800048828125,10.664000244140626,10.664000244140626,3233060,0.0,0.0,0.0,False
2026-08-26,10.685999755859376,10.70199951171875,10.64,10.664000244140626,10.664000244140626,3943273,0.0,0.0,0.0,False
2026-08-27,10.620000000000001,10.635999755859375,10.55800048828125,10.584000244140626,10.584000244140626,2973614,0.0,0.0,0.0,False
2026-08-28,10.63199951171875,10.635999755859375,10.588000488281251,10.61,10.61,1956499,0.0,0.0,0.0,False
