ticker,yf_symbol,api_ticker,instrument_type,asset_class,exposure_family,complexity,quote_unit,unit_divisor_to_gbp,share_class,fx_fee_pct,sdrt_treatment,isa_eligible,exchange,domicile,isin,name,yf_sessions,yf_first_session,data_defect,vendor_subclass,source_domicile,isin_prefix,domicile_status,source_sdrt_treatment,listing_status,listing_status_date,yf_mapping_status,data_audit_status,source_urls,research_subclass,classification_basis,exposure_audit_status,cost_audit_status,review_flags,reversal_candidate,backtest_ready,audit_date
88E,88E.L,88El_EQ,ordinary_share,single_stock,aim,plain,GBX,100,,0,conditional_aim_exemption,true,London Stock Exchange AIM,,AU00000088E2,88 Energy,,,,STOCKS,AU,AU,unverified,exempt_aim,not_verified,,candidate_not_verified,not_audited,,ordinary_share,vendor_mapping,inherited_unverified,tax_ptm_spread_slippage_unverified,,true,false,2026-09-11
AURA,AURA.L,AURAl_EQ,ordinary_share,single_stock,aim,plain,GBX,100,,0,conditional_aim_exemption,true,London Stock Exchange AIM,,AU000000AEE7,Aura Energy,,,,STOCKS,AU,AU,unverified,exempt_aim,not_verified,,candidate_not_verified,not_audited,,ordinary_share,vendor_mapping,inherited_unverified,tax_ptm_spread_slippage_unverified,,true,false,2026-09-11
CLA,CLA.L,CLAl_EQ,ordinary_share,single_stock,aim,plain,GBX,100,,0,conditional_aim_exemption,true,London Stock Exchange AIM,,AU000000CLA6,Celsius Resources,,,,STOCKS,AU,AU,unverified,exempt_aim,not_verified,,candidate_not_verified,not_audited,,ordinary_share,vendor_mapping,inherited_unverified,tax_ptm_spread_slippage_unverified,,true,false,2026-09-11
EMH,EMH.L,EMHl_EQ,ordinary_share,single_stock,aim,plain,GBX,100,,0,conditional_aim_exemption,true,London Stock Exchange AIM,,AU000000EMH5,European Metals Holdings,,,,STOCKS,AU,AU,unverified,exempt_aim,not_verified,,candidate_not_verified,not_audited,,ordinary_share,vendor_mapping,inherited_unverified,tax_ptm_spread_slippage_unverified,,true,false,2026-09-11
GEO,GEO.L,GEOl_EQ,ordinary_share,single_stock,aim,plain,GBX,100,,0,conditional_aim_exemption,true,London Stock Exchange AIM,,AU000000GBP6,Geo Exploration,,,,STOCKS,AU,AU,unverified,exempt_aim,not_verified,,candidate_not_verified,not_audited,,ordinary_share,vendor_mapping,inherited_unverified,tax_ptm_spread_slippage_unverified,,true,false,2026-09-11
LIT,LIT.L,LITl_EQ,ordinary_share,single_stock,aim,plain,GBX,100,,0,conditional_aim_exemption,true,London Stock Exchange AIM,,AU000000LCA6,Litigation Capital Management,,,,STOCKS,AU,AU,unverified,exempt_aim,not_verified,,candidate_not_verified,not_audited,,ordinary_share,vendor_mapping,inherited_unverified,tax_ptm_spread_slippage_unverified,business_model_review,true,false,2026-09-11
SVML,SVML.L,SVMLl_EQ,ordinary_share,single_stock,aim,plain,GBX,100,,0,conditional_aim_exemption,true,London Stock Exchange AIM,,AU000000SVM6,Sovereign Metals,,,,STOCKS,AU,AU,unverified,exempt_aim,not_verified,,candidate_not_verified,not_audited,,ordinary_share,vendor_mapping,inherited_unverified,tax_ptm_spread_slippage_unverified,,true,false,2026-09-11
WNX,WNX.L,WNXl_EQ,ordinary_share,single_stock,aim,plain,GBX,100,,0,conditional_aim_exemption,true,London Stock Exchange AIM,,AU0000162281,Wellnex Life,,,,STOCKS,AU,AU,unverified,exempt_aim,not_verified,,candidate_not_verified,not_audited,,ordinary_share,vendor_mapping,inherited_unverified,tax_ptm_spread_slippage_unverified,,true,false,2026-09-11
SYN,SYN.L,SYNl_EQ,ordinary_share,single_stock,aim,plain,GBX,100,,0,conditional_aim_exemption,true,London Stock Exchange AIM,,AU0000233538,Synergia Energy,,,,STOCKS,AU,AU,unverified,exempt_aim,not_verified,,candidate_not_verified,not_audited,,ordinary_share,vendor_mapping,inherited_unverified,tax_ptm_spread_slippage_unverified,,true,false,2026-09-11
ALL,ALL.L,IRRl_EQ,ordinary_share,single_stock,aim,plain,GBX,100,,0,conditional_aim_exemption,true,London Stock Exchange AIM,,AU0000237554,Atlantic Lithium,,,,STOCKS,AU,AU,unverified,exempt_aim,not_verified,,candidate_not_verified,not_audited,,ordinary_share,vendor_mapping,inherited_unverified,tax_ptm_spread_slippage_unverified,,true,false,2026-09-11
GGP,GGP.L,GGPl_EQ,ordinary_share,single_stock,aim,plain,GBX,100,,0,conditional_aim_exemption,true,London Stock Exchange AIM,,AU0000397705,Greatland Resources,,,,STOCKS,AU,AU,unverified,exempt_aim,not_verified,,candidate_not_verified,not_audited,,ordinary_share,vendor_mapping,inherited_unverified,tax_ptm_spread_slippage_unverified,,true,false,2026-09-11
QHE,QHE.L,MSMNl_EQ,ordinary_share,single_stock,aim,plain,GBX,100,,0,conditional_aim_exemption,true,London Stock Exchange AIM,,AU0000473282,Quantum Helium,,,,STOCKS,AU,AU,unverified,exempt_aim,not_verified,,candidate_not_verified,not_audited,,ordinary_share,vendor_mapping,inherited_unverified,tax_ptm_spread_slippage_unverified,,true,false,2026-09-11
SEE,SEE.L,SEEl_EQ,ordinary_share,single_stock,aim,plain,GBX,100,,0,conditional_aim_exemption,true,London Stock Exchange AIM,,AU0000XINAJ0,Seeing Machines,,,,STOCKS,AU,AU,unverified,exempt_aim,not_verified,,candidate_not_verified,not_audited,,ordinary_share,vendor_mapping,inherited_unverified,tax_ptm_spread_slippage_unverified,,true,false,2026-09-11
CPX,CPX.L,CPXl_EQ,ordinary_share,single_stock,aim,plain,GBX,100,,0,conditional_aim_exemption,true,London Stock Exchange AIM,,AU0000XINAS1,Cap-XX,,,,STOCKS,AU,AU,unverified,exempt_aim,not_verified,,candidate_not_verified,not_audited,,ordinary_share,vendor_mapping,inherited_unverified,tax_ptm_spread_slippage_unverified,,true,false,2026-09-11
HMI,HMI.L,HMIl_EQ,ordinary_share,single_stock,aim,plain,GBX,100,,0,conditional_aim_exemption,true,London Stock Exchange AIM,,AU000XINEAB4,Harvest Minerals,,,,STOCKS,AU,AU,unverified,exempt_aim,not_verified,,candidate_not_verified,not_audited,,ordinary_share,vendor_mapping,inherited_unverified,tax_ptm_spread_slippage_unverified,,true,false,2026-09-11
ARS,ARS.L,ARSl_EQ,ordinary_share,single_stock,aim,plain,GBX,100,,0,conditional_aim_exemption,true,London Stock Exchange AIM,,BM04521V1038,Asiamet Resources,,,,STOCKS,BM,BM,unverified,exempt_aim,not_verified,,candidate_not_verified,not_audited,,ordinary_share,vendor_mapping,inherited_unverified,tax_ptm_spread_slippage_unverified,,true,false,2026-09-11
CAPD,CAPD.L,CAPDl_EQ,ordinary_share,single_stock,main_market_nonuk_inc,plain,GBX,100,,0,review_share_register_and_legal_status,true,London Stock Exchange,,BMG022411000,Capital,,,,STOCKS,BM,BM,unverified,exempt_nonuk_inc,not_verified,,candidate_not_verified,not_audited,,ordinary_share,vendor_mapping,inherited_unverified,tax_ptm_spread_slippage_unverified,business_model_review,true,false,2026-09-11
CKI,CKI.L,CKIl_EQ,ordinary_share,single_stock,main_market_nonuk_inc,plain,GBX,100,,0,review_share_register_and_legal_status,true,London Stock Exchange,,BMG2178K1009,CK Infrastructure,,,,STOCKS,BM,BM,unverified,exempt_nonuk_inc,not_verified,,candidate_not_verified,not_audited,,ordinary_share,vendor_mapping,inherited_unverified,tax_ptm_spread_slippage_unverified,,true,false,2026-09-11
CRE,CRE.L,CREl_EQ,ordinary_share,single_stock,main_market_nonuk_inc,plain,GBX,100,,0,review_share_register_and_legal_status,true,London Stock Exchange,,BMG243851091,Conduit Holdings,,,,STOCKS,BM,BM,unverified,exempt_nonuk_inc,not_verified,,candidate_not_verified,not_audited,,ordinary_share,vendor_mapping,inherited_unverified,tax_ptm_spread_slippage_unverified,,true,false,2026-09-11
GFM,GFM.L,GFMl_EQ,ordinary_share,single_stock,aim,plain,GBX,100,,0,conditional_aim_exemption,true,London Stock Exchange AIM,,BMG319201049,Griffin Mining,,,,STOCKS,BM,BM,unverified,exempt_aim,not_verified,,candidate_not_verified,not_audited,,ordinary_share,vendor_mapping,inherited_unverified,tax_ptm_spread_slippage_unverified,,true,false,2026-09-11
GKP,GKP.L,GKPl_EQ,ordinary_share,single_stock,main_market_nonuk_inc,plain,GBX,100,,0,review_share_register_and_legal_status,true,London Stock Exchange,,BMG4209G2077,Gulf Keystone Petroleum,,,,STOCKS,BM,BM,unverified,exempt_nonuk_inc,not_verified,,candidate_not_verified,not_audited,,ordinary_share,vendor_mapping,inherited_unverified,tax_ptm_spread_slippage_unverified,,true,false,2026-09-11
HSX,HSX.L,HSXl_EQ,ordinary_share,single_stock,main_market_nonuk_inc,plain,GBX,100,,0,review_share_register_and_legal_status,true,London Stock Exchange,,BMG4593F1389,Hiscox,,,,STOCKS,BM,BM,unverified,exempt_nonuk_inc,not_verified,,candidate_not_verified,not_audited,,ordinary_share,vendor_mapping,inherited_unverified,tax_ptm_spread_slippage_unverified,,true,false,2026-09-11
LRE,LRE.L,LREl_EQ,ordinary_share,single_stock,main_market_nonuk_inc,plain,GBX,100,,0,review_share_register_and_legal_status,true,London Stock Exchange,,BMG5361W1047,Lancashire,,,,STOCKS,BM,BM,unverified,exempt_nonuk_inc,not_verified,,candidate_not_verified,not_audited,,ordinary_share,vendor_mapping,inherited_unverified,tax_ptm_spread_slippage_unverified,,true,false,2026-09-11
LEX,LEX.L,LEXl_EQ,ordinary_share,single_stock,aim,plain,GBX,100,,0,conditional_aim_exemption,true,London Stock Exchange AIM,,BMG5479L1072,Lexington Gold,,,,STOCKS,BM,BM,unverified,exempt_aim,not_verified,,candidate_not_verified,not_audited,,ordinary_share,vendor_mapping,inherited_unverified,tax_ptm_spread_slippage_unverified,,true,false,2026-09-11
PDL,PDL.L,PDLl_EQ,ordinary_share,single_stock,main_market_nonuk_inc,plain,GBX,100,,0,review_share_register_and_legal_status,true,London Stock Exchange,,BMG702782084,Petra Diamonds,,,,STOCKS,BM,BM,unverified,exempt_nonuk_inc,not_verified,,candidate_not_verified,not_audited,,ordinary_share,vendor_mapping,inherited_unverified,tax_ptm_spread_slippage_unverified,,true,false,2026-09-11
RQIH,RQIH.L,RQIHl_EQ,ordinary_share,single_stock,main_market_nonuk_inc,plain,GBX,100,,0,review_share_register_and_legal_status,true,London Stock Exchange,,BMG7371X1065,R&Q Insurance,,,,STOCKS,BM,BM,unverified,exempt_nonuk_inc,not_verified,,candidate_not_verified,not_audited,,ordinary_share,vendor_mapping,inherited_unverified,tax_ptm_spread_slippage_unverified,,true,false,2026-09-11
SLP,SLP.L,SLPLl_EQ,ordinary_share,single_stock,aim,plain,GBX,100,,0,conditional_aim_exemption,true,London Stock Exchange AIM,,BMG864081044,Sylvania Platinum,,,,STOCKS,BM,BM,unverified,exempt_aim,not_verified,,candidate_not_verified,not_audited,,ordinary_share,vendor_mapping,inherited_unverified,tax_ptm_spread_slippage_unverified,,true,false,2026-09-11
AXL,AXL.L,AXLl_EQ,ordinary_share,single_stock,aim,plain,GBX,100,,0,conditional_aim_exemption,true,London Stock Exchange AIM,,CA04274P1053,Arrow Exploration,,,,STOCKS,CA,CA,unverified,exempt_aim,not_verified,,candidate_not_verified,not_audited,,ordinary_share,vendor_mapping,inherited_unverified,tax_ptm_spread_slippage_unverified,,true,false,2026-09-11
ECO,ECO.L,ECOl_EQ,ordinary_share,single_stock,aim,plain,GBX,100,,0,conditional_aim_exemption,true,London Stock Exchange AIM,,CA27887W1005,Eco Atlantic Oil & Gas,,,,STOCKS,CA,CA,unverified,exempt_aim,not_verified,,candidate_not_verified,not_audited,,ordinary_share,vendor_mapping,inherited_unverified,tax_ptm_spread_slippage_unverified,,true,false,2026-09-11
FOG,FOG.L,FOGl_EQ,ordinary_share,single_stock,aim,plain,GBX,100,,0,conditional_aim_exemption,true,London Stock Exchange AIM,,CA3060711015,Falcon Oil & Gas,,,,STOCKS,CA,CA,unverified,exempt_aim,not_verified,,candidate_not_verified,not_audited,,ordinary_share,vendor_mapping,inherited_unverified,tax_ptm_spread_slippage_unverified,,true,false,2026-09-11
GAL,GAL.L,GALl_EQ,ordinary_share,single_stock,aim,plain,GBX,100,,0,conditional_aim_exemption,true,London Stock Exchange AIM,,CA36315W3012,Galantas Gold Corp,,,,STOCKS,CA,CA,unverified,exempt_aim,not_verified,,candidate_not_verified,not_audited,,ordinary_share,vendor_mapping,inherited_unverified,tax_ptm_spread_slippage_unverified,,true,false,2026-09-11
MKA,MKA.L,MKAl_EQ,ordinary_share,single_stock,aim,plain,GBX,100,,0,conditional_aim_exemption,true,London Stock Exchange AIM,,CA60686A4090,Mkango Resources,,,,STOCKS,CA,CA,unverified,exempt_aim,not_verified,,candidate_not_verified,not_audited,,ordinary_share,vendor_mapping,inherited_unverified,tax_ptm_spread_slippage_unverified,,true,false,2026-09-11
OBI,OBI.L,OBIl_EQ,ordinary_share,single_stock,aim,plain,GBX,100,,0,conditional_aim_exemption,true,London Stock Exchange AIM,,CA68234M2058,Ondine Biomedical,,,,STOCKS,CA,CA,unverified,exempt_aim,not_verified,,candidate_not_verified,not_audited,,ordinary_share,vendor_mapping,inherited_unverified,tax_ptm_spread_slippage_unverified,,true,false,2026-09-11
OMI,OMI.L,OMIl_EQ,ordinary_share,single_stock,aim,plain,GBX,100,,0,conditional_aim_exemption,true,London Stock Exchange AIM,,CA6871961059,Orosur Mining,,,,STOCKS,CA,CA,unverified,exempt_aim,not_verified,,candidate_not_verified,not_audited,,ordinary_share,vendor_mapping,inherited_unverified,tax_ptm_spread_slippage_unverified,,true,false,2026-09-11
PTAL,PTAL.L,PTALl_EQ,ordinary_share,single_stock,aim,plain,GBX,100,,0,conditional_aim_exemption,true,London Stock Exchange AIM,,CA71677J1012,PetroTal,,,,STOCKS,CA,CA,unverified,exempt_aim,not_verified,,candidate_not_verified,not_audited,,ordinary_share,vendor_mapping,inherited_unverified,tax_ptm_spread_slippage_unverified,,true,false,2026-09-11
PLSR,PLSR.L,PLSRl_EQ,ordinary_share,single_stock,aim,plain,GBX,100,,0,conditional_aim_exemption,true,London Stock Exchange AIM,,CA7459321039,Pulsar Helium,,,,STOCKS,CA,CA,unverified,exempt_aim,not_verified,,candidate_not_verified,not_audited,,ordinary_share,vendor_mapping,inherited_unverified,tax_ptm_spread_slippage_unverified,,true,false,2026-09-11
SEI,SEI.L,SEI_EQ,ordinary_share,single_stock,aim,plain,GBX,100,,0,conditional_aim_exemption,true,London Stock Exchange AIM,,CA82938H1073,Sintana Energy,,,,STOCKS,CA,CA,unverified,exempt_aim,not_verified,,candidate_not_verified,not_audited,,ordinary_share,vendor_mapping,inherited_unverified,tax_ptm_spread_slippage_unverified,,true,false,2026-09-11
SOUC,SOUC.L,SOUCl_EQ,ordinary_share,single_stock,aim,plain,GBX,100,,0,conditional_aim_exemption,true,London Stock Exchange AIM,,CA8428133059,Southern Energy,,,,STOCKS,CA,CA,unverified,exempt_aim,not_verified,,candidate_not_verified,not_audited,,ordinary_share,vendor_mapping,inherited_unverified,tax_ptm_spread_slippage_unverified,,true,false,2026-09-11
THX,THX.L,THXl_EQ,ordinary_share,single_stock,aim,plain,GBX,100,,0,conditional_aim_exemption,true,London Stock Exchange AIM,,CA8851491040,Thor Explorations,,,,STOCKS,CA,CA,unverified,exempt_aim,not_verified,,candidate_not_verified,not_audited,,ordinary_share,vendor_mapping,inherited_unverified,tax_ptm_spread_slippage_unverified,,true,false,2026-09-11
TXP,TXP.L,TXPl_EQ,ordinary_share,single_stock,aim,plain,GBX,100,,0,conditional_aim_exemption,true,London Stock Exchange AIM,,CA89156L1085,Touchstone Exploration,,,,STOCKS,CA,CA,unverified,exempt_aim,not_verified,,candidate_not_verified,not_audited,,ordinary_share,vendor_mapping,inherited_unverified,tax_ptm_spread_slippage_unverified,,true,false,2026-09-11
SPDI,SPDI.L,SPDIl_EQ,ordinary_share,single_stock,aim,plain,GBX,100,,0,conditional_aim_exemption,true,London Stock Exchange AIM,,CY0102102213,Secure Property Development & Investment,,,,STOCKS,CY,CY,unverified,exempt_aim,not_verified,,candidate_not_verified,not_audited,,ordinary_share,vendor_mapping,inherited_unverified,tax_ptm_spread_slippage_unverified,business_model_review,true,false,2026-09-11
THS,THS.L,THSl_EQ,ordinary_share,single_stock,main_market_nonuk_inc,plain,GBX,100,,0,review_share_register_and_legal_status,true,London Stock Exchange,,CY0103562118,Tharisa,,,,STOCKS,CY,CY,unverified,exempt_nonuk_inc,not_verified,,candidate_not_verified,not_audited,,ordinary_share,vendor_mapping,inherited_unverified,tax_ptm_spread_slippage_unverified,,true,false,2026-09-11
ATYM,ATYM.L,ATYMl_EQ,ordinary_share,single_stock,main_market_nonuk_inc,plain,GBX,100,,0,review_share_register_and_legal_status,true,London Stock Exchange,,CY0106002112,Atalaya Mining Copper,,,,STOCKS,CY,CY,unverified,exempt_nonuk_inc,not_verified,,candidate_not_verified,not_audited,,ordinary_share,vendor_mapping,inherited_unverified,tax_ptm_spread_slippage_unverified,,true,false,2026-09-11
DKL,DKL.L,DKLl_EQ,ordinary_share,single_stock,aim,plain,GBX,100,,0,conditional_aim_exemption,true,London Stock Exchange AIM,,CY0106502111,Dekel Agri-Vision,,,,STOCKS,CY,CY,unverified,exempt_aim,not_verified,,candidate_not_verified,not_audited,,ordinary_share,vendor_mapping,inherited_unverified,tax_ptm_spread_slippage_unverified,,true,false,2026-09-11
FRG,FRG.L,FRGl_EQ,ordinary_share,single_stock,aim,plain,GBX,100,,0,conditional_aim_exemption,true,London Stock Exchange AIM,,CY0109692117,Firering Strategic Minerals,,,,STOCKS,CY,CY,unverified,exempt_aim,not_verified,,candidate_not_verified,not_audited,,ordinary_share,vendor_mapping,inherited_unverified,tax_ptm_spread_slippage_unverified,,true,false,2026-09-11
FARN,FARN.L,FARNl_EQ,ordinary_share,single_stock,aim,plain,GBX,100,,0,conditional_aim_exemption,true,London Stock Exchange AIM,,FI4000153309,Faron Pharmaceuticals,,,,STOCKS,FI,FI,unverified,exempt_aim,not_verified,,candidate_not_verified,not_audited,,ordinary_share,vendor_mapping,inherited_unverified,tax_ptm_spread_slippage_unverified,,true,false,2026-09-11
NCYT,NCYT.L,NCYTl_EQ,ordinary_share,single_stock,aim,plain,GBX,100,,0,conditional_aim_exemption,true,London Stock Exchange AIM,,FR0010397232,Novacyt,,,,STOCKS,FR,FR,unverified,exempt_aim,not_verified,,candidate_not_verified,not_audited,,ordinary_share,vendor_mapping,inherited_unverified,tax_ptm_spread_slippage_unverified,,true,false,2026-09-11
NET,NET.L,NETl_EQ,ordinary_share,single_stock,aim,plain,GBX,100,,0,conditional_aim_exemption,true,London Stock Exchange AIM,,GB0000060532,Netcall,,,,STOCKS,GB,GB,unverified,exempt_aim,not_verified,,candidate_not_verified,not_audited,,ordinary_share,vendor_mapping,inherited_unverified,tax_ptm_spread_slippage_unverified,,true,false,2026-09-11
ALU,ALU.L,ALUl_EQ,ordinary_share,single_stock,aim,plain,GBX,100,,0,conditional_aim_exemption,true,London Stock Exchange AIM,,GB0000280353,Alumasc,,,,STOCKS,GB,GB,unverified,exempt_aim,not_verified,,candidate_not_verified,not_audited,,ordinary_share,vendor_mapping,inherited_unverified,tax_ptm_spread_slippage_unverified,,true,false,2026-09-11
BILN,BILN.L,BILNl_EQ,ordinary_share,single_stock,aim,plain,GBX,100,,0,conditional_aim_exemption,true,London Stock Exchange AIM,,GB0000332667,Billington Holdings,,,,STOCKS,GB,GB,unverified,exempt_aim,not_verified,,candidate_not_verified,not_audited,,ordinary_share,vendor_mapping,inherited_unverified,tax_ptm_spread_slippage_unverified,,true,false,2026-09-11
BUC,BUC.L,BUCl_EQ,ordinary_share,single_stock,aim,plain,GBX,100,,0,conditional_aim_exemption,true,London Stock Exchange AIM,,GB0000617950,Built Cybernetics,,,,STOCKS,GB,GB,unverified,exempt_aim,not_verified,,candidate_not_verified,not_audited,,ordinary_share,vendor_mapping,inherited_unverified,tax_ptm_spread_slippage_unverified,,true,false,2026-09-11
BMTO,BMTO.L,BMTOl_EQ,ordinary_share,single_stock,aim,plain,GBX,100,,0,conditional_aim_exemption,true,London Stock Exchange AIM,,GB0001185056,Braime,,,,STOCKS,GB,GB,unverified,exempt_aim,not_verified,,candidate_not_verified,not_audited,,ordinary_share,vendor_mapping,inherited_unverified,tax_ptm_spread_slippage_unverified,,true,false,2026-09-11
BMT,BMT.L,BMTl_EQ,ordinary_share,single_stock,aim,plain,GBX,100,,0,conditional_aim_exemption,true,London Stock Exchange AIM,,GB0001185270,Braime,,,,STOCKS,GB,GB,unverified,exempt_aim,not_verified,,candidate_not_verified,not_audited,,ordinary_share,vendor_mapping,inherited_unverified,tax_ptm_spread_slippage_unverified,,true,false,2026-09-11
CLBS,CLBS.L,D4T4l_EQ,ordinary_share,single_stock,aim,plain,GBX,100,,0,conditional_aim_exemption,true,London Stock Exchange AIM,,GB0001351955,Celebrus Technologies,,,,STOCKS,GB,GB,unverified,exempt_aim,not_verified,,candidate_not_verified,not_audited,,ordinary_share,vendor_mapping,inherited_unverified,tax_ptm_spread_slippage_unverified,,true,false,2026-09-11
PEB,PEB.L,PEBl_EQ,ordinary_share,single_stock,aim,plain,GBX,100,,0,conditional_aim_exemption,true,London Stock Exchange AIM,,GB0001482891,Pebble Beach Systems,,,,STOCKS,GB,GB,unverified,exempt_aim,not_verified,,candidate_not_verified,not_audited,,ordinary_share,vendor_mapping,inherited_unverified,tax_ptm_spread_slippage_unverified,,true,false,2026-09-11
CML,CML.L,CMLl_EQ,ordinary_share,single_stock,aim,plain,GBX,100,,0,conditional_aim_exemption,true,London Stock Exchange AIM,,GB0001602944,CML Microsystems,,,,STOCKS,GB,GB,unverified,exempt_aim,not_verified,,candidate_not_verified,not_audited,,ordinary_share,vendor_mapping,inherited_unverified,tax_ptm_spread_slippage_unverified,,true,false,2026-09-11
EDEN,EDEN.L,EDENl_EQ,ordinary_share,single_stock,aim,plain,GBX,100,,0,conditional_aim_exemption,true,London Stock Exchange AIM,,GB0001646941,Eden Research,,,,STOCKS,GB,GB,unverified,exempt_aim,not_verified,,candidate_not_verified,not_audited,,ordinary_share,vendor_mapping,inherited_unverified,tax_ptm_spread_slippage_unverified,,true,false,2026-09-11
CAM,CAM.L,CAMl_EQ,ordinary_share,single_stock,aim,plain,GBX,100,,0,conditional_aim_exemption,true,London Stock Exchange AIM,,GB0001667087,Camellia,,,,STOCKS,GB,GB,unverified,exempt_aim,not_verified,,candidate_not_verified,not_audited,,ordinary_share,vendor_mapping,inherited_unverified,tax_ptm_spread_slippage_unverified,,true,false,2026-09-11
ACSO,ACSO.L,ACSOl_EQ,ordinary_share,single_stock,aim,plain,GBX,100,,0,conditional_aim_exemption,true,London Stock Exchange AIM,,GB0001771426,accesso Technology,,,,STOCKS,GB,GB,unverified,exempt_aim,not_verified,,candidate_not_verified,not_audited,,ordinary_share,vendor_mapping,inherited_unverified,tax_ptm_spread_slippage_unverified,,true,false,2026-09-11
CTG,CTG.L,CTGl_EQ,ordinary_share,single_stock,aim,plain,GBX,100,,0,conditional_aim_exemption,true,London Stock Exchange AIM,,GB0001953156,Christie,,,,STOCKS,GB,GB,unverified,exempt_aim,not_verified,,candidate_not_verified,not_audited,,ordinary_share,vendor_mapping,inherited_unverified,tax_ptm_spread_slippage_unverified,,true,false,2026-09-11
CFX,CFX.L,CFXl_EQ,ordinary_share,single_stock,aim,plain,GBX,100,,0,conditional_aim_exemption,true,London Stock Exchange AIM,,GB0002090453,Colefax,,,,STOCKS,GB,GB,unverified,exempt_aim,not_verified,,candidate_not_verified,not_audited,,ordinary_share,vendor_mapping,inherited_unverified,tax_ptm_spread_slippage_unverified,,true,false,2026-09-11
CNC,CNC.L,CNCl_EQ,ordinary_share,single_stock,aim,plain,GBX,100,,0,conditional_aim_exemption,true,London Stock Exchange AIM,,GB0002183191,Concurrent Technologies,,,,STOCKS,GB,GB,unverified,exempt_aim,not_verified,,candidate_not_verified,not_audited,,ordinary_share,vendor_mapping,inherited_unverified,tax_ptm_spread_slippage_unverified,,true,false,2026-09-11
CRU,CRU.L,CRUl_EQ,ordinary_share,single_stock,aim,plain,GBX,100,,0,conditional_aim_exemption,true,London Stock Exchange AIM,,GB0002235736,Coral Products,,,,STOCKS,GB,GB,unverified,exempt_aim,not_verified,,candidate_not_verified,not_audited,,ordinary_share,vendor_mapping,inherited_unverified,tax_ptm_spread_slippage_unverified,,true,false,2026-09-11
GHH,GHH.L,GHHl_EQ,ordinary_share,single_stock,aim,plain,GBX,100,,0,conditional_aim_exemption,true,London Stock Exchange AIM,,GB0002259116,Gooch & Housego,,,,STOCKS,GB,GB,unverified,exempt_aim,not_verified,,candidate_not_verified,not_audited,,ordinary_share,vendor_mapping,inherited_unverified,tax_ptm_spread_slippage_unverified,,true,false,2026-09-11
PAM,PAM.L,CRGTl_EQ,ordinary_share,single_stock,aim,plain,GBX,100,,0,conditional_aim_exemption,true,London Stock Exchange AIM,,GB0002341666,Potter & Moore,,,,STOCKS,GB,GB,unverified,exempt_aim,not_verified,,candidate_not_verified,not_audited,,ordinary_share,vendor_mapping,inherited_unverified,tax_ptm_spread_slippage_unverified,,true,false,2026-09-11
CRPR,CRPR.L,CRPRl_EQ,ordinary_share,single_stock,aim,plain,GBX,100,,0,conditional_aim_exemption,true,London Stock Exchange AIM,,GB0002346053,James Cropper,,,,STOCKS,GB,GB,unverified,exempt_aim,not_verified,,candidate_not_verified,not_audited,,ordinary_share,vendor_mapping,inherited_unverified,tax_ptm_spread_slippage_unverified,,true,false,2026-09-11
PEN,PEN.L,PENl_EQ,ordinary_share,single_stock,aim,plain,GBX,100,,0,conditional_aim_exemption,true,London Stock Exchange AIM,,GB0002570660,Pennant International,,,,STOCKS,GB,GB,unverified,exempt_aim,not_verified,,candidate_not_verified,not_audited,,ordinary_share,vendor_mapping,inherited_unverified,tax_ptm_spread_slippage_unverified,,true,false,2026-09-11
ASY,ASY.L,ASYl_EQ,ordinary_share,single_stock,aim,plain,GBX,100,,0,conditional_aim_exemption,true,London Stock Exchange AIM,,GB0002684552,Andrews Sykes,,,,STOCKS,GB,GB,unverified,exempt_aim,not_verified,,candidate_not_verified,not_audited,,ordinary_share,vendor_mapping,inherited_unverified,tax_ptm_spread_slippage_unverified,,true,false,2026-09-11
PGH,PGH.L,PGHl_EQ,ordinary_share,single_stock,aim,plain,GBX,100,,0,conditional_aim_exemption,true,London Stock Exchange AIM,,GB0002760279,Personal Group,,,,STOCKS,GB,GB,unverified,exempt_aim,not_verified,,candidate_not_verified,not_audited,,ordinary_share,vendor_mapping,inherited_unverified,tax_ptm_spread_slippage_unverified,,true,false,2026-09-11
SCE,SCE.L,SCEl_EQ,ordinary_share,single_stock,aim,plain,GBX,100,,0,conditional_aim_exemption,true,London Stock Exchange AIM,,GB0002892528,Surface Transforms,,,,STOCKS,GB,GB,unverified,exempt_aim,not_verified,,candidate_not_verified,not_audited,,ordinary_share,vendor_mapping,inherited_unverified,tax_ptm_spread_slippage_unverified,,true,false,2026-09-11
RTC,RTC.L,RTCl_EQ,ordinary_share,single_stock,aim,plain,GBX,100,,0,conditional_aim_exemption,true,London Stock Exchange AIM,,GB0002920121,RTC,,,,STOCKS,GB,GB,unverified,exempt_aim,not_verified,,candidate_not_verified,not_audited,,ordinary_share,vendor_mapping,inherited_unverified,tax_ptm_spread_slippage_unverified,,true,false,2026-09-11
SDG,SDG.L,WGBl_EQ,ordinary_share,single_stock,aim,plain,GBX,100,,0,conditional_aim_exemption,true,London Stock Exchange AIM,,GB0003061511,Sanderson Design,,,,STOCKS,GB,GB,unverified,exempt_aim,not_verified,,candidate_not_verified,not_audited,,ordinary_share,vendor_mapping,inherited_unverified,tax_ptm_spread_slippage_unverified,,true,false,2026-09-11
ELCO,ELCO.L,ELCOl1_EQ,ordinary_share,single_stock,aim,plain,GBX,100,,0,conditional_aim_exemption,true,London Stock Exchange AIM,,GB0003081246,Eleco,,,,STOCKS,GB,GB,unverified,exempt_aim,not_verified,,candidate_not_verified,not_audited,,ordinary_share,vendor_mapping,inherited_unverified,tax_ptm_spread_slippage_unverified,,true,false,2026-09-11
UBG,UBG.L,ELTAl_EQ,ordinary_share,single_stock,aim,plain,GBX,100,,0,conditional_aim_exemption,true,London Stock Exchange AIM,,GB0003085445,Unbound Group,,,,STOCKS,GB,GB,unverified,exempt_aim,not_verified,,candidate_not_verified,not_audited,,ordinary_share,vendor_mapping,inherited_unverified,tax_ptm_spread_slippage_unverified,,true,false,2026-09-11
PRM,PRM.L,PRMl_EQ,ordinary_share,single_stock,aim,plain,GBX,100,,0,conditional_aim_exemption,true,London Stock Exchange AIM,,GB0003104196,Proteome Sciences,,,,STOCKS,GB,GB,unverified,exempt_aim,not_verified,,candidate_not_verified,not_audited,,ordinary_share,vendor_mapping,inherited_unverified,tax_ptm_spread_slippage_unverified,,true,false,2026-09-11
EUA,EUA.L,EUAl_EQ,ordinary_share,single_stock,aim,plain,GBX,100,,0,conditional_aim_exemption,true,London Stock Exchange AIM,,GB0003230421,Eurasia Mining,,,,STOCKS,GB,GB,unverified,exempt_aim,not_verified,,candidate_not_verified,not_audited,,ordinary_share,vendor_mapping,inherited_unverified,tax_ptm_spread_slippage_unverified,,true,false,2026-09-11
IGP,IGP.L,IGPl_EQ,ordinary_share,single_stock,aim,plain,GBX,100,,0,conditional_aim_exemption,true,London Stock Exchange AIM,,GB0003287249,Intercede,,,,STOCKS,GB,GB,unverified,exempt_aim,not_verified,,candidate_not_verified,not_audited,,ordinary_share,vendor_mapping,inherited_unverified,tax_ptm_spread_slippage_unverified,,true,false,2026-09-11
FKE,FKE.L,FKEl_EQ,ordinary_share,single_stock,aim,plain,GBX,100,,0,conditional_aim_exemption,true,London Stock Exchange AIM,,GB0003353157,Fiske,,,,STOCKS,GB,GB,unverified,exempt_aim,not_verified,,candidate_not_verified,not_audited,,ordinary_share,vendor_mapping,inherited_unverified,tax_ptm_spread_slippage_unverified,,true,false,2026-09-11
FTC,FTC.L,FTCl_EQ,ordinary_share,single_stock,aim,plain,GBX,100,,0,conditional_aim_exemption,true,London Stock Exchange AIM,,GB0003362992,Filtronic,,,,STOCKS,GB,GB,unverified,exempt_aim,not_verified,,candidate_not_verified,not_audited,,ordinary_share,vendor_mapping,inherited_unverified,tax_ptm_spread_slippage_unverified,,true,false,2026-09-11
FLK,FLK.L,FLKl_EQ,ordinary_share,single_stock,aim,plain,GBX,100,,0,conditional_aim_exemption,true,London Stock Exchange AIM,,GB0003425310,Fletcher King,,,,STOCKS,GB,GB,unverified,exempt_aim,not_verified,,candidate_not_verified,not_audited,,ordinary_share,vendor_mapping,inherited_unverified,tax_ptm_spread_slippage_unverified,,true,false,2026-09-11
SUN,SUN.L,SUNl_EQ,ordinary_share,single_stock,aim,plain,GBX,100,,0,conditional_aim_exemption,true,London Stock Exchange AIM,,GB0004016704,Surgical Innovations,,,,STOCKS,GB,GB,unverified,exempt_aim,not_verified,,candidate_not_verified,not_audited,,ordinary_share,vendor_mapping,inherited_unverified,tax_ptm_spread_slippage_unverified,,true,false,2026-09-11
FPO,FPO.L,FPOl_EQ,ordinary_share,single_stock,aim,plain,GBX,100,,0,conditional_aim_exemption,true,London Stock Exchange AIM,,GB0004109889,First Property,,,,STOCKS,GB,GB,unverified,exempt_aim,not_verified,,candidate_not_verified,not_audited,,ordinary_share,vendor_mapping,inherited_unverified,tax_ptm_spread_slippage_unverified,,true,false,2026-09-11
EBQ,EBQ.L,EBQl_EQ,ordinary_share,single_stock,aim,plain,GBX,100,,0,conditional_aim_exemption,true,London Stock Exchange AIM,,GB0004126057,Ebiquity,,,,STOCKS,GB,GB,unverified,exempt_aim,not_verified,,candidate_not_verified,not_audited,,ordinary_share,vendor_mapping,inherited_unverified,tax_ptm_spread_slippage_unverified,,true,false,2026-09-11
HSM,HSM.L,HSMl_EQ,ordinary_share,single_stock,aim,plain,GBX,100,,0,conditional_aim_exemption,true,London Stock Exchange AIM,,GB0004178710,Samuel Heath & Sons,,,,STOCKS,GB,GB,unverified,exempt_aim,not_verified,,candidate_not_verified,not_audited,,ordinary_share,vendor_mapping,inherited_unverified,tax_ptm_spread_slippage_unverified,,true,false,2026-09-11
HVTA,HVTA.L,HVTAl_EQ,ordinary_share,single_stock,aim,plain,GBX,100,,0,conditional_aim_exemption,true,London Stock Exchange AIM,,GB0004182720,Heavitree Brewery,,,,STOCKS,GB,GB,unverified,exempt_aim,not_verified,,candidate_not_verified,not_audited,,ordinary_share,vendor_mapping,inherited_unverified,tax_ptm_spread_slippage_unverified,,true,false,2026-09-11
IOM,IOM.L,IOMl_EQ,ordinary_share,single_stock,aim,plain,GBX,100,,0,conditional_aim_exemption,true,London Stock Exchange AIM,,GB0004281639,iomart,,,,STOCKS,GB,GB,unverified,exempt_aim,not_verified,,candidate_not_verified,not_audited,,ordinary_share,vendor_mapping,inherited_unverified,tax_ptm_spread_slippage_unverified,,true,false,2026-09-11
CCP,CCP.L,CCPl_EQ,ordinary_share,single_stock,aim,plain,GBX,100,,0,conditional_aim_exemption,true,London Stock Exchange AIM,,GB0004339189,Celtic,,,,STOCKS,GB,GB,unverified,exempt_aim,not_verified,,candidate_not_verified,not_audited,,ordinary_share,vendor_mapping,inherited_unverified,tax_ptm_spread_slippage_unverified,,true,false,2026-09-11
IGR,IGR.L,IGRl_EQ,ordinary_share,single_stock,aim,plain,GBX,100,,0,conditional_aim_exemption,true,London Stock Exchange AIM,,GB0004526900,IG Design,,,,STOCKS,GB,GB,unverified,exempt_aim,not_verified,,candidate_not_verified,not_audited,,ordinary_share,vendor_mapping,inherited_unverified,tax_ptm_spread_slippage_unverified,,true,false,2026-09-11
AMS,AMS.L,AMSl_EQ,ordinary_share,single_stock,aim,plain,GBX,100,,0,conditional_aim_exemption,true,London Stock Exchange AIM,,GB0004536594,Advanced Medical Solutions,,,,STOCKS,GB,GB,unverified,exempt_aim,not_verified,,candidate_not_verified,not_audited,,ordinary_share,vendor_mapping,inherited_unverified,tax_ptm_spread_slippage_unverified,,true,false,2026-09-11
IPX,IPX.L,IPXl_EQ,ordinary_share,single_stock,aim,plain,GBX,100,,0,conditional_aim_exemption,true,London Stock Exchange AIM,,GB0004905260,Impax Asset Management,,,,STOCKS,GB,GB,unverified,exempt_aim,not_verified,,candidate_not_verified,not_audited,,ordinary_share,vendor_mapping,inherited_unverified,tax_ptm_spread_slippage_unverified,,true,false,2026-09-11
PNS,PNS.L,PNSl_EQ,ordinary_share,single_stock,aim,plain,GBX,100,,0,conditional_aim_exemption,true,London Stock Exchange AIM,,GB0005132070,Panther Securities,,,,STOCKS,GB,GB,unverified,exempt_aim,not_verified,,candidate_not_verified,not_audited,,ordinary_share,vendor_mapping,inherited_unverified,tax_ptm_spread_slippage_unverified,,true,false,2026-09-11
LSC,LSC.L,LSCl_EQ,ordinary_share,single_stock,aim,plain,GBX,100,,0,conditional_aim_exemption,true,London Stock Exchange AIM,,GB0005314363,London Security,,,,STOCKS,GB,GB,unverified,exempt_aim,not_verified,,candidate_not_verified,not_audited,,ordinary_share,vendor_mapping,inherited_unverified,tax_ptm_spread_slippage_unverified,,true,false,2026-09-11
RNWH,RNWH.L,RNWHl_EQ,ordinary_share,single_stock,aim,plain,GBX,100,,0,conditional_aim_exemption,true,London Stock Exchange AIM,,GB0005359004,Renew,,,,STOCKS,GB,GB,unverified,exempt_aim,not_verified,,candidate_not_verified,not_audited,,ordinary_share,vendor_mapping,inherited_unverified,tax_ptm_spread_slippage_unverified,,true,false,2026-09-11
MAC,MAC.L,MACl_EQ,ordinary_share,single_stock,aim,plain,GBX,100,,0,conditional_aim_exemption,true,London Stock Exchange AIM,,GB0005401087,Marechale Capital,,,,STOCKS,GB,GB,unverified,exempt_aim,not_verified,,candidate_not_verified,not_audited,,ordinary_share,vendor_mapping,inherited_unverified,tax_ptm_spread_slippage_unverified,business_model_review,true,false,2026-09-11
MSI,MSI.L,MSIl_EQ,ordinary_share,single_stock,aim,plain,GBX,100,,0,conditional_aim_exemption,true,London Stock Exchange AIM,,GB0005957005,MS International,,,,STOCKS,GB,GB,unverified,exempt_aim,not_verified,,candidate_not_verified,not_audited,,ordinary_share,vendor_mapping,inherited_unverified,tax_ptm_spread_slippage_unverified,,true,false,2026-09-11
MPAC,MPAC.L,MPACl_EQ,ordinary_share,single_stock,aim,plain,GBX,100,,0,conditional_aim_exemption,true,London Stock Exchange AIM,,GB0005991111,Mpac Group,,,,STOCKS,GB,GB,unverified,exempt_aim,not_verified,,candidate_not_verified,not_audited,,ordinary_share,vendor_mapping,inherited_unverified,tax_ptm_spread_slippage_unverified,,true,false,2026-09-11
MUL,MUL.L,MULl_EQ,ordinary_share,single_stock,aim,plain,GBX,100,,0,conditional_aim_exemption,true,London Stock Exchange AIM,,GB0006094303,Mulberry,,,,STOCKS,GB,GB,unverified,exempt_aim,not_verified,,candidate_not_verified,not_audited,,ordinary_share,vendor_mapping,inherited_unverified,tax_ptm_spread_slippage_unverified,,true,false,2026-09-11
NICL,NICL.L,NICLl_EQ,ordinary_share,single_stock,aim,plain,GBX,100,,0,conditional_aim_exemption,true,London Stock Exchange AIM,,GB0006389398,Nichols,,,,STOCKS,GB,GB,unverified,exempt_aim,not_verified,,candidate_not_verified,not_audited,,ordinary_share,vendor_mapping,inherited_unverified,tax_ptm_spread_slippage_unverified,,true,false,2026-09-11
NWF,NWF.L,NWFl_EQ,ordinary_share,single_stock,aim,plain,GBX,100,,0,conditional_aim_exemption,true,London Stock Exchange AIM,,GB0006523608,NWF Group,,,,STOCKS,GB,GB,unverified,exempt_aim,not_verified,,candidate_not_verified,not_audited,,ordinary_share,vendor_mapping,inherited_unverified,tax_ptm_spread_slippage_unverified,,true,false,2026-09-11
PMP,PMP.L,PMPl_EQ,ordinary_share,single_stock,aim,plain,GBX,100,,0,conditional_aim_exemption,true,London Stock Exchange AIM,,GB0006957293,Portmeirion,,,,STOCKS,GB,GB,unverified,exempt_aim,not_verified,,candidate_not_verified,not_audited,,ordinary_share,vendor_mapping,inherited_unverified,tax_ptm_spread_slippage_unverified,,true,false,2026-09-11
ZYT,ZYT.L,ZYTl_EQ,ordinary_share,single_stock,aim,plain,GBX,100,,0,conditional_aim_exemption,true,London Stock Exchange AIM,,GB0006971013,Zytronic,,,,STOCKS,GB,GB,unverified,exempt_aim,not_verified,,candidate_not_verified,not_audited,,ordinary_share,vendor_mapping,inherited_unverified,tax_ptm_spread_slippage_unverified,,true,false,2026-09-11
SNX,SNX.L,SNXl_EQ,ordinary_share,single_stock,aim,plain,GBX,100,,0,conditional_aim_exemption,true,London Stock Exchange AIM,,GB0007156838,Synectics,,,,STOCKS,GB,GB,unverified,exempt_aim,not_verified,,candidate_not_verified,not_audited,,ordinary_share,vendor_mapping,inherited_unverified,tax_ptm_spread_slippage_unverified,,true,false,2026-09-11
LPA,LPA.L,LPAl_EQ,ordinary_share,single_stock,aim,plain,GBX,100,,0,conditional_aim_exemption,true,London Stock Exchange AIM,,GB0007320806,LPA,,,,STOCKS,GB,GB,unverified,exempt_aim,not_verified,,candidate_not_verified,not_audited,,ordinary_share,vendor_mapping,inherited_unverified,tax_ptm_spread_slippage_unverified,,true,false,2026-09-11
RNO,RNO.L,RNOl_EQ,ordinary_share,single_stock,aim,plain,GBX,100,,0,conditional_aim_exemption,true,London Stock Exchange AIM,,GB0007325078,Renold,,,,STOCKS,GB,GB,unverified,exempt_aim,not_verified,,candidate_not_verified,not_audited,,ordinary_share,vendor_mapping,inherited_unverified,tax_ptm_spread_slippage_unverified,,true,false,2026-09-11
MPE,MPE.L,MPEl_EQ,ordinary_share,single_stock,aim,plain,GBX,100,,0,conditional_aim_exemption,true,London Stock Exchange AIM,,GB0007538100,MP Evans,,,,STOCKS,GB,GB,unverified,exempt_aim,not_verified,,candidate_not_verified,not_audited,,ordinary_share,vendor_mapping,inherited_unverified,tax_ptm_spread_slippage_unverified,,true,false,2026-09-11
ARBB,ARBB.L,ARBBl_EQ,ordinary_share,single_stock,aim,plain,GBX,100,,0,conditional_aim_exemption,true,London Stock Exchange AIM,,GB0007922338,Arbuthnot Banking Group,,,,STOCKS,GB,GB,unverified,exempt_aim,not_verified,,candidate_not_verified,not_audited,,ordinary_share,vendor_mapping,inherited_unverified,tax_ptm_spread_slippage_unverified,,true,false,2026-09-11
SIXH,SIXH.L,SIXHl_EQ,ordinary_share,single_stock,aim,plain,GBX,100,,0,conditional_aim_exemption,true,London Stock Exchange AIM,,GB0008121641,600 Group,,,,STOCKS,GB,GB,unverified,exempt_aim,not_verified,,candidate_not_verified,not_audited,,ordinary_share,vendor_mapping,inherited_unverified,tax_ptm_spread_slippage_unverified,,true,false,2026-09-11
AIEA,AIEA.L,AIEAl_EQ,ordinary_share,single_stock,aim,plain,GBX,100,,0,conditional_aim_exemption,true,London Stock Exchange AIM,,GB0008123027,Airea,,,,STOCKS,GB,GB,unverified,exempt_aim,not_verified,,candidate_not_verified,not_audited,,ordinary_share,vendor_mapping,inherited_unverified,tax_ptm_spread_slippage_unverified,,true,false,2026-09-11
SOLI,SOLI.L,SOLIl1_EQ,ordinary_share,single_stock,aim,plain,GBX,100,,0,conditional_aim_exemption,true,London Stock Exchange AIM,,GB0008237132,Solid State,,,,STOCKS,GB,GB,unverified,exempt_aim,not_verified,,candidate_not_verified,not_audited,,ordinary_share,vendor_mapping,inherited_unverified,tax_ptm_spread_slippage_unverified,,true,false,2026-09-11
SUH,SUH.L,SUHl_EQ,ordinary_share,single_stock,aim,plain,GBX,100,,0,conditional_aim_exemption,true,London Stock Exchange AIM,,GB0008659202,Sutton Harbour,,,,STOCKS,GB,GB,unverified,exempt_aim,not_verified,,candidate_not_verified,not_audited,,ordinary_share,vendor_mapping,inherited_unverified,tax_ptm_spread_slippage_unverified,,true,false,2026-09-11
TYM,TYM.L,TYMl_EQ,ordinary_share,single_stock,aim,plain,GBX,100,,0,conditional_aim_exemption,true,London Stock Exchange AIM,,GB0008854563,Tertiary Minerals,,,,STOCKS,GB,GB,unverified,exempt_aim,not_verified,,candidate_not_verified,not_audited,,ordinary_share,vendor_mapping,inherited_unverified,tax_ptm_spread_slippage_unverified,,true,false,2026-09-11
TON,TON.L,TONl_EQ,ordinary_share,single_stock,aim,plain,GBX,100,,0,conditional_aim_exemption,true,London Stock Exchange AIM,,GB0008941402,Titon,,,,STOCKS,GB,GB,unverified,exempt_aim,not_verified,,candidate_not_verified,not_audited,,ordinary_share,vendor_mapping,inherited_unverified,tax_ptm_spread_slippage_unverified,,true,false,2026-09-11
CCT,CCT.L,CCTl_EQ,ordinary_share,single_stock,aim,plain,GBX,100,,0,conditional_aim_exemption,true,London Stock Exchange AIM,,GB0008976119,Character Group,,,,STOCKS,GB,GB,unverified,exempt_aim,not_verified,,candidate_not_verified,not_audited,,ordinary_share,vendor_mapping,inherited_unverified,tax_ptm_spread_slippage_unverified,,true,false,2026-09-11
MTC,MTC.L,MTCl_EQ,ordinary_share,single_stock,aim,plain,GBX,100,,0,conditional_aim_exemption,true,London Stock Exchange AIM,,GB0009067447,Mothercare,,,,STOCKS,GB,GB,unverified,exempt_aim,not_verified,,candidate_not_verified,not_audited,,ordinary_share,vendor_mapping,inherited_unverified,tax_ptm_spread_slippage_unverified,,true,false,2026-09-11
AVG,AVG.L,AVGl_EQ,ordinary_share,single_stock,aim,plain,GBX,100,,0,conditional_aim_exemption,true,London Stock Exchange AIM,,GB0009188797,Avingtrans,,,,STOCKS,GB,GB,unverified,exempt_aim,not_verified,,candidate_not_verified,not_audited,,ordinary_share,vendor_mapping,inherited_unverified,tax_ptm_spread_slippage_unverified,,true,false,2026-09-11
SYM,SYM.L,SYMl_EQ,ordinary_share,single_stock,aim,plain,GBX,100,,0,conditional_aim_exemption,true,London Stock Exchange AIM,,GB0009589168,Symphony Environmental Technologies,,,,STOCKS,GB,GB,unverified,exempt_aim,not_verified,,candidate_not_verified,not_audited,,ordinary_share,vendor_mapping,inherited_unverified,tax_ptm_spread_slippage_unverified,,true,false,2026-09-11
IQE,IQE.L,IQEl_EQ,ordinary_share,single_stock,aim,plain,GBX,100,,0,conditional_aim_exemption,true,London Stock Exchange AIM,,GB0009619924,IQE,,,,STOCKS,GB,GB,unverified,exempt_aim,not_verified,,candidate_not_verified,not_audited,,ordinary_share,vendor_mapping,inherited_unverified,tax_ptm_spread_slippage_unverified,,true,false,2026-09-11
SFT,SFT.L,SFTl_EQ,ordinary_share,single_stock,aim,plain,GBX,100,,0,conditional_aim_exemption,true,London Stock Exchange AIM,,GB0009638130,Software Circle,,,,STOCKS,GB,GB,unverified,exempt_aim,not_verified,,candidate_not_verified,not_audited,,ordinary_share,vendor_mapping,inherited_unverified,tax_ptm_spread_slippage_unverified,,true,false,2026-09-11
PCIP,PCIP.L,PCIPl_EQ,ordinary_share,single_stock,aim,plain,GBX,100,,0,conditional_aim_exemption,true,London Stock Exchange AIM,,GB0009737155,PCI-PAL,,,,STOCKS,GB,GB,unverified,exempt_aim,not_verified,,candidate_not_verified,not_audited,,ordinary_share,vendor_mapping,inherited_unverified,tax_ptm_spread_slippage_unverified,,true,false,2026-09-11
WSP,WSP.L,WSPl_EQ,ordinary_share,single_stock,aim,plain,GBX,100,,0,conditional_aim_exemption,true,London Stock Exchange AIM,,GB0009842898,Wynnstay Properties,,,,STOCKS,GB,GB,unverified,exempt_aim,not_verified,,candidate_not_verified,not_audited,,ordinary_share,vendor_mapping,inherited_unverified,tax_ptm_spread_slippage_unverified,,true,false,2026-09-11
NFG,NFG.L,NFCl_EQ,ordinary_share,single_stock,aim,plain,GBX,100,,0,conditional_aim_exemption,true,London Stock Exchange AIM,,GB0030026057,Next 15 Group,,,,STOCKS,GB,GB,unverified,exempt_aim,not_verified,,candidate_not_verified,not_audited,,ordinary_share,vendor_mapping,inherited_unverified,tax_ptm_spread_slippage_unverified,,true,false,2026-09-11
DIS,DIS.L,DISl_EQ,ordinary_share,single_stock,aim,plain,GBX,100,,0,conditional_aim_exemption,true,London Stock Exchange AIM,,GB0030164023,Distil,,,,STOCKS,GB,GB,unverified,exempt_aim,not_verified,,candidate_not_verified,not_audited,,ordinary_share,vendor_mapping,inherited_unverified,tax_ptm_spread_slippage_unverified,,true,false,2026-09-11
TRB,TRB.L,TRBl_EQ,ordinary_share,single_stock,aim,plain,GBX,100,,0,conditional_aim_exemption,true,London Stock Exchange AIM,,GB0030181522,Tribal,,,,STOCKS,GB,GB,unverified,exempt_aim,not_verified,,candidate_not_verified,not_audited,,ordinary_share,vendor_mapping,inherited_unverified,tax_ptm_spread_slippage_unverified,,true,false,2026-09-11
OMG,OMG.L,OMGl_EQ,ordinary_share,single_stock,aim,plain,GBX,100,,0,conditional_aim_exemption,true,London Stock Exchange AIM,,GB0030312788,Oxford Metrics,,,,STOCKS,GB,GB,unverified,exempt_aim,not_verified,,candidate_not_verified,not_audited,,ordinary_share,vendor_mapping,inherited_unverified,tax_ptm_spread_slippage_unverified,,true,false,2026-09-11
IRON,IRON.L,IRONl_EQ,ordinary_share,single_stock,aim,plain,GBX,100,,0,conditional_aim_exemption,true,London Stock Exchange AIM,,GB0030426455,Ironveld,,,,STOCKS,GB,GB,unverified,exempt_aim,not_verified,,candidate_not_verified,not_audited,,ordinary_share,vendor_mapping,inherited_unverified,tax_ptm_spread_slippage_unverified,,true,false,2026-09-11
IGE,IGE.L,IGEl_EQ,ordinary_share,single_stock,aim,plain,GBX,100,,0,conditional_aim_exemption,true,London Stock Exchange AIM,,GB0031410581,Image Scan Holdings,,,,STOCKS,GB,GB,unverified,exempt_aim,not_verified,,candidate_not_verified,not_audited,,ordinary_share,vendor_mapping,inherited_unverified,tax_ptm_spread_slippage_unverified,,true,false,2026-09-11
EKF,EKF.L,EKFl_EQ,ordinary_share,single_stock,aim,plain,GBX,100,,0,conditional_aim_exemption,true,London Stock Exchange AIM,,GB0031509804,EKF Diagnostics,,,,STOCKS,GB,GB,unverified,exempt_aim,not_verified,,candidate_not_verified,not_audited,,ordinary_share,vendor_mapping,inherited_unverified,tax_ptm_spread_slippage_unverified,,true,false,2026-09-11
ENW,ENW.L,ENWl_EQ,ordinary_share,single_stock,aim,plain,GBX,100,,0,conditional_aim_exemption,true,London Stock Exchange AIM,,GB0031775819,Enwell Energy,,,,STOCKS,GB,GB,unverified,exempt_aim,not_verified,,candidate_not_verified,not_audited,,ordinary_share,vendor_mapping,inherited_unverified,tax_ptm_spread_slippage_unverified,,true,false,2026-09-11
JLP,JLP.L,JLPl_EQ,ordinary_share,single_stock,aim,plain,GBX,100,,0,conditional_aim_exemption,true,London Stock Exchange AIM,,GB0031852162,Jubilee Metals,,,,STOCKS,GB,GB,unverified,exempt_aim,not_verified,,candidate_not_verified,not_audited,,ordinary_share,vendor_mapping,inherited_unverified,tax_ptm_spread_slippage_unverified,,true,false,2026-09-11
EAH,EAH.L,EAHl_EQ,ordinary_share,single_stock,aim,plain,GBX,100,,0,conditional_aim_exemption,true,London Stock Exchange AIM,,GB0032036807,Eco Animal Health,,,,STOCKS,GB,GB,unverified,exempt_aim,not_verified,,candidate_not_verified,not_audited,,ordinary_share,vendor_mapping,inherited_unverified,tax_ptm_spread_slippage_unverified,,true,false,2026-09-11
VLE,VLE.L,VLEl_EQ,ordinary_share,single_stock,aim,plain,GBX,100,,0,conditional_aim_exemption,true,London Stock Exchange AIM,,GB0032302688,Volvere,,,,STOCKS,GB,GB,unverified,exempt_aim,not_verified,,candidate_not_verified,not_audited,,ordinary_share,vendor_mapping,inherited_unverified,tax_ptm_spread_slippage_unverified,,true,false,2026-09-11
JDG,JDG.L,JDGl_EQ,ordinary_share,single_stock,aim,plain,GBX,100,,0,conditional_aim_exemption,true,London Stock Exchange AIM,,GB0032398678,Judges Scientific,,,,STOCKS,GB,GB,unverified,exempt_aim,not_verified,,candidate_not_verified,not_audited,,ordinary_share,vendor_mapping,inherited_unverified,tax_ptm_spread_slippage_unverified,,true,false,2026-09-11
CDGP,CDGP.L,CDGPl_EQ,ordinary_share,single_stock,aim,plain,GBX,100,,0,conditional_aim_exemption,true,London Stock Exchange AIM,,GB0032706284,Chapel Down Group,,,,STOCKS,GB,GB,unverified,exempt_aim,not_verified,,candidate_not_verified,not_audited,,ordinary_share,vendor_mapping,inherited_unverified,tax_ptm_spread_slippage_unverified,,true,false,2026-09-11
FUM,FUM.L,FUMl_EQ,ordinary_share,single_stock,aim,plain,GBX,100,,0,conditional_aim_exemption,true,London Stock Exchange AIM,,GB0033278473,Futura Medical,,,,STOCKS,GB,GB,unverified,exempt_aim,not_verified,,candidate_not_verified,not_audited,,ordinary_share,vendor_mapping,inherited_unverified,tax_ptm_spread_slippage_unverified,,true,false,2026-09-11
CIC,CIC.L,CICl_EQ,ordinary_share,single_stock,aim,plain,GBX,100,,0,conditional_aim_exemption,true,London Stock Exchange AIM,,GB0033698720,Conygar Investment Co,,,,STOCKS,GB,GB,unverified,exempt_aim,not_verified,,candidate_not_verified,not_audited,,ordinary_share,vendor_mapping,inherited_unverified,tax_ptm_spread_slippage_unverified,business_model_review,true,false,2026-09-11
IMM,IMM.L,IMMl_EQ,ordinary_share,single_stock,aim,plain,GBX,100,,0,conditional_aim_exemption,true,London Stock Exchange AIM,,GB0033711010,ImmuPharma,,,,STOCKS,GB,GB,unverified,exempt_aim,not_verified,,candidate_not_verified,not_audited,,ordinary_share,vendor_mapping,inherited_unverified,tax_ptm_spread_slippage_unverified,,true,false,2026-09-11
BANK,BANK.L,BANKl_EQ,ordinary_share,single_stock,aim,plain,GBX,100,,0,conditional_aim_exemption,true,London Stock Exchange AIM,,GB0033881904,FIINU,,,,STOCKS,GB,GB,unverified,exempt_aim,not_verified,,candidate_not_verified,not_audited,,ordinary_share,vendor_mapping,inherited_unverified,tax_ptm_spread_slippage_unverified,,true,false,2026-09-11
WYN,WYN.L,WYNl_EQ,ordinary_share,single_stock,aim,plain,GBX,100,,0,conditional_aim_exemption,true,London Stock Exchange AIM,,GB0034212331,Wynnstay Group,,,,STOCKS,GB,GB,unverified,exempt_aim,not_verified,,candidate_not_verified,not_audited,,ordinary_share,vendor_mapping,inherited_unverified,tax_ptm_spread_slippage_unverified,,true,false,2026-09-11
GCM,GCM.L,GCMl_EQ,ordinary_share,single_stock,aim,plain,GBX,100,,0,conditional_aim_exemption,true,London Stock Exchange AIM,,GB00B00KV284,GCM Resources,,,,STOCKS,GB,GB,unverified,exempt_aim,not_verified,,candidate_not_verified,not_audited,,ordinary_share,vendor_mapping,inherited_unverified,tax_ptm_spread_slippage_unverified,,true,false,2026-09-11
ITM,ITM.L,ITMl_EQ,ordinary_share,single_stock,aim,plain,GBX,100,,0,conditional_aim_exemption,true,London Stock Exchange AIM,,GB00B0130H42,ITM Power,,,,STOCKS,GB,GB,unverified,exempt_aim,not_verified,,candidate_not_verified,not_audited,,ordinary_share,vendor_mapping,inherited_unverified,tax_ptm_spread_slippage_unverified,,true,false,2026-09-11
MBH,MBH.L,MBHl_EQ,ordinary_share,single_stock,aim,plain,GBX,100,,0,conditional_aim_exemption,true,London Stock Exchange AIM,,GB00B013H060,Michelmersh Brick,,,,STOCKS,GB,GB,unverified,exempt_aim,not_verified,,candidate_not_verified,not_audited,,ordinary_share,vendor_mapping,inherited_unverified,tax_ptm_spread_slippage_unverified,,true,false,2026-09-11
AFRN,AFRN.L,AMOl_EQ,ordinary_share,single_stock,aim,plain,GBX,100,,0,conditional_aim_exemption,true,London Stock Exchange AIM,,GB00B013SN63,Aferian,,,,STOCKS,GB,GB,unverified,exempt_aim,not_verified,,candidate_not_verified,not_audited,,ordinary_share,vendor_mapping,inherited_unverified,tax_ptm_spread_slippage_unverified,,true,false,2026-09-11
HRN,HRN.L,HRNl_EQ,ordinary_share,single_stock,aim,plain,GBX,100,,0,conditional_aim_exemption,true,London Stock Exchange AIM,,GB00B01CZ652,Hornby,,,,STOCKS,GB,GB,unverified,exempt_aim,not_verified,,candidate_not_verified,not_audited,,ordinary_share,vendor_mapping,inherited_unverified,tax_ptm_spread_slippage_unverified,,true,false,2026-09-11
SAA,SAA.L,SAAl_EQ,ordinary_share,single_stock,aim,plain,GBX,100,,0,conditional_aim_exemption,true,London Stock Exchange AIM,,GB00B01F7T14,M&C Saatchi,,,,STOCKS,GB,GB,unverified,exempt_aim,not_verified,,candidate_not_verified,not_audited,,ordinary_share,vendor_mapping,inherited_unverified,tax_ptm_spread_slippage_unverified,,true,false,2026-09-11
FEN,FEN.L,FENl_EQ,ordinary_share,single_stock,aim,plain,GBX,100,,0,conditional_aim_exemption,true,London Stock Exchange AIM,,GB00B01YXQ71,Frenkel Topping,,,,STOCKS,GB,GB,unverified,exempt_aim,not_verified,,candidate_not_verified,not_audited,,ordinary_share,vendor_mapping,inherited_unverified,tax_ptm_spread_slippage_unverified,,true,false,2026-09-11
WINE,WINE.L,WINEl_EQ,ordinary_share,single_stock,aim,plain,GBX,100,,0,conditional_aim_exemption,true,London Stock Exchange AIM,,GB00B021F836,Naked Wines,,,,STOCKS,GB,GB,unverified,exempt_aim,not_verified,,candidate_not_verified,not_audited,,ordinary_share,vendor_mapping,inherited_unverified,tax_ptm_spread_slippage_unverified,,true,false,2026-09-11
AGY,AGY.L,AGYl_EQ,ordinary_share,single_stock,aim,plain,GBX,100,,0,conditional_aim_exemption,true,London Stock Exchange AIM,,GB00B02LCQ05,Allergy Therapeutics,,,,STOCKS,GB,GB,unverified,exempt_aim,not_verified,,candidate_not_verified,not_audited,,ordinary_share,vendor_mapping,inherited_unverified,tax_ptm_spread_slippage_unverified,,true,false,2026-09-11
BTG,BTG.L,BEGl_EQ,ordinary_share,single_stock,aim,plain,GBX,100,,0,conditional_aim_exemption,true,London Stock Exchange AIM,,GB00B0305S97,BTG Consulting,,,,STOCKS,GB,GB,unverified,exempt_aim,not_verified,,candidate_not_verified,not_audited,,ordinary_share,vendor_mapping,inherited_unverified,tax_ptm_spread_slippage_unverified,,true,false,2026-09-11
EMR,EMR.L,EMRl_EQ,ordinary_share,single_stock,aim,plain,GBX,100,,0,conditional_aim_exemption,true,London Stock Exchange AIM,,GB00B0358N07,Empresaria,,,,STOCKS,GB,GB,unverified,exempt_aim,not_verified,,candidate_not_verified,not_audited,,ordinary_share,vendor_mapping,inherited_unverified,tax_ptm_spread_slippage_unverified,,true,false,2026-09-11
SNG,SNG.L,OMYl_EQ,ordinary_share,single_stock,aim,plain,GBX,100,,0,conditional_aim_exemption,true,London Stock Exchange AIM,,GB00B0381Z20,Synairgen,,,,STOCKS,GB,GB,unverified,exempt_aim,not_verified,,candidate_not_verified,not_audited,,ordinary_share,vendor_mapping,inherited_unverified,tax_ptm_spread_slippage_unverified,,true,false,2026-09-11
MTL,MTL.L,MTLl_EQ,ordinary_share,single_stock,aim,plain,GBX,100,,0,conditional_aim_exemption,true,London Stock Exchange AIM,,GB00B0394F60,Metals Exploration,,,,STOCKS,GB,GB,unverified,exempt_aim,not_verified,,candidate_not_verified,not_audited,,ordinary_share,vendor_mapping,inherited_unverified,tax_ptm_spread_slippage_unverified,,true,false,2026-09-11
EOG,EOG.L,EOGl_EQ,ordinary_share,single_stock,aim,plain,GBX,100,,0,conditional_aim_exemption,true,London Stock Exchange AIM,,GB00B03CJS30,Europa Oil & Gas Holdings,,,,STOCKS,GB,GB,unverified,exempt_aim,not_verified,,candidate_not_verified,not_audited,,ordinary_share,vendor_mapping,inherited_unverified,tax_ptm_spread_slippage_unverified,,true,false,2026-09-11
UKR,UKR.L,UKRl_EQ,ordinary_share,single_stock,aim,plain,GBX,100,,0,conditional_aim_exemption,true,London Stock Exchange AIM,,GB00B03HK741,Ukrproduct,,,,STOCKS,GB,GB,unverified,exempt_aim,not_verified,,candidate_not_verified,not_audited,,ordinary_share,vendor_mapping,inherited_unverified,tax_ptm_spread_slippage_unverified,,true,false,2026-09-11
STAF,STAF.L,STAFl_EQ,ordinary_share,single_stock,aim,plain,GBX,100,,0,conditional_aim_exemption,true,London Stock Exchange AIM,,GB00B040L800,Staffline,,,,STOCKS,GB,GB,unverified,exempt_aim,not_verified,,candidate_not_verified,not_audited,,ordinary_share,vendor_mapping,inherited_unverified,tax_ptm_spread_slippage_unverified,,true,false,2026-09-11
MAI,MAI.L,MAIl_EQ,ordinary_share,single_stock,aim,plain,GBX,100,,0,conditional_aim_exemption,true,London Stock Exchange AIM,,GB00B046YG73,Maintel,,,,STOCKS,GB,GB,unverified,exempt_aim,not_verified,,candidate_not_verified,not_audited,,ordinary_share,vendor_mapping,inherited_unverified,tax_ptm_spread_slippage_unverified,,true,false,2026-09-11
LTHM,LTHM.L,LTHMl_EQ,ordinary_share,single_stock,aim,plain,GBX,100,,0,conditional_aim_exemption,true,London Stock Exchange AIM,,GB00B04NP100,James Latham,,,,STOCKS,GB,GB,unverified,exempt_aim,not_verified,,candidate_not_verified,not_audited,,ordinary_share,vendor_mapping,inherited_unverified,tax_ptm_spread_slippage_unverified,,true,false,2026-09-11
BLVN,BLVN.L,BLVNl_EQ,ordinary_share,single_stock,aim,plain,GBX,100,,0,conditional_aim_exemption,true,London Stock Exchange AIM,,GB00B04PYL99,BowLeven,,,,STOCKS,GB,GB,unverified,exempt_aim,not_verified,,candidate_not_verified,not_audited,,ordinary_share,vendor_mapping,inherited_unverified,tax_ptm_spread_slippage_unverified,,true,false,2026-09-11
AKN,AKN.L,ALBAl_EQ,ordinary_share,single_stock,aim,plain,GBX,100,,0,conditional_aim_exemption,true,London Stock Exchange AIM,,GB00B06KBB18,Arkadian Strategic Metals,,,,STOCKS,GB,GB,unverified,exempt_aim,not_verified,,candidate_not_verified,not_audited,,ordinary_share,vendor_mapping,inherited_unverified,tax_ptm_spread_slippage_unverified,,true,false,2026-09-11
SRES,SRES.L,SRESl_EQ,ordinary_share,single_stock,aim,plain,GBX,100,,0,conditional_aim_exemption,true,London Stock Exchange AIM,,GB00B075Z681,Sunrise Resources,,,,STOCKS,GB,GB,unverified,exempt_aim,not_verified,,candidate_not_verified,not_audited,,ordinary_share,vendor_mapping,inherited_unverified,tax_ptm_spread_slippage_unverified,,true,false,2026-09-11
TSTL,TSTL.L,TSTLl_EQ,ordinary_share,single_stock,aim,plain,GBX,100,,0,conditional_aim_exemption,true,London Stock Exchange AIM,,GB00B07RVT99,Tristel,,,,STOCKS,GB,GB,unverified,exempt_aim,not_verified,,candidate_not_verified,not_audited,,ordinary_share,vendor_mapping,inherited_unverified,tax_ptm_spread_slippage_unverified,,true,false,2026-09-11
AAU,AAU.L,AAUl_EQ,ordinary_share,single_stock,aim,plain,GBX,100,,0,conditional_aim_exemption,true,London Stock Exchange AIM,,GB00B085SD50,Ariana Resources,,,,STOCKS,GB,GB,unverified,exempt_aim,not_verified,,candidate_not_verified,not_audited,,ordinary_share,vendor_mapping,inherited_unverified,tax_ptm_spread_slippage_unverified,,true,false,2026-09-11
BOR,BOR.L,BORl_EQ,ordinary_share,single_stock,aim,plain,GBX,100,,0,conditional_aim_exemption,true,London Stock Exchange AIM,,GB00B08F4599,Borders & Southern Petroleum,,,,STOCKS,GB,GB,unverified,exempt_aim,not_verified,,candidate_not_verified,not_audited,,ordinary_share,vendor_mapping,inherited_unverified,tax_ptm_spread_slippage_unverified,,true,false,2026-09-11
PXS,PXS.L,PXSl_EQ,ordinary_share,single_stock,aim,plain,GBX,100,,0,conditional_aim_exemption,true,London Stock Exchange AIM,,GB00B0923P27,Provexis,,,,STOCKS,GB,GB,unverified,exempt_aim,not_verified,,candidate_not_verified,not_audited,,ordinary_share,vendor_mapping,inherited_unverified,tax_ptm_spread_slippage_unverified,,true,false,2026-09-11
EME,EME.L,EMEl_EQ,ordinary_share,single_stock,aim,plain,GBX,100,,0,conditional_aim_exemption,true,London Stock Exchange AIM,,GB00B09G2351,Empyrean Energy,,,,STOCKS,GB,GB,unverified,exempt_aim,not_verified,,candidate_not_verified,not_audited,,ordinary_share,vendor_mapping,inherited_unverified,tax_ptm_spread_slippage_unverified,,true,false,2026-09-11
CLON,CLON.L,CLONl_EQ,ordinary_share,single_stock,aim,plain,GBX,100,,0,conditional_aim_exemption,true,London Stock Exchange AIM,,GB00B09WLX62,Clontarf Energy,,,,STOCKS,GB,GB,unverified,exempt_aim,not_verified,,candidate_not_verified,not_audited,,ordinary_share,vendor_mapping,inherited_unverified,tax_ptm_spread_slippage_unverified,,true,false,2026-09-11
BGO,BGO.L,BGOl_EQ,ordinary_share,single_stock,aim,plain,GBX,100,,0,conditional_aim_exemption,true,London Stock Exchange AIM,,GB00B0BRN552,Bango,,,,STOCKS,GB,GB,unverified,exempt_aim,not_verified,,candidate_not_verified,not_audited,,ordinary_share,vendor_mapping,inherited_unverified,tax_ptm_spread_slippage_unverified,,true,false,2026-09-11
AAZ,AAZ.L,AAZl_EQ,ordinary_share,single_stock,aim,plain,GBX,100,,0,conditional_aim_exemption,true,London Stock Exchange AIM,,GB00B0C18177,Anglo Asian Mining,,,,STOCKS,GB,GB,unverified,exempt_aim,not_verified,,candidate_not_verified,not_audited,,ordinary_share,vendor_mapping,inherited_unverified,tax_ptm_spread_slippage_unverified,,true,false,2026-09-11
CKT,CKT.L,CKTl_EQ,ordinary_share,single_stock,aim,plain,GBX,100,,0,conditional_aim_exemption,true,London Stock Exchange AIM,,GB00B0C5RG72,Checkit,,,,STOCKS,GB,GB,unverified,exempt_aim,not_verified,,candidate_not_verified,not_audited,,ordinary_share,vendor_mapping,inherited_unverified,tax_ptm_spread_slippage_unverified,,true,false,2026-09-11
LEND,LEND.L,GLIFl_EQ,ordinary_share,single_stock,aim,plain,GBX,100,,0,conditional_aim_exemption,true,London Stock Exchange AIM,,GB00B0CL3P62,Sancus Lending,,,,STOCKS,GB,GB,unverified,exempt_aim,not_verified,,candidate_not_verified,not_audited,,ordinary_share,vendor_mapping,inherited_unverified,tax_ptm_spread_slippage_unverified,,true,false,2026-09-11
SQZ,SQZ.L,SQZl_EQ,ordinary_share,single_stock,aim,plain,GBX,100,,0,conditional_aim_exemption,true,London Stock Exchange AIM,,GB00B0CY5V57,Serica Energy,,,,STOCKS,GB,GB,unverified,exempt_aim,not_verified,,candidate_not_verified,not_audited,,ordinary_share,vendor_mapping,inherited_unverified,tax_ptm_spread_slippage_unverified,,true,false,2026-09-11
RKH,RKH.L,RKHl_EQ,ordinary_share,single_stock,aim,plain,GBX,100,,0,conditional_aim_exemption,true,London Stock Exchange AIM,,GB00B0FVQX23,Rockhopper Exploration,,,,STOCKS,GB,GB,unverified,exempt_aim,not_verified,,candidate_not_verified,not_audited,,ordinary_share,vendor_mapping,inherited_unverified,tax_ptm_spread_slippage_unverified,,true,false,2026-09-11
GDP,GDP.L,GDPl_EQ,ordinary_share,single_stock,aim,plain,GBX,100,,0,conditional_aim_exemption,true,London Stock Exchange AIM,,GB00B0HCWM45,Goldplat,,,,STOCKS,GB,GB,unverified,exempt_aim,not_verified,,candidate_not_verified,not_audited,,ordinary_share,vendor_mapping,inherited_unverified,tax_ptm_spread_slippage_unverified,,true,false,2026-09-11
GTC,GTC.L,GTCl_EQ,ordinary_share,single_stock,aim,plain,GBX,100,,0,conditional_aim_exemption,true,London Stock Exchange AIM,,GB00B0HZVP95,Getech,,,,STOCKS,GB,GB,unverified,exempt_aim,not_verified,,candidate_not_verified,not_audited,,ordinary_share,vendor_mapping,inherited_unverified,tax_ptm_spread_slippage_unverified,,true,false,2026-09-11
JHD,JHD.L,JHDl_EQ,ordinary_share,single_stock,aim,plain,GBX,100,,0,conditional_aim_exemption,true,London Stock Exchange AIM,,GB00B0LS8535,James Halstead,,,,STOCKS,GB,GB,unverified,exempt_aim,not_verified,,candidate_not_verified,not_audited,,ordinary_share,vendor_mapping,inherited_unverified,tax_ptm_spread_slippage_unverified,,true,false,2026-09-11
ALT,ALT.L,ALTl_EQ,ordinary_share,single_stock,aim,plain,GBX,100,,0,conditional_aim_exemption,true,London Stock Exchange AIM,,GB00B0LSFV82,Altitude,,,,STOCKS,GB,GB,unverified,exempt_aim,not_verified,,candidate_not_verified,not_audited,,ordinary_share,vendor_mapping,inherited_unverified,tax_ptm_spread_slippage_unverified,,true,false,2026-09-11
SRT,SRT.L,SRTl_EQ,ordinary_share,single_stock,aim,plain,GBX,100,,0,conditional_aim_exemption,true,London Stock Exchange AIM,,GB00B0M8KM36,SRT Marine Systems,,,,STOCKS,GB,GB,unverified,exempt_aim,not_verified,,candidate_not_verified,not_audited,,ordinary_share,vendor_mapping,inherited_unverified,tax_ptm_spread_slippage_unverified,,true,false,2026-09-11
POS,POS.L,POSl_EQ,ordinary_share,single_stock,aim,plain,GBX,100,,0,conditional_aim_exemption,true,London Stock Exchange AIM,,GB00B0MDF233,Plexus,,,,STOCKS,GB,GB,unverified,exempt_aim,not_verified,,candidate_not_verified,not_audited,,ordinary_share,vendor_mapping,inherited_unverified,tax_ptm_spread_slippage_unverified,,true,false,2026-09-11
HSP,HSP.L,HSPl_EQ,ordinary_share,single_stock,aim,plain,GBX,100,,0,conditional_aim_exemption,true,London Stock Exchange AIM,,GB00B0MTC970,Hargreaves Services,,,,STOCKS,GB,GB,unverified,exempt_aim,not_verified,,candidate_not_verified,not_audited,,ordinary_share,vendor_mapping,inherited_unverified,tax_ptm_spread_slippage_unverified,,true,false,2026-09-11
WTE,WTE.L,WTEl_EQ,ordinary_share,single_stock,aim,plain,GBX,100,,0,conditional_aim_exemption,true,London Stock Exchange AIM,,GB00B0S5KR31,Westmount Energy,,,,STOCKS,GB,GB,unverified,exempt_aim,not_verified,,candidate_not_verified,not_audited,,ordinary_share,vendor_mapping,inherited_unverified,tax_ptm_spread_slippage_unverified,,true,false,2026-09-11
ORR,ORR.L,ORRl_EQ,ordinary_share,single_stock,aim,plain,GBX,100,,0,conditional_aim_exemption,true,London Stock Exchange AIM,,GB00B0T29327,Oriole Resources,,,,STOCKS,GB,GB,unverified,exempt_aim,not_verified,,candidate_not_verified,not_audited,,ordinary_share,vendor_mapping,inherited_unverified,tax_ptm_spread_slippage_unverified,,true,false,2026-09-11
BPM,BPM.L,BPMl1_EQ,ordinary_share,single_stock,aim,plain,GBX,100,,0,conditional_aim_exemption,true,London Stock Exchange AIM,,GB00B0XLRJ79,BP Marsh & Partners,,,,STOCKS,GB,GB,unverified,exempt_aim,not_verified,,candidate_not_verified,not_audited,,ordinary_share,vendor_mapping,inherited_unverified,tax_ptm_spread_slippage_unverified,,true,false,2026-09-11
CHRT,CHRT.L,CHRTl_EQ,ordinary_share,single_stock,aim,plain,GBX,100,,0,conditional_aim_exemption,true,London Stock Exchange AIM,,GB00B0YD2B94,Cohort,,,,STOCKS,GB,GB,unverified,exempt_aim,not_verified,,candidate_not_verified,not_audited,,ordinary_share,vendor_mapping,inherited_unverified,tax_ptm_spread_slippage_unverified,,true,false,2026-09-11
GLR,GLR.L,GLRl_EQ,ordinary_share,single_stock,aim,plain,GBX,100,,0,conditional_aim_exemption,true,London Stock Exchange AIM,,GB00B115T142,Galileo Resources,,,,STOCKS,GB,GB,unverified,exempt_aim,not_verified,,candidate_not_verified,not_audited,,ordinary_share,vendor_mapping,inherited_unverified,tax_ptm_spread_slippage_unverified,,true,false,2026-09-11
QED,QED.L,QFIl_EQ,ordinary_share,single_stock,aim,plain,GBX,100,,0,conditional_aim_exemption,true,London Stock Exchange AIM,,GB00B11DDB67,Quadrise,,,,STOCKS,GB,GB,unverified,exempt_aim,not_verified,,candidate_not_verified,not_audited,,ordinary_share,vendor_mapping,inherited_unverified,tax_ptm_spread_slippage_unverified,,true,false,2026-09-11
TMG,TMG.L,TMGl_EQ,ordinary_share,single_stock,aim,plain,GBX,100,,0,conditional_aim_exemption,true,London Stock Exchange AIM,,GB00B11FD453,Mission,,,,STOCKS,GB,GB,unverified,exempt_aim,not_verified,,candidate_not_verified,not_audited,,ordinary_share,vendor_mapping,inherited_unverified,tax_ptm_spread_slippage_unverified,,true,false,2026-09-11
PTY,PTY.L,PTYl_EQ,ordinary_share,single_stock,aim,plain,GBX,100,,0,conditional_aim_exemption,true,London Stock Exchange AIM,,GB00B1235860,Partway,,,,STOCKS,GB,GB,unverified,exempt_aim,not_verified,,candidate_not_verified,not_audited,,ordinary_share,vendor_mapping,inherited_unverified,tax_ptm_spread_slippage_unverified,,true,false,2026-09-11
PANR,PANR.L,PANRl_EQ,ordinary_share,single_stock,aim,plain,GBX,100,,0,conditional_aim_exemption,true,London Stock Exchange AIM,,GB00B125SX82,Pantheon Resources,,,,STOCKS,GB,GB,unverified,exempt_aim,not_verified,,candidate_not_verified,not_audited,,ordinary_share,vendor_mapping,inherited_unverified,tax_ptm_spread_slippage_unverified,,true,false,2026-09-11
DSG,DSG.L,DSGl_EQ,ordinary_share,single_stock,aim,plain,GBX,100,,0,conditional_aim_exemption,true,London Stock Exchange AIM,,GB00B13QQB40,Dillistone,,,,STOCKS,GB,GB,unverified,exempt_aim,not_verified,,candidate_not_verified,not_audited,,ordinary_share,vendor_mapping,inherited_unverified,tax_ptm_spread_slippage_unverified,,true,false,2026-09-11
TRUE,TRUE.L,TRUEl_EQ,ordinary_share,single_stock,aim,plain,GBX,100,,0,conditional_aim_exemption,true,London Stock Exchange AIM,,GB00B13XV322,Truetide,,,,STOCKS,GB,GB,unverified,exempt_aim,not_verified,,candidate_not_verified,not_audited,,ordinary_share,vendor_mapping,inherited_unverified,tax_ptm_spread_slippage_unverified,,true,false,2026-09-11
VNET,VNET.L,VNETl_EQ,ordinary_share,single_stock,aim,plain,GBX,100,,0,conditional_aim_exemption,true,London Stock Exchange AIM,,GB00B13YVN56,Vianet,,,,STOCKS,GB,GB,unverified,exempt_aim,not_verified,,candidate_not_verified,not_audited,,ordinary_share,vendor_mapping,inherited_unverified,tax_ptm_spread_slippage_unverified,,true,false,2026-09-11
JET2,JET2.L,DTGl_EQ,ordinary_share,single_stock,aim,plain,GBX,100,,0,conditional_aim_exemption,true,London Stock Exchange AIM,,GB00B1722W11,JET2,,,,STOCKS,GB,GB,unverified,exempt_aim,not_verified,,candidate_not_verified,not_audited,,ordinary_share,vendor_mapping,inherited_unverified,tax_ptm_spread_slippage_unverified,,true,false,2026-09-11
BOW,BOW.L,BOWl_EQ,ordinary_share,single_stock,aim,plain,GBX,100,,0,conditional_aim_exemption,true,London Stock Exchange AIM,,GB00B17MN067,Bow Street,,,,STOCKS,GB,GB,unverified,exempt_aim,not_verified,,candidate_not_verified,not_audited,,ordinary_share,vendor_mapping,inherited_unverified,tax_ptm_spread_slippage_unverified,,true,false,2026-09-11
HPOW,HPOW.L,AFENl_EQ,ordinary_share,single_stock,aim,plain,GBX,100,,0,conditional_aim_exemption,true,London Stock Exchange AIM,,GB00B18S7B29,H-Power,,,,STOCKS,GB,GB,unverified,exempt_aim,not_verified,,candidate_not_verified,not_audited,,ordinary_share,vendor_mapping,inherited_unverified,tax_ptm_spread_slippage_unverified,,true,false,2026-09-11
NTBR,NTBR.L,NTBRl_EQ,ordinary_share,single_stock,aim,plain,GBX,100,,0,conditional_aim_exemption,true,London Stock Exchange AIM,,GB00B19FLM15,Northern Bear,,,,STOCKS,GB,GB,unverified,exempt_aim,not_verified,,candidate_not_verified,not_audited,,ordinary_share,vendor_mapping,inherited_unverified,tax_ptm_spread_slippage_unverified,,true,false,2026-09-11
BZT,BZT.L,BZTl_EQ,ordinary_share,single_stock,aim,plain,GBX,100,,0,conditional_aim_exemption,true,London Stock Exchange AIM,,GB00B1CKQD97,Bezant Resources,,,,STOCKS,GB,GB,unverified,exempt_aim,not_verified,,candidate_not_verified,not_audited,,ordinary_share,vendor_mapping,inherited_unverified,tax_ptm_spread_slippage_unverified,,true,false,2026-09-11
OMIP,OMIP.L,OMIPl_EQ,ordinary_share,single_stock,aim,plain,GBX,100,,0,conditional_aim_exemption,true,London Stock Exchange AIM,,GB00B1DRDZ07,One Media iP,,,,STOCKS,GB,GB,unverified,exempt_aim,not_verified,,candidate_not_verified,not_audited,,ordinary_share,vendor_mapping,inherited_unverified,tax_ptm_spread_slippage_unverified,,true,false,2026-09-11
GATC,GATC.L,GATCl_EQ,ordinary_share,single_stock,aim,plain,GBX,100,,0,conditional_aim_exemption,true,London Stock Exchange AIM,,GB00B1FMDQ43,Gattaca,,,,STOCKS,GB,GB,unverified,exempt_aim,not_verified,,candidate_not_verified,not_audited,,ordinary_share,vendor_mapping,inherited_unverified,tax_ptm_spread_slippage_unverified,,true,false,2026-09-11
ZOO,ZOO.L,ZOOl_EQ,ordinary_share,single_stock,aim,plain,GBX,100,,0,conditional_aim_exemption,true,London Stock Exchange AIM,,GB00B1FQDL10,Zoo Digital,,,,STOCKS,GB,GB,unverified,exempt_aim,not_verified,,candidate_not_verified,not_audited,,ordinary_share,vendor_mapping,inherited_unverified,tax_ptm_spread_slippage_unverified,,true,false,2026-09-11
POLR,POLR.L,POLRl_EQ,ordinary_share,single_stock,aim,plain,GBX,100,,0,conditional_aim_exemption,true,London Stock Exchange AIM,,GB00B1GCLT25,Polar Capital,,,,STOCKS,GB,GB,unverified,exempt_aim,not_verified,,candidate_not_verified,not_audited,,ordinary_share,vendor_mapping,inherited_unverified,tax_ptm_spread_slippage_unverified,business_model_review,true,false,2026-09-11
VTU,VTU.L,VTUl_EQ,ordinary_share,single_stock,aim,plain,GBX,100,,0,conditional_aim_exemption,true,London Stock Exchange AIM,,GB00B1GK4645,Vertu Motors,,,,STOCKS,GB,GB,unverified,exempt_aim,not_verified,,candidate_not_verified,not_audited,,ordinary_share,vendor_mapping,inherited_unverified,tax_ptm_spread_slippage_unverified,,true,false,2026-09-11
SYS1,SYS1.L,SYS1l_EQ,ordinary_share,single_stock,aim,plain,GBX,100,,0,conditional_aim_exemption,true,London Stock Exchange AIM,,GB00B1GVQH21,System1,,,,STOCKS,GB,GB,unverified,exempt_aim,not_verified,,candidate_not_verified,not_audited,,ordinary_share,vendor_mapping,inherited_unverified,tax_ptm_spread_slippage_unverified,,true,false,2026-09-11
INL,INL.L,INLl_EQ,ordinary_share,single_stock,aim,plain,GBX,100,,0,conditional_aim_exemption,true,London Stock Exchange AIM,,GB00B1TR0310,Inland Homes,,,,STOCKS,GB,GB,unverified,exempt_aim,not_verified,,candidate_not_verified,not_audited,,ordinary_share,vendor_mapping,inherited_unverified,tax_ptm_spread_slippage_unverified,,true,false,2026-09-11
GDR,GDR.L,GDRl_EQ,ordinary_share,single_stock,aim,plain,GBX,100,,0,conditional_aim_exemption,true,London Stock Exchange AIM,,GB00B1VKB244,Genedrive,,,,STOCKS,GB,GB,unverified,exempt_aim,not_verified,,candidate_not_verified,not_audited,,ordinary_share,vendor_mapping,inherited_unverified,tax_ptm_spread_slippage_unverified,,true,false,2026-09-11
YOU,YOU.L,YOUl_EQ,ordinary_share,single_stock,aim,plain,GBX,100,,0,conditional_aim_exemption,true,London Stock Exchange AIM,,GB00B1VQ6H25,YouGov,,,,STOCKS,GB,GB,unverified,exempt_aim,not_verified,,candidate_not_verified,not_audited,,ordinary_share,vendor_mapping,inherited_unverified,tax_ptm_spread_slippage_unverified,,true,false,2026-09-11
CSC,CSC.L,PRESl_EQ,ordinary_share,single_stock,aim,plain,GBX,100,,0,conditional_aim_exemption,true,London Stock Exchange AIM,,GB00B1XFKR57,Chesterfield Special Cylinders Holdings,,,,STOCKS,GB,GB,unverified,exempt_aim,not_verified,,candidate_not_verified,not_audited,,ordinary_share,vendor_mapping,inherited_unverified,tax_ptm_spread_slippage_unverified,,true,false,2026-09-11
WSG,WSG.L,WSGl_EQ,ordinary_share,single_stock,aim,plain,GBX,100,,0,conditional_aim_exemption,true,London Stock Exchange AIM,,GB00B1XLC220,Westminster Group,,,,STOCKS,GB,GB,unverified,exempt_aim,not_verified,,candidate_not_verified,not_audited,,ordinary_share,vendor_mapping,inherited_unverified,tax_ptm_spread_slippage_unverified,,true,false,2026-09-11
ORCP,ORCP.L,ORCPl_EQ,ordinary_share,single_stock,aim,plain,GBX,100,,0,conditional_aim_exemption,true,London Stock Exchange AIM,,GB00B23JN426,Oracle Power,,,,STOCKS,GB,GB,unverified,exempt_aim,not_verified,,candidate_not_verified,not_audited,,ordinary_share,vendor_mapping,inherited_unverified,tax_ptm_spread_slippage_unverified,,true,false,2026-09-11
HUW,HUW.L,HUWl_EQ,ordinary_share,single_stock,aim,plain,GBX,100,,0,conditional_aim_exemption,true,London Stock Exchange AIM,,GB00B23XLS45,Helios Underwriting,,,,STOCKS,GB,GB,unverified,exempt_aim,not_verified,,candidate_not_verified,not_audited,,ordinary_share,vendor_mapping,inherited_unverified,tax_ptm_spread_slippage_unverified,,true,false,2026-09-11
CRW,CRW.L,CRWl_EQ,ordinary_share,single_stock,aim,plain,GBX,100,,0,conditional_aim_exemption,true,London Stock Exchange AIM,,GB00B2425G68,Craneware,,,,STOCKS,GB,GB,unverified,exempt_aim,not_verified,,candidate_not_verified,not_audited,,ordinary_share,vendor_mapping,inherited_unverified,tax_ptm_spread_slippage_unverified,,true,false,2026-09-11
ETX,ETX.L,ETXl_EQ,ordinary_share,single_stock,aim,plain,GBX,100,,0,conditional_aim_exemption,true,London Stock Exchange AIM,,GB00B2823H99,e-Therapeutics,,,,STOCKS,GB,GB,unverified,exempt_aim,not_verified,,candidate_not_verified,not_audited,,ordinary_share,vendor_mapping,inherited_unverified,tax_ptm_spread_slippage_unverified,,true,false,2026-09-11
CMX,CMX.L,CMXl_EQ,ordinary_share,single_stock,aim,plain,GBX,100,,0,conditional_aim_exemption,true,London Stock Exchange AIM,,GB00B282R334,Catalyst Media,,,,STOCKS,GB,GB,unverified,exempt_aim,not_verified,,candidate_not_verified,not_audited,,ordinary_share,vendor_mapping,inherited_unverified,tax_ptm_spread_slippage_unverified,,true,false,2026-09-11
TRCS,TRCS.L,TRCSl_EQ,ordinary_share,single_stock,aim,plain,GBX,100,,0,conditional_aim_exemption,true,London Stock Exchange AIM,,GB00B28HSF71,Tracsis,,,,STOCKS,GB,GB,unverified,exempt_aim,not_verified,,candidate_not_verified,not_audited,,ordinary_share,vendor_mapping,inherited_unverified,tax_ptm_spread_slippage_unverified,,true,false,2026-09-11
NAR,NAR.L,NARl_EQ,ordinary_share,single_stock,aim,plain,GBX,100,,0,conditional_aim_exemption,true,London Stock Exchange AIM,,GB00B2Q99X01,Northamber,,,,STOCKS,GB,GB,unverified,exempt_aim,not_verified,,candidate_not_verified,not_audited,,ordinary_share,vendor_mapping,inherited_unverified,tax_ptm_spread_slippage_unverified,,true,false,2026-09-11
IOF,IOF.L,IOFl_EQ,ordinary_share,single_stock,aim,plain,GBX,100,,0,conditional_aim_exemption,true,London Stock Exchange AIM,,GB00B2QL5C79,Iofina,,,,STOCKS,GB,GB,unverified,exempt_aim,not_verified,,candidate_not_verified,not_audited,,ordinary_share,vendor_mapping,inherited_unverified,tax_ptm_spread_slippage_unverified,,true,false,2026-09-11
SAG,SAG.L,SAGl_EQ,ordinary_share,single_stock,aim,plain,GBX,100,,0,conditional_aim_exemption,true,London Stock Exchange AIM,,GB00B39GTJ17,Science,,,,STOCKS,GB,GB,unverified,exempt_aim,not_verified,,candidate_not_verified,not_audited,,ordinary_share,vendor_mapping,inherited_unverified,tax_ptm_spread_slippage_unverified,,true,false,2026-09-11
ING,ING.L,INGl_EQ,ordinary_share,single_stock,aim,plain,GBX,100,,0,conditional_aim_exemption,true,London Stock Exchange AIM,,GB00B3BDTG73,Ingenta,,,,STOCKS,GB,GB,unverified,exempt_aim,not_verified,,candidate_not_verified,not_audited,,ordinary_share,vendor_mapping,inherited_unverified,tax_ptm_spread_slippage_unverified,,true,false,2026-09-11
SDI,SDI.L,SDIl_EQ,ordinary_share,single_stock,aim,plain,GBX,100,,0,conditional_aim_exemption,true,London Stock Exchange AIM,,GB00B3FBWW43,SDI Group,,,,STOCKS,GB,GB,unverified,exempt_aim,not_verified,,candidate_not_verified,not_audited,,ordinary_share,vendor_mapping,inherited_unverified,tax_ptm_spread_slippage_unverified,,true,false,2026-09-11
ANP,ANP.L,ANPl_EQ,ordinary_share,single_stock,aim,plain,GBX,100,,0,conditional_aim_exemption,true,London Stock Exchange AIM,,GB00B3NWT178,Anpario,,,,STOCKS,GB,GB,unverified,exempt_aim,not_verified,,candidate_not_verified,not_audited,,ordinary_share,vendor_mapping,inherited_unverified,tax_ptm_spread_slippage_unverified,,true,false,2026-09-11
DPP,DPP.L,DPPl_EQ,ordinary_share,single_stock,aim,plain,GBX,100,,0,conditional_aim_exemption,true,London Stock Exchange AIM,,GB00B3Q74M51,DP Poland,,,,STOCKS,GB,GB,unverified,exempt_aim,not_verified,,candidate_not_verified,not_audited,,ordinary_share,vendor_mapping,inherited_unverified,tax_ptm_spread_slippage_unverified,,true,false,2026-09-11
DOTD,DOTD.L,DOTDl_EQ,ordinary_share,single_stock,aim,plain,GBX,100,,0,conditional_aim_exemption,true,London Stock Exchange AIM,,GB00B3W40C23,Dotdigital,,,,STOCKS,GB,GB,unverified,exempt_aim,not_verified,,candidate_not_verified,not_audited,,ordinary_share,vendor_mapping,inherited_unverified,tax_ptm_spread_slippage_unverified,,true,false,2026-09-11
GMAA,GMAA.L,GMAAl_EQ,ordinary_share,single_stock,aim,plain,GBX,100,,0,conditional_aim_exemption,true,London Stock Exchange AIM,,GB00B3ZP1526,Gama Aviation,,,,STOCKS,GB,GB,unverified,exempt_aim,not_verified,,candidate_not_verified,not_audited,,ordinary_share,vendor_mapping,inherited_unverified,tax_ptm_spread_slippage_unverified,,true,false,2026-09-11
NTQ,NTQ.L,NTQl_EQ,ordinary_share,single_stock,aim,plain,GBX,100,,0,conditional_aim_exemption,true,London Stock Exchange AIM,,GB00B41Q8Q68,Enteq Technologies,,,,STOCKS,GB,GB,unverified,exempt_aim,not_verified,,candidate_not_verified,not_audited,,ordinary_share,vendor_mapping,inherited_unverified,tax_ptm_spread_slippage_unverified,,true,false,2026-09-11
ROCK,ROCK.L,ROCKl_EQ,ordinary_share,single_stock,aim,plain,GBX,100,,0,conditional_aim_exemption,true,London Stock Exchange AIM,,GB00B42TN250,Rockfire Resources,,,,STOCKS,GB,GB,unverified,exempt_aim,not_verified,,candidate_not_verified,not_audited,,ordinary_share,vendor_mapping,inherited_unverified,tax_ptm_spread_slippage_unverified,,true,false,2026-09-11
TND,TND.L,TNDl_EQ,ordinary_share,single_stock,aim,plain,GBX,100,,0,conditional_aim_exemption,true,London Stock Exchange AIM,,GB00B460T373,Tandem,,,,STOCKS,GB,GB,unverified,exempt_aim,not_verified,,candidate_not_verified,not_audited,,ordinary_share,vendor_mapping,inherited_unverified,tax_ptm_spread_slippage_unverified,,true,false,2026-09-11
TAN,TAN.L,TANl_EQ,ordinary_share,single_stock,aim,plain,GBX,100,,0,conditional_aim_exemption,true,London Stock Exchange AIM,,GB00B4QHFM95,Tanfield,,,,STOCKS,GB,GB,unverified,exempt_aim,not_verified,,candidate_not_verified,not_audited,,ordinary_share,vendor_mapping,inherited_unverified,tax_ptm_spread_slippage_unverified,,true,false,2026-09-11
AEO,AEO.L,AEOl_EQ,ordinary_share,single_stock,aim,plain,GBX,100,,0,conditional_aim_exemption,true,London Stock Exchange AIM,,GB00B4QHH456,Aeorema Communications,,,,STOCKS,GB,GB,unverified,exempt_aim,not_verified,,candidate_not_verified,not_audited,,ordinary_share,vendor_mapping,inherited_unverified,tax_ptm_spread_slippage_unverified,,true,false,2026-09-11
BVXP,BVXP.L,BVXPl_EQ,ordinary_share,single_stock,aim,plain,GBX,100,,0,conditional_aim_exemption,true,London Stock Exchange AIM,,GB00B4QVDF07,Bioventix,,,,STOCKS,GB,GB,unverified,exempt_aim,not_verified,,candidate_not_verified,not_audited,,ordinary_share,vendor_mapping,inherited_unverified,tax_ptm_spread_slippage_unverified,,true,false,2026-09-11
WINK,WINK.L,WINKl_EQ,ordinary_share,single_stock,aim,plain,GBX,100,,0,conditional_aim_exemption,true,London Stock Exchange AIM,,GB00B4TT7L53,M Winkworth,,,,STOCKS,GB,GB,unverified,exempt_aim,not_verified,,candidate_not_verified,not_audited,,ordinary_share,vendor_mapping,inherited_unverified,tax_ptm_spread_slippage_unverified,,true,false,2026-09-11
SML,SML.L,SMLPl_EQ,ordinary_share,single_stock,aim,plain,GBX,100,,0,conditional_aim_exemption,true,London Stock Exchange AIM,,GB00B4W8PD74,Strategic Minerals,,,,STOCKS,GB,GB,unverified,exempt_aim,not_verified,,candidate_not_verified,not_audited,,ordinary_share,vendor_mapping,inherited_unverified,tax_ptm_spread_slippage_unverified,,true,false,2026-09-11
PHE,PHE.L,PHEl_EQ,ordinary_share,single_stock,aim,plain,GBX,100,,0,conditional_aim_exemption,true,London Stock Exchange AIM,,GB00B4WQVY43,Powerhouse Energy,,,,STOCKS,GB,GB,unverified,exempt_aim,not_verified,,candidate_not_verified,not_audited,,ordinary_share,vendor_mapping,inherited_unverified,tax_ptm_spread_slippage_unverified,,true,false,2026-09-11
AET,AET.L,SEYl_EQ,ordinary_share,single_stock,aim,plain,GBX,100,,0,conditional_aim_exemption,true,London Stock Exchange AIM,,GB00B4X3Q493,Afentra,,,,STOCKS,GB,GB,unverified,exempt_aim,not_verified,,candidate_not_verified,not_audited,,ordinary_share,vendor_mapping,inherited_unverified,tax_ptm_spread_slippage_unverified,,true,false,2026-09-11
PEG,PEG.L,PEGl_EQ,ordinary_share,single_stock,aim,plain,GBX,100,,0,conditional_aim_exemption,true,London Stock Exchange AIM,,GB00B4YL8F73,Petards,,,,STOCKS,GB,GB,unverified,exempt_aim,not_verified,,candidate_not_verified,not_audited,,ordinary_share,vendor_mapping,inherited_unverified,tax_ptm_spread_slippage_unverified,,true,false,2026-09-11
QBT,QBT.L,QBTl_EQ,ordinary_share,single_stock,aim,plain,GBX,100,,0,conditional_aim_exemption,true,London Stock Exchange AIM,,GB00B50P5B53,Quantum Blockchain Technologies,,,,STOCKS,GB,GB,unverified,exempt_aim,not_verified,,candidate_not_verified,not_audited,,ordinary_share,vendor_mapping,inherited_unverified,tax_ptm_spread_slippage_unverified,,true,false,2026-09-11
CNS,CNS.L,CNSl_EQ,ordinary_share,single_stock,aim,plain,GBX,100,,0,conditional_aim_exemption,true,London Stock Exchange AIM,,GB00B54X0432,Corero Network Security,,,,STOCKS,GB,GB,unverified,exempt_aim,not_verified,,candidate_not_verified,not_audited,,ordinary_share,vendor_mapping,inherited_unverified,tax_ptm_spread_slippage_unverified,,true,false,2026-09-11
CSSG,CSSG.L,CSSGl_EQ,ordinary_share,single_stock,aim,plain,GBX,100,,0,conditional_aim_exemption,true,London Stock Exchange AIM,,GB00B5MJV178,Croma Security Solutions,,,,STOCKS,GB,GB,unverified,exempt_aim,not_verified,,candidate_not_verified,not_audited,,ordinary_share,vendor_mapping,inherited_unverified,tax_ptm_spread_slippage_unverified,,true,false,2026-09-11
RST,RST.L,RSTl_EQ,ordinary_share,single_stock,aim,plain,GBX,100,,0,conditional_aim_exemption,true,London Stock Exchange AIM,,GB00B5NR1S72,Restore,,,,STOCKS,GB,GB,unverified,exempt_aim,not_verified,,candidate_not_verified,not_audited,,ordinary_share,vendor_mapping,inherited_unverified,tax_ptm_spread_slippage_unverified,,true,false,2026-09-11
BMIN,BMIN.L,BODl_EQ,ordinary_share,single_stock,aim,plain,GBX,100,,0,conditional_aim_exemption,true,London Stock Exchange AIM,,GB00B5TFC825,Botswana Minerals,,,,STOCKS,GB,GB,unverified,exempt_aim,not_verified,,candidate_not_verified,not_audited,,ordinary_share,vendor_mapping,inherited_unverified,tax_ptm_spread_slippage_unverified,,true,false,2026-09-11
IKA,IKA.L,IKAl_EQ,ordinary_share,single_stock,aim,plain,GBX,100,,0,conditional_aim_exemption,true,London Stock Exchange AIM,,GB00B608Z994,Ilika,,,,STOCKS,GB,GB,unverified,exempt_aim,not_verified,,candidate_not_verified,not_audited,,ordinary_share,vendor_mapping,inherited_unverified,tax_ptm_spread_slippage_unverified,,true,false,2026-09-11
THRU,THRU.L,THRUl_EQ,ordinary_share,single_stock,aim,plain,GBX,100,,0,conditional_aim_exemption,true,London Stock Exchange AIM,,GB00B627R876,Thruvision,,,,STOCKS,GB,GB,unverified,exempt_aim,not_verified,,candidate_not_verified,not_audited,,ordinary_share,vendor_mapping,inherited_unverified,tax_ptm_spread_slippage_unverified,,true,false,2026-09-11
SCLP,SCLP.L,SCLPl_EQ,ordinary_share,single_stock,aim,plain,GBX,100,,0,conditional_aim_exemption,true,London Stock Exchange AIM,,GB00B63D3314,Scancell,,,,STOCKS,GB,GB,unverified,exempt_aim,not_verified,,candidate_not_verified,not_audited,,ordinary_share,vendor_mapping,inherited_unverified,tax_ptm_spread_slippage_unverified,,true,false,2026-09-11
FIPP,FIPP.L,FIPPl_EQ,ordinary_share,single_stock,aim,plain,GBX,100,,0,conditional_aim_exemption,true,London Stock Exchange AIM,,GB00B63PS212,Frontier IP Group,,,,STOCKS,GB,GB,unverified,exempt_aim,not_verified,,candidate_not_verified,not_audited,,ordinary_share,vendor_mapping,inherited_unverified,tax_ptm_spread_slippage_unverified,,true,false,2026-09-11
SAV,SAV.L,SAVl_EQ,ordinary_share,single_stock,aim,plain,GBX,100,,0,conditional_aim_exemption,true,London Stock Exchange AIM,,GB00B647W791,Savannah Resources,,,,STOCKS,GB,GB,unverified,exempt_aim,not_verified,,candidate_not_verified,not_audited,,ordinary_share,vendor_mapping,inherited_unverified,tax_ptm_spread_slippage_unverified,,true,false,2026-09-11
CAML,CAML.L,CAMLl_EQ,ordinary_share,single_stock,aim,plain,GBX,100,,0,conditional_aim_exemption,true,London Stock Exchange AIM,,GB00B67KBV28,Central Asia Metals,,,,STOCKS,GB,GB,unverified,exempt_aim,not_verified,,candidate_not_verified,not_audited,,ordinary_share,vendor_mapping,inherited_unverified,tax_ptm_spread_slippage_unverified,,true,false,2026-09-11
KZG,KZG.L,KZGl_EQ,ordinary_share,single_stock,aim,plain,GBX,100,,0,conditional_aim_exemption,true,London Stock Exchange AIM,,GB00B830HW33,Kazera Global,,,,STOCKS,GB,GB,unverified,exempt_aim,not_verified,,candidate_not_verified,not_audited,,ordinary_share,vendor_mapping,inherited_unverified,tax_ptm_spread_slippage_unverified,,true,false,2026-09-11
CEPS,CEPS.L,CEPSl_EQ,ordinary_share,single_stock,aim,plain,GBX,100,,0,conditional_aim_exemption,true,London Stock Exchange AIM,,GB00B86TNX04,CEPS,,,,STOCKS,GB,GB,unverified,exempt_aim,not_verified,,candidate_not_verified,not_audited,,ordinary_share,vendor_mapping,inherited_unverified,tax_ptm_spread_slippage_unverified,,true,false,2026-09-11
COG,COG.L,COGl_EQ,ordinary_share,single_stock,aim,plain,GBX,100,,0,conditional_aim_exemption,true,London Stock Exchange AIM,,GB00B8DV9647,Cambridge Cognition,,,,STOCKS,GB,GB,unverified,exempt_aim,not_verified,,candidate_not_verified,not_audited,,ordinary_share,vendor_mapping,inherited_unverified,tax_ptm_spread_slippage_unverified,,true,false,2026-09-11
IPEL,IPEL.L,IPELl_EQ,ordinary_share,single_stock,aim,plain,GBX,100,,0,conditional_aim_exemption,true,London Stock Exchange AIM,,GB00B8HWGJ55,Impellam Group,,,,STOCKS,GB,GB,unverified,exempt_aim,not_verified,,candidate_not_verified,not_audited,,ordinary_share,vendor_mapping,inherited_unverified,tax_ptm_spread_slippage_unverified,,true,false,2026-09-11
VRS,VRS.L,VRSl_EQ,ordinary_share,single_stock,aim,plain,GBX,100,,0,conditional_aim_exemption,true,London Stock Exchange AIM,,GB00B8YZTJ80,Versarien,,,,STOCKS,GB,GB,unverified,exempt_aim,not_verified,,candidate_not_verified,not_audited,,ordinary_share,vendor_mapping,inherited_unverified,tax_ptm_spread_slippage_unverified,,true,false,2026-09-11
HVO,HVO.L,ORPHl_EQ,ordinary_share,single_stock,aim,plain,GBX,100,,0,conditional_aim_exemption,true,London Stock Exchange AIM,,GB00B9275X97,hVIVO,,,,STOCKS,GB,GB,unverified,exempt_aim,not_verified,,candidate_not_verified,not_audited,,ordinary_share,vendor_mapping,inherited_unverified,tax_ptm_spread_slippage_unverified,,true,false,2026-09-11
NXQ,NXQ.L,QXTl_EQ,ordinary_share,single_stock,aim,plain,GBX,100,,0,conditional_aim_exemption,true,London Stock Exchange AIM,,GB00B99PCP71,Nexteq,,,,STOCKS,GB,GB,unverified,exempt_aim,not_verified,,candidate_not_verified,not_audited,,ordinary_share,vendor_mapping,inherited_unverified,tax_ptm_spread_slippage_unverified,,true,false,2026-09-11
ABDP,ABDP.L,ABDPl_EQ,ordinary_share,single_stock,aim,plain,GBX,100,,0,conditional_aim_exemption,true,London Stock Exchange AIM,,GB00B9GQVG73,AB Dynamics,,,,STOCKS,GB,GB,unverified,exempt_aim,not_verified,,candidate_not_verified,not_audited,,ordinary_share,vendor_mapping,inherited_unverified,tax_ptm_spread_slippage_unverified,,true,false,2026-09-11
BIOM,BIOM.L,BIOMl_EQ,ordinary_share,single_stock,aim,plain,GBX,100,,0,conditional_aim_exemption,true,London Stock Exchange AIM,,GB00B9Z1M820,Biome Technologies,,,,STOCKS,GB,GB,unverified,exempt_aim,not_verified,,candidate_not_verified,not_audited,,ordinary_share,vendor_mapping,inherited_unverified,tax_ptm_spread_slippage_unverified,,true,false,2026-09-11
GMR,GMR.L,GMRl_EQ,ordinary_share,single_stock,aim,plain,GBX,100,,0,conditional_aim_exemption,true,London Stock Exchange AIM,,GB00BBHXD542,Gaming Realms,,,,STOCKS,GB,GB,unverified,exempt_aim,not_verified,,candidate_not_verified,not_audited,,ordinary_share,vendor_mapping,inherited_unverified,tax_ptm_spread_slippage_unverified,,true,false,2026-09-11
FDEV,FDEV.L,FDEVl_EQ,ordinary_share,single_stock,aim,plain,GBX,100,,0,conditional_aim_exemption,true,London Stock Exchange AIM,,GB00BBT32N39,Frontier Developments,,,,STOCKS,GB,GB,unverified,exempt_aim,not_verified,,candidate_not_verified,not_audited,,ordinary_share,vendor_mapping,inherited_unverified,tax_ptm_spread_slippage_unverified,,true,false,2026-09-11
TFW,TFW.L,TFWl_EQ,ordinary_share,single_stock,aim,plain,GBX,100,,0,conditional_aim_exemption,true,London Stock Exchange AIM,,GB00BC9ZLX92,FW Thorpe,,,,STOCKS,GB,GB,unverified,exempt_aim,not_verified,,candidate_not_verified,not_audited,,ordinary_share,vendor_mapping,inherited_unverified,tax_ptm_spread_slippage_unverified,,true,false,2026-09-11
TIG,TIG.L,CNICl_EQ,ordinary_share,single_stock,aim,plain,GBX,100,,0,conditional_aim_exemption,true,London Stock Exchange AIM,,GB00BCCW4X83,Team Internet Group,,,,STOCKS,GB,GB,unverified,exempt_aim,not_verified,,candidate_not_verified,not_audited,,ordinary_share,vendor_mapping,inherited_unverified,tax_ptm_spread_slippage_unverified,,true,false,2026-09-11
TIME,TIME.L,TIMEl_EQ,ordinary_share,single_stock,aim,plain,GBX,100,,0,conditional_aim_exemption,true,London Stock Exchange AIM,,GB00BCDBXK43,Time Finance,,,,STOCKS,GB,GB,unverified,exempt_aim,not_verified,,candidate_not_verified,not_audited,,ordinary_share,vendor_mapping,inherited_unverified,tax_ptm_spread_slippage_unverified,,true,false,2026-09-11
MFAI,MFAI.L,MFAIl_EQ,ordinary_share,single_stock,aim,plain,GBX,100,,0,conditional_aim_exemption,true,London Stock Exchange AIM,,GB00BD07SH45,MINDFLAIR,,,,STOCKS,GB,GB,unverified,exempt_aim,not_verified,,candidate_not_verified,not_audited,,ordinary_share,vendor_mapping,inherited_unverified,tax_ptm_spread_slippage_unverified,,true,false,2026-09-11
FIH,FIH.L,FIHl_EQ,ordinary_share,single_stock,aim,plain,GBX,100,,0,conditional_aim_exemption,true,London Stock Exchange AIM,,GB00BD0CWJ91,FIH Group,,,,STOCKS,GB,GB,unverified,exempt_aim,not_verified,,candidate_not_verified,not_audited,,ordinary_share,vendor_mapping,inherited_unverified,tax_ptm_spread_slippage_unverified,,true,false,2026-09-11
PAT,PAT.L,PATl_EQ,ordinary_share,single_stock,aim,plain,GBX,100,,0,conditional_aim_exemption,true,London Stock Exchange AIM,,GB00BD2B4L05,Panthera Resources,,,,STOCKS,GB,GB,unverified,exempt_aim,not_verified,,candidate_not_verified,not_audited,,ordinary_share,vendor_mapping,inherited_unverified,tax_ptm_spread_slippage_unverified,,true,false,2026-09-11
AUTG,AUTG.L,AUTGl_EQ,ordinary_share,single_stock,aim,plain,GBX,100,,0,conditional_aim_exemption,true,London Stock Exchange AIM,,GB00BD37ZH08,Autins,,,,STOCKS,GB,GB,unverified,exempt_aim,not_verified,,candidate_not_verified,not_audited,,ordinary_share,vendor_mapping,inherited_unverified,tax_ptm_spread_slippage_unverified,,true,false,2026-09-11
BELL,BELL.L,BELLl_EQ,ordinary_share,single_stock,aim,plain,GBX,100,,0,conditional_aim_exemption,true,London Stock Exchange AIM,,GB00BD3B8Z11,Belluscura,,,,STOCKS,GB,GB,unverified,exempt_aim,not_verified,,candidate_not_verified,not_audited,,ordinary_share,vendor_mapping,inherited_unverified,tax_ptm_spread_slippage_unverified,,true,false,2026-09-11
OBD,OBD.L,OBDl_EQ,ordinary_share,single_stock,aim,plain,GBX,100,,0,conditional_aim_exemption,true,London Stock Exchange AIM,,GB00BD5H8572,Oxford BioDynamics,,,,STOCKS,GB,GB,unverified,exempt_aim,not_verified,,candidate_not_verified,not_audited,,ordinary_share,vendor_mapping,inherited_unverified,tax_ptm_spread_slippage_unverified,,true,false,2026-09-11
BBB,BBB.L,BBBl_EQ,ordinary_share,single_stock,aim,plain,GBX,100,,0,conditional_aim_exemption,true,London Stock Exchange AIM,,GB00BD5JMP10,Bigblu Broadband,,,,STOCKS,GB,GB,unverified,exempt_aim,not_verified,,candidate_not_verified,not_audited,,ordinary_share,vendor_mapping,inherited_unverified,tax_ptm_spread_slippage_unverified,,true,false,2026-09-11
HUD,HUD.L,IMMOl_EQ,ordinary_share,single_stock,aim,plain,GBX,100,,0,conditional_aim_exemption,true,London Stock Exchange AIM,,GB00BD5JRP64,Huddled Group,,,,STOCKS,GB,GB,unverified,exempt_aim,not_verified,,candidate_not_verified,not_audited,,ordinary_share,vendor_mapping,inherited_unverified,tax_ptm_spread_slippage_unverified,,true,false,2026-09-11
FRAN,FRAN.L,FRANl_EQ,ordinary_share,single_stock,aim,plain,GBX,100,,0,conditional_aim_exemption,true,London Stock Exchange AIM,,GB00BD6P7Y24,Franchise Brands,,,,STOCKS,GB,GB,unverified,exempt_aim,not_verified,,candidate_not_verified,not_audited,,ordinary_share,vendor_mapping,inherited_unverified,tax_ptm_spread_slippage_unverified,,true,false,2026-09-11
WJG,WJG.L,WJGl_EQ,ordinary_share,single_stock,aim,plain,GBX,100,,0,conditional_aim_exemption,true,London Stock Exchange AIM,,GB00BD6RF223,Watkin Jones,,,,STOCKS,GB,GB,unverified,exempt_aim,not_verified,,candidate_not_verified,not_audited,,ordinary_share,vendor_mapping,inherited_unverified,tax_ptm_spread_slippage_unverified,,true,false,2026-09-11
KMK,KMK.L,KMKl_EQ,ordinary_share,single_stock,aim,plain,GBX,100,,0,conditional_aim_exemption,true,London Stock Exchange AIM,,GB00BD7V5D43,Kromek,,,,STOCKS,GB,GB,unverified,exempt_aim,not_verified,,candidate_not_verified,not_audited,,ordinary_share,vendor_mapping,inherited_unverified,tax_ptm_spread_slippage_unverified,,true,false,2026-09-11
KEFI,KEFI.L,KEFIl_EQ,ordinary_share,single_stock,aim,plain,GBX,100,,0,conditional_aim_exemption,true,London Stock Exchange AIM,,GB00BD8GP619,Kefi Gold and Copper,,,,STOCKS,GB,GB,unverified,exempt_aim,not_verified,,candidate_not_verified,not_audited,,ordinary_share,vendor_mapping,inherited_unverified,tax_ptm_spread_slippage_unverified,,true,false,2026-09-11
LDG,LDG.L,ESLl_EQ,ordinary_share,single_stock,aim,plain,GBX,100,,0,conditional_aim_exemption,true,London Stock Exchange AIM,,GB00BD8QVC95,Logistics Development Group,,,,STOCKS,GB,GB,unverified,exempt_aim,not_verified,,candidate_not_verified,not_audited,,ordinary_share,vendor_mapping,inherited_unverified,tax_ptm_spread_slippage_unverified,,true,false,2026-09-11
MRL,MRL.L,MRLl_EQ,ordinary_share,single_stock,aim,plain,GBX,100,,0,conditional_aim_exemption,true,London Stock Exchange AIM,,GB00BD8SLV43,Marlowe,,,,STOCKS,GB,GB,unverified,exempt_aim,not_verified,,candidate_not_verified,not_audited,,ordinary_share,vendor_mapping,inherited_unverified,tax_ptm_spread_slippage_unverified,,true,false,2026-09-11
XPF,XPF.L,ESCl_EQ,ordinary_share,single_stock,aim,plain,GBX,100,,0,conditional_aim_exemption,true,London Stock Exchange AIM,,GB00BDB79J29,XP Factory,,,,STOCKS,GB,GB,unverified,exempt_aim,not_verified,,candidate_not_verified,not_audited,,ordinary_share,vendor_mapping,inherited_unverified,tax_ptm_spread_slippage_unverified,,true,false,2026-09-11
ARC,ARC.L,ARCl1_EQ,ordinary_share,single_stock,aim,plain,GBX,100,,0,conditional_aim_exemption,true,London Stock Exchange AIM,,GB00BDBBJZ03,Arcontech,,,,STOCKS,GB,GB,unverified,exempt_aim,not_verified,,candidate_not_verified,not_audited,,ordinary_share,vendor_mapping,inherited_unverified,tax_ptm_spread_slippage_unverified,,true,false,2026-09-11
INX,INX.L,INXl_EQ,ordinary_share,single_stock,aim,plain,GBX,100,,0,conditional_aim_exemption,true,London Stock Exchange AIM,,GB00BDFDLT01,I-Nexus Global,,,,STOCKS,GB,GB,unverified,exempt_aim,not_verified,,candidate_not_verified,not_audited,,ordinary_share,vendor_mapping,inherited_unverified,tax_ptm_spread_slippage_unverified,,true,false,2026-09-11
TGP,TGP.L,TGPl_EQ,ordinary_share,single_stock,aim,plain,GBX,100,,0,conditional_aim_exemption,true,London Stock Exchange AIM,,GB00BDFGGK53,Tekmar,,,,STOCKS,GB,GB,unverified,exempt_aim,not_verified,,candidate_not_verified,not_audited,,ordinary_share,vendor_mapping,inherited_unverified,tax_ptm_spread_slippage_unverified,,true,false,2026-09-11
SOS,SOS.L,SOSl_EQ,ordinary_share,single_stock,aim,plain,GBX,100,,0,conditional_aim_exemption,true,London Stock Exchange AIM,,GB00BDGS8G04,Sosandar,,,,STOCKS,GB,GB,unverified,exempt_aim,not_verified,,candidate_not_verified,not_audited,,ordinary_share,vendor_mapping,inherited_unverified,tax_ptm_spread_slippage_unverified,,true,false,2026-09-11
TRT,TRT.L,TRTl_EQ,ordinary_share,single_stock,aim,plain,GBX,100,,0,conditional_aim_exemption,true,London Stock Exchange AIM,,GB00BDHDTH21,Transense Technologies,,,,STOCKS,GB,GB,unverified,exempt_aim,not_verified,,candidate_not_verified,not_audited,,ordinary_share,vendor_mapping,inherited_unverified,tax_ptm_spread_slippage_unverified,,true,false,2026-09-11
DEST,DEST.L,DESTl_EQ,ordinary_share,single_stock,aim,plain,GBX,100,,0,conditional_aim_exemption,true,London Stock Exchange AIM,,GB00BDHSP575,Destiny Pharma,,,,STOCKS,GB,GB,unverified,exempt_aim,not_verified,,candidate_not_verified,not_audited,,ordinary_share,vendor_mapping,inherited_unverified,tax_ptm_spread_slippage_unverified,,true,false,2026-09-11
CEL,CEL.L,SWCl_EQ,ordinary_share,single_stock,aim,plain,GBX,100,,0,conditional_aim_exemption,true,London Stock Exchange AIM,,GB00BDQYGP38,CELADON PHARMACEUTICALS,,,,STOCKS,GB,GB,unverified,exempt_aim,not_verified,,candidate_not_verified,not_audited,,ordinary_share,vendor_mapping,inherited_unverified,tax_ptm_spread_slippage_unverified,,true,false,2026-09-11
FAB,FAB.L,FABl_EQ,ordinary_share,single_stock,aim,plain,GBX,100,,0,conditional_aim_exemption,true,London Stock Exchange AIM,,GB00BDQZGK16,Fusion Antibodies,,,,STOCKS,GB,GB,unverified,exempt_aim,not_verified,,candidate_not_verified,not_audited,,ordinary_share,vendor_mapping,inherited_unverified,tax_ptm_spread_slippage_unverified,,true,false,2026-09-11
RFX,RFX.L,RFXRl_EQ,ordinary_share,single_stock,aim,plain,GBX,100,,0,conditional_aim_exemption,true,London Stock Exchange AIM,,GB00BDR6V192,Ramsdens,,,,STOCKS,GB,GB,unverified,exempt_aim,not_verified,,candidate_not_verified,not_audited,,ordinary_share,vendor_mapping,inherited_unverified,tax_ptm_spread_slippage_unverified,,true,false,2026-09-11
SUP,SUP.L,SUPl_EQ,ordinary_share,single_stock,aim,plain,GBX,100,,0,conditional_aim_exemption,true,London Stock Exchange AIM,,GB00BDT89C08,Supreme,,,,STOCKS,GB,GB,unverified,exempt_aim,not_verified,,candidate_not_verified,not_audited,,ordinary_share,vendor_mapping,inherited_unverified,tax_ptm_spread_slippage_unverified,,true,false,2026-09-11
RAI,RAI.L,RAIl_EQ,ordinary_share,single_stock,aim,plain,GBX,100,,0,conditional_aim_exemption,true,London Stock Exchange AIM,,GB00BDZV6W26,RA International,,,,STOCKS,GB,GB,unverified,exempt_aim,not_verified,,candidate_not_verified,not_audited,,ordinary_share,vendor_mapping,inherited_unverified,tax_ptm_spread_slippage_unverified,,true,false,2026-09-11
CBOX,CBOX.L,CBOXl_EQ,ordinary_share,single_stock,aim,plain,GBX,100,,0,conditional_aim_exemption,true,London Stock Exchange AIM,,GB00BDZWB751,Cake Box,,,,STOCKS,GB,GB,unverified,exempt_aim,not_verified,,candidate_not_verified,not_audited,,ordinary_share,vendor_mapping,inherited_unverified,tax_ptm_spread_slippage_unverified,,true,false,2026-09-11
TENG,TENG.L,TENGl_EQ,ordinary_share,single_stock,aim,plain,GBX,100,,0,conditional_aim_exemption,true,London Stock Exchange AIM,,GB00BF188X60,Ten Lifestyle Group,,,,STOCKS,GB,GB,unverified,exempt_aim,not_verified,,candidate_not_verified,not_audited,,ordinary_share,vendor_mapping,inherited_unverified,tax_ptm_spread_slippage_unverified,,true,false,2026-09-11
SPR,SPR.L,SPRl_EQ,ordinary_share,single_stock,aim,plain,GBX,100,,0,conditional_aim_exemption,true,London Stock Exchange AIM,,GB00BF1QPG26,Springfield Properties,,,,STOCKS,GB,GB,unverified,exempt_aim,not_verified,,candidate_not_verified,not_audited,,ordinary_share,vendor_mapping,inherited_unverified,tax_ptm_spread_slippage_unverified,,true,false,2026-09-11
ANG,ANG.L,ANGl_EQ,ordinary_share,single_stock,aim,plain,GBX,100,,0,conditional_aim_exemption,true,London Stock Exchange AIM,,GB00BF1XGQ00,Angling Direct,,,,STOCKS,GB,GB,unverified,exempt_aim,not_verified,,candidate_not_verified,not_audited,,ordinary_share,vendor_mapping,inherited_unverified,tax_ptm_spread_slippage_unverified,,true,false,2026-09-11
VEL,VEL.L,VELl_EQ,ordinary_share,single_stock,aim,plain,GBX,100,,0,conditional_aim_exemption,true,London Stock Exchange AIM,,GB00BF339H01,Velocity Composites,,,,STOCKS,GB,GB,unverified,exempt_aim,not_verified,,candidate_not_verified,not_audited,,ordinary_share,vendor_mapping,inherited_unverified,tax_ptm_spread_slippage_unverified,,true,false,2026-09-11
SBTX,SBTX.L,SBTXl_EQ,ordinary_share,single_stock,aim,plain,GBX,100,,0,conditional_aim_exemption,true,London Stock Exchange AIM,,GB00BF33H870,Skinbiotherapeutics,,,,STOCKS,GB,GB,unverified,exempt_aim,not_verified,,candidate_not_verified,not_audited,,ordinary_share,vendor_mapping,inherited_unverified,tax_ptm_spread_slippage_unverified,,true,false,2026-09-11
POLX,POLX.L,POLXl_EQ,ordinary_share,single_stock,aim,plain,GBX,100,,0,conditional_aim_exemption,true,London Stock Exchange AIM,,GB00BF3DT583,Polarean Imaging,,,,STOCKS,GB,GB,unverified,exempt_aim,not_verified,,candidate_not_verified,not_audited,,ordinary_share,vendor_mapping,inherited_unverified,tax_ptm_spread_slippage_unverified,,true,false,2026-09-11
MIND,MIND.L,MINDl_EQ,ordinary_share,single_stock,aim,plain,GBX,100,,0,conditional_aim_exemption,true,London Stock Exchange AIM,,GB00BF3SQB83,Mind Gym,,,,STOCKS,GB,GB,unverified,exempt_aim,not_verified,,candidate_not_verified,not_audited,,ordinary_share,vendor_mapping,inherited_unverified,tax_ptm_spread_slippage_unverified,,true,false,2026-09-11
ZPHR,ZPHR.L,ZPHRl_EQ,ordinary_share,single_stock,aim,plain,GBX,100,,0,conditional_aim_exemption,true,London Stock Exchange AIM,,GB00BF44KY60,Zephyr Energy,,,,STOCKS,GB,GB,unverified,exempt_aim,not_verified,,candidate_not_verified,not_audited,,ordinary_share,vendor_mapping,inherited_unverified,tax_ptm_spread_slippage_unverified,,true,false,2026-09-11
IOG,IOG.L,IOGl_EQ,ordinary_share,single_stock,aim,plain,GBX,100,,0,conditional_aim_exemption,true,London Stock Exchange AIM,,GB00BF49WF64,IOG,,,,STOCKS,GB,GB,unverified,exempt_aim,not_verified,,candidate_not_verified,not_audited,,ordinary_share,vendor_mapping,inherited_unverified,tax_ptm_spread_slippage_unverified,,true,false,2026-09-11
MIRI,MIRI.L,MIRIl_EQ,ordinary_share,single_stock,aim,plain,GBX,100,,0,conditional_aim_exemption,true,London Stock Exchange AIM,,GB00BF52QY14,Mirriad Advertising,,,,STOCKS,GB,GB,unverified,exempt_aim,not_verified,,candidate_not_verified,not_audited,,ordinary_share,vendor_mapping,inherited_unverified,tax_ptm_spread_slippage_unverified,,true,false,2026-09-11
RENE,RENE.L,RENEl_EQ,ordinary_share,single_stock,aim,plain,GBX,100,,0,conditional_aim_exemption,true,London Stock Exchange AIM,,GB00BF5G6K95,ReNeuron,,,,STOCKS,GB,GB,unverified,exempt_aim,not_verified,,candidate_not_verified,not_audited,,ordinary_share,vendor_mapping,inherited_unverified,tax_ptm_spread_slippage_unverified,,true,false,2026-09-11
WRKS,WRKS.L,WRKSl_EQ,ordinary_share,single_stock,aim,plain,GBX,100,,0,conditional_aim_exemption,true,London Stock Exchange AIM,,GB00BF5HBF20,TheWorks,,,,STOCKS,GB,GB,unverified,exempt_aim,not_verified,,candidate_not_verified,not_audited,,ordinary_share,vendor_mapping,inherited_unverified,tax_ptm_spread_slippage_unverified,,true,false,2026-09-11
CYAN,CYAN.L,CYANl_EQ,ordinary_share,single_stock,aim,plain,GBX,100,,0,conditional_aim_exemption,true,London Stock Exchange AIM,,GB00BF93WP34,Cyanconnode Holdings,,,,STOCKS,GB,GB,unverified,exempt_aim,not_verified,,candidate_not_verified,not_audited,,ordinary_share,vendor_mapping,inherited_unverified,tax_ptm_spread_slippage_unverified,,true,false,2026-09-11
80M,80M.L,JAYl_EQ,ordinary_share,single_stock,aim,plain,GBX,100,,0,conditional_aim_exemption,true,London Stock Exchange AIM,,GB00BFD3VF20,80 Mile PLC,,,,STOCKS,GB,GB,unverified,exempt_aim,not_verified,,candidate_not_verified,not_audited,,ordinary_share,vendor_mapping,inherited_unverified,tax_ptm_spread_slippage_unverified,,true,false,2026-09-11
EMAN,EMAN.L,EMANl_EQ,ordinary_share,single_stock,aim,plain,GBX,100,,0,conditional_aim_exemption,true,London Stock Exchange AIM,,GB00BFH55S51,Everyman Media,,,,STOCKS,GB,GB,unverified,exempt_aim,not_verified,,candidate_not_verified,not_audited,,ordinary_share,vendor_mapping,inherited_unverified,tax_ptm_spread_slippage_unverified,,true,false,2026-09-11
KRM,KRM.L,KRMl_EQ,ordinary_share,single_stock,aim,plain,GBX,100,,0,conditional_aim_exemption,true,London Stock Exchange AIM,GB,GB00BFM6WC61,KRM22,,,,INVESTMENT_TRUSTS,GB,GB,primary_source,exempt_aim,confirmed_on_source_date,2026-06-30,candidate_not_verified,not_audited,https://krm22.com/investors/,ordinary_share,vendor_mapping|primary_source_for_specified_fields,primary_source_for_specified_fields,tax_ptm_spread_slippage_unverified,,true,false,2026-09-11
RBGP,RBGP.L,RBGPl_EQ,ordinary_share,single_stock,aim,plain,GBX,100,,0,conditional_aim_exemption,true,London Stock Exchange AIM,,GB00BFM6WL52,RBG Holdings,,,,STOCKS,GB,GB,unverified,exempt_aim,not_verified,,candidate_not_verified,not_audited,,ordinary_share,vendor_mapping,inherited_unverified,tax_ptm_spread_slippage_unverified,,true,false,2026-09-11
VLG,VLG.L,VLGl_EQ,ordinary_share,single_stock,aim,plain,GBX,100,,0,conditional_aim_exemption,true,London Stock Exchange AIM,,GB00BFPM8908,Venture Life,,,,STOCKS,GB,GB,unverified,exempt_aim,not_verified,,candidate_not_verified,not_audited,,ordinary_share,vendor_mapping,inherited_unverified,tax_ptm_spread_slippage_unverified,,true,false,2026-09-11
TERN,TERN.L,TERNl_EQ,ordinary_share,single_stock,aim,plain,GBX,100,,0,conditional_aim_exemption,true,London Stock Exchange AIM,,GB00BFPMV798,Tern,,,,STOCKS,GB,GB,unverified,exempt_aim,not_verified,,candidate_not_verified,not_audited,,ordinary_share,vendor_mapping,inherited_unverified,tax_ptm_spread_slippage_unverified,,true,false,2026-09-11
IXI,IXI.L,IXIl_EQ,ordinary_share,single_stock,aim,plain,GBX,100,,0,conditional_aim_exemption,true,London Stock Exchange AIM,,GB00BFXR4C20,IXICO,,,,STOCKS,GB,GB,unverified,exempt_aim,not_verified,,candidate_not_verified,not_audited,,ordinary_share,vendor_mapping,inherited_unverified,tax_ptm_spread_slippage_unverified,,true,false,2026-09-11
KGH,KGH.L,KGHl_EQ,ordinary_share,single_stock,aim,plain,GBX,100,,0,conditional_aim_exemption,true,London Stock Exchange AIM,,GB00BFYF6298,Knights,,,,STOCKS,GB,GB,unverified,exempt_aim,not_verified,,candidate_not_verified,not_audited,,ordinary_share,vendor_mapping,inherited_unverified,tax_ptm_spread_slippage_unverified,,true,false,2026-09-11
TWD,TWD.L,TWDl_EQ,ordinary_share,single_stock,aim,plain,GBX,100,,0,conditional_aim_exemption,true,London Stock Exchange AIM,,GB00BFYT9999,Trackwise Designs,,,,STOCKS,GB,GB,unverified,exempt_aim,not_verified,,candidate_not_verified,not_audited,,ordinary_share,vendor_mapping,inherited_unverified,tax_ptm_spread_slippage_unverified,,true,false,2026-09-11
GETB,GETB.L,GETBl_EQ,ordinary_share,single_stock,aim,plain,GBX,100,,0,conditional_aim_exemption,true,London Stock Exchange AIM,,GB00BG0TSD71,GetBusy,,,,STOCKS,GB,GB,unverified,exempt_aim,not_verified,,candidate_not_verified,not_audited,,ordinary_share,vendor_mapping,inherited_unverified,tax_ptm_spread_slippage_unverified,,true,false,2026-09-11
FNTL,FNTL.L,SBIZl_EQ,ordinary_share,single_stock,aim,plain,GBX,100,,0,conditional_aim_exemption,true,London Stock Exchange AIM,,GB00BG1THS43,Fintel,,,,STOCKS,GB,GB,unverified,exempt_aim,not_verified,,candidate_not_verified,not_audited,,ordinary_share,vendor_mapping,inherited_unverified,tax_ptm_spread_slippage_unverified,,true,false,2026-09-11
PIER,PIER.L,PIERl_EQ,ordinary_share,single_stock,aim,plain,GBX,100,,0,conditional_aim_exemption,true,London Stock Exchange AIM,,GB00BG49KW66,Brighton Pier,,,,STOCKS,GB,GB,unverified,exempt_aim,not_verified,,candidate_not_verified,not_audited,,ordinary_share,vendor_mapping,inherited_unverified,tax_ptm_spread_slippage_unverified,,true,false,2026-09-11
SRB,SRB.L,SRBl_EQ,ordinary_share,single_stock,aim,plain,GBX,100,,0,conditional_aim_exemption,true,London Stock Exchange AIM,,GB00BG5NDX91,Serabi Gold,,,,STOCKS,GB,GB,unverified,exempt_aim,not_verified,,candidate_not_verified,not_audited,,ordinary_share,vendor_mapping,inherited_unverified,tax_ptm_spread_slippage_unverified,,true,false,2026-09-11
PMG,PMG.L,PMGl_EQ,ordinary_share,single_stock,aim,plain,GBX,100,,0,conditional_aim_exemption,true,London Stock Exchange AIM,,GB00BGCYZL73,Parkmead,,,,STOCKS,GB,GB,unverified,exempt_aim,not_verified,,candidate_not_verified,not_audited,,ordinary_share,vendor_mapping,inherited_unverified,tax_ptm_spread_slippage_unverified,,true,false,2026-09-11
TPX,TPX.L,TPXl_EQ,ordinary_share,single_stock,aim,plain,GBX,100,,0,conditional_aim_exemption,true,London Stock Exchange AIM,,GB00BGGK0V60,TPXImpact,,,,STOCKS,GB,GB,unverified,exempt_aim,not_verified,,candidate_not_verified,not_audited,,ordinary_share,vendor_mapping,inherited_unverified,tax_ptm_spread_slippage_unverified,,true,false,2026-09-11
BMK,BMK.L,BMKl_EQ,ordinary_share,single_stock,aim,plain,GBX,100,,0,conditional_aim_exemption,true,London Stock Exchange AIM,,GB00BGHPT808,Benchmark,,,,STOCKS,GB,GB,unverified,exempt_aim,not_verified,,candidate_not_verified,not_audited,,ordinary_share,vendor_mapping,inherited_unverified,tax_ptm_spread_slippage_unverified,,true,false,2026-09-11
CAV,CAV.L,FCAPl_EQ,ordinary_share,single_stock,aim,plain,GBX,100,,0,conditional_aim_exemption,true,London Stock Exchange AIM,,GB00BGKPX309,Cavendish,,,,STOCKS,GB,GB,unverified,exempt_aim,not_verified,,candidate_not_verified,not_audited,,ordinary_share,vendor_mapping,inherited_unverified,tax_ptm_spread_slippage_unverified,,true,false,2026-09-11
PULS,PULS.L,PULSl_EQ,ordinary_share,single_stock,aim,plain,GBX,100,,0,conditional_aim_exemption,true,London Stock Exchange AIM,,GB00BGQVB052,Pulsar,,,,STOCKS,GB,GB,unverified,exempt_aim,not_verified,,candidate_not_verified,not_audited,,ordinary_share,vendor_mapping,inherited_unverified,tax_ptm_spread_slippage_unverified,,true,false,2026-09-11
TPFG,TPFG.L,TPFGl_EQ,ordinary_share,single_stock,aim,plain,GBX,100,,0,conditional_aim_exemption,true,London Stock Exchange AIM,,GB00BH0WFH67,Property Franchise,,,,STOCKS,GB,GB,unverified,exempt_aim,not_verified,,candidate_not_verified,not_audited,,ordinary_share,vendor_mapping,inherited_unverified,tax_ptm_spread_slippage_unverified,,true,false,2026-09-11
KOD,KOD.L,KODl_EQ,ordinary_share,single_stock,aim,plain,GBX,100,,0,conditional_aim_exemption,true,London Stock Exchange AIM,,GB00BH3X7Y70,Kodal Minerals,,,,STOCKS,GB,GB,unverified,exempt_aim,not_verified,,candidate_not_verified,not_audited,,ordinary_share,vendor_mapping,inherited_unverified,tax_ptm_spread_slippage_unverified,,true,false,2026-09-11
LIKE,LIKE.L,LIKEl_EQ,ordinary_share,single_stock,aim,plain,GBX,100,,0,conditional_aim_exemption,true,London Stock Exchange AIM,,GB00BHNWH003,Likewise,,,,STOCKS,GB,GB,unverified,exempt_aim,not_verified,,candidate_not_verified,not_audited,,ordinary_share,vendor_mapping,inherited_unverified,tax_ptm_spread_slippage_unverified,,true,false,2026-09-11
SDX,SDX.L,SDXl_EQ,ordinary_share,single_stock,aim,plain,GBX,100,,0,conditional_aim_exemption,true,London Stock Exchange AIM,,GB00BJ5JNL69,SDX Energy,,,,STOCKS,GB,GB,unverified,exempt_aim,not_verified,,candidate_not_verified,not_audited,,ordinary_share,vendor_mapping,inherited_unverified,tax_ptm_spread_slippage_unverified,,true,false,2026-09-11
DFCH,DFCH.L,DFCHl_EQ,ordinary_share,single_stock,aim,plain,GBX,100,,0,conditional_aim_exemption,true,London Stock Exchange AIM,,GB00BJ7HMR72,Distribution Finance Capital,,,,STOCKS,GB,GB,unverified,exempt_aim,not_verified,,candidate_not_verified,not_audited,,ordinary_share,vendor_mapping,inherited_unverified,tax_ptm_spread_slippage_unverified,business_model_review,true,false,2026-09-11
HDD,HDD.L,HDDl_EQ,ordinary_share,single_stock,aim,plain,GBX,100,,0,conditional_aim_exemption,true,London Stock Exchange AIM,,GB00BJJPX768,Hardide,,,,STOCKS,GB,GB,unverified,exempt_aim,not_verified,,candidate_not_verified,not_audited,,ordinary_share,vendor_mapping,inherited_unverified,tax_ptm_spread_slippage_unverified,,true,false,2026-09-11
DBOX,DBOX.L,DBOXl_EQ,ordinary_share,single_stock,aim,plain,GBX,100,,0,conditional_aim_exemption,true,London Stock Exchange AIM,,GB00BJK9H642,Digitalbox,,,,STOCKS,GB,GB,unverified,exempt_aim,not_verified,,candidate_not_verified,not_audited,,ordinary_share,vendor_mapping,inherited_unverified,tax_ptm_spread_slippage_unverified,,true,false,2026-09-11
ESYS,ESYS.L,ESYSl_EQ,ordinary_share,single_stock,aim,plain,GBX,100,,0,conditional_aim_exemption,true,London Stock Exchange AIM,,GB00BJL1ZF49,Essensys,,,,STOCKS,GB,GB,unverified,exempt_aim,not_verified,,candidate_not_verified,not_audited,,ordinary_share,vendor_mapping,inherited_unverified,tax_ptm_spread_slippage_unverified,,true,false,2026-09-11
AGFX,AGFX.L,AGFXl_EQ,ordinary_share,single_stock,aim,plain,GBX,100,,0,conditional_aim_exemption,true,London Stock Exchange AIM,,GB00BJLPH056,Argentex,,,,STOCKS,GB,GB,unverified,exempt_aim,not_verified,,candidate_not_verified,not_audited,,ordinary_share,vendor_mapping,inherited_unverified,tax_ptm_spread_slippage_unverified,,true,false,2026-09-11
SND,SND.L,SNDl_EQ,ordinary_share,single_stock,aim,plain,GBX,100,,0,conditional_aim_exemption,true,London Stock Exchange AIM,,GB00BJN54579,Sondrel,,,,STOCKS,GB,GB,unverified,exempt_aim,not_verified,,candidate_not_verified,not_audited,,ordinary_share,vendor_mapping,inherited_unverified,tax_ptm_spread_slippage_unverified,,true,false,2026-09-11
FDBK,FDBK.L,FDBKl_EQ,ordinary_share,single_stock,aim,plain,GBX,100,,0,conditional_aim_exemption,true,London Stock Exchange AIM,,GB00BJN59X09,Feedback,,,,STOCKS,GB,GB,unverified,exempt_aim,not_verified,,candidate_not_verified,not_audited,,ordinary_share,vendor_mapping,inherited_unverified,tax_ptm_spread_slippage_unverified,,true,false,2026-09-11
KDNC,KDNC.L,KDNCl_EQ,ordinary_share,single_stock,aim,plain,GBX,100,,0,conditional_aim_exemption,true,London Stock Exchange AIM,,GB00BJP0B151,Cadence Minerals,,,,STOCKS,GB,GB,unverified,exempt_aim,not_verified,,candidate_not_verified,not_audited,,ordinary_share,vendor_mapping,inherited_unverified,tax_ptm_spread_slippage_unverified,,true,false,2026-09-11
EAAS,EAAS.L,EAASl_EQ,ordinary_share,single_stock,aim,plain,GBX,100,,0,conditional_aim_exemption,true,London Stock Exchange AIM,,GB00BJP1KD31,Eenergy,,,,STOCKS,GB,GB,unverified,exempt_aim,not_verified,,candidate_not_verified,not_audited,,ordinary_share,vendor_mapping,inherited_unverified,tax_ptm_spread_slippage_unverified,,true,false,2026-09-11
DXRX,DXRX.L,DXRXl_EQ,ordinary_share,single_stock,aim,plain,GBX,100,,0,conditional_aim_exemption,true,London Stock Exchange AIM,,GB00BJQTGV64,Diaceutics,,,,STOCKS,GB,GB,unverified,exempt_aim,not_verified,,candidate_not_verified,not_audited,,ordinary_share,vendor_mapping,inherited_unverified,tax_ptm_spread_slippage_unverified,,true,false,2026-09-11
NIOX,NIOX.L,CIRl_EQ,ordinary_share,single_stock,aim,plain,GBX,100,,0,conditional_aim_exemption,true,London Stock Exchange AIM,,GB00BJVD3B28,Niox,,,,STOCKS,GB,GB,unverified,exempt_aim,not_verified,,candidate_not_verified,not_audited,,ordinary_share,vendor_mapping,inherited_unverified,tax_ptm_spread_slippage_unverified,,true,false,2026-09-11
AST,AST.L,ASTl_EQ,ordinary_share,single_stock,aim,plain,GBX,100,,0,conditional_aim_exemption,true,London Stock Exchange AIM,,GB00BJVH7905,Ascent Resources,,,,STOCKS,GB,GB,unverified,exempt_aim,not_verified,,candidate_not_verified,not_audited,,ordinary_share,vendor_mapping,inherited_unverified,tax_ptm_spread_slippage_unverified,,true,false,2026-09-11
ZIN,ZIN.L,ZINl_EQ,ordinary_share,single_stock,aim,plain,GBX,100,,0,conditional_aim_exemption,true,London Stock Exchange AIM,,GB00BJVLR251,Zinc Media,,,,STOCKS,GB,GB,unverified,exempt_aim,not_verified,,candidate_not_verified,not_audited,,ordinary_share,vendor_mapping,inherited_unverified,tax_ptm_spread_slippage_unverified,,true,false,2026-09-11
SCHO,SCHO.L,SCHOl_EQ,ordinary_share,single_stock,aim,plain,GBX,100,,0,conditional_aim_exemption,true,London Stock Exchange AIM,,GB00BJYS2173,Scholium,,,,STOCKS,GB,GB,unverified,exempt_aim,not_verified,,candidate_not_verified,not_audited,,ordinary_share,vendor_mapping,inherited_unverified,tax_ptm_spread_slippage_unverified,,true,false,2026-09-11
BRCK,BRCK.L,BRCKl_EQ,ordinary_share,single_stock,aim,plain,GBX,100,,0,conditional_aim_exemption,true,London Stock Exchange AIM,,GB00BK63S759,BRCK Group,,,,STOCKS,GB,GB,unverified,exempt_aim,not_verified,,candidate_not_verified,not_audited,,ordinary_share,vendor_mapping,inherited_unverified,tax_ptm_spread_slippage_unverified,,true,false,2026-09-11
SPEC,SPEC.L,SPECl_EQ,ordinary_share,single_stock,aim,plain,GBX,100,,0,conditional_aim_exemption,true,London Stock Exchange AIM,,GB00BK6JPP03,Inspecs Group,,,,STOCKS,GB,GB,unverified,exempt_aim,not_verified,,candidate_not_verified,not_audited,,ordinary_share,vendor_mapping,inherited_unverified,tax_ptm_spread_slippage_unverified,,true,false,2026-09-11
SEEN,SEEN.L,SEENl_EQ,ordinary_share,single_stock,aim,plain,GBX,100,,0,conditional_aim_exemption,true,London Stock Exchange AIM,,GB00BK6SHS41,Seeen,,,,STOCKS,GB,GB,unverified,exempt_aim,not_verified,,candidate_not_verified,not_audited,,ordinary_share,vendor_mapping,inherited_unverified,tax_ptm_spread_slippage_unverified,,true,false,2026-09-11
PEBB,PEBB.L,PEBBl_EQ,ordinary_share,single_stock,aim,plain,GBX,100,,0,conditional_aim_exemption,true,London Stock Exchange AIM,,GB00BK71XP16,Pebble,,,,STOCKS,GB,GB,unverified,exempt_aim,not_verified,,candidate_not_verified,not_audited,,ordinary_share,vendor_mapping,inherited_unverified,tax_ptm_spread_slippage_unverified,,true,false,2026-09-11
EYE,EYE.L,EYEl_EQ,ordinary_share,single_stock,aim,plain,GBX,100,,0,conditional_aim_exemption,true,London Stock Exchange AIM,,GB00BKF1YD83,Eagle Eye Solutions,,,,STOCKS,GB,GB,unverified,exempt_aim,not_verified,,candidate_not_verified,not_audited,,ordinary_share,vendor_mapping,inherited_unverified,tax_ptm_spread_slippage_unverified,,true,false,2026-09-11
SEA,SEA.L,SEAl_EQ,ordinary_share,single_stock,aim,plain,GBX,100,,0,conditional_aim_exemption,true,London Stock Exchange AIM,,GB00BKFW2482,Seascape Energy Asia,,,,STOCKS,GB,GB,unverified,exempt_aim,not_verified,,candidate_not_verified,not_audited,,ordinary_share,vendor_mapping,inherited_unverified,tax_ptm_spread_slippage_unverified,,true,false,2026-09-11
CRCL,CRCL.L,CRCLl_EQ,ordinary_share,single_stock,aim,plain,GBX,100,,0,conditional_aim_exemption,true,London Stock Exchange AIM,,GB00BKM69866,Corcel,,,,STOCKS,GB,GB,unverified,exempt_aim,not_verified,,candidate_not_verified,not_audited,,ordinary_share,vendor_mapping,inherited_unverified,tax_ptm_spread_slippage_unverified,,true,false,2026-09-11
TRAF,TRAF.L,TRAFl_EQ,ordinary_share,single_stock,aim,plain,GBX,100,,0,conditional_aim_exemption,true,London Stock Exchange AIM,,GB00BKMQQR47,Trafalgar Minerals,,,,STOCKS,GB,GB,unverified,exempt_aim,not_verified,,candidate_not_verified,not_audited,,ordinary_share,vendor_mapping,inherited_unverified,tax_ptm_spread_slippage_unverified,,true,false,2026-09-11
JNEO,JNEO.L,JNEOl1_EQ,ordinary_share,single_stock,aim,plain,GBX,100,,0,conditional_aim_exemption,true,London Stock Exchange AIM,,GB00BKP51V79,Journeo,,,,STOCKS,GB,GB,unverified,exempt_aim,not_verified,,candidate_not_verified,not_audited,,ordinary_share,vendor_mapping,inherited_unverified,tax_ptm_spread_slippage_unverified,,true,false,2026-09-11
POLB,POLB.L,POLBl_EQ,ordinary_share,single_stock,aim,plain,GBX,100,,0,conditional_aim_exemption,true,London Stock Exchange AIM,,GB00BKPG7Z60,Poolbeg Pharma,,,,STOCKS,GB,GB,unverified,exempt_aim,not_verified,,candidate_not_verified,not_audited,,ordinary_share,vendor_mapping,inherited_unverified,tax_ptm_spread_slippage_unverified,,true,false,2026-09-11
LBG,LBG.L,LBGl_EQ,ordinary_share,single_stock,aim,plain,GBX,100,,0,conditional_aim_exemption,true,London Stock Exchange AIM,,GB00BKPH9R58,LBG Media,,,,STOCKS,GB,GB,unverified,exempt_aim,not_verified,,candidate_not_verified,not_audited,,ordinary_share,vendor_mapping,inherited_unverified,tax_ptm_spread_slippage_unverified,,true,false,2026-09-11
JIM,JIM.L,JIMl_EQ,ordinary_share,single_stock,aim,plain,GBX,100,,0,conditional_aim_exemption,true,London Stock Exchange AIM,,GB00BKS9NN22,Jarvis Securities,,,,STOCKS,GB,GB,unverified,exempt_aim,not_verified,,candidate_not_verified,not_audited,,ordinary_share,vendor_mapping,inherited_unverified,tax_ptm_spread_slippage_unverified,,true,false,2026-09-11
SSTY,SSTY.L,SSTYl_EQ,ordinary_share,single_stock,aim,plain,GBX,100,,0,conditional_aim_exemption,true,London Stock Exchange AIM,,GB00BKT0J702,Safestay,,,,STOCKS,GB,GB,unverified,exempt_aim,not_verified,,candidate_not_verified,not_audited,,ordinary_share,vendor_mapping,inherited_unverified,tax_ptm_spread_slippage_unverified,,true,false,2026-09-11
SWG,SWG.L,SWGl_EQ,ordinary_share,single_stock,aim,plain,GBX,100,,0,conditional_aim_exemption,true,London Stock Exchange AIM,,GB00BKT6VH21,Shearwater,,,,STOCKS,GB,GB,unverified,exempt_aim,not_verified,,candidate_not_verified,not_audited,,ordinary_share,vendor_mapping,inherited_unverified,tax_ptm_spread_slippage_unverified,,true,false,2026-09-11
PRIM,PRIM.L,PRIMl_EQ,ordinary_share,single_stock,aim,plain,GBX,100,,0,conditional_aim_exemption,true,London Stock Exchange AIM,,GB00BKTCLJ25,PRIMORUS Investments,,,,STOCKS,GB,GB,unverified,exempt_aim,not_verified,,candidate_not_verified,not_audited,,ordinary_share,vendor_mapping,inherited_unverified,tax_ptm_spread_slippage_unverified,business_model_review,true,false,2026-09-11
HAYD,HAYD.L,HAYDl_EQ,ordinary_share,single_stock,aim,plain,GBX,100,,0,conditional_aim_exemption,true,London Stock Exchange AIM,,GB00BKWQ1135,Haydale,,,,STOCKS,GB,GB,unverified,exempt_aim,not_verified,,candidate_not_verified,not_audited,,ordinary_share,vendor_mapping,inherited_unverified,tax_ptm_spread_slippage_unverified,,true,false,2026-09-11
TEK,TEK.L,TEKl_EQ,ordinary_share,single_stock,aim,plain,GBX,100,,0,conditional_aim_exemption,true,London Stock Exchange AIM,,GB00BKXGY798,Tekcapital,,,,STOCKS,GB,GB,unverified,exempt_aim,not_verified,,candidate_not_verified,not_audited,,ordinary_share,vendor_mapping,inherited_unverified,tax_ptm_spread_slippage_unverified,,true,false,2026-09-11
PCH,PCH.L,LMEl_EQ,ordinary_share,single_stock,aim,plain,GBX,100,,0,conditional_aim_exemption,true,London Stock Exchange AIM,,GB00BKXP5L71,Pacific Global Holdings,,,,STOCKS,GB,GB,unverified,exempt_aim,not_verified,,candidate_not_verified,not_audited,,ordinary_share,vendor_mapping,inherited_unverified,tax_ptm_spread_slippage_unverified,,true,false,2026-09-11
ROAD,ROAD.L,BARKl_EQ,ordinary_share,single_stock,aim,plain,GBX,100,,0,conditional_aim_exemption,true,London Stock Exchange AIM,,GB00BL6TZZ70,Roadside Real Estate PLC,,,,STOCKS,GB,GB,unverified,exempt_aim,not_verified,,candidate_not_verified,not_audited,,ordinary_share,vendor_mapping,inherited_unverified,tax_ptm_spread_slippage_unverified,,true,false,2026-09-11
GENI,GENI.L,GENIl_EQ,ordinary_share,single_stock,aim,plain,GBX,100,,0,conditional_aim_exemption,true,London Stock Exchange AIM,,GB00BL97B504,GENinCode,,,,STOCKS,GB,GB,unverified,exempt_aim,not_verified,,candidate_not_verified,not_audited,,ordinary_share,vendor_mapping,inherited_unverified,tax_ptm_spread_slippage_unverified,,true,false,2026-09-11
CODE,CODE.L,CODEl_EQ,ordinary_share,single_stock,aim,plain,GBX,100,,0,conditional_aim_exemption,true,London Stock Exchange AIM,,GB00BL97B942,Northcoders,,,,STOCKS,GB,GB,unverified,exempt_aim,not_verified,,candidate_not_verified,not_audited,,ordinary_share,vendor_mapping,inherited_unverified,tax_ptm_spread_slippage_unverified,,true,false,2026-09-11
FRP,FRP.L,FRPl_EQ,ordinary_share,single_stock,aim,plain,GBX,100,,0,conditional_aim_exemption,true,London Stock Exchange AIM,,GB00BL9BW044,FRP Advisory Group,,,,STOCKS,GB,GB,unverified,exempt_aim,not_verified,,candidate_not_verified,not_audited,,ordinary_share,vendor_mapping,inherited_unverified,tax_ptm_spread_slippage_unverified,,true,false,2026-09-11
GNIP,GNIP.L,GNIPl_EQ,ordinary_share,single_stock,aim,plain,GBX,100,,0,conditional_aim_exemption,true,London Stock Exchange AIM,,GB00BLCW2Q02,GENIP,,,,STOCKS,GB,GB,unverified,exempt_aim,not_verified,,candidate_not_verified,not_audited,,ordinary_share,vendor_mapping,inherited_unverified,tax_ptm_spread_slippage_unverified,,true,false,2026-09-11
GROC,GROC.L,GROCl_EQ,ordinary_share,single_stock,aim,plain,GBX,100,,0,conditional_aim_exemption,true,London Stock Exchange AIM,,GB00BLD3C518,Greenroc Strategic Materials,,,,STOCKS,GB,GB,unverified,exempt_aim,not_verified,,candidate_not_verified,not_audited,,ordinary_share,vendor_mapping,inherited_unverified,tax_ptm_spread_slippage_unverified,,true,false,2026-09-11
ABDX,ABDX.L,ABDXl_EQ,ordinary_share,single_stock,aim,plain,GBX,100,,0,conditional_aim_exemption,true,London Stock Exchange AIM,,GB00BLF79J41,Abingdon Health,,,,STOCKS,GB,GB,unverified,exempt_aim,not_verified,,candidate_not_verified,not_audited,,ordinary_share,vendor_mapping,inherited_unverified,tax_ptm_spread_slippage_unverified,,true,false,2026-09-11
MTEC,MTEC.L,MTECl_EQ,ordinary_share,single_stock,aim,plain,GBX,100,,0,conditional_aim_exemption,true,London Stock Exchange AIM,,GB00BLGYDT21,Made Tech,,,,STOCKS,GB,GB,unverified,exempt_aim,not_verified,,candidate_not_verified,not_audited,,ordinary_share,vendor_mapping,inherited_unverified,tax_ptm_spread_slippage_unverified,,true,false,2026-09-11
VAL,VAL.L,VALl_EQ,ordinary_share,single_stock,aim,plain,GBX,100,,0,conditional_aim_exemption,true,London Stock Exchange AIM,,GB00BLH13C52,ValiRx,,,,STOCKS,GB,GB,unverified,exempt_aim,not_verified,,candidate_not_verified,not_audited,,ordinary_share,vendor_mapping,inherited_unverified,tax_ptm_spread_slippage_unverified,,true,false,2026-09-11
UJO,UJO.L,UJOl_EQ,ordinary_share,single_stock,aim,plain,GBX,100,,0,conditional_aim_exemption,true,London Stock Exchange AIM,,GB00BLH1S316,Union Jack Oil,,,,STOCKS,GB,GB,unverified,exempt_aim,not_verified,,candidate_not_verified,not_audited,,ordinary_share,vendor_mapping,inherited_unverified,tax_ptm_spread_slippage_unverified,,true,false,2026-09-11
DNM,DNM.L,DNMl_EQ,ordinary_share,single_stock,aim,plain,GBX,100,,0,conditional_aim_exemption,true,London Stock Exchange AIM,,GB00BLH32M40,Dianomi,,,,STOCKS,GB,GB,unverified,exempt_aim,not_verified,,candidate_not_verified,not_audited,,ordinary_share,vendor_mapping,inherited_unverified,tax_ptm_spread_slippage_unverified,,true,false,2026-09-11
4GBL,4GBL.L,4GBLl_EQ,ordinary_share,single_stock,aim,plain,GBX,100,,0,conditional_aim_exemption,true,London Stock Exchange AIM,,GB00BLH36N37,4Global,,,,STOCKS,GB,GB,unverified,exempt_aim,not_verified,,candidate_not_verified,not_audited,,ordinary_share,vendor_mapping,inherited_unverified,tax_ptm_spread_slippage_unverified,,true,false,2026-09-11
AOM,AOM.L,AOMl_EQ,ordinary_share,single_stock,aim,plain,GBX,100,,0,conditional_aim_exemption,true,London Stock Exchange AIM,,GB00BLH37Y17,ActiveOps,,,,STOCKS,GB,GB,unverified,exempt_aim,not_verified,,candidate_not_verified,not_audited,,ordinary_share,vendor_mapping,inherited_unverified,tax_ptm_spread_slippage_unverified,,true,false,2026-09-11
NGHT,NGHT.L,NGHTl_EQ,ordinary_share,single_stock,aim,plain,GBX,100,,0,conditional_aim_exemption,true,London Stock Exchange AIM,,GB00BLKGVD49,Nightcap,,,,STOCKS,GB,GB,unverified,exempt_aim,not_verified,,candidate_not_verified,not_audited,,ordinary_share,vendor_mapping,inherited_unverified,tax_ptm_spread_slippage_unverified,,true,false,2026-09-11
TAVI,TAVI.L,TAVIl_EQ,ordinary_share,single_stock,aim,plain,GBX,100,,0,conditional_aim_exemption,true,London Stock Exchange AIM,,GB00BLNMLS43,Tavistock Investments,,,,STOCKS,GB,GB,unverified,exempt_aim,not_verified,,candidate_not_verified,not_audited,,ordinary_share,vendor_mapping,inherited_unverified,tax_ptm_spread_slippage_unverified,business_model_review,true,false,2026-09-11
JSE,JSE.L,JSEl_EQ,ordinary_share,single_stock,aim,plain,GBX,100,,0,conditional_aim_exemption,true,London Stock Exchange AIM,,GB00BLR71299,Jadestone Energy,,,,STOCKS,GB,GB,unverified,exempt_aim,not_verified,,candidate_not_verified,not_audited,,ordinary_share,vendor_mapping,inherited_unverified,tax_ptm_spread_slippage_unverified,,true,false,2026-09-11
SAAS,SAAS.L,SAASl_EQ,ordinary_share,single_stock,aim,plain,GBX,100,,0,conditional_aim_exemption,true,London Stock Exchange AIM,,GB00BLR8L223,Microlise,,,,STOCKS,GB,GB,unverified,exempt_aim,not_verified,,candidate_not_verified,not_audited,,ordinary_share,vendor_mapping,inherited_unverified,tax_ptm_spread_slippage_unverified,,true,false,2026-09-11
SHOE,SHOE.L,SHOEl_EQ,ordinary_share,single_stock,aim,plain,GBX,100,,0,conditional_aim_exemption,true,London Stock Exchange AIM,,GB00BLTVCF91,Shoe Zone,,,,STOCKS,GB,GB,unverified,exempt_aim,not_verified,,candidate_not_verified,not_audited,,ordinary_share,vendor_mapping,inherited_unverified,tax_ptm_spread_slippage_unverified,,true,false,2026-09-11
QTX,QTX.L,QTXl_EQ,ordinary_share,single_stock,aim,plain,GBX,100,,0,conditional_aim_exemption,true,London Stock Exchange AIM,,GB00BLZH2C83,Quartix Technologies,,,,STOCKS,GB,GB,unverified,exempt_aim,not_verified,,candidate_not_verified,not_audited,,ordinary_share,vendor_mapping,inherited_unverified,tax_ptm_spread_slippage_unverified,,true,false,2026-09-11
FLO,FLO.L,FLOl_EQ,ordinary_share,single_stock,aim,plain,GBX,100,,0,conditional_aim_exemption,true,London Stock Exchange AIM,,GB00BM4NR742,Flowtech Fluidpower,,,,STOCKS,GB,GB,unverified,exempt_aim,not_verified,,candidate_not_verified,not_audited,,ordinary_share,vendor_mapping,inherited_unverified,tax_ptm_spread_slippage_unverified,,true,false,2026-09-11
NAH,NAH.L,NAHl_EQ,ordinary_share,single_stock,aim,plain,GBX,100,,0,conditional_aim_exemption,true,London Stock Exchange AIM,,GB00BM7S2W63,NAHL Group,,,,STOCKS,GB,GB,unverified,exempt_aim,not_verified,,candidate_not_verified,not_audited,,ordinary_share,vendor_mapping,inherited_unverified,tax_ptm_spread_slippage_unverified,,true,false,2026-09-11
VRCI,VRCI.L,VRCIl_EQ,ordinary_share,single_stock,aim,plain,GBX,100,,0,conditional_aim_exemption,true,London Stock Exchange AIM,,GB00BM8HZD43,Verici Dx,,,,STOCKS,GB,GB,unverified,exempt_aim,not_verified,,candidate_not_verified,not_audited,,ordinary_share,vendor_mapping,inherited_unverified,tax_ptm_spread_slippage_unverified,,true,false,2026-09-11
MRK,MRK.L,MRKl_EQ,ordinary_share,single_stock,aim,plain,GBX,100,,0,conditional_aim_exemption,true,London Stock Exchange AIM,,GB00BM8Q5G47,Marks Electrical,,,,STOCKS,GB,GB,unverified,exempt_aim,not_verified,,candidate_not_verified,not_audited,,ordinary_share,vendor_mapping,inherited_unverified,tax_ptm_spread_slippage_unverified,,true,false,2026-09-11
COPC,COPC.L,VAREl_EQ,ordinary_share,single_stock,aim,plain,GBX,100,,0,conditional_aim_exemption,true,London Stock Exchange AIM,,GB00BM9BZK23,Coppa Collective,,,,STOCKS,GB,GB,unverified,exempt_aim,not_verified,,candidate_not_verified,not_audited,,ordinary_share,vendor_mapping,inherited_unverified,tax_ptm_spread_slippage_unverified,,true,false,2026-09-11
LORD,LORD.L,LORDl_EQ,ordinary_share,single_stock,aim,plain,GBX,100,,0,conditional_aim_exemption,true,London Stock Exchange AIM,,GB00BM9CLS53,Lords Group Trading,,,,STOCKS,GB,GB,unverified,exempt_aim,not_verified,,candidate_not_verified,not_audited,,ordinary_share,vendor_mapping,inherited_unverified,tax_ptm_spread_slippage_unverified,,true,false,2026-09-11
EPP,EPP.L,EPPl_EQ,ordinary_share,single_stock,aim,plain,GBX,100,,0,conditional_aim_exemption,true,London Stock Exchange AIM,,GB00BM9M0884,Energypathways,,,,STOCKS,GB,GB,unverified,exempt_aim,not_verified,,candidate_not_verified,not_audited,,ordinary_share,vendor_mapping,inherited_unverified,tax_ptm_spread_slippage_unverified,,true,false,2026-09-11
CMO,CMO.L,CMOl_EQ,ordinary_share,single_stock,aim,plain,GBX,100,,0,conditional_aim_exemption,true,London Stock Exchange AIM,,GB00BMB5Y385,CMO Group,,,,STOCKS,GB,GB,unverified,exempt_aim,not_verified,,candidate_not_verified,not_audited,,ordinary_share,vendor_mapping,inherited_unverified,tax_ptm_spread_slippage_unverified,,true,false,2026-09-11
CLX,CLX.L,CLXl_EQ,ordinary_share,single_stock,aim,plain,GBX,100,,0,conditional_aim_exemption,true,London Stock Exchange AIM,,GB00BMBK7016,Calnex Solutions,,,,STOCKS,GB,GB,unverified,exempt_aim,not_verified,,candidate_not_verified,not_audited,,ordinary_share,vendor_mapping,inherited_unverified,tax_ptm_spread_slippage_unverified,,true,false,2026-09-11
AMCO,AMCO.L,AMCOl_EQ,ordinary_share,single_stock,aim,plain,GBX,100,,0,conditional_aim_exemption,true,London Stock Exchange AIM,,GB00BMBWCV32,Amcomri Group,,,,STOCKS,GB,GB,unverified,exempt_aim,not_verified,,candidate_not_verified,not_audited,,ordinary_share,vendor_mapping,inherited_unverified,tax_ptm_spread_slippage_unverified,,true,false,2026-09-11
LINV,LINV.L,LINVl_EQ,ordinary_share,single_stock,aim,plain,GBX,100,,0,conditional_aim_exemption,true,London Stock Exchange AIM,,GB00BMC2XX17,LendInvest,,,,STOCKS,GB,GB,unverified,exempt_aim,not_verified,,candidate_not_verified,not_audited,,ordinary_share,vendor_mapping,inherited_unverified,tax_ptm_spread_slippage_unverified,,true,false,2026-09-11
SAR,SAR.L,SARl_EQ,ordinary_share,single_stock,aim,plain,GBX,100,,0,conditional_aim_exemption,true,London Stock Exchange AIM,,GB00BMC3RJ87,Sareum Holdings,,,,STOCKS,GB,GB,unverified,exempt_aim,not_verified,,candidate_not_verified,not_audited,,ordinary_share,vendor_mapping,inherited_unverified,tax_ptm_spread_slippage_unverified,,true,false,2026-09-11
4BB,4BB.L,4BBl_EQ,ordinary_share,single_stock,aim,plain,GBX,100,,0,conditional_aim_exemption,true,London Stock Exchange AIM,,GB00BMCLYF79,4basebio,,,,STOCKS,GB,GB,unverified,exempt_aim,not_verified,,candidate_not_verified,not_audited,,ordinary_share,vendor_mapping,inherited_unverified,tax_ptm_spread_slippage_unverified,,true,false,2026-09-11
KOO,KOO.L,KOOl_EQ,ordinary_share,single_stock,aim,plain,GBX,100,,0,conditional_aim_exemption,true,London Stock Exchange AIM,,GB00BMCZLK30,Kooth,,,,STOCKS,GB,GB,unverified,exempt_aim,not_verified,,candidate_not_verified,not_audited,,ordinary_share,vendor_mapping,inherited_unverified,tax_ptm_spread_slippage_unverified,,true,false,2026-09-11
ITIM,ITIM.L,ITIMl_EQ,ordinary_share,single_stock,aim,plain,GBX,100,,0,conditional_aim_exemption,true,London Stock Exchange AIM,,GB00BMD2H500,Itim,,,,STOCKS,GB,GB,unverified,exempt_aim,not_verified,,candidate_not_verified,not_audited,,ordinary_share,vendor_mapping,inherited_unverified,tax_ptm_spread_slippage_unverified,,true,false,2026-09-11
GUN,GUN.L,GUNl1_EQ,ordinary_share,single_stock,aim,plain,GBX,100,,0,conditional_aim_exemption,true,London Stock Exchange AIM,,GB00BMD6PM55,Gunsynd,,,,STOCKS,GB,GB,unverified,exempt_aim,not_verified,,candidate_not_verified,not_audited,,ordinary_share,vendor_mapping,inherited_unverified,tax_ptm_spread_slippage_unverified,,true,false,2026-09-11
CPP,CPP.L,CPPl_EQ,ordinary_share,single_stock,aim,plain,GBX,100,,0,conditional_aim_exemption,true,London Stock Exchange AIM,,GB00BMDX5Z93,CPP Group,,,,STOCKS,GB,GB,unverified,exempt_aim,not_verified,,candidate_not_verified,not_audited,,ordinary_share,vendor_mapping,inherited_unverified,tax_ptm_spread_slippage_unverified,,true,false,2026-09-11
CMET,CMET.L,CMETl_EQ,ordinary_share,single_stock,aim,plain,GBX,100,,0,conditional_aim_exemption,true,London Stock Exchange AIM,,GB00BMF75608,Capital Metals,,,,STOCKS,GB,GB,unverified,exempt_aim,not_verified,,candidate_not_verified,not_audited,,ordinary_share,vendor_mapping,inherited_unverified,tax_ptm_spread_slippage_unverified,business_model_review,true,false,2026-09-11
POW,POW.L,POWl_EQ,ordinary_share,single_stock,aim,plain,GBX,100,,0,conditional_aim_exemption,true,London Stock Exchange AIM,,GB00BMFSSJ73,Power Metal Resources,,,,STOCKS,GB,GB,unverified,exempt_aim,not_verified,,candidate_not_verified,not_audited,,ordinary_share,vendor_mapping,inherited_unverified,tax_ptm_spread_slippage_unverified,,true,false,2026-09-11
PXEN,PXEN.L,PXENl_EQ,ordinary_share,single_stock,aim,plain,GBX,100,,0,conditional_aim_exemption,true,London Stock Exchange AIM,,GB00BMFZVZ53,Prospex Energy,,,,STOCKS,GB,GB,unverified,exempt_aim,not_verified,,candidate_not_verified,not_audited,,ordinary_share,vendor_mapping,inherited_unverified,tax_ptm_spread_slippage_unverified,,true,false,2026-09-11
XSG,XSG.L,XSGl_EQ,ordinary_share,single_stock,aim,plain,GBX,100,,0,conditional_aim_exemption,true,London Stock Exchange AIM,,GB00BMGYBJ57,Xeros Technology,,,,STOCKS,GB,GB,unverified,exempt_aim,not_verified,,candidate_not_verified,not_audited,,ordinary_share,vendor_mapping,inherited_unverified,tax_ptm_spread_slippage_unverified,,true,false,2026-09-11
VCAP,VCAP.L,VCAPl_EQ,ordinary_share,single_stock,aim,plain,GBX,100,,0,conditional_aim_exemption,true,London Stock Exchange AIM,,GB00BMH15P96,Vector Capital,,,,STOCKS,GB,GB,unverified,exempt_aim,not_verified,,candidate_not_verified,not_audited,,ordinary_share,vendor_mapping,inherited_unverified,tax_ptm_spread_slippage_unverified,business_model_review,true,false,2026-09-11
STG,STG.L,STGl_EQ,ordinary_share,single_stock,aim,plain,GBX,100,,0,conditional_aim_exemption,true,London Stock Exchange AIM,,GB00BMHN9M05,Strip Tinning,,,,STOCKS,GB,GB,unverified,exempt_aim,not_verified,,candidate_not_verified,not_audited,,ordinary_share,vendor_mapping,inherited_unverified,tax_ptm_spread_slippage_unverified,,true,false,2026-09-11
CTA,CTA.L,CTAl_EQ,ordinary_share,single_stock,aim,plain,GBX,100,,0,conditional_aim_exemption,true,London Stock Exchange AIM,,GB00BMHYGR77,CT Automotive,,,,STOCKS,GB,GB,unverified,exempt_aim,not_verified,,candidate_not_verified,not_audited,,ordinary_share,vendor_mapping,inherited_unverified,tax_ptm_spread_slippage_unverified,,true,false,2026-09-11
MEN,MEN.L,PPCl_EQ,ordinary_share,single_stock,aim,plain,GBX,100,,0,conditional_aim_exemption,true,London Stock Exchange AIM,,GB00BMT80K89,Molecular Energies,,,,STOCKS,GB,GB,unverified,exempt_aim,not_verified,,candidate_not_verified,not_audited,,ordinary_share,vendor_mapping,inherited_unverified,tax_ptm_spread_slippage_unverified,,true,false,2026-09-11
RDT,RDT.L,RDTl_EQ,ordinary_share,single_stock,aim,plain,GBX,100,,0,conditional_aim_exemption,true,London Stock Exchange AIM,,GB00BMV2DB09,Rosslyn Data Technologies,,,,STOCKS,GB,GB,unverified,exempt_aim,not_verified,,candidate_not_verified,not_audited,,ordinary_share,vendor_mapping,inherited_unverified,tax_ptm_spread_slippage_unverified,,true,false,2026-09-11
TAND,TAND.L,TANDl_EQ,ordinary_share,single_stock,aim,plain,GBX,100,,0,conditional_aim_exemption,true,London Stock Exchange AIM,,GB00BMV2DK99,Tan Delta Systems,,,,STOCKS,GB,GB,unverified,exempt_aim,not_verified,,candidate_not_verified,not_audited,,ordinary_share,vendor_mapping,inherited_unverified,tax_ptm_spread_slippage_unverified,,true,false,2026-09-11
TAP,TAP.L,TAPl_EQ,ordinary_share,single_stock,aim,plain,GBX,100,,0,conditional_aim_exemption,true,London Stock Exchange AIM,,GB00BMVSDN09,Tap Global,,,,STOCKS,GB,GB,unverified,exempt_aim,not_verified,,candidate_not_verified,not_audited,,ordinary_share,vendor_mapping,inherited_unverified,tax_ptm_spread_slippage_unverified,,true,false,2026-09-11
MET,MET.L,MSYSl_EQ,ordinary_share,single_stock,aim,plain,GBX,100,,0,conditional_aim_exemption,true,London Stock Exchange AIM,,GB00BMWC8365,Metir,,,,STOCKS,GB,GB,unverified,exempt_aim,not_verified,,candidate_not_verified,not_audited,,ordinary_share,vendor_mapping,inherited_unverified,tax_ptm_spread_slippage_unverified,,true,false,2026-09-11
AREC,AREC.L,ARECl_EQ,ordinary_share,single_stock,aim,plain,GBX,100,,0,conditional_aim_exemption,true,London Stock Exchange AIM,,GB00BMWLM973,Arecor Therapeutics,,,,STOCKS,GB,GB,unverified,exempt_aim,not_verified,,candidate_not_verified,not_audited,,ordinary_share,vendor_mapping,inherited_unverified,tax_ptm_spread_slippage_unverified,,true,false,2026-09-11
KRS,KRS.L,KRSl_EQ,ordinary_share,single_stock,aim,plain,GBX,100,,0,conditional_aim_exemption,true,London Stock Exchange AIM,,GB00BMY2T534,Keras Resources,,,,STOCKS,GB,GB,unverified,exempt_aim,not_verified,,candidate_not_verified,not_audited,,ordinary_share,vendor_mapping,inherited_unverified,tax_ptm_spread_slippage_unverified,,true,false,2026-09-11
ORCA,ORCA.L,ORCAl_EQ,ordinary_share,single_stock,aim,plain,GBX,100,,0,conditional_aim_exemption,true,London Stock Exchange AIM,,GB00BN0TY502,Orcadian Energy,,,,STOCKS,GB,GB,unverified,exempt_aim,not_verified,,candidate_not_verified,not_audited,,ordinary_share,vendor_mapping,inherited_unverified,tax_ptm_spread_slippage_unverified,,true,false,2026-09-11
ELEG,ELEG.L,ELEGl_EQ,ordinary_share,single_stock,aim,plain,GBX,100,,0,conditional_aim_exemption,true,London Stock Exchange AIM,,GB00BN11T727,Electric Guitar,,,,STOCKS,GB,GB,unverified,exempt_aim,not_verified,,candidate_not_verified,not_audited,,ordinary_share,vendor_mapping,inherited_unverified,tax_ptm_spread_slippage_unverified,,true,false,2026-09-11
BIG,BIG.L,BIGl_EQ,ordinary_share,single_stock,aim,plain,GBX,100,,0,conditional_aim_exemption,true,London Stock Exchange AIM,,GB00BN2TR932,Big Technologies,,,,STOCKS,GB,GB,unverified,exempt_aim,not_verified,,candidate_not_verified,not_audited,,ordinary_share,vendor_mapping,inherited_unverified,tax_ptm_spread_slippage_unverified,,true,false,2026-09-11
VINO,VINO.L,VINOl_EQ,ordinary_share,single_stock,aim,plain,GBX,100,,0,conditional_aim_exemption,true,London Stock Exchange AIM,,GB00BN33TR63,Virgin Wines UK,,,,STOCKS,GB,GB,unverified,exempt_aim,not_verified,,candidate_not_verified,not_audited,,ordinary_share,vendor_mapping,inherited_unverified,tax_ptm_spread_slippage_unverified,,true,false,2026-09-11
SKA,SKA.L,EDLl_EQ,ordinary_share,single_stock,aim,plain,GBX,100,,0,conditional_aim_exemption,true,London Stock Exchange AIM,,GB00BN47NP32,Shuka Minerals,,,,STOCKS,GB,GB,unverified,exempt_aim,not_verified,,candidate_not_verified,not_audited,,ordinary_share,vendor_mapping,inherited_unverified,tax_ptm_spread_slippage_unverified,,true,false,2026-09-11
TIA,TIA.L,IDEl_EQ,ordinary_share,single_stock,aim,plain,GBX,100,,0,conditional_aim_exemption,true,London Stock Exchange AIM,,GB00BN4M3M55,Tialis Essential IT,,,,STOCKS,GB,GB,unverified,exempt_aim,not_verified,,candidate_not_verified,not_audited,,ordinary_share,vendor_mapping,inherited_unverified,tax_ptm_spread_slippage_unverified,,true,false,2026-09-11
EMVC,EMVC.L,NSCIl_EQ,ordinary_share,single_stock,aim,plain,GBX,100,,0,conditional_aim_exemption,true,London Stock Exchange AIM,,GB00BN4R5Q82,EMV Capital,,,,STOCKS,GB,GB,unverified,exempt_aim,not_verified,,candidate_not_verified,not_audited,,ordinary_share,vendor_mapping,inherited_unverified,tax_ptm_spread_slippage_unverified,business_model_review,true,false,2026-09-11
SNT,SNT.L,SNTl_EQ,ordinary_share,single_stock,aim,plain,GBX,100,,0,conditional_aim_exemption,true,London Stock Exchange AIM,,GB00BN6JG812,Sabien Technology,,,,STOCKS,GB,GB,unverified,exempt_aim,not_verified,,candidate_not_verified,not_audited,,ordinary_share,vendor_mapping,inherited_unverified,tax_ptm_spread_slippage_unverified,,true,false,2026-09-11
FNX,FNX.L,FNXl_EQ,ordinary_share,single_stock,aim,plain,GBX,100,,0,conditional_aim_exemption,true,London Stock Exchange AIM,,GB00BN789668,Fonix,,,,STOCKS,GB,GB,unverified,exempt_aim,not_verified,,candidate_not_verified,not_audited,,ordinary_share,vendor_mapping,inherited_unverified,tax_ptm_spread_slippage_unverified,,true,false,2026-09-11
CTAI,CTAI.L,CTAIl_EQ,ordinary_share,single_stock,aim,plain,GBX,100,,0,conditional_aim_exemption,true,London Stock Exchange AIM,,GB00BN7DVG54,Catenai,,,,STOCKS,GB,GB,unverified,exempt_aim,not_verified,,candidate_not_verified,not_audited,,ordinary_share,vendor_mapping,inherited_unverified,tax_ptm_spread_slippage_unverified,,true,false,2026-09-11
ENSI,ENSI.L,ENSIl_EQ,ordinary_share,single_stock,aim,plain,GBX,100,,0,conditional_aim_exemption,true,London Stock Exchange AIM,,GB00BN7F1618,EnSilica,,,,STOCKS,GB,GB,unverified,exempt_aim,not_verified,,candidate_not_verified,not_audited,,ordinary_share,vendor_mapping,inherited_unverified,tax_ptm_spread_slippage_unverified,,true,false,2026-09-11
FORF,FORF.L,CPTl_EQ,ordinary_share,single_stock,aim,plain,GBX,100,,0,conditional_aim_exemption,true,London Stock Exchange AIM,,GB00BN7K5L93,Fortis Frontier,,,,STOCKS,GB,GB,unverified,exempt_aim,not_verified,,candidate_not_verified,not_audited,,ordinary_share,vendor_mapping,inherited_unverified,tax_ptm_spread_slippage_unverified,,true,false,2026-09-11
GELN,GELN.L,GELNl_EQ,ordinary_share,single_stock,aim,plain,GBX,100,,0,conditional_aim_exemption,true,London Stock Exchange AIM,,GB00BNBQZD59,Gelion,,,,STOCKS,GB,GB,unverified,exempt_aim,not_verified,,candidate_not_verified,not_audited,,ordinary_share,vendor_mapping,inherited_unverified,tax_ptm_spread_slippage_unverified,,true,false,2026-09-11
MLVN,MLVN.L,MLVNl_EQ,ordinary_share,single_stock,aim,plain,GBX,100,,0,conditional_aim_exemption,true,London Stock Exchange AIM,,GB00BNBVJZ07,Malvern International,,,,STOCKS,GB,GB,unverified,exempt_aim,not_verified,,candidate_not_verified,not_audited,,ordinary_share,vendor_mapping,inherited_unverified,tax_ptm_spread_slippage_unverified,,true,false,2026-09-11
EDX,EDX.L,EDXl_EQ,ordinary_share,single_stock,aim,plain,GBX,100,,0,conditional_aim_exemption,true,London Stock Exchange AIM,,GB00BNDMJS47,EDX Medical Group,,,,STOCKS,GB,GB,unverified,exempt_aim,not_verified,,candidate_not_verified,not_audited,,ordinary_share,vendor_mapping,inherited_unverified,tax_ptm_spread_slippage_unverified,,true,false,2026-09-11
LST,LST.L,LSTl_EQ,ordinary_share,single_stock,aim,plain,GBX,100,,0,conditional_aim_exemption,true,London Stock Exchange AIM,,GB00BNDQJN14,Light Science Technologies,,,,STOCKS,GB,GB,unverified,exempt_aim,not_verified,,candidate_not_verified,not_audited,,ordinary_share,vendor_mapping,inherited_unverified,tax_ptm_spread_slippage_unverified,,true,false,2026-09-11
AURR,AURR.L,AURRl_EQ,ordinary_share,single_stock,aim,plain,GBX,100,,0,conditional_aim_exemption,true,London Stock Exchange AIM,,GB00BNG73286,Aurrigo International,,,,STOCKS,GB,GB,unverified,exempt_aim,not_verified,,candidate_not_verified,not_audited,,ordinary_share,vendor_mapping,inherited_unverified,tax_ptm_spread_slippage_unverified,,true,false,2026-09-11
FIN,FIN.L,CSFSl_EQ,ordinary_share,single_stock,aim,plain,GBX,100,,0,conditional_aim_exemption,true,London Stock Exchange AIM,,GB00BNG7CD28,Finseta,,,,STOCKS,GB,GB,unverified,exempt_aim,not_verified,,candidate_not_verified,not_audited,,ordinary_share,vendor_mapping,inherited_unverified,tax_ptm_spread_slippage_unverified,,true,false,2026-09-11
DSW,DSW.L,DSWl_EQ,ordinary_share,single_stock,aim,plain,GBX,100,,0,conditional_aim_exemption,true,London Stock Exchange AIM,,GB00BNG9H550,DSW Capital,,,,STOCKS,GB,GB,unverified,exempt_aim,not_verified,,candidate_not_verified,not_audited,,ordinary_share,vendor_mapping,inherited_unverified,tax_ptm_spread_slippage_unverified,business_model_review,true,false,2026-09-11
SKL,SKL.L,SKLl1_EQ,ordinary_share,single_stock,aim,plain,GBX,100,,0,conditional_aim_exemption,true,London Stock Exchange AIM,,GB00BNLXS042,Skillcast,,,,STOCKS,GB,GB,unverified,exempt_aim,not_verified,,candidate_not_verified,not_audited,,ordinary_share,vendor_mapping,inherited_unverified,tax_ptm_spread_slippage_unverified,,true,false,2026-09-11
TRLS,TRLS.L,TRLSl_EQ,ordinary_share,single_stock,aim,plain,GBX,100,,0,conditional_aim_exemption,true,London Stock Exchange AIM,,GB00BNNFM402,Trellus Health,,,,STOCKS,GB,GB,unverified,exempt_aim,not_verified,,candidate_not_verified,not_audited,,ordinary_share,vendor_mapping,inherited_unverified,tax_ptm_spread_slippage_unverified,,true,false,2026-09-11
SWT,SWT.L,SWTl_EQ,ordinary_share,single_stock,aim,plain,GBX,100,,0,conditional_aim_exemption,true,London Stock Exchange AIM,,GB00BNRR5980,Switch Metals,,,,STOCKS,GB,GB,unverified,exempt_aim,not_verified,,candidate_not_verified,not_audited,,ordinary_share,vendor_mapping,inherited_unverified,tax_ptm_spread_slippage_unverified,,true,false,2026-09-11
APTA,APTA.L,APTAl_EQ,ordinary_share,single_stock,aim,plain,GBX,100,,0,conditional_aim_exemption,true,London Stock Exchange AIM,,GB00BNRRP542,Aptamer,,,,STOCKS,GB,GB,unverified,exempt_aim,not_verified,,candidate_not_verified,not_audited,,ordinary_share,vendor_mapping,inherited_unverified,tax_ptm_spread_slippage_unverified,,true,false,2026-09-11
TRX,TRX.L,TRXl_EQ,ordinary_share,single_stock,aim,plain,GBX,100,,0,conditional_aim_exemption,true,London Stock Exchange AIM,,GB00BNTXR104,Tissue Regenix,,,,STOCKS,GB,GB,unverified,exempt_aim,not_verified,,candidate_not_verified,not_audited,,ordinary_share,vendor_mapping,inherited_unverified,tax_ptm_spread_slippage_unverified,,true,false,2026-09-11
ZED,ZED.L,ZEDl_EQ,ordinary_share,single_stock,aim,plain,GBX,100,,0,conditional_aim_exemption,true,London Stock Exchange AIM,,GB00BNVVH568,Zenova,,,,STOCKS,GB,GB,unverified,exempt_aim,not_verified,,candidate_not_verified,not_audited,,ordinary_share,vendor_mapping,inherited_unverified,tax_ptm_spread_slippage_unverified,,true,false,2026-09-11
VIC,VIC.L,VICl_EQ,ordinary_share,single_stock,aim,plain,GBX,100,,0,conditional_aim_exemption,true,London Stock Exchange AIM,,GB00BNVVHD43,Victorian Plumbing,,,,STOCKS,GB,GB,unverified,exempt_aim,not_verified,,candidate_not_verified,not_audited,,ordinary_share,vendor_mapping,inherited_unverified,tax_ptm_spread_slippage_unverified,,true,false,2026-09-11
BVX,BVX.L,BVXl_EQ,ordinary_share,single_stock,aim,plain,GBX,100,,0,conditional_aim_exemption,true,London Stock Exchange AIM,,GB00BNXH3K91,BiVictriX Therapeutics,,,,STOCKS,GB,GB,unverified,exempt_aim,not_verified,,candidate_not_verified,not_audited,,ordinary_share,vendor_mapping,inherited_unverified,tax_ptm_spread_slippage_unverified,,true,false,2026-09-11
SBDS,SBDS.L,SBDSl_EQ,ordinary_share,single_stock,aim,plain,GBX,100,,0,conditional_aim_exemption,true,London Stock Exchange AIM,,GB00BNXM0Z89,Silver Bullet Data Services,,,,STOCKS,GB,GB,unverified,exempt_aim,not_verified,,candidate_not_verified,not_audited,,ordinary_share,vendor_mapping,inherited_unverified,tax_ptm_spread_slippage_unverified,,true,false,2026-09-11
ART,ART.L,ARTl_EQ,ordinary_share,single_stock,aim,plain,GBX,100,,0,conditional_aim_exemption,true,London Stock Exchange AIM,,GB00BNXM3P96,Artisanal Spirits,,,,STOCKS,GB,GB,unverified,exempt_aim,not_verified,,candidate_not_verified,not_audited,,ordinary_share,vendor_mapping,inherited_unverified,tax_ptm_spread_slippage_unverified,,true,false,2026-09-11
ETP,ETP.L,ETPl_EQ,ordinary_share,single_stock,aim,plain,GBX,100,,0,conditional_aim_exemption,true,London Stock Exchange AIM,,GB00BNYDGM91,Eneraqua Technologies,,,,STOCKS,GB,GB,unverified,exempt_aim,not_verified,,candidate_not_verified,not_audited,,ordinary_share,vendor_mapping,inherited_unverified,tax_ptm_spread_slippage_unverified,,true,false,2026-09-11
MEX,MEX.L,MEXl_EQ,ordinary_share,single_stock,aim,plain,GBX,100,,0,conditional_aim_exemption,true,London Stock Exchange AIM,,GB00BNYDGZ21,Tortilla Mexican Grill,,,,STOCKS,GB,GB,unverified,exempt_aim,not_verified,,candidate_not_verified,not_audited,,ordinary_share,vendor_mapping,inherited_unverified,tax_ptm_spread_slippage_unverified,,true,false,2026-09-11
NWT,NWT.L,NWTl_EQ,ordinary_share,single_stock,aim,plain,GBX,100,,0,conditional_aim_exemption,true,London Stock Exchange AIM,,GB00BNYM9W73,Newmark Security,,,,STOCKS,GB,GB,unverified,exempt_aim,not_verified,,candidate_not_verified,not_audited,,ordinary_share,vendor_mapping,inherited_unverified,tax_ptm_spread_slippage_unverified,,true,false,2026-09-11
ADF,ADF.L,ADFl_EQ,ordinary_share,single_stock,aim,plain,GBX,100,,0,conditional_aim_exemption,true,London Stock Exchange AIM,,GB00BNZGNM64,Facilities by Adf,,,,STOCKS,GB,GB,unverified,exempt_aim,not_verified,,candidate_not_verified,not_audited,,ordinary_share,vendor_mapping,inherited_unverified,tax_ptm_spread_slippage_unverified,,true,false,2026-09-11
WVIA,WVIA.L,WVIAl_EQ,ordinary_share,single_stock,aim,plain,GBX,100,,0,conditional_aim_exemption,true,London Stock Exchange AIM,,GB00BP084X98,Winvia Entertainment,,,,STOCKS,GB,GB,unverified,exempt_aim,not_verified,,candidate_not_verified,not_audited,,ordinary_share,vendor_mapping,inherited_unverified,tax_ptm_spread_slippage_unverified,,true,false,2026-09-11
OPTI,OPTI.L,OPTIl_EQ,ordinary_share,single_stock,aim,plain,GBX,100,,0,conditional_aim_exemption,true,London Stock Exchange AIM,,GB00BP0RTP38,OptiBiotix Health,,,,STOCKS,GB,GB,unverified,exempt_aim,not_verified,,candidate_not_verified,not_audited,,ordinary_share,vendor_mapping,inherited_unverified,tax_ptm_spread_slippage_unverified,,true,false,2026-09-11
CPH2,CPH2.L,CPH2l_EQ,ordinary_share,single_stock,aim,plain,GBX,100,,0,conditional_aim_exemption,true,London Stock Exchange AIM,,GB00BP371R64,Clean Power Hydrogen,,,,STOCKS,GB,GB,unverified,exempt_aim,not_verified,,candidate_not_verified,not_audited,,ordinary_share,vendor_mapping,inherited_unverified,tax_ptm_spread_slippage_unverified,,true,false,2026-09-11
SAVE,SAVE.L,SAVEl_EQ,ordinary_share,single_stock,aim,plain,GBX,100,,0,conditional_aim_exemption,true,London Stock Exchange AIM,,GB00BP41S218,Savannah Energy,,,,STOCKS,GB,GB,unverified,exempt_aim,not_verified,,candidate_not_verified,not_audited,,ordinary_share,vendor_mapping,inherited_unverified,tax_ptm_spread_slippage_unverified,,true,false,2026-09-11
ATOM,ATOM.L,ATOMl_EQ,ordinary_share,single_stock,aim,plain,GBX,100,,0,conditional_aim_exemption,true,London Stock Exchange AIM,,GB00BP4BSM10,Atome PLC,,,,STOCKS,GB,GB,unverified,exempt_aim,not_verified,,candidate_not_verified,not_audited,,ordinary_share,vendor_mapping,inherited_unverified,tax_ptm_spread_slippage_unverified,,true,false,2026-09-11
TUN,TUN.L,TUNl_EQ,ordinary_share,single_stock,aim,plain,GBX,100,,0,conditional_aim_exemption,true,London Stock Exchange AIM,,GB00BP6QM557,Tungsten West,,,,STOCKS,GB,GB,unverified,exempt_aim,not_verified,,candidate_not_verified,not_audited,,ordinary_share,vendor_mapping,inherited_unverified,tax_ptm_spread_slippage_unverified,,true,false,2026-09-11
REVB,REVB.L,REVBl_EQ,ordinary_share,single_stock,aim,plain,GBX,100,,0,conditional_aim_exemption,true,London Stock Exchange AIM,,GB00BP7L1T61,Revolution Beauty,,,,STOCKS,GB,GB,unverified,exempt_aim,not_verified,,candidate_not_verified,not_audited,,ordinary_share,vendor_mapping,inherited_unverified,tax_ptm_spread_slippage_unverified,,true,false,2026-09-11
KIST,KIST.L,KISTl_EQ,ordinary_share,single_stock,aim,plain,GBX,100,,0,conditional_aim_exemption,true,London Stock Exchange AIM,,GB00BP7NQJ77,Kistos Holdings,,,,STOCKS,GB,GB,unverified,exempt_aim,not_verified,,candidate_not_verified,not_audited,,ordinary_share,vendor_mapping,inherited_unverified,tax_ptm_spread_slippage_unverified,,true,false,2026-09-11
FMET,FMET.L,FMETl_EQ,ordinary_share,single_stock,aim,plain,GBX,100,,0,conditional_aim_exemption,true,London Stock Exchange AIM,,GB00BPCPPZ79,Fulcrum Metals,,,,STOCKS,GB,GB,unverified,exempt_aim,not_verified,,candidate_not_verified,not_audited,,ordinary_share,vendor_mapping,inherited_unverified,tax_ptm_spread_slippage_unverified,,true,false,2026-09-11
REAT,REAT.L,REATl_EQ,ordinary_share,single_stock,aim,plain,GBX,100,,0,conditional_aim_exemption,true,London Stock Exchange AIM,,GB00BPCTRB97,REACT,,,,STOCKS,GB,GB,unverified,exempt_aim,not_verified,,candidate_not_verified,not_audited,,ordinary_share,vendor_mapping,inherited_unverified,tax_ptm_spread_slippage_unverified,,true,false,2026-09-11
SORT,SORT.L,LSAIl_EQ,ordinary_share,single_stock,aim,plain,GBX,100,,0,conditional_aim_exemption,true,London Stock Exchange AIM,,GB00BPDX2041,Sorted Group Holdings,,,,STOCKS,GB,GB,unverified,exempt_aim,not_verified,,candidate_not_verified,not_audited,,ordinary_share,vendor_mapping,inherited_unverified,tax_ptm_spread_slippage_unverified,,true,false,2026-09-11
AEG,AEG.L,AEGl_EQ,ordinary_share,single_stock,aim,plain,GBX,100,,0,conditional_aim_exemption,true,London Stock Exchange AIM,,GB00BPG7NS80,Active Energy,,,,STOCKS,GB,GB,unverified,exempt_aim,not_verified,,candidate_not_verified,not_audited,,ordinary_share,vendor_mapping,inherited_unverified,tax_ptm_spread_slippage_unverified,,true,false,2026-09-11
ITX,ITX.L,ITXl_EQ,ordinary_share,single_stock,aim,plain,GBX,100,,0,conditional_aim_exemption,true,London Stock Exchange AIM,,GB00BPK3YZ68,Itaconix,,,,STOCKS,GB,GB,unverified,exempt_aim,not_verified,,candidate_not_verified,not_audited,,ordinary_share,vendor_mapping,inherited_unverified,tax_ptm_spread_slippage_unverified,,true,false,2026-09-11
HEX,HEX.L,HEXl_EQ,ordinary_share,single_stock,aim,plain,GBX,100,,0,conditional_aim_exemption,true,London Stock Exchange AIM,,GB00BPK66X70,Helix Exploration,,,,STOCKS,GB,GB,unverified,exempt_aim,not_verified,,candidate_not_verified,not_audited,,ordinary_share,vendor_mapping,inherited_unverified,tax_ptm_spread_slippage_unverified,,true,false,2026-09-11
SAL,SAL.L,SALl_EQ,ordinary_share,single_stock,aim,plain,GBX,100,,0,conditional_aim_exemption,true,London Stock Exchange AIM,,GB00BPQDJM21,SpaceandPeople,,,,STOCKS,GB,GB,unverified,exempt_aim,not_verified,,candidate_not_verified,not_audited,,ordinary_share,vendor_mapping,inherited_unverified,tax_ptm_spread_slippage_unverified,,true,false,2026-09-11
GMET,GMET.L,GMETl_EQ,ordinary_share,single_stock,aim,plain,GBX,100,,0,conditional_aim_exemption,true,London Stock Exchange AIM,,GB00BPQY8R36,Guardian Metal Resources,,,,STOCKS,GB,GB,unverified,exempt_aim,not_verified,,candidate_not_verified,not_audited,,ordinary_share,vendor_mapping,inherited_unverified,tax_ptm_spread_slippage_unverified,,true,false,2026-09-11
CORO,CORO.L,COROl_EQ,ordinary_share,single_stock,aim,plain,GBX,100,,0,conditional_aim_exemption,true,London Stock Exchange AIM,,GB00BPSRYZ03,Coro Energy,,,,STOCKS,GB,GB,unverified,exempt_aim,not_verified,,candidate_not_verified,not_audited,,ordinary_share,vendor_mapping,inherited_unverified,tax_ptm_spread_slippage_unverified,,true,false,2026-09-11
HERC,HERC.L,HERCl_EQ,ordinary_share,single_stock,aim,plain,GBX,100,,0,conditional_aim_exemption,true,London Stock Exchange AIM,,GB00BPVBVZ82,Hercules,,,,STOCKS,GB,GB,unverified,exempt_aim,not_verified,,candidate_not_verified,not_audited,,ordinary_share,vendor_mapping,inherited_unverified,tax_ptm_spread_slippage_unverified,,true,false,2026-09-11
PR1,PR1.L,PR1l_EQ,ordinary_share,single_stock,aim,plain,GBX,100,,0,conditional_aim_exemption,true,London Stock Exchange AIM,,GB00BPVD4J91,Pri0r1ty Intelligence,,,,STOCKS,GB,GB,unverified,exempt_aim,not_verified,,candidate_not_verified,not_audited,,ordinary_share,vendor_mapping,inherited_unverified,tax_ptm_spread_slippage_unverified,,true,false,2026-09-11
EGT,EGT.L,EGTl_EQ,ordinary_share,single_stock,aim,plain,GBX,100,,0,conditional_aim_exemption,true,London Stock Exchange AIM,,GB00BPVG5407,European Green Transition,,,,STOCKS,GB,GB,unverified,exempt_aim,not_verified,,candidate_not_verified,not_audited,,ordinary_share,vendor_mapping,inherited_unverified,tax_ptm_spread_slippage_unverified,,true,false,2026-09-11
SELK,SELK.L,SELKl_EQ,ordinary_share,single_stock,aim,plain,GBX,100,,0,conditional_aim_exemption,true,London Stock Exchange AIM,,GB00BPW7W965,Selkirk,,,,STOCKS,GB,GB,unverified,exempt_aim,not_verified,,candidate_not_verified,not_audited,,ordinary_share,vendor_mapping,inherited_unverified,tax_ptm_spread_slippage_unverified,,true,false,2026-09-11
BEM,BEM.L,BEMl_EQ,ordinary_share,single_stock,aim,plain,GBX,100,,0,conditional_aim_exemption,true,London Stock Exchange AIM,,GB00BQ1LGQ19,Beowulf Mining,,,,STOCKS,GB,GB,unverified,exempt_aim,not_verified,,candidate_not_verified,not_audited,,ordinary_share,vendor_mapping,inherited_unverified,tax_ptm_spread_slippage_unverified,,true,false,2026-09-11
SALT,SALT.L,SALTl_EQ,ordinary_share,single_stock,aim,plain,GBX,100,,0,conditional_aim_exemption,true,London Stock Exchange AIM,,GB00BQB6FF85,MicroSalt,,,,STOCKS,GB,GB,unverified,exempt_aim,not_verified,,candidate_not_verified,not_audited,,ordinary_share,vendor_mapping,inherited_unverified,tax_ptm_spread_slippage_unverified,,true,false,2026-09-11
C4XD,C4XD.L,C4XDl_EQ,ordinary_share,single_stock,aim,plain,GBX,100,,0,conditional_aim_exemption,true,London Stock Exchange AIM,,GB00BQQ2RV18,C4X Discovery,,,,STOCKS,GB,GB,unverified,exempt_aim,not_verified,,candidate_not_verified,not_audited,,ordinary_share,vendor_mapping,inherited_unverified,tax_ptm_spread_slippage_unverified,,true,false,2026-09-11
AXS,AXS.L,AXSl_EQ,ordinary_share,single_stock,aim,plain,GBX,100,,0,conditional_aim_exemption,true,London Stock Exchange AIM,,GB00BQQFX454,Accsys Technologies,,,,STOCKS,GB,GB,unverified,exempt_aim,not_verified,,candidate_not_verified,not_audited,,ordinary_share,vendor_mapping,inherited_unverified,tax_ptm_spread_slippage_unverified,,true,false,2026-09-11
ACRM,ACRM.L,ACRMl_EQ,ordinary_share,single_stock,aim,plain,GBX,100,,0,conditional_aim_exemption,true,London Stock Exchange AIM,,GB00BR0WHY71,ACUITY RM,,,,STOCKS,GB,GB,unverified,exempt_aim,not_verified,,candidate_not_verified,not_audited,,ordinary_share,vendor_mapping,inherited_unverified,tax_ptm_spread_slippage_unverified,,true,false,2026-09-11
INSE,INSE.L,INSEl_EQ,ordinary_share,single_stock,aim,plain,GBX,100,,0,conditional_aim_exemption,true,London Stock Exchange AIM,,GB00BR2Q0V58,Inspired,,,,STOCKS,GB,GB,unverified,exempt_aim,not_verified,,candidate_not_verified,not_audited,,ordinary_share,vendor_mapping,inherited_unverified,tax_ptm_spread_slippage_unverified,,true,false,2026-09-11
EARN,EARN.L,VDTKl_EQ,ordinary_share,single_stock,aim,plain,GBX,100,,0,conditional_aim_exemption,true,London Stock Exchange AIM,,GB00BRC2TB67,Earnz,,,,STOCKS,GB,GB,unverified,exempt_aim,not_verified,,candidate_not_verified,not_audited,,ordinary_share,vendor_mapping,inherited_unverified,tax_ptm_spread_slippage_unverified,,true,false,2026-09-11
THR,THR.L,THRl_EQ,ordinary_share,single_stock,aim,plain,GBX,100,,0,conditional_aim_exemption,true,London Stock Exchange AIM,,GB00BRJ52319,Thor Energy,,,,STOCKS,GB,GB,unverified,exempt_aim,not_verified,,candidate_not_verified,not_audited,,ordinary_share,vendor_mapping,inherited_unverified,tax_ptm_spread_slippage_unverified,,true,false,2026-09-11
FEVR,FEVR.L,FEVRl_EQ,ordinary_share,single_stock,aim,plain,GBX,100,,0,conditional_aim_exemption,true,London Stock Exchange AIM,,GB00BRJ9BJ26,Fevertree Drinks,,,,STOCKS,GB,GB,unverified,exempt_aim,not_verified,,candidate_not_verified,not_audited,,ordinary_share,vendor_mapping,inherited_unverified,tax_ptm_spread_slippage_unverified,,true,false,2026-09-11
TIDE,TIDE.L,TIDEl_EQ,ordinary_share,single_stock,aim,plain,GBX,100,,0,conditional_aim_exemption,true,London Stock Exchange AIM,,GB00BRJRV969,Crimson Tide,,,,STOCKS,GB,GB,unverified,exempt_aim,not_verified,,candidate_not_verified,not_audited,,ordinary_share,vendor_mapping,inherited_unverified,tax_ptm_spread_slippage_unverified,,true,false,2026-09-11
ECOB,ECOB.L,FOXl_EQ,ordinary_share,single_stock,aim,plain,GBX,100,,0,conditional_aim_exemption,true,London Stock Exchange AIM,,GB00BRJTP124,Eco Buildings Group,,,,STOCKS,GB,GB,unverified,exempt_aim,not_verified,,candidate_not_verified,not_audited,,ordinary_share,vendor_mapping,inherited_unverified,tax_ptm_spread_slippage_unverified,,true,false,2026-09-11
OPT,OPT.L,OPTl_EQ,ordinary_share,single_stock,aim,plain,GBX,100,,0,conditional_aim_exemption,true,London Stock Exchange AIM,,GB00BRSCY602,Optima Health,,,,STOCKS,GB,GB,unverified,exempt_aim,not_verified,,candidate_not_verified,not_audited,,ordinary_share,vendor_mapping,inherited_unverified,tax_ptm_spread_slippage_unverified,,true,false,2026-09-11
FDR,FDR.L,FDRl_EQ,ordinary_share,single_stock,aim,plain,GBX,100,,0,conditional_aim_exemption,true,London Stock Exchange AIM,,GB00BRY05092,First Development Resources,,,,STOCKS,GB,GB,unverified,exempt_aim,not_verified,,candidate_not_verified,not_audited,,ordinary_share,vendor_mapping,inherited_unverified,tax_ptm_spread_slippage_unverified,,true,false,2026-09-11
NTVO,NTVO.L,ECHOl_EQ,ordinary_share,single_stock,aim,plain,GBX,100,,0,conditional_aim_exemption,true,London Stock Exchange AIM,,GB00BRYPS729,Nativo Resources,,,,STOCKS,GB,GB,unverified,exempt_aim,not_verified,,candidate_not_verified,not_audited,,ordinary_share,vendor_mapping,inherited_unverified,tax_ptm_spread_slippage_unverified,,true,false,2026-09-11
UKOG,UKOG.L,UKOGl_EQ,ordinary_share,single_stock,aim,plain,GBX,100,,0,conditional_aim_exemption,true,London Stock Exchange AIM,,GB00BS3D4G58,UK OIL & GAS,,,,STOCKS,GB,GB,unverified,exempt_aim,not_verified,,candidate_not_verified,not_audited,,ordinary_share,vendor_mapping,inherited_unverified,tax_ptm_spread_slippage_unverified,,true,false,2026-09-11
BLU,BLU.L,BLUl_EQ,ordinary_share,single_stock,aim,plain,GBX,100,,0,conditional_aim_exemption,true,London Stock Exchange AIM,,GB00BS6Y1X18,Blue Star Capital,,,,STOCKS,GB,GB,unverified,exempt_aim,not_verified,,candidate_not_verified,not_audited,,ordinary_share,vendor_mapping,inherited_unverified,tax_ptm_spread_slippage_unverified,business_model_review,true,false,2026-09-11
IES,IES.L,IESl_EQ,ordinary_share,single_stock,aim,plain,GBX,100,,0,conditional_aim_exemption,true,London Stock Exchange AIM,,GB00BS9F9D74,Invinity Energy Systems,,,,STOCKS,GB,GB,unverified,exempt_aim,not_verified,,candidate_not_verified,not_audited,,ordinary_share,vendor_mapping,inherited_unverified,tax_ptm_spread_slippage_unverified,,true,false,2026-09-11
TUNE,TUNE.L,TUNEl_EQ,ordinary_share,single_stock,aim,plain,GBX,100,,0,conditional_aim_exemption,true,London Stock Exchange AIM,,GB00BSBMW716,Focusrite,,,,STOCKS,GB,GB,unverified,exempt_aim,not_verified,,candidate_not_verified,not_audited,,ordinary_share,vendor_mapping,inherited_unverified,tax_ptm_spread_slippage_unverified,,true,false,2026-09-11
PWR,PWR.L,PWRl_EQ,ordinary_share,single_stock,aim,plain,GBX,100,,0,conditional_aim_exemption,true,London Stock Exchange AIM,,GB00BSDYS558,Power Probe,,,,STOCKS,GB,GB,unverified,exempt_aim,not_verified,,candidate_not_verified,not_audited,,ordinary_share,vendor_mapping,inherited_unverified,tax_ptm_spread_slippage_unverified,,true,false,2026-09-11
COIL,COIL.L,ROQl_EQ,ordinary_share,single_stock,aim,plain,GBX,100,,0,conditional_aim_exemption,true,London Stock Exchange AIM,,GB00BSHRN331,Coiled Therapeutics,,,,STOCKS,GB,GB,unverified,exempt_aim,not_verified,,candidate_not_verified,not_audited,,ordinary_share,vendor_mapping,inherited_unverified,tax_ptm_spread_slippage_unverified,,true,false,2026-09-11
SNDA,SNDA.L,BOILl_EQ,ordinary_share,single_stock,aim,plain,GBX,100,,0,conditional_aim_exemption,true,London Stock Exchange AIM,,GB00BSHSGY88,Sunda Energy,,,,STOCKS,GB,GB,unverified,exempt_aim,not_verified,,candidate_not_verified,not_audited,,ordinary_share,vendor_mapping,inherited_unverified,tax_ptm_spread_slippage_unverified,,true,false,2026-09-11
MERC,MERC.L,MERCl_EQ,ordinary_share,single_stock,aim,plain,GBX,100,,0,conditional_aim_exemption,true,London Stock Exchange AIM,,GB00BSL71W47,Mercia Asset Management,,,,STOCKS,GB,GB,unverified,exempt_aim,not_verified,,candidate_not_verified,not_audited,,ordinary_share,vendor_mapping,inherited_unverified,tax_ptm_spread_slippage_unverified,,true,false,2026-09-11
BBSN,BBSN.L,BBSNl_EQ,ordinary_share,single_stock,aim,plain,GBX,100,,0,conditional_aim_exemption,true,London Stock Exchange AIM,,GB00BSLKLP68,Brave Bison,,,,STOCKS,GB,GB,unverified,exempt_aim,not_verified,,candidate_not_verified,not_audited,,ordinary_share,vendor_mapping,inherited_unverified,tax_ptm_spread_slippage_unverified,,true,false,2026-09-11
TIN,TIN.L,CUSNl_EQ,ordinary_share,single_stock,aim,plain,GBX,100,,0,conditional_aim_exemption,true,London Stock Exchange AIM,,GB00BSLNG492,Cornish Metals,,,,STOCKS,GB,GB,unverified,exempt_aim,not_verified,,candidate_not_verified,not_audited,,ordinary_share,vendor_mapping,inherited_unverified,tax_ptm_spread_slippage_unverified,,true,false,2026-09-11
DCTA,DCTA.L,DCTAl_EQ,ordinary_share,single_stock,aim,plain,GBX,100,,0,conditional_aim_exemption,true,London Stock Exchange AIM,,GB00BSM98843,Directa Plus,,,,STOCKS,GB,GB,unverified,exempt_aim,not_verified,,candidate_not_verified,not_audited,,ordinary_share,vendor_mapping,inherited_unverified,tax_ptm_spread_slippage_unverified,,true,false,2026-09-11
REDX,REDX.L,REDXl_EQ,ordinary_share,single_stock,aim,plain,GBX,100,,0,conditional_aim_exemption,true,London Stock Exchange AIM,,GB00BSNB6S51,Redx Pharma,,,,STOCKS,GB,GB,unverified,exempt_aim,not_verified,,candidate_not_verified,not_audited,,ordinary_share,vendor_mapping,inherited_unverified,tax_ptm_spread_slippage_unverified,,true,false,2026-09-11
FOX,FOX.L,KATl_EQ,ordinary_share,single_stock,aim,plain,GBX,100,,0,conditional_aim_exemption,true,London Stock Exchange AIM,,GB00BSNBL022,Focus Xplore,,,,STOCKS,GB,GB,unverified,exempt_aim,not_verified,,candidate_not_verified,not_audited,,ordinary_share,vendor_mapping,inherited_unverified,tax_ptm_spread_slippage_unverified,,true,false,2026-09-11
RGG,RGG.L,RGGl_EQ,ordinary_share,single_stock,aim,plain,GBX,100,,0,conditional_aim_exemption,true,London Stock Exchange AIM,,GB00BSVJ8W91,Rentguarantor,,,,STOCKS,GB,GB,unverified,exempt_aim,not_verified,,candidate_not_verified,not_audited,,ordinary_share,vendor_mapping,inherited_unverified,tax_ptm_spread_slippage_unverified,,true,false,2026-09-11
TCF,TCF.L,EVGl_EQ,ordinary_share,single_stock,aim,plain,GBX,100,,0,conditional_aim_exemption,true,London Stock Exchange AIM,,GB00BSVYN304,Theracryf,,,,STOCKS,GB,GB,unverified,exempt_aim,not_verified,,candidate_not_verified,not_audited,,ordinary_share,vendor_mapping,inherited_unverified,tax_ptm_spread_slippage_unverified,,true,false,2026-09-11
MET1,MET1.L,MET1l_EQ,ordinary_share,single_stock,aim,plain,GBX,100,,0,conditional_aim_exemption,true,London Stock Exchange AIM,,GB00BSY1D385,Metals One,,,,STOCKS,GB,GB,unverified,exempt_aim,not_verified,,candidate_not_verified,not_audited,,ordinary_share,vendor_mapping,inherited_unverified,tax_ptm_spread_slippage_unverified,,true,false,2026-09-11
GFIN,GFIN.L,GFINl_EQ,ordinary_share,single_stock,aim,plain,GBX,100,,0,conditional_aim_exemption,true,London Stock Exchange AIM,,GB00BT9QD572,Gfinity,,,,STOCKS,GB,GB,unverified,exempt_aim,not_verified,,candidate_not_verified,not_audited,,ordinary_share,vendor_mapping,inherited_unverified,tax_ptm_spread_slippage_unverified,,true,false,2026-09-11
AGI,AGI.L,TIRl_EQ,ordinary_share,single_stock,aim,plain,GBX,100,,0,conditional_aim_exemption,true,London Stock Exchange AIM,,GB00BTDN2T17,Potentially AI,,,,STOCKS,GB,GB,unverified,exempt_aim,not_verified,,candidate_not_verified,not_audited,,ordinary_share,vendor_mapping,inherited_unverified,tax_ptm_spread_slippage_unverified,,true,false,2026-09-11
RVRG,RVRG.L,RVRGl_EQ,ordinary_share,single_stock,aim,plain,GBX,100,,0,conditional_aim_exemption,true,London Stock Exchange AIM,,GB00BTDR2R10,River Global (Class A),,,,STOCKS,GB,GB,unverified,exempt_aim,not_verified,,candidate_not_verified,not_audited,,ordinary_share,vendor_mapping,inherited_unverified,tax_ptm_spread_slippage_unverified,,true,false,2026-09-11
RVRB,RVRB.L,RVRBl_EQ,ordinary_share,single_stock,aim,plain,GBX,100,,0,conditional_aim_exemption,true,London Stock Exchange AIM,,GB00BTDR2S27,River Global (Class B),,,,STOCKS,GB,GB,unverified,exempt_aim,not_verified,,candidate_not_verified,not_audited,,ordinary_share,vendor_mapping,inherited_unverified,tax_ptm_spread_slippage_unverified,,true,false,2026-09-11
WPHO,WPHO.L,WPHOl_EQ,ordinary_share,single_stock,aim,plain,GBX,100,,0,conditional_aim_exemption,true,London Stock Exchange AIM,,GB00BTFR4F17,Windar Photonics,,,,STOCKS,GB,GB,unverified,exempt_aim,not_verified,,candidate_not_verified,not_audited,,ordinary_share,vendor_mapping,inherited_unverified,tax_ptm_spread_slippage_unverified,,true,false,2026-09-11
NBB,NBB.L,NBBl_EQ,ordinary_share,single_stock,aim,plain,GBX,100,,0,conditional_aim_exemption,true,London Stock Exchange AIM,,GB00BTHYM345,Norman Broadbent,,,,STOCKS,GB,GB,unverified,exempt_aim,not_verified,,candidate_not_verified,not_audited,,ordinary_share,vendor_mapping,inherited_unverified,tax_ptm_spread_slippage_unverified,,true,false,2026-09-11
MPAL,MPAL.L,MPALl_EQ,ordinary_share,single_stock,aim,plain,GBX,100,,0,conditional_aim_exemption,true,London Stock Exchange AIM,,GB00BTRC7N37,Medpal AI,,,,STOCKS,GB,GB,unverified,exempt_aim,not_verified,,candidate_not_verified,not_audited,,ordinary_share,vendor_mapping,inherited_unverified,tax_ptm_spread_slippage_unverified,,true,false,2026-09-11
RCFX,RCFX.L,RCFXl_EQ,ordinary_share,single_stock,aim,plain,GBX,100,,0,conditional_aim_exemption,true,London Stock Exchange AIM,,GB00BTTQ2F04,RC Fornax,,,,STOCKS,GB,GB,unverified,exempt_aim,not_verified,,candidate_not_verified,not_audited,,ordinary_share,vendor_mapping,inherited_unverified,tax_ptm_spread_slippage_unverified,,true,false,2026-09-11
QUBE,QUBE.L,QUBEl_EQ,ordinary_share,single_stock,aim,plain,GBX,100,,0,conditional_aim_exemption,true,London Stock Exchange AIM,,GB00BTXYPJ53,Quantum Base Holdings,,,,STOCKS,GB,GB,unverified,exempt_aim,not_verified,,candidate_not_verified,not_audited,,ordinary_share,vendor_mapping,inherited_unverified,tax_ptm_spread_slippage_unverified,,true,false,2026-09-11
MHA,MHA.L,MHAl_EQ,ordinary_share,single_stock,aim,plain,GBX,100,,0,conditional_aim_exemption,true,London Stock Exchange AIM,,GB00BV0VHK88,MHA,,,,STOCKS,GB,GB,unverified,exempt_aim,not_verified,,candidate_not_verified,not_audited,,ordinary_share,vendor_mapping,inherited_unverified,tax_ptm_spread_slippage_unverified,,true,false,2026-09-11
TRC,TRC.L,RBGl_EQ,ordinary_share,single_stock,aim,plain,GBX,100,,0,conditional_aim_exemption,true,London Stock Exchange AIM,,GB00BVDPPV41,The Revel Collective,,,,STOCKS,GB,GB,unverified,exempt_aim,not_verified,,candidate_not_verified,not_audited,,ordinary_share,vendor_mapping,inherited_unverified,tax_ptm_spread_slippage_unverified,,true,false,2026-09-11
RWS,RWS.L,RWSl_EQ,ordinary_share,single_stock,aim,plain,GBX,100,,0,conditional_aim_exemption,true,London Stock Exchange AIM,,GB00BVFCZV34,RWS,,,,STOCKS,GB,GB,unverified,exempt_aim,not_verified,,candidate_not_verified,not_audited,,ordinary_share,vendor_mapping,inherited_unverified,tax_ptm_spread_slippage_unverified,,true,false,2026-09-11
PRO,PRO.L,HSSl_EQ,ordinary_share,single_stock,aim,plain,GBX,100,,0,conditional_aim_exemption,true,London Stock Exchange AIM,,GB00BVFD4645,ProService Building Services Marketplace,,,,STOCKS,GB,GB,unverified,exempt_aim,not_verified,,candidate_not_verified,not_audited,,ordinary_share,vendor_mapping,inherited_unverified,tax_ptm_spread_slippage_unverified,,true,false,2026-09-11
RBD,RBD.L,RBDl_EQ,ordinary_share,single_stock,aim,plain,GBX,100,,0,conditional_aim_exemption,true,London Stock Exchange AIM,,GB00BVK55Z16,Reabold Resources,,,,STOCKS,GB,GB,unverified,exempt_aim,not_verified,,candidate_not_verified,not_audited,,ordinary_share,vendor_mapping,inherited_unverified,tax_ptm_spread_slippage_unverified,,true,false,2026-09-11
AYM,AYM.L,AYMl_EQ,ordinary_share,single_stock,aim,plain,GBX,100,,0,conditional_aim_exemption,true,London Stock Exchange AIM,,GB00BVMZHW05,Anglesey Mining,,,,STOCKS,GB,GB,unverified,exempt_aim,not_verified,,candidate_not_verified,not_audited,,ordinary_share,vendor_mapping,inherited_unverified,tax_ptm_spread_slippage_unverified,,true,false,2026-09-11
SOU,SOU.L,SOUl_EQ,ordinary_share,single_stock,aim,plain,GBX,100,,0,conditional_aim_exemption,true,London Stock Exchange AIM,,GB00BVP8H932,Sound Energy,,,,STOCKS,GB,GB,unverified,exempt_aim,not_verified,,candidate_not_verified,not_audited,,ordinary_share,vendor_mapping,inherited_unverified,tax_ptm_spread_slippage_unverified,,true,false,2026-09-11
RCN,RCN.L,RCNl_EQ,ordinary_share,single_stock,aim,plain,GBX,100,,0,conditional_aim_exemption,true,London Stock Exchange AIM,,GB00BVV5L858,Redcentric,,,,STOCKS,GB,GB,unverified,exempt_aim,not_verified,,candidate_not_verified,not_audited,,ordinary_share,vendor_mapping,inherited_unverified,tax_ptm_spread_slippage_unverified,,true,false,2026-09-11
CHP,CHP.L,CHPl_EQ,ordinary_share,single_stock,aim,plain,GBX,100,,0,conditional_aim_exemption,true,London Stock Exchange AIM,,GB00BW9JXM40,Caledonian Holdings,,,,STOCKS,GB,GB,unverified,exempt_aim,not_verified,,candidate_not_verified,not_audited,,ordinary_share,vendor_mapping,inherited_unverified,tax_ptm_spread_slippage_unverified,,true,false,2026-09-11
G4M,G4M.L,G4Ml_EQ,ordinary_share,single_stock,aim,plain,GBX,100,,0,conditional_aim_exemption,true,London Stock Exchange AIM,,GB00BW9PJQ87,Gear4Music,,,,STOCKS,GB,GB,unverified,exempt_aim,not_verified,,candidate_not_verified,not_audited,,ordinary_share,vendor_mapping,inherited_unverified,tax_ptm_spread_slippage_unverified,,true,false,2026-09-11
GTLY,GTLY.L,GTLYl_EQ,ordinary_share,single_stock,aim,plain,GBX,100,,0,conditional_aim_exemption,true,London Stock Exchange AIM,,GB00BXB07J71,Gateley,,,,STOCKS,GB,GB,unverified,exempt_aim,not_verified,,candidate_not_verified,not_audited,,ordinary_share,vendor_mapping,inherited_unverified,tax_ptm_spread_slippage_unverified,,true,false,2026-09-11
IHC,IHC.L,IHCl_EQ,ordinary_share,single_stock,aim,plain,GBX,100,,0,conditional_aim_exemption,true,London Stock Exchange AIM,,GB00BXDZL105,Inspiration Healthcare,,,,STOCKS,GB,GB,unverified,exempt_aim,not_verified,,candidate_not_verified,not_audited,,ordinary_share,vendor_mapping,inherited_unverified,tax_ptm_spread_slippage_unverified,,true,false,2026-09-11
VAST,VAST.L,VASTl_EQ,ordinary_share,single_stock,aim,plain,GBX,100,,0,conditional_aim_exemption,true,London Stock Exchange AIM,,GB00BXNRYG27,Vast Resources,,,,STOCKS,GB,GB,unverified,exempt_aim,not_verified,,candidate_not_verified,not_audited,,ordinary_share,vendor_mapping,inherited_unverified,tax_ptm_spread_slippage_unverified,,true,false,2026-09-11
W7L,W7L.L,W7Ll_EQ,ordinary_share,single_stock,aim,plain,GBX,100,,0,conditional_aim_exemption,true,London Stock Exchange AIM,,GB00BYMF3676,Warpaint London,,,,STOCKS,GB,GB,unverified,exempt_aim,not_verified,,candidate_not_verified,not_audited,,ordinary_share,vendor_mapping,inherited_unverified,tax_ptm_spread_slippage_unverified,,true,false,2026-09-11
JOG,JOG.L,JOGl_EQ,ordinary_share,single_stock,aim,plain,GBX,100,,0,conditional_aim_exemption,true,London Stock Exchange AIM,,GB00BYN5YK77,Jersey Oil & Gas,,,,STOCKS,GB,GB,unverified,exempt_aim,not_verified,,candidate_not_verified,not_audited,,ordinary_share,vendor_mapping,inherited_unverified,tax_ptm_spread_slippage_unverified,,true,false,2026-09-11
KP2,KP2.L,KP2l_EQ,ordinary_share,single_stock,aim,plain,GBX,100,,0,conditional_aim_exemption,true,London Stock Exchange AIM,,GB00BYP2QJ94,Kore Potash,,,,STOCKS,GB,GB,unverified,exempt_aim,not_verified,,candidate_not_verified,not_audited,,ordinary_share,vendor_mapping,inherited_unverified,tax_ptm_spread_slippage_unverified,,true,false,2026-09-11
YU,YU.L,YUl_EQ,ordinary_share,single_stock,aim,plain,GBX,100,,0,conditional_aim_exemption,true,London Stock Exchange AIM,,GB00BYQDPD80,Yu Group,,,,STOCKS,GB,GB,unverified,exempt_aim,not_verified,,candidate_not_verified,not_audited,,ordinary_share,vendor_mapping,inherited_unverified,tax_ptm_spread_slippage_unverified,,true,false,2026-09-11
LOOP,LOOP.L,LOOPl_EQ,ordinary_share,single_stock,aim,plain,GBX,100,,0,conditional_aim_exemption,true,London Stock Exchange AIM,,GB00BYQP6S60,LoopUp,,,,STOCKS,GB,GB,unverified,exempt_aim,not_verified,,candidate_not_verified,not_audited,,ordinary_share,vendor_mapping,inherited_unverified,tax_ptm_spread_slippage_unverified,,true,false,2026-09-11
XTR,XTR.L,XTRl_EQ,ordinary_share,single_stock,aim,plain,GBX,100,,0,conditional_aim_exemption,true,London Stock Exchange AIM,,GB00BYSX2795,Xtract Resources,,,,STOCKS,GB,GB,unverified,exempt_aim,not_verified,,candidate_not_verified,not_audited,,ordinary_share,vendor_mapping,inherited_unverified,tax_ptm_spread_slippage_unverified,,true,false,2026-09-11
MIDW,MIDW.L,MIDWl_EQ,ordinary_share,single_stock,aim,plain,GBX,100,,0,conditional_aim_exemption,true,London Stock Exchange AIM,,GB00BYSXWW41,Midwich Group,,,,STOCKS,GB,GB,unverified,exempt_aim,not_verified,,candidate_not_verified,not_audited,,ordinary_share,vendor_mapping,inherited_unverified,tax_ptm_spread_slippage_unverified,,true,false,2026-09-11
SYS,SYS.L,SYSl_EQ,ordinary_share,single_stock,aim,plain,GBX,100,,0,conditional_aim_exemption,true,London Stock Exchange AIM,,GB00BYT18182,SysGroup,,,,STOCKS,GB,GB,unverified,exempt_aim,not_verified,,candidate_not_verified,not_audited,,ordinary_share,vendor_mapping,inherited_unverified,tax_ptm_spread_slippage_unverified,,true,false,2026-09-11
COM,COM.L,COMl_EQ,ordinary_share,single_stock,aim,plain,GBX,100,,0,conditional_aim_exemption,true,London Stock Exchange AIM,,GB00BYT1L205,Comptoir,,,,STOCKS,GB,GB,unverified,exempt_aim,not_verified,,candidate_not_verified,not_audited,,ordinary_share,vendor_mapping,inherited_unverified,tax_ptm_spread_slippage_unverified,,true,false,2026-09-11
INSG,INSG.L,INSGl_EQ,ordinary_share,single_stock,aim,plain,GBX,100,,0,conditional_aim_exemption,true,London Stock Exchange AIM,,GB00BYV31355,Insig AI,,,,STOCKS,GB,GB,unverified,exempt_aim,not_verified,,candidate_not_verified,not_audited,,ordinary_share,vendor_mapping,inherited_unverified,tax_ptm_spread_slippage_unverified,,true,false,2026-09-11
STX,STX.L,STXl_EQ,ordinary_share,single_stock,aim,plain,GBX,100,,0,conditional_aim_exemption,true,London Stock Exchange AIM,,GB00BYV81293,Shield Therapeutics,,,,STOCKS,GB,GB,unverified,exempt_aim,not_verified,,candidate_not_verified,not_audited,,ordinary_share,vendor_mapping,inherited_unverified,tax_ptm_spread_slippage_unverified,,true,false,2026-09-11
EVPL,EVPL.L,TM17l_EQ,ordinary_share,single_stock,aim,plain,GBX,100,,0,conditional_aim_exemption,true,London Stock Exchange AIM,,GB00BYVX2X20,Everplay Group,,,,STOCKS,GB,GB,unverified,exempt_aim,not_verified,,candidate_not_verified,not_audited,,ordinary_share,vendor_mapping,inherited_unverified,tax_ptm_spread_slippage_unverified,,true,false,2026-09-11
THAT,THAT.L,N4Pl_EQ,ordinary_share,single_stock,aim,plain,GBX,100,,0,conditional_aim_exemption,true,London Stock Exchange AIM,,GB00BYW8QM32,Thalia Therapeutics,,,,STOCKS,GB,GB,unverified,exempt_aim,not_verified,,candidate_not_verified,not_audited,,ordinary_share,vendor_mapping,inherited_unverified,tax_ptm_spread_slippage_unverified,,true,false,2026-09-11
RRR,RRR.L,RRRl_EQ,ordinary_share,single_stock,aim,plain,GBX,100,,0,conditional_aim_exemption,true,London Stock Exchange AIM,,GB00BYWKBV38,Red Rock Resources,,,,STOCKS,GB,GB,unverified,exempt_aim,not_verified,,candidate_not_verified,not_audited,,ordinary_share,vendor_mapping,inherited_unverified,tax_ptm_spread_slippage_unverified,,true,false,2026-09-11
ANGS,ANGS.L,ANGSl_EQ,ordinary_share,single_stock,aim,plain,GBX,100,,0,conditional_aim_exemption,true,London Stock Exchange AIM,,GB00BYWKC989,Angus Energy,,,,STOCKS,GB,GB,unverified,exempt_aim,not_verified,,candidate_not_verified,not_audited,,ordinary_share,vendor_mapping,inherited_unverified,tax_ptm_spread_slippage_unverified,,true,false,2026-09-11
RENX,RENX.L,RENXl1_EQ,ordinary_share,single_stock,aim,plain,GBX,100,,0,conditional_aim_exemption,true,London Stock Exchange AIM,,GB00BYWL4Y04,Renalytix,,,,STOCKS,GB,GB,unverified,exempt_aim,not_verified,,candidate_not_verified,not_audited,,ordinary_share,vendor_mapping,inherited_unverified,tax_ptm_spread_slippage_unverified,,true,false,2026-09-11
MANO,MANO.L,MANOl_EQ,ordinary_share,single_stock,aim,plain,GBX,100,,0,conditional_aim_exemption,true,London Stock Exchange AIM,,GB00BYWQCY12,Manolete Partners,,,,STOCKS,GB,GB,unverified,exempt_aim,not_verified,,candidate_not_verified,not_audited,,ordinary_share,vendor_mapping,inherited_unverified,tax_ptm_spread_slippage_unverified,,true,false,2026-09-11
UOG,UOG.L,UOGl_EQ,ordinary_share,single_stock,aim,plain,GBX,100,,0,conditional_aim_exemption,true,London Stock Exchange AIM,,GB00BYX0MB92,United Oil & Gas,,,,STOCKS,GB,GB,unverified,exempt_aim,not_verified,,candidate_not_verified,not_audited,,ordinary_share,vendor_mapping,inherited_unverified,tax_ptm_spread_slippage_unverified,,true,false,2026-09-11
TAM,TAM.L,TAMl_EQ,ordinary_share,single_stock,aim,plain,GBX,100,,0,conditional_aim_exemption,true,London Stock Exchange AIM,,GB00BYX1P358,Tatton Asset Management,,,,STOCKS,GB,GB,unverified,exempt_aim,not_verified,,candidate_not_verified,not_audited,,ordinary_share,vendor_mapping,inherited_unverified,tax_ptm_spread_slippage_unverified,,true,false,2026-09-11
SRC,SRC.L,SRCl_EQ,ordinary_share,single_stock,aim,plain,GBX,100,,0,conditional_aim_exemption,true,London Stock Exchange AIM,,GB00BYX5K988,SigmaRoc,,,,STOCKS,GB,GB,unverified,exempt_aim,not_verified,,candidate_not_verified,not_audited,,ordinary_share,vendor_mapping,inherited_unverified,tax_ptm_spread_slippage_unverified,,true,false,2026-09-11
ULTP,ULTP.L,UPGSl_EQ,ordinary_share,single_stock,aim,plain,GBX,100,,0,conditional_aim_exemption,true,London Stock Exchange AIM,,GB00BYX7MG58,Ultimate Products,,,,STOCKS,GB,GB,unverified,exempt_aim,not_verified,,candidate_not_verified,not_audited,,ordinary_share,vendor_mapping,inherited_unverified,tax_ptm_spread_slippage_unverified,,true,false,2026-09-11
RMR,RMR.L,RMRl_EQ,ordinary_share,single_stock,aim,plain,GBX,100,,0,conditional_aim_exemption,true,London Stock Exchange AIM,,GB00BYY0JQ23,Rome Resources,,,,STOCKS,GB,GB,unverified,exempt_aim,not_verified,,candidate_not_verified,not_audited,,ordinary_share,vendor_mapping,inherited_unverified,tax_ptm_spread_slippage_unverified,,true,false,2026-09-11
ECR,ECR.L,ECRl_EQ,ordinary_share,single_stock,aim,plain,GBX,100,,0,conditional_aim_exemption,true,London Stock Exchange AIM,,GB00BYYDKX57,ECR Minerals,,,,STOCKS,GB,GB,unverified,exempt_aim,not_verified,,candidate_not_verified,not_audited,,ordinary_share,vendor_mapping,inherited_unverified,tax_ptm_spread_slippage_unverified,,true,false,2026-09-11
TMO,TMO.L,TMOl_EQ,ordinary_share,single_stock,aim,plain,GBX,100,,0,conditional_aim_exemption,true,London Stock Exchange AIM,,GB00BYYV0629,Time out Group,,,,STOCKS,GB,GB,unverified,exempt_aim,not_verified,,candidate_not_verified,not_audited,,ordinary_share,vendor_mapping,inherited_unverified,tax_ptm_spread_slippage_unverified,,true,false,2026-09-11
AVCT,AVCT.L,AVCT1l_EQ,ordinary_share,single_stock,aim,plain,GBX,100,,0,conditional_aim_exemption,true,London Stock Exchange AIM,,GB00BYYW9G87,Avacta Group,,,,STOCKS,GB,GB,unverified,exempt_aim,not_verified,,candidate_not_verified,not_audited,,ordinary_share,vendor_mapping,inherited_unverified,tax_ptm_spread_slippage_unverified,,true,false,2026-09-11
CER,CER.L,CERl_EQ,ordinary_share,single_stock,aim,plain,GBX,100,,0,conditional_aim_exemption,true,London Stock Exchange AIM,,GB00BYYX6C66,Cerillion,,,,STOCKS,GB,GB,unverified,exempt_aim,not_verified,,candidate_not_verified,not_audited,,ordinary_share,vendor_mapping,inherited_unverified,tax_ptm_spread_slippage_unverified,,true,false,2026-09-11
ORCH,ORCH.L,ORCHl_EQ,ordinary_share,single_stock,aim,plain,GBX,100,,0,conditional_aim_exemption,true,London Stock Exchange AIM,,GB00BYZFM569,Orchard Funding,,,,STOCKS,GB,GB,unverified,exempt_aim,not_verified,,candidate_not_verified,not_audited,,ordinary_share,vendor_mapping,inherited_unverified,tax_ptm_spread_slippage_unverified,,true,false,2026-09-11
KEYS,KEYS.L,KEYSl_EQ,ordinary_share,single_stock,aim,plain,GBX,100,,0,conditional_aim_exemption,true,London Stock Exchange AIM,,GB00BZ020557,Keystone Law,,,,STOCKS,GB,GB,unverified,exempt_aim,not_verified,,candidate_not_verified,not_audited,,ordinary_share,vendor_mapping,inherited_unverified,tax_ptm_spread_slippage_unverified,,true,false,2026-09-11
STAR,STAR.L,IGASl_EQ,ordinary_share,single_stock,aim,plain,GBX,100,,0,conditional_aim_exemption,true,London Stock Exchange AIM,,GB00BZ042C28,Star Energy Group PLC,,,,STOCKS,GB,GB,unverified,exempt_aim,not_verified,,candidate_not_verified,not_audited,,ordinary_share,vendor_mapping,inherited_unverified,tax_ptm_spread_slippage_unverified,,true,false,2026-09-11
BKS,BKS.L,BKSl_EQ,ordinary_share,single_stock,aim,plain,GBX,100,,0,conditional_aim_exemption,true,London Stock Exchange AIM,,GB00BZ0X8W18,Beeks Financial Cloud,,,,STOCKS,GB,GB,unverified,exempt_aim,not_verified,,candidate_not_verified,not_audited,,ordinary_share,vendor_mapping,inherited_unverified,tax_ptm_spread_slippage_unverified,,true,false,2026-09-11
JAN,JAN.L,JANl_EQ,ordinary_share,single_stock,aim,plain,GBX,100,,0,conditional_aim_exemption,true,London Stock Exchange AIM,,GB00BZ11WQ61,Jangada Mines,,,,STOCKS,GB,GB,unverified,exempt_aim,not_verified,,candidate_not_verified,not_audited,,ordinary_share,vendor_mapping,inherited_unverified,tax_ptm_spread_slippage_unverified,,true,false,2026-09-11
CREO,CREO.L,CREOl_EQ,ordinary_share,single_stock,aim,plain,GBX,100,,0,conditional_aim_exemption,true,London Stock Exchange AIM,,GB00BZ1BLL44,Creo Medical,,,,STOCKS,GB,GB,unverified,exempt_aim,not_verified,,candidate_not_verified,not_audited,,ordinary_share,vendor_mapping,inherited_unverified,tax_ptm_spread_slippage_unverified,,true,false,2026-09-11
KRPZ,KRPZ.L,KRPZl_EQ,ordinary_share,single_stock,aim,plain,GBX,100,,0,conditional_aim_exemption,true,London Stock Exchange AIM,,GB00BZ1HLP69,Kropz,,,,STOCKS,GB,GB,unverified,exempt_aim,not_verified,,candidate_not_verified,not_audited,,ordinary_share,vendor_mapping,inherited_unverified,tax_ptm_spread_slippage_unverified,,true,false,2026-09-11
TRP,TRP.L,TRPl_EQ,ordinary_share,single_stock,aim,plain,GBX,100,,0,conditional_aim_exemption,true,London Stock Exchange AIM,,GB00BZ6D6J81,Tower Resources,,,,STOCKS,GB,GB,unverified,exempt_aim,not_verified,,candidate_not_verified,not_audited,,ordinary_share,vendor_mapping,inherited_unverified,tax_ptm_spread_slippage_unverified,,true,false,2026-09-11
NEXS,NEXS.L,NEXSl_EQ,ordinary_share,single_stock,aim,plain,GBX,100,,0,conditional_aim_exemption,true,London Stock Exchange AIM,,GB00BZ77SW60,Nexus Infrastructure,,,,STOCKS,GB,GB,unverified,exempt_aim,not_verified,,candidate_not_verified,not_audited,,ordinary_share,vendor_mapping,inherited_unverified,tax_ptm_spread_slippage_unverified,,true,false,2026-09-11
WATR,WATR.L,WATRl_EQ,ordinary_share,single_stock,aim,plain,GBX,100,,0,conditional_aim_exemption,true,London Stock Exchange AIM,,GB00BZ973D04,Water Intelligence,,,,STOCKS,GB,GB,unverified,exempt_aim,not_verified,,candidate_not_verified,not_audited,,ordinary_share,vendor_mapping,inherited_unverified,tax_ptm_spread_slippage_unverified,,true,false,2026-09-11
PMI,PMI.L,PMIl_EQ,ordinary_share,single_stock,aim,plain,GBX,100,,0,conditional_aim_exemption,true,London Stock Exchange AIM,,GB00BZB2KR63,Premier Miton,,,,STOCKS,GB,GB,unverified,exempt_aim,not_verified,,candidate_not_verified,not_audited,,ordinary_share,vendor_mapping,inherited_unverified,tax_ptm_spread_slippage_unverified,,true,false,2026-09-11
VCP,VCP.L,VCPl_EQ,ordinary_share,single_stock,aim,plain,GBX,100,,0,conditional_aim_exemption,true,London Stock Exchange AIM,,GB00BZC0LC10,Victoria,,,,STOCKS,GB,GB,unverified,exempt_aim,not_verified,,candidate_not_verified,not_audited,,ordinary_share,vendor_mapping,inherited_unverified,tax_ptm_spread_slippage_unverified,,true,false,2026-09-11
PPH,PPH.L,PPHl_EQ,ordinary_share,single_stock,main_market_nonuk_inc,plain,GBX,100,,0,review_share_register_and_legal_status,true,London Stock Exchange,,GG00B1Z5FH87,PPHE Hotel,,,,STOCKS,GG,GG,unverified,exempt_nonuk_inc,not_verified,,candidate_not_verified,not_audited,,ordinary_share,vendor_mapping,inherited_unverified,tax_ptm_spread_slippage_unverified,,true,false,2026-09-11
CHAR,CHAR.L,CHARl_EQ,ordinary_share,single_stock,aim,plain,GBX,100,,0,conditional_aim_exemption,true,London Stock Exchange AIM,,GG00B2R9PM06,Chariot,,,,STOCKS,GG,GG,unverified,exempt_aim,not_verified,,candidate_not_verified,not_audited,,ordinary_share,vendor_mapping,inherited_unverified,tax_ptm_spread_slippage_unverified,,true,false,2026-09-11
INDI,INDI.L,INDIl_EQ,ordinary_share,single_stock,aim,plain,GBX,100,,0,conditional_aim_exemption,true,London Stock Exchange AIM,,GG00B39HF298,Indus Gas,,,,STOCKS,GG,GG,unverified,exempt_aim,not_verified,,candidate_not_verified,not_audited,,ordinary_share,vendor_mapping,inherited_unverified,tax_ptm_spread_slippage_unverified,,true,false,2026-09-11
BMN,BMN.L,BMNl_EQ,ordinary_share,single_stock,aim,plain,GBX,100,,0,conditional_aim_exemption,true,London Stock Exchange AIM,,GG00B4TM3943,Bushveld Minerals,,,,STOCKS,GG,GG,unverified,exempt_aim,not_verified,,candidate_not_verified,not_audited,,ordinary_share,vendor_mapping,inherited_unverified,tax_ptm_spread_slippage_unverified,,true,false,2026-09-11
WBI,WBI.L,WBIl_EQ,ordinary_share,single_stock,aim,plain,GBX,100,,0,conditional_aim_exemption,true,London Stock Exchange AIM,,GG00B4WJSD17,Woodbois,,,,STOCKS,GG,GG,unverified,exempt_aim,not_verified,,candidate_not_verified,not_audited,,ordinary_share,vendor_mapping,inherited_unverified,tax_ptm_spread_slippage_unverified,,true,false,2026-09-11
RBW,RBW.L,RBWl_EQ,ordinary_share,single_stock,main_market_nonuk_inc,plain,GBX,100,,0,review_share_register_and_legal_status,true,London Stock Exchange,,GG00BD59ZW98,Rainbow Rare Earths,,,,STOCKS,GG,GG,unverified,exempt_nonuk_inc,not_verified,,candidate_not_verified,not_audited,,ordinary_share,vendor_mapping,inherited_unverified,tax_ptm_spread_slippage_unverified,,true,false,2026-09-11
ATM,ATM.L,ATMl_EQ,ordinary_share,single_stock,aim,plain,GBX,100,,0,conditional_aim_exemption,true,London Stock Exchange AIM,,GG00BD95V148,Andrada Mining,,,,STOCKS,GG,GG,unverified,exempt_aim,not_verified,,candidate_not_verified,not_audited,,ordinary_share,vendor_mapping,inherited_unverified,tax_ptm_spread_slippage_unverified,,true,false,2026-09-11
PACS,PACS.L,AGTAl_EQ,ordinary_share,single_stock,aim,plain,GBX,100,,0,conditional_aim_exemption,true,London Stock Exchange AIM,,GG00BDG13C09,Pacsco,,,,STOCKS,GG,GG,unverified,exempt_aim,not_verified,,candidate_not_verified,not_audited,,ordinary_share,vendor_mapping,inherited_unverified,tax_ptm_spread_slippage_unverified,,true,false,2026-09-11
GEM,GEM.L,GEMl_EQ,ordinary_share,single_stock,aim,plain,GBX,100,,0,conditional_aim_exemption,true,London Stock Exchange AIM,,GG00BG0KTL52,Gemfields,,,,STOCKS,GG,GG,unverified,exempt_aim,not_verified,,candidate_not_verified,not_audited,,ordinary_share,vendor_mapping,inherited_unverified,tax_ptm_spread_slippage_unverified,,true,false,2026-09-11
FAR,FAR.L,FARl_EQ,ordinary_share,single_stock,main_market_nonuk_inc,plain,GBX,100,,0,review_share_register_and_legal_status,true,London Stock Exchange,,GG00BGDYDZ69,Ferro-Alloy Resources,,,,STOCKS,GG,GG,unverified,exempt_nonuk_inc,not_verified,,candidate_not_verified,not_audited,,ordinary_share,vendor_mapping,inherited_unverified,tax_ptm_spread_slippage_unverified,,true,false,2026-09-11
MPL,MPL.L,MPLl_EQ,ordinary_share,single_stock,aim,plain,GBX,100,,0,conditional_aim_exemption,true,London Stock Exchange AIM,,GG00BKSH7R87,Mercantile Ports and Logistics,,,,STOCKS,GG,GG,unverified,exempt_aim,not_verified,,candidate_not_verified,not_audited,,ordinary_share,vendor_mapping,inherited_unverified,tax_ptm_spread_slippage_unverified,,true,false,2026-09-11
PEEL,PEEL.L,PEELl_EQ,ordinary_share,single_stock,aim,plain,GBX,100,,0,conditional_aim_exemption,true,London Stock Exchange AIM,,GG00BLGZJW08,Peel Hunt,,,,STOCKS,GG,GG,unverified,exempt_aim,not_verified,,candidate_not_verified,not_audited,,ordinary_share,vendor_mapping,inherited_unverified,tax_ptm_spread_slippage_unverified,,true,false,2026-09-11
FSG,FSG.L,FSGl_EQ,ordinary_share,single_stock,main_market_nonuk_inc,plain,GBX,100,,0,review_share_register_and_legal_status,true,London Stock Exchange,,GG00BMD8MJ76,Foresight Group,,,,STOCKS,GG,GG,unverified,exempt_nonuk_inc,not_verified,,candidate_not_verified,not_audited,,ordinary_share,vendor_mapping,inherited_unverified,tax_ptm_spread_slippage_unverified,,true,false,2026-09-11
BUR,BUR.L,BURl_EQ,ordinary_share,single_stock,aim,plain,GBX,100,,0,conditional_aim_exemption,true,London Stock Exchange AIM,,GG00BMGYLN96,Burford Capital,,,,STOCKS,GG,GG,unverified,exempt_aim,not_verified,,candidate_not_verified,not_audited,,ordinary_share,vendor_mapping,inherited_unverified,tax_ptm_spread_slippage_unverified,business_model_review,true,false,2026-09-11
LND,LND.L,LNDl_EQ,ordinary_share,single_stock,aim,plain,GBX,100,,0,conditional_aim_exemption,true,London Stock Exchange AIM,,GG00BMX4VR69,Landore Resources,,,,STOCKS,GG,GG,unverified,exempt_aim,not_verified,,candidate_not_verified,not_audited,,ordinary_share,vendor_mapping,inherited_unverified,tax_ptm_spread_slippage_unverified,,true,false,2026-09-11
IFRX,IFRX.L,IFRXl_EQ,ordinary_share,single_stock,main_market_nonuk_inc,plain,GBX,100,,0,review_share_register_and_legal_status,true,London Stock Exchange,,GG00BN7RXN80,Iforex Financial Trading Holdings,,,,STOCKS,GG,GG,unverified,exempt_nonuk_inc,not_verified,,candidate_not_verified,not_audited,,ordinary_share,vendor_mapping,inherited_unverified,tax_ptm_spread_slippage_unverified,,true,false,2026-09-11
TMIP,TMIP.L,TMIPl_EQ,ordinary_share,single_stock,main_market_nonuk_inc,plain,GBX,100,,0,review_share_register_and_legal_status,true,London Stock Exchange,,GG00BQ0H1P47,Taylor Maritime,,,,STOCKS,GG,GG,unverified,exempt_nonuk_inc,not_verified,,candidate_not_verified,not_audited,,ordinary_share,vendor_mapping,inherited_unverified,tax_ptm_spread_slippage_unverified,,true,false,2026-09-11
DCI,DCI.L,DCIl_EQ,ordinary_share,single_stock,aim,plain,GBX,100,,0,conditional_aim_exemption,true,London Stock Exchange AIM,,GG00BSWT8V72,DCI Advisors,,,,STOCKS,GG,GG,unverified,exempt_aim,not_verified,,candidate_not_verified,not_audited,,ordinary_share,vendor_mapping,inherited_unverified,tax_ptm_spread_slippage_unverified,,true,false,2026-09-11
DUKE,DUKE.L,DUKEl_EQ,ordinary_share,single_stock,aim,plain,GBX,100,,0,conditional_aim_exemption,true,London Stock Exchange AIM,,GG00BYZSSY63,Duke Capital,,,,STOCKS,GG,GG,unverified,exempt_aim,not_verified,,candidate_not_verified,not_audited,,ordinary_share,vendor_mapping,inherited_unverified,tax_ptm_spread_slippage_unverified,business_model_review,true,false,2026-09-11
APQ,APQ.L,APQl_EQ,ordinary_share,single_stock,aim,plain,GBX,100,,0,conditional_aim_exemption,true,London Stock Exchange AIM,,GG00BZ6VP173,APQ Global,,,,STOCKS,GG,GG,unverified,exempt_aim,not_verified,,candidate_not_verified,not_audited,,ordinary_share,vendor_mapping,inherited_unverified,tax_ptm_spread_slippage_unverified,,true,false,2026-09-11
WSBN,WSBN.L,WSBNl_EQ,ordinary_share,single_stock,aim,plain,GBX,100,,0,conditional_aim_exemption,true,London Stock Exchange AIM,,GI000A41V1Y7,Wishbone Gold,,,,STOCKS,GI,GI,unverified,exempt_aim,not_verified,,candidate_not_verified,not_audited,,ordinary_share,vendor_mapping,inherited_unverified,tax_ptm_spread_slippage_unverified,,true,false,2026-09-11
PET,PET.L,PETl_EQ,ordinary_share,single_stock,aim,plain,GBX,100,,0,conditional_aim_exemption,true,London Stock Exchange AIM,,IE0001340177,Petrel Resources,,,,STOCKS,IE,IE,unverified,exempt_aim,not_verified,,candidate_not_verified,not_audited,,ordinary_share,vendor_mapping,inherited_unverified,tax_ptm_spread_slippage_unverified,,true,false,2026-09-11
RFG,RFG.L,RFGl_EQ,ordinary_share,single_stock,aim,plain,GBX,100,,0,conditional_aim_exemption,true,London Stock Exchange AIM,,IE0006447985,Roebuck Food,,,,STOCKS,IE,IE,unverified,exempt_aim,not_verified,,candidate_not_verified,not_audited,,ordinary_share,vendor_mapping,inherited_unverified,tax_ptm_spread_slippage_unverified,,true,false,2026-09-11
FORG,FORG.L,EQTl_EQ,ordinary_share,single_stock,aim,plain,GBX,100,,0,conditional_aim_exemption,true,London Stock Exchange AIM,,IE000955MAJ1,Forgent,,,,STOCKS,IE,IE,unverified,exempt_aim,not_verified,,candidate_not_verified,not_audited,,ordinary_share,vendor_mapping,inherited_unverified,tax_ptm_spread_slippage_unverified,,true,false,2026-09-11
GWMO,GWMO.L,GWMOl_EQ,ordinary_share,single_stock,aim,plain,GBX,100,,0,conditional_aim_exemption,true,London Stock Exchange AIM,,IE000T78CHJ8,Great Western Mining Corp,,,,STOCKS,IE,IE,unverified,exempt_aim,not_verified,,candidate_not_verified,not_audited,,ordinary_share,vendor_mapping,inherited_unverified,tax_ptm_spread_slippage_unverified,,true,false,2026-09-11
TLM,TLM.L,OVBl_EQ,ordinary_share,single_stock,aim,plain,GBX,100,,0,conditional_aim_exemption,true,London Stock Exchange AIM,,IE000XRZAWV1,Talisman Metals,,,,STOCKS,IE,IE,unverified,exempt_aim,not_verified,,candidate_not_verified,not_audited,,ordinary_share,vendor_mapping,inherited_unverified,tax_ptm_spread_slippage_unverified,,true,false,2026-09-11
KIBO,KIBO.L,KIBOl_EQ,ordinary_share,single_stock,aim,plain,GBX,100,,0,conditional_aim_exemption,true,London Stock Exchange AIM,,IE00B97C0C31,Kibo Energy,,,,STOCKS,IE,IE,unverified,exempt_aim,not_verified,,candidate_not_verified,not_audited,,ordinary_share,vendor_mapping,inherited_unverified,tax_ptm_spread_slippage_unverified,,true,false,2026-09-11
MCON,MCON.L,MCONl_EQ,ordinary_share,single_stock,aim,plain,GBX,100,,0,conditional_aim_exemption,true,London Stock Exchange AIM,,IE00BD64C665,Mincon,,,,STOCKS,IE,IE,unverified,exempt_aim,not_verified,,candidate_not_verified,not_audited,,ordinary_share,vendor_mapping,inherited_unverified,tax_ptm_spread_slippage_unverified,,true,false,2026-09-11
ORM,ORM.L,ORMl_EQ,ordinary_share,single_stock,aim,plain,GBX,100,,0,conditional_aim_exemption,true,London Stock Exchange AIM,,IE00BF0MZF04,Ormonde Mining,,,,STOCKS,IE,IE,unverified,exempt_aim,not_verified,,candidate_not_verified,not_audited,,ordinary_share,vendor_mapping,inherited_unverified,tax_ptm_spread_slippage_unverified,,true,false,2026-09-11
EXR,EXR.L,VREl_EQ,ordinary_share,single_stock,aim,plain,GBX,100,,0,conditional_aim_exemption,true,London Stock Exchange AIM,,IE00BG0HDR01,Engage XR,,,,STOCKS,IE,IE,unverified,exempt_aim,not_verified,,candidate_not_verified,not_audited,,ordinary_share,vendor_mapping,inherited_unverified,tax_ptm_spread_slippage_unverified,,true,false,2026-09-11
UPR,UPR.L,UPR1l_EQ,ordinary_share,single_stock,aim,plain,GBX,100,,0,conditional_aim_exemption,true,London Stock Exchange AIM,,IE00BJ5FQX74,Uniphar,,,,STOCKS,IE,IE,unverified,exempt_aim,not_verified,,candidate_not_verified,not_audited,,ordinary_share,vendor_mapping,inherited_unverified,tax_ptm_spread_slippage_unverified,,true,false,2026-09-11
CGNR,CGNR.L,CGNRl_EQ,ordinary_share,single_stock,aim,plain,GBX,100,,0,conditional_aim_exemption,true,London Stock Exchange AIM,,IE00BZ4BTZ13,Conroy Gold and Natural Resources,,,,STOCKS,IE,IE,unverified,exempt_aim,not_verified,,candidate_not_verified,not_audited,,ordinary_share,vendor_mapping,inherited_unverified,tax_ptm_spread_slippage_unverified,,true,false,2026-09-11
MWE,MWE.L,MWEl1_EQ,ordinary_share,single_stock,aim,plain,GBX,100,,0,conditional_aim_exemption,true,London Stock Exchange AIM,,IL0010958762,MTI Wireless Edge,,,,STOCKS,IL,IL,unverified,exempt_aim,not_verified,,candidate_not_verified,not_audited,,ordinary_share,vendor_mapping,inherited_unverified,tax_ptm_spread_slippage_unverified,,true,false,2026-09-11
ENET,ENET.L,ENETl_EQ,ordinary_share,single_stock,aim,plain,GBX,100,,0,conditional_aim_exemption,true,London Stock Exchange AIM,,IL0011410359,Ethernity Networks,,,,STOCKS,IL,IL,unverified,exempt_aim,not_verified,,candidate_not_verified,not_audited,,ordinary_share,vendor_mapping,inherited_unverified,tax_ptm_spread_slippage_unverified,,true,false,2026-09-11
HSD,HSD.L,HSDl_EQ,ordinary_share,single_stock,main_market_nonuk_inc,plain,GBX,100,,0,review_share_register_and_legal_status,true,London Stock Exchange,,IM00B1H1XF89,Hansard Global,,,,STOCKS,IM,IM,unverified,exempt_nonuk_inc,not_verified,,candidate_not_verified,not_audited,,ordinary_share,vendor_mapping,inherited_unverified,tax_ptm_spread_slippage_unverified,,true,false,2026-09-11
MFX,MFX.L,MFXl_EQ,ordinary_share,single_stock,aim,plain,GBX,100,,0,conditional_aim_exemption,true,London Stock Exchange AIM,,IM00B28ZPX83,Manx Financial,,,,STOCKS,IM,IM,unverified,exempt_aim,not_verified,,candidate_not_verified,not_audited,,ordinary_share,vendor_mapping,inherited_unverified,tax_ptm_spread_slippage_unverified,,true,false,2026-09-11
MATD,MATD.L,MATDl_EQ,ordinary_share,single_stock,aim,plain,GBX,100,,0,conditional_aim_exemption,true,London Stock Exchange AIM,,IM00B292WR19,Petro Matad,,,,STOCKS,IM,IM,unverified,exempt_aim,not_verified,,candidate_not_verified,not_audited,,ordinary_share,vendor_mapping,inherited_unverified,tax_ptm_spread_slippage_unverified,,true,false,2026-09-11
OPG,OPG.L,OPGl_EQ,ordinary_share,single_stock,aim,plain,GBX,100,,0,conditional_aim_exemption,true,London Stock Exchange AIM,,IM00B2R3RX72,OPG Power Ventures,,,,STOCKS,IM,IM,unverified,exempt_aim,not_verified,,candidate_not_verified,not_audited,,ordinary_share,vendor_mapping,inherited_unverified,tax_ptm_spread_slippage_unverified,business_model_review,true,false,2026-09-11
ENT,ENT.L,GVCl_EQ,ordinary_share,single_stock,main_market_nonuk_inc,plain,GBX,100,,0,review_share_register_and_legal_status,true,London Stock Exchange,,IM00B5VQMV65,Entain,,,,STOCKS,IM,IM,unverified,exempt_nonuk_inc,not_verified,,candidate_not_verified,not_audited,,ordinary_share,vendor_mapping,inherited_unverified,tax_ptm_spread_slippage_unverified,,true,false,2026-09-11
ANIC,ANIC.L,ANICl_EQ,ordinary_share,single_stock,aim,plain,GBX,100,,0,conditional_aim_exemption,true,London Stock Exchange AIM,,IM00B6QH1J21,Agronomics,,,,STOCKS,IM,IM,unverified,exempt_aim,not_verified,,candidate_not_verified,not_audited,,ordinary_share,vendor_mapping,inherited_unverified,tax_ptm_spread_slippage_unverified,,true,false,2026-09-11
PTEC,PTEC.L,PTECl_EQ,ordinary_share,single_stock,main_market_nonuk_inc,plain,GBX,100,,0,review_share_register_and_legal_status,true,London Stock Exchange,,IM00B7S9G985,Playtech,,,,STOCKS,IM,IM,unverified,exempt_nonuk_inc,not_verified,,candidate_not_verified,not_audited,,ordinary_share,vendor_mapping,inherited_unverified,tax_ptm_spread_slippage_unverified,,true,false,2026-09-11
AFP,AFP.L,AFPl_EQ,ordinary_share,single_stock,main_market_nonuk_inc,plain,GBX,100,,0,review_share_register_and_legal_status,true,London Stock Exchange,,IM00B8C0HK22,African Pioneer,,,,STOCKS,IM,IM,unverified,exempt_nonuk_inc,not_verified,,candidate_not_verified,not_audited,,ordinary_share,vendor_mapping,inherited_unverified,tax_ptm_spread_slippage_unverified,,true,false,2026-09-11
EML,EML.L,EMLl_EQ,ordinary_share,single_stock,aim,plain,GBX,100,,0,conditional_aim_exemption,true,London Stock Exchange AIM,,IM00BDHDTX83,Emmerson,,,,STOCKS,IM,IM,unverified,exempt_aim,not_verified,,candidate_not_verified,not_audited,,ordinary_share,vendor_mapping,inherited_unverified,tax_ptm_spread_slippage_unverified,,true,false,2026-09-11
KETL,KETL.L,KETLl_EQ,ordinary_share,single_stock,aim,plain,GBX,100,,0,conditional_aim_exemption,true,London Stock Exchange AIM,,IM00BF0FMG91,Strix,,,,STOCKS,IM,IM,unverified,exempt_aim,not_verified,,candidate_not_verified,not_audited,,ordinary_share,vendor_mapping,inherited_unverified,tax_ptm_spread_slippage_unverified,,true,false,2026-09-11
PALM,PALM.L,PALMl_EQ,ordinary_share,single_stock,main_market_nonuk_inc,plain,GBX,100,,0,review_share_register_and_legal_status,true,London Stock Exchange,,IM00BRF2WV49,Panther Metals,,,,STOCKS,IM,IM,unverified,exempt_nonuk_inc,not_verified,,candidate_not_verified,not_audited,,ordinary_share,vendor_mapping,inherited_unverified,tax_ptm_spread_slippage_unverified,,true,false,2026-09-11
BCE,BCE.L,ADVl_EQ,ordinary_share,single_stock,aim,plain,GBX,100,,0,conditional_aim_exemption,true,London Stock Exchange AIM,,IM00BW9JFW84,Beacon Energy,,,,STOCKS,IM,IM,unverified,exempt_aim,not_verified,,candidate_not_verified,not_audited,,ordinary_share,vendor_mapping,inherited_unverified,tax_ptm_spread_slippage_unverified,,true,false,2026-09-11
B90,B90.L,B90l_EQ,ordinary_share,single_stock,aim,plain,GBX,100,,0,conditional_aim_exemption,true,London Stock Exchange AIM,,IM00BYT32K14,B90 Holdings,,,,STOCKS,IM,IM,unverified,exempt_aim,not_verified,,candidate_not_verified,not_audited,,ordinary_share,vendor_mapping,inherited_unverified,tax_ptm_spread_slippage_unverified,,true,false,2026-09-11
KR1,KR1.L,KR1l_EQ,ordinary_share,single_stock,main_market_nonuk_inc,plain,GBX,100,,0,review_share_register_and_legal_status,true,London Stock Exchange,,IM00BYYPQX37,KR1,,,,STOCKS,IM,IM,unverified,exempt_nonuk_inc,not_verified,,candidate_not_verified,not_audited,,ordinary_share,vendor_mapping,inherited_unverified,tax_ptm_spread_slippage_unverified,,true,false,2026-09-11
TOM,TOM.L,TOMl_EQ,ordinary_share,single_stock,aim,plain,GBX,100,,0,conditional_aim_exemption,true,London Stock Exchange AIM,,IM00BZBXMN96,TomCo Energy,,,,STOCKS,IM,IM,unverified,exempt_aim,not_verified,,candidate_not_verified,not_audited,,ordinary_share,vendor_mapping,inherited_unverified,tax_ptm_spread_slippage_unverified,,true,false,2026-09-11
MBO,MBO.L,MBOl_EQ,ordinary_share,single_stock,aim,plain,GBX,100,,0,conditional_aim_exemption,true,London Stock Exchange AIM,,JE00B1Z48326,MobilityOne,,,,STOCKS,JE,JE,unverified,exempt_aim,not_verified,,candidate_not_verified,not_audited,,ordinary_share,vendor_mapping,inherited_unverified,tax_ptm_spread_slippage_unverified,,true,false,2026-09-11
JEL,JEL.L,JELl_EQ,ordinary_share,single_stock,main_market_nonuk_inc,plain,GBX,100,,0,review_share_register_and_legal_status,true,London Stock Exchange,,JE00B43SP147,Jersey Electricity,,,,STOCKS,JE,JE,unverified,exempt_nonuk_inc,not_verified,,candidate_not_verified,not_audited,,ordinary_share,vendor_mapping,inherited_unverified,tax_ptm_spread_slippage_unverified,,true,false,2026-09-11
GLEN,GLEN.L,GLENl_EQ,ordinary_share,single_stock,main_market_nonuk_inc,plain,GBX,100,,0,review_share_register_and_legal_status,true,London Stock Exchange,,JE00B4T3BW64,Glencore,,,,STOCKS,JE,JE,unverified,exempt_nonuk_inc,not_verified,,candidate_not_verified,not_audited,,ordinary_share,vendor_mapping,inherited_unverified,tax_ptm_spread_slippage_unverified,,true,false,2026-09-11
GENL,GENL.L,GENLl_EQ,ordinary_share,single_stock,main_market_nonuk_inc,plain,GBX,100,,0,review_share_register_and_legal_status,true,London Stock Exchange,,JE00B55Q3P39,Genel Energy,,,,STOCKS,JE,JE,unverified,exempt_nonuk_inc,not_verified,,candidate_not_verified,not_audited,,ordinary_share,vendor_mapping,inherited_unverified,tax_ptm_spread_slippage_unverified,,true,false,2026-09-11
CRTA,CRTA.L,WANDl_EQ,ordinary_share,single_stock,aim,plain,GBX,100,,0,conditional_aim_exemption,true,London Stock Exchange AIM,,JE00B6Y3DV84,Cirata,,,,STOCKS,JE,JE,unverified,exempt_aim,not_verified,,candidate_not_verified,not_audited,,ordinary_share,vendor_mapping,inherited_unverified,tax_ptm_spread_slippage_unverified,,true,false,2026-09-11
WPP,WPP.L,WPPl_EQ,ordinary_share,single_stock,main_market_nonuk_inc,plain,GBX,100,,0,review_share_register_and_legal_status,true,London Stock Exchange,,JE00B8KF9B49,WPP,,,,STOCKS,JE,JE,unverified,exempt_nonuk_inc,not_verified,,candidate_not_verified,not_audited,,ordinary_share,vendor_mapping,inherited_unverified,tax_ptm_spread_slippage_unverified,,true,false,2026-09-11
IBAI,IBAI.L,IQAIl_EQ,ordinary_share,single_stock,main_market_nonuk_inc,plain,GBX,100,,0,review_share_register_and_legal_status,true,London Stock Exchange,,JE00BD4H0R42,Imaging Biometrics,,,,STOCKS,JE,JE,unverified,exempt_nonuk_inc,not_verified,,candidate_not_verified,not_audited,,ordinary_share,vendor_mapping,inherited_unverified,tax_ptm_spread_slippage_unverified,,true,false,2026-09-11
CMCL,CMCL.L,CMCLl_EQ,ordinary_share,single_stock,aim,plain,GBX,100,,0,conditional_aim_exemption,true,London Stock Exchange AIM,,JE00BF0XVB15,Caledonia Mining,,,,STOCKS,JE,JE,unverified,exempt_aim,not_verified,,candidate_not_verified,not_audited,,ordinary_share,vendor_mapping,inherited_unverified,tax_ptm_spread_slippage_unverified,,true,false,2026-09-11
YCA,YCA.L,YCAl_EQ,ordinary_share,single_stock,aim,plain,GBX,100,,0,conditional_aim_exemption,true,London Stock Exchange AIM,,JE00BF50RG45,Yellow Cake,,,,STOCKS,JE,JE,unverified,exempt_aim,not_verified,,candidate_not_verified,not_audited,,ordinary_share,vendor_mapping,inherited_unverified,tax_ptm_spread_slippage_unverified,,true,false,2026-09-11
PRD,PRD.L,PRDl_EQ,ordinary_share,single_stock,main_market_nonuk_inc,plain,GBX,100,,0,review_share_register_and_legal_status,true,London Stock Exchange,,JE00BFZ1D698,Predator Oil & Gas,,,,STOCKS,JE,JE,unverified,exempt_nonuk_inc,not_verified,,candidate_not_verified,not_audited,,ordinary_share,vendor_mapping,inherited_unverified,tax_ptm_spread_slippage_unverified,,true,false,2026-09-11
DISH,DISH.L,DISHl_EQ,ordinary_share,single_stock,main_market_nonuk_inc,plain,GBX,100,,0,review_share_register_and_legal_status,true,London Stock Exchange,,JE00BG12QT70,Amala Foods,,,,STOCKS,JE,JE,unverified,exempt_nonuk_inc,not_verified,,candidate_not_verified,not_audited,,ordinary_share,vendor_mapping,inherited_unverified,tax_ptm_spread_slippage_unverified,,true,false,2026-09-11
DEBS,DEBS.L,BOOHl_EQ,ordinary_share,single_stock,aim,plain,GBX,100,,0,conditional_aim_exemption,true,London Stock Exchange AIM,,JE00BG6L7297,boohoo,,,,STOCKS,JE,JE,unverified,exempt_aim,not_verified,,candidate_not_verified,not_audited,,ordinary_share,vendor_mapping,inherited_unverified,tax_ptm_spread_slippage_unverified,,true,false,2026-09-11
XLM,XLM.L,XLMl_EQ,ordinary_share,single_stock,aim,plain,GBX,100,,0,conditional_aim_exemption,true,London Stock Exchange AIM,,JE00BH6XDL31,XLMedia,,,,STOCKS,JE,JE,unverified,exempt_aim,not_verified,,candidate_not_verified,not_audited,,ordinary_share,vendor_mapping,inherited_unverified,tax_ptm_spread_slippage_unverified,,true,false,2026-09-11
EMG,EMG.L,EMGl_EQ,ordinary_share,single_stock,main_market_nonuk_inc,plain,GBX,100,,0,review_share_register_and_legal_status,true,London Stock Exchange,,JE00BJ1DLW90,Man Group,,,,STOCKS,JE,JE,unverified,exempt_nonuk_inc,not_verified,,candidate_not_verified,not_audited,,ordinary_share,vendor_mapping,inherited_unverified,tax_ptm_spread_slippage_unverified,,true,false,2026-09-11
UPL,UPL.L,UPLl_EQ,ordinary_share,single_stock,main_market_nonuk_inc,plain,GBX,100,,0,review_share_register_and_legal_status,true,London Stock Exchange,,JE00BJXN4P16,Upland Resources,,,,STOCKS,JE,JE,unverified,exempt_nonuk_inc,not_verified,,candidate_not_verified,not_audited,,ordinary_share,vendor_mapping,inherited_unverified,tax_ptm_spread_slippage_unverified,,true,false,2026-09-11
BOOM,BOOM.L,BOOMl_EQ,ordinary_share,single_stock,aim,plain,GBX,100,,0,conditional_aim_exemption,true,London Stock Exchange AIM,,JE00BJYJFG60,Audioboom,,,,STOCKS,JE,JE,unverified,exempt_aim,not_verified,,candidate_not_verified,not_audited,,ordinary_share,vendor_mapping,inherited_unverified,tax_ptm_spread_slippage_unverified,,true,false,2026-09-11
TRAC,TRAC.L,STARl_EQ,ordinary_share,single_stock,aim,plain,GBX,100,,0,conditional_aim_exemption,true,London Stock Exchange AIM,,JE00BKVDPL34,T42 LoT Tracking Solutions,,,,STOCKS,JE,JE,unverified,exempt_aim,not_verified,,candidate_not_verified,not_audited,,ordinary_share,vendor_mapping,inherited_unverified,tax_ptm_spread_slippage_unverified,,true,false,2026-09-11
BAY,BAY.L,BAYl_EQ,ordinary_share,single_stock,main_market_nonuk_inc,plain,GBX,100,,0,review_share_register_and_legal_status,true,London Stock Exchange,,JE00BKVHVW88,BAY Capital,,,,STOCKS,JE,JE,unverified,exempt_nonuk_inc,not_verified,,candidate_not_verified,not_audited,,ordinary_share,vendor_mapping,inherited_unverified,tax_ptm_spread_slippage_unverified,business_model_review,true,false,2026-09-11
VZLA,VZLA.L,REDCl_EQ,ordinary_share,single_stock,main_market_nonuk_inc,plain,GBX,100,,0,review_share_register_and_legal_status,true,London Stock Exchange,,JE00BLB56J12,Apertura Energy,,,,STOCKS,JE,JE,unverified,exempt_nonuk_inc,not_verified,,candidate_not_verified,not_audited,,ordinary_share,vendor_mapping,inherited_unverified,tax_ptm_spread_slippage_unverified,,true,false,2026-09-11
TEAM,TEAM.L,TEAMl_EQ,ordinary_share,single_stock,aim,plain,GBX,100,,0,conditional_aim_exemption,true,London Stock Exchange AIM,,JE00BM90BX45,Team,,,,STOCKS,JE,JE,unverified,exempt_aim,not_verified,,candidate_not_verified,not_audited,,ordinary_share,vendor_mapping,inherited_unverified,tax_ptm_spread_slippage_unverified,,true,false,2026-09-11
TCAP,TCAP.L,TCAPl_EQ,ordinary_share,single_stock,main_market_nonuk_inc,plain,GBX,100,,0,review_share_register_and_legal_status,true,London Stock Exchange,,JE00BMDZN391,TP ICAP,,,,STOCKS,JE,JE,unverified,exempt_nonuk_inc,not_verified,,candidate_not_verified,not_audited,,ordinary_share,vendor_mapping,inherited_unverified,tax_ptm_spread_slippage_unverified,,true,false,2026-09-11
WIZZ,WIZZ.L,WIZZl_EQ,ordinary_share,single_stock,main_market_nonuk_inc,plain,GBX,100,,0,review_share_register_and_legal_status,true,London Stock Exchange,,JE00BN574F90,Wizz Air,,,,STOCKS,JE,JE,unverified,exempt_nonuk_inc,not_verified,,candidate_not_verified,not_audited,,ordinary_share,vendor_mapping,inherited_unverified,tax_ptm_spread_slippage_unverified,,true,false,2026-09-11
AC8,AC8.L,AC8l_EQ,ordinary_share,single_stock,main_market_nonuk_inc,plain,GBX,100,,0,review_share_register_and_legal_status,true,London Stock Exchange,,JE00BNG2DL20,Acceler8 Ventures,,,,STOCKS,JE,JE,unverified,exempt_nonuk_inc,not_verified,,candidate_not_verified,not_audited,,ordinary_share,vendor_mapping,inherited_unverified,tax_ptm_spread_slippage_unverified,business_model_review,true,false,2026-09-11
SENX,SENX.L,SENXl_EQ,ordinary_share,single_stock,aim,plain,GBX,100,,0,conditional_aim_exemption,true,London Stock Exchange AIM,,JE00BNNMKT29,Serinus Energy,,,,STOCKS,JE,JE,unverified,exempt_aim,not_verified,,candidate_not_verified,not_audited,,ordinary_share,vendor_mapping,inherited_unverified,tax_ptm_spread_slippage_unverified,,true,false,2026-09-11
IX,IX.L,IX1l_EQ,ordinary_share,single_stock,aim,plain,GBX,100,,0,conditional_aim_exemption,true,London Stock Exchange AIM,,JE00BP4DVJ57,IX Net Zero,,,,STOCKS,JE,JE,unverified,exempt_aim,not_verified,,candidate_not_verified,not_audited,,ordinary_share,vendor_mapping,inherited_unverified,tax_ptm_spread_slippage_unverified,,true,false,2026-09-11
WISE,WISE.L,WISEl_EQ,ordinary_share,single_stock,main_market_nonuk_inc,plain,GBX,100,,0,review_share_register_and_legal_status,true,London Stock Exchange,,JE00BQKY0816,Wise,,,,STOCKS,JE,JE,unverified,exempt_nonuk_inc,not_verified,,candidate_not_verified,not_audited,,ordinary_share,vendor_mapping,inherited_unverified,tax_ptm_spread_slippage_unverified,,true,false,2026-09-11
GRL,GRL.L,GRLl_EQ,ordinary_share,single_stock,aim,plain,GBX,100,,0,conditional_aim_exemption,true,London Stock Exchange AIM,,JE00BRJ8YF63,Goldstone Resources,,,,STOCKS,JE,JE,unverified,exempt_aim,not_verified,,candidate_not_verified,not_audited,,ordinary_share,vendor_mapping,inherited_unverified,tax_ptm_spread_slippage_unverified,,true,false,2026-09-11
ROSE,ROSE.L,ROSEl_EQ,ordinary_share,single_stock,main_market_nonuk_inc,plain,GBX,100,,0,review_share_register_and_legal_status,true,London Stock Exchange,,JE00BSBJ5M88,Rosebank Industries,,,,STOCKS,JE,JE,unverified,exempt_nonuk_inc,not_verified,,candidate_not_verified,not_audited,,ordinary_share,vendor_mapping,inherited_unverified,tax_ptm_spread_slippage_unverified,,true,false,2026-09-11
CTL,CTL.L,CTLl_EQ,ordinary_share,single_stock,aim,plain,GBX,100,,0,conditional_aim_exemption,true,London Stock Exchange AIM,,JE00BTJ01443,Cleantech Lithium,,,,STOCKS,JE,JE,unverified,exempt_aim,not_verified,,candidate_not_verified,not_audited,,ordinary_share,vendor_mapping,inherited_unverified,tax_ptm_spread_slippage_unverified,,true,false,2026-09-11
BME,BME.L,BMEl_EQ,ordinary_share,single_stock,main_market_nonuk_inc,plain,GBX,100,,0,review_share_register_and_legal_status,true,London Stock Exchange,,JE00BVSYJW51,B&M European Value Retail,,,,STOCKS,JE,JE,unverified,exempt_nonuk_inc,not_verified,,candidate_not_verified,not_audited,,ordinary_share,vendor_mapping,inherited_unverified,tax_ptm_spread_slippage_unverified,,true,false,2026-09-11
BION,BION.L,BIONl_EQ,ordinary_share,single_stock,aim,plain,GBX,100,,0,conditional_aim_exemption,true,London Stock Exchange AIM,,JE00BYTQ7945,Bion,,,,STOCKS,JE,JE,unverified,exempt_aim,not_verified,,candidate_not_verified,not_audited,,ordinary_share,vendor_mapping,inherited_unverified,tax_ptm_spread_slippage_unverified,,true,false,2026-09-11
IWG,IWG.L,IWGl_EQ,ordinary_share,single_stock,main_market_nonuk_inc,plain,GBX,100,,0,review_share_register_and_legal_status,true,London Stock Exchange,,JE00BYVQYS01,International Workplace Group,,,,STOCKS,JE,JE,unverified,exempt_nonuk_inc,not_verified,,candidate_not_verified,not_audited,,ordinary_share,vendor_mapping,inherited_unverified,tax_ptm_spread_slippage_unverified,,true,false,2026-09-11
TRU,TRU.L,TRUl_EQ,ordinary_share,single_stock,aim,plain,GBX,100,,0,conditional_aim_exemption,true,London Stock Exchange AIM,,JE00BYVWJZ03,Trufin,,,,STOCKS,JE,JE,unverified,exempt_aim,not_verified,,candidate_not_verified,not_audited,,ordinary_share,vendor_mapping,inherited_unverified,tax_ptm_spread_slippage_unverified,,true,false,2026-09-11
GCG,GCG.L,GCGl_EQ,ordinary_share,single_stock,main_market_nonuk_inc,plain,GBX,100,,0,review_share_register_and_legal_status,true,London Stock Exchange,,JE00BYZT0R68,Golden Rock Global,,,,STOCKS,JE,JE,unverified,exempt_nonuk_inc,not_verified,,candidate_not_verified,not_audited,,ordinary_share,vendor_mapping,inherited_unverified,tax_ptm_spread_slippage_unverified,,true,false,2026-09-11
QUIZ,QUIZ.L,QUIZl_EQ,ordinary_share,single_stock,aim,plain,GBX,100,,0,conditional_aim_exemption,true,London Stock Exchange AIM,,JE00BZ00SF59,Quiz,,,,STOCKS,JE,JE,unverified,exempt_aim,not_verified,,candidate_not_verified,not_audited,,ordinary_share,vendor_mapping,inherited_unverified,tax_ptm_spread_slippage_unverified,,true,false,2026-09-11
450,450.L,WCHl_EQ,ordinary_share,single_stock,aim,plain,GBX,100,,0,conditional_aim_exemption,true,London Stock Exchange AIM,,JE00BZBYC658,450,,,,STOCKS,JE,JE,unverified,exempt_aim,not_verified,,candidate_not_verified,not_audited,,ordinary_share,vendor_mapping,inherited_unverified,tax_ptm_spread_slippage_unverified,,true,false,2026-09-11
CNG,CNG.L,CNGl_EQ,ordinary_share,single_stock,aim,plain,GBX,100,,0,conditional_aim_exemption,true,London Stock Exchange AIM,,KYG215771042,China Nonferrous Gold,,,,STOCKS,KY,KY,unverified,exempt_aim,not_verified,,candidate_not_verified,not_audited,,ordinary_share,vendor_mapping,inherited_unverified,tax_ptm_spread_slippage_unverified,,true,false,2026-09-11
FCRM,FCRM.L,FCRMl_EQ,ordinary_share,single_stock,aim,plain,GBX,100,,0,conditional_aim_exemption,true,London Stock Exchange AIM,,KYG368851047,Fulcrum Utility Services,,,,STOCKS,KY,KY,unverified,exempt_aim,not_verified,,candidate_not_verified,not_audited,,ordinary_share,vendor_mapping,inherited_unverified,tax_ptm_spread_slippage_unverified,,true,false,2026-09-11
HCM,HCM.L,HCMl_EQ,ordinary_share,single_stock,aim,plain,GBX,100,,0,conditional_aim_exemption,true,London Stock Exchange AIM,,KYG4672N1198,HUTCHMED China,,,,STOCKS,KY,KY,unverified,exempt_aim,not_verified,,candidate_not_verified,not_audited,,ordinary_share,vendor_mapping,inherited_unverified,tax_ptm_spread_slippage_unverified,,true,false,2026-09-11
MAFL,MAFL.L,MAFLl_EQ,ordinary_share,single_stock,aim,plain,GBX,100,,0,conditional_aim_exemption,true,London Stock Exchange AIM,,KYG6181G1055,Mineral & Financial Investments,,,,STOCKS,KY,KY,unverified,exempt_aim,not_verified,,candidate_not_verified,not_audited,,ordinary_share,vendor_mapping,inherited_unverified,tax_ptm_spread_slippage_unverified,business_model_review,true,false,2026-09-11
SCGL,SCGL.L,SCGLl_EQ,ordinary_share,single_stock,main_market_nonuk_inc,plain,GBX,100,,0,review_share_register_and_legal_status,true,London Stock Exchange,,KYG7948E1026,Sealand Capital Galaxy,,,,STOCKS,KY,KY,unverified,exempt_nonuk_inc,not_verified,,candidate_not_verified,not_audited,,ordinary_share,vendor_mapping,inherited_unverified,tax_ptm_spread_slippage_unverified,business_model_review,true,false,2026-09-11
VOX,VOX.L,VCBCl_EQ,ordinary_share,single_stock,main_market_nonuk_inc,plain,GBX,100,,0,review_share_register_and_legal_status,true,London Stock Exchange,,KYG9507A1094,Vox Valor Capital,,,,STOCKS,KY,KY,unverified,exempt_nonuk_inc,not_verified,,candidate_not_verified,not_audited,,ordinary_share,vendor_mapping,inherited_unverified,tax_ptm_spread_slippage_unverified,business_model_review,true,false,2026-09-11
WKS,WKS.L,WKSl_EQ,ordinary_share,single_stock,aim,plain,GBX,100,,0,conditional_aim_exemption,true,London Stock Exchange AIM,,KYG9722U1040,Winking Studios,,,,STOCKS,KY,KY,unverified,exempt_aim,not_verified,,candidate_not_verified,not_audited,,ordinary_share,vendor_mapping,inherited_unverified,tax_ptm_spread_slippage_unverified,,true,false,2026-09-11
STCM,STCM.L,STCMl_EQ,ordinary_share,single_stock,aim,plain,GBX,100,,0,conditional_aim_exemption,true,London Stock Exchange AIM,,MYA004433001,Steppe Cement,,,,STOCKS,MY,MY,unverified,exempt_aim,not_verified,,candidate_not_verified,not_audited,,ordinary_share,vendor_mapping,inherited_unverified,tax_ptm_spread_slippage_unverified,,true,false,2026-09-11
DPEU,DPEU.L,DPEUl_EQ,ordinary_share,single_stock,main_market_nonuk_inc,plain,GBX,100,,0,review_share_register_and_legal_status,true,London Stock Exchange,,NL0012328801,DP Eurasia,,,,STOCKS,NL,NL,unverified,exempt_nonuk_inc,not_verified,,candidate_not_verified,not_audited,,ordinary_share,vendor_mapping,inherited_unverified,tax_ptm_spread_slippage_unverified,,true,false,2026-09-11
RHIM,RHIM.L,RHIMl_EQ,ordinary_share,single_stock,main_market_nonuk_inc,plain,GBX,100,,0,review_share_register_and_legal_status,true,London Stock Exchange,,NL0012650360,RHI Magnesita,,,,STOCKS,NL,NL,unverified,exempt_nonuk_inc,not_verified,,candidate_not_verified,not_audited,,ordinary_share,vendor_mapping,inherited_unverified,tax_ptm_spread_slippage_unverified,,true,false,2026-09-11
MICC,MICC.L,MICCl_EQ,ordinary_share,single_stock,main_market_nonuk_inc,plain,GBX,100,,0,review_share_register_and_legal_status,true,London Stock Exchange,,NL0015002MS2,Magnum Ice Cream,,,,STOCKS,NL,NL,unverified,exempt_nonuk_inc,not_verified,,candidate_not_verified,not_audited,,ordinary_share,vendor_mapping,inherited_unverified,tax_ptm_spread_slippage_unverified,,true,false,2026-09-11
AMP,AMP.L,SAEl_EQ,ordinary_share,single_stock,aim,plain,GBX,100,,0,conditional_aim_exemption,true,London Stock Exchange AIM,,SG9999011118,Ampeak Energy,,,,STOCKS,SG,SG,unverified,exempt_aim,not_verified,,candidate_not_verified,not_audited,,ordinary_share,vendor_mapping,inherited_unverified,tax_ptm_spread_slippage_unverified,,true,false,2026-09-11
AOTI,AOTI.L,AOTIl_EQ,ordinary_share,single_stock,aim,plain,GBX,100,,0,conditional_aim_exemption,true,London Stock Exchange AIM,,US03690C1027,AOTI,,,,STOCKS,US,US,unverified,exempt_aim,not_verified,,candidate_not_verified,not_audited,,ordinary_share,vendor_mapping,inherited_unverified,tax_ptm_spread_slippage_unverified,,true,false,2026-09-11
MYX,MYX.L,MYXl_EQ,ordinary_share,single_stock,aim,plain,GBX,100,,0,conditional_aim_exemption,true,London Stock Exchange AIM,,US62847T2024,Mycelx Technologies Corp,,,,STOCKS,US,US,unverified,exempt_aim,not_verified,,candidate_not_verified,not_audited,,ordinary_share,vendor_mapping,inherited_unverified,tax_ptm_spread_slippage_unverified,,true,false,2026-09-11
PPHC,PPHC.L,PPHCl_EQ,ordinary_share,single_stock,aim,plain,GBX,100,,0,conditional_aim_exemption,true,London Stock Exchange AIM,,US7444302084,Public Policy Holding,,,,STOCKS,US,US,unverified,exempt_aim,not_verified,,candidate_not_verified,not_audited,,ordinary_share,vendor_mapping,inherited_unverified,tax_ptm_spread_slippage_unverified,,true,false,2026-09-11
SPSY,SPSY.L,SPSYl_EQ,ordinary_share,single_stock,aim,plain,GBX,100,,0,conditional_aim_exemption,true,London Stock Exchange AIM,,US84756T1060,Spectra Systems,,,,STOCKS,US,US,unverified,exempt_aim,not_verified,,candidate_not_verified,not_audited,,ordinary_share,vendor_mapping,inherited_unverified,tax_ptm_spread_slippage_unverified,,true,false,2026-09-11
DEVO,DEVO.L,DEVOl_EQ,ordinary_share,single_stock,aim,plain,GBX,100,,0,conditional_aim_exemption,true,London Stock Exchange AIM,,USU0858L1036,Devolver Digital,,,,STOCKS,US,US,unverified,exempt_aim,not_verified,,candidate_not_verified,not_audited,,ordinary_share,vendor_mapping,inherited_unverified,tax_ptm_spread_slippage_unverified,,true,false,2026-09-11
FADL,FADL.L,FADLl_EQ,ordinary_share,single_stock,aim,plain,GBX,100,,0,conditional_aim_exemption,true,London Stock Exchange AIM,,USU3033R1024,Fadel Partners,,,,STOCKS,US,US,unverified,exempt_aim,not_verified,,candidate_not_verified,not_audited,,ordinary_share,vendor_mapping,inherited_unverified,tax_ptm_spread_slippage_unverified,,true,false,2026-09-11
BOKU,BOKU.L,BOKUl_EQ,ordinary_share,single_stock,aim,plain,GBX,100,,0,conditional_aim_exemption,true,London Stock Exchange AIM,,USU7744C1063,Boku,,,,STOCKS,US,US,unverified,exempt_aim,not_verified,,candidate_not_verified,not_audited,,ordinary_share,vendor_mapping,inherited_unverified,tax_ptm_spread_slippage_unverified,,true,false,2026-09-11
SOM,SOM.L,SOMl_EQ,ordinary_share,single_stock,aim,plain,GBX,100,,0,conditional_aim_exemption,true,London Stock Exchange AIM,,USU834501038,Somero Enterprises,,,,STOCKS,US,US,unverified,exempt_aim,not_verified,,candidate_not_verified,not_audited,,ordinary_share,vendor_mapping,inherited_unverified,tax_ptm_spread_slippage_unverified,,true,false,2026-09-11
SPSC,SPSC.L,SPSCl_EQ,ordinary_share,single_stock,aim,plain,GBX,100,,0,conditional_aim_exemption,true,London Stock Exchange AIM,,USU8457D1091,Spectra Systems,,,,STOCKS,US,US,unverified,exempt_aim,not_verified,,candidate_not_verified,not_audited,,ordinary_share,vendor_mapping,inherited_unverified,tax_ptm_spread_slippage_unverified,,true,false,2026-09-11
TBLD,TBLD.L,TBLDl_EQ,ordinary_share,single_stock,aim,plain,GBX,100,,0,conditional_aim_exemption,true,London Stock Exchange AIM,,USU8884H1033,Tinybuild,,,,STOCKS,US,US,unverified,exempt_aim,not_verified,,candidate_not_verified,not_audited,,ordinary_share,vendor_mapping,inherited_unverified,tax_ptm_spread_slippage_unverified,,true,false,2026-09-11
ADVT,ADVT.L,ADVTl_EQ,ordinary_share,single_stock,aim,plain,GBX,100,,0,conditional_aim_exemption,true,London Stock Exchange AIM,,VGG0103J1075,AdvancedAdvT,,,,STOCKS,VG,VG,unverified,exempt_aim,not_verified,,candidate_not_verified,not_audited,,ordinary_share,vendor_mapping,inherited_unverified,tax_ptm_spread_slippage_unverified,,true,false,2026-09-11
UFO,UFO.L,UFOl_EQ,ordinary_share,single_stock,aim,plain,GBX,100,,0,conditional_aim_exemption,true,London Stock Exchange AIM,,VGG017351021,Alien Metals,,,,STOCKS,VG,VG,unverified,exempt_aim,not_verified,,candidate_not_verified,not_audited,,ordinary_share,vendor_mapping,inherited_unverified,tax_ptm_spread_slippage_unverified,,true,false,2026-09-11
CRTX,CRTX.L,AMCl_EQ,ordinary_share,single_stock,aim,plain,GBX,100,,0,conditional_aim_exemption,true,London Stock Exchange AIM,,VGG042401262,Crism Therapeutics,,,,STOCKS,VG,VG,unverified,exempt_aim,not_verified,,candidate_not_verified,not_audited,,ordinary_share,vendor_mapping,inherited_unverified,tax_ptm_spread_slippage_unverified,,true,false,2026-09-11
ARCM,ARCM.L,ARCMl_EQ,ordinary_share,single_stock,aim,plain,GBX,100,,0,conditional_aim_exemption,true,London Stock Exchange AIM,,VGG045791016,Arc Minerals,,,,STOCKS,VG,VG,unverified,exempt_aim,not_verified,,candidate_not_verified,not_audited,,ordinary_share,vendor_mapping,inherited_unverified,tax_ptm_spread_slippage_unverified,,true,false,2026-09-11
BHL,BHL.L,BHLl_EQ,ordinary_share,single_stock,aim,plain,GBX,100,,0,conditional_aim_exemption,true,London Stock Exchange AIM,,VGG154091083,Bradda Head Lithium,,,,STOCKS,VG,VG,unverified,exempt_aim,not_verified,,candidate_not_verified,not_audited,,ordinary_share,vendor_mapping,inherited_unverified,tax_ptm_spread_slippage_unverified,,true,false,2026-09-11
CGH,CGH.L,CGHl_EQ,ordinary_share,single_stock,aim,plain,GBX,100,,0,conditional_aim_exemption,true,London Stock Exchange AIM,,VGG203461055,Chaarat Gold,,,,STOCKS,VG,VG,unverified,exempt_aim,not_verified,,candidate_not_verified,not_audited,,ordinary_share,vendor_mapping,inherited_unverified,tax_ptm_spread_slippage_unverified,,true,false,2026-09-11
CORA,CORA.L,CORAl_EQ,ordinary_share,single_stock,aim,plain,GBX,100,,0,conditional_aim_exemption,true,London Stock Exchange AIM,,VGG2423W1077,Cora Gold,,,,STOCKS,VG,VG,unverified,exempt_aim,not_verified,,candidate_not_verified,not_audited,,ordinary_share,vendor_mapping,inherited_unverified,tax_ptm_spread_slippage_unverified,,true,false,2026-09-11
EEE,EEE.L,EEEl_EQ,ordinary_share,single_stock,aim,plain,GBX,100,,0,conditional_aim_exemption,true,London Stock Exchange AIM,,VGG3036T1012,Empire Metals,,,,STOCKS,VG,VG,unverified,exempt_aim,not_verified,,candidate_not_verified,not_audited,,ordinary_share,vendor_mapping,inherited_unverified,tax_ptm_spread_slippage_unverified,,true,false,2026-09-11
CHL,CHL.L,FLXl_EQ,ordinary_share,single_stock,aim,plain,GBX,100,,0,conditional_aim_exemption,true,London Stock Exchange AIM,,VGG3338A1158,Cloudified Holdings,,,,STOCKS,VG,VG,unverified,exempt_aim,not_verified,,candidate_not_verified,not_audited,,ordinary_share,vendor_mapping,inherited_unverified,tax_ptm_spread_slippage_unverified,,true,false,2026-09-11
HE1,HE1.L,HE1l_EQ,ordinary_share,single_stock,aim,plain,GBX,100,,0,conditional_aim_exemption,true,London Stock Exchange AIM,,VGG4392T1075,Helium One Global,,,,STOCKS,VG,VG,unverified,exempt_aim,not_verified,,candidate_not_verified,not_audited,,ordinary_share,vendor_mapping,inherited_unverified,tax_ptm_spread_slippage_unverified,,true,false,2026-09-11
LIV,LIV.L,LIVl_EQ,ordinary_share,single_stock,aim,plain,GBX,100,,0,conditional_aim_exemption,true,London Stock Exchange AIM,,VGG550931015,Livermore Investments,,,,STOCKS,VG,VG,unverified,exempt_aim,not_verified,,candidate_not_verified,not_audited,,ordinary_share,vendor_mapping,inherited_unverified,tax_ptm_spread_slippage_unverified,business_model_review,true,false,2026-09-11
SGN,SGN.L,NCCLl_EQ,ordinary_share,single_stock,aim,plain,GBX,100,,0,conditional_aim_exemption,true,London Stock Exchange AIM,,VGG640631039,Solgenics,,,,STOCKS,VG,VG,unverified,exempt_aim,not_verified,,candidate_not_verified,not_audited,,ordinary_share,vendor_mapping,inherited_unverified,tax_ptm_spread_slippage_unverified,,true,false,2026-09-11
PXC,PXC.L,PXCl_EQ,ordinary_share,single_stock,aim,plain,GBX,100,,0,conditional_aim_exemption,true,London Stock Exchange AIM,,VGG7060R1139,Phoenix Copper,,,,STOCKS,VG,VG,unverified,exempt_aim,not_verified,,candidate_not_verified,not_audited,,ordinary_share,vendor_mapping,inherited_unverified,tax_ptm_spread_slippage_unverified,,true,false,2026-09-11
PREM,PREM.L,PREMl_EQ,ordinary_share,single_stock,aim,plain,GBX,100,,0,conditional_aim_exemption,true,London Stock Exchange AIM,,VGG7223M1187,Premier African Minerals,,,,STOCKS,VG,VG,unverified,exempt_aim,not_verified,,candidate_not_verified,not_audited,,ordinary_share,vendor_mapping,inherited_unverified,tax_ptm_spread_slippage_unverified,,true,false,2026-09-11
URU,URU.L,URUl_EQ,ordinary_share,single_stock,aim,plain,GBX,100,,0,conditional_aim_exemption,true,London Stock Exchange AIM,,VGG930042012,URU Metals,,,,STOCKS,VG,VG,unverified,exempt_aim,not_verified,,candidate_not_verified,not_audited,,ordinary_share,vendor_mapping,inherited_unverified,tax_ptm_spread_slippage_unverified,,true,false,2026-09-11
ZIOC,ZIOC.L,ZIOCl_EQ,ordinary_share,single_stock,aim,plain,GBX,100,,0,conditional_aim_exemption,true,London Stock Exchange AIM,,VGG9888M1023,Zanaga Iron Ore,,,,STOCKS,VG,VG,unverified,exempt_aim,not_verified,,candidate_not_verified,not_audited,,ordinary_share,vendor_mapping,inherited_unverified,tax_ptm_spread_slippage_unverified,,true,false,2026-09-11
ZAM,ZAM.L,ZAMl_EQ,ordinary_share,single_stock,aim,plain,GBX,100,,0,conditional_aim_exemption,true,London Stock Exchange AIM,,ZM0000000201,Zambeef Products,,,,STOCKS,ZM,ZM,unverified,exempt_aim,not_verified,,candidate_not_verified,not_audited,,ordinary_share,vendor_mapping,inherited_unverified,tax_ptm_spread_slippage_unverified,,true,false,2026-09-11
